source_id,type,title,status,reason
4,page,Veranstaltungen,imported,SourceReference tracked
6,page,Über Merching,imported,SourceReference tracked
8,page,Aktuelles,imported,SourceReference tracked
10,page,Bürgerservice,imported,SourceReference tracked
12,page,Handel & Gewerbe,imported,SourceReference tracked
14,page,Freizeit,imported,SourceReference tracked
20,page,Verwaltung: Adressen und Öffnungszeiten,imported,SourceReference tracked
22,page,Lage & Anfahrt,imported,SourceReference tracked
24,page,Impressum,imported,SourceReference tracked
26,page,Inhaltsverzeichnis,imported,SourceReference tracked
51,page,Willkommen in Merching,imported,SourceReference tracked
56,page,Weitere Downloads,imported,SourceReference tracked
6877,attachment,cropped-Wappen-alternativ.png,imported,SourceReference tracked
88,attachment,Kirche Merching,intentionally skipped,Only verified public referenced originals are imported; unreferenced/private-parent backup attachments are not auto-published
92,page,Grußwort des 1. Bürgermeisters,imported,SourceReference tracked
129,attachment,Freizeit am Mandichosee,intentionally skipped,Only verified public referenced originals are imported; unreferenced/private-parent backup attachments are not auto-published
131,attachment,Freizeit am Mandichosee,intentionally skipped,Only verified public referenced originals are imported; unreferenced/private-parent backup attachments are not auto-published
138,page,eMail-Formular,imported,SourceReference tracked
178,attachment,Wappen freigestellt,imported,SourceReference tracked
212,page,Gemeinderat,imported,SourceReference tracked
222,page,Bürgerservice von A-Z,imported,SourceReference tracked
224,page,Lebenslagen,imported,SourceReference tracked
227,page,Ortsrecht,imported,SourceReference tracked
231,page,Geografische Lage,imported,SourceReference tracked
233,page,Verkehrsanbindung,imported,SourceReference tracked
235,page,Standorterschließung,imported,SourceReference tracked
237,page,Nutzungskonzept,imported,SourceReference tracked
241,page,Weitere Standortfaktoren,imported,SourceReference tracked
249,page,Vereine,imported,SourceReference tracked
251,page,Infrastruktur,imported,SourceReference tracked
255,page,Badeseen,imported,SourceReference tracked
257,page,Formulare,imported,SourceReference tracked
273,page,Interessante Links im Web,imported,SourceReference tracked
280,attachment,Das Rathaus in Merching,intentionally skipped,Only verified public referenced originals are imported; unreferenced/private-parent backup attachments are not auto-published
296,page,"Eheschließung, Geburt, Sterbefall",imported,SourceReference tracked
300,page,Ein Umzug steht bevor,imported,SourceReference tracked
302,page,Wertstoffsammlung,imported,SourceReference tracked
310,page,Personalausweis,imported,SourceReference tracked
311,attachment,Ausweisportal,imported,SourceReference tracked
336,attachment,Ortsrecht der Gemeinde Merching,intentionally skipped,Only verified public referenced originals are imported; unreferenced/private-parent backup attachments are not auto-published
344,page,BayernAtlas,imported,SourceReference tracked
345,attachment,BayernViewer des Landesamtes für Vermessung und Geoinformation,intentionally skipped,Only verified public referenced originals are imported; unreferenced/private-parent backup attachments are not auto-published
353,page,Gemeindekurier und Bürgerinformationen,imported,SourceReference tracked
354,attachment,Gemeindekurier Merching,imported,SourceReference tracked
376,attachment,Rathaus der Gemeinde Merching,intentionally skipped,Only verified public referenced originals are imported; unreferenced/private-parent backup attachments are not auto-published
382,page,Aus Merching,imported,SourceReference tracked
385,page,Aus dem Landratsamt und anderen Behörden,imported,SourceReference tracked
390,page,Aus dem Rathaus,imported,SourceReference tracked
396,attachment,Ortsrecht Gemeinde Merching,imported,SourceReference tracked
415,page,Gastronomiebetriebe,imported,SourceReference tracked
406,attachment,logo_raiba,intentionally skipped,Only verified public referenced originals are imported; unreferenced/private-parent backup attachments are not auto-published
407,attachment,logo_sska,intentionally skipped,Only verified public referenced originals are imported; unreferenced/private-parent backup attachments are not auto-published
427,attachment,Lage von Merching,imported,SourceReference tracked
441,page,Ratsinformation Gemeinderat und Schulverbände,imported,SourceReference tracked
449,attachment,Gewerbepark Am Lerchenberg - Gemeinde Merching,intentionally skipped,Only verified public referenced originals are imported; unreferenced/private-parent backup attachments are not auto-published
451,attachment,Gewerbepark Am Lerchenberg - Gemeinde Merching,intentionally skipped,Only verified public referenced originals are imported; unreferenced/private-parent backup attachments are not auto-published
9958,attachment,Logo Merchinger Advent,intentionally skipped,Only verified public referenced originals are imported; unreferenced/private-parent backup attachments are not auto-published
9959,attachment,Advent-2010-neu,intentionally skipped,Only verified public referenced originals are imported; unreferenced/private-parent backup attachments are not auto-published
2316,page,Kinder und Jugend,imported,SourceReference tracked
542,page,Unsere Stellenanzeigen,imported,SourceReference tracked
547,page,Bildergalerien aus Merching,imported,SourceReference tracked
553,attachment,Rathaus Merching,intentionally skipped,Only verified public referenced originals are imported; unreferenced/private-parent backup attachments are not auto-published
9964,attachment,1. JUP-Kongress 11-2025,intentionally skipped,Only verified public referenced originals are imported; unreferenced/private-parent backup attachments are not auto-published
670,page,Öffentliche Bekanntmachungen,imported,SourceReference tracked
718,attachment,Schule Merching,imported,SourceReference tracked
719,attachment,Feuerwehrhaus Merching,intentionally skipped,Only verified public referenced originals are imported; unreferenced/private-parent backup attachments are not auto-published
720,attachment,Mandichosee,imported,SourceReference tracked
727,attachment,Rathaus Merching,imported,SourceReference tracked
734,attachment,Maibaum,imported,SourceReference tracked
736,attachment,Felder am Ortsrand von Merching,imported,SourceReference tracked
761,attachment,Fahrzeug der freiwilligen Feuerwehr Merching,imported,SourceReference tracked
9239,wpdmpro,GSV - HH 6 Anlagen 2026,imported,SourceReference tracked
9240,wpdmpro,MSV - HH 0 Deckblatt 2026,imported,SourceReference tracked
810,page,Reisepass,imported,SourceReference tracked
989,attachment,Dokumentation für die Wordpress Bedienung für Autoren und Redakteure,intentionally skipped,Only verified public referenced originals are imported; unreferenced/private-parent backup attachments are not auto-published
995,attachment,slideshow,intentionally skipped,Only verified public referenced originals are imported; unreferenced/private-parent backup attachments are not auto-published
1002,attachment,link-kategorien,intentionally skipped,Only verified public referenced originals are imported; unreferenced/private-parent backup attachments are not auto-published
1003,attachment,link-kategorien,intentionally skipped,Only verified public referenced originals are imported; unreferenced/private-parent backup attachments are not auto-published
1007,attachment,Artikelkategorien,intentionally skipped,Only verified public referenced originals are imported; unreferenced/private-parent backup attachments are not auto-published
1011,attachment,Liste der Tabellen,intentionally skipped,Only verified public referenced originals are imported; unreferenced/private-parent backup attachments are not auto-published
1012,attachment,Liste der Tabellen,intentionally skipped,Only verified public referenced originals are imported; unreferenced/private-parent backup attachments are not auto-published
1014,attachment,Filebase Kategorien,intentionally skipped,Only verified public referenced originals are imported; unreferenced/private-parent backup attachments are not auto-published
10156,post,Bekanntmachung über die Eintragungsmöglichkeiten in Unterstützungslisten,imported,SourceReference tracked
1077,attachment,Urnenstelen,intentionally skipped,Only verified public referenced originals are imported; unreferenced/private-parent backup attachments are not auto-published
1081,attachment,BayernAtlas,imported,SourceReference tracked
1191,attachment,Screenshot: Unsere neue Homepage ist Online,intentionally skipped,Only verified public referenced originals are imported; unreferenced/private-parent backup attachments are not auto-published
1247,attachment,Merchinger Advent 2011 005,intentionally skipped,Only verified public referenced originals are imported; unreferenced/private-parent backup attachments are not auto-published
9980,attachment,Unternehmenssatzung für das Kommunalunternehmen Merching vom 16.09.2025,intentionally skipped,Only verified public referenced originals are imported; unreferenced/private-parent backup attachments are not auto-published
10790,wpdmpro,Bestattung - Satzung über die öffentl. Bestattungseinrichtung der Gemeinde Merching vom 17.07.2026 - gültig ab 01.01.2027,imported,SourceReference tracked
10253,attachment,BP_Nr34_Östl._der_Nebelhornstraße_1Änd_Textteil_m_VV_20251211,intentionally skipped,Only verified public referenced originals are imported; unreferenced/private-parent backup attachments are not auto-published
10254,post,Bekanntmachungen zur 1. Änderung des Bebauungsplanes Nr. 34 - Östlich der Nebelhornstraße,imported,SourceReference tracked
1578,attachment,Kombimandat Gemeinde Merching,intentionally skipped,Only verified public referenced originals are imported; unreferenced/private-parent backup attachments are not auto-published
1579,attachment,Kombimandat Grundschulverband,intentionally skipped,Only verified public referenced originals are imported; unreferenced/private-parent backup attachments are not auto-published
1580,attachment,Kombimandat Mittelschulverband,intentionally skipped,Only verified public referenced originals are imported; unreferenced/private-parent backup attachments are not auto-published
1581,attachment,Mandat Gemeinde Merching,intentionally skipped,Only verified public referenced originals are imported; unreferenced/private-parent backup attachments are not auto-published
1582,attachment,Mandat Grundschulverband,imported,SourceReference tracked
1583,attachment,Mandat Mittelschulverband,imported,SourceReference tracked
9978,wpdmpro,Unternehmenssatzung für das Kommunalunternehmen Merching vom 16.09.2025,imported,SourceReference tracked
9979,attachment,Unternehmenssatzung für das Kommunalunternemen Merching vom 16.09.2025,intentionally skipped,Only verified public referenced originals are imported; unreferenced/private-parent backup attachments are not auto-published
1987,page,"Führungszeugnis, Auskunft aus dem Gewerbezentralregister",imported,SourceReference tracked
1999,page,Flächennutzungsplan - Bebauungspläne,imported,SourceReference tracked
2025,tablepress_table,Adressen,converted or intentionally skipped,See tablepress.csv: structured rows / controlled table / unused helper
2026,tablepress_table,!! Buergerservice-obsolet,converted or intentionally skipped,See tablepress.csv: structured rows / controlled table / unused helper
2027,tablepress_table,Gewerbetreibende,converted or intentionally skipped,See tablepress.csv: structured rows / controlled table / unused helper
2028,tablepress_table,Vereine,converted or intentionally skipped,See tablepress.csv: structured rows / controlled table / unused helper
2029,tablepress_table,Bürgerservice von A-Z,converted or intentionally skipped,See tablepress.csv: structured rows / controlled table / unused helper
2093,attachment,Logo_Energieatlas,imported,SourceReference tracked
10272,attachment,Merching-Ablauf-3,intentionally skipped,Only verified public referenced originals are imported; unreferenced/private-parent backup attachments are not auto-published
10273,attachment,Merching-Ablauf-2,intentionally skipped,Only verified public referenced originals are imported; unreferenced/private-parent backup attachments are not auto-published
10164,attachment,BGS_EWS_2026 Homepage NEU,intentionally skipped,Only verified public referenced originals are imported; unreferenced/private-parent backup attachments are not auto-published
10040,attachment,2025_Plakat_Wärmepumpe_Althegnenberg,intentionally skipped,Only verified public referenced originals are imported; unreferenced/private-parent backup attachments are not auto-published
2284,post,"Häuserbuch ""Im Wandel der Zeit"" im Rathaus erhältlich",imported,SourceReference tracked
10786,attachment,Bekanntmachung Friedhofs- und Bestattungssatzung ab 01.01.2027,imported,SourceReference tracked
10248,attachment,1.Änderung BP 34 östl. Nebelhornstr. Bekanntmachung Satzungsbeschluss,intentionally skipped,Only verified public referenced originals are imported; unreferenced/private-parent backup attachments are not auto-published
10837,attachment,"Bestattungsgebührensatzung, ab 2027_Homepage",imported,SourceReference tracked
10788,wpdmpro,Bekanntmachung der Gebührensatzung zur Friedhofs- und Bestattungssatzung ab 01.01.2027,imported,SourceReference tracked
10789,attachment,Bekanntmachung Satzung GBS_BES ab 01.01.2027,imported,SourceReference tracked
10251,attachment,BP_Nr34_Östl._der_Nebelhornstraße_1Änd_Begründung_20251211,intentionally skipped,Only verified public referenced originals are imported; unreferenced/private-parent backup attachments are not auto-published
2376,attachment,post-expirator,intentionally skipped,Only verified public referenced originals are imported; unreferenced/private-parent backup attachments are not auto-published
2378,attachment,post-expirator2,intentionally skipped,Only verified public referenced originals are imported; unreferenced/private-parent backup attachments are not auto-published
7566,attachment,Amtsblatt 05-2023=Jahrg. 78 Nr. 05,intentionally skipped,Only verified public referenced originals are imported; unreferenced/private-parent backup attachments are not auto-published
7568,attachment,Amtsblatt 03-2023=Jahrg. 78 Nr. 3,intentionally skipped,Only verified public referenced originals are imported; unreferenced/private-parent backup attachments are not auto-published
2799,attachment,Gewerbeeintraege-mit-connections-anlegen-mit-homepage,intentionally skipped,Only verified public referenced originals are imported; unreferenced/private-parent backup attachments are not auto-published
2800,attachment,Gewerbeeintraege-mit-connections-anlegen-ohne-eigene-homepage-1,intentionally skipped,Only verified public referenced originals are imported; unreferenced/private-parent backup attachments are not auto-published
2801,attachment,Gewerbeeintraege-mit-connections-anlegen-ohne-eigene-homepage-2,intentionally skipped,Only verified public referenced originals are imported; unreferenced/private-parent backup attachments are not auto-published
2802,attachment,Gewerbeeintraege-mit-connections-verwalten,intentionally skipped,Only verified public referenced originals are imported; unreferenced/private-parent backup attachments are not auto-published
2847,page,Bürgerserviceportal,imported,SourceReference tracked
2850,attachment,BSP_Logo_180,imported,SourceReference tracked
3068,attachment,Logo Bürgernetz,intentionally skipped,Only verified public referenced originals are imported; unreferenced/private-parent backup attachments are not auto-published
7777,attachment,Amtsblatt 07-2023=Jahrg. 78 Nr. 07,intentionally skipped,Only verified public referenced originals are imported; unreferenced/private-parent backup attachments are not auto-published
10693,attachment,Helfer-Markus-klein,imported,SourceReference tracked
9977,attachment,Bekanntmachung Satzung für das Kommunalunternehmen Merching vom 16.09.2025,imported,SourceReference tracked
9017,attachment,Heimatprojekt_Textvorschlag_Website,intentionally skipped,Only verified public referenced originals are imported; unreferenced/private-parent backup attachments are not auto-published
9018,attachment,Bürgerbefragung_Druckformat,intentionally skipped,Only verified public referenced originals are imported; unreferenced/private-parent backup attachments are not auto-published
3658,page,Datenschutzerklärung,imported,SourceReference tracked
7617,attachment,Aufhebung_BP_Nr3a_Anschreiben_TÖB_Bet_20230601,intentionally skipped,Only verified public referenced originals are imported; unreferenced/private-parent backup attachments are not auto-published
3736,attachment,Logo Hochwasser,imported,SourceReference tracked
3868,link_library_links,Bauwasserbezugsvertrag,merged or review,"Local document/URL identity preserved, external resources imported; see preparation-review.csv"
3867,link_library_links,Unternehmens- und Gründerberatung im Landratsamt Aichach-Friedberg,imported,SourceReference tracked
3866,link_library_links,"Vollmacht zur Abholung von Dokumenten (Reisepass, Personalausweis)",imported,SourceReference tracked
3865,link_library_links,Wohnungsgeberbestätigung zur Vorlage bei der Meldebehörde,imported,SourceReference tracked
3864,link_library_links,Zustimmungserklärung bei Personalausweis- und Passanträgen,imported,SourceReference tracked
3863,link_library_links,Energieatlas Bayern,imported,SourceReference tracked
3861,link_library_links,SEPA-Mandat Mittelschulverband,merged or review,"Local document/URL identity preserved, external resources imported; see preparation-review.csv"
3862,link_library_links,SEPA-Mandat Grundschulverband,merged or review,"Local document/URL identity preserved, external resources imported; see preparation-review.csv"
3860,link_library_links,"""Klimaschutz"" des Landratsamtes Aichach-Friedberg",imported,SourceReference tracked
3859,link_library_links,Formulare zur Steuererklärung,imported,SourceReference tracked
3857,link_library_links,Formulare der Deutschen Rentenversicherung,imported,SourceReference tracked
3856,link_library_links,Bayerischer Behördenwegweiser,imported,SourceReference tracked
3853,link_library_links,Verdienstbescheinigung,imported,SourceReference tracked
3854,link_library_links,Landkreis Aichach Friedberg,imported,SourceReference tracked
3855,link_library_links,"Verkehrssicherheitsprogramm 2020 ""Bayern mobil sicher ans Ziel""",imported,SourceReference tracked
3851,link_library_links,Hundesteuer: Anmeldung und Abmeldung,imported,SourceReference tracked
3849,link_library_links,Antrag auf Stundung oder Ratenzahlung,imported,SourceReference tracked
3848,link_library_links,Pachtvertrag für Grundstücke,imported,SourceReference tracked
3846,link_library_links,Mietbescheinigung,imported,SourceReference tracked
3847,link_library_links,Mietvertrag,imported,SourceReference tracked
3845,link_library_links,Aufstellung der in Betracht kommenden Unterlagen zum Antrag auf Wohngeld (Miet- oder Lastenzuschuss),imported,SourceReference tracked
3844,link_library_links,Angaben des Vermieters zum Wohnraum,imported,SourceReference tracked
3843,link_library_links,Antrag auf Erteilung einer Genehmigung für Versetzung/Errichtung/Grabmal/Grabplatte/Einfriedung/Wahlgrab/Reihengrab,imported,SourceReference tracked
3842,link_library_links,Antrag auf Erstattung von Verdienstausfall im Feuerwehrdienst,imported,SourceReference tracked
3841,link_library_links,Antrag auf Gastschul-Besuch,imported,SourceReference tracked
3840,link_library_links,Merkblatt für das Gaststättengewerbe,imported,SourceReference tracked
3839,link_library_links,Gewerbe-Abmeldung nach § 14 GewO oder § 55 c GewO,imported,SourceReference tracked
3838,link_library_links,Gewerbe-Ummeldung nach § 14 GewO oder § 55 c GewO,imported,SourceReference tracked
3837,link_library_links,Gewerbe-Anmeldung nach § 14 GewO oder § 55 c GewO,imported,SourceReference tracked
3836,link_library_links,Beiblatt zur Gewerbe- Anmeldung Ummeldung Abmeldung,imported,SourceReference tracked
3835,link_library_links,Antrag auf Auskunft aus dem Gewerbezentralregister,imported,SourceReference tracked
3824,link_library_links,Leitfaden für den sicheren Umgang mit Lebensmitteln,imported,SourceReference tracked
3823,link_library_links,Jugendschutzgesetz (JuSchG),imported,SourceReference tracked
3822,link_library_links,Anzeige einer öffentlichen Veranstaltung,imported,SourceReference tracked
3821,link_library_links,Antrag auf Gestattung eines vorübergehenden Gaststättenbetriebes aus besonderem Anlass nach § 12 Gaststättengesetz,imported,SourceReference tracked
3820,link_library_links,Antrag auf Genehmigung zum Abbrennen eines Feuerwerks gem. § 24 Abs. 1 der Ersten Verordnung zum Sprengstoffgesetz,imported,SourceReference tracked
3819,link_library_links,Einrichtung einer Auskunfts- bzw. Übermittlungssperre,imported,SourceReference tracked
3817,link_library_links,Abmeldung bei der Meldebehörde,imported,SourceReference tracked
3818,link_library_links,Anmeldung bei der Meldebehörde – Umzugsmeldung –,imported,SourceReference tracked
3816,link_library_links,Bayerische Regiobahn,imported,SourceReference tracked
3815,link_library_links,Das Wittelsbacher Land,imported,SourceReference tracked
3813,link_library_links,Anmeldung bei der Meldebehörde,imported,SourceReference tracked
3814,link_library_links,Antrag auf Anordnung verkehrsregelnder Maßnahmen nach §45 Straßenverkehrs-Ordnung (StVO),imported,SourceReference tracked
3812,link_library_links,AVV Fahrplanauskunft,imported,SourceReference tracked
3869,link_library_links,Antrag auf Wasserbezug - Einbau eines Wasserzählers,merged or review,"Local document/URL identity preserved, external resources imported; see preparation-review.csv"
3872,link_library_links,https://www.gemeinde-merching.de/buergerservice/gemeinderat/,merged or review,"Local document/URL identity preserved, external resources imported; see preparation-review.csv"
3873,link_library_links,Anmeldung eines Gartenwasserzählers,merged or review,"Local document/URL identity preserved, external resources imported; see preparation-review.csv"
3874,link_library_links,Hochwasser-Info,imported,SourceReference tracked
3942,attachment,Logo Advent,intentionally skipped,Only verified public referenced originals are imported; unreferenced/private-parent backup attachments are not auto-published
4016,attachment,Vordruck_Bauplatzbewerbung,intentionally skipped,Only verified public referenced originals are imported; unreferenced/private-parent backup attachments are not auto-published
10382,attachment,Merchinger Ramadama 2026 PDF,intentionally skipped,Only verified public referenced originals are imported; unreferenced/private-parent backup attachments are not auto-published
10364,attachment,Merchinger Rama Dama 2026,intentionally skipped,Only verified public referenced originals are imported; unreferenced/private-parent backup attachments are not auto-published
4096,link_library_links,Wittelsbacher Land e.V.,imported,SourceReference tracked
10479,attachment,Screenshot 2026-04-08 095702 Solaroffensive LRA 04_26,imported,SourceReference tracked
9055,post,Gemeindekurier Sommer 2026,imported,SourceReference tracked
9056,attachment,Gemeindekurier Herbst 2024 f. Homepage,intentionally skipped,Only verified public referenced originals are imported; unreferenced/private-parent backup attachments are not auto-published
4149,link_library_links,Energieberatung Landkreis Aichach-Friedberg,imported,SourceReference tracked
4152,attachment,httpswww.gemeinde-merching.dewpfilebase_thumbnail1fid359nameEnergieberatung_Landkreis_Aichach-Friedberg_Typo_schwarz_RGB_klein.jpg,intentionally skipped,Only verified public referenced originals are imported; unreferenced/private-parent backup attachments are not auto-published
7607,attachment,Vorkaufsrechtssatzung,intentionally skipped,Only verified public referenced originals are imported; unreferenced/private-parent backup attachments are not auto-published
7605,attachment,Satzung 30.05.2023,intentionally skipped,Only verified public referenced originals are imported; unreferenced/private-parent backup attachments are not auto-published
8006,attachment,Albrecht-Sofie-klein,intentionally skipped,Only verified public referenced originals are imported; unreferenced/private-parent backup attachments are not auto-published
10245,wpdmpro,Bürgertelefon Krebs,imported,SourceReference tracked
10246,attachment,BZKF_BürgerTelefonKrebs v. F. Hagen,imported,SourceReference tracked
8134,post,Abschaffung des Kinderreisepasses zum 1. Januar 2024,imported,SourceReference tracked
9014,post,Grundsteuer ab 2025,imported,SourceReference tracked
8132,wpdmpro,Abschaffung des Kinderreisepasses zum 01.01.2024,imported,SourceReference tracked
8133,attachment,Abschaffung des Kinderreisepasses zum 01.01.2024,imported,SourceReference tracked
4401,link_library_links,Antrag auf Erteilung einer Ausnahmegenehmigung gem. § 46 Abs. 1 Nr. 8 StVO für Inanspruchnahme von öffentl. Verkehrsgrund (§ 32 StVO),imported,SourceReference tracked
7608,wpdmpro,"Satzung über das besondere Vorkaufsrecht d. Gemeinde Merching f. den Bereich d. Fl.Nr. 88/1, 90 und 93/3 d. Gemarkung Merching",imported,SourceReference tracked
7609,attachment,Vorkaufsrechtssatzung,imported,SourceReference tracked
10017,attachment,Aufruf Kunstförderpreis,intentionally skipped,Only verified public referenced originals are imported; unreferenced/private-parent backup attachments are not auto-published
4535,attachment,1. Bürgermeister Helmut Luichtl,imported,SourceReference tracked
4544,attachment,1. Bürgermeister Helmut Luichtl,intentionally skipped,Only verified public referenced originals are imported; unreferenced/private-parent backup attachments are not auto-published
4545,attachment,2-Teifelhart2,intentionally skipped,Only verified public referenced originals are imported; unreferenced/private-parent backup attachments are not auto-published
4546,attachment,6-Greipel2,intentionally skipped,Only verified public referenced originals are imported; unreferenced/private-parent backup attachments are not auto-published
4547,attachment,4-Mayr2,intentionally skipped,Only verified public referenced originals are imported; unreferenced/private-parent backup attachments are not auto-published
4548,attachment,15-Dittebrand2,intentionally skipped,Only verified public referenced originals are imported; unreferenced/private-parent backup attachments are not auto-published
4549,attachment,14-Schwarz2,intentionally skipped,Only verified public referenced originals are imported; unreferenced/private-parent backup attachments are not auto-published
4550,attachment,7_15Wecker_Martin,intentionally skipped,Only verified public referenced originals are imported; unreferenced/private-parent backup attachments are not auto-published
4551,attachment,7_0Storch,intentionally skipped,Only verified public referenced originals are imported; unreferenced/private-parent backup attachments are not auto-published
4552,attachment,7_2Eckmann,intentionally skipped,Only verified public referenced originals are imported; unreferenced/private-parent backup attachments are not auto-published
4553,attachment,7_3Failer Josef,intentionally skipped,Only verified public referenced originals are imported; unreferenced/private-parent backup attachments are not auto-published
4554,attachment,7_4Failer_Christian,intentionally skipped,Only verified public referenced originals are imported; unreferenced/private-parent backup attachments are not auto-published
4555,attachment,7_7Lutz,intentionally skipped,Only verified public referenced originals are imported; unreferenced/private-parent backup attachments are not auto-published
4556,attachment,7_12Scheibenbogen,intentionally skipped,Only verified public referenced originals are imported; unreferenced/private-parent backup attachments are not auto-published
4557,attachment,7_14Waitzmann,intentionally skipped,Only verified public referenced originals are imported; unreferenced/private-parent backup attachments are not auto-published
4558,attachment,3_Wolfgang_Schlagenhauf_400,intentionally skipped,Only verified public referenced originals are imported; unreferenced/private-parent backup attachments are not auto-published
4559,attachment,1_Robert_Graf_400,intentionally skipped,Only verified public referenced originals are imported; unreferenced/private-parent backup attachments are not auto-published
4565,attachment,7_3Failer Josef_klein,imported,SourceReference tracked
4566,attachment,7_4Failer_Christian_klein,intentionally skipped,Only verified public referenced originals are imported; unreferenced/private-parent backup attachments are not auto-published
4567,attachment,7_7Lutz_klein,imported,SourceReference tracked
4568,attachment,7_12Scheibenbogen_klein,intentionally skipped,Only verified public referenced originals are imported; unreferenced/private-parent backup attachments are not auto-published
4569,attachment,7_14Waitzmann_klein,intentionally skipped,Only verified public referenced originals are imported; unreferenced/private-parent backup attachments are not auto-published
4570,attachment,7_15Wecker_Martin_klein,intentionally skipped,Only verified public referenced originals are imported; unreferenced/private-parent backup attachments are not auto-published
4571,attachment,14-Schwarz2_klein,intentionally skipped,Only verified public referenced originals are imported; unreferenced/private-parent backup attachments are not auto-published
4572,attachment,15-Dittebrand2_klein,intentionally skipped,Only verified public referenced originals are imported; unreferenced/private-parent backup attachments are not auto-published
4573,attachment,1_Robert_Graf_400_klein,imported,SourceReference tracked
4574,attachment,1-Luichtl2_klein,intentionally skipped,Only verified public referenced originals are imported; unreferenced/private-parent backup attachments are not auto-published
4575,attachment,2-Teifelhart2_klein,intentionally skipped,Only verified public referenced originals are imported; unreferenced/private-parent backup attachments are not auto-published
4576,attachment,3_Wolfgang_Schlagenhauf_400_klein,imported,SourceReference tracked
4577,attachment,4-Mayr2_klein,intentionally skipped,Only verified public referenced originals are imported; unreferenced/private-parent backup attachments are not auto-published
4578,attachment,6-Greipel2_klein,imported,SourceReference tracked
4579,attachment,7_0Storch_klein,intentionally skipped,Only verified public referenced originals are imported; unreferenced/private-parent backup attachments are not auto-published
4580,attachment,7_2Eckmann_klein,intentionally skipped,Only verified public referenced originals are imported; unreferenced/private-parent backup attachments are not auto-published
9846,attachment,Logo-BRB,imported,SourceReference tracked
4582,tablepress_table,Gemeinderat 2026-2032,converted or intentionally skipped,See tablepress.csv: structured rows / controlled table / unused helper
4590,attachment,Huber_klein,intentionally skipped,Only verified public referenced originals are imported; unreferenced/private-parent backup attachments are not auto-published
4592,attachment,Huber_klein,intentionally skipped,Only verified public referenced originals are imported; unreferenced/private-parent backup attachments are not auto-published
4595,attachment,Huber_klein2,intentionally skipped,Only verified public referenced originals are imported; unreferenced/private-parent backup attachments are not auto-published
4597,attachment,Huber_klein2,imported,SourceReference tracked
4604,attachment,7_9Natalie Lang_klein,imported,SourceReference tracked
4610,link_library_links,"Gewerbeanzeige, Gewerbeanmeldung online über das Bayernportal",imported,SourceReference tracked
4623,attachment,httpswww.gemeinde-merching.dewp-contentuploadslink-library-images9.jpg,intentionally skipped,Only verified public referenced originals are imported; unreferenced/private-parent backup attachments are not auto-published
4624,attachment,httpswww.gemeinde-merching.dewp-contentuploads201701Logo-Bürgernetz-e1484639317192.png,intentionally skipped,Only verified public referenced originals are imported; unreferenced/private-parent backup attachments are not auto-published
4625,attachment,httpswww.gemeinde-merching.dewp-contentuploadslink-library-images68.jpg,intentionally skipped,Only verified public referenced originals are imported; unreferenced/private-parent backup attachments are not auto-published
4631,page,Fundsachen,imported,SourceReference tracked
4654,attachment,Wieja_klein,imported,SourceReference tracked
4656,tablepress_table,Standortfaktoren Gewerbe,converted or intentionally skipped,See tablepress.csv: structured rows / controlled table / unused helper
4660,attachment,IMG_7090 - mini 2,intentionally skipped,Only verified public referenced originals are imported; unreferenced/private-parent backup attachments are not auto-published
4662,attachment,IMG_7090 - mikro,intentionally skipped,Only verified public referenced originals are imported; unreferenced/private-parent backup attachments are not auto-published
4851,tablepress_table,Startseite-Intro,converted or intentionally skipped,See tablepress.csv: structured rows / controlled table / unused helper
4671,attachment,1. Bürgermeister Helmut Luichtl,intentionally skipped,Only verified public referenced originals are imported; unreferenced/private-parent backup attachments are not auto-published
9976,wpdmpro,Bekanntmachung Unternehmenssatzung für das Kommunalunternehmen Merching vom 16.09.2026,imported,SourceReference tracked
9972,wpdmpro,Stellplatzsatzung der Gemeinde Merching vom 08.09.2025,imported,SourceReference tracked
9973,attachment,Stellplatzsatzung der Gemeinde Merching vom 08.09.2025,intentionally skipped,Only verified public referenced originals are imported; unreferenced/private-parent backup attachments are not auto-published
10179,wpdmpro,Bekanntmachung Beschwerdeausschuss,imported,SourceReference tracked
9969,attachment,Bekanntmachung Stellplatzsatzung vom 08.09.2025,imported,SourceReference tracked
4726,attachment,Abgesagt,intentionally skipped,Only verified public referenced originals are imported; unreferenced/private-parent backup attachments are not auto-published
7017,wpdmpro,Erhebung Verwaltungskosten - Satzung über die Erhebung von Verwaltungskosten für Amtshandlungen im eigenen Wirkungskreis der Gemeinde Merching - Kostensatzung,imported,SourceReference tracked
4698,attachment,Fragebogen_Gemeinde_Selbstauskunft,intentionally skipped,Only verified public referenced originals are imported; unreferenced/private-parent backup attachments are not auto-published
4702,attachment,coronavirus-4914026_1280,intentionally skipped,Only verified public referenced originals are imported; unreferenced/private-parent backup attachments are not auto-published
4711,attachment,Kategorien mit iDs,intentionally skipped,Only verified public referenced originals are imported; unreferenced/private-parent backup attachments are not auto-published
4727,attachment,Abgesagt,intentionally skipped,Only verified public referenced originals are imported; unreferenced/private-parent backup attachments are not auto-published
4754,attachment,kalender-7,intentionally skipped,Only verified public referenced originals are imported; unreferenced/private-parent backup attachments are not auto-published
4755,attachment,kalender-6,intentionally skipped,Only verified public referenced originals are imported; unreferenced/private-parent backup attachments are not auto-published
4756,attachment,kalender-5,intentionally skipped,Only verified public referenced originals are imported; unreferenced/private-parent backup attachments are not auto-published
4757,attachment,kalender-4,intentionally skipped,Only verified public referenced originals are imported; unreferenced/private-parent backup attachments are not auto-published
4758,attachment,kalender-3,intentionally skipped,Only verified public referenced originals are imported; unreferenced/private-parent backup attachments are not auto-published
4759,attachment,kalender-2,intentionally skipped,Only verified public referenced originals are imported; unreferenced/private-parent backup attachments are not auto-published
4760,attachment,kalender-1,intentionally skipped,Only verified public referenced originals are imported; unreferenced/private-parent backup attachments are not auto-published
4762,attachment,kalender-sort,intentionally skipped,Only verified public referenced originals are imported; unreferenced/private-parent backup attachments are not auto-published
4765,page,Ausschreibungen,imported,SourceReference tracked
4776,attachment,Wappen dunkel,intentionally skipped,Only verified public referenced originals are imported; unreferenced/private-parent backup attachments are not auto-published
4782,attachment,children-3566360_640,intentionally skipped,Only verified public referenced originals are imported; unreferenced/private-parent backup attachments are not auto-published
4787,page,Standortfaktoren Leben und Wohnen in Merching,imported,SourceReference tracked
4789,attachment,money-1005464_640,imported,SourceReference tracked
4791,tablepress_table,Standortfaktoren Allgemein,converted or intentionally skipped,See tablepress.csv: structured rows / controlled table / unused helper
4793,tablepress_table,Standortfaktoren Freizeit,converted or intentionally skipped,See tablepress.csv: structured rows / controlled table / unused helper
4798,attachment,room-2365613_640,imported,SourceReference tracked
4799,attachment,rails-3309912_640,imported,SourceReference tracked
4800,attachment,rad-3553814_640,imported,SourceReference tracked
4801,attachment,stand-paddling-4517331_640,imported,SourceReference tracked
4802,attachment,stocking-1701768_640,imported,SourceReference tracked
4803,attachment,network-cable-2245837_640,imported,SourceReference tracked
4804,attachment,cutlery-1313930_640,imported,SourceReference tracked
4805,attachment,dog-2561134_640,imported,SourceReference tracked
4806,attachment,Wassertropfen,imported,SourceReference tracked
4808,attachment,child-1864718_640,imported,SourceReference tracked
4809,attachment,Bäcker-2561_640,imported,SourceReference tracked
4812,attachment,kids-1093758_640,imported,SourceReference tracked
4813,attachment,sewer-pipes-2259514_640,imported,SourceReference tracked
4856,tablepress_table,Startseite-Intro-2,converted or intentionally skipped,See tablepress.csv: structured rows / controlled table / unused helper
4858,attachment,collage-merching,intentionally skipped,Only verified public referenced originals are imported; unreferenced/private-parent backup attachments are not auto-published
4863,tablepress_table,Startseite-Intro-3,converted or intentionally skipped,See tablepress.csv: structured rows / controlled table / unused helper
4887,attachment,Schulungsflyer_Mandichosee,intentionally skipped,Only verified public referenced originals are imported; unreferenced/private-parent backup attachments are not auto-published
4893,attachment,Wasser-Splash,intentionally skipped,Only verified public referenced originals are imported; unreferenced/private-parent backup attachments are not auto-published
4894,attachment,Wassertropfen einzeln,imported,SourceReference tracked
4899,attachment,,intentionally skipped,Only verified public referenced originals are imported; unreferenced/private-parent backup attachments are not auto-published
4903,attachment,fund-office-2516068_640,imported,SourceReference tracked
4920,attachment,Wappen weiß,imported,SourceReference tracked
10152,post,Bekanntmachung über die Aufforderung zur Einreichung von Wahlvorschlägen für die Wahl des Gemeinderats und der ersten Bürgermeisterin/des ersten Bürgermeisters,imported,SourceReference tracked
4946,attachment,Banner_1,intentionally skipped,Only verified public referenced originals are imported; unreferenced/private-parent backup attachments are not auto-published
4944,attachment,Willkommen in Merching,intentionally skipped,Only verified public referenced originals are imported; unreferenced/private-parent backup attachments are not auto-published
4957,attachment,Schlüssel-Symbol,intentionally skipped,Only verified public referenced originals are imported; unreferenced/private-parent backup attachments are not auto-published
4958,attachment,Fahrrad Symbol,imported,SourceReference tracked
4959,attachment,Halskette Symbol,intentionally skipped,Only verified public referenced originals are imported; unreferenced/private-parent backup attachments are not auto-published
5157,encyclopedia,Planfeststellung,imported,SourceReference tracked
5159,attachment,glossar-eintraege-erstellen-1,intentionally skipped,Only verified public referenced originals are imported; unreferenced/private-parent backup attachments are not auto-published
5066,attachment,Dominikus u. Lorena bei der Schnitzeljagd,intentionally skipped,Only verified public referenced originals are imported; unreferenced/private-parent backup attachments are not auto-published
5413,attachment,Nachhaltigkeit-Symbol,intentionally skipped,Only verified public referenced originals are imported; unreferenced/private-parent backup attachments are not auto-published
7151,post,Amtsblatt Nr. 18/2026 der Regierung von Schwaben,imported,SourceReference tracked
5035,attachment,Rathaus-2020,intentionally skipped,Only verified public referenced originals are imported; unreferenced/private-parent backup attachments are not auto-published
5037,attachment,Willkommen in Merching,intentionally skipped,Only verified public referenced originals are imported; unreferenced/private-parent backup attachments are not auto-published
5052,attachment,Ferienprogramm 2016 012,intentionally skipped,Only verified public referenced originals are imported; unreferenced/private-parent backup attachments are not auto-published
5322,attachment,Logo_Allianz_fuer_Cyber-Sicherheit_Teilnehmer,intentionally skipped,Only verified public referenced originals are imported; unreferenced/private-parent backup attachments are not auto-published
9852,attachment,Absage,intentionally skipped,Only verified public referenced originals are imported; unreferenced/private-parent backup attachments are not auto-published
5117,attachment,Bildschirmfoto-groessere-schrift-einstellen,intentionally skipped,Only verified public referenced originals are imported; unreferenced/private-parent backup attachments are not auto-published
5122,attachment,Bildschirmfoto-beispiel-leichte-sprache,intentionally skipped,Only verified public referenced originals are imported; unreferenced/private-parent backup attachments are not auto-published
5125,attachment,Bildschirmfoto-starken-kontrast-einstellen,intentionally skipped,Only verified public referenced originals are imported; unreferenced/private-parent backup attachments are not auto-published
5126,attachment,Bildschirmfoto-alle-links-sind-unterstrichen,intentionally skipped,Only verified public referenced originals are imported; unreferenced/private-parent backup attachments are not auto-published
5127,attachment,Bildschirmfoto-Browser-zoomen-menue,intentionally skipped,Only verified public referenced originals are imported; unreferenced/private-parent backup attachments are not auto-published
5128,attachment,Bildschirmfoto-Browser-zoomen,intentionally skipped,Only verified public referenced originals are imported; unreferenced/private-parent backup attachments are not auto-published
6976,attachment,"Rathaus, Ansicht von der Hauptstraße",imported,SourceReference tracked
9141,attachment,Öffentliche Bekanntmachung,intentionally skipped,Only verified public referenced originals are imported; unreferenced/private-parent backup attachments are not auto-published
9143,attachment,Schallschutztechnische Untersuchung - Anlagen,intentionally skipped,Only verified public referenced originals are imported; unreferenced/private-parent backup attachments are not auto-published
9147,attachment,Zusammenfassende Erklärung,intentionally skipped,Only verified public referenced originals are imported; unreferenced/private-parent backup attachments are not auto-published
9145,attachment,Schalltechnische Untersuchung 11-05.2023,intentionally skipped,Only verified public referenced originals are imported; unreferenced/private-parent backup attachments are not auto-published
5152,encyclopedia,Covid-19,imported,SourceReference tracked
5160,attachment,glossar-eintraege-erstellen-2,intentionally skipped,Only verified public referenced originals are imported; unreferenced/private-parent backup attachments are not auto-published
5161,attachment,Glossarerklärung,intentionally skipped,Only verified public referenced originals are imported; unreferenced/private-parent backup attachments are not auto-published
5162,attachment,glossar-eintraege-erstellen-4,intentionally skipped,Only verified public referenced originals are imported; unreferenced/private-parent backup attachments are not auto-published
5163,attachment,glossar-eintraege-erstellen-5,intentionally skipped,Only verified public referenced originals are imported; unreferenced/private-parent backup attachments are not auto-published
5164,attachment,glossar-eintraege-erstellen-6,intentionally skipped,Only verified public referenced originals are imported; unreferenced/private-parent backup attachments are not auto-published
10430,wpdmpro,Bekanntmachung des abschließenden Ergebnisses der Wahl des Gemeinderats am 08. März 2026,imported,SourceReference tracked
10431,attachment,Gemeinderatswahl-Bekanntmachung_Wahlergebnis_Anl_17_Homepage,imported,SourceReference tracked
5190,attachment,Bayernwerk Highspeed Initiative,intentionally skipped,Only verified public referenced originals are imported; unreferenced/private-parent backup attachments are not auto-published
5194,link_library_links,"Formulare des Bay. Staatsministeriums für Wohnen, Bau und Verkehr rund um das Baurecht",imported,SourceReference tracked
5226,post,Rattenproblematik in der Gemeinde Merching,imported,SourceReference tracked
9075,wpdmpro,Bekanntmachung Grundsteuer und Hundesteuer 2025,imported,SourceReference tracked
9076,attachment,Bekanntmachung Grd.St_HundeSt. 2025,imported,SourceReference tracked
5260,attachment,Spielplatz_Holleräcker_bearb,imported,SourceReference tracked
5261,attachment,Spielplatz_Mandichosee,imported,SourceReference tracked
10091,wpdmpro,Merkblatt zum richtigen Verhalten gegenüber Wasser-/Zugvögeln,imported,SourceReference tracked
5288,attachment,Aumiller Marianne,imported,SourceReference tracked
5291,attachment,Brändle-Susanne,imported,SourceReference tracked
5293,attachment,Weyland-Hanna,intentionally skipped,Only verified public referenced originals are imported; unreferenced/private-parent backup attachments are not auto-published
5296,attachment,Egenhofer-Christine,imported,SourceReference tracked
5298,attachment,Fieber-Rainer,imported,SourceReference tracked
5300,attachment,Geiger-Isabella,imported,SourceReference tracked
5302,attachment,Hagen-Alexandra,imported,SourceReference tracked
5306,attachment,Krauser-Birgit,imported,SourceReference tracked
5308,attachment,Heyer-Clarissa,intentionally skipped,Only verified public referenced originals are imported; unreferenced/private-parent backup attachments are not auto-published
5309,attachment,Müller-Katharina,intentionally skipped,Only verified public referenced originals are imported; unreferenced/private-parent backup attachments are not auto-published
5312,attachment,Stadtherr-Hans,intentionally skipped,Only verified public referenced originals are imported; unreferenced/private-parent backup attachments are not auto-published
5316,attachment,Schimpfle-Thomas,imported,SourceReference tracked
5372,link_library_links,Fragebogen der Gemeinde Merching zur Selbstauskunft wegen der Corona-Pandemie,merged or review,"Local document/URL identity preserved, external resources imported; see preparation-review.csv"
5336,attachment,Heyer-Clarissa,imported,SourceReference tracked
5371,attachment,Fragebogen_Gemeinde_Selbstauskunft,imported,SourceReference tracked
5346,attachment,Müller-Katharina,imported,SourceReference tracked
5348,attachment,Weyland-Hanna,imported,SourceReference tracked
9077,post,Bekanntmachung Grundsteuer und Hundesteuer 2025,imported,SourceReference tracked
10077,attachment,eyeglasses-35598_1280,intentionally skipped,Only verified public referenced originals are imported; unreferenced/private-parent backup attachments are not auto-published
10079,attachment,Gemeindekurier November 2025,intentionally skipped,Only verified public referenced originals are imported; unreferenced/private-parent backup attachments are not auto-published
10080,attachment,November 2025 Anlage,intentionally skipped,Only verified public referenced originals are imported; unreferenced/private-parent backup attachments are not auto-published
10082,attachment,Gemeindekurier November 2025,intentionally skipped,Only verified public referenced originals are imported; unreferenced/private-parent backup attachments are not auto-published
10084,attachment,November 2025 Anlage,intentionally skipped,Only verified public referenced originals are imported; unreferenced/private-parent backup attachments are not auto-published
10088,post,Richtiges Verhalten gegenüber Wasser- / Zugvögeln,imported,SourceReference tracked
10089,attachment,Merkblatt zum richtigen Verhalten ggü. Wasser u. Zugvögeln LRA November 2025,imported,SourceReference tracked
5403,attachment,Banner Gemeindewebsite Merching 1009x714_Verlaengerung,intentionally skipped,Only verified public referenced originals are imported; unreferenced/private-parent backup attachments are not auto-published
8198,attachment,Verordnung der Gemeinde Merching über das Anbringen von Anschlägen u. Plakaten,intentionally skipped,Only verified public referenced originals are imported; unreferenced/private-parent backup attachments are not auto-published
8202,attachment,Amtsblatt 12a-2023=Jahrg. 78 Nr. 12a,intentionally skipped,Only verified public referenced originals are imported; unreferenced/private-parent backup attachments are not auto-published
5417,attachment,Beitragsbild Volkshochschule f. Homepage,intentionally skipped,Only verified public referenced originals are imported; unreferenced/private-parent backup attachments are not auto-published
5418,attachment,Beitragsbild Volkshochschule f. Homepage,intentionally skipped,Only verified public referenced originals are imported; unreferenced/private-parent backup attachments are not auto-published
5480,attachment,Jocher-Andreas,imported,SourceReference tracked
5477,attachment,Limmer-Markus,imported,SourceReference tracked
5478,attachment,Müller-Albert,imported,SourceReference tracked
5479,attachment,Steinhart-Andreas,imported,SourceReference tracked
7620,attachment,BP34_Östl_Nebelhornstraße_Begründung_Entwurf_2023-05-04,intentionally skipped,Only verified public referenced originals are imported; unreferenced/private-parent backup attachments are not auto-published
7621,attachment,BP34_Östl_Nebelhornstraße_Textteil_Entwurf_2023-05-04,intentionally skipped,Only verified public referenced originals are imported; unreferenced/private-parent backup attachments are not auto-published
7622,attachment,BP34_Östl_Nebenhornstraße_Planzeichnung_Entwurf_2023-05-04,intentionally skipped,Only verified public referenced originals are imported; unreferenced/private-parent backup attachments are not auto-published
5490,attachment,Deckblatt,intentionally skipped,Only verified public referenced originals are imported; unreferenced/private-parent backup attachments are not auto-published
5492,page,Gemeindebroschüre,imported,SourceReference tracked
5503,attachment,Vollbild,intentionally skipped,Only verified public referenced originals are imported; unreferenced/private-parent backup attachments are not auto-published
5508,attachment,Vollbild-II,imported,SourceReference tracked
5512,attachment,,intentionally skipped,Only verified public referenced originals are imported; unreferenced/private-parent backup attachments are not auto-published
5522,attachment,Feuerwehrfahrzeug Beispielbild,intentionally skipped,Only verified public referenced originals are imported; unreferenced/private-parent backup attachments are not auto-published
5537,attachment,ball in soccer stadium. ready for game,intentionally skipped,Only verified public referenced originals are imported; unreferenced/private-parent backup attachments are not auto-published
7623,attachment,Aufhebung_BP_Nr3a_Begründung_Entwurf_20230504,intentionally skipped,Only verified public referenced originals are imported; unreferenced/private-parent backup attachments are not auto-published
7624,attachment,Aufhebung_BP_Nr3a_Planzeichnung_Entwurf_20230504,intentionally skipped,Only verified public referenced originals are imported; unreferenced/private-parent backup attachments are not auto-published
5590,attachment,Willkommen in Merching,intentionally skipped,Only verified public referenced originals are imported; unreferenced/private-parent backup attachments are not auto-published
10033,wpdmpro,Satzung zur Einführung einer Pflicht zum Nachweis eines Spielplatzes für Kinder - Spielplatzsatzung,imported,SourceReference tracked
10034,attachment,Spielplatzsatzung der Gemeinde Merching vom 01.10.2025,imported,SourceReference tracked
5570,attachment,Bild Landratsamt Hilfe Corona Feb. 2021 neu,intentionally skipped,Only verified public referenced originals are imported; unreferenced/private-parent backup attachments are not auto-published
5573,attachment,Bild Landratsamt Hilfe Corona Feb. 2021 neu,intentionally skipped,Only verified public referenced originals are imported; unreferenced/private-parent backup attachments are not auto-published
7618,attachment,Anschreiben_TöB_ern_Bet_BP34_Östl_Nebelhornstraße_2023-06-01,intentionally skipped,Only verified public referenced originals are imported; unreferenced/private-parent backup attachments are not auto-published
5607,link_library_links,QR-Code zum Schadensmelder - Straßenbeleuchtung Bayernwerk über die Störmelder-App,merged or review,"Local document/URL identity preserved, external resources imported; see preparation-review.csv"
5608,attachment,QR_Merching,imported,SourceReference tracked
5612,attachment,httpswww.gemeinde-merching.dewp-contentuploads202103QR_Merching-e1615196274737.png,intentionally skipped,Only verified public referenced originals are imported; unreferenced/private-parent backup attachments are not auto-published
5613,attachment,logo Familienstützpunkt,intentionally skipped,Only verified public referenced originals are imported; unreferenced/private-parent backup attachments are not auto-published
5614,attachment,logo Familienstützpunkt,intentionally skipped,Only verified public referenced originals are imported; unreferenced/private-parent backup attachments are not auto-published
9128,attachment,Fundsache Geldschein am 16.11.2024,intentionally skipped,Only verified public referenced originals are imported; unreferenced/private-parent backup attachments are not auto-published
9132,attachment,BP34_Östl_Nebelhornstraße_Begründung_20240620,intentionally skipped,Only verified public referenced originals are imported; unreferenced/private-parent backup attachments are not auto-published
9136,attachment,BP34_Östl_Nebelhornstraße_Textteil_20240620,intentionally skipped,Only verified public referenced originals are imported; unreferenced/private-parent backup attachments are not auto-published
9134,attachment,BP34_Östl_Nebelhornstraße_Planzeichnung_Satzung_2024-06-20,intentionally skipped,Only verified public referenced originals are imported; unreferenced/private-parent backup attachments are not auto-published
9139,attachment,B-Plan Nr. 34 Datenschutzinformationspflicht,intentionally skipped,Only verified public referenced originals are imported; unreferenced/private-parent backup attachments are not auto-published
9922,wpdmpro,Feuerwehr - Satzung über Aufwendungs- und Kostenersatz für Einsätze und andere Leistungen gemeindlicher Feuerwehren ab 01.01.2026,imported,SourceReference tracked
5783,link_library_links,Antrag auf Erteilung einer verkehrsrechtlichen Anordnung gem. § 45 Abs. 6 StVO,imported,SourceReference tracked
5808,attachment,QRCode_StörmelderApp_Merching_210602,intentionally skipped,Only verified public referenced originals are imported; unreferenced/private-parent backup attachments are not auto-published
5811,link_library_links,Link zum Schadensmelder – Straßenbeleuchtung Bayernwerk,imported,SourceReference tracked
5810,attachment,https://www.gemeinde-merching.de/wp-content/uploads/2021/03/QR_Merching-e1615196274737.png,imported,SourceReference tracked
7551,attachment,Gemeindekurier April 2023 f. Homepage neu,intentionally skipped,Only verified public referenced originals are imported; unreferenced/private-parent backup attachments are not auto-published
5896,attachment,Energieberatung Landkreis Aichach-Friedberg Typo schwarz RGB,imported,SourceReference tracked
5922,attachment,Wahlurne,imported,SourceReference tracked
10027,wpdmpro,Hundesteuer - Satzung der Gemeinde Merching für die Erhebung der Hundesteuer (Hundesteuersatzung - HStS) ab 2026,imported,SourceReference tracked
10050,post,Hundesteuer ab 2026,imported,SourceReference tracked
10026,attachment,Hundesteuersatzung 2026 Homepage,intentionally skipped,Only verified public referenced originals are imported; unreferenced/private-parent backup attachments are not auto-published
9754,attachment,Bundesagentur für Arbeit,intentionally skipped,Only verified public referenced originals are imported; unreferenced/private-parent backup attachments are not auto-published
9881,attachment,Tierpfoten-809773_640,intentionally skipped,Only verified public referenced originals are imported; unreferenced/private-parent backup attachments are not auto-published
10028,attachment,Hundesteuer - Satzung der Gemeinde Merching für die Erhebung einer Hundesteuer ab 2026,imported,SourceReference tracked
9680,attachment,2025-Sommerserenade-V1,intentionally skipped,Only verified public referenced originals are imported; unreferenced/private-parent backup attachments are not auto-published
9681,attachment,2025-Sommerserenade-V1,intentionally skipped,Only verified public referenced originals are imported; unreferenced/private-parent backup attachments are not auto-published
9245,wpdmpro,MSV - HH 5 Haushaltsplan mit Finanzplan 2026,imported,SourceReference tracked
9672,attachment,2025-Sommerserenade-V1,intentionally skipped,Only verified public referenced originals are imported; unreferenced/private-parent backup attachments are not auto-published
10428,post,Bekanntmachung des abschließenden Ergebnisses der Wahl des ersten Bürgermeisters am 08. März 2026,imported,SourceReference tracked
6117,attachment,Wappen,intentionally skipped,Only verified public referenced originals are imported; unreferenced/private-parent backup attachments are not auto-published
6119,attachment,"Wappen Merching ohne Schrift, farbig",intentionally skipped,Only verified public referenced originals are imported; unreferenced/private-parent backup attachments are not auto-published
7545,attachment,öffentl. Bekanntmachung_GR 04.05.23,intentionally skipped,Only verified public referenced originals are imported; unreferenced/private-parent backup attachments are not auto-published
9241,wpdmpro,MSV - HH 1 Inhaltsverzeichnis 2026,imported,SourceReference tracked
7715,attachment,Bekanntmachung_Wahlhelfer_Aufforderung,intentionally skipped,Only verified public referenced originals are imported; unreferenced/private-parent backup attachments are not auto-published
7720,attachment,Wahlheler_Anmeldeformular,imported,SourceReference tracked
7721,link_library_links,Wahlhelfer Anmeldeformular,merged or review,"Local document/URL identity preserved, external resources imported; see preparation-review.csv"
6179,attachment,wappen-rvs,imported,SourceReference tracked
6180,attachment,wappen-rvs,imported,SourceReference tracked
6210,attachment,Beitragsbild_Logo_Merching-2-150x150,imported,SourceReference tracked
6245,attachment,logo-fdpf-bayern,intentionally skipped,Only verified public referenced originals are imported; unreferenced/private-parent backup attachments are not auto-published
6268,attachment,"Grundsteuerreform, Information für Bürger",intentionally skipped,Only verified public referenced originals are imported; unreferenced/private-parent backup attachments are not auto-published
6277,attachment,Landratsamt AIC-FDB,intentionally skipped,Only verified public referenced originals are imported; unreferenced/private-parent backup attachments are not auto-published
10453,wpdmpro,Gemeindekurier Ostern 2026,imported,SourceReference tracked
10426,wpdmpro,Bekanntmachung des abschließenden Ergebnisses der Wahl des ersten Bürgermeisters am 08.03.2026,imported,SourceReference tracked
10427,attachment,Buergermeisterwahl-Bekanntmachung_Wahlergebnis_Anl_18-Direktwahl_Homepage,imported,SourceReference tracked
6525,attachment,Klose-Tanja,imported,SourceReference tracked
8854,attachment,Gemeindekurier Sommer 2024 f. Homepage,intentionally skipped,Only verified public referenced originals are imported; unreferenced/private-parent backup attachments are not auto-published
8018,post,"Flyer ""Stromausfall"" - Was ist ein Blackout und wie bereiten wir uns darauf vor?",imported,SourceReference tracked
9637,page,Barrieren reduzieren in unserem Webauftritt,imported,SourceReference tracked
6564,link_library_links,"Schülerbeförderung, Fahrkartenantrag für das Schuljahr 2025/2026",merged or review,"Local document/URL identity preserved, external resources imported; see preparation-review.csv"
9189,attachment,Gemeindekurier Weihnachten 2024 f. Homepage,intentionally skipped,Only verified public referenced originals are imported; unreferenced/private-parent backup attachments are not auto-published
10225,attachment,01+02+03 Programm FSP Süd 2026,intentionally skipped,Only verified public referenced originals are imported; unreferenced/private-parent backup attachments are not auto-published
10013,attachment,Beitragsbild Klimawoche 2025,intentionally skipped,Only verified public referenced originals are imported; unreferenced/private-parent backup attachments are not auto-published
10130,attachment,2025-10_Sound_Train_Anzeige-Narrneusia-Broschüre-2026-CMYK,intentionally skipped,Only verified public referenced originals are imported; unreferenced/private-parent backup attachments are not auto-published
6679,attachment,evs,intentionally skipped,Only verified public referenced originals are imported; unreferenced/private-parent backup attachments are not auto-published
8241,attachment,Amtsblatt 01-2024=Jahrg. 79 Nr. 01,intentionally skipped,Only verified public referenced originals are imported; unreferenced/private-parent backup attachments are not auto-published
7022,wpdmpro,Kleineinleiter - Satzung für die Erhebung einer Kommunalabgabe zur Abwälzung der Abwasserabgabe für Kleineinleiter,imported,SourceReference tracked
9242,wpdmpro,MSV - HH 2 Haushaltssatzung 2026,imported,SourceReference tracked
7024,wpdmpro,Information zur elektronischen Lohnsteuerkarte,imported,SourceReference tracked
7020,wpdmpro,Erschließungsbeiträge - Satzung über die Erschließungsbeiträge in der Fassung der 2. Änderung vom 15.05.1992,imported,SourceReference tracked
7021,wpdmpro,Hausnummerierung - Satzung über die Hausnummerierung,imported,SourceReference tracked
6748,attachment,Kommunale IT-Sicherheit,intentionally skipped,Only verified public referenced originals are imported; unreferenced/private-parent backup attachments are not auto-published
6749,post,Kommunale IT-Sicherheit,imported,SourceReference tracked
8020,wpdmpro,"Flyer ""Stromausfall"" - Vorbereitungsmaßnahmen und Anlaufstellen",imported,SourceReference tracked
6800,attachment,Gemeindekurier Weihnachten 2022 f. Homepage,intentionally skipped,Only verified public referenced originals are imported; unreferenced/private-parent backup attachments are not auto-published
10170,attachment,Feuerwehr - Satzung über Aufwendungd- und Kostenersatz für Einsätze und andere Leistungen gem. Feuehrwehren ab 01.01.2026,imported,SourceReference tracked
7025,wpdmpro,Vereinsförderrichtlinien der Gemeinde Merching ab 2013,imported,SourceReference tracked
6879,attachment,,imported,SourceReference tracked
6880,attachment,,intentionally skipped,Only verified public referenced originals are imported; unreferenced/private-parent backup attachments are not auto-published
6899,attachment,cropped-cropped-Wappen-alternativ.png,intentionally skipped,Only verified public referenced originals are imported; unreferenced/private-parent backup attachments are not auto-published
7149,attachment,Amtsblatt 01-2023=Jahrg. 78 Nr. 01,intentionally skipped,Only verified public referenced originals are imported; unreferenced/private-parent backup attachments are not auto-published
7009,attachment,,intentionally skipped,Only verified public referenced originals are imported; unreferenced/private-parent backup attachments are not auto-published
7028,wpdmpro,Antrag Fuer Wasserbezug,imported,SourceReference tracked
7029,wpdmpro,Bauwasserbezugsvertrag,imported,SourceReference tracked
7030,wpdmpro,Einfriedung - Satzung der Gemeinde Merching über die Höhe von Einfriedungen (Einfriedungssatzung),imported,SourceReference tracked
7031,wpdmpro,SEPA-Mandat Gemeinde Merching,imported,SourceReference tracked
7034,wpdmpro,Anmeldung eines Gartenwasserzählers,imported,SourceReference tracked
10815,attachment,Landratsamt,intentionally skipped,Only verified public referenced originals are imported; unreferenced/private-parent backup attachments are not auto-published
7040,wpdmpro,Blauzungenkrankheit - Amtsblatt 75 Nr. 4b des Landkreises Aichach-Friedberg,imported,SourceReference tracked
7041,wpdmpro,Geschäftsordnung - Geschäftsordnung 2020,imported,SourceReference tracked
7042,wpdmpro,Gemeindeverfassungsrecht - Satzung zur Regelung von Fragen des örtlichen Gemeindeverfassungsrechts 06.05.2020,imported,SourceReference tracked
7043,wpdmpro,Bestattung - Satzung über die öffentl. Bestattungseinrichtung der Gemeinde Merching vom 18.07.2022 - gültig bis 31.12.2026,imported,SourceReference tracked
10568,wpdmpro,Bekanntmachung Vergabe von gemeindlichen Wohnbaugrundstücken,imported,SourceReference tracked
7049,wpdmpro,Landespflegegeld unterstützt Pflegebedürftige - Pressemitteilung Landratsamt Aichach-Friedberg 08/2021,imported,SourceReference tracked
7051,wpdmpro,Reinigungs- und Winterdienstverordnung vom 04.11.2021,imported,SourceReference tracked
7052,wpdmpro,Grundsteuerreform - Die neue Grundsteuer in Bayern,imported,SourceReference tracked
7059,wpdmpro,Bestattung - Gebührensatzung zur Satzung für die öffentl. Bestattungseinrichtung (GBS/BES) der Gemeinde Merching bis 31.12.2026,imported,SourceReference tracked
7064,wpdmpro,Grundsteuererklärung Informationen 14.12.2022,imported,SourceReference tracked
7085,page,Alle Downloads in der Übersicht,imported,SourceReference tracked
9916,attachment,Ehrungen - Satzung über die Verleihung von Ehrungen durch die Gemeinde Merching ab 07.08.2025,imported,SourceReference tracked
7589,attachment,Aufhebung_BP_Nr3a_Bekanntmachung_Auslegung,intentionally skipped,Only verified public referenced originals are imported; unreferenced/private-parent backup attachments are not auto-published
7168,attachment,Vorkaufsrechtssatzung 31-01-2023,intentionally skipped,Only verified public referenced originals are imported; unreferenced/private-parent backup attachments are not auto-published
9923,attachment,Feuerwehrkostensatzung_ab_01-01-2026,intentionally skipped,Only verified public referenced originals are imported; unreferenced/private-parent backup attachments are not auto-published
10042,post,Brunnenregenerierung abgeschlossen,imported,SourceReference tracked
9919,attachment,Spielplatzsatzung ab 09.08.2025,intentionally skipped,Only verified public referenced originals are imported; unreferenced/private-parent backup attachments are not auto-published
9926,attachment,2025-08-13_Bekanntmachung_Satzung_Aufwendungs-u.-Kostenersatz_f_Einsätze_u_andere_Leistungen_gemeindlicher_Feuerwehren_ab_01-01-2026,intentionally skipped,Only verified public referenced originals are imported; unreferenced/private-parent backup attachments are not auto-published
7191,attachment,6. Änderung FNP Bekanntmachung_frühz_Beteiligung,intentionally skipped,Only verified public referenced originals are imported; unreferenced/private-parent backup attachments are not auto-published
10165,attachment,Wasser - Beitrags- und Gebührensatzung zur Wasserabgabesatzung ab 01.01.2026,imported,SourceReference tracked
9913,wpdmpro,Entwässerung - Beitrags- und Gebührensatzung zur Entwässerungsatzung ab 01.01.2026,imported,SourceReference tracked
9914,attachment,Entwässerung - Beitrags- und Gebührensatzung zur Entwässerungssatzung ab 01.01.20262026,intentionally skipped,Only verified public referenced originals are imported; unreferenced/private-parent backup attachments are not auto-published
9915,wpdmpro,Ehrungen - Satzung über die Verleihung von Ehrungen durch die Gemeinde Merching,imported,SourceReference tracked
7539,attachment,Amtsblatt 04-2023=Jahrg. 78 Nr. 4a,intentionally skipped,Only verified public referenced originals are imported; unreferenced/private-parent backup attachments are not auto-published
7210,attachment,Begründung_BPNr36_Freizeitanlage_Bauhof_2023-01-19ü,intentionally skipped,Only verified public referenced originals are imported; unreferenced/private-parent backup attachments are not auto-published
7212,attachment,Bekanntmachung Satzungsbeschluss B-Plan Nr. 36 Freizeitanlage,intentionally skipped,Only verified public referenced originals are imported; unreferenced/private-parent backup attachments are not auto-published
7214,attachment,Planzeichnung_BPNr36_Freizeitanlage_Bauhof_2023-01-19,intentionally skipped,Only verified public referenced originals are imported; unreferenced/private-parent backup attachments are not auto-published
7216,attachment,Textteil_BPNr36_Freizeitanlage_Bauhof_2023-01-19,intentionally skipped,Only verified public referenced originals are imported; unreferenced/private-parent backup attachments are not auto-published
7218,attachment,BP37 suedl. Nebelhornstr. Bekanntmachung Satzungsbeschluss,intentionally skipped,Only verified public referenced originals are imported; unreferenced/private-parent backup attachments are not auto-published
7220,attachment,BP37_Südlich_der_Nebelhornstraße_Plan_2023-01-19,intentionally skipped,Only verified public referenced originals are imported; unreferenced/private-parent backup attachments are not auto-published
7222,attachment,BP37_Südlich_Nebelhornstraße_Begründung_2023-01-19,intentionally skipped,Only verified public referenced originals are imported; unreferenced/private-parent backup attachments are not auto-published
7856,attachment,Amtsblatt-08-2023=Jahrg. 78 Nr. 08,intentionally skipped,Only verified public referenced originals are imported; unreferenced/private-parent backup attachments are not auto-published
7224,attachment,BP37_Südlich_Nebelhornstraße_Textteil_2023-01-19,intentionally skipped,Only verified public referenced originals are imported; unreferenced/private-parent backup attachments are not auto-published
7226,attachment,1_Änderung_BP_26_Begründung_2023-01-19,intentionally skipped,Only verified public referenced originals are imported; unreferenced/private-parent backup attachments are not auto-published
7228,attachment,1_Änderung_BP_26_Bekanntmachung Satzungsbeschluss,intentionally skipped,Only verified public referenced originals are imported; unreferenced/private-parent backup attachments are not auto-published
7230,attachment,1_Änderung_BP_26_Entwurf_2023-01-19,intentionally skipped,Only verified public referenced originals are imported; unreferenced/private-parent backup attachments are not auto-published
7237,attachment,Amtsblatt 02-2023=Jahrg. 78 Nr. 02,intentionally skipped,Only verified public referenced originals are imported; unreferenced/private-parent backup attachments are not auto-published
7238,attachment,Begründung_Vorentwurf_2023-01-19,intentionally skipped,Only verified public referenced originals are imported; unreferenced/private-parent backup attachments are not auto-published
7239,attachment,Planzeichnung_Vorentwurf_6_Änd_FNP_Merching_2023-01-19,intentionally skipped,Only verified public referenced originals are imported; unreferenced/private-parent backup attachments are not auto-published
7588,attachment,Bekanntmachung_ern_öff_Ausl_BPNr34_Östl_Nebelhornstr,intentionally skipped,Only verified public referenced originals are imported; unreferenced/private-parent backup attachments are not auto-published
7528,attachment,Amtsblatt 04-2023=Jahrg. 78 Nr. 4,intentionally skipped,Only verified public referenced originals are imported; unreferenced/private-parent backup attachments are not auto-published
7651,attachment,Lampe,imported,SourceReference tracked
7895,attachment,MandatformularGemeinde_mit _Tel_und_E-Mail_2023,imported,SourceReference tracked
9161,attachment,842_Gemeinde-Merching,imported,SourceReference tracked
8229,attachment,Plakatierungsverordnung,intentionally skipped,Only verified public referenced originals are imported; unreferenced/private-parent backup attachments are not auto-published
7515,attachment,Stellenausschreibung,intentionally skipped,Only verified public referenced originals are imported; unreferenced/private-parent backup attachments are not auto-published
9994,attachment,Flyer Vereinsforum 2025 2. HJ Version EK,intentionally skipped,Only verified public referenced originals are imported; unreferenced/private-parent backup attachments are not auto-published
10133,attachment,BekanntmachungRattenbekJan26,intentionally skipped,Only verified public referenced originals are imported; unreferenced/private-parent backup attachments are not auto-published
7483,attachment,Rama Dama Hochdorf,intentionally skipped,Only verified public referenced originals are imported; unreferenced/private-parent backup attachments are not auto-published
7517,attachment,Stellenausschreibung,intentionally skipped,Only verified public referenced originals are imported; unreferenced/private-parent backup attachments are not auto-published
7670,attachment,5. Änd. Flächennutzunngs u. Landschaftsplan u. Aufstell. d. vorhabensbez. BP Nr. 39 SG Photovoltaikanl. östl. der Schmiechach,intentionally skipped,Only verified public referenced originals are imported; unreferenced/private-parent backup attachments are not auto-published
9937,attachment,Ausschreibung Architekturpreis,intentionally skipped,Only verified public referenced originals are imported; unreferenced/private-parent backup attachments are not auto-published
7681,attachment,Amtsblatt 06-2023=Jahrg. 78 Nr. 06,intentionally skipped,Only verified public referenced originals are imported; unreferenced/private-parent backup attachments are not auto-published
7686,attachment,Antrag - Fahrkarte,intentionally skipped,Only verified public referenced originals are imported; unreferenced/private-parent backup attachments are not auto-published
7734,attachment,BP PV Merching Planzeichnung Teil A 29.06.2023,intentionally skipped,Only verified public referenced originals are imported; unreferenced/private-parent backup attachments are not auto-published
9939,wpdmpro,Ausschreibung Architekturpreis Bezirk Schwaben 2026,imported,SourceReference tracked
9940,attachment,Ausschreibung Architekturpreis,imported,SourceReference tracked
7705,attachment,IMG_3242,intentionally skipped,Only verified public referenced originals are imported; unreferenced/private-parent backup attachments are not auto-published
7706,attachment,IMG_3237,imported,SourceReference tracked
7769,attachment,Amtsblatt 06a-2023=Jahrg. 78 Nr. 06a,intentionally skipped,Only verified public referenced originals are imported; unreferenced/private-parent backup attachments are not auto-published
7711,attachment,Bekanntmachung_ern_öff_Ausl_BPNr34_Östl_Nebelhornstr,intentionally skipped,Only verified public referenced originals are imported; unreferenced/private-parent backup attachments are not auto-published
7723,attachment,BMWK_NKI_Gefoerdert_RGB_DE_2022_quer,intentionally skipped,Only verified public referenced originals are imported; unreferenced/private-parent backup attachments are not auto-published
10123,attachment,20251016_Plakat_Solartreff_Steindorf 25.11.,intentionally skipped,Only verified public referenced originals are imported; unreferenced/private-parent backup attachments are not auto-published
7736,attachment,BP PV Merching_Begründung mit Umweltbericht Teil C_07 29.06.2023,intentionally skipped,Only verified public referenced originals are imported; unreferenced/private-parent backup attachments are not auto-published
8188,attachment,Amtsblatt 12-2023=Jahrg. 78 Nr. 12,intentionally skipped,Only verified public referenced originals are imported; unreferenced/private-parent backup attachments are not auto-published
7738,attachment,BP PV Merching_Festsetzungen Teil B 29.06.2023,intentionally skipped,Only verified public referenced originals are imported; unreferenced/private-parent backup attachments are not auto-published
7740,attachment,Datenschutzrechtliche Informationspflichten nach Art. 13 und 14 DSGVO 29.06.2023,intentionally skipped,Only verified public referenced originals are imported; unreferenced/private-parent backup attachments are not auto-published
7742,attachment,FNP PV Merching Entwurf Teil A 29.06.2023,intentionally skipped,Only verified public referenced originals are imported; unreferenced/private-parent backup attachments are not auto-published
7744,attachment,FNP PV Merching_Begründung mit Umweltbericht Teil B_03 29.06.2023,intentionally skipped,Only verified public referenced originals are imported; unreferenced/private-parent backup attachments are not auto-published
7745,attachment,Stellungnahme frühz. Beteiligung_Denkmalpflege_Abwägung 29.06.2023,intentionally skipped,Only verified public referenced originals are imported; unreferenced/private-parent backup attachments are not auto-published
7749,attachment,Stellungnahme frühz. Beteiligung_Denkmalpflege_Abwägung 29.06.2023,intentionally skipped,Only verified public referenced originals are imported; unreferenced/private-parent backup attachments are not auto-published
7751,attachment,Stellungnahme frühz. Beteiligung_LRA für BP_Abwägung 29.06.2023,intentionally skipped,Only verified public referenced originals are imported; unreferenced/private-parent backup attachments are not auto-published
8224,attachment,Öffentl.Bekanntmachung_GR1_Jan24,intentionally skipped,Only verified public referenced originals are imported; unreferenced/private-parent backup attachments are not auto-published
7753,attachment,Stellungnahme frühz. Beteiligung_LRA für FNP_Abwägung 29.06.2023,intentionally skipped,Only verified public referenced originals are imported; unreferenced/private-parent backup attachments are not auto-published
8249,attachment,Plakatierungsverordnung,intentionally skipped,Only verified public referenced originals are imported; unreferenced/private-parent backup attachments are not auto-published
7755,attachment,Stellungnahme frühz. Beteiligung_Regierung v. Schwaben_Abwägung 29.06.2023,intentionally skipped,Only verified public referenced originals are imported; unreferenced/private-parent backup attachments are not auto-published
7757,attachment,Stellungnahme frühz. Beteiligung_WWA_Abwägung 29.06.2023,intentionally skipped,Only verified public referenced originals are imported; unreferenced/private-parent backup attachments are not auto-published
7760,attachment,PV Merching_Kartierung 2023-04-27 29.06.2023,intentionally skipped,Only verified public referenced originals are imported; unreferenced/private-parent backup attachments are not auto-published
8064,attachment,Case für kabellose In-Ear-Kopfhörer Beispielbild,intentionally skipped,Only verified public referenced originals are imported; unreferenced/private-parent backup attachments are not auto-published
7834,attachment,Nivellement_Infoblätter_2023-03,intentionally skipped,Only verified public referenced originals are imported; unreferenced/private-parent backup attachments are not auto-published
7847,attachment,IMG_3692,intentionally skipped,Only verified public referenced originals are imported; unreferenced/private-parent backup attachments are not auto-published
7860,attachment,Pflegestützpunkt_Aichach-Friedberg_2023,intentionally skipped,Only verified public referenced originals are imported; unreferenced/private-parent backup attachments are not auto-published
7862,link_library_links,Pflegestützpunkt Landkreis Aichach-Friedberg,imported,SourceReference tracked
7863,attachment,Logo-Pflegestuetzpunkt-Landkreis-Aichach-Friedberg-CMYK,imported,SourceReference tracked
9900,attachment,Nachhaltigkeitstag 2025_Plakat_A3,intentionally skipped,Only verified public referenced originals are imported; unreferenced/private-parent backup attachments are not auto-published
8112,attachment,Leseclub Merching,intentionally skipped,Only verified public referenced originals are imported; unreferenced/private-parent backup attachments are not auto-published
7894,link_library_links,SEPA-Mandat Gemeinde Merching,merged or review,"Local document/URL identity preserved, external resources imported; see preparation-review.csv"
9896,attachment,Nachhaltigkeitstag 2025_Plakat_A3,intentionally skipped,Only verified public referenced originals are imported; unreferenced/private-parent backup attachments are not auto-published
9898,attachment,Nachhaltigkeitstag 2025_Plakat_A3,intentionally skipped,Only verified public referenced originals are imported; unreferenced/private-parent backup attachments are not auto-published
7918,attachment,Amtsblatt-08-2023=Jahrg. 78 Nr. 08,intentionally skipped,Only verified public referenced originals are imported; unreferenced/private-parent backup attachments are not auto-published
7920,attachment,Amtsblatt 08a-2023=Jahrg. 78 Nr. 08a,intentionally skipped,Only verified public referenced originals are imported; unreferenced/private-parent backup attachments are not auto-published
7922,attachment,Amtsblatt-08b-2023Jahrg.-78-Nr.-08b,intentionally skipped,Only verified public referenced originals are imported; unreferenced/private-parent backup attachments are not auto-published
7924,attachment,Amtsblatt 09-2023=Jahrg. 78 Nr. 09,intentionally skipped,Only verified public referenced originals are imported; unreferenced/private-parent backup attachments are not auto-published
7940,attachment,Netzwerk Familie AELF Kurse,intentionally skipped,Only verified public referenced originals are imported; unreferenced/private-parent backup attachments are not auto-published
8237,attachment,Amtsblatt 01-2024=Jahrg. 79 Nr. 01,intentionally skipped,Only verified public referenced originals are imported; unreferenced/private-parent backup attachments are not auto-published
8785,wpdmpro,Was soll ich tun bei Hochwasser?,imported,SourceReference tracked
8194,attachment,Bekanntmachung Plakatierungsverordnung,intentionally skipped,Only verified public referenced originals are imported; unreferenced/private-parent backup attachments are not auto-published
8000,attachment,Amtsblatt 10-2023=78 Nr. 10 - entfällt,intentionally skipped,Only verified public referenced originals are imported; unreferenced/private-parent backup attachments are not auto-published
8021,attachment,FLY_Stromausfall_LAF_99x210mm_Merching_web,imported,SourceReference tracked
8787,post,Was soll ich tun bei Hochwasser?,imported,SourceReference tracked
8786,attachment,Infoblatt Hochwasser 2024,imported,SourceReference tracked
8234,attachment,Wappen_Aichach-Friedberg_139x150,imported,SourceReference tracked
8040,attachment,Gemeindekurier November 2023 f. Homepage,intentionally skipped,Only verified public referenced originals are imported; unreferenced/private-parent backup attachments are not auto-published
8043,attachment,Amtsblatt 10a-2023=Jahrg. 78 Nr. 10a,intentionally skipped,Only verified public referenced originals are imported; unreferenced/private-parent backup attachments are not auto-published
8135,attachment,Abschaffung des Kinderreisepasses zum 01.01.2024,imported,SourceReference tracked
9205,attachment,Plakat 2024,intentionally skipped,Only verified public referenced originals are imported; unreferenced/private-parent backup attachments are not auto-published
10534,post,Verkündung des Ergebnisses der Wahl des Ortssprechers für den Ortsteil Hochdorf,imported,SourceReference tracked
8084,attachment,Amtsblatt 11-2023=Jahrg. 78 Nr. 11,intentionally skipped,Only verified public referenced originals are imported; unreferenced/private-parent backup attachments are not auto-published
8087,attachment,BGS_WAS_Satzung_2022,intentionally skipped,Only verified public referenced originals are imported; unreferenced/private-parent backup attachments are not auto-published
8088,wpdmpro,Wasserabgabesatzung 01.01.2022,imported,SourceReference tracked
8089,attachment,Satzung_WAS_2022,imported,SourceReference tracked
8090,wpdmpro,Entwässerungssatzung 01.01.2022,imported,SourceReference tracked
8091,attachment,EWS_Satzung_2022,imported,SourceReference tracked
8093,attachment,BP PV Mandichosee_Teil A_Planzeichnung-2023-10-26,intentionally skipped,Only verified public referenced originals are imported; unreferenced/private-parent backup attachments are not auto-published
8095,attachment,BP PV Mandichosee_Teil B_Festsetzungen-2023-10-26,intentionally skipped,Only verified public referenced originals are imported; unreferenced/private-parent backup attachments are not auto-published
8594,attachment,BP Nr. 39 PV Merching Teil A Planzeichnung 2023-10-26,intentionally skipped,Only verified public referenced originals are imported; unreferenced/private-parent backup attachments are not auto-published
8097,attachment,BP PV Mandichosee_Teil C_Begründung mit Umweltbericht-2023-10-26,intentionally skipped,Only verified public referenced originals are imported; unreferenced/private-parent backup attachments are not auto-published
8601,attachment,5. Änderung FNP PV Merching_Begründung mit Umweltbericht Teil B,intentionally skipped,Only verified public referenced originals are imported; unreferenced/private-parent backup attachments are not auto-published
8099,attachment,BP PV Mandichosees Fachbeitrag Artenschutz,intentionally skipped,Only verified public referenced originals are imported; unreferenced/private-parent backup attachments are not auto-published
8101,attachment,FNP PV Mandichosee_Teil A_Planzeichnung-2023-10-26,intentionally skipped,Only verified public referenced originals are imported; unreferenced/private-parent backup attachments are not auto-published
8599,attachment,5. Änderung FNP PV Merching Teil A_Planzeichnung,intentionally skipped,Only verified public referenced originals are imported; unreferenced/private-parent backup attachments are not auto-published
8103,attachment,FNP PV Mandichosee_Teil B_Begründung m. Umweltbericht-2023-10-26,intentionally skipped,Only verified public referenced originals are imported; unreferenced/private-parent backup attachments are not auto-published
9925,wpdmpro,Feuerwehr - Satzung über Aufwendungs- und Kostenersatz für Einsätze und andere Leistungen gemeindlicher Feuerwehren ab 01.01.2026,imported,SourceReference tracked
9911,wpdmpro,Wasser - Beitrags- und Gebührensatzung zur Wasserabgabesatzung ab 01.01.2026,imported,SourceReference tracked
9912,attachment,Wasser-Beitrags- und Gebührensatzung zur Wasserabgabesatzung ab 01.01.2026,intentionally skipped,Only verified public referenced originals are imported; unreferenced/private-parent backup attachments are not auto-published
10181,post,Bekanntmachung Beschwerdeausschuss,imported,SourceReference tracked
8154,attachment,Logo Advent,intentionally skipped,Only verified public referenced originals are imported; unreferenced/private-parent backup attachments are not auto-published
9968,wpdmpro,Bekanntmachung Stellplatzsatzung vom 08.09.2025,imported,SourceReference tracked
9197,post,Grundsteuer ab 2025 - Info des Finanzamtes zur Korrektur der Messbeträge,imported,SourceReference tracked
9198,attachment,Grundsteuer_Korrektur_Formular_FA_04_12_2024,imported,SourceReference tracked
8179,attachment,Gemeindekurier Weihnachten 2023 f. Homepage,intentionally skipped,Only verified public referenced originals are imported; unreferenced/private-parent backup attachments are not auto-published
10180,attachment,Bekanntmachung Beschwerdeausschusssitzung,imported,SourceReference tracked
8316,attachment,240208_E-Mail-Abbinder_Ukraine-2Jahrestag,intentionally skipped,Only verified public referenced originals are imported; unreferenced/private-parent backup attachments are not auto-published
8323,attachment,Amtsblatt 02-2024=Jahrg. 79 Nr. 02,intentionally skipped,Only verified public referenced originals are imported; unreferenced/private-parent backup attachments are not auto-published
8607,attachment,Amtsblatt 03-2024Jahrg. 79 Nr. 03,intentionally skipped,Only verified public referenced originals are imported; unreferenced/private-parent backup attachments are not auto-published
10169,attachment,Feuerwehr - Satzung über Aufwendungd- und Kostenersatz für Einsätze und andere Leistungen gem. Feuehrwehren ab 01.01.2026,imported,SourceReference tracked
8659,wpdmpro,Beste Ausbildungs- und Studienchanchen in der öffentlichen Verwaltung Bayerns,imported,SourceReference tracked
9234,wpdmpro,GSV - HH 1 Inhaltsverzeichnis 2026,imported,SourceReference tracked
9244,wpdmpro,MSV - HH 4 Vorbericht 2026,imported,SourceReference tracked
9243,wpdmpro,MSV - HH 3 Schulverbandsumlage 2026,imported,SourceReference tracked
8567,post,Abschaffung Kinderreisepass zum 01.01.2024,imported,SourceReference tracked
8622,attachment,Gemeindekurier Ostern 2024 f. Homepage,intentionally skipped,Only verified public referenced originals are imported; unreferenced/private-parent backup attachments are not auto-published
8634,tablepress_table,Veranstaltungskalender,converted or intentionally skipped,See tablepress.csv: structured rows / controlled table / unused helper
10177,attachment,Stellplatzsatzung ab 30.09.2025,imported,SourceReference tracked
10532,wpdmpro,Verkündung des Ergebnisses der Wahl des Ortssprechers für den Ortsteil Hochdorf,imported,SourceReference tracked
10515,post,Pressemitteilung Landratsamt Aichach-Friedberg : Bündnis f. Demokratie spricht Förderempfehlungen für 2026 aus,imported,SourceReference tracked
10516,attachment,20260414_Sitzung Bündnis für Demokratie f. Homepage,imported,SourceReference tracked
10376,wpdmpro,Prüfbericht Trinkwasser November 2025,imported,SourceReference tracked
10173,post,Bekanntmachung der Beitrags- und Gebührensatzung zur Wasserabgabesatzung der Gemeinde Merching v. 12.12.2025,imported,SourceReference tracked
10171,post,Bekanntmachung der Beitrags- und Gebührensatzung zur Entwässerungssatzung der Gemeinde Merching v. 12.12.2025,imported,SourceReference tracked
8674,attachment,miteinand und füreinand,imported,SourceReference tracked
8675,attachment,Anmeldeformular 2024 1 HJ,intentionally skipped,Only verified public referenced originals are imported; unreferenced/private-parent backup attachments are not auto-published
8715,attachment,EnergiePortal_Veröffentltext_SchadensMelder_Dez23,imported,SourceReference tracked
8717,attachment,QRCode_StörmelderApp_Merching_210602,imported,SourceReference tracked
8722,wpdmpro,"Schäden oder Störungen an Straßenlampen mit dem ""bayernwerk SchadensMelder"" an die Kommune melden",imported,SourceReference tracked
8869,attachment,Antrag_Fahrkarte_2024_2025,intentionally skipped,Only verified public referenced originals are imported; unreferenced/private-parent backup attachments are not auto-published
9222,page,Haushaltspläne,imported,SourceReference tracked
9246,wpdmpro,MSV - HH 6 Stellenplan 2026,imported,SourceReference tracked
9238,wpdmpro,GSV - HH 5 Haushaltsplan mit Finanzplan 2026,imported,SourceReference tracked
8824,post,Grundsteueränderungsanzeige,imported,SourceReference tracked
8815,attachment,https://www.gemeinde-merching.de/wp-content/uploads/2021/08/Energieberatung-Landkreis-Aichach-Friedberg-Typo-schwarz-RGB-scaled-e1629102681482.jpg,imported,SourceReference tracked
8816,attachment,Energieberatung-Landkreis-Aichach-Friedberg-Typo-schwarz-RGB-scaled-e1629102681482,imported,SourceReference tracked
8817,attachment,https://www.gemeinde-merching.de/wp-content/uploads/2024/06/Energieberatung-Landkreis-Aichach-Friedberg-Typo-schwarz-RGB-scaled-e1719300013415.jpg,imported,SourceReference tracked
8818,attachment,https://www.gemeinde-merching.de/wp-content/uploads/2023/08/Logo-Pflegestuetzpunkt-Landkreis-Aichach-Friedberg-CMYK-e1691053220541.webp,imported,SourceReference tracked
8819,attachment,https://www.gemeinde-merching.de/wp-content/uploads/link-library-images/14.jpg,imported,SourceReference tracked
9237,wpdmpro,GSV - HH 4 Vorbericht 2026,imported,SourceReference tracked
9236,wpdmpro,GSV - HH 3 Schulverbandsumlage 2026,imported,SourceReference tracked
9686,attachment,Screenshot 2025-06-25 103555,intentionally skipped,Only verified public referenced originals are imported; unreferenced/private-parent backup attachments are not auto-published
9856,attachment,Sommerserenade entfällt,intentionally skipped,Only verified public referenced originals are imported; unreferenced/private-parent backup attachments are not auto-published
9689,attachment,Familienstützpunkt Süd Programm Juli bis Sept. 2025,intentionally skipped,Only verified public referenced originals are imported; unreferenced/private-parent backup attachments are not auto-published
8974,attachment,doc00268420240910131618,intentionally skipped,Only verified public referenced originals are imported; unreferenced/private-parent backup attachments are not auto-published
8971,post,Mikrozensus 2026 - Pressemitteilung,imported,SourceReference tracked
8962,wpdmpro,sachlicher Teilflächennutzungsplan Windkraft,imported,SourceReference tracked
10112,attachment,Merchinger Advent Programm_25_bearbeitet_ Plakat Schule Merching F. Lubetzki,intentionally skipped,Only verified public referenced originals are imported; unreferenced/private-parent backup attachments are not auto-published
10167,attachment,Entwässerung - Beitrags- und Gebührensatzung zur Entwässerungssatzung ab 01.01.2026_NEU,imported,SourceReference tracked
10816,attachment,Screenshot 2026-07-30 144027,imported,SourceReference tracked
9230,wpdmpro,GSV - HH 0 Deckblatt 2026,imported,SourceReference tracked
9247,wpdmpro,MSV - HH 7 Anlagen 2026,imported,SourceReference tracked
9235,wpdmpro,GSV - HH 2 Haushaltssatzung 2026,imported,SourceReference tracked
10477,post,Balkonkraftwerk o. klassiche Photovoltaikanlage - Sonnenstrom für jeden Bedarf,imported,SourceReference tracked
10478,attachment,Logo Solaroffensive,imported,SourceReference tracked
8912,attachment,Fundanzeige 24-2024,intentionally skipped,Only verified public referenced originals are imported; unreferenced/private-parent backup attachments are not auto-published
10701,attachment,Plakatvorlage Sommerserenade 2026_Stand 26.05.26,intentionally skipped,Only verified public referenced originals are imported; unreferenced/private-parent backup attachments are not auto-published
9046,attachment,Hebesatzsatzung_2025,intentionally skipped,Only verified public referenced originals are imported; unreferenced/private-parent backup attachments are not auto-published
9458,attachment,Kauth-Yvonne-kl,imported,SourceReference tracked
9288,attachment,Plakatierungsverordnung,intentionally skipped,Only verified public referenced originals are imported; unreferenced/private-parent backup attachments are not auto-published
9291,attachment,015_2025_42_A_Mikrozensus,intentionally skipped,Only verified public referenced originals are imported; unreferenced/private-parent backup attachments are not auto-published
9307,wpdmpro,Gde - HH 0 Deckblatt 2026,imported,SourceReference tracked
9308,wpdmpro,Gde - HH 1 Inhaltsverzeichnis 2026,imported,SourceReference tracked
9309,wpdmpro,Gde - HH 2 Haushaltssatzung 2026,imported,SourceReference tracked
9310,wpdmpro,Gde - HH 3 Vorbericht 2026,imported,SourceReference tracked
9311,wpdmpro,Gde - HH 4 Darlehen 2026,imported,SourceReference tracked
9312,wpdmpro,Gde - HH 5 Kreditermächtigungen 2026,imported,SourceReference tracked
9313,wpdmpro,Gde - HH 6 Haushaltsplan mit Finanzplan 2026,imported,SourceReference tracked
9314,wpdmpro,Gde - HH 7 Stellenplan 2026,imported,SourceReference tracked
9315,wpdmpro,Gde - HH 8 Anlagen 2026,imported,SourceReference tracked
9316,wpdmpro,Gde - HH 9 Finanzplan Vermögenshaushalt Detail 2026,imported,SourceReference tracked
10804,attachment,Gemeindekurier Sommer 2026 f. Kurier,imported,SourceReference tracked
9418,attachment,Plakatierungsverordnung,imported,SourceReference tracked
9349,attachment,Aushang,intentionally skipped,Only verified public referenced originals are imported; unreferenced/private-parent backup attachments are not auto-published
9353,attachment,Aushang Homepage,intentionally skipped,Only verified public referenced originals are imported; unreferenced/private-parent backup attachments are not auto-published
9783,attachment,175_2025_42_A_Mikrozensus_Halbzeit,intentionally skipped,Only verified public referenced originals are imported; unreferenced/private-parent backup attachments are not auto-published
9844,attachment,Informationsflyer Blaualgen am Mandichosee,imported,SourceReference tracked
9370,attachment,Bekanntm._ern_öff_Ausl_3_Änd_BPNr11_Kirchenfeld_20250228,intentionally skipped,Only verified public referenced originals are imported; unreferenced/private-parent backup attachments are not auto-published
9372,attachment,B-Plan Nr. 11 Datenschutzinformationspflicht,intentionally skipped,Only verified public referenced originals are imported; unreferenced/private-parent backup attachments are not auto-published
9542,attachment,871b0a73-8034-47e4-80ac-ea20ad13f29e,imported,SourceReference tracked
9417,wpdmpro,Plakatierungsverordnung vom 14.12.2023,imported,SourceReference tracked
9388,attachment,BekanntmachungRattenMai2025,intentionally skipped,Only verified public referenced originals are imported; unreferenced/private-parent backup attachments are not auto-published
9426,attachment,Broschüre_Tag der Vereine_01.06.2025,intentionally skipped,Only verified public referenced originals are imported; unreferenced/private-parent backup attachments are not auto-published
9425,attachment,Broschüre_Tag der Vereine_01.06.2025,intentionally skipped,Only verified public referenced originals are imported; unreferenced/private-parent backup attachments are not auto-published
9395,attachment,Artenschutz Relevanzprüfung 23-02-10,intentionally skipped,Only verified public referenced originals are imported; unreferenced/private-parent backup attachments are not auto-published
9397,attachment,Begründung_Entwurf_BP_Kirchenfeld_3_Änd_20250123,intentionally skipped,Only verified public referenced originals are imported; unreferenced/private-parent backup attachments are not auto-published
9399,attachment,Planzeichnung_Entwurf_3_Änd_Kirchenfeld_2025-01-23,intentionally skipped,Only verified public referenced originals are imported; unreferenced/private-parent backup attachments are not auto-published
9401,attachment,Textteil_Entwurf_BP_Kirchenfeld_3_Änd_20250123,intentionally skipped,Only verified public referenced originals are imported; unreferenced/private-parent backup attachments are not auto-published
9515,attachment,Bekanntmachung Kostensatzung,intentionally skipped,Only verified public referenced originals are imported; unreferenced/private-parent backup attachments are not auto-published
9414,attachment,Aushang Homepage_2,intentionally skipped,Only verified public referenced originals are imported; unreferenced/private-parent backup attachments are not auto-published
9508,post,Zensus 2022: Gesetz über den Schutz der Sonn- und Feiertage (Feiertagsgesetz) Mariä Himmelfahrt,imported,SourceReference tracked
9511,wpdmpro,Bekanntmachung Kostensatzung,imported,SourceReference tracked
9512,attachment,Bekanntmachung Kostensatzung,imported,SourceReference tracked
9513,post,Bekanntmachung Kostensatzung,imported,SourceReference tracked
9462,attachment,8_Änd_FNP_Steinach_Ost_Bekanntmachung_Genehmigung_20250403,intentionally skipped,Only verified public referenced originals are imported; unreferenced/private-parent backup attachments are not auto-published
9465,attachment,8_Änd_FNP_Steinach_Ost_zus_Erklärung_20250403,intentionally skipped,Only verified public referenced originals are imported; unreferenced/private-parent backup attachments are not auto-published
9469,attachment,8_Änd_FNP_Merching_Planzeichnung_Feststellung_2024-06-20,intentionally skipped,Only verified public referenced originals are imported; unreferenced/private-parent backup attachments are not auto-published
9656,attachment,Fundsache 15-2025,intentionally skipped,Only verified public referenced originals are imported; unreferenced/private-parent backup attachments are not auto-published
9471,attachment,8_Änd_FNP_Steinach_Ost_Begründung_20240620,intentionally skipped,Only verified public referenced originals are imported; unreferenced/private-parent backup attachments are not auto-published
9478,attachment,Gemeindekurier Ostern 2025 endgültig f. Homepage,intentionally skipped,Only verified public referenced originals are imported; unreferenced/private-parent backup attachments are not auto-published
9695,attachment,Antrag_Fahrkarte_2025_2026,imported,SourceReference tracked
9518,attachment,Bekanntmachung Kostensatzung,imported,SourceReference tracked
9521,attachment,BP35_Geruchsprognose_230714,intentionally skipped,Only verified public referenced originals are imported; unreferenced/private-parent backup attachments are not auto-published
9523,attachment,BP35_Steinach_Ost_Begründung_20240620,intentionally skipped,Only verified public referenced originals are imported; unreferenced/private-parent backup attachments are not auto-published
9525,attachment,BP35_Steinach_Ost_Bekanntmachung_Satzungsbeschluss,intentionally skipped,Only verified public referenced originals are imported; unreferenced/private-parent backup attachments are not auto-published
9527,attachment,BP35_Steinach_Ost_Planzeichnung_2024-06-20,intentionally skipped,Only verified public referenced originals are imported; unreferenced/private-parent backup attachments are not auto-published
9529,attachment,BP35_Steinach_Ost_Textteil_20240620,intentionally skipped,Only verified public referenced originals are imported; unreferenced/private-parent backup attachments are not auto-published
9531,attachment,BP35_Steinach_Ost_Zusammenfassende_Erklärung,intentionally skipped,Only verified public referenced originals are imported; unreferenced/private-parent backup attachments are not auto-published
9545,attachment,a44955c3-7ddb-4b8d-ac70-5887973f301e,intentionally skipped,Only verified public referenced originals are imported; unreferenced/private-parent backup attachments are not auto-published
9548,attachment,Fundanzeige 12-2025,intentionally skipped,Only verified public referenced originals are imported; unreferenced/private-parent backup attachments are not auto-published
9549,attachment,Fundanzeige 13-2025,intentionally skipped,Only verified public referenced originals are imported; unreferenced/private-parent backup attachments are not auto-published
10803,wpdmpro,Gemeindekurier Sommer 2026,imported,SourceReference tracked
9885,attachment,Gemeindekurier Sommer 2025-V1 PDF für Druckerei Richter,intentionally skipped,Only verified public referenced originals are imported; unreferenced/private-parent backup attachments are not auto-published
9560,attachment,Fundanzeige 14 - 2025,intentionally skipped,Only verified public referenced originals are imported; unreferenced/private-parent backup attachments are not auto-published
10274,attachment,Merching-Ablauf-1,intentionally skipped,Only verified public referenced originals are imported; unreferenced/private-parent backup attachments are not auto-published
9878,attachment,Geldbeutel-8821920_1280,intentionally skipped,Only verified public referenced originals are imported; unreferenced/private-parent backup attachments are not auto-published
9879,attachment,Smartphone-153650_1280 (3),intentionally skipped,Only verified public referenced originals are imported; unreferenced/private-parent backup attachments are not auto-published
9880,attachment,Sonstige Fundsache-2747288_1280,imported,SourceReference tracked
9562,post,Neues aus dem Einwohnermeldeamt (Lichtbilder),imported,SourceReference tracked
10161,attachment,Gemeindekurier Weihnachten 2025 f. Homepage,intentionally skipped,Only verified public referenced originals are imported; unreferenced/private-parent backup attachments are not auto-published
9570,attachment,Mack-Petra,imported,SourceReference tracked
9573,attachment,Huster-Christian,imported,SourceReference tracked
9593,attachment,image0,intentionally skipped,Only verified public referenced originals are imported; unreferenced/private-parent backup attachments are not auto-published
9595,attachment,image1,intentionally skipped,Only verified public referenced originals are imported; unreferenced/private-parent backup attachments are not auto-published
9600,post,Spielplatz an der Paar mit Spielschiff u. gestifteten Bänken des Hühnerkomitees Merching wurde offiziell eröffnet,imported,SourceReference tracked
9603,attachment,T Spielschiff 15-05-2025,imported,SourceReference tracked
9609,attachment,PDF Flyer Merchinger Ferienprogramm 2025,intentionally skipped,Only verified public referenced originals are imported; unreferenced/private-parent backup attachments are not auto-published
10471,attachment,1. Bürgermeister Helmut Luichtl,imported,SourceReference tracked
10508,post,Pressemitteilung Landratsamt Aichach-Friedberg - Geflügelpest: Sperrzone aufgehoben,imported,SourceReference tracked
10509,attachment,20260413 AV Geflügelpest aufgehoben_LRA AIC-FDB f. Homepage u. Aushang,imported,SourceReference tracked
10793,wpdmpro,Bestattung - Gebührensatzung zur Satzung für öffentl. Bestattungseinrichtung (GBS/BES) der Gemeinde Merching ab 01.01.2027,imported,SourceReference tracked
10315,attachment,Bekanntmachung Abschlussbericht Kommunale Wärmeplanung PDF,intentionally skipped,Only verified public referenced originals are imported; unreferenced/private-parent backup attachments are not auto-published
10316,wpdmpro,Bekanntmachung Kommunale Wärmeplanung Merching,imported,SourceReference tracked
10317,attachment,Bekanntmachung Abschlussbericht Kommunale Wärmeplanung PDF,imported,SourceReference tracked
10326,wpdmpro,Pressemitteilung Mikrozensus 2026,imported,SourceReference tracked
10327,attachment,004_2026_42_A_Mikrozensus,imported,SourceReference tracked
10551,attachment,20260430_LRA beim Marktsonntag Mering,intentionally skipped,Only verified public referenced originals are imported; unreferenced/private-parent backup attachments are not auto-published
10533,attachment,Verkündung des Wahlergebnisses OT Hochdorf,imported,SourceReference tracked
10377,attachment,Trinkwasserwerte f. Homepage vom Bauhof 26.02.26,imported,SourceReference tracked
10385,attachment,Merchinger Ramadama 2026 PDF,intentionally skipped,Only verified public referenced originals are imported; unreferenced/private-parent backup attachments are not auto-published
10388,attachment,Modernisierungsbündnis 2026_vhs-Kurs Merching,intentionally skipped,Only verified public referenced originals are imported; unreferenced/private-parent backup attachments are not auto-published
10881,post,Fundsache,imported,SourceReference tracked
10772,wpdmpro,"Bekanntmachung Eröffnung Vergabeverfahren für Baugrundstücke, Baugebiet 34 ""Östlich der Nebelhornstraße""",imported,SourceReference tracked
10555,attachment,20260430_LRA beim Marktsonntag Mering,intentionally skipped,Only verified public referenced originals are imported; unreferenced/private-parent backup attachments are not auto-published
10394,attachment,20260226_PM_VHS Kurs Merching Gebäude,intentionally skipped,Only verified public referenced originals are imported; unreferenced/private-parent backup attachments are not auto-published
10399,post,Wasserrechtliches Planfeststellungsverfahren,imported,SourceReference tracked
10400,attachment,DEU_Augsburg_COA_1811.svg,intentionally skipped,Only verified public referenced originals are imported; unreferenced/private-parent backup attachments are not auto-published
10402,attachment,DEU_Augsburg_COA_klein,imported,SourceReference tracked
10406,attachment,Plakat Benefizkonzert 05.05.2026 in Merching,intentionally skipped,Only verified public referenced originals are imported; unreferenced/private-parent backup attachments are not auto-published
10407,attachment,Logo Ambulante Snipping Tool,intentionally skipped,Only verified public referenced originals are imported; unreferenced/private-parent backup attachments are not auto-published
10408,attachment,Logo Ambulante Snipping Tool,intentionally skipped,Only verified public referenced originals are imported; unreferenced/private-parent backup attachments are not auto-published
10418,post,Ergebnisse der Kommunalwahl 08.03.2026,imported,SourceReference tracked
10432,post,Bekanntmachung des abschließenden Ergebnisses der Wahl des Gemeinderats am 08. März 2026,imported,SourceReference tracked
10569,attachment,Bekanntmachung Vergabe von gemeindlichen Wohnbaugrundstücken,imported,SourceReference tracked
10454,attachment,Gemeindekurier Ostern 2026 f. Homepage,imported,SourceReference tracked
10455,wpdmpro,Ortssprecherwahl Steinach u. Hochdorf - Beilage Gemeindekurier zu Ostern f. die Ortsteile,imported,SourceReference tracked
10456,attachment,Information Ortssprecherwahl Steinach u. Hochdorf_Beilage Kurier Ostern 2026 f. Hochdorf u. Steinach f. Homepage,imported,SourceReference tracked
10461,post,Bekanntmachung für den Erörterungstermin Licca Liber I,imported,SourceReference tracked
10463,wpdmpro,Bekanntmachung für den Erörterungstermin Licca Liber I,imported,SourceReference tracked
10464,attachment,2026-03-02 Lili I EÖT Bekanntmachungstext,imported,SourceReference tracked
10773,attachment,Bekanntmachung Eröffnung Vergabeverfahren BG 34,imported,SourceReference tracked
10485,post,Solaroffensive Wittelsbacher Land,imported,SourceReference tracked
10486,attachment,2026031Anzeige Solaroffensive und Energieberatung 04_26 f. Homepage,imported,SourceReference tracked
10521,post,Grundsteuer - Änderungen am Grundbesitz bis 30.04.2026 dem Finanzamt anzeigen,imported,SourceReference tracked
10498,attachment,Wahlbekanntmachung Homepage,intentionally skipped,Only verified public referenced originals are imported; unreferenced/private-parent backup attachments are not auto-published
10522,attachment,26-04-16 PM Anzeigepflicht Änderungen Grundbesitz.docx,imported,SourceReference tracked
10570,post,Bekanntmachung v. 12.05.2026 - Vergabe von gemeindlichen Wohnbaugrundstücken,imported,SourceReference tracked
10791,attachment,Friedhofs- und Bestattungssatzung ab 01.01.2027 Homepage,intentionally skipped,Only verified public referenced originals are imported; unreferenced/private-parent backup attachments are not auto-published
10580,attachment,Grabmann-klein,imported,SourceReference tracked
10581,attachment,Lang-klein,imported,SourceReference tracked
10588,attachment,Helmut-Luichtl-klein,imported,SourceReference tracked
10656,attachment,Luichtl-Tobias-klein,imported,SourceReference tracked
10597,attachment,Pressemitteilung LRA Wettbewerb_Wir für's Wittelsbacher Land,intentionally skipped,Only verified public referenced originals are imported; unreferenced/private-parent backup attachments are not auto-published
10605,attachment,Flyer SR 2026_AIC-FDB_klein,intentionally skipped,Only verified public referenced originals are imported; unreferenced/private-parent backup attachments are not auto-published
10657,attachment,Ulrich-Kirstin-klein,imported,SourceReference tracked
10649,attachment,Mueller-Martin-klein,imported,SourceReference tracked
10650,attachment,Uthe-Tina-klein,imported,SourceReference tracked
10624,wpdmpro,Satzung zur Regelung von Fragen des örtlichen Gemeindeverfassungsrechts vom 19.05.2026,imported,SourceReference tracked
10625,attachment,Satzung Gemeideverfassunsrechts Homepage,imported,SourceReference tracked
10798,post,Gebührensatzung zur Friedhofs- und Bestattungssatzung ab 01.01.2027,imported,SourceReference tracked
10839,attachment,Friedhofs- und Bestattungssatzung ab 01.01.2027 Homepage,imported,SourceReference tracked
10630,attachment,Bekanntmachung_Satzung Gemeindeverfassungsrechts_Homepage,intentionally skipped,Only verified public referenced originals are imported; unreferenced/private-parent backup attachments are not auto-published
10639,attachment,Dittebrand-Martin-klein,imported,SourceReference tracked
10653,attachment,Mayr-Thomas-klein,imported,SourceReference tracked
10641,attachment,Schwarz-Thomas-klein,imported,SourceReference tracked
10642,attachment,Teifelhart-Wolfgang-klein,imported,SourceReference tracked
10796,post,Friedhofs- und Bestattungssatzung ab 01.01.2027,imported,SourceReference tracked
10645,attachment,Bekanntmachung_Geschäftsordnung_Homepage,intentionally skipped,Only verified public referenced originals are imported; unreferenced/private-parent backup attachments are not auto-published
10794,attachment,Bestattungsgebührensatzung ab 01.01.2027 _Homepage,intentionally skipped,Only verified public referenced originals are imported; unreferenced/private-parent backup attachments are not auto-published
10662,post,Pressemitteilung Finanzamt Augsburg Land - Erinnerung an Steuervorauszahlung,imported,SourceReference tracked
10663,attachment,Kurzversion_Erinnerung an Steuervorauszahlung.docx,imported,SourceReference tracked
10669,attachment,Kobarschik-Jochen-kl,imported,SourceReference tracked
10754,post,Einführung des Wassercents in Bayern,imported,SourceReference tracked
10757,attachment,20260623_Tonnenleerung ab 5 Uhr wegen Hitze,intentionally skipped,Only verified public referenced originals are imported; unreferenced/private-parent backup attachments are not auto-published
10677,attachment,logo-quadratisch,intentionally skipped,Only verified public referenced originals are imported; unreferenced/private-parent backup attachments are not auto-published
10845,attachment,20260825_Urlaub trotz Pflege,imported,SourceReference tracked
10848,post,Fachstelle f. pflegende Angehörige - Tageskurs für ehrenamtlich tätige Einzelperson am 27.10.2026 in Aichach,imported,SourceReference tracked
10762,attachment,20260625_Badeseen_Beprobung LRA 25.06.2026,intentionally skipped,Only verified public referenced originals are imported; unreferenced/private-parent backup attachments are not auto-published
10681,attachment,logo-quadratisch,intentionally skipped,Only verified public referenced originals are imported; unreferenced/private-parent backup attachments are not auto-published
10683,wpdmpro,Geschäftsordnung ab Mai 2026,imported,SourceReference tracked
10684,attachment,Geschaeftsordnung_Homepage_ab Mai_2026,imported,SourceReference tracked
10867,post,Pressemitteilung: Region wehrt sich gegen geplante Ausdünnung des Regionalverkehrs zwischen Augsburg und München,imported,SourceReference tracked
10844,post,Urlaub trotz Pflege,imported,SourceReference tracked
10710,attachment,Juergens-Friedrich-kl,imported,SourceReference tracked
10714,attachment,Bekanntmachung Schließung Rathaus 01.07. bis 03.07.2026,intentionally skipped,Only verified public referenced originals are imported; unreferenced/private-parent backup attachments are not auto-published
10722,attachment,Waitzmann-Bernd-kl,imported,SourceReference tracked
10723,attachment,Scheibenbogen-Monika-kl,imported,SourceReference tracked
10724,attachment,Eckmann-Christian-kl,imported,SourceReference tracked
10725,attachment,Wecker-Martin-kl,imported,SourceReference tracked
10726,attachment,Failer-Christian-kl,imported,SourceReference tracked
10727,attachment,Storch-Markus-kl,imported,SourceReference tracked
10735,attachment,Bekanntmachung Verbandsversammlung-24.06.2026,intentionally skipped,Only verified public referenced originals are imported; unreferenced/private-parent backup attachments are not auto-published
10931,post,"Unterstützung für Menschen mit Pfegebedarf - Tagesschulung zur ""Ehrenamtlich tätigen Einzelperson""",imported,SourceReference tracked
10932,attachment,20260924_Tagesschulung Ehrenamtlich tätige Einzelperson,imported,SourceReference tracked
10737,wpdmpro,Bekanntmachung Einladung Verbandsversammlung Adelburggruppe 24.06.2026,imported,SourceReference tracked
10738,attachment,Bekanntmachung Verbandsversammlung-24.06.2026,imported,SourceReference tracked
10785,wpdmpro,Bekanntmachung Friedhofs- und Bestattungssatzung ab 01.01.2027,imported,SourceReference tracked
10741,wpdmpro,Rechtsverordnung über die Zulassung des Betriebs von Autowaschanlagen an Sonn- und Feiertagen,imported,SourceReference tracked
10742,attachment,Rechtsverordnung über die Zulassung des Betriebs von Autowaschanlagen an Sonn- und Feiertagen,imported,SourceReference tracked
10849,attachment,Kurs ehrenamtlich tätige Einzelperson 27.10.2026 LRA_Flyer,imported,SourceReference tracked
10744,post,"Amtsblatt Landkreis Aichach-Friedberg 06/2026, Jahrgang 81",imported,SourceReference tracked
10748,wpdmpro,Amtsblatt Landkreis Aichach-Friedberg vom 02.06.2026 m. Bekanntmachung Haushaltssatzung f.d. Haushalt 2026 des Zweckverband zur Wasserversorgung d. Adelburggruppe,imported,SourceReference tracked
10749,attachment,Amtsblatt-06-2026Jahrg.-81-Nr.-06,imported,SourceReference tracked
10808,post,Blaualgen Tychonema am Mandichosee,imported,SourceReference tracked
10928,post,E-Rechnung im Verein: Online-Seminar des Landratsamtes informiert über neue Anforderungen,imported,SourceReference tracked
10929,attachment,20260925_Vereinsforum E-Rechnung_Online Seminar LRA,imported,SourceReference tracked
10940,post,DB InfraGO AG führt am 20.10.26 Bauarbeiten durch (Bf Kissing - Bf Augsburg Hbf u. Bf Mammendorf - Bf Mering),imported,SourceReference tracked
10925,post,Fundsache,imported,SourceReference tracked
10826,post,"Fotowettbewerb ""Ein Herz für regionale Lebensmittel""",imported,SourceReference tracked
10827,attachment,Sharepic_Ein Herz für regionale LM_1080x1920px,imported,SourceReference tracked
10828,attachment,"Logo Amt f. Ernährung, Landwirtschaft und Forsten",imported,SourceReference tracked
10833,post,Neue Termine für kostenlose Rückgabe von Pflanzenschutz-Verpackungen - Entsorgungssystem PAMIRA,imported,SourceReference tracked
10834,attachment,20260811_Pamira-Sammlung 2026,imported,SourceReference tracked
10838,attachment,Friedhofs- und Bestattungssatzung ab 01.01.2027 Homepage,intentionally skipped,Only verified public referenced originals are imported; unreferenced/private-parent backup attachments are not auto-published
10853,attachment,Plakat Tag der offenen Türen_Demenzwoche 2026,intentionally skipped,Only verified public referenced originals are imported; unreferenced/private-parent backup attachments are not auto-published
10855,attachment,"Logo Bayer. Staatsministerium f. Gesundheit, Pflege u. Prävention",imported,SourceReference tracked
10862,attachment,20260819 Badeseen Beprobung Tychonema,intentionally skipped,Only verified public referenced originals are imported; unreferenced/private-parent backup attachments are not auto-published
10868,attachment,20260903_DB InfraGO Augsburg - München_Pressemitteilung LRA 09.2026,imported,SourceReference tracked
10870,wpdmpro,Bodenrichtwerte ab 01.01.2026 für Merching,imported,SourceReference tracked
10871,attachment,Merching Bodenrichtwerte 2026,imported,SourceReference tracked
10872,wpdmpro,Bodenrichtwerte ab 01.01.2026 für Steinach und Hochdorf,imported,SourceReference tracked
10873,attachment,Steinach + Hochdorf Bodenrichtwerte 2026,imported,SourceReference tracked
10874,wpdmpro,Bodenrichtwerte f. landwirtschaftliche Flächen ab 01.01.2026,imported,SourceReference tracked
10875,attachment,landwirtschaftliche Flächen Bodenrichtwerte 2026,imported,SourceReference tracked
10876,post,Bodenrichtwerte ab 01.01.2026,imported,SourceReference tracked
10885,attachment,20260908_Warntag,intentionally skipped,Only verified public referenced originals are imported; unreferenced/private-parent backup attachments are not auto-published
10887,post,Pressemitteilung Landratsamt Aichach-Friedberg: Tychonema in mehreren Badeseen nachgewiesen,imported,SourceReference tracked
10888,attachment,20260909_Badeseenbeprobung,imported,SourceReference tracked
10890,post,Suizidprävention - Pressemitteilung Landratsamt Aichach-Friedberg,imported,SourceReference tracked
10891,attachment,20260910_Welttag Suizidprävention,imported,SourceReference tracked
10896,post,Pressemitteilung Landratsamt Aichach-Friedberg: Blaualgen im Uferbereich des Auensees bei Kissing,imported,SourceReference tracked
10897,attachment,20260915_Blaualgen Auensee Kissing (003),imported,SourceReference tracked
10900,attachment,PRESSEMITTEILUNG Nachhaltigkeitstag 18.09.2026 Infos über das Programm,intentionally skipped,Only verified public referenced originals are imported; unreferenced/private-parent backup attachments are not auto-published
10904,attachment,3. PM triathlon.de CUP Königsbrunn - Sperrungen & Anwohnerinformationen,intentionally skipped,Only verified public referenced originals are imported; unreferenced/private-parent backup attachments are not auto-published
10906,attachment,TRICUP_KOEB_Flyer_Anwohner_2026-08-21,intentionally skipped,Only verified public referenced originals are imported; unreferenced/private-parent backup attachments are not auto-published
10909,attachment,Triathlon,intentionally skipped,Only verified public referenced originals are imported; unreferenced/private-parent backup attachments are not auto-published
10914,post,Fundfahrrad,imported,SourceReference tracked
10917,post,Übernahme Papiertonne v. REMONDIS durch den Landkreis - Erfassung der Tonnen in Merching ab 19.10.2026,imported,SourceReference tracked
10918,attachment,20260915_Übernahme Papiertonne durch den Landkreis_Pressemitteilung LRA,imported,SourceReference tracked
10938,post,Vollsperrung der Steinacher Straße 07.10.2026 - 31.10.2026,imported,SourceReference tracked
10942,post,DB InfraGO AG führt am 13.10. u. 14.10.26 Bauarbeiten durch (Bf Mering - Bf Egling),imported,SourceReference tracked
10944,post,Workshop Freiwilligenagentur: Wie gewinnen wir neue Freiwillige? Alle im Blick - Ehrenamt neu gestalten,imported,SourceReference tracked
10945,attachment,20260918_Workshop_Alle im Blick Ehrenamt neu gestalten,imported,SourceReference tracked
10947,post,Veranstaltung Landratsamt Aichach-Friedberg: Ratschen über Photovoltaik - SolarTreffs in verschiedenen Gemeinden,imported,SourceReference tracked
10948,attachment,20260928_Vorlage PM_mehrere SolarTreffs,imported,SourceReference tracked
10952,post,Vollsperrung Bahnübergang zwischen Brunnen und St. 2052 im Zeitraum vom 13.10.2026 - 15.10.2026,imported,SourceReference tracked
