old_url,type,id,destination
/wp-content/uploads/download-manager-files/GSV-6-HH-Anlagen.pdf,document,1,/download/1/gsv-6-hh-anlagen.pdf
/?wpdmdl=9239,document,1,/download/1/gsv-6-hh-anlagen.pdf
/download/gsv-hh-anlagen-2026,document,1,/download/1/gsv-6-hh-anlagen.pdf
/wp-content/uploads/download-manager-files/MSV-0-HH-Deckblatt.pdf,document,2,/download/2/msv-0-hh-deckblatt.pdf
/?wpdmdl=9240,document,2,/download/2/msv-0-hh-deckblatt.pdf
/download/msv-hh-0-deckblatt-2026,document,2,/download/2/msv-0-hh-deckblatt.pdf
/wp-content/uploads/download-manager-files/1787207996wpdm_Friedhofs-und-Bestattungssatzung-ab-01.01.2027-Homepage.pdf,document,3,/download/3/1787207996wpdm-friedhofs-und-bestattungssatzung-ab-01012027-homepage.pdf
/?wpdmdl=10790,document,3,/download/3/1787207996wpdm-friedhofs-und-bestattungssatzung-ab-01012027-homepage.pdf
/download/friedhofs-und-bestattungssatzung-ab-01-01-2027,document,3,/download/3/1787207996wpdm-friedhofs-und-bestattungssatzung-ab-01012027-homepage.pdf
/wp-content/uploads/download-manager-files/Unternehmenssatzung-fuer-das-Kommunalunternehmen-Merching-vom-16.09.2025.pdf,document,4,/download/4/unternehmenssatzung-fuer-das-kommunalunternehmen-merching-vom-16092025.pdf
/?wpdmdl=9978,document,4,/download/4/unternehmenssatzung-fuer-das-kommunalunternehmen-merching-vom-16092025.pdf
/download/unternehmenssatzung-fuer-das-kommunalunternehmen-merching-vom-16-09-2025,document,4,/download/4/unternehmenssatzung-fuer-das-kommunalunternehmen-merching-vom-16092025.pdf
/wp-content/uploads/download-manager-files/Bekanntmachung-Satzung-GBS_BES-ab-01.01.2027.pdf,document,5,/download/5/bekanntmachung-satzung-gbs-bes-ab-01012027.pdf
/?wpdmdl=10788,document,5,/download/5/bekanntmachung-satzung-gbs-bes-ab-01012027.pdf
/download/bekanntmachung-der-gebuehrensatzung-zur-friedhofs-und-bestattungssatzung-ab-01-01-2027,document,5,/download/5/bekanntmachung-satzung-gbs-bes-ab-01012027.pdf
/wp-content/uploads/download-manager-files/BZKF_BuergerTelefonKrebs-v.-F.-Hagen.pdf,document,6,/download/6/bzkf-buergertelefonkrebs-v-f-hagen.pdf
/?wpdmdl=10245,document,6,/download/6/bzkf-buergertelefonkrebs-v-f-hagen.pdf
/download/buergertelefon-krebs,document,6,/download/6/bzkf-buergertelefonkrebs-v-f-hagen.pdf
/wp-content/uploads/download-manager-files/Abschaffung-des-Kinderreisepasses-zum-01.01.2024.pdf,document,7,/download/7/abschaffung-des-kinderreisepasses-zum-01012024.pdf
/?wpdmdl=8132,document,7,/download/7/abschaffung-des-kinderreisepasses-zum-01012024.pdf
/download/abschaffung-des-kinderreisepasses-zum-01-01-2024,document,7,/download/7/abschaffung-des-kinderreisepasses-zum-01012024.pdf
/wp-content/uploads/download-manager-files/1685442520wpdm_Vorkaufsrechtssatzung.pdf,document,8,/download/8/1685442520wpdm-vorkaufsrechtssatzung.pdf
/?wpdmdl=7608,document,8,/download/8/1685442520wpdm-vorkaufsrechtssatzung.pdf
/download/satzung-ueber-das-besondere-vorkaufsrecht-d-gemeinde-merching-f-den-bereich-d-fl-nr-88-1-90-und-93-3-d-gemarkung-merching,document,8,/download/8/1685442520wpdm-vorkaufsrechtssatzung.pdf
/wp-content/uploads/download-manager-files/Bekanntmachung-Satzung-fuer-das-Kommunalunternehmen-Merching-vom-16.09.2025.pdf,document,9,/download/9/bekanntmachung-satzung-fuer-das-kommunalunternehmen-merching-vom-16092025.pdf
/?wpdmdl=9976,document,9,/download/9/bekanntmachung-satzung-fuer-das-kommunalunternehmen-merching-vom-16092025.pdf
/download/bekanntmachung-unternehmenssatzung-fuer-das-kommunalunternehmen-merching-vom-16-09-2026,document,9,/download/9/bekanntmachung-satzung-fuer-das-kommunalunternehmen-merching-vom-16092025.pdf
/wp-content/uploads/download-manager-files/Stellplatzsatzung-ab-30.09.2025-.pdf,document,10,/download/10/stellplatzsatzung-ab-30092025.pdf
/?wpdmdl=9972,document,10,/download/10/stellplatzsatzung-ab-30092025.pdf
/download/stellplatzsatzung-vom-08-09-2025,document,10,/download/10/stellplatzsatzung-ab-30092025.pdf
/wp-content/uploads/download-manager-files/Bekanntmachung-Beschwerdeausschusssitzung.pdf,document,11,/download/11/bekanntmachung-beschwerdeausschusssitzung.pdf
/?wpdmdl=10179,document,11,/download/11/bekanntmachung-beschwerdeausschusssitzung.pdf
/download/bekanntmachung-beschwerdeausschuss,document,11,/download/11/bekanntmachung-beschwerdeausschusssitzung.pdf
/wp-content/uploads/filebase/satzungen-verordnungen-gemeinde-merching/web_kostensatzung_2002.pdf,document,12,/download/12/web-kostensatzung-2002.pdf
/?wpdmdl=7017,document,12,/download/12/web-kostensatzung-2002.pdf
/download/erhebung-verwaltungskosten-satzung-ueber-die-erhebung-von-verwaltungskosten-fuer-amtshandlungen-im-eigenen-wirkungskreis-der-gemeinde-merching-kostensatzung,document,12,/download/12/web-kostensatzung-2002.pdf
/wp-content/uploads/download-manager-files/Gemeinderatswahl-Bekanntmachung_Wahlergebnis_Anl_17_Homepage.pdf,document,13,/download/13/gemeinderatswahl-bekanntmachung-wahlergebnis-anl-17-homepage.pdf
/?wpdmdl=10430,document,13,/download/13/gemeinderatswahl-bekanntmachung-wahlergebnis-anl-17-homepage.pdf
/download/bekanntmachung-des-abschliessenden-ergebnisses-der-wahl-des-gemeinderats-am-08-maerz-2026,document,13,/download/13/gemeinderatswahl-bekanntmachung-wahlergebnis-anl-17-homepage.pdf
/wp-content/uploads/download-manager-files/Bekanntmachung-Grd.St_HundeSt.-2025.pdf,document,14,/download/14/bekanntmachung-grdst-hundest-2025.pdf
/?wpdmdl=9075,document,14,/download/14/bekanntmachung-grdst-hundest-2025.pdf
/download/bekanntmachung-grundsteuer-und-hundesteuer-2025,document,14,/download/14/bekanntmachung-grdst-hundest-2025.pdf
/wp-content/uploads/download-manager-files/Merkblatt-zum-richtigen-Verhalten-ggue.-Wasser-u.-Zugvoegeln-LRA-November-2025.pdf,document,15,/download/15/merkblatt-zum-richtigen-verhalten-ggue-wasser-u-zugvoegeln-lra-november-2025.pdf
/?wpdmdl=10091,document,15,/download/15/merkblatt-zum-richtigen-verhalten-ggue-wasser-u-zugvoegeln-lra-november-2025.pdf
/download/merkblatt-zum-richtigen-verhalten-gegenueber-wasser-zugvoegeln,document,15,/download/15/merkblatt-zum-richtigen-verhalten-ggue-wasser-u-zugvoegeln-lra-november-2025.pdf
/wp-content/uploads/download-manager-files/Spielplatzsatzung-der-Gemeinde-Merching-vom-01.10.2025.pdf,document,16,/download/16/spielplatzsatzung-der-gemeinde-merching-vom-01102025.pdf
/?wpdmdl=10033,document,16,/download/16/spielplatzsatzung-der-gemeinde-merching-vom-01102025.pdf
/download/satzung-zur-einfuehrung-einer-pflicht-zum-nachweis-eines-spielplatzes-fuer-kinder-spielplatzsatzung,document,16,/download/16/spielplatzsatzung-der-gemeinde-merching-vom-01102025.pdf
/wp-content/uploads/download-manager-files/1765778685wpdm_Feuerwehr-Satzung-ueber-Aufwendungd-und-Kostenersatz-fuer-Einsaetze-und-andere-Leistungen-gem.-Feuehrwehren-ab-01.01.2026.pdf,document,17,/download/17/1765778685wpdm-feuerwehr-satzung-ueber-aufwendungd-und-kostenersatz-fuer-einsaetze-und-andere-leistungen-gem-feuehrwehre.pdf
/?wpdmdl=9922,document,17,/download/17/1765778685wpdm-feuerwehr-satzung-ueber-aufwendungd-und-kostenersatz-fuer-einsaetze-und-andere-leistungen-gem-feuehrwehre.pdf
/download/satzung-aufwendungs-u-kostenersatz-f-einsaetze-u-andere-leistungen-gemeindlicher-feuerwehren-ab-01-01-2026,document,17,/download/17/1765778685wpdm-feuerwehr-satzung-ueber-aufwendungd-und-kostenersatz-fuer-einsaetze-und-andere-leistungen-gem-feuehrwehre.pdf
/wp-content/uploads/download-manager-files/Hundesteuer-Satzung-der-Gemeinde-Merching-fuer-die-Erhebung-einer-Hundesteuer-ab-2026.pdf,document,18,/download/18/hundesteuer-satzung-der-gemeinde-merching-fuer-die-erhebung-einer-hundesteuer-ab-2026.pdf
/?wpdmdl=10027,document,18,/download/18/hundesteuer-satzung-der-gemeinde-merching-fuer-die-erhebung-einer-hundesteuer-ab-2026.pdf
/download/hundesteuer-satzung-der-gemeinde-merching-fuer-die-erhebung-der-hundesteuer-hundesteuersatzung-hsts,document,18,/download/18/hundesteuer-satzung-der-gemeinde-merching-fuer-die-erhebung-einer-hundesteuer-ab-2026.pdf
/wp-content/uploads/download-manager-files/MSV-5-HH-Haushaltsplan-mit-Finanzplan-und-Deckungsringen.pdf,document,19,/download/19/msv-5-hh-haushaltsplan-mit-finanzplan-und-deckungsringen.pdf
/?wpdmdl=9245,document,19,/download/19/msv-5-hh-haushaltsplan-mit-finanzplan-und-deckungsringen.pdf
/download/msv-hh-5-haushaltsplan-mit-finanzplan-2026,document,19,/download/19/msv-5-hh-haushaltsplan-mit-finanzplan-und-deckungsringen.pdf
/wp-content/uploads/download-manager-files/MSV-1-HH-Inhaltsverzeichnis.pdf,document,20,/download/20/msv-1-hh-inhaltsverzeichnis.pdf
/?wpdmdl=9241,document,20,/download/20/msv-1-hh-inhaltsverzeichnis.pdf
/download/msv-hh-1-inhaltsverzeichnis-2026,document,20,/download/20/msv-1-hh-inhaltsverzeichnis.pdf
/wp-content/uploads/download-manager-files/Gemeindekurier-Ostern-2026-f.-Homepage.pdf,document,21,/download/21/gemeindekurier-ostern-2026-f-homepage.pdf
/?wpdmdl=10453,document,21,/download/21/gemeindekurier-ostern-2026-f-homepage.pdf
/download/gemeindekurier-ostern-2026,document,21,/download/21/gemeindekurier-ostern-2026-f-homepage.pdf
/wp-content/uploads/download-manager-files/Buergermeisterwahl-Bekanntmachung_Wahlergebnis_Anl_18-Direktwahl_Homepage.pdf,document,22,/download/22/buergermeisterwahl-bekanntmachung-wahlergebnis-anl-18-direktwahl-homepage.pdf
/?wpdmdl=10426,document,22,/download/22/buergermeisterwahl-bekanntmachung-wahlergebnis-anl-18-direktwahl-homepage.pdf
/download/bekanntmachung-des-abschliessenden-ergebnisses-der-wahl-des-ersten-buergermeisters-am-08-03-2026,document,22,/download/22/buergermeisterwahl-bekanntmachung-wahlergebnis-anl-18-direktwahl-homepage.pdf
/wp-content/uploads/filebase/satzungen-verordnungen-gemeinde-merching/web_kleineinleitersatzung_09082005.pdf,document,23,/download/23/web-kleineinleitersatzung-09082005.pdf
/?wpdmdl=7022,document,23,/download/23/web-kleineinleitersatzung-09082005.pdf
/download/kleineinleiter-satzung-fuer-die-erhebung-einer-kommunalabgabe-zur-abwaelzung-der-abwasserabgabe-fuer-kleineinleiter,document,23,/download/23/web-kleineinleitersatzung-09082005.pdf
/wp-content/uploads/download-manager-files/MSV-2-HH-Haushaltssatzung.pdf,document,24,/download/24/msv-2-hh-haushaltssatzung.pdf
/?wpdmdl=9242,document,24,/download/24/msv-2-hh-haushaltssatzung.pdf
/download/msv-hh-2-haushaltssatzung-2026,document,24,/download/24/msv-2-hh-haushaltssatzung.pdf
"/wp-content/uploads/filebase/Informationsmaterial/elektronische Lohnsteuerkarte.pdf",document,25,/download/25/elektronische-lohnsteuerkarte.pdf
/?wpdmdl=7024,document,25,/download/25/elektronische-lohnsteuerkarte.pdf
/download/information-zur-elektronischen-lohnsteuerkarte,document,25,/download/25/elektronische-lohnsteuerkarte.pdf
/wp-content/uploads/filebase/satzungen-verordnungen-gemeinde-merching/web_erschliessungsbeitragssatzung_fassung_2_aend_15051992.pdf,document,26,/download/26/web-erschliessungsbeitragssatzung-fassung-2-aend-15051992.pdf
/?wpdmdl=7020,document,26,/download/26/web-erschliessungsbeitragssatzung-fassung-2-aend-15051992.pdf
/download/erschliessungsbeitraege-satzung-ueber-die-erschliessungsbeitraege-in-der-fassung-der-2-aenderung-vom-15-05-1992,document,26,/download/26/web-erschliessungsbeitragssatzung-fassung-2-aend-15051992.pdf
/wp-content/uploads/filebase/satzungen-verordnungen-gemeinde-merching/web_hausnummerierungssatzung_13021995.pdf,document,27,/download/27/web-hausnummerierungssatzung-13021995.pdf
/?wpdmdl=7021,document,27,/download/27/web-hausnummerierungssatzung-13021995.pdf
/download/hausnummerierung-satzung-ueber-die-hausnummerierung,document,27,/download/27/web-hausnummerierungssatzung-13021995.pdf
/wp-content/uploads/download-manager-files/FLY_Stromausfall_LAF_99x210mm_Merching_web.pdf,document,28,/download/28/fly-stromausfall-laf-99x210mm-merching-web.pdf
/?wpdmdl=8020,document,28,/download/28/fly-stromausfall-laf-99x210mm-merching-web.pdf
/download/flyer-stromausfall-vorbereitungsmassnahmen-und-anlaufstellen,document,28,/download/28/fly-stromausfall-laf-99x210mm-merching-web.pdf
"/wp-content/uploads/filebase/richtlinien-gemeinde-merching/Vereinsförderrichtlinien 2013.pdf",document,29,/download/29/vereinsfoerderrichtlinien-2013.pdf
/?wpdmdl=7025,document,29,/download/29/vereinsfoerderrichtlinien-2013.pdf
/download/vereinsfoerderrichtlinien-der-gemeinde-merching-ab-2013,document,29,/download/29/vereinsfoerderrichtlinien-2013.pdf
/wp-content/uploads/filebase/wasserversorgung/Antrag_fuer_Wasserbezug.pdf,document,30,/download/30/antrag-fuer-wasserbezug.pdf
/?wpdmdl=7028,document,30,/download/30/antrag-fuer-wasserbezug.pdf
/download/antrag-fuer-wasserbezug,document,30,/download/30/antrag-fuer-wasserbezug.pdf
/wp-content/uploads/filebase/wasserversorgung/Bauwasserbezugsvertrag.pdf,document,31,/download/31/bauwasserbezugsvertrag.pdf
/?wpdmdl=7029,document,31,/download/31/bauwasserbezugsvertrag.pdf
/download/bauwasserbezugsvertrag,document,31,/download/31/bauwasserbezugsvertrag.pdf
/wp-content/uploads/filebase/satzungen-verordnungen-gemeinde-merching/Microsoft-Word-Satzung-ueber-die-Hoehe-von-Einfriedungen.PDF,document,32,/download/32/microsoft-word-satzung-ueber-die-hoehe-von-einfriedungen.pdf
/?wpdmdl=7030,document,32,/download/32/microsoft-word-satzung-ueber-die-hoehe-von-einfriedungen.pdf
/download/einfriedung-satzung-der-gemeinde-merching-ueber-die-hoehe-von-einfriedungen-einfriedungssatzung,document,32,/download/32/microsoft-word-satzung-ueber-die-hoehe-von-einfriedungen.pdf
/wp-content/uploads/filebase/MandatGemeindeMerchingab2016.pdf,document,33,/download/33/mandatgemeindemerchingab2016.pdf
/?wpdmdl=7031,document,33,/download/33/mandatgemeindemerchingab2016.pdf
/download/mandat-gemeinde-merching,document,33,/download/33/mandatgemeindemerchingab2016.pdf
/wp-content/uploads/filebase/wasserversorgung/Anmeldung_eines_Gartenwasserzaehlers_NEU_ab_2022.pdf,document,34,/download/34/anmeldung-eines-gartenwasserzaehlers-neu-ab-2022.pdf
/?wpdmdl=7034,document,34,/download/34/anmeldung-eines-gartenwasserzaehlers-neu-ab-2022.pdf
/download/anmeldung-eines-gartenwasserzaehlers,document,34,/download/34/anmeldung-eines-gartenwasserzaehlers-neu-ab-2022.pdf
/wp-content/uploads/filebase/Informationsmaterial/Amtsblatt-04b-202075-Nr.-04b-002-Blauzungenkrankheit.pdf,document,35,/download/35/amtsblatt-04b-202075-nr-04b-002-blauzungenkrankheit.pdf
/?wpdmdl=7040,document,35,/download/35/amtsblatt-04b-202075-nr-04b-002-blauzungenkrankheit.pdf
/download/blauzungenkrankheit-amtsblatt-75-nr-4b-des-landkreises-aichach-friedberg,document,35,/download/35/amtsblatt-04b-202075-nr-04b-002-blauzungenkrankheit.pdf
/wp-content/uploads/filebase/satzungen-verordnungen-gemeinde-merching/GeschO.pdf,document,36,/download/36/gescho.pdf
/?wpdmdl=7041,document,36,/download/36/gescho.pdf
/download/geschaeftsordnung-geschaeftsordnung-2020,document,36,/download/36/gescho.pdf
/wp-content/uploads/filebase/satzungen-verordnungen-gemeinde-merching/Satzung-Gemeindeverf.pdf,document,37,/download/37/satzung-gemeindeverf.pdf
/?wpdmdl=7042,document,37,/download/37/satzung-gemeindeverf.pdf
/download/gemeindeverfassungsrecht-satzung-zur-regelung-von-fragen-des-oertlichen-gemeindeverfassungsrechts-06-05-2020,document,37,/download/37/satzung-gemeindeverf.pdf
/wp-content/uploads/filebase/satzungen-verordnungen-gemeinde-merching/Friedhofs-und-Bestattungssatzung-ab-01.01.2023.pdf,document,38,/download/38/friedhofs-und-bestattungssatzung-ab-01012023.pdf
/?wpdmdl=7043,document,38,/download/38/friedhofs-und-bestattungssatzung-ab-01012023.pdf
/download/bestattung-satzung-ueber-die-oeffentl-bestattungseinrichtung-der-gemeinde-merching-vom-18-07-2022-gueltig-ab-01-01-2023,document,38,/download/38/friedhofs-und-bestattungssatzung-ab-01012023.pdf
/wp-content/uploads/download-manager-files/Bekanntmachung-Vergabe-von-gemeindlichen-Wohnbaugrundstuecken.pdf,document,39,/download/39/bekanntmachung-vergabe-von-gemeindlichen-wohnbaugrundstuecken.pdf
/?wpdmdl=10568,document,39,/download/39/bekanntmachung-vergabe-von-gemeindlichen-wohnbaugrundstuecken.pdf
/download/bekanntmachung-vergabe-von-gemeindlichen-wohnbaugrundstuecken,document,39,/download/39/bekanntmachung-vergabe-von-gemeindlichen-wohnbaugrundstuecken.pdf
/wp-content/uploads/filebase/Informationsmaterial/20210805_Landespflegegeld-2.pdf,document,40,/download/40/20210805-landespflegegeld-2.pdf
/?wpdmdl=7049,document,40,/download/40/20210805-landespflegegeld-2.pdf
/download/landespflegegeld-unterstuetzt-pflegebeduerftige-pressemitteilung-landratsamt-aichach-friedberg-08-2021,document,40,/download/40/20210805-landespflegegeld-2.pdf
/wp-content/uploads/filebase/satzungen-verordnungen-gemeinde-merching/Reinigungs-und-Winterdienstverordnung.pdf,document,41,/download/41/reinigungs-und-winterdienstverordnung.pdf
/?wpdmdl=7051,document,41,/download/41/reinigungs-und-winterdienstverordnung.pdf
/download/reinigungs-und-winterdienstverordnung-vom-04-11-2021,document,41,/download/41/reinigungs-und-winterdienstverordnung.pdf
/wp-content/uploads/filebase/Informationsmaterial/Grundsteuerreform-Textbeitrag-fuer-kommunale-Veroeffentlichungen.pdf,document,42,/download/42/grundsteuerreform-textbeitrag-fuer-kommunale-veroeffentlichungen.pdf
/?wpdmdl=7052,document,42,/download/42/grundsteuerreform-textbeitrag-fuer-kommunale-veroeffentlichungen.pdf
/download/grundsteuerreform-die-neue-grundsteuer-in-bayern,document,42,/download/42/grundsteuerreform-textbeitrag-fuer-kommunale-veroeffentlichungen.pdf
/wp-content/uploads/filebase/satzungen-verordnungen-gemeinde-merching/Bestattungsgebuehrensatzung-ab-01.01.2023.pdf,document,43,/download/43/bestattungsgebuehrensatzung-ab-01012023.pdf
/?wpdmdl=7059,document,43,/download/43/bestattungsgebuehrensatzung-ab-01012023.pdf
/download/bestattung-gebuehrensatzung-zur-satzung-fuer-die-oeffentl-bestattungseinrichtung-gbs-bes-der-gemeinde-merching-vom-18-07-2022-gueltig-ab-01-01-2023,document,43,/download/43/bestattungsgebuehrensatzung-ab-01012023.pdf
/wp-content/uploads/filebase/Informationsmaterial/GrSt_Info_Gemeinden_14.12.2022.pdf,document,44,/download/44/grst-info-gemeinden-14122022.pdf
/?wpdmdl=7064,document,44,/download/44/grst-info-gemeinden-14122022.pdf
/download/grundsteuererklaerung-informationen-14-12-2022,document,44,/download/44/grst-info-gemeinden-14122022.pdf
/wp-content/uploads/download-manager-files/Entwaesserung-Beitrags-und-Gebuehrensatzung-zur-Entwaesserungssatzung-ab-01.01.2026_NEU.pdf,document,45,/download/45/entwaesserung-beitrags-und-gebuehrensatzung-zur-entwaesserungssatzung-ab-01012026-neu.pdf
/?wpdmdl=9913,document,45,/download/45/entwaesserung-beitrags-und-gebuehrensatzung-zur-entwaesserungssatzung-ab-01012026-neu.pdf
/download/entwaesserung-beitrags-und-gebuehrensatzung-zur-entwaesserungsatzung,document,45,/download/45/entwaesserung-beitrags-und-gebuehrensatzung-zur-entwaesserungssatzung-ab-01012026-neu.pdf
/wp-content/uploads/download-manager-files/Ehrungen-Satzung-ueber-die-Verleihung-von-Ehrungen-durch-die-Gemeinde-Merching-ab-07.08.2025.pdf,document,46,/download/46/ehrungen-satzung-ueber-die-verleihung-von-ehrungen-durch-die-gemeinde-merching-ab-07082025.pdf
/?wpdmdl=9915,document,46,/download/46/ehrungen-satzung-ueber-die-verleihung-von-ehrungen-durch-die-gemeinde-merching-ab-07082025.pdf
/download/ehrungen-satzung-ueber-die-verleihung-von-ehrungen-durch-die-gemeinde-merching-ab-07-08-2025,document,46,/download/46/ehrungen-satzung-ueber-die-verleihung-von-ehrungen-durch-die-gemeinde-merching-ab-07082025.pdf
/wp-content/uploads/download-manager-files/Ausschreibung-Architekturpreis.pdf,document,47,/download/47/ausschreibung-architekturpreis.pdf
/?wpdmdl=9939,document,47,/download/47/ausschreibung-architekturpreis.pdf
/download/ausschreibung-architekturpreis-bezirk-schwaben-2026,document,47,/download/47/ausschreibung-architekturpreis.pdf
/wp-content/uploads/download-manager-files/Infoblatt-Hochwasser-2024.pdf,document,48,/download/48/infoblatt-hochwasser-2024.pdf
/?wpdmdl=8785,document,48,/download/48/infoblatt-hochwasser-2024.pdf
/download/was-soll-ich-tun-bei-hochwasser,document,48,/download/48/infoblatt-hochwasser-2024.pdf
/wp-content/uploads/download-manager-files/Satzung_WAS_2022.pdf,document,49,/download/49/satzung-was-2022.pdf
/?wpdmdl=8088,document,49,/download/49/satzung-was-2022.pdf
/download/wasserabgabesatzung-01-01-2022,document,49,/download/49/satzung-was-2022.pdf
/wp-content/uploads/download-manager-files/EWS_Satzung_2022.pdf,document,50,/download/50/ews-satzung-2022.pdf
/?wpdmdl=8090,document,50,/download/50/ews-satzung-2022.pdf
/download/entwaesserungssatzung-01-01-2022,document,50,/download/50/ews-satzung-2022.pdf
/wp-content/uploads/download-manager-files/Feuerwehr-Satzung-ueber-Aufwendungd-und-Kostenersatz-fuer-Einsaetze-und-andere-Leistungen-gem.-Feuehrwehren-ab-01.01.2026.pdf,document,51,/download/51/feuerwehr-satzung-ueber-aufwendungd-und-kostenersatz-fuer-einsaetze-und-andere-leistungen-gem-feuehrwehren-ab-01012026.pdf
/?wpdmdl=9925,document,51,/download/51/feuerwehr-satzung-ueber-aufwendungd-und-kostenersatz-fuer-einsaetze-und-andere-leistungen-gem-feuehrwehren-ab-01012026.pdf
/download/bekanntmachung-satzung-d-gemeinde-merching-ue-aufwendungs-u-kostenersatz-f-einsaetze-u-andere-leistungen-gemeindlicher-feuerwehren-ab-01-01-2026,document,51,/download/51/feuerwehr-satzung-ueber-aufwendungd-und-kostenersatz-fuer-einsaetze-und-andere-leistungen-gem-feuehrwehren-ab-01012026.pdf
/wp-content/uploads/download-manager-files/1765777579wpdm_Wasser-Beitrags-und-Gebuehrensatzung-zur-Wasserabgabesatzung-ab-01.01.2026.pdf,document,52,/download/52/1765777579wpdm-wasser-beitrags-und-gebuehrensatzung-zur-wasserabgabesatzung-ab-01012026.pdf
/?wpdmdl=9911,document,52,/download/52/1765777579wpdm-wasser-beitrags-und-gebuehrensatzung-zur-wasserabgabesatzung-ab-01012026.pdf
/download/wasser-beitrags-und-gebuehrensatzung-zur-wasserabgabesatzung-ab-01-01-2026,document,52,/download/52/1765777579wpdm-wasser-beitrags-und-gebuehrensatzung-zur-wasserabgabesatzung-ab-01012026.pdf
/wp-content/uploads/download-manager-files/Bekanntmachung-Stellplatzsatzung-vom-08.09.2025.pdf,document,53,/download/53/bekanntmachung-stellplatzsatzung-vom-08092025.pdf
/?wpdmdl=9968,document,53,/download/53/bekanntmachung-stellplatzsatzung-vom-08092025.pdf
/download/bekanntmachung-stellplatzsatzung-vom-08-09-2025,document,53,/download/53/bekanntmachung-stellplatzsatzung-vom-08092025.pdf
/wp-content/uploads/download-manager-files/Anzeige-Nachwuchswerbung-2024.pdf,document,54,/download/54/anzeige-nachwuchswerbung-2024.pdf
/?wpdmdl=8659,document,54,/download/54/anzeige-nachwuchswerbung-2024.pdf
/download/beste-ausbildungs-und-studienchanchen-in-der-oeffentlichen-verwaltung-bayerns,document,54,/download/54/anzeige-nachwuchswerbung-2024.pdf
/wp-content/uploads/download-manager-files/GSV-1-HH-Inhaltsverzeichnis.pdf,document,55,/download/55/gsv-1-hh-inhaltsverzeichnis.pdf
/?wpdmdl=9234,document,55,/download/55/gsv-1-hh-inhaltsverzeichnis.pdf
/download/gsv-hh-inhaltsverzeichnis-2026,document,55,/download/55/gsv-1-hh-inhaltsverzeichnis.pdf
/wp-content/uploads/download-manager-files/MSV-4-HH-Vorbericht.pdf,document,56,/download/56/msv-4-hh-vorbericht.pdf
/?wpdmdl=9244,document,56,/download/56/msv-4-hh-vorbericht.pdf
/download/msv-hh-4-vorbericht-2026,document,56,/download/56/msv-4-hh-vorbericht.pdf
/wp-content/uploads/download-manager-files/MSV-3-HH-Schulverbandsumlage.pdf,document,57,/download/57/msv-3-hh-schulverbandsumlage.pdf
/?wpdmdl=9243,document,57,/download/57/msv-3-hh-schulverbandsumlage.pdf
/download/msv-hh-3-schulverbandsumlage-2026,document,57,/download/57/msv-3-hh-schulverbandsumlage.pdf
/wp-content/uploads/download-manager-files/Verkuendung-des-Wahlergebnisses-OT-Hochdorf.pdf,document,58,/download/58/verkuendung-des-wahlergebnisses-ot-hochdorf.pdf
/?wpdmdl=10532,document,58,/download/58/verkuendung-des-wahlergebnisses-ot-hochdorf.pdf
/download/verkuendung-des-ergebnisses-der-wahl-des-ortssprechers-fuer-den-ortsteil-hochdorf,document,58,/download/58/verkuendung-des-wahlergebnisses-ot-hochdorf.pdf
/wp-content/uploads/download-manager-files/Trinkwasserwerte-f.-Homepage-vom-Bauhof-26.02.26.pdf,document,59,/download/59/trinkwasserwerte-f-homepage-vom-bauhof-260226.pdf
/?wpdmdl=10376,document,59,/download/59/trinkwasserwerte-f-homepage-vom-bauhof-260226.pdf
/download/pruefbericht-trinkwasser-november-2025,document,59,/download/59/trinkwasserwerte-f-homepage-vom-bauhof-260226.pdf
/wp-content/uploads/download-manager-files/MSV-6-HH-Stellenplan.pdf,document,60,/download/60/msv-6-hh-stellenplan.pdf
/?wpdmdl=9246,document,60,/download/60/msv-6-hh-stellenplan.pdf
/download/msv-hh-6-stellenplan-2026,document,60,/download/60/msv-6-hh-stellenplan.pdf
/wp-content/uploads/download-manager-files/GSV-5-HH-Haushaltsplan-mit-Finanzplanung.pdf,document,61,/download/61/gsv-5-hh-haushaltsplan-mit-finanzplanung.pdf
/?wpdmdl=9238,document,61,/download/61/gsv-5-hh-haushaltsplan-mit-finanzplanung.pdf
/download/gsv-hh-haushaltsplan-mit-finanzplan,document,61,/download/61/gsv-5-hh-haushaltsplan-mit-finanzplanung.pdf
/wp-content/uploads/download-manager-files/GSV-4-HH-Vorbericht.pdf,document,62,/download/62/gsv-4-hh-vorbericht.pdf
/?wpdmdl=9237,document,62,/download/62/gsv-4-hh-vorbericht.pdf
/download/gsv-hh-vorbericht-2026,document,62,/download/62/gsv-4-hh-vorbericht.pdf
/wp-content/uploads/download-manager-files/GSV-3-HH-Schulverbandsumlage.pdf,document,63,/download/63/gsv-3-hh-schulverbandsumlage.pdf
/?wpdmdl=9236,document,63,/download/63/gsv-3-hh-schulverbandsumlage.pdf
/download/gsv-hh-schulverbandsumlage-2026,document,63,/download/63/gsv-3-hh-schulverbandsumlage.pdf
/wp-content/uploads/download-manager-files/762_STFNP-Windkraft-Merching-Fassung-15-04-16_Planzeichnung.pdf,document,64,/download/64/762-stfnp-windkraft-merching-fassung-15-04-16-planzeichnung.pdf
/?wpdmdl=8962,document,64,/download/64/762-stfnp-windkraft-merching-fassung-15-04-16-planzeichnung.pdf
/download/sachlicher-teilflaechennutzungsplan-windkraft,document,64,/download/64/762-stfnp-windkraft-merching-fassung-15-04-16-planzeichnung.pdf
/wp-content/uploads/download-manager-files/GSV-0-HH-Deckblatt.pdf,document,65,/download/65/gsv-0-hh-deckblatt.pdf
/?wpdmdl=9230,document,65,/download/65/gsv-0-hh-deckblatt.pdf
/download/gsv-hh-deckblatt,document,65,/download/65/gsv-0-hh-deckblatt.pdf
/wp-content/uploads/download-manager-files/MSV-7-HH-Anlagen.pdf,document,66,/download/66/msv-7-hh-anlagen.pdf
/?wpdmdl=9247,document,66,/download/66/msv-7-hh-anlagen.pdf
/download/msv-hh-7-anlagen-2026,document,66,/download/66/msv-7-hh-anlagen.pdf
/wp-content/uploads/download-manager-files/GSV-2-HH-Haushaltssatzung.pdf,document,67,/download/67/gsv-2-hh-haushaltssatzung.pdf
/?wpdmdl=9235,document,67,/download/67/gsv-2-hh-haushaltssatzung.pdf
/download/gsv-hh-haushaltssatzung-2026,document,67,/download/67/gsv-2-hh-haushaltssatzung.pdf
/wp-content/uploads/download-manager-files/Gde-0-HH-Deckblatt.pdf,document,68,/download/68/gde-0-hh-deckblatt.pdf
/?wpdmdl=9307,document,68,/download/68/gde-0-hh-deckblatt.pdf
/download/gde-hh-0-deckblatt-2026,document,68,/download/68/gde-0-hh-deckblatt.pdf
/wp-content/uploads/download-manager-files/Gde-1-HH-Inhaltsverzeichnis.pdf,document,69,/download/69/gde-1-hh-inhaltsverzeichnis.pdf
/?wpdmdl=9308,document,69,/download/69/gde-1-hh-inhaltsverzeichnis.pdf
/download/gde-hh-1-inhaltsverzeichnis,document,69,/download/69/gde-1-hh-inhaltsverzeichnis.pdf
/wp-content/uploads/download-manager-files/Gde-2-HH-Haushaltssatzung.pdf,document,70,/download/70/gde-2-hh-haushaltssatzung.pdf
/?wpdmdl=9309,document,70,/download/70/gde-2-hh-haushaltssatzung.pdf
/download/gde-hh-2-haushaltssatzung-2026,document,70,/download/70/gde-2-hh-haushaltssatzung.pdf
/wp-content/uploads/download-manager-files/Gde-3-HH-Vorbericht.pdf,document,71,/download/71/gde-3-hh-vorbericht.pdf
/?wpdmdl=9310,document,71,/download/71/gde-3-hh-vorbericht.pdf
/download/gde-hh-3-vorbericht-2026,document,71,/download/71/gde-3-hh-vorbericht.pdf
/wp-content/uploads/download-manager-files/Gde-4-HH-Uebersicht-Darlehen.pdf,document,72,/download/72/gde-4-hh-uebersicht-darlehen.pdf
/?wpdmdl=9311,document,72,/download/72/gde-4-hh-uebersicht-darlehen.pdf
/download/gde-hh-4-darlehen-2026,document,72,/download/72/gde-4-hh-uebersicht-darlehen.pdf
/wp-content/uploads/download-manager-files/Gde-5-HH-Darlehensermaechtigungen.pdf,document,73,/download/73/gde-5-hh-darlehensermaechtigungen.pdf
/?wpdmdl=9312,document,73,/download/73/gde-5-hh-darlehensermaechtigungen.pdf
/download/gde-hh-5-kreditermaechtigungen-2026,document,73,/download/73/gde-5-hh-darlehensermaechtigungen.pdf
/wp-content/uploads/download-manager-files/Gde-6-HH-Haushaltsplan-mit-Finanzplan-und-Deckungsringen.pdf,document,74,/download/74/gde-6-hh-haushaltsplan-mit-finanzplan-und-deckungsringen.pdf
/?wpdmdl=9313,document,74,/download/74/gde-6-hh-haushaltsplan-mit-finanzplan-und-deckungsringen.pdf
/download/gde-hh-6-haushaltsplan-mit-finanzplan-2026,document,74,/download/74/gde-6-hh-haushaltsplan-mit-finanzplan-und-deckungsringen.pdf
/wp-content/uploads/download-manager-files/Gde-7-HH-Stellenplan.pdf,document,75,/download/75/gde-7-hh-stellenplan.pdf
/?wpdmdl=9314,document,75,/download/75/gde-7-hh-stellenplan.pdf
/download/gde-hh-7-stellenplan-2026,document,75,/download/75/gde-7-hh-stellenplan.pdf
/wp-content/uploads/download-manager-files/Gde-8-HH-Anlagen.pdf,document,76,/download/76/gde-8-hh-anlagen.pdf
/?wpdmdl=9315,document,76,/download/76/gde-8-hh-anlagen.pdf
/download/gde-hh-8-anlagen-2026,document,76,/download/76/gde-8-hh-anlagen.pdf
/wp-content/uploads/download-manager-files/Gde-9-HH-VMH-Finanzplan-Einzelaufstellung.pdf,document,77,/download/77/gde-9-hh-vmh-finanzplan-einzelaufstellung.pdf
/?wpdmdl=9316,document,77,/download/77/gde-9-hh-vmh-finanzplan-einzelaufstellung.pdf
/download/gde-hh-9-finanzplan-vermoegenshaushalt-detail-2026,document,77,/download/77/gde-9-hh-vmh-finanzplan-einzelaufstellung.pdf
/wp-content/uploads/download-manager-files/1742283080wpdm_Plakatierungsverordnung.pdf,document,78,/download/78/1742283080wpdm-plakatierungsverordnung.pdf
/?wpdmdl=9417,document,78,/download/78/1742283080wpdm-plakatierungsverordnung.pdf
/download/plakatierungsverordnung-vom-14-12-2023,document,78,/download/78/1742283080wpdm-plakatierungsverordnung.pdf
/wp-content/uploads/download-manager-files/1747054785wpdm_Bekanntmachung-Kostensatzung.pdf,document,79,/download/79/1747054785wpdm-bekanntmachung-kostensatzung.pdf
/?wpdmdl=9511,document,79,/download/79/1747054785wpdm-bekanntmachung-kostensatzung.pdf
/download/bekanntmachung-kostensatzung,document,79,/download/79/1747054785wpdm-bekanntmachung-kostensatzung.pdf
/wp-content/uploads/download-manager-files/Gemeindekurier-Sommer-2026-f.-Homepage.pdf,document,80,/download/80/gemeindekurier-sommer-2026-f-homepage.pdf
/?wpdmdl=10803,document,80,/download/80/gemeindekurier-sommer-2026-f-homepage.pdf
/download/gemeindekurier-sommer-2026,document,80,/download/80/gemeindekurier-sommer-2026-f-homepage.pdf
/wp-content/uploads/download-manager-files/Bestattungsgebuehrensatzung-ab-2027_Homepage.pdf,document,81,/download/81/bestattungsgebuehrensatzung-ab-2027-homepage.pdf
/?wpdmdl=10793,document,81,/download/81/bestattungsgebuehrensatzung-ab-2027-homepage.pdf
/download/bestattung-gebuehrensatzung-zur-satzung-fuer-oeffentl-bestattungseinrichtung-gbs-bes-der-gemeinde-merching-ab-01-01-2027,document,81,/download/81/bestattungsgebuehrensatzung-ab-2027-homepage.pdf
/wp-content/uploads/download-manager-files/Bekanntmachung-Abschlussbericht-Kommunale-Waermeplanung-PDF.pdf,document,82,/download/82/bekanntmachung-abschlussbericht-kommunale-waermeplanung-pdf.pdf
/?wpdmdl=10316,document,82,/download/82/bekanntmachung-abschlussbericht-kommunale-waermeplanung-pdf.pdf
/download/bekanntmachung-kommunale-waermeplanung-merching,document,82,/download/82/bekanntmachung-abschlussbericht-kommunale-waermeplanung-pdf.pdf
/wp-content/uploads/download-manager-files/004_2026_42_A_Mikrozensus.pdf,document,83,/download/83/004-2026-42-a-mikrozensus.pdf
/?wpdmdl=10326,document,83,/download/83/004-2026-42-a-mikrozensus.pdf
/download/pressemitteilung-mikrozensus-2026,document,83,/download/83/004-2026-42-a-mikrozensus.pdf
/wp-content/uploads/download-manager-files/Bekanntmachung-Eroeffnung-Vergabeverfahren-BG-34.pdf,document,84,/download/84/bekanntmachung-eroeffnung-vergabeverfahren-bg-34.pdf
/?wpdmdl=10772,document,84,/download/84/bekanntmachung-eroeffnung-vergabeverfahren-bg-34.pdf
/download/bekanntmachung-eroeffnung-vergabeverfahren-fuer-baugrundstuecke-baugebiet-34-oestlich-der-nebelhornstrasse,document,84,/download/84/bekanntmachung-eroeffnung-vergabeverfahren-bg-34.pdf
/wp-content/uploads/download-manager-files/Information-Ortssprecherwahl-Steinach-u.-Hochdorf_Beilage-Kurier-Ostern-2026-f.-Hochdorf-u.-Steinach-f.-Homepage.pdf,document,85,/download/85/information-ortssprecherwahl-steinach-u-hochdorf-beilage-kurier-ostern-2026-f-hochdorf-u-steinach-f-homepage.pdf
/?wpdmdl=10455,document,85,/download/85/information-ortssprecherwahl-steinach-u-hochdorf-beilage-kurier-ostern-2026-f-hochdorf-u-steinach-f-homepage.pdf
/download/ortssprecherwahl-steinach-u-hochdorf-beilage-gemeindekurier-zu-ostern-f-die-ortsteile,document,85,/download/85/information-ortssprecherwahl-steinach-u-hochdorf-beilage-kurier-ostern-2026-f-hochdorf-u-steinach-f-homepage.pdf
/wp-content/uploads/download-manager-files/2026-03-02-Lili-I-EOeT-Bekanntmachungstext.pdf,document,86,/download/86/2026-03-02-lili-i-eoet-bekanntmachungstext.pdf
/?wpdmdl=10463,document,86,/download/86/2026-03-02-lili-i-eoet-bekanntmachungstext.pdf
/download/bekanntmachung-fuer-den-eroerterungstermin-licca-liber-i,document,86,/download/86/2026-03-02-lili-i-eoet-bekanntmachungstext.pdf
/wp-content/uploads/download-manager-files/Satzung-Gemeideverfassunsrechts-Homepage.pdf,document,87,/download/87/satzung-gemeideverfassunsrechts-homepage.pdf
/?wpdmdl=10624,document,87,/download/87/satzung-gemeideverfassunsrechts-homepage.pdf
/download/satzung-zur-regelung-von-fragen-des-oertlichen-gemeindeverfassungsrechts,document,87,/download/87/satzung-gemeideverfassunsrechts-homepage.pdf
/wp-content/uploads/download-manager-files/Geschaeftsordnung-Unterschrieben-2026.pdf,document,88,/download/88/geschaeftsordnung-unterschrieben-2026.pdf
/?wpdmdl=10683,document,88,/download/88/geschaeftsordnung-unterschrieben-2026.pdf
/download/geschaeftsordnung-ab-mai-2026,document,88,/download/88/geschaeftsordnung-unterschrieben-2026.pdf
/wp-content/uploads/download-manager-files/Bekanntmachung-Verbandsversammlung-24.06.2026.pdf,document,89,/download/89/bekanntmachung-verbandsversammlung-24062026.pdf
/?wpdmdl=10737,document,89,/download/89/bekanntmachung-verbandsversammlung-24062026.pdf
/download/bekanntmachung-einladung-verbandsversammlung-adelburggruppe-24-06-2026,document,89,/download/89/bekanntmachung-verbandsversammlung-24062026.pdf
/wp-content/uploads/download-manager-files/Bekanntmachung-Friedhofs-und-Bestattungssatzung-ab-01.01.2027.pdf,document,90,/download/90/bekanntmachung-friedhofs-und-bestattungssatzung-ab-01012027.pdf
/?wpdmdl=10785,document,90,/download/90/bekanntmachung-friedhofs-und-bestattungssatzung-ab-01012027.pdf
/download/bekanntmachung-friedhofs-und-bestattungssatzung-ab-01-01-2027,document,90,/download/90/bekanntmachung-friedhofs-und-bestattungssatzung-ab-01012027.pdf
/wp-content/uploads/download-manager-files/Rechtsverordnung-ueber-die-Zulassung-des-Betriebs-von-Autowaschanlagen-an-Sonn-und-Feiertagen.pdf,document,91,/download/91/rechtsverordnung-ueber-die-zulassung-des-betriebs-von-autowaschanlagen-an-sonn-und-feiertagen.pdf
/?wpdmdl=10741,document,91,/download/91/rechtsverordnung-ueber-die-zulassung-des-betriebs-von-autowaschanlagen-an-sonn-und-feiertagen.pdf
/download/rechtsverordnung-ueber-die-zulassung-des-betriebs-von-autowaschanlagen-an-sonn-und-feiertagen,document,91,/download/91/rechtsverordnung-ueber-die-zulassung-des-betriebs-von-autowaschanlagen-an-sonn-und-feiertagen.pdf
/wp-content/uploads/download-manager-files/Amtsblatt-06-2026Jahrg.-81-Nr.-06.pdf,document,92,/download/92/amtsblatt-06-2026jahrg-81-nr-06.pdf
/?wpdmdl=10748,document,92,/download/92/amtsblatt-06-2026jahrg-81-nr-06.pdf
/download/amtsblatt-landkreis-aichach-friedberg-vom-02-06-2026-m-bekanntmachung-haushaltssatzung-f-d-haushalt-2026-des-zweckverband-zur-wasserversorgung-d-adelburggruppe,document,92,/download/92/amtsblatt-06-2026jahrg-81-nr-06.pdf
/wp-content/uploads/download-manager-files/Merching-Bodenrichtwerte-2026.pdf,document,93,/download/93/merching-bodenrichtwerte-2026.pdf
/?wpdmdl=10870,document,93,/download/93/merching-bodenrichtwerte-2026.pdf
/download/bodenrichtwerte-ab-01-01-2026-fuer-merching,document,93,/download/93/merching-bodenrichtwerte-2026.pdf
/wp-content/uploads/download-manager-files/Steinach-Hochdorf-Bodenrichtwerte-2026.pdf,document,94,/download/94/steinach-hochdorf-bodenrichtwerte-2026.pdf
/?wpdmdl=10872,document,94,/download/94/steinach-hochdorf-bodenrichtwerte-2026.pdf
/download/bodenrichtwerte-ab-01-01-2026-fuer-steinach-und-hochdorf,document,94,/download/94/steinach-hochdorf-bodenrichtwerte-2026.pdf
/wp-content/uploads/download-manager-files/landwirtschaftliche-Flaechen-Bodenrichtwerte-2026.pdf,document,95,/download/95/landwirtschaftliche-flaechen-bodenrichtwerte-2026.pdf
/?wpdmdl=10874,document,95,/download/95/landwirtschaftliche-flaechen-bodenrichtwerte-2026.pdf
/download/bodenrichtwerte-f-landwirtschaftliche-flaechen-ab-01-01-2026,document,95,/download/95/landwirtschaftliche-flaechen-bodenrichtwerte-2026.pdf
/wp-content/uploads/2022/12/banner2.jpg,media,2,/medien/2
/wp-content/uploads/2026/04/Helmut-Luichtl-kl.jpg,media,3,/medien/3
/wp-content/uploads/2022/12/Rathaus-2020-neu.jpeg,media,4,/medien/4
/wp-content/uploads/2022/12/Rathaus-2020-neu-300x225.jpeg,media,4,/medien/4
/wp-content/uploads/2026/09/20260915_Uebernahme-Papiertonne-durch-den-Landkreis_Pressemitteilung-LRA.pdf,document,96,/download/96/20260915-uebernahme-papiertonne-durch-den-landkreis-pressemitteilung-lra.pdf
/wp-content/uploads/2023/12/Wappen_Aichach-Friedberg_139x150-e1788341287103.png,media,5,/medien/5
/wp-content/uploads/2023/11/Abschaffung-des-Kinderreisepasses-zum-01.01.2024-1.pdf,document,97,/download/97/abschaffung-des-kinderreisepasses-zum-01012024-1.pdf
/wp-content/uploads/2022/02/Beitragsbild_Logo_Merching-2-150x150-1.jpg,media,6,/medien/6
/wp-content/uploads/2026/04/26-04-16-PM-Anzeigepflicht-Aenderungen-Grundbesitz.docx.pdf,document,98,/download/98/26-04-16-pm-anzeigepflicht-aenderungen-grundbesitzdocx.pdf
/wp-content/uploads/2012/06/maibaum.jpg,media,7,/medien/7
/wp-content/uploads/2020/06/fund-office-2516068_640.jpg,media,8,/medien/8
/wp-content/uploads/2020/06/fund-office-2516068_640-199x300.jpg,media,8,/medien/8
/wp-content/uploads/2022/01/wappen-rvs.jpg,media,9,/medien/9
/wp-content/uploads/2022/01/wappen-rvs-150x150.jpg,media,9,/medien/9
/wp-content/uploads/2026/04/Logo-Solaroffensive.png,media,10,/medien/10
/wp-content/uploads/2026/04/Logo-Solaroffensive-300x80.png,media,10,/medien/10
/wp-content/uploads/2026/04/Screenshot-2026-04-08-095702-Solaroffensive-LRA-04_26.jpg,media,11,/medien/11
/wp-content/uploads/2026/04/Screenshot-2026-04-08-095702-Solaroffensive-LRA-04_26-300x192.jpg,media,11,/medien/11
/wp-content/uploads/2022/02/wappen-rvs.jpg,media,12,/medien/12
/wp-content/uploads/2022/02/wappen-rvs-150x150.jpg,media,12,/medien/12
/wp-content/uploads/2021/08/Wahlurne.png,media,13,/medien/13
/wp-content/uploads/2021/08/Wahlurne-754x1024.png,media,13,/medien/13
/wp-content/uploads/2021/08/Wahlurne-221x300.png,media,13,/medien/13
/wp-content/uploads/2021/08/Wahlurne-768x1042.png,media,13,/medien/13
/wp-content/uploads/2026/05/Bekanntmachung-Vergabe-von-gemeindlichen-Wohnbaugrundstuecken.pdf,document,99,/download/99/bekanntmachung-vergabe-von-gemeindlichen-wohnbaugrundstuecken.pdf
/wp-content/uploads/2020/05/drops-of-water-578897_640.jpg,media,14,/medien/14
/wp-content/uploads/2020/05/drops-of-water-578897_640-300x200.jpg,media,14,/medien/14
/wp-content/uploads/2012/06/rathaus-merching2.jpg,media,15,/medien/15
/wp-content/uploads/2016/08/BSP_Logo_180.jpg,media,16,/medien/16
/wp-content/uploads/2023/08/MandatformularGemeinde_mit-_Tel_und_E-Mail_2023.pdf,document,100,/download/100/mandatformulargemeinde-mit-tel-und-e-mail-2023.pdf
/wp-content/uploads/2013/06/Mandat_Grundschulverband.pdf,document,101,/download/101/mandat-grundschulverband.pdf
/wp-content/uploads/2013/06/Mandat_Mittelschulverband.pdf,document,102,/download/102/mandat-mittelschulverband.pdf
/wp-content/uploads/2025/07/Antrag_Fahrkarte_2025_2026.pdf,document,103,/download/103/antrag-fahrkarte-2025-2026.pdf
/wp-content/uploads/2020/11/Fragebogen_Gemeinde_Selbstauskunft.pdf,document,104,/download/104/fragebogen-gemeinde-selbstauskunft.pdf
/wp-content/uploads/2023/06/Wahlheler_Anmeldeformular.pdf,document,105,/download/105/wahlheler-anmeldeformular.pdf
/wp-content/uploads/2021/01/Vollbild-II-1.png,media,17,/medien/17
/wp-content/uploads/2021/01/Vollbild-II-1-300x68.png,media,17,/medien/17
/wp-content/uploads/2012/07/gemeindekurier.jpg,media,18,/medien/18
/wp-content/uploads/2012/07/gemeindekurier-300x68.jpg,media,18,/medien/18
/wp-content/uploads/2021/03/QR_Merching-e1615196274737.png,media,19,/medien/19
/wp-content/uploads/link-library-images/64.jpg,media,20,/medien/20
/wp-content/uploads/link-library-images/10.jpg,media,21,/medien/21
/wp-content/uploads/2018/09/Logo-BRB.jpg,media,22,/medien/22
/wp-content/uploads/link-library-images/66.jpg,media,23,/medien/23
/wp-content/uploads/link-library-images/14.jpg,media,24,/medien/24
/wp-content/uploads/2014/11/Logo_Energieatlas.jpg,media,25,/medien/25
/wp-content/uploads/2024/06/Energieberatung-Landkreis-Aichach-Friedberg-Typo-schwarz-RGB-scaled-e1719300013415.jpg,media,26,/medien/26
/wp-content/uploads/link-library-images/67.jpg,media,27,/medien/27
/wp-content/uploads/link-library-images/69.jpg,media,28,/medien/28
/wp-content/uploads/2018/08/Logo-Hochwasser.jpg,media,29,/medien/29
/wp-content/uploads/2023/06/Lampe.jpg,media,30,/medien/30
/wp-content/uploads/2023/08/Logo-Pflegestuetzpunkt-Landkreis-Aichach-Friedberg-CMYK-e1691053220541.webp,media,31,/medien/31
/wp-content/uploads/link-library-images/65.jpg,media,32,/medien/32
/wp-content/uploads/2012/07/Kopfbild-Startseite.jpg,media,33,/medien/33
/wp-content/uploads/2012/07/Kopfbild-Startseite-300x120.jpg,media,33,/medien/33
/wp-content/uploads/2012/07/ortsrecht.jpg,media,34,/medien/34
/wp-content/uploads/2012/07/ortsrecht-300x68.jpg,media,34,/medien/34
/wp-content/uploads/2023/11/Abschaffung-des-Kinderreisepasses-zum-01.01.2024.pdf,document,106,/download/106/abschaffung-des-kinderreisepasses-zum-01012024.pdf
/wp-content/uploads/2026/06/Amtsblatt-06-2026Jahrg.-81-Nr.-06.pdf,document,107,/download/107/amtsblatt-06-2026jahrg-81-nr-06.pdf
/wp-content/uploads/2025/08/Ausschreibung-Architekturpreis-1.pdf,document,108,/download/108/ausschreibung-architekturpreis-1.pdf
/wp-content/uploads/2025/12/Bekanntmachung-Beschwerdeausschusssitzung.pdf,document,109,/download/109/bekanntmachung-beschwerdeausschusssitzung.pdf
/wp-content/uploads/2026/07/Bekanntmachung-Satzung-GBS_BES-ab-01.01.2027.pdf,document,110,/download/110/bekanntmachung-satzung-gbs-bes-ab-01012027.pdf
/wp-content/uploads/2026/03/Buergermeisterwahl-Bekanntmachung_Wahlergebnis_Anl_18-Direktwahl_Homepage.pdf,document,111,/download/111/buergermeisterwahl-bekanntmachung-wahlergebnis-anl-18-direktwahl-homepage.pdf
/wp-content/uploads/2026/03/Gemeinderatswahl-Bekanntmachung_Wahlergebnis_Anl_17_Homepage.pdf,document,112,/download/112/gemeinderatswahl-bekanntmachung-wahlergebnis-anl-17-homepage.pdf
/wp-content/uploads/2026/06/Bekanntmachung-Verbandsversammlung-24.06.2026-1.pdf,document,113,/download/113/bekanntmachung-verbandsversammlung-24062026-1.pdf
/wp-content/uploads/2026/06/Bekanntmachung-Eroeffnung-Vergabeverfahren-BG-34.pdf,document,114,/download/114/bekanntmachung-eroeffnung-vergabeverfahren-bg-34.pdf
/wp-content/uploads/2026/07/Bekanntmachung-Friedhofs-und-Bestattungssatzung-ab-01.01.2027.pdf,document,115,/download/115/bekanntmachung-friedhofs-und-bestattungssatzung-ab-01012027.pdf
/wp-content/uploads/2026/03/2026-03-02-Lili-I-EOeT-Bekanntmachungstext.pdf,document,116,/download/116/2026-03-02-lili-i-eoet-bekanntmachungstext.pdf
/wp-content/uploads/2024/11/Bekanntmachung-Grd.St_HundeSt.-2025.pdf,document,117,/download/117/bekanntmachung-grdst-hundest-2025.pdf
/wp-content/uploads/2026/01/Bekanntmachung-Abschlussbericht-Kommunale-Waermeplanung-PDF-1.pdf,document,118,/download/118/bekanntmachung-abschlussbericht-kommunale-waermeplanung-pdf-1.pdf
/wp-content/uploads/2025/05/Bekanntmachung-Kostensatzung.docx,document,119,/download/119/bekanntmachung-kostensatzung.docx
/wp-content/uploads/2025/05/Bekanntmachung-Kostensatzung.pdf,document,120,/download/120/bekanntmachung-kostensatzung.pdf
/wp-content/uploads/2025/08/Feuerwehr-Satzung-ueber-Aufwendungd-und-Kostenersatz-fuer-Einsaetze-und-andere-Leistungen-gem.-Feuehrwehren-ab-01.01.2026.pdf,document,121,/download/121/feuerwehr-satzung-ueber-aufwendungd-und-kostenersatz-fuer-einsaetze-und-andere-leistungen-gem-feuehrwehren-ab-01012026.pdf
/wp-content/uploads/2025/09/Bekanntmachung-Stellplatzsatzung-vom-08.09.2025.pdf,document,122,/download/122/bekanntmachung-stellplatzsatzung-vom-08092025.pdf
/wp-content/uploads/2025/09/Bekanntmachung-Satzung-fuer-das-Kommunalunternehmen-Merching-vom-16.09.2025.pdf,document,123,/download/123/bekanntmachung-satzung-fuer-das-kommunalunternehmen-merching-vom-16092025.pdf
/wp-content/uploads/2026/07/Bestattungsgebuehrensatzung-ab-2027_Homepage.pdf,document,124,/download/124/bestattungsgebuehrensatzung-ab-2027-homepage.pdf
/wp-content/uploads/2026/09/Merching-Bodenrichtwerte-2026.pdf,document,125,/download/125/merching-bodenrichtwerte-2026.pdf
/wp-content/uploads/2026/09/Steinach-Hochdorf-Bodenrichtwerte-2026.pdf,document,126,/download/126/steinach-hochdorf-bodenrichtwerte-2026.pdf
/wp-content/uploads/2026/09/landwirtschaftliche-Flaechen-Bodenrichtwerte-2026.pdf,document,127,/download/127/landwirtschaftliche-flaechen-bodenrichtwerte-2026.pdf
/wp-content/uploads/2026/01/BZKF_BuergerTelefonKrebs-v.-F.-Hagen.pdf,document,128,/download/128/bzkf-buergertelefonkrebs-v-f-hagen.pdf
/wp-content/uploads/2025/08/Ehrungen-Satzung-ueber-die-Verleihung-von-Ehrungen-durch-die-Gemeinde-Merching-ab-07.08.2025.pdf,document,129,/download/129/ehrungen-satzung-ueber-die-verleihung-von-ehrungen-durch-die-gemeinde-merching-ab-07082025.pdf
/wp-content/uploads/2025/08/Entwaesserung-Beitrags-und-Gebuehrensatzung-zur-Entwaesserungssatzung-ab-01.01.2026_NEU.pdf,document,130,/download/130/entwaesserung-beitrags-und-gebuehrensatzung-zur-entwaesserungssatzung-ab-01012026-neu.pdf
/wp-content/uploads/2023/11/EWS_Satzung_2022.pdf,document,131,/download/131/ews-satzung-2022.pdf
/wp-content/uploads/2023/10/FLY_Stromausfall_LAF_99x210mm_Merching_web.pdf,document,132,/download/132/fly-stromausfall-laf-99x210mm-merching-web.pdf
/wp-content/uploads/2026/07/Friedhofs-und-Bestattungssatzung-ab-01.01.2027-Homepage-2.pdf,document,133,/download/133/friedhofs-und-bestattungssatzung-ab-01012027-homepage-2.pdf
/wp-content/uploads/2026/03/Gemeindekurier-Ostern-2026-f.-Homepage.pdf,document,134,/download/134/gemeindekurier-ostern-2026-f-homepage.pdf
/wp-content/uploads/2026/07/Gemeindekurier-Sommer-2026-f.-Kurier.pdf,document,135,/download/135/gemeindekurier-sommer-2026-f-kurier.pdf
/wp-content/uploads/2026/05/Geschaeftsordnung_Homepage_ab-Mai_2026-.pdf,document,136,/download/136/geschaeftsordnung-homepage-ab-mai-2026.pdf
/wp-content/uploads/2025/09/Hundesteuer-Satzung-der-Gemeinde-Merching-fuer-die-Erhebung-einer-Hundesteuer-ab-2026.pdf,document,137,/download/137/hundesteuer-satzung-der-gemeinde-merching-fuer-die-erhebung-einer-hundesteuer-ab-2026.pdf
/wp-content/uploads/2025/11/Merkblatt-zum-richtigen-Verhalten-ggue.-Wasser-u.-Zugvoegeln-LRA-November-2025.pdf,document,138,/download/138/merkblatt-zum-richtigen-verhalten-ggue-wasser-u-zugvoegeln-lra-november-2025.pdf
/wp-content/uploads/2026/03/Information-Ortssprecherwahl-Steinach-u.-Hochdorf_Beilage-Kurier-Ostern-2026-f.-Hochdorf-u.-Steinach-f.-Homepage.pdf,document,139,/download/139/information-ortssprecherwahl-steinach-u-hochdorf-beilage-kurier-ostern-2026-f-hochdorf-u-steinach-f-homepage.pdf
/wp-content/uploads/2025/03/Plakatierungsverordnung.pdf,document,140,/download/140/plakatierungsverordnung.pdf
/wp-content/uploads/2026/01/004_2026_42_A_Mikrozensus.pdf,document,141,/download/141/004-2026-42-a-mikrozensus.pdf
/wp-content/uploads/2026/02/Trinkwasserwerte-f.-Homepage-vom-Bauhof-26.02.26.pdf,document,142,/download/142/trinkwasserwerte-f-homepage-vom-bauhof-260226.pdf
/wp-content/uploads/2026/06/Rechtsverordnung-ueber-die-Zulassung-des-Betriebs-von-Autowaschanlagen-an-Sonn-und-Feiertagen.pdf,document,143,/download/143/rechtsverordnung-ueber-die-zulassung-des-betriebs-von-autowaschanlagen-an-sonn-und-feiertagen.pdf
/wp-content/uploads/2025/08/Feuerwehr-Satzung-ueber-Aufwendungd-und-Kostenersatz-fuer-Einsaetze-und-andere-Leistungen-gem.-Feuehrwehren-ab-01.01.2026-1.pdf,document,144,/download/144/feuerwehr-satzung-ueber-aufwendungd-und-kostenersatz-fuer-einsaetze-und-andere-leistungen-gem-feuehrwehren-ab-01012026-1.pdf
/wp-content/uploads/2023/05/Vorkaufsrechtssatzung-1.pdf,document,145,/download/145/vorkaufsrechtssatzung-1.pdf
/wp-content/uploads/2025/10/Spielplatzsatzung-der-Gemeinde-Merching-vom-01.10.2025.pdf,document,146,/download/146/spielplatzsatzung-der-gemeinde-merching-vom-01102025.pdf
/wp-content/uploads/2026/05/Satzung-Gemeideverfassunsrechts-Homepage.pdf,document,147,/download/147/satzung-gemeideverfassunsrechts-homepage.pdf
/wp-content/uploads/2024/05/EnergiePortal_Veroeffentltext_SchadensMelder_Dez23.pdf,document,148,/download/148/energieportal-veroeffentltext-schadensmelder-dez23.pdf
/wp-content/uploads/2024/05/QRCode_StoermelderApp_Merching_210602.png,media,35,/medien/35
/wp-content/uploads/2024/05/QRCode_StoermelderApp_Merching_210602-300x300.png,media,35,/medien/35
/wp-content/uploads/2024/05/QRCode_StoermelderApp_Merching_210602-150x150.png,media,35,/medien/35
/wp-content/uploads/2024/05/QRCode_StoermelderApp_Merching_210602-768x768.png,media,35,/medien/35
/wp-content/uploads/2025/09/Stellplatzsatzung-ab-30.09.2025-.pdf,document,149,/download/149/stellplatzsatzung-ab-30092025.pdf
/wp-content/uploads/2026/04/Verkuendung-des-Wahlergebnisses-OT-Hochdorf.pdf,document,150,/download/150/verkuendung-des-wahlergebnisses-ot-hochdorf.pdf
/wp-content/uploads/2024/06/Infoblatt-Hochwasser-2024.pdf,document,151,/download/151/infoblatt-hochwasser-2024.pdf
/wp-content/uploads/2025/08/Wasser-Beitrags-und-Gebuehrensatzung-zur-Wasserabgabesatzung-ab-01.01.2026-1.pdf,document,152,/download/152/wasser-beitrags-und-gebuehrensatzung-zur-wasserabgabesatzung-ab-01012026-1.pdf
/wp-content/uploads/2023/11/Satzung_WAS_2022.pdf,document,153,/download/153/satzung-was-2022.pdf
/wp-content/uploads/2026/10/20260925_Vereinsforum-E-Rechnung_Online-Seminar-LRA.pdf,document,154,/download/154/20260925-vereinsforum-e-rechnung-online-seminar-lra.pdf
/wp-content/uploads/2026/09/Kurs-ehrenamtlich-taetige-Einzelperson-27.10.2026-LRA_Flyer.pdf,document,155,/download/155/kurs-ehrenamtlich-taetige-einzelperson-27102026-lra-flyer.pdf
/wp-content/uploads/2026/09/Logo-Bayer.-Staatsministerium-f.-Gesundheit-Pflege-u.-Praevention-e1788338968120.png,media,36,/medien/36
/wp-content/uploads/2026/08/Logo-Amt-f.-Ernaehrung-Landwirtschaft-und-Forsten-e1786006927906.jpg,media,37,/medien/37
/wp-content/uploads/2026/08/Logo-Amt-f.-Ernaehrung-Landwirtschaft-und-Forsten-e1786006927906-300x56.jpg,media,37,/medien/37
/wp-content/uploads/2026/08/Sharepic_Ein-Herz-fuer-regionale-LM_1080x1920px.jpg,media,38,/medien/38
/wp-content/uploads/2026/08/Sharepic_Ein-Herz-fuer-regionale-LM_1080x1920px-169x300.jpg,media,38,/medien/38
/wp-content/uploads/2026/08/Sharepic_Ein-Herz-fuer-regionale-LM_1080x1920px-576x1024.jpg,media,38,/medien/38
/wp-content/uploads/2026/08/Sharepic_Ein-Herz-fuer-regionale-LM_1080x1920px-768x1365.jpg,media,38,/medien/38
/wp-content/uploads/2026/08/Sharepic_Ein-Herz-fuer-regionale-LM_1080x1920px-864x1536.jpg,media,38,/medien/38
/wp-content/uploads/2026/08/Sharepic_Ein-Herz-fuer-regionale-LM_1080x1920px-1152x2048.jpg,media,38,/medien/38
/wp-content/uploads/2026/08/Sharepic_Ein-Herz-fuer-regionale-LM_1080x1920px-scaled.jpg,media,38,/medien/38
/wp-content/uploads/2020/05/room-2365613_640.jpg,media,39,/medien/39
/wp-content/uploads/2020/05/room-2365613_640-300x269.jpg,media,39,/medien/39
/wp-content/uploads/2020/05/cutlery-1313930_640.jpg,media,40,/medien/40
/wp-content/uploads/2020/05/cutlery-1313930_640-300x225.jpg,media,40,/medien/40
/wp-content/uploads/2020/05/stand-paddling-4517331_640.jpg,media,41,/medien/41
/wp-content/uploads/2020/05/stand-paddling-4517331_640-300x178.jpg,media,41,/medien/41
/wp-content/uploads/2020/05/rad-3553814_640.jpg,media,42,/medien/42
/wp-content/uploads/2020/05/rad-3553814_640-300x200.jpg,media,42,/medien/42
/wp-content/uploads/2020/10/Spielplatz_Mandichosee.jpg,media,43,/medien/43
/wp-content/uploads/2020/10/Spielplatz_Mandichosee-300x225.jpg,media,43,/medien/43
/wp-content/uploads/2020/10/Spielplatz_Mandichosee-1024x768.jpg,media,43,/medien/43
/wp-content/uploads/2020/10/Spielplatz_Mandichosee-768x576.jpg,media,43,/medien/43
/wp-content/uploads/2020/10/Spielplatz_Mandichosee-1536x1152.jpg,media,43,/medien/43
/wp-content/uploads/2020/10/Spielplatz_Mandichosee-2048x1536.jpg,media,43,/medien/43
/wp-content/uploads/2020/10/Spielplatz_Holleraecker_bearb.jpg,media,44,/medien/44
/wp-content/uploads/2020/10/Spielplatz_Holleraecker_bearb-236x300.jpg,media,44,/medien/44
/wp-content/uploads/2020/10/Spielplatz_Holleraecker_bearb-805x1024.jpg,media,44,/medien/44
/wp-content/uploads/2020/10/Spielplatz_Holleraecker_bearb-768x976.jpg,media,44,/medien/44
/wp-content/uploads/2020/10/Spielplatz_Holleraecker_bearb-1208x1536.jpg,media,44,/medien/44
/wp-content/uploads/2020/10/Spielplatz_Holleraecker_bearb-1611x2048.jpg,media,44,/medien/44
/wp-content/uploads/2020/05/stocking-1701768_640.jpg,media,45,/medien/45
/wp-content/uploads/2020/05/stocking-1701768_640-300x200.jpg,media,45,/medien/45
/wp-content/uploads/2012/07/schule-merching.jpg,media,46,/medien/46
/wp-content/uploads/2012/07/schule-merching-300x200.jpg,media,46,/medien/46
/wp-content/uploads/2012/07/feuerwehrauto-merching.jpg,media,47,/medien/47
/wp-content/uploads/2012/07/feuerwehrauto-merching-300x200.jpg,media,47,/medien/47
/wp-content/uploads/2012/07/mandicho-stausee_2.jpg,media,48,/medien/48
/wp-content/uploads/2012/07/mandicho-stausee_2-300x200.jpg,media,48,/medien/48
/wp-content/uploads/2020/05/7_9Natalie-Lang_klein.jpg,media,49,/medien/49
/wp-content/uploads/2020/05/6-Greipel2_klein.jpg,media,50,/medien/50
/wp-content/uploads/2025/05/871b0a73-8034-47e4-80ac-ea20ad13f29e.jpg,media,51,/medien/51
/wp-content/uploads/2025/07/Informationsflyer_Mandichosee.pdf,document,156,/download/156/informationsflyer-mandichosee.pdf
/wp-content/uploads/2023/06/IMG_3237.jpg,media,52,/medien/52
/wp-content/uploads/2023/06/IMG_3237-300x225.jpg,media,52,/medien/52
/wp-content/uploads/2023/06/IMG_3237-1024x768.jpg,media,52,/medien/52
/wp-content/uploads/2023/06/IMG_3237-768x576.jpg,media,52,/medien/52
/wp-content/uploads/2023/06/IMG_3237-1536x1152.jpg,media,52,/medien/52
/wp-content/uploads/2020/06/Fahrrad.png,media,53,/medien/53
/wp-content/uploads/2025/07/Sonstige-Fundsache-2747288_1280.png,media,54,/medien/54
/wp-content/uploads/2025/07/Sonstige-Fundsache-2747288_1280-1024x512.png,media,54,/medien/54
/wp-content/uploads/2025/07/Sonstige-Fundsache-2747288_1280-300x150.png,media,54,/medien/54
/wp-content/uploads/2025/07/Sonstige-Fundsache-2747288_1280-768x384.png,media,54,/medien/54
/wp-content/uploads/2024/12/Korrektur_Formular_zur_GrSt_Auslage_in_Gemeinde_und_SZ_04.12.2024.pdf,document,157,/download/157/korrektur-formular-zur-grst-auslage-in-gemeinde-und-sz-04122024.pdf
/wp-content/uploads/2020/05/money-1005464_640.jpg,media,55,/medien/55
/wp-content/uploads/2012/06/lage.jpg,media,56,/medien/56
/wp-content/uploads/2020/05/money-1005464_640-300x173.jpg,media,55,/medien/55
/wp-content/uploads/2012/06/Wappen-Merching_k.gif,media,57,/medien/57
/wp-content/uploads/2024/11/842_Gemeinde-Merching.png,media,58,/medien/58
/wp-content/uploads/2024/11/842_Gemeinde-Merching-300x292.png,media,58,/medien/58
/wp-content/uploads/2024/11/842_Gemeinde-Merching-768x748.png,media,58,/medien/58
/wp-content/uploads/2026/08/20260811_Pamira-Sammlung-2026.pdf,document,158,/download/158/20260811-pamira-sammlung-2026.pdf
/wp-content/uploads/2026/07/Screenshot-2026-07-30-144027.png,media,59,/medien/59
/wp-content/uploads/2026/05/Kurzversion_Erinnerung-an-Steuervorauszahlung.docx.pdf,document,159,/download/159/kurzversion-erinnerung-an-steuervorauszahlungdocx.pdf
/wp-content/uploads/2026/09/20260915_Blaualgen-Auensee-Kissing-003.pdf,document,160,/download/160/20260915-blaualgen-auensee-kissing-003.pdf
/wp-content/uploads/2026/04/20260414_Sitzung-Buendnis-fuer-Demokratie-f.-Homepage.pdf,document,161,/download/161/20260414-sitzung-buendnis-fuer-demokratie-f-homepage.pdf
/wp-content/uploads/2026/04/20260413-AV-Gefluegelpest-aufgehoben_LRA-AIC-FDB-f.-Homepage-u.-Aushang.pdf,document,162,/download/162/20260413-av-gefluegelpest-aufgehoben-lra-aic-fdb-f-homepage-u-aushang.pdf
/wp-content/uploads/2026/09/20260909_Badeseenbeprobung.pdf,document,163,/download/163/20260909-badeseenbeprobung.pdf
/wp-content/uploads/2026/09/20260903_DB-InfraGO-Augsburg-Muenchen_Pressemitteilung-LRA-09.2026.pdf,document,164,/download/164/20260903-db-infrago-augsburg-muenchen-pressemitteilung-lra-092026.pdf
/wp-content/uploads/2020/06/Beitragsbild_Logo_Merching-2-150x150-1.jpg,media,60,/medien/60
/wp-content/uploads/2026/04/2026031Anzeige-Solaroffensive-und-Energieberatung-04_26-f.-Homepage.pdf,document,165,/download/165/2026031anzeige-solaroffensive-und-energieberatung-04-26-f-homepage.pdf
/wp-content/uploads/2025/06/Spielschiff-15-05-2025-1.jpg,media,61,/medien/61
/wp-content/uploads/2025/06/Spielschiff-15-05-2025-1-300x195.jpg,media,61,/medien/61
/wp-content/uploads/2025/06/Spielschiff-15-05-2025-1-768x500.jpg,media,61,/medien/61
/wp-content/uploads/2026/09/20260910_Welttag-Suizidpraevention.docx,document,166,/download/166/20260910-welttag-suizidpraevention.docx
/wp-content/uploads/2012/06/felder-am-ortsrand.jpg,media,62,/medien/62
/wp-content/uploads/2012/06/felder-am-ortsrand-300x200.jpg,media,62,/medien/62
/wp-content/uploads/2026/05/Helmut-Luichtl-klein.jpg,media,63,/medien/63
/wp-content/uploads/2026/05/Helmut-Luichtl-klein-127x150.jpg,media,63,/medien/63
/wp-content/uploads/2020/10/Aumiller-Marianne.jpg,media,64,/medien/64
/wp-content/uploads/2020/10/Egenhofer-Christine.jpg,media,65,/medien/65
/wp-content/uploads/2020/10/Weyland-Hanna-1.jpg,media,66,/medien/66
/wp-content/uploads/2020/10/Braendle-Susanne.jpg,media,67,/medien/67
/wp-content/uploads/2022/06/Klose-Tanja-klein.jpg,media,68,/medien/68
/wp-content/uploads/2020/10/Fieber-Rainer.jpg,media,69,/medien/69
/wp-content/uploads/2020/10/Geiger-Isabella.jpg,media,70,/medien/70
/wp-content/uploads/2020/10/Mueller-Katharina-1.jpg,media,71,/medien/71
/wp-content/uploads/2020/10/Hagen-Alexandra.jpg,media,72,/medien/72
/wp-content/uploads/2025/05/Mack-Petra.jpg,media,73,/medien/73
/wp-content/uploads/2020/10/Heyer-Clarissa-1.jpg,media,74,/medien/74
/wp-content/uploads/2020/10/Krauser-Birgit.jpg,media,75,/medien/75
/wp-content/uploads/2025/04/Kauth-Yvonne-kl.jpg,media,76,/medien/76
/wp-content/uploads/2020/10/Schimpfle-Thomas.jpg,media,77,/medien/77
/wp-content/uploads/2020/12/Mueller-Albert.jpg,media,78,/medien/78
/wp-content/uploads/2020/12/Jocher-Andreas.jpg,media,79,/medien/79
/wp-content/uploads/2025/05/Huster-Christian.jpg,media,80,/medien/80
/wp-content/uploads/2020/12/Steinhart-Andreas.jpg,media,81,/medien/81
/wp-content/uploads/2020/12/Limmer-Markus.jpg,media,82,/medien/82
/wp-content/uploads/2026/05/Kobarschik-Jochen-kl.jpg,media,83,/medien/83
/wp-content/uploads/2012/07/BayernAtlas.jpg,media,84,/medien/84
/wp-content/uploads/2012/07/BayernAtlas-1024x552.jpg,media,84,/medien/84
/wp-content/uploads/2012/07/BayernAtlas-300x161.jpg,media,84,/medien/84
/wp-content/uploads/2026/06/Storch-Markus-kl.jpg,media,85,/medien/85
/wp-content/uploads/2026/05/Teifelhart-Wolfgang-klein.jpg,media,86,/medien/86
/wp-content/uploads/2026/05/Dittebrand-Martin-klein.jpg,media,87,/medien/87
/wp-content/uploads/2026/06/Eckmann-Christian-kl.jpg,media,88,/medien/88
/wp-content/uploads/2026/06/Failer-Christian-kl.jpg,media,89,/medien/89
/wp-content/uploads/2026/05/Grabmann-klein.jpg,media,90,/medien/90
/wp-content/uploads/2026/05/Lang-klein.jpg,media,91,/medien/91
/wp-content/uploads/2026/05/Luichtl-Tobias-klein.jpg,media,92,/medien/92
/wp-content/uploads/2026/05/Mayr-Thomas-klein.jpg,media,93,/medien/93
/wp-content/uploads/2026/05/Mueller-Martin-klein.jpg,media,94,/medien/94
/wp-content/uploads/2026/06/Scheibenbogen-Monika-kl.jpg,media,95,/medien/95
/wp-content/uploads/2026/05/Schwarz-Thomas-klein.jpg,media,96,/medien/96
/wp-content/uploads/2026/05/Ulrich-Kirstin-klein.jpg,media,97,/medien/97
/wp-content/uploads/2026/05/Uthe-Tina-klein.jpg,media,98,/medien/98
/wp-content/uploads/2026/06/Waitzmann-Bernd-kl.jpg,media,99,/medien/99
/wp-content/uploads/2026/06/Wecker-Martin-kl.jpg,media,100,/medien/100
/wp-content/uploads/2026/05/Helfer-Markus-klein.jpg,media,101,/medien/101
/wp-content/uploads/2026/06/Juergens-Friedrich-kl.jpg,media,102,/medien/102
/wp-content/uploads/2020/05/1-Luichtl.jpg,media,103,/medien/103
/wp-content/uploads/2020/05/1-Luichtl-scaled.jpg,media,103,/medien/103
/wp-content/uploads/2020/05/network-cable-2245837_640.jpg,media,104,/medien/104
/wp-content/uploads/2020/05/network-cable-2245837_640-300x199.jpg,media,104,/medien/104
/wp-content/uploads/2020/06/rain-455124_640.jpg,media,105,/medien/105
/wp-content/uploads/2020/06/rain-455124_640-300x174.jpg,media,105,/medien/105
/wp-content/uploads/2020/05/sewer-pipes-2259514_640.jpg,media,106,/medien/106
/wp-content/uploads/2020/05/sewer-pipes-2259514_640-300x200.jpg,media,106,/medien/106
/wp-content/uploads/2020/05/dog-2561134_640.jpg,media,107,/medien/107
/wp-content/uploads/2020/05/dog-2561134_640-300x200.jpg,media,107,/medien/107
/wp-content/uploads/2020/05/child-1864718_640.jpg,media,108,/medien/108
/wp-content/uploads/2020/05/child-1864718_640-300x200.jpg,media,108,/medien/108
/wp-content/uploads/2020/05/kids-1093758_640.jpg,media,109,/medien/109
/wp-content/uploads/2020/05/kids-1093758_640-300x200.jpg,media,109,/medien/109
/wp-content/uploads/2020/05/Bäcker-2561_640.jpg,media,110,/medien/110
/wp-content/uploads/2020/05/Bäcker-2561_640-300x200.jpg,media,110,/medien/110
/wp-content/uploads/2020/05/rails-3309912_640.jpg,media,111,/medien/111
/wp-content/uploads/2020/05/rails-3309912_640-300x200.jpg,media,111,/medien/111
/wp-content/uploads/2026/10/20260924_Tagesschulung-Ehrenamtlich-taetige-Einzelperson.pdf,document,167,/download/167/20260924-tagesschulung-ehrenamtlich-taetige-einzelperson.pdf
/wp-content/uploads/2026/08/20260825_Urlaub-trotz-Pflege.pdf,document,168,/download/168/20260825-urlaub-trotz-pflege.pdf
/wp-content/uploads/2026/10/20260928_Vorlage-PM_mehrere-SolarTreffs.pdf,document,169,/download/169/20260928-vorlage-pm-mehrere-solartreffs.pdf
/wp-content/uploads/2020/06/cropped-Wappen-alternativ.png,media,112,/medien/112
/wp-content/uploads/2026/10/20260918_Workshop_Alle-im-Blick-Ehrenamt-neu-gestalten.pdf,document,170,/download/170/20260918-workshop-alle-im-blick-ehrenamt-neu-gestalten.pdf
/wp-content/uploads/2024/04/miteinand-und-fuereinand-e1712737064492.png,media,113,/medien/113
/wp-content/uploads/2026/03/DEU_Augsburg_COA_klein.png,media,114,/medien/114
/wp-content/uploads/2021/08/Energieberatung-Landkreis-Aichach-Friedberg-Typo-schwarz-RGB-scaled-e1629102681482.jpg,media,115,/medien/115
/veranstaltungskalender,page,2,/veranstaltungen
/?page_id=4,page,2,/veranstaltungen
/?p=4,page,2,/veranstaltungen
/ueber-merching,page,3,/ueber-merching
/?page_id=6,page,3,/ueber-merching
/?p=6,page,3,/ueber-merching
/aktuelles,page,4,/aktuelles
/?page_id=8,page,4,/aktuelles
/?p=8,page,4,/aktuelles
/buergerservice,page,5,/buergerservice
/?page_id=10,page,5,/buergerservice
/?p=10,page,5,/buergerservice
/handel-gewerbe,page,6,/handel-gewerbe
/?page_id=12,page,6,/handel-gewerbe
/?p=12,page,6,/handel-gewerbe
/freizeit,page,7,/freizeit
/?page_id=14,page,7,/freizeit
/?p=14,page,7,/freizeit
/ueber-merching/adressen-oeffnungszeiten,page,8,/rathaus-und-politik/verwaltung
/?page_id=20,page,8,/rathaus-und-politik/verwaltung
/?p=20,page,8,/rathaus-und-politik/verwaltung
/ueber-merching/lage-anfahrt,page,9,/lage-anfahrt
/?page_id=22,page,9,/lage-anfahrt
/?p=22,page,9,/lage-anfahrt
/impressum,page,10,/impressum
/?page_id=24,page,10,/impressum
/?p=24,page,10,/impressum
/sitemap,page,11,/inhaltsverzeichnis
/?page_id=26,page,11,/inhaltsverzeichnis
/?p=26,page,11,/inhaltsverzeichnis
/,page,12,/
/?page_id=51,page,12,/
/?p=51,page,12,/
/buergerservice/downloads,page,13,/weitere-downloads
/?page_id=56,page,13,/weitere-downloads
/?p=56,page,13,/weitere-downloads
/ueber-merching/grusswort,page,14,/rathaus-und-politik/grusswort
/?page_id=92,page,14,/rathaus-und-politik/grusswort
/?p=92,page,14,/rathaus-und-politik/grusswort
/email-formular,page,15,/email-formular
/?page_id=138,page,15,/email-formular
/?p=138,page,15,/email-formular
/ueber-merching/gemeinderat,wahlperioden,1,/rathaus-und-politik/gemeinderat
/?page_id=212,wahlperioden,1,/rathaus-und-politik/gemeinderat
/?p=212,wahlperioden,1,/rathaus-und-politik/gemeinderat
/buergerservice/buergerservice-von-a-z,page,16,/buergerservice/a-z
/?page_id=222,page,16,/buergerservice/a-z
/?p=222,page,16,/buergerservice/a-z
/buergerservice/lebenslagen,page,17,/buergerservice/lebenslagen
/?page_id=224,page,17,/buergerservice/lebenslagen
/?p=224,page,17,/buergerservice/lebenslagen
/buergerservice/ortsrecht,page,18,/ortsrecht
/?page_id=227,page,18,/ortsrecht
/?p=227,page,18,/ortsrecht
/handel-gewerbe/gewerbepark-am-lerchenberg/geografische-lage,page,19,/geografische-lage
/?page_id=231,page,19,/geografische-lage
/?p=231,page,19,/geografische-lage
/handel-gewerbe/gewerbepark-am-lerchenberg/verkehrsanbindung,page,20,/verkehrsanbindung
/?page_id=233,page,20,/verkehrsanbindung
/?p=233,page,20,/verkehrsanbindung
/handel-gewerbe/gewerbepark-am-lerchenberg/standorterschliessung,page,21,/standorterschliessung
/?page_id=235,page,21,/standorterschliessung
/?p=235,page,21,/standorterschliessung
/handel-gewerbe/gewerbepark-am-lerchenberg/nutzungskonzept,page,22,/nutzungskonzept
/?page_id=237,page,22,/nutzungskonzept
/?p=237,page,22,/nutzungskonzept
/handel-gewerbe/gewerbepark-am-lerchenberg/weitere-standortfaktoren,page,23,/weitere-standortfaktoren
/?page_id=241,page,23,/weitere-standortfaktoren
/?p=241,page,23,/weitere-standortfaktoren
/freizeit/vereine,page,24,/vereine
/?page_id=249,page,24,/vereine
/?p=249,page,24,/vereine
/freizeit/infrastruktur,page,25,/infrastruktur
/?page_id=251,page,25,/infrastruktur
/?p=251,page,25,/infrastruktur
/freizeit/wasserqualitaet-der-badeseen,page,26,/leben/badeseen
/?page_id=255,page,26,/leben/badeseen
/?p=255,page,26,/leben/badeseen
/buergerservice/formulare,page,27,/formulare
/?page_id=257,page,27,/formulare
/?p=257,page,27,/formulare
/buergerservice/interessante-links-im-web,page,28,/interessante-links-im-web
/?page_id=273,page,28,/interessante-links-im-web
/?p=273,page,28,/interessante-links-im-web
/buergerservice/lebenslagen/eheschliessung,service,1,/buergerservice/leistungen/eheschliessung
/?page_id=296,service,1,/buergerservice/leistungen/eheschliessung
/?p=296,service,1,/buergerservice/leistungen/eheschliessung
/buergerservice/lebenslagen/ein-umzug-steht-bevor,service,2,/buergerservice/leistungen/ein-umzug-steht-bevor
/?page_id=300,service,2,/buergerservice/leistungen/ein-umzug-steht-bevor
/?p=300,service,2,/buergerservice/leistungen/ein-umzug-steht-bevor
/buergerservice/lebenslagen/wertstoffsammlung,service,3,/buergerservice/leistungen/wertstoffsammlung
/?page_id=302,service,3,/buergerservice/leistungen/wertstoffsammlung
/?p=302,service,3,/buergerservice/leistungen/wertstoffsammlung
/buergerservice/lebenslagen/personalausweis,service,4,/buergerservice/leistungen/personalausweis
/?page_id=310,service,4,/buergerservice/leistungen/personalausweis
/?p=310,service,4,/buergerservice/leistungen/personalausweis
/ueber-merching/bayernatlas,page,29,/bayernatlas
/?page_id=344,page,29,/bayernatlas
/?p=344,page,29,/bayernatlas
/buergerservice/gemeindekurier,page,30,/gemeindekurier
/?page_id=353,page,30,/gemeindekurier
/?p=353,page,30,/gemeindekurier
/aktuelles/aus-merching,page,31,/aus-merching
/?page_id=382,page,31,/aus-merching
/?p=382,page,31,/aus-merching
/aktuelles/landratsamt-andere-behoerden,page,32,/landratsamt-andere-behoerden
/?page_id=385,page,32,/landratsamt-andere-behoerden
/?p=385,page,32,/landratsamt-andere-behoerden
/aktuelles/aus-dem-rathaus,page,33,/aus-dem-rathaus
/?page_id=390,page,33,/aus-dem-rathaus
/?p=390,page,33,/aus-dem-rathaus
/handel-gewerbe/gastronomiebetriebe,page,34,/gastronomiebetriebe
/?page_id=415,page,34,/gastronomiebetriebe
/?p=415,page,34,/gastronomiebetriebe
/buergerservice/gemeinderat,page,35,/gemeinderat
/?page_id=441,page,35,/gemeinderat
/?p=441,page,35,/gemeinderat
/freizeit/kinder-und-jugend,page,36,/leben/kinder-und-jugend
/?page_id=2316,page,36,/leben/kinder-und-jugend
/?p=2316,page,36,/leben/kinder-und-jugend
/aktuelles/stellenanzeigen,page,37,/stellenanzeigen
/?page_id=542,page,37,/stellenanzeigen
/?p=542,page,37,/stellenanzeigen
/ueber-merching/bildergalerie-merching,page,38,/bildergalerie-merching
/?page_id=547,page,38,/bildergalerie-merching
/?p=547,page,38,/bildergalerie-merching
/aktuelles/oeffentliche-bekanntmachungen,page,39,/bekanntmachungen
/?page_id=670,page,39,/bekanntmachungen
/?p=670,page,39,/bekanntmachungen
/buergerservice/lebenslagen/reisepass,service,5,/buergerservice/leistungen/reisepass
/?page_id=810,service,5,/buergerservice/leistungen/reisepass
/?p=810,service,5,/buergerservice/leistungen/reisepass
/bekanntmachung-ueber-die-eintragungsmoeglichkeiten-in-unterstuetzungslisten,article,1,/aktuelles/bekanntmachung-ueber-die-eintragungsmoeglichkeiten-in-unterstuetzungslisten
/?p=10156,article,1,/aktuelles/bekanntmachung-ueber-die-eintragungsmoeglichkeiten-in-unterstuetzungslisten
/bekanntmachungen-zur-1-aenderung-des-bebauungsplanes-nr-34-oestlich-der-nebelhornstrasse,article,2,/aktuelles/bekanntmachungen-zur-1-aenderung-des-bebauungsplanes-nr-34-oestlich-der-nebelhornstrasse
/?p=10254,article,2,/aktuelles/bekanntmachungen-zur-1-aenderung-des-bebauungsplanes-nr-34-oestlich-der-nebelhornstrasse
/buergerservice/lebenslagen/fuehrungszeugnis-auskunft-aus-dem-gewerbezentralregister,service,6,/buergerservice/leistungen/fuehrungszeugnis-auskunft-aus-dem-gewerbezentralregister
/?page_id=1987,service,6,/buergerservice/leistungen/fuehrungszeugnis-auskunft-aus-dem-gewerbezentralregister
/?p=1987,service,6,/buergerservice/leistungen/fuehrungszeugnis-auskunft-aus-dem-gewerbezentralregister
/buergerservice/flaechennutzungsplan-bebauungsplaene,page,40,/flaechennutzungsplan-bebauungsplaene
/?page_id=1999,page,40,/flaechennutzungsplan-bebauungsplaene
/?p=1999,page,40,/flaechennutzungsplan-bebauungsplaene
/haeuserbuch-im-wandel-der-zeit-im-rathaus-erhaeltlich,article,3,/aktuelles/haeuserbuch-im-wandel-der-zeit-im-rathaus-erhaeltlich
/?p=2284,article,3,/aktuelles/haeuserbuch-im-wandel-der-zeit-im-rathaus-erhaeltlich
/buergerservice/buergerserviceportal,page,41,/buergerserviceportal
/?page_id=2847,page,41,/buergerserviceportal
/?p=2847,page,41,/buergerserviceportal
/impressum/datenschutzerklaerung,page,42,/datenschutz
/?page_id=3658,page,42,/datenschutz
/?p=3658,page,42,/datenschutz
/gemeindekurier-herbst-2024-m-einladung-zu-den-buergerversammlungen-2024,article,4,/aktuelles/gemeindekurier-herbst-2024-m-einladung-zu-den-buergerversammlungen-2024
/?p=9055,article,4,/aktuelles/gemeindekurier-herbst-2024-m-einladung-zu-den-buergerversammlungen-2024
/abschaffung-des-kinderreisepasses-zum-1-januar-2024,article,5,/aktuelles/abschaffung-des-kinderreisepasses-zum-1-januar-2024
/?p=8134,article,5,/aktuelles/abschaffung-des-kinderreisepasses-zum-1-januar-2024
/grundsteuer-ab-2025,article,6,/aktuelles/grundsteuer-ab-2025
/?p=9014,article,6,/aktuelles/grundsteuer-ab-2025
/aktuelles/fundsachen,page,43,/fundsachen
/?page_id=4631,page,43,/fundsachen
/?p=4631,page,43,/fundsachen
/aktuelles/ausschreibungen,page,44,/ausschreibungen
/?page_id=4765,page,44,/ausschreibungen
/?p=4765,page,44,/ausschreibungen
/ueber-merching/standortfaktoren-leben-und-wohnen-in-merching,page,45,/standortfaktoren-leben-und-wohnen-in-merching
/?page_id=4787,page,45,/standortfaktoren-leben-und-wohnen-in-merching
/?p=4787,page,45,/standortfaktoren-leben-und-wohnen-in-merching
/bekanntmachung-ueber-die-aufforderung-zur-einreichung-von-wahlvorschlaegen-fuer-die-wahl-des-gemeinderats-und-der-ersten-buergermeisterin-des-ersten-buergermeisters,article,7,/aktuelles/bekanntmachung-ueber-die-aufforderung-zur-einreichung-von-wahlvorschlaegen-fuer-die-wahl-des-gemeinderats-und-der-ersten-buergermeisterin-des-ersten-buergermeisters
/?p=10152,article,7,/aktuelles/bekanntmachung-ueber-die-aufforderung-zur-einreichung-von-wahlvorschlaegen-fuer-die-wahl-des-gemeinderats-und-der-ersten-buergermeisterin-des-ersten-buergermeisters
/?p=5157,service,7,/buergerservice/leistungen/planfeststellung
/amtsblatt-nr-01-2023-der-regierung-von-schwaben,article,8,/aktuelles/amtsblatt-nr-01-2023-der-regierung-von-schwaben
/?p=7151,article,8,/aktuelles/amtsblatt-nr-01-2023-der-regierung-von-schwaben
/?p=5152,service,8,/buergerservice/leistungen/covid-19
/rattenproblematik-in-der-gemeinde-merching,article,9,/aktuelles/rattenproblematik-in-der-gemeinde-merching
/?p=5226,article,9,/aktuelles/rattenproblematik-in-der-gemeinde-merching
/bekanntmachung-grundsteuer-und-hundesteuer-2025,article,10,/aktuelles/bekanntmachung-grundsteuer-und-hundesteuer-2025
/?p=9077,article,10,/aktuelles/bekanntmachung-grundsteuer-und-hundesteuer-2025
/richtiges-verhalten-gegenueber-wasser-zugvoegeln,article,11,/aktuelles/richtiges-verhalten-gegenueber-wasser-zugvoegeln
/?p=10088,article,11,/aktuelles/richtiges-verhalten-gegenueber-wasser-zugvoegeln
/buergerservice/gemeindebroschuere,page,46,/gemeindebroschuere
/?page_id=5492,page,46,/gemeindebroschuere
/?p=5492,page,46,/gemeindebroschuere
/hundesteuer-ab-2026,article,12,/aktuelles/hundesteuer-ab-2026
/?p=10050,article,12,/aktuelles/hundesteuer-ab-2026
/bekanntmachung-des-abschliessenden-ergebnisses-der-wahl-des-ersten-buergermeisters-am-08-maerz-2026,article,13,/aktuelles/bekanntmachung-des-abschliessenden-ergebnisses-der-wahl-des-ersten-buergermeisters-am-08-maerz-2026
/?p=10428,article,13,/aktuelles/bekanntmachung-des-abschliessenden-ergebnisses-der-wahl-des-ersten-buergermeisters-am-08-maerz-2026
/flyer-stromausfall-was-ist-ein-blackout-und-wie-bereiten-wir-uns-darauf-vor,article,14,/aktuelles/flyer-stromausfall-was-ist-ein-blackout-und-wie-bereiten-wir-uns-darauf-vor
/?p=8018,article,14,/aktuelles/flyer-stromausfall-was-ist-ein-blackout-und-wie-bereiten-wir-uns-darauf-vor
/ueber-merching/accessibility-statement,page,47,/barrierefreiheit
/?page_id=9637,page,47,/barrierefreiheit
/?p=9637,page,47,/barrierefreiheit
/kommunale-it-sicherheit,article,15,/aktuelles/kommunale-it-sicherheit
/?p=6749,article,15,/aktuelles/kommunale-it-sicherheit
/buergerservice/alle-downloads-in-der-uebersicht,page,48,/dokumente
/?page_id=7085,page,48,/dokumente
/?p=7085,page,48,/dokumente
/brunnenregenerierung-abgeschlossen,article,16,/aktuelles/brunnenregenerierung-abgeschlossen
/?p=10042,article,16,/aktuelles/brunnenregenerierung-abgeschlossen
/was-soll-ich-tun-bei-hochwasser,article,17,/aktuelles/was-soll-ich-tun-bei-hochwasser
/?p=8787,article,17,/aktuelles/was-soll-ich-tun-bei-hochwasser
/verkuendung-des-ergebnisses-der-wahl-des-ortssprechers-fuer-den-ortsteil-hochdorf,article,18,/aktuelles/verkuendung-des-ergebnisses-der-wahl-des-ortssprechers-fuer-den-ortsteil-hochdorf
/?p=10534,article,18,/aktuelles/verkuendung-des-ergebnisses-der-wahl-des-ortssprechers-fuer-den-ortsteil-hochdorf
/bekanntmachung-beschwerdeausschuss,article,19,/aktuelles/bekanntmachung-beschwerdeausschuss
/?p=10181,article,19,/aktuelles/bekanntmachung-beschwerdeausschuss
/grundsteuer-ab-2025-info-des-finanzamtes-zur-korrektur-der-messbetraege,article,20,/aktuelles/grundsteuer-ab-2025-info-des-finanzamtes-zur-korrektur-der-messbetraege
/?p=9197,article,20,/aktuelles/grundsteuer-ab-2025-info-des-finanzamtes-zur-korrektur-der-messbetraege
/abschaffung-kinderreisepass-zum-01-01-2024,article,21,/aktuelles/abschaffung-kinderreisepass-zum-01-01-2024
/?p=8567,article,21,/aktuelles/abschaffung-kinderreisepass-zum-01-01-2024
/pressemitteilung-landratsamt-aichach-friedberg-buendnis-f-demokratie-spricht-foerderempfehlungen-fuer-2026-aus,article,22,/aktuelles/pressemitteilung-landratsamt-aichach-friedberg-buendnis-f-demokratie-spricht-foerderempfehlungen-fuer-2026-aus
/?p=10515,article,22,/aktuelles/pressemitteilung-landratsamt-aichach-friedberg-buendnis-f-demokratie-spricht-foerderempfehlungen-fuer-2026-aus
/bekanntmachung-der-beitrags-und-gebuehrensatzung-zur-wasserabgabesatzung-der-gemeinde-merching-v-12-12-2025,article,23,/aktuelles/bekanntmachung-der-beitrags-und-gebuehrensatzung-zur-wasserabgabesatzung-der-gemeinde-merching-v-12-12-2025
/?p=10173,article,23,/aktuelles/bekanntmachung-der-beitrags-und-gebuehrensatzung-zur-wasserabgabesatzung-der-gemeinde-merching-v-12-12-2025
/bekanntmachung-der-beitrags-und-gebuehrensatzung-zur-entwaesserungssatzung-der-gemeinde-merching-v-12-12-2025,article,24,/aktuelles/bekanntmachung-der-beitrags-und-gebuehrensatzung-zur-entwaesserungssatzung-der-gemeinde-merching-v-12-12-2025
/?p=10171,article,24,/aktuelles/bekanntmachung-der-beitrags-und-gebuehrensatzung-zur-entwaesserungssatzung-der-gemeinde-merching-v-12-12-2025
/buergerservice/haushaltsplaene,page,49,/haushaltsplaene
/?page_id=9222,page,49,/haushaltsplaene
/?p=9222,page,49,/haushaltsplaene
/grundsteueraenderungsanzeige,article,25,/aktuelles/grundsteueraenderungsanzeige
/?p=8824,article,25,/aktuelles/grundsteueraenderungsanzeige
/mikrozensus-2024-mitteilung-08-08-2024-50-000-buergerinnen-und-buerger-muessen-noch-bis-jahresende-mitmachen,article,26,/aktuelles/mikrozensus-2024-mitteilung-08-08-2024-50-000-buergerinnen-und-buerger-muessen-noch-bis-jahresende-mitmachen
/?p=8971,article,26,/aktuelles/mikrozensus-2024-mitteilung-08-08-2024-50-000-buergerinnen-und-buerger-muessen-noch-bis-jahresende-mitmachen
/balkonkraftwerk-o-klassiche-photovoltaikanlage-sonnenstrom-fuer-jeden-bedarf,article,27,/aktuelles/balkonkraftwerk-o-klassiche-photovoltaikanlage-sonnenstrom-fuer-jeden-bedarf
/?p=10477,article,27,/aktuelles/balkonkraftwerk-o-klassiche-photovoltaikanlage-sonnenstrom-fuer-jeden-bedarf
/zensus-2022-gesetz-ueber-den-schutz-der-sonn-und-feiertage-feiertagsgesetz-mariae-himmelfahrt,article,28,/aktuelles/zensus-2022-gesetz-ueber-den-schutz-der-sonn-und-feiertage-feiertagsgesetz-mariae-himmelfahrt
/?p=9508,article,28,/aktuelles/zensus-2022-gesetz-ueber-den-schutz-der-sonn-und-feiertage-feiertagsgesetz-mariae-himmelfahrt
/bekanntmachung-kostensatzung,article,29,/aktuelles/bekanntmachung-kostensatzung
/?p=9513,article,29,/aktuelles/bekanntmachung-kostensatzung
/neues-aus-dem-einwohnermeldeamt-lichtbilder,article,30,/aktuelles/neues-aus-dem-einwohnermeldeamt-lichtbilder
/?p=9562,article,30,/aktuelles/neues-aus-dem-einwohnermeldeamt-lichtbilder
/spielschiff-an-der-paar-u-gestiftete-baenke-des-huehnerkomitees-merching-wurden-offiziell-eroeffnet,article,31,/aktuelles/spielschiff-an-der-paar-u-gestiftete-baenke-des-huehnerkomitees-merching-wurden-offiziell-eroeffnet
/?p=9600,article,31,/aktuelles/spielschiff-an-der-paar-u-gestiftete-baenke-des-huehnerkomitees-merching-wurden-offiziell-eroeffnet
/pressemitteilung-landratsamt-aichach-friedberg-gefluegelpest-sperrzone-aufgehoben,article,32,/aktuelles/pressemitteilung-landratsamt-aichach-friedberg-gefluegelpest-sperrzone-aufgehoben
/?p=10508,article,32,/aktuelles/pressemitteilung-landratsamt-aichach-friedberg-gefluegelpest-sperrzone-aufgehoben
/fundsache,article,33,/aktuelles/fundsache
/?p=10881,article,33,/aktuelles/fundsache
/wasserrechtliches-planfeststellungsverfahren,article,34,/aktuelles/wasserrechtliches-planfeststellungsverfahren
/?p=10399,article,34,/aktuelles/wasserrechtliches-planfeststellungsverfahren
/ergebnisse-der-kommunalwahl-08-03-2026,article,35,/aktuelles/ergebnisse-der-kommunalwahl-08-03-2026
/?p=10418,article,35,/aktuelles/ergebnisse-der-kommunalwahl-08-03-2026
/bekanntmachung-des-abschliessenden-ergebnisses-der-wahl-des-gemeinderats-am-08-maerz-2026,article,36,/aktuelles/bekanntmachung-des-abschliessenden-ergebnisses-der-wahl-des-gemeinderats-am-08-maerz-2026
/?p=10432,article,36,/aktuelles/bekanntmachung-des-abschliessenden-ergebnisses-der-wahl-des-gemeinderats-am-08-maerz-2026
/bekanntmachung-fuer-den-eroerterungstermin-licca-liber-i,article,37,/aktuelles/bekanntmachung-fuer-den-eroerterungstermin-licca-liber-i
/?p=10461,article,37,/aktuelles/bekanntmachung-fuer-den-eroerterungstermin-licca-liber-i
/solaroffensive-wittelsbacher-land,article,38,/aktuelles/solaroffensive-wittelsbacher-land
/?p=10485,article,38,/aktuelles/solaroffensive-wittelsbacher-land
/aenderungen-am-grundbesitz-dem-finanzamt-anzeigen,article,39,/aktuelles/aenderungen-am-grundbesitz-dem-finanzamt-anzeigen
/?p=10521,article,39,/aktuelles/aenderungen-am-grundbesitz-dem-finanzamt-anzeigen
/bekanntmachung-v-12-05-2026-vergabe-von-gemeindlichen-wohnbaugrundstuecken,article,40,/aktuelles/bekanntmachung-v-12-05-2026-vergabe-von-gemeindlichen-wohnbaugrundstuecken
/?p=10570,article,40,/aktuelles/bekanntmachung-v-12-05-2026-vergabe-von-gemeindlichen-wohnbaugrundstuecken
/gebuehrensatzung-zur-friedhofs-und-bestattungssatzung-ab-01-01-2027,article,41,/aktuelles/gebuehrensatzung-zur-friedhofs-und-bestattungssatzung-ab-01-01-2027
/?p=10798,article,41,/aktuelles/gebuehrensatzung-zur-friedhofs-und-bestattungssatzung-ab-01-01-2027
/friedhofs-und-bestattungssatzung-ab-01-01-2027,article,42,/aktuelles/friedhofs-und-bestattungssatzung-ab-01-01-2027
/?p=10796,article,42,/aktuelles/friedhofs-und-bestattungssatzung-ab-01-01-2027
/pressemitteilung-finanzamt-augsburg-land-erinnerung-an-steuervorauszahlung,article,43,/aktuelles/pressemitteilung-finanzamt-augsburg-land-erinnerung-an-steuervorauszahlung
/?p=10662,article,43,/aktuelles/pressemitteilung-finanzamt-augsburg-land-erinnerung-an-steuervorauszahlung
/einfuehrung-des-wassercents-in-bayern,article,44,/aktuelles/einfuehrung-des-wassercents-in-bayern
/?p=10754,article,44,/aktuelles/einfuehrung-des-wassercents-in-bayern
/fachstelle-f-pflegende-angehoerige-tageskurs-fuer-ehrenamtlich-taetige-einzelperson-am-27-10-2026-in-aichach,article,45,/aktuelles/fachstelle-f-pflegende-angehoerige-tageskurs-fuer-ehrenamtlich-taetige-einzelperson-am-27-10-2026-in-aichach
/?p=10848,article,45,/aktuelles/fachstelle-f-pflegende-angehoerige-tageskurs-fuer-ehrenamtlich-taetige-einzelperson-am-27-10-2026-in-aichach
/pressemitteilung-region-wehrt-sich-gegen-geplante-ausduennung-des-regionalverkehrs-zwischen-augsburg-und-muenchen,article,46,/aktuelles/pressemitteilung-region-wehrt-sich-gegen-geplante-ausduennung-des-regionalverkehrs-zwischen-augsburg-und-muenchen
/?p=10867,article,46,/aktuelles/pressemitteilung-region-wehrt-sich-gegen-geplante-ausduennung-des-regionalverkehrs-zwischen-augsburg-und-muenchen
/urlaub-trotz-pflege,article,47,/aktuelles/urlaub-trotz-pflege
/?p=10844,article,47,/aktuelles/urlaub-trotz-pflege
/unterstuetzung-fuer-menschen-mit-pfegebedarf-tagesschulung-zur-ehrenamtlich-taetigen-einzelperson,article,48,/aktuelles/unterstuetzung-fuer-menschen-mit-pfegebedarf-tagesschulung-zur-ehrenamtlich-taetigen-einzelperson
/?p=10931,article,48,/aktuelles/unterstuetzung-fuer-menschen-mit-pfegebedarf-tagesschulung-zur-ehrenamtlich-taetigen-einzelperson
/amtsblatt-landkreis-aichach-friedberg-06-2026-jahrgang-81,article,49,/aktuelles/amtsblatt-landkreis-aichach-friedberg-06-2026-jahrgang-81
/?p=10744,article,49,/aktuelles/amtsblatt-landkreis-aichach-friedberg-06-2026-jahrgang-81
/blaualgen-tychonema-am-mandichosee,article,50,/aktuelles/blaualgen-tychonema-am-mandichosee
/?p=10808,article,50,/aktuelles/blaualgen-tychonema-am-mandichosee
/e-rechnung-im-verein-online-seminar-des-landratsamtes-informiert-ueber-neue-anforderungen,article,51,/aktuelles/e-rechnung-im-verein-online-seminar-des-landratsamtes-informiert-ueber-neue-anforderungen
/?p=10928,article,51,/aktuelles/e-rechnung-im-verein-online-seminar-des-landratsamtes-informiert-ueber-neue-anforderungen
/db-infrago-ag-fuehrt-am-20-10-26-bauarbeiten-durch-bf-kissing-bf-augsburg-hbf-u-bf-mammendorf-bf-mering,article,52,/aktuelles/db-infrago-ag-fuehrt-am-20-10-26-bauarbeiten-durch-bf-kissing-bf-augsburg-hbf-u-bf-mammendorf-bf-mering
/?p=10940,article,52,/aktuelles/db-infrago-ag-fuehrt-am-20-10-26-bauarbeiten-durch-bf-kissing-bf-augsburg-hbf-u-bf-mammendorf-bf-mering
/fundsache-2,article,53,/aktuelles/fundsache-2
/?p=10925,article,53,/aktuelles/fundsache-2
/fotowettbewerb-ein-herz-fuer-regionale-lebensmittel,article,54,/aktuelles/fotowettbewerb-ein-herz-fuer-regionale-lebensmittel
/?p=10826,article,54,/aktuelles/fotowettbewerb-ein-herz-fuer-regionale-lebensmittel
/neue-termine-fuer-kostenlose-rueckgabe-von-pflanzenschutz-verpackungen-entsorgungssystem-pamira,article,55,/aktuelles/neue-termine-fuer-kostenlose-rueckgabe-von-pflanzenschutz-verpackungen-entsorgungssystem-pamira
/?p=10833,article,55,/aktuelles/neue-termine-fuer-kostenlose-rueckgabe-von-pflanzenschutz-verpackungen-entsorgungssystem-pamira
/bodenrichtwerte-ab-01-01-2026,article,56,/aktuelles/bodenrichtwerte-ab-01-01-2026
/?p=10876,article,56,/aktuelles/bodenrichtwerte-ab-01-01-2026
/pressemitteilung-landratsamt-aichach-friedberg-tychonema-in-mehreren-badeseen-nachgewiesen,article,57,/aktuelles/pressemitteilung-landratsamt-aichach-friedberg-tychonema-in-mehreren-badeseen-nachgewiesen
/?p=10887,article,57,/aktuelles/pressemitteilung-landratsamt-aichach-friedberg-tychonema-in-mehreren-badeseen-nachgewiesen
/suizidpraevention-pressemitteilung-landratsamt-aichach-friedberg,article,58,/aktuelles/suizidpraevention-pressemitteilung-landratsamt-aichach-friedberg
/?p=10890,article,58,/aktuelles/suizidpraevention-pressemitteilung-landratsamt-aichach-friedberg
/pressemitteilung-landratsamt-aichach-friedberg-blaualgen-im-uferbereich-des-auensees-bei-kissing,article,59,/aktuelles/pressemitteilung-landratsamt-aichach-friedberg-blaualgen-im-uferbereich-des-auensees-bei-kissing
/?p=10896,article,59,/aktuelles/pressemitteilung-landratsamt-aichach-friedberg-blaualgen-im-uferbereich-des-auensees-bei-kissing
/fundfahrrad,article,60,/aktuelles/fundfahrrad
/?p=10914,article,60,/aktuelles/fundfahrrad
/10917-2,article,61,/aktuelles/10917-2
/?p=10917,article,61,/aktuelles/10917-2
/vollsperrung-der-steinacher-strasse-07-10-2026-31-10-2026,article,62,/aktuelles/vollsperrung-der-steinacher-strasse-07-10-2026-31-10-2026
/?p=10938,article,62,/aktuelles/vollsperrung-der-steinacher-strasse-07-10-2026-31-10-2026
/db-infrago-ag-fuehrt-am-13-10-u-14-10-26-bauarbeiten-durch-bf-mering-bf-egling,article,63,/aktuelles/db-infrago-ag-fuehrt-am-13-10-u-14-10-26-bauarbeiten-durch-bf-mering-bf-egling
/?p=10942,article,63,/aktuelles/db-infrago-ag-fuehrt-am-13-10-u-14-10-26-bauarbeiten-durch-bf-mering-bf-egling
/workshop-freiwilligenagentur-wie-gewinnen-wir-neue-freiwillige-alle-im-blick-ehrenamt-neu-gestalten,article,64,/aktuelles/workshop-freiwilligenagentur-wie-gewinnen-wir-neue-freiwillige-alle-im-blick-ehrenamt-neu-gestalten
/?p=10944,article,64,/aktuelles/workshop-freiwilligenagentur-wie-gewinnen-wir-neue-freiwillige-alle-im-blick-ehrenamt-neu-gestalten
/veranstaltung-landratsamt-aichach-friedberg-ratschen-ueber-photovoltaik-solartreffs-in-verschiedenen-gemeinden,article,65,/aktuelles/veranstaltung-landratsamt-aichach-friedberg-ratschen-ueber-photovoltaik-solartreffs-in-verschiedenen-gemeinden
/?p=10947,article,65,/aktuelles/veranstaltung-landratsamt-aichach-friedberg-ratschen-ueber-photovoltaik-solartreffs-in-verschiedenen-gemeinden
/vollsperrung-bahnuebergang-zwischen-brunnen-und-st-2052-im-zeitraum-vom-13-10-2026-15-10-2026,article,66,/aktuelles/vollsperrung-bahnuebergang-zwischen-brunnen-und-st-2052-im-zeitraum-vom-13-10-2026-15-10-2026
/?p=10952,article,66,/aktuelles/vollsperrung-bahnuebergang-zwischen-brunnen-und-st-2052-im-zeitraum-vom-13-10-2026-15-10-2026
/wp-content/gallery/merching/nepomuk.jpg,media,116,/medien/116
/wp-content/gallery/merching/pfarrhof.jpg,media,117,/medien/117
/wp-content/gallery/merching/bild-kirche-neu.jpg,media,118,/medien/118
/wp-content/gallery/merching/kopie-von-snc000881.jpg,media,119,/medien/119
/wp-content/gallery/merching/bacherleh-in-steinach.jpg,media,120,/medien/120
/wp-content/gallery/merching/maibaum-steinach.jpg,media,121,/medien/121
/wp-content/gallery/merching/kirche-merching_4.jpg,media,122,/medien/122
/wp-content/gallery/merching/der-bayrische-himmel-ueber-merching.jpg,media,123,/medien/123
/wp-content/gallery/merching/maibaum.jpg,media,124,/medien/124
/wp-content/gallery/merching/kindergarten.jpg,media,125,/medien/125
/wp-content/gallery/merching/kinderkrippe.jpg,media,126,/medien/126
/wp-content/gallery/merching/klostergarten.jpg,media,127,/medien/127
/wp-content/gallery/merching/maibaum-merching.jpg,media,128,/medien/128
/wp-content/gallery/merching/pfarramt-figur.jpg,media,129,/medien/129
/wp-content/gallery/merching/pfarramt.jpg,media,130,/medien/130
/wp-content/gallery/merching/skulptur-im-friedhof.jpg,media,131,/medien/131
/wp-content/gallery/merching/an-der-paar.jpg,media,132,/medien/132
/wp-content/gallery/merching/kapelle-st-margaretha011.jpg,media,133,/medien/133
/wp-content/gallery/merching/felder-am-ortsrand.jpg,media,134,/medien/134
/wp-content/gallery/merching/feuerwehr-merching.jpg,media,135,/medien/135
/wp-content/gallery/merching/feuerwehrauto-merching.jpg,media,136,/medien/136
/wp-content/gallery/merching/grund-und-mittelschule.jpg,media,137,/medien/137
/wp-content/gallery/merching/cimg1913.jpg,media,138,/medien/138
/wp-content/gallery/merching/mehrzweckhalle.jpg,media,139,/medien/139
/wp-content/gallery/merching/cimg1914.jpg,media,140,/medien/140
/wp-content/gallery/merching/kirche-steinach-001.jpg,media,141,/medien/141
/wp-content/gallery/merching/hochdorf.jpg,media,142,/medien/142
/wp-content/gallery/merching/im-ort-merching.jpg,media,143,/medien/143
/wp-content/gallery/merching/kapelle-und-kreuz008.jpg,media,144,/medien/144
/wp-content/gallery/merching/kirche-hochdorf.jpg,media,145,/medien/145
/wp-content/gallery/merching/kirche-merching.jpg,media,146,/medien/146
/wp-content/gallery/merching/kirche-merching_2.jpg,media,147,/medien/147
/wp-content/gallery/merching/kirche-merching_3.jpg,media,148,/medien/148
/wp-content/gallery/merching/kirche-merching_0.jpg,media,149,/medien/149
/wp-content/gallery/merching/kirchturmuhr-merching.jpg,media,150,/medien/150
/wp-content/gallery/merching/kirche-steinach.jpg,media,151,/medien/151
/wp-content/gallery/merching/mandicho-stausee_1.jpg,media,152,/medien/152
/wp-content/gallery/merching/mandicho-stausee_2.jpg,media,153,/medien/153
/wp-content/gallery/merching/merching2.jpg,media,154,/medien/154
/wp-content/gallery/merching/rathaus-merching.jpg,media,155,/medien/155
/wp-content/gallery/merching/rathaus-merching2.jpg,media,156,/medien/156
/wp-content/gallery/merching/rathaus-merching3.jpg,media,157,/medien/157
/wp-content/gallery/merching/rathaus-merching4.jpg,media,158,/medien/158
/wp-content/gallery/merching/sprudelstein.jpg,media,159,/medien/159
/wp-content/gallery/merching/saeule.jpg,media,160,/medien/160
/wp-content/gallery/merching/schule-merching.jpg,media,161,/medien/161
/wp-content/gallery/merching/segelboote-am-mandichosee.jpg,media,162,/medien/162
/wp-content/gallery/merching/stausee.jpg,media,163,/medien/163
/wp-content/gallery/naherholungsgebiet-mandichosee/merching_mandichosee_19.jpg,media,164,/medien/164
/wp-content/gallery/naherholungsgebiet-mandichosee/merching_mandichosee_10.jpg,media,165,/medien/165
/wp-content/gallery/naherholungsgebiet-mandichosee/merching_mandichosee_11.jpg,media,166,/medien/166
/wp-content/gallery/naherholungsgebiet-mandichosee/merching_mandichosee_12.jpg,media,167,/medien/167
/wp-content/gallery/naherholungsgebiet-mandichosee/merching_mandichosee_13.jpg,media,168,/medien/168
/wp-content/gallery/naherholungsgebiet-mandichosee/merching_mandichosee_14.jpg,media,169,/medien/169
/wp-content/gallery/naherholungsgebiet-mandichosee/merching_mandichosee_15.jpg,media,170,/medien/170
/wp-content/gallery/naherholungsgebiet-mandichosee/merching_mandichosee_16.jpg,media,171,/medien/171
/wp-content/gallery/naherholungsgebiet-mandichosee/merching_mandichosee_17.jpg,media,172,/medien/172
/wp-content/gallery/naherholungsgebiet-mandichosee/merching_mandichosee_4.jpg,media,173,/medien/173
/wp-content/gallery/naherholungsgebiet-mandichosee/merching_mandichosee_18.jpg,media,174,/medien/174
/wp-content/gallery/naherholungsgebiet-mandichosee/merching_mandichosee_20.jpg,media,175,/medien/175
/wp-content/gallery/naherholungsgebiet-mandichosee/merching_mandichosee_3.jpg,media,176,/medien/176
/wp-content/gallery/naherholungsgebiet-mandichosee/merching_mandichosee_2.jpg,media,177,/medien/177
/wp-content/gallery/naherholungsgebiet-mandichosee/merching_mandichosee_1.jpg,media,178,/medien/178
/wp-content/gallery/naherholungsgebiet-mandichosee/merching_mandichosee_5.jpg,media,179,/medien/179
/wp-content/gallery/naherholungsgebiet-mandichosee/merching_mandichosee_7.jpg,media,180,/medien/180
/wp-content/gallery/naherholungsgebiet-mandichosee/merching_mandichosee_8.jpg,media,181,/medien/181
/wp-content/gallery/naherholungsgebiet-mandichosee/merching_mandichosee_6.jpg,media,182,/medien/182
/wp-content/gallery/naherholungsgebiet-mandichosee/merching_mandichosee_9.jpg,media,183,/medien/183
/wp-content/gallery/gewerbegebiet-am-lerchenpark/cimg1915.jpg,media,184,/medien/184
/wp-content/gallery/gewerbegebiet-am-lerchenpark/cimg1916.jpg,media,185,/medien/185
/wp-content/gallery/gewerbegebiet-am-lerchenpark/cimg1917.jpg,media,186,/medien/186
/wp-content/gallery/gewerbegebiet-am-lerchenpark/cimg1918.jpg,media,187,/medien/187
/wp-content/gallery/gewerbegebiet-am-lerchenpark/cimg1919.jpg,media,188,/medien/188
/wp-content/gallery/gewerbegebiet-am-lerchenpark/cimg1920.jpg,media,189,/medien/189
/wp-content/gallery/sommerspass/mandicho-stausee_1.jpg,media,190,/medien/190
/wp-content/gallery/sommerspass/mandicho-stausee_2.jpg,media,191,/medien/191
/wp-content/gallery/sommerspass/segelboote-am-mandichosee.jpg,media,192,/medien/192
/wp-content/gallery/sommerspass/stausee.jpg,media,193,/medien/193
/wp-content/gallery/merchinger-advent/w-01.jpg,media,194,/medien/194
/wp-content/gallery/merchinger-advent/w-02.jpg,media,195,/medien/195
/wp-content/gallery/merchinger-advent/w-03.jpg,media,196,/medien/196
/wp-content/gallery/merchinger-advent/w-04.jpg,media,197,/medien/197
/wp-content/gallery/merchinger-advent/w-05.jpg,media,198,/medien/198
/wp-content/gallery/merchinger-advent/w-06.jpg,media,199,/medien/199
/wp-content/gallery/merchinger-advent/w-07.jpg,media,200,/medien/200
/wp-content/gallery/merchinger-advent/w-08.jpg,media,201,/medien/201
/wp-content/gallery/merchinger-advent/w-09.jpg,media,202,/medien/202
/wp-content/gallery/merchinger-advent/w-10.jpg,media,203,/medien/203
/wp-content/gallery/merchinger-advent/w-11.jpg,media,204,/medien/204
/wp-content/gallery/merchinger-advent/w-12.jpg,media,205,/medien/205
/wp-content/gallery/merchinger-advent/w-13.jpg,media,206,/medien/206
/wp-content/gallery/merchinger-advent/w-14.jpg,media,207,/medien/207
/wp-content/gallery/merchinger-advent/w-15.jpg,media,208,/medien/208
/wp-content/gallery/merchinger-advent/w-16.jpg,media,209,/medien/209
/wp-content/gallery/merchinger-advent/w-17.jpg,media,210,/medien/210
/wp-content/gallery/merchinger-advent/w-18.jpg,media,211,/medien/211
/wp-content/gallery/merchinger-advent/w-19.jpg,media,212,/medien/212
/wp-content/gallery/merchinger-advent/w-20.jpg,media,213,/medien/213
/wp-content/gallery/merchinger-advent/w-21.jpg,media,214,/medien/214
/wp-content/gallery/merchinger-advent/w-22.jpg,media,215,/medien/215
/wp-content/gallery/merchinger-advent/w-23.jpg,media,216,/medien/216
/wp-content/gallery/merchinger-advent/w-24.jpg,media,217,/medien/217
/wp-content/gallery/merchinger-advent/w-25.jpg,media,218,/medien/218
/wp-content/gallery/merchinger-advent/w-26.jpg,media,219,/medien/219
/wp-content/gallery/merchinger-advent/w-27.jpg,media,220,/medien/220
/wp-content/gallery/merchinger-advent/w-28.jpg,media,221,/medien/221
/wp-content/gallery/merchinger-advent/w-29.jpg,media,222,/medien/222
/wp-content/gallery/merchinger-advent/w-30.jpg,media,223,/medien/223
/wp-content/gallery/merchinger-advent/w-31.jpg,media,224,/medien/224
/wp-content/gallery/merchinger-advent/w-32.jpg,media,225,/medien/225
/wp-content/gallery/merchinger-advent/w-33.jpg,media,226,/medien/226
/wp-content/gallery/merchinger-advent/w-34.jpg,media,227,/medien/227
/wp-content/gallery/merchinger-advent/w-35.jpg,media,228,/medien/228
/wp-content/gallery/merchinger-advent/w-36.jpg,media,229,/medien/229
/wp-content/gallery/merchinger-advent/w-37.jpg,media,230,/medien/230
/wp-content/gallery/merchinger-advent/w-38.jpg,media,231,/medien/231
/wp-content/gallery/merchinger-advent/w-39.jpg,media,232,/medien/232
/wp-content/gallery/merchinger-advent/w-40.jpg,media,233,/medien/233
/wp-content/gallery/merchinger-advent/w-41.jpg,media,234,/medien/234
/wp-content/gallery/merchinger-advent/w-42.jpg,media,235,/medien/235
/wp-content/gallery/merchinger-advent/w-43.jpg,media,236,/medien/236
/wp-content/gallery/merchinger-advent/w-44.jpg,media,237,/medien/237
/wp-content/gallery/merchinger-advent/w-45.jpg,media,238,/medien/238
/wp-content/gallery/2024-buergerball/6.JPG,media,239,/medien/239
/wp-content/gallery/2024-buergerball/2.jpg,media,240,/medien/240
/wp-content/gallery/2024-buergerball/3.JPG,media,241,/medien/241
/wp-content/gallery/2024-buergerball/4.JPG,media,242,/medien/242
/wp-content/gallery/2024-buergerball/1.JPG,media,243,/medien/243
/wp-content/gallery/2024-buergerball/7.JPG,media,244,/medien/244
/wp-content/gallery/2024-buergerball/8.JPG,media,245,/medien/245
/wp-content/gallery/2024-buergerball/11.JPG,media,246,/medien/246
/wp-content/gallery/2024-buergerball/10.JPG,media,247,/medien/247
/wp-content/gallery/2024-buergerball/9.JPG,media,248,/medien/248
/wp-content/gallery/2024-buergerball/12.JPG,media,249,/medien/249
/wp-content/gallery/2024-buergerball/13.JPG,media,250,/medien/250
/wp-content/gallery/2024-buergerball/14.JPG,media,251,/medien/251
/wp-content/gallery/2024-buergerball/15.JPG,media,252,/medien/252
/wp-content/gallery/2024-buergerball/16.JPG,media,253,/medien/253
/wp-content/gallery/2024-buergerball/21.jpg,media,254,/medien/254
/wp-content/gallery/2024-buergerball/20.JPG,media,255,/medien/255
/wp-content/gallery/2024-buergerball/18.JPG,media,256,/medien/256
/wp-content/gallery/2024-buergerball/19.JPG,media,257,/medien/257
/wp-content/gallery/2024-buergerball/17.JPG,media,258,/medien/258
/wp-content/gallery/2024-buergerball/DSC07311.JPG,media,259,/medien/259
/wp-content/gallery/2024-buergerball/DSC07298.JPG,media,260,/medien/260
/wp-content/gallery/2024-buergerball/DSC07299.JPG,media,261,/medien/261
/wp-content/gallery/2024-buergerball/DSC07315.JPG,media,262,/medien/262
/wp-content/gallery/2024-buergerball/DSC07310.JPG,media,263,/medien/263
/wp-content/gallery/2024-buergerball/DSC07309.JPG,media,264,/medien/264
/wp-content/gallery/2024-buergerball/DSC07317.JPG,media,265,/medien/265
/wp-content/gallery/2024-buergerball/DSC07318.JPG,media,266,/medien/266
/wp-content/gallery/2024-buergerball/DSC07320.JPG,media,267,/medien/267
/wp-content/gallery/2024-buergerball/DSC07319.JPG,media,268,/medien/268
/wp-content/gallery/2024-buergerball/DSC07321.JPG,media,269,/medien/269
/wp-content/gallery/2024-buergerball/DSC07325.JPG,media,270,/medien/270
/wp-content/gallery/2024-buergerball/DSC07322.JPG,media,271,/medien/271
/wp-content/gallery/2024-buergerball/DSC07333.JPG,media,272,/medien/272
/wp-content/gallery/2024-buergerball/DSC07336.JPG,media,273,/medien/273
/wp-content/gallery/2024-buergerball/DSC07337.JPG,media,274,/medien/274
/wp-content/gallery/2024-buergerball/DSC07342.JPG,media,275,/medien/275
/wp-content/gallery/2024-buergerball/DSC07351.JPG,media,276,/medien/276
/wp-content/gallery/2024-buergerball/DSC07346.JPG,media,277,/medien/277
/wp-content/gallery/2024-buergerball/DSC07338.JPG,media,278,/medien/278
/wp-content/gallery/2024-buergerball/DSC07356.JPG,media,279,/medien/279
/wp-content/gallery/2024-buergerball/DSC07358.JPG,media,280,/medien/280
/wp-content/gallery/2024-buergerball/DSC07359.JPG,media,281,/medien/281
/wp-content/gallery/2024-buergerball/DSC07361.JPG,media,282,/medien/282
/wp-content/gallery/2024-buergerball/DSC07362.JPG,media,283,/medien/283
/wp-content/gallery/2024-buergerball/DSC07365.JPG,media,284,/medien/284
/wp-content/gallery/2024-buergerball/DSC07364.JPG,media,285,/medien/285
/wp-content/gallery/2024-buergerball/DSC07367.JPG,media,286,/medien/286
/wp-content/gallery/2024-buergerball/DSC07366.JPG,media,287,/medien/287
/wp-content/gallery/2024-buergerball/DSC07369.JPG,media,288,/medien/288
/wp-content/gallery/2024-buergerball/DSC07370.JPG,media,289,/medien/289
/wp-content/gallery/2024-buergerball/DSC07410.JPG,media,290,/medien/290
/wp-content/gallery/2024-buergerball/DSC07405.JPG,media,291,/medien/291
/wp-content/gallery/2024-buergerball/DSC07408.JPG,media,292,/medien/292
/wp-content/gallery/2024-buergerball/DSC07409.JPG,media,293,/medien/293
/wp-content/gallery/2024-buergerball/DSC07407.JPG,media,294,/medien/294
/wp-content/gallery/2024-buergerball/DSC07406.JPG,media,295,/medien/295
/wp-content/gallery/2024-buergerball/DSC07411.JPG,media,296,/medien/296
/wp-content/gallery/2024-buergerball/DSC07413.JPG,media,297,/medien/297
/wp-content/gallery/2024-buergerball/DSC07419.JPG,media,298,/medien/298
/wp-content/gallery/2024-buergerball/DSC07415.JPG,media,299,/medien/299
/wp-content/gallery/2024-buergerball/DSC07416.JPG,media,300,/medien/300
/wp-content/gallery/2024-buergerball/DSC07418.JPG,media,301,/medien/301
/wp-content/gallery/2024-buergerball/DSC07423.JPG,media,302,/medien/302
/wp-content/gallery/2024-buergerball/DSC07435.JPG,media,303,/medien/303
/wp-content/gallery/2024-buergerball/DSC07438.JPG,media,304,/medien/304
/wp-content/gallery/2024-buergerball/DSC07449.JPG,media,305,/medien/305
/wp-content/gallery/2024-buergerball/DSC07371.JPG,media,306,/medien/306
/wp-content/gallery/2024-buergerball/DSC07444.JPG,media,307,/medien/307
/wp-content/gallery/2024-buergerball/DSC07450.JPG,media,308,/medien/308
/wp-content/gallery/2024-buergerball/DSC07374.JPG,media,309,/medien/309
/wp-content/gallery/2024-buergerball/DSC07382.JPG,media,310,/medien/310
/wp-content/gallery/2024-buergerball/DSC07386.JPG,media,311,/medien/311
/wp-content/gallery/2024-buergerball/DSC07387.JPG,media,312,/medien/312
/wp-content/gallery/2024-buergerball/DSC07389.JPG,media,313,/medien/313
/wp-content/gallery/2024-buergerball/DSC07388.JPG,media,314,/medien/314
/wp-content/gallery/2024-buergerball/DSC07393.JPG,media,315,/medien/315
/wp-content/gallery/2024-buergerball/DSC07394.JPG,media,316,/medien/316
/wp-content/gallery/2024-buergerball/DSC07390.JPG,media,317,/medien/317
/wp-content/gallery/2024-buergerball/DSC07395.JPG,media,318,/medien/318
/wp-content/gallery/2024-buergerball/DSC07398.JPG,media,319,/medien/319
/wp-content/gallery/2024-buergerball/DSC07400.JPG,media,320,/medien/320
/wp-content/gallery/2024-buergerball/DSC07404.JPG,media,321,/medien/321
/wp-content/gallery/2024-buergerball/DSC07401.JPG,media,322,/medien/322
/wp-content/gallery/2024-buergerball/DSC07476.JPG,media,323,/medien/323
/wp-content/gallery/2024-buergerball/DSC07481.JPG,media,324,/medien/324
/wp-content/gallery/2024-buergerball/DSC07482.JPG,media,325,/medien/325
/wp-content/gallery/2024-buergerball/DSC07480.JPG,media,326,/medien/326
/wp-content/gallery/2024-buergerball/DSC07484.JPG,media,327,/medien/327
/wp-content/gallery/2024-buergerball/DSC07473.JPG,media,328,/medien/328
/wp-content/gallery/2024-buergerball/DSC07488.JPG,media,329,/medien/329
/wp-content/gallery/2024-buergerball/DSC07486.JPG,media,330,/medien/330
/wp-content/gallery/2024-buergerball/DSC07492.JPG,media,331,/medien/331
/wp-content/gallery/2024-buergerball/DSC07491.JPG,media,332,/medien/332
/wp-content/gallery/2024-buergerball/DSC07493.JPG,media,333,/medien/333
/wp-content/gallery/2024-buergerball/DSC07490.JPG,media,334,/medien/334
/wp-content/gallery/2024-buergerball/DSC07489.JPG,media,335,/medien/335
/wp-content/gallery/2024-buergerball/DSC07494.JPG,media,336,/medien/336
/wp-content/gallery/2024-buergerball/DSC07496.JPG,media,337,/medien/337
/wp-content/gallery/2024-buergerball/DSC07502.JPG,media,338,/medien/338
/wp-content/gallery/2024-buergerball/DSC07497.JPG,media,339,/medien/339
/wp-content/gallery/2024-buergerball/DSC07503.JPG,media,340,/medien/340
/wp-content/gallery/2024-buergerball/DSC07504.JPG,media,341,/medien/341
/wp-content/gallery/2024-buergerball/DSC07505.JPG,media,342,/medien/342
/wp-content/gallery/2024-buergerball/DSC07508.JPG,media,343,/medien/343
/wp-content/gallery/2024-buergerball/DSC07521.JPG,media,344,/medien/344
/wp-content/gallery/2024-buergerball/DSC07506.JPG,media,345,/medien/345
/wp-content/gallery/2024-buergerball/DSC07524.JPG,media,346,/medien/346
/wp-content/gallery/2024-buergerball/DSC07522.JPG,media,347,/medien/347
/wp-content/gallery/2024-buergerball/DSC07525.JPG,media,348,/medien/348
/wp-content/gallery/2024-buergerball/DSC07451.JPG,media,349,/medien/349
/wp-content/gallery/2024-buergerball/DSC07452.JPG,media,350,/medien/350
/wp-content/gallery/2024-buergerball/DSC07455.JPG,media,351,/medien/351
/wp-content/gallery/2024-buergerball/DSC07454.JPG,media,352,/medien/352
/wp-content/gallery/2024-buergerball/DSC07458.JPG,media,353,/medien/353
/wp-content/gallery/2024-buergerball/DSC07456.JPG,media,354,/medien/354
/wp-content/gallery/2024-buergerball/DSC07453.JPG,media,355,/medien/355
/wp-content/gallery/2024-buergerball/DSC07460.JPG,media,356,/medien/356
/wp-content/gallery/2024-buergerball/DSC07462.JPG,media,357,/medien/357
/wp-content/gallery/2024-buergerball/DSC07461.JPG,media,358,/medien/358
/wp-content/gallery/2024-buergerball/DSC07463.JPG,media,359,/medien/359
/wp-content/gallery/2024-buergerball/DSC07466.JPG,media,360,/medien/360
/wp-content/gallery/2024-buergerball/DSC07465.JPG,media,361,/medien/361
/wp-content/gallery/2024-buergerball/DSC07464.JPG,media,362,/medien/362
/wp-content/gallery/2024-buergerball/DSC07467.JPG,media,363,/medien/363
/wp-content/gallery/2024-buergerball/DSC07468.JPG,media,364,/medien/364
/wp-content/gallery/2024-buergerball/DSC07469.JPG,media,365,/medien/365
/wp-content/gallery/2024-buergerball/DSC07470.JPG,media,366,/medien/366
/wp-content/gallery/2024-buergerball/DSC07471.JPG,media,367,/medien/367
/wp-content/gallery/2024-krippenweg/1.jpg,media,368,/medien/368
/wp-content/gallery/2024-krippenweg/5.jpg,media,369,/medien/369
/wp-content/gallery/2024-krippenweg/20240106_125929-002.jpg,media,370,/medien/370
/wp-content/gallery/2024-krippenweg/3.jpg,media,371,/medien/371
/wp-content/gallery/2024-krippenweg/4.jpg,media,372,/medien/372
/wp-content/gallery/2024-krippenweg/20240106_130139.jpg,media,373,/medien/373
/wp-content/gallery/2024-krippenweg/2.jpg,media,374,/medien/374
/wp-content/gallery/2024-krippenweg/1a.jpg,media,375,/medien/375
/wp-content/gallery/2024-krippenweg/20240106_131203.jpg,media,376,/medien/376
/wp-content/gallery/2024-krippenweg/20240106_132326.jpg,media,377,/medien/377
/wp-content/gallery/2024-krippenweg/20240106_143634.jpg,media,378,/medien/378
/wp-content/gallery/2024-krippenweg/20240106_144202.jpg,media,379,/medien/379
/wp-content/gallery/2024-krippenweg/20240106_144551.jpg,media,380,/medien/380
/wp-content/gallery/2024-krippenweg/20240106_144956.jpg,media,381,/medien/381
/wp-content/gallery/2024-krippenweg/20240106_145607.jpg,media,382,/medien/382
/wp-content/gallery/2024-krippenweg/20240106_145613.jpg,media,383,/medien/383
/wp-content/gallery/2024-krippenweg/20240106_145631.jpg,media,384,/medien/384
/wp-content/gallery/2024-krippenweg/20240106_143920.jpg,media,385,/medien/385
/wp-content/gallery/2024-krippenweg/20240106_143503.jpg,media,386,/medien/386
/wp-content/gallery/2024-krippenweg/20240106_145755.jpg,media,387,/medien/387
/wp-content/gallery/2024-krippenweg/20240106_145733.jpg,media,388,/medien/388
/wp-content/gallery/2024-krippenweg/20240106_150209.jpg,media,389,/medien/389
/wp-content/gallery/2024-krippenweg/20240106_145812.jpg,media,390,/medien/390
/wp-content/gallery/2024-krippenweg/20240106_151238.jpg,media,391,/medien/391
/wp-content/gallery/2024-krippenweg/20240106_151752.jpg,media,392,/medien/392
/wp-content/gallery/2024-krippenweg/20240106_152846.jpg,media,393,/medien/393
/wp-content/gallery/2024-krippenweg/20240106_150651.jpg,media,394,/medien/394
/wp-content/gallery/2024-krippenweg/20240106_153315.jpg,media,395,/medien/395
/wp-content/gallery/2024-krippenweg/20240106_154337.jpg,media,396,/medien/396
/wp-content/gallery/2024-krippenweg/20240106_154756.jpg,media,397,/medien/397
/wp-content/gallery/2024-krippenweg/20240106_155536.jpg,media,398,/medien/398
/wp-content/gallery/2024-krippenweg/20240106_160640.jpg,media,399,/medien/399
/wp-content/gallery/2024-krippenweg/20240106_160205.jpg,media,400,/medien/400
/wp-content/gallery/2024-krippenweg/20240106_160521.jpg,media,401,/medien/401
/wp-content/gallery/2024-krippenweg/20240106_161511.jpg,media,402,/medien/402
/wp-content/gallery/2024-krippenweg/20240106_160450.jpg,media,403,/medien/403
/wp-content/gallery/2025-adventsfenster/Fenster-1.JPG,media,404,/medien/404
/wp-content/gallery/2025-adventsfenster/Fenster-2.JPG,media,405,/medien/405
/wp-content/gallery/2025-adventsfenster/Fenster-3.JPG,media,406,/medien/406
/wp-content/gallery/2025-adventsfenster/Fenster-4.JPG,media,407,/medien/407
/wp-content/gallery/2025-adventsfenster/Fenster-5.JPG,media,408,/medien/408
/wp-content/gallery/2025-adventsfenster/Fenster-6.JPG,media,409,/medien/409
/wp-content/gallery/2025-adventsfenster/Fenster-7.JPG,media,410,/medien/410
/wp-content/gallery/2025-adventsfenster/Fenster-8.JPG,media,411,/medien/411
/wp-content/gallery/2025-adventsfenster/Fenster-9.JPG,media,412,/medien/412
/wp-content/gallery/2025-adventsfenster/Fenster-10.JPG,media,413,/medien/413
/wp-content/gallery/2025-adventsfenster/Fenster-11.JPG,media,414,/medien/414
/wp-content/gallery/2025-adventsfenster/Fenster-12.JPG,media,415,/medien/415
/wp-content/gallery/2025-adventsfenster/Fenster-13.JPG,media,416,/medien/416
/wp-content/gallery/2025-adventsfenster/Fenster-14.JPG,media,417,/medien/417
/wp-content/gallery/2025-adventsfenster/Fenster-15.JPG,media,418,/medien/418
/wp-content/gallery/2025-adventsfenster/Fenster-16.JPG,media,419,/medien/419
/wp-content/gallery/2025-adventsfenster/Fenster-17.JPG,media,420,/medien/420
/wp-content/gallery/2025-adventsfenster/Fenster-18.JPG,media,421,/medien/421
/wp-content/gallery/2025-adventsfenster/Fenster-19.JPG,media,422,/medien/422
/wp-content/gallery/2025-adventsfenster/Fenster-20.JPG,media,423,/medien/423
/wp-content/gallery/2025-adventsfenster/Fenster-21-Kerzenlichtstunde.JPG,media,424,/medien/424
/wp-content/gallery/2025-adventsfenster/Fenster-22.JPG,media,425,/medien/425
/wp-content/gallery/2025-adventsfenster/Fenster-23.JPG,media,426,/medien/426
/wp-content/gallery/2025-adventsfenster/Fenster-24-Hirtenfeuer.JPG,media,427,/medien/427
/wp-content/uploads/2020/05/7_3Failer-Josef_klein.jpg,media,428,/medien/428
/wp-content/uploads/2020/05/1_Robert_Graf_400_klein.jpg,media,429,/medien/429
/wp-content/uploads/2020/05/7_7Lutz_klein.jpg,media,430,/medien/430
/wp-content/uploads/2020/05/3_Wolfgang_Schlagenhauf_400_klein.jpg,media,431,/medien/431
/wp-content/uploads/2020/05/Wieja_klein.jpg,media,432,/medien/432
/wp-content/uploads/2020/05/Huber_klein2-1.jpg,media,433,/medien/433
/download/wasserversorgung/Bauwasserbezugsvertrag.pdf,document,31,/download/31/bauwasserbezugsvertrag.pdf
/?p=3868,document,31,/download/31/bauwasserbezugsvertrag.pdf
/?p=3861,document,102,/download/102/mandat-mittelschulverband.pdf
/?p=3862,document,101,/download/101/mandat-grundschulverband.pdf
/download/wasserversorgung/Antrag_fuer_Wasserbezug.pdf,document,30,/download/30/antrag-fuer-wasserbezug.pdf
/?p=3869,document,30,/download/30/antrag-fuer-wasserbezug.pdf
/download/wasserversorgung/Anmeldung_eines_Gartenwasserzaehlers_NEU_ab_2022.pdf,document,34,/download/34/anmeldung-eines-gartenwasserzaehlers-neu-ab-2022.pdf
/?p=3873,document,34,/download/34/anmeldung-eines-gartenwasserzaehlers-neu-ab-2022.pdf
/?p=5372,document,104,/download/104/fragebogen-gemeinde-selbstauskunft.pdf
/?p=5607,media,19,/medien/19
/?p=7721,document,105,/download/105/wahlheler-anmeldeformular.pdf
/?p=6564,document,103,/download/103/antrag-fahrkarte-2025-2026.pdf
/?p=7894,document,100,/download/100/mandatformulargemeinde-mit-tel-und-e-mail-2023.pdf
/?wpdmdl=8722,service,115,/buergerservice/leistungen/schadensmeldung-strassenbeleuchtung-110
/download/schaeden-oder-stoerungen-an-strassenlampen-mit-dem-bayernwerk-schadensmelder-an-die-kommune-melden,service,115,/buergerservice/leistungen/schadensmeldung-strassenbeleuchtung-110
/?attachment_id=6877,media,112,/medien/112
/?attachment_id=178,media,57,/medien/57
/?attachment_id=311,media,33,/medien/33
/?attachment_id=354,media,18,/medien/18
/?attachment_id=396,media,34,/medien/34
/?attachment_id=427,media,56,/medien/56
/?attachment_id=718,media,46,/medien/46
/?attachment_id=720,media,48,/medien/48
/?attachment_id=727,media,15,/medien/15
/?attachment_id=734,media,7,/medien/7
/?attachment_id=736,media,62,/medien/62
/?attachment_id=761,media,47,/medien/47
/?attachment_id=1081,media,84,/medien/84
/?attachment_id=1582,document,101,/download/101/mandat-grundschulverband.pdf
/?attachment_id=1583,document,102,/download/102/mandat-mittelschulverband.pdf
/?attachment_id=2093,media,25,/medien/25
/?attachment_id=10786,document,115,/download/115/bekanntmachung-friedhofs-und-bestattungssatzung-ab-01012027.pdf
/?attachment_id=10837,document,124,/download/124/bestattungsgebuehrensatzung-ab-2027-homepage.pdf
/?attachment_id=10789,document,110,/download/110/bekanntmachung-satzung-gbs-bes-ab-01012027.pdf
/?attachment_id=2850,media,16,/medien/16
/?attachment_id=10693,media,101,/medien/101
/?attachment_id=9977,document,123,/download/123/bekanntmachung-satzung-fuer-das-kommunalunternehmen-merching-vom-16092025.pdf
/?attachment_id=3736,media,29,/medien/29
/?attachment_id=10479,media,11,/medien/11
/?attachment_id=10246,document,128,/download/128/bzkf-buergertelefonkrebs-v-f-hagen.pdf
/?attachment_id=8133,document,106,/download/106/abschaffung-des-kinderreisepasses-zum-01012024.pdf
/?attachment_id=7609,document,145,/download/145/vorkaufsrechtssatzung-1.pdf
/?attachment_id=4535,media,103,/medien/103
/?attachment_id=4565,media,428,/medien/428
/?attachment_id=4567,media,430,/medien/430
/?attachment_id=4573,media,429,/medien/429
/?attachment_id=4576,media,431,/medien/431
/?attachment_id=4578,media,50,/medien/50
/?attachment_id=9846,media,22,/medien/22
/?attachment_id=4597,media,433,/medien/433
/?attachment_id=4604,media,49,/medien/49
/?attachment_id=4654,media,432,/medien/432
/?attachment_id=9969,document,122,/download/122/bekanntmachung-stellplatzsatzung-vom-08092025.pdf
/?attachment_id=4789,media,55,/medien/55
/?attachment_id=4798,media,39,/medien/39
/?attachment_id=4799,media,111,/medien/111
/?attachment_id=4800,media,42,/medien/42
/?attachment_id=4801,media,41,/medien/41
/?attachment_id=4802,media,45,/medien/45
/?attachment_id=4803,media,104,/medien/104
/?attachment_id=4804,media,40,/medien/40
/?attachment_id=4805,media,107,/medien/107
/?attachment_id=4806,media,14,/medien/14
/?attachment_id=4808,media,108,/medien/108
/?attachment_id=4809,media,110,/medien/110
/?attachment_id=4812,media,109,/medien/109
/?attachment_id=4813,media,106,/medien/106
/?attachment_id=4894,media,105,/medien/105
/?attachment_id=4903,media,8,/medien/8
/?attachment_id=4920,media,60,/medien/60
/?attachment_id=4958,media,53,/medien/53
/?attachment_id=10431,document,112,/download/112/gemeinderatswahl-bekanntmachung-wahlergebnis-anl-17-homepage.pdf
/?attachment_id=9076,document,117,/download/117/bekanntmachung-grdst-hundest-2025.pdf
/?attachment_id=5260,media,44,/medien/44
/?attachment_id=5288,media,64,/medien/64
/?attachment_id=5291,media,67,/medien/67
/?attachment_id=5296,media,65,/medien/65
/?attachment_id=5298,media,69,/medien/69
/?attachment_id=5300,media,70,/medien/70
/?attachment_id=5302,media,72,/medien/72
/?attachment_id=5306,media,75,/medien/75
/?attachment_id=5316,media,77,/medien/77
/?attachment_id=5336,media,74,/medien/74
/?attachment_id=5371,document,104,/download/104/fragebogen-gemeinde-selbstauskunft.pdf
/?attachment_id=5346,media,71,/medien/71
/?attachment_id=5348,media,66,/medien/66
/?attachment_id=10089,document,138,/download/138/merkblatt-zum-richtigen-verhalten-ggue-wasser-u-zugvoegeln-lra-november-2025.pdf
/?attachment_id=5480,media,79,/medien/79
/?attachment_id=5477,media,82,/medien/82
/?attachment_id=5478,media,78,/medien/78
/?attachment_id=5479,media,81,/medien/81
/?attachment_id=5508,media,17,/medien/17
/?attachment_id=10034,document,146,/download/146/spielplatzsatzung-der-gemeinde-merching-vom-01102025.pdf
/?attachment_id=5608,media,19,/medien/19
/?attachment_id=5896,media,115,/medien/115
/?attachment_id=5922,media,13,/medien/13
/?attachment_id=10028,document,137,/download/137/hundesteuer-satzung-der-gemeinde-merching-fuer-die-erhebung-einer-hundesteuer-ab-2026.pdf
/?attachment_id=7720,document,105,/download/105/wahlheler-anmeldeformular.pdf
/?attachment_id=6179,media,12,/medien/12
/?attachment_id=6180,media,9,/medien/9
/?attachment_id=6210,media,6,/medien/6
/?attachment_id=10427,document,111,/download/111/buergermeisterwahl-bekanntmachung-wahlergebnis-anl-18-direktwahl-homepage.pdf
/?attachment_id=6525,media,68,/medien/68
/?attachment_id=10170,document,144,/download/144/feuerwehr-satzung-ueber-aufwendungd-und-kostenersatz-fuer-einsaetze-und-andere-leistungen-gem-feuehrwehren-ab-01012026-1.pdf
/?attachment_id=6879,media,2,/medien/2
/?attachment_id=9916,document,129,/download/129/ehrungen-satzung-ueber-die-verleihung-von-ehrungen-durch-die-gemeinde-merching-ab-07082025.pdf
/?attachment_id=10165,document,152,/download/152/wasser-beitrags-und-gebuehrensatzung-zur-wasserabgabesatzung-ab-01012026-1.pdf
/?attachment_id=7651,media,30,/medien/30
/?attachment_id=7895,document,100,/download/100/mandatformulargemeinde-mit-tel-und-e-mail-2023.pdf
/?attachment_id=9161,media,58,/medien/58
/?attachment_id=9940,document,108,/download/108/ausschreibung-architekturpreis-1.pdf
/?attachment_id=7706,media,52,/medien/52
/?attachment_id=7863,media,31,/medien/31
/?attachment_id=8021,document,132,/download/132/fly-stromausfall-laf-99x210mm-merching-web.pdf
/?attachment_id=8786,document,151,/download/151/infoblatt-hochwasser-2024.pdf
/?attachment_id=8234,media,5,/medien/5
/?attachment_id=8135,document,97,/download/97/abschaffung-des-kinderreisepasses-zum-01012024-1.pdf
/?attachment_id=8089,document,153,/download/153/satzung-was-2022.pdf
/?attachment_id=8091,document,131,/download/131/ews-satzung-2022.pdf
/?attachment_id=9198,document,157,/download/157/korrektur-formular-zur-grst-auslage-in-gemeinde-und-sz-04122024.pdf
/?attachment_id=10180,document,109,/download/109/bekanntmachung-beschwerdeausschusssitzung.pdf
/?attachment_id=10169,document,121,/download/121/feuerwehr-satzung-ueber-aufwendungd-und-kostenersatz-fuer-einsaetze-und-andere-leistungen-gem-feuehrwehren-ab-01012026.pdf
/?attachment_id=10177,document,149,/download/149/stellplatzsatzung-ab-30092025.pdf
/?attachment_id=10516,document,161,/download/161/20260414-sitzung-buendnis-fuer-demokratie-f-homepage.pdf
/?attachment_id=8674,media,113,/medien/113
/?attachment_id=8715,document,148,/download/148/energieportal-veroeffentltext-schadensmelder-dez23.pdf
/?attachment_id=8717,media,35,/medien/35
/?attachment_id=8816,media,26,/medien/26
/?attachment_id=10167,document,130,/download/130/entwaesserung-beitrags-und-gebuehrensatzung-zur-entwaesserungssatzung-ab-01012026-neu.pdf
/?attachment_id=10816,media,59,/medien/59
/?attachment_id=10478,media,10,/medien/10
/?attachment_id=9458,media,76,/medien/76
/?attachment_id=10804,document,135,/download/135/gemeindekurier-sommer-2026-f-kurier.pdf
/?attachment_id=9418,document,140,/download/140/plakatierungsverordnung.pdf
/?attachment_id=9844,document,156,/download/156/informationsflyer-mandichosee.pdf
/?attachment_id=9542,media,51,/medien/51
/?attachment_id=9512,document,119,/download/119/bekanntmachung-kostensatzung.docx
/?attachment_id=9695,document,103,/download/103/antrag-fahrkarte-2025-2026.pdf
/?attachment_id=9518,document,120,/download/120/bekanntmachung-kostensatzung.pdf
/?attachment_id=9880,media,54,/medien/54
/?attachment_id=9570,media,73,/medien/73
/?attachment_id=9573,media,80,/medien/80
/?attachment_id=9603,media,61,/medien/61
/?attachment_id=10471,media,3,/medien/3
/?attachment_id=10509,document,162,/download/162/20260413-av-gefluegelpest-aufgehoben-lra-aic-fdb-f-homepage-u-aushang.pdf
/?attachment_id=10317,document,118,/download/118/bekanntmachung-abschlussbericht-kommunale-waermeplanung-pdf-1.pdf
/?attachment_id=10327,document,141,/download/141/004-2026-42-a-mikrozensus.pdf
/?attachment_id=10533,document,150,/download/150/verkuendung-des-wahlergebnisses-ot-hochdorf.pdf
/?attachment_id=10377,document,142,/download/142/trinkwasserwerte-f-homepage-vom-bauhof-260226.pdf
/?attachment_id=10402,media,114,/medien/114
/?attachment_id=10569,document,99,/download/99/bekanntmachung-vergabe-von-gemeindlichen-wohnbaugrundstuecken.pdf
/?attachment_id=10454,document,134,/download/134/gemeindekurier-ostern-2026-f-homepage.pdf
/?attachment_id=10456,document,139,/download/139/information-ortssprecherwahl-steinach-u-hochdorf-beilage-kurier-ostern-2026-f-hochdorf-u-steinach-f-homepage.pdf
/?attachment_id=10464,document,116,/download/116/2026-03-02-lili-i-eoet-bekanntmachungstext.pdf
/?attachment_id=10773,document,114,/download/114/bekanntmachung-eroeffnung-vergabeverfahren-bg-34.pdf
/?attachment_id=10486,document,165,/download/165/2026031anzeige-solaroffensive-und-energieberatung-04-26-f-homepage.pdf
/?attachment_id=10522,document,98,/download/98/26-04-16-pm-anzeigepflicht-aenderungen-grundbesitzdocx.pdf
/?attachment_id=10580,media,90,/medien/90
/?attachment_id=10581,media,91,/medien/91
/?attachment_id=10588,media,63,/medien/63
/?attachment_id=10656,media,92,/medien/92
/?attachment_id=10657,media,97,/medien/97
/?attachment_id=10649,media,94,/medien/94
/?attachment_id=10650,media,98,/medien/98
/?attachment_id=10625,document,147,/download/147/satzung-gemeideverfassunsrechts-homepage.pdf
/?attachment_id=10839,document,133,/download/133/friedhofs-und-bestattungssatzung-ab-01012027-homepage-2.pdf
/?attachment_id=10639,media,87,/medien/87
/?attachment_id=10653,media,93,/medien/93
/?attachment_id=10641,media,96,/medien/96
/?attachment_id=10642,media,86,/medien/86
/?attachment_id=10663,document,159,/download/159/kurzversion-erinnerung-an-steuervorauszahlungdocx.pdf
/?attachment_id=10669,media,83,/medien/83
/?attachment_id=10845,document,168,/download/168/20260825-urlaub-trotz-pflege.pdf
/?attachment_id=10684,document,136,/download/136/geschaeftsordnung-homepage-ab-mai-2026.pdf
/?attachment_id=10710,media,102,/medien/102
/?attachment_id=10722,media,99,/medien/99
/?attachment_id=10723,media,95,/medien/95
/?attachment_id=10724,media,88,/medien/88
/?attachment_id=10725,media,100,/medien/100
/?attachment_id=10726,media,89,/medien/89
/?attachment_id=10727,media,85,/medien/85
/?attachment_id=10932,document,167,/download/167/20260924-tagesschulung-ehrenamtlich-taetige-einzelperson.pdf
/?attachment_id=10738,document,113,/download/113/bekanntmachung-verbandsversammlung-24062026-1.pdf
/?attachment_id=10742,document,143,/download/143/rechtsverordnung-ueber-die-zulassung-des-betriebs-von-autowaschanlagen-an-sonn-und-feiertagen.pdf
/?attachment_id=10849,document,155,/download/155/kurs-ehrenamtlich-taetige-einzelperson-27102026-lra-flyer.pdf
/?attachment_id=10749,document,107,/download/107/amtsblatt-06-2026jahrg-81-nr-06.pdf
/?attachment_id=10929,document,154,/download/154/20260925-vereinsforum-e-rechnung-online-seminar-lra.pdf
/?attachment_id=10828,media,37,/medien/37
/?attachment_id=10834,document,158,/download/158/20260811-pamira-sammlung-2026.pdf
/?attachment_id=10855,media,36,/medien/36
/?attachment_id=10868,document,164,/download/164/20260903-db-infrago-augsburg-muenchen-pressemitteilung-lra-092026.pdf
/?attachment_id=10871,document,125,/download/125/merching-bodenrichtwerte-2026.pdf
/?attachment_id=10873,document,126,/download/126/steinach-hochdorf-bodenrichtwerte-2026.pdf
/?attachment_id=10875,document,127,/download/127/landwirtschaftliche-flaechen-bodenrichtwerte-2026.pdf
/?attachment_id=10888,document,163,/download/163/20260909-badeseenbeprobung.pdf
/?attachment_id=10891,document,166,/download/166/20260910-welttag-suizidpraevention.docx
/?attachment_id=10897,document,160,/download/160/20260915-blaualgen-auensee-kissing-003.pdf
/?attachment_id=10918,document,96,/download/96/20260915-uebernahme-papiertonne-durch-den-landkreis-pressemitteilung-lra.pdf
/?attachment_id=10945,document,170,/download/170/20260918-workshop-alle-im-blick-ehrenamt-neu-gestalten.pdf
/?attachment_id=10948,document,169,/download/169/20260928-vorlage-pm-mehrere-solartreffs.pdf
/?wpfb_dl=5,document,12,/download/12/web-kostensatzung-2002.pdf
/?wpfb_dl=10,document,26,/download/26/web-erschliessungsbeitragssatzung-fassung-2-aend-15051992.pdf
/?wpfb_dl=12,document,27,/download/27/web-hausnummerierungssatzung-13021995.pdf
/?wpfb_dl=14,document,23,/download/23/web-kleineinleitersatzung-09082005.pdf
/?wpfb_dl=43,document,25,/download/25/elektronische-lohnsteuerkarte.pdf
/?wpfb_dl=44,document,29,/download/29/vereinsfoerderrichtlinien-2013.pdf
/?wpfb_dl=243,document,30,/download/30/antrag-fuer-wasserbezug.pdf
/?wpfb_dl=621,document,31,/download/31/bauwasserbezugsvertrag.pdf
/?wpfb_dl=252,document,32,/download/32/microsoft-word-satzung-ueber-die-hoehe-von-einfriedungen.pdf
/?wpfb_dl=253,document,33,/download/33/mandatgemeindemerchingab2016.pdf
/?wpfb_dl=297,document,34,/download/34/anmeldung-eines-gartenwasserzaehlers-neu-ab-2022.pdf
/?wpfb_dl=401,document,35,/download/35/amtsblatt-04b-202075-nr-04b-002-blauzungenkrankheit.pdf
/?wpfb_dl=406,document,36,/download/36/gescho.pdf
/?wpfb_dl=407,document,37,/download/37/satzung-gemeindeverf.pdf
/?wpfb_dl=649,document,38,/download/38/friedhofs-und-bestattungssatzung-ab-01012023.pdf
/?wpfb_dl=540,document,40,/download/40/20210805-landespflegegeld-2.pdf
/?wpfb_dl=566,document,41,/download/41/reinigungs-und-winterdienstverordnung.pdf
/?wpfb_dl=614,document,42,/download/42/grundsteuerreform-textbeitrag-fuer-kommunale-veroeffentlichungen.pdf
/?wpfb_dl=651,document,43,/download/43/bestattungsgebuehrensatzung-ab-01012023.pdf
/?wpfb_dl=722,document,44,/download/44/grst-info-gemeinden-14122022.pdf
/leben/kinderbetreuung,page,36,/leben/kinder-und-jugend
/leben/freizeit-am-see,page,26,/leben/badeseen
/ueber-merching/bildergalerie-merching/nggallery/album/2024-krippenweg,gallery,7,/galerien/2024-krippenweg
/ueber-merching/bildergalerie-merching/nggallery/album/2024-buergerball,gallery,6,/galerien/2024-buergerball
/ueber-merching/bildergalerie-merching/nggallery/album/2025-adventsfenster,gallery,8,/galerien/2025-adventsfenster
/ueber-merching/bildergalerie-merching/nggallery/album/bilder-rund-um-merching-hochdorf-und-steinach,gallery,1,/galerien/bilder-rund-um-merching-hochdorf-und-steinach
/ueber-merching/bildergalerie-merching/nggallery/album/gewerbegebiet-am-lerchenberg,gallery,3,/galerien/gewerbegebiet-am-lerchenberg
/ueber-merching/bildergalerie-merching/nggallery/album/merching-im-advent,gallery,5,/galerien/merching-im-advent
/ueber-merching/bildergalerie-merching/nggallery/album/naherholungsgebiet-mandichosee,gallery,2,/galerien/naherholungsgebiet-mandichosee
/ueber-merching/bildergalerie-merching/nggallery/album/sommerimpressionen,gallery,4,/galerien/sommerimpressionen
/wp-content/uploads/2012/06/rathaus-merching4.jpg,media,158,/medien/158
/wp-content/uploads/2020/05/1-Luichtl-217x300.jpg,media,103,/medien/103
/wp-content/uploads/2020/06/Schulungsflyer_Mandichosee.pdf,document,156,/download/156/informationsflyer-mandichosee.pdf
/wp-content/uploads/2021/03/QRCode_StoermelderApp_Merching_210602.png,media,35,/medien/35
/wp-content/uploads/2021/03/QR_Merching.png,media,35,/medien/35
/wp-content/uploads/2022/03/Textbeitrag-fuer-kommunale-Veroeffentlichungen.pdf,document,42,/download/42/grundsteuerreform-textbeitrag-fuer-kommunale-veroeffentlichungen.pdf
/wp-content/uploads/2023/05/Vorkaufsrechtssatzung.pdf,document,145,/download/145/vorkaufsrechtssatzung-1.pdf
/wp-content/uploads/2024/06/Energieberatung-Landkreis-Aichach-Friedberg-Typo-schwarz-RGB-scaled-e1629102681482.jpg,media,115,/medien/115
/wp-content/uploads/2025/08/Ausschreibung-Architekturpreis.pdf,document,108,/download/108/ausschreibung-architekturpreis-1.pdf
/wp-content/uploads/2025/08/BGS_EWS_2026-Homepage-NEU.pdf,document,130,/download/130/entwaesserung-beitrags-und-gebuehrensatzung-zur-entwaesserungssatzung-ab-01012026-neu.pdf
/wp-content/uploads/2025/09/Hundesteuersatzung-2026-Homepage.pdf,document,137,/download/137/hundesteuer-satzung-der-gemeinde-merching-fuer-die-erhebung-einer-hundesteuer-ab-2026.pdf
/wp-content/uploads/2025/09/Unternehmenssatzung-fuer-das-Kommunalunternehmen-Merching-vom-16.09.2025.pdf,document,4,/download/4/unternehmenssatzung-fuer-das-kommunalunternehmen-merching-vom-16092025.pdf
/wp-content/uploads/2025/09/Unternehmenssatzung-fuer-das-Kommunalunternemen-Merching-vom-16.09.2025.pdf,document,4,/download/4/unternehmenssatzung-fuer-das-kommunalunternehmen-merching-vom-16092025.pdf
/wp-content/uploads/2026/01/Bekanntmachung-Abschlussbericht-Kommunale-Waermeplanung-PDF.pdf,document,118,/download/118/bekanntmachung-abschlussbericht-kommunale-waermeplanung-pdf-1.pdf
/wp-content/uploads/2026/06/Bekanntmachung-Verbandsversammlung-24.06.2026.pdf,document,113,/download/113/bekanntmachung-verbandsversammlung-24062026-1.pdf
/wp-content/uploads/filebase/satzungen-verordnungen-gemeinde-merching/EWS_Satzung_2022.pdf,document,131,/download/131/ews-satzung-2022.pdf
/wp-content/uploads/filebase/satzungen-verordnungen-gemeinde-merching/Satzung_WAS_2022.pdf,document,153,/download/153/satzung-was-2022.pdf
/download/bekanntmachung-beschwerdeausschuss?wpdmdl=10179,document,11,/download/11/bekanntmachung-beschwerdeausschusssitzung.pdf
/download/bekanntmachung-der-gebuehrensatzung-zur-friedhofs-und-bestattungssatzung-ab-01-01-2027?wpdmdl=10788,document,5,/download/5/bekanntmachung-satzung-gbs-bes-ab-01012027.pdf
/download/bekanntmachung-des-abschliessenden-ergebnisses-der-wahl-des-ersten-buergermeisters-am-08-03-2026?wpdmdl=10426,document,22,/download/22/buergermeisterwahl-bekanntmachung-wahlergebnis-anl-18-direktwahl-homepage.pdf
/download/bekanntmachung-des-abschliessenden-ergebnisses-der-wahl-des-gemeinderats-am-08-maerz-2026?wpdmdl=10430,document,13,/download/13/gemeinderatswahl-bekanntmachung-wahlergebnis-anl-17-homepage.pdf
/download/bekanntmachung-einladung-verbandsversammlung-adelburggruppe-24-06-2026?wpdmdl=10737,document,89,/download/89/bekanntmachung-verbandsversammlung-24062026.pdf
/download/bekanntmachung-eroeffnung-vergabeverfahren-fuer-baugrundstuecke-baugebiet-34-oestlich-der-nebelhornstrasse?wpdmdl=10772,document,84,/download/84/bekanntmachung-eroeffnung-vergabeverfahren-bg-34.pdf
/download/bekanntmachung-friedhofs-und-bestattungssatzung-ab-01-01-2027?wpdmdl=10785,document,90,/download/90/bekanntmachung-friedhofs-und-bestattungssatzung-ab-01012027.pdf
/download/bekanntmachung-fuer-den-eroerterungstermin-licca-liber-i?wpdmdl=10463,document,86,/download/86/2026-03-02-lili-i-eoet-bekanntmachungstext.pdf
/download/bekanntmachung-grundsteuer-und-hundesteuer-2025?wpdmdl=9075,document,14,/download/14/bekanntmachung-grdst-hundest-2025.pdf
/download/bekanntmachung-kommunale-waermeplanung-merching?wpdmdl=10316,document,82,/download/82/bekanntmachung-abschlussbericht-kommunale-waermeplanung-pdf.pdf
/download/beste-ausbildungs-und-studienchanchen-in-der-oeffentlichen-verwaltung-bayerns?wpdmdl=8659,document,54,/download/54/anzeige-nachwuchswerbung-2024.pdf
/download/abschaffung-des-kinderreisepasses-zum-01-01-2024?wpdmdl=8132,document,7,/download/7/abschaffung-des-kinderreisepasses-zum-01012024.pdf
/download/amtsblatt-landkreis-aichach-friedberg-vom-02-06-2026-m-bekanntmachung-haushaltssatzung-f-d-haushalt-2026-des-zweckverband-zur-wasserversorgung-d-adelburggruppe?wpdmdl=10748,document,92,/download/92/amtsblatt-06-2026jahrg-81-nr-06.pdf
/download/ausschreibung-architekturpreis-bezirk-schwaben-2026?wpdmdl=9939,document,47,/download/47/ausschreibung-architekturpreis.pdf
/download/blauzungenkrankheit-amtsblatt-75-nr-4b-des-landkreises-aichach-friedberg?wpdmdl=7040,document,35,/download/35/amtsblatt-04b-202075-nr-04b-002-blauzungenkrankheit.pdf
/download/bodenrichtwerte-ab-01-01-2026-fuer-merching?wpdmdl=10870,document,93,/download/93/merching-bodenrichtwerte-2026.pdf
/download/bodenrichtwerte-ab-01-01-2026-fuer-steinach-und-hochdorf?wpdmdl=10872,document,94,/download/94/steinach-hochdorf-bodenrichtwerte-2026.pdf
/download/bodenrichtwerte-f-landwirtschaftliche-flaechen-ab-01-01-2026?wpdmdl=10874,document,95,/download/95/landwirtschaftliche-flaechen-bodenrichtwerte-2026.pdf
/download/buergertelefon-krebs?wpdmdl=10245,document,6,/download/6/bzkf-buergertelefonkrebs-v-f-hagen.pdf
/download/flyer-stromausfall-vorbereitungsmassnahmen-und-anlaufstellen?wpdmdl=8020,document,28,/download/28/fly-stromausfall-laf-99x210mm-merching-web.pdf
/download/grundsteuererklaerung-informationen-14-12-2022?wpdmdl=7064,document,44,/download/44/grst-info-gemeinden-14122022.pdf
/download/grundsteuerreform-die-neue-grundsteuer-in-bayern?wpdmdl=7052,document,42,/download/42/grundsteuerreform-textbeitrag-fuer-kommunale-veroeffentlichungen.pdf
/download/information-zur-elektronischen-lohnsteuerkarte?wpdmdl=7024,document,25,/download/25/elektronische-lohnsteuerkarte.pdf
/download/landespflegegeld-unterstuetzt-pflegebeduerftige-pressemitteilung-landratsamt-aichach-friedberg-08-2021?wpdmdl=7049,document,40,/download/40/20210805-landespflegegeld-2.pdf
/download/merkblatt-zum-richtigen-verhalten-gegenueber-wasser-zugvoegeln?wpdmdl=10091,document,15,/download/15/merkblatt-zum-richtigen-verhalten-ggue-wasser-u-zugvoegeln-lra-november-2025.pdf
/download/pressemitteilung-mikrozensus-2026?wpdmdl=10326,document,83,/download/83/004-2026-42-a-mikrozensus.pdf
/download/pruefbericht-trinkwasser-november-2025?wpdmdl=10376,document,59,/download/59/trinkwasserwerte-f-homepage-vom-bauhof-260226.pdf
/download/schaeden-oder-stoerungen-an-strassenlampen-mit-dem-bayernwerk-schadensmelder-an-die-kommune-melden?wpdmdl=8722,service,115,/buergerservice/leistungen/schadensmeldung-strassenbeleuchtung-110
/download/was-soll-ich-tun-bei-hochwasser?wpdmdl=8785,document,48,/download/48/infoblatt-hochwasser-2024.pdf
/download/sachlicher-teilflaechennutzungsplan-windkraft?wpdmdl=8962,document,64,/download/64/762-stfnp-windkraft-merching-fassung-15-04-16-planzeichnung.pdf
/download/ortssprecherwahl-steinach-u-hochdorf-beilage-gemeindekurier-zu-ostern-f-die-ortsteile?wpdmdl=10455,document,85,/download/85/information-ortssprecherwahl-steinach-u-hochdorf-beilage-kurier-ostern-2026-f-hochdorf-u-steinach-f-homepage.pdf
/download/gemeindekurier-sommer-2026?wpdmdl=10803,document,80,/download/80/gemeindekurier-sommer-2026-f-homepage.pdf
/download/gemeindekurier-ostern-2026?wpdmdl=10453,document,21,/download/21/gemeindekurier-ostern-2026-f-homepage.pdf
/download/gde-hh-0-deckblatt-2026?wpdmdl=9307,document,68,/download/68/gde-0-hh-deckblatt.pdf
/download/gde-hh-1-inhaltsverzeichnis?wpdmdl=9308,document,69,/download/69/gde-1-hh-inhaltsverzeichnis.pdf
/download/gde-hh-2-haushaltssatzung-2026?wpdmdl=9309,document,70,/download/70/gde-2-hh-haushaltssatzung.pdf
/download/gde-hh-3-vorbericht-2026?wpdmdl=9310,document,71,/download/71/gde-3-hh-vorbericht.pdf
/download/gde-hh-4-darlehen-2026?wpdmdl=9311,document,72,/download/72/gde-4-hh-uebersicht-darlehen.pdf
/download/gde-hh-5-kreditermaechtigungen-2026?wpdmdl=9312,document,73,/download/73/gde-5-hh-darlehensermaechtigungen.pdf
/download/gde-hh-6-haushaltsplan-mit-finanzplan-2026?wpdmdl=9313,document,74,/download/74/gde-6-hh-haushaltsplan-mit-finanzplan-und-deckungsringen.pdf
/download/gde-hh-7-stellenplan-2026?wpdmdl=9314,document,75,/download/75/gde-7-hh-stellenplan.pdf
/download/gde-hh-8-anlagen-2026?wpdmdl=9315,document,76,/download/76/gde-8-hh-anlagen.pdf
/download/gde-hh-9-finanzplan-vermoegenshaushalt-detail-2026?wpdmdl=9316,document,77,/download/77/gde-9-hh-vmh-finanzplan-einzelaufstellung.pdf
/download/gsv-hh-deckblatt?wpdmdl=9230,document,65,/download/65/gsv-0-hh-deckblatt.pdf
/download/gsv-hh-inhaltsverzeichnis-2026?wpdmdl=9234,document,55,/download/55/gsv-1-hh-inhaltsverzeichnis.pdf
/download/gsv-hh-haushaltssatzung-2026?wpdmdl=9235,document,67,/download/67/gsv-2-hh-haushaltssatzung.pdf
/download/gsv-hh-schulverbandsumlage-2026?wpdmdl=9236,document,63,/download/63/gsv-3-hh-schulverbandsumlage.pdf
/download/gsv-hh-vorbericht-2026?wpdmdl=9237,document,62,/download/62/gsv-4-hh-vorbericht.pdf
/download/gsv-hh-haushaltsplan-mit-finanzplan?wpdmdl=9238,document,61,/download/61/gsv-5-hh-haushaltsplan-mit-finanzplanung.pdf
/download/gsv-hh-anlagen-2026?wpdmdl=9239,document,1,/download/1/gsv-6-hh-anlagen.pdf
/download/msv-hh-0-deckblatt-2026?wpdmdl=9240,document,2,/download/2/msv-0-hh-deckblatt.pdf
/download/msv-hh-1-inhaltsverzeichnis-2026?wpdmdl=9241,document,20,/download/20/msv-1-hh-inhaltsverzeichnis.pdf
/download/msv-hh-2-haushaltssatzung-2026?wpdmdl=9242,document,24,/download/24/msv-2-hh-haushaltssatzung.pdf
/download/msv-hh-3-schulverbandsumlage-2026?wpdmdl=9243,document,57,/download/57/msv-3-hh-schulverbandsumlage.pdf
/download/msv-hh-4-vorbericht-2026?wpdmdl=9244,document,56,/download/56/msv-4-hh-vorbericht.pdf
/download/msv-hh-5-haushaltsplan-mit-finanzplan-2026?wpdmdl=9245,document,19,/download/19/msv-5-hh-haushaltsplan-mit-finanzplan-und-deckungsringen.pdf
/download/msv-hh-6-stellenplan-2026?wpdmdl=9246,document,60,/download/60/msv-6-hh-stellenplan.pdf
/download/msv-hh-7-anlagen-2026?wpdmdl=9247,document,66,/download/66/msv-7-hh-anlagen.pdf
/download/bestattung-gebuehrensatzung-zur-satzung-fuer-die-oeffentl-bestattungseinrichtung-gbs-bes-der-gemeinde-merching-vom-18-07-2022-gueltig-ab-01-01-2023?wpdmdl=7059,document,43,/download/43/bestattungsgebuehrensatzung-ab-01012023.pdf
/download/bestattung-gebuehrensatzung-zur-satzung-fuer-oeffentl-bestattungseinrichtung-gbs-bes-der-gemeinde-merching-ab-01-01-2027?wpdmdl=10793,document,81,/download/81/bestattungsgebuehrensatzung-ab-2027-homepage.pdf
/download/friedhofs-und-bestattungssatzung-ab-01-01-2027?wpdmdl=10790,document,3,/download/3/1787207996wpdm-friedhofs-und-bestattungssatzung-ab-01012027-homepage.pdf
/download/bestattung-satzung-ueber-die-oeffentl-bestattungseinrichtung-der-gemeinde-merching-vom-18-07-2022-gueltig-ab-01-01-2023?wpdmdl=7043,document,38,/download/38/friedhofs-und-bestattungssatzung-ab-01012023.pdf
/download/ehrungen-satzung-ueber-die-verleihung-von-ehrungen-durch-die-gemeinde-merching-ab-07-08-2025?wpdmdl=9915,document,46,/download/46/ehrungen-satzung-ueber-die-verleihung-von-ehrungen-durch-die-gemeinde-merching-ab-07082025.pdf
/download/einfriedung-satzung-der-gemeinde-merching-ueber-die-hoehe-von-einfriedungen-einfriedungssatzung?wpdmdl=7030,document,32,/download/32/microsoft-word-satzung-ueber-die-hoehe-von-einfriedungen.pdf
/download/entwaesserung-beitrags-und-gebuehrensatzung-zur-entwaesserungsatzung?wpdmdl=9913,document,45,/download/45/entwaesserung-beitrags-und-gebuehrensatzung-zur-entwaesserungssatzung-ab-01012026-neu.pdf
/download/entwaesserungssatzung-01-01-2022?wpdmdl=8090,document,50,/download/50/ews-satzung-2022.pdf
/download/erhebung-verwaltungskosten-satzung-ueber-die-erhebung-von-verwaltungskosten-fuer-amtshandlungen-im-eigenen-wirkungskreis-der-gemeinde-merching-kostensatzung?wpdmdl=7017,document,12,/download/12/web-kostensatzung-2002.pdf
/download/erschliessungsbeitraege-satzung-ueber-die-erschliessungsbeitraege-in-der-fassung-der-2-aenderung-vom-15-05-1992?wpdmdl=7020,document,26,/download/26/web-erschliessungsbeitragssatzung-fassung-2-aend-15051992.pdf
/download/satzung-aufwendungs-u-kostenersatz-f-einsaetze-u-andere-leistungen-gemeindlicher-feuerwehren-ab-01-01-2026?wpdmdl=9922,document,17,/download/17/1765778685wpdm-feuerwehr-satzung-ueber-aufwendungd-und-kostenersatz-fuer-einsaetze-und-andere-leistungen-gem-feuehrwehre.pdf
/download/gemeindeverfassungsrecht-satzung-zur-regelung-von-fragen-des-oertlichen-gemeindeverfassungsrechts-06-05-2020?wpdmdl=7042,document,37,/download/37/satzung-gemeindeverf.pdf
/download/geschaeftsordnung-geschaeftsordnung-2020?wpdmdl=7041,document,36,/download/36/gescho.pdf
/download/geschaeftsordnung-ab-mai-2026?wpdmdl=10683,document,88,/download/88/geschaeftsordnung-unterschrieben-2026.pdf
/download/hausnummerierung-satzung-ueber-die-hausnummerierung?wpdmdl=7021,document,27,/download/27/web-hausnummerierungssatzung-13021995.pdf
/download/hundesteuer-satzung-der-gemeinde-merching-fuer-die-erhebung-der-hundesteuer-hundesteuersatzung-hsts?wpdmdl=10027,document,18,/download/18/hundesteuer-satzung-der-gemeinde-merching-fuer-die-erhebung-einer-hundesteuer-ab-2026.pdf
/download/kleineinleiter-satzung-fuer-die-erhebung-einer-kommunalabgabe-zur-abwaelzung-der-abwasserabgabe-fuer-kleineinleiter?wpdmdl=7022,document,23,/download/23/web-kleineinleitersatzung-09082005.pdf
/download/plakatierungsverordnung-vom-14-12-2023?wpdmdl=9417,document,78,/download/78/1742283080wpdm-plakatierungsverordnung.pdf
/download/rechtsverordnung-ueber-die-zulassung-des-betriebs-von-autowaschanlagen-an-sonn-und-feiertagen?wpdmdl=10741,document,91,/download/91/rechtsverordnung-ueber-die-zulassung-des-betriebs-von-autowaschanlagen-an-sonn-und-feiertagen.pdf
/download/reinigungs-und-winterdienstverordnung-vom-04-11-2021?wpdmdl=7051,document,41,/download/41/reinigungs-und-winterdienstverordnung.pdf
/download/satzung-ueber-das-besondere-vorkaufsrecht-d-gemeinde-merching-f-den-bereich-d-fl-nr-88-1-90-und-93-3-d-gemarkung-merching?wpdmdl=7608,document,8,/download/8/1685442520wpdm-vorkaufsrechtssatzung.pdf
/download/satzung-zur-einfuehrung-einer-pflicht-zum-nachweis-eines-spielplatzes-fuer-kinder-spielplatzsatzung?wpdmdl=10033,document,16,/download/16/spielplatzsatzung-der-gemeinde-merching-vom-01102025.pdf
/download/satzung-zur-regelung-von-fragen-des-oertlichen-gemeindeverfassungsrechts?wpdmdl=10624,document,87,/download/87/satzung-gemeideverfassunsrechts-homepage.pdf
/download/stellplatzsatzung-vom-08-09-2025?wpdmdl=9972,document,10,/download/10/stellplatzsatzung-ab-30092025.pdf
/download/unternehmenssatzung-fuer-das-kommunalunternehmen-merching-vom-16-09-2025?wpdmdl=9978,document,4,/download/4/unternehmenssatzung-fuer-das-kommunalunternehmen-merching-vom-16092025.pdf
/download/vereinsfoerderrichtlinien-der-gemeinde-merching-ab-2013?wpdmdl=7025,document,29,/download/29/vereinsfoerderrichtlinien-2013.pdf
/download/wasser-beitrags-und-gebuehrensatzung-zur-wasserabgabesatzung-ab-01-01-2026?wpdmdl=9911,document,52,/download/52/1765777579wpdm-wasser-beitrags-und-gebuehrensatzung-zur-wasserabgabesatzung-ab-01012026.pdf
/download/wasserabgabesatzung-01-01-2022?wpdmdl=8088,document,49,/download/49/satzung-was-2022.pdf
/download/anmeldung-eines-gartenwasserzaehlers?wpdmdl=7034,document,34,/download/34/anmeldung-eines-gartenwasserzaehlers-neu-ab-2022.pdf
/download/antrag-fuer-wasserbezug?wpdmdl=7028,document,30,/download/30/antrag-fuer-wasserbezug.pdf
/download/bauwasserbezugsvertrag?wpdmdl=7029,document,31,/download/31/bauwasserbezugsvertrag.pdf
/download/bekanntmachung-kostensatzung?wpdmdl=9511,document,79,/download/79/1747054785wpdm-bekanntmachung-kostensatzung.pdf
/download/bekanntmachung-satzung-d-gemeinde-merching-ue-aufwendungs-u-kostenersatz-f-einsaetze-u-andere-leistungen-gemeindlicher-feuerwehren-ab-01-01-2026?wpdmdl=9925,document,51,/download/51/feuerwehr-satzung-ueber-aufwendungd-und-kostenersatz-fuer-einsaetze-und-andere-leistungen-gem-feuehrwehren-ab-01012026.pdf
/download/bekanntmachung-stellplatzsatzung-vom-08-09-2025?wpdmdl=9968,document,53,/download/53/bekanntmachung-stellplatzsatzung-vom-08092025.pdf
/download/bekanntmachung-unternehmenssatzung-fuer-das-kommunalunternehmen-merching-vom-16-09-2026?wpdmdl=9976,document,9,/download/9/bekanntmachung-satzung-fuer-das-kommunalunternehmen-merching-vom-16092025.pdf
/download/bekanntmachung-vergabe-von-gemeindlichen-wohnbaugrundstuecken?wpdmdl=10568,document,39,/download/39/bekanntmachung-vergabe-von-gemeindlichen-wohnbaugrundstuecken.pdf
/download/mandat-gemeinde-merching?wpdmdl=7031,document,33,/download/33/mandatgemeindemerchingab2016.pdf
/download/verkuendung-des-ergebnisses-der-wahl-des-ortssprechers-fuer-den-ortsteil-hochdorf?wpdmdl=10532,document,58,/download/58/verkuendung-des-wahlergebnisses-ot-hochdorf.pdf
/alle-downloads,page,48,/dokumente
/pt_view/portalseite-aus-merching-copy-2,page,4,/aktuelles
/pt_view/portalseite-aus-merching-copy-3,page,4,/aktuelles
/pt_view/portalseite-aus-merching-copy-4,page,4,/aktuelles
/pt_view/portalseite-aus-merching-copy-5,page,4,/aktuelles
/pt_view/portalseite-aus-merching-copy,page,4,/aktuelles
/pt_view/prototyp-v1-portalseite-aus-merching-copy,page,4,/aktuelles
/category/rathaus,page,4,/aktuelles
/category/topaktuell,page,4,/aktuelles
/category/andere-behoerden,page,4,/aktuelles
/category/oeffentliche-bekanntmachungen,page,4,/aktuelles
/category/aus-merching,page,4,/aktuelles
/download-category/informationsmaterial,page,48,/dokumente
/download-category/kinder-und-jugend,page,48,/dokumente
/download-category/oeffentliche-bekannmachungen,page,48,/dokumente
/download-category/satzungen-verordnungen-gemeinde-merching,page,48,/dokumente
/download-category/ausschreibungen-stellenanzeigen,page,48,/dokumente
/download-category/haushaltsplaene,page,49,/haushaltsplaene
/download-category/gemeinde-kurier-merching,page,48,/dokumente
/download-category/allgemeine-formulare,page,48,/dokumente
/download-category/wasserversorgung,page,48,/dokumente
/download-category/flaechennutzungsplan-bebauungsplaene,page,48,/dokumente
/category/fundsachen,page,4,/aktuelles
/category/rathaus/page/2,page,4,/aktuelles
/category/rathaus/page/4,page,4,/aktuelles
/category/topaktuell/page/2,page,4,/aktuelles
/category/topaktuell/page/7,page,4,/aktuelles
/category/aus-merching/page/2,page,4,/aktuelles
/download-category/informationsmaterial/page/2,page,48,/dokumente
/download-category/oeffentliche-bekannmachungen/page/2,page,48,/dokumente
/download-category/satzungen-verordnungen-gemeinde-merching/page/3,page,48,/dokumente
/download-category/satzungen-verordnungen-gemeinde-merching/page/2,page,48,/dokumente
/download-category/haushaltsplaene/page/2,page,49,/haushaltsplaene
/download-category/haushaltsplaene/page/3,page,49,/haushaltsplaene
/category/rathaus/page/3,page,4,/aktuelles
/category/topaktuell/page/3,page,4,/aktuelles
/category/topaktuell/page/6,page,4,/aktuelles
/category/topaktuell/page/4,page,4,/aktuelles
/category/topaktuell/page/5,page,4,/aktuelles
/author/aumiller,page,4,/aktuelles
/author/hagen,page,4,/aktuelles
/author/aumiller/page/2,page,4,/aktuelles
/author/aumiller/page/5,page,4,/aktuelles
/author/aumiller/page/3,page,4,/aktuelles
/author/aumiller/page/4,page,4,/aktuelles
/category/rathaus/feed,page,4,/aktuelles
/category/topaktuell/feed,page,4,/aktuelles
/category/andere-behoerden/feed,page,4,/aktuelles
/category/oeffentliche-bekanntmachungen/feed,page,4,/aktuelles
/category/aus-merching/feed,page,4,/aktuelles
/download-category/informationsmaterial/feed,page,48,/dokumente
/download-category/kinder-und-jugend/feed,page,48,/dokumente
/download-category/oeffentliche-bekannmachungen/feed,page,48,/dokumente
/download-category/satzungen-verordnungen-gemeinde-merching/feed,page,48,/dokumente
/download-category/ausschreibungen-stellenanzeigen/feed,page,48,/dokumente
/download-category/haushaltsplaene/feed,page,49,/haushaltsplaene
/download-category/allgemeine-formulare/feed,page,48,/dokumente
/download-category/gemeinde-kurier-merching/feed,page,48,/dokumente
/download-category/wasserversorgung/feed,page,48,/dokumente
/download-category/flaechennutzungsplan-bebauungsplaene/feed,page,48,/dokumente
/category/fundsachen/feed,page,4,/aktuelles
/author/aumiller/feed,page,4,/aktuelles
/author/hagen/feed,page,4,/aktuelles
