source_id,type,status,title,slug,parent_id,created,modified,url,wxr_present,elementor,elementor_widgets,shortcodes,html_chars
4,page,publish,Veranstaltungen,veranstaltungskalender,0,2012-06-20 10:43:10,2024-09-12 18:19:55,https://www.gemeinde-merching.de/veranstaltungskalender/,True,False,,table,290
6,page,publish,Über Merching,ueber-merching,0,2012-06-20 13:03:13,2025-07-21 15:16:35,https://www.gemeinde-merching.de/ueber-merching/,True,False,,html-sitemap,971
8,page,publish,Aktuelles,aktuelles,0,2012-06-20 13:03:42,2025-07-21 16:19:22,https://www.gemeinde-merching.de/aktuelles/,True,False,,html-sitemap,1045
10,page,publish,Bürgerservice,buergerservice,0,2012-06-20 13:04:06,2025-07-21 14:57:42,https://www.gemeinde-merching.de/buergerservice/,True,False,,html-sitemap,2092
12,page,publish,Handel & Gewerbe,handel-gewerbe,0,2012-06-20 13:04:27,2025-07-21 14:53:44,https://www.gemeinde-merching.de/handel-gewerbe/,True,False,,connections|html-sitemap|table,1238
14,page,publish,Freizeit,freizeit,0,2012-06-20 13:06:06,2020-06-04 07:40:59,https://www.gemeinde-merching.de/freizeit/,True,False,,html-sitemap|ngg|table,550
20,page,publish,Verwaltung: Adressen und Öffnungszeiten,adressen-oeffnungszeiten,6,2012-06-20 13:06:32,2022-08-03 10:05:04,https://www.gemeinde-merching.de/ueber-merching/adressen-oeffnungszeiten/,True,False,,table,774
22,page,publish,Lage & Anfahrt,lage-anfahrt,6,2012-06-20 13:06:56,2025-07-23 13:00:17,https://www.gemeinde-merching.de/ueber-merching/lage-anfahrt/,True,False,,,993
24,page,publish,Impressum,impressum,0,2012-06-20 13:07:23,2026-01-02 14:02:18,https://www.gemeinde-merching.de/impressum/,True,False,,,5568
26,page,publish,Inhaltsverzeichnis,sitemap,0,2012-06-20 13:07:51,2012-10-22 16:21:13,https://www.gemeinde-merching.de/sitemap/,True,False,,html-sitemap,284
51,page,publish,Willkommen in Merching,willkommen-in-merching,0,2012-06-20 14:22:54,2026-04-01 07:03:53,https://www.gemeinde-merching.de/,True,False,,,1738
56,page,publish,Weitere Downloads,downloads,10,2012-06-20 18:16:07,2024-02-05 14:19:00,https://www.gemeinde-merching.de/buergerservice/downloads/,True,False,,wpdm_category,273
6877,attachment,inherit,cropped-Wappen-alternativ.png,cropped-wappen-alternativ-png,0,2022-12-17 11:51:05,2025-06-04 19:26:49,https://www.gemeinde-merching.de/wp-content/uploads/2020/06/cropped-Wappen-alternativ.png,True,False,,,89
88,attachment,inherit,Kirche Merching,kirche_merching,0,2012-06-22 17:28:33,2025-06-05 08:44:34,http://www.gemeinde-merching.de/wp-content/uploads/2012/06/kirche_merching.jpg,True,False,,,15
92,page,publish,Grußwort des 1. Bürgermeisters,grusswort,6,2012-06-22 17:34:56,2025-07-21 15:17:20,https://www.gemeinde-merching.de/ueber-merching/grusswort/,True,False,,,1937
129,attachment,inherit,Freizeit am Mandichosee,freizeit-am-mandichosee,14,2012-06-27 14:57:47,2025-06-05 08:44:24,http://www.gemeinde-merching.de/wp-content/uploads/2012/06/freizeit-am-mandichosee.jpg,True,False,,,23
131,attachment,inherit,Freizeit am Mandichosee,freizeit-am-mandichosee-2,14,2012-06-27 15:00:13,2025-06-05 08:44:09,http://www.gemeinde-merching.de/wp-content/uploads/2012/06/freizeit-am-mandichosee-2.jpg,True,False,,,23
138,page,publish,eMail-Formular,email-formular,0,2012-06-28 19:54:00,2015-04-17 17:38:32,https://www.gemeinde-merching.de/email-formular/,True,False,,contact-form-7,187
178,attachment,inherit,Wappen freigestellt,wappen-merching_k,51,2012-07-06 14:59:53,2020-06-04 09:48:14,http://www.gemeinde-merching.de/wp-content/uploads/2012/06/Wappen-Merching_k.gif,True,False,,,32
212,page,publish,Gemeinderat,gemeinderat,6,2012-07-09 20:37:24,2026-05-18 07:52:19,https://www.gemeinde-merching.de/ueber-merching/gemeinderat/,True,False,,table,468
222,page,publish,Bürgerservice von A-Z,buergerservice-von-a-z,10,2012-07-09 20:41:25,2012-07-30 18:14:18,https://www.gemeinde-merching.de/buergerservice/buergerservice-von-a-z/,True,False,,table,232
224,page,publish,Lebenslagen,lebenslagen,10,2012-07-09 20:41:52,2012-07-10 22:16:21,https://www.gemeinde-merching.de/buergerservice/lebenslagen/,True,False,,html-sitemap,454
227,page,publish,Ortsrecht,ortsrecht,10,2012-07-09 20:42:32,2025-07-21 15:03:38,https://www.gemeinde-merching.de/buergerservice/ortsrecht/,True,False,,wpdm_category,1677
231,page,publish,Geografische Lage,geografische-lage,229,2012-07-09 20:44:34,2012-10-10 15:27:43,https://www.gemeinde-merching.de/handel-gewerbe/gewerbepark-am-lerchenberg/geografische-lage/,True,False,,,2260
233,page,publish,Verkehrsanbindung,verkehrsanbindung,229,2012-07-09 20:45:12,2012-07-20 10:09:08,https://www.gemeinde-merching.de/handel-gewerbe/gewerbepark-am-lerchenberg/verkehrsanbindung/,True,False,,,1154
235,page,publish,Standorterschließung,standorterschliessung,229,2012-07-09 20:45:39,2012-07-20 10:11:05,https://www.gemeinde-merching.de/handel-gewerbe/gewerbepark-am-lerchenberg/standorterschliessung/,True,False,,,1040
237,page,publish,Nutzungskonzept,nutzungskonzept,229,2012-07-09 20:46:12,2012-07-20 10:11:47,https://www.gemeinde-merching.de/handel-gewerbe/gewerbepark-am-lerchenberg/nutzungskonzept/,True,False,,,1542
241,page,publish,Weitere Standortfaktoren,weitere-standortfaktoren,229,2012-07-09 20:47:20,2012-07-20 10:12:24,https://www.gemeinde-merching.de/handel-gewerbe/gewerbepark-am-lerchenberg/weitere-standortfaktoren/,True,False,,,1518
249,page,publish,Vereine,vereine,14,2012-07-09 20:50:13,2025-03-19 12:26:01,https://www.gemeinde-merching.de/freizeit/vereine/,True,False,,table|wpdm_category,172
251,page,publish,Infrastruktur,infrastruktur,14,2012-07-09 20:50:44,2025-07-21 14:50:25,https://www.gemeinde-merching.de/freizeit/infrastruktur/,True,False,,,2791
255,page,publish,Badeseen,wasserqualitaet-der-badeseen,14,2012-07-09 20:56:16,2025-07-22 14:50:18,https://www.gemeinde-merching.de/freizeit/wasserqualitaet-der-badeseen/,True,False,,pdf-embedder,504
257,page,publish,Formulare,formulare,10,2012-07-09 20:55:17,2021-05-31 13:08:43,https://www.gemeinde-merching.de/buergerservice/formulare/,True,False,,link-library,70
273,page,publish,Interessante Links im Web,interessante-links-im-web,10,2012-07-09 22:06:40,2014-09-16 11:32:57,https://www.gemeinde-merching.de/buergerservice/interessante-links-im-web/,True,False,,link-library,683
280,attachment,inherit,Das Rathaus in Merching,rathaus,6,2012-07-10 20:57:57,2025-06-05 08:43:48,http://www.gemeinde-merching.de/wp-content/uploads/2012/06/rathaus.jpg,True,False,,,44
296,page,publish,"Eheschließung, Geburt, Sterbefall",eheschliessung,224,2012-07-10 21:59:02,2018-05-24 12:47:38,https://www.gemeinde-merching.de/buergerservice/lebenslagen/eheschliessung/,True,False,,,3457
300,page,publish,Ein Umzug steht bevor,ein-umzug-steht-bevor,224,2012-07-10 22:09:27,2020-05-26 13:04:41,https://www.gemeinde-merching.de/buergerservice/lebenslagen/ein-umzug-steht-bevor/,True,False,,,1914
302,page,publish,Wertstoffsammlung,wertstoffsammlung,224,2012-07-10 22:12:51,2020-12-18 11:47:57,https://www.gemeinde-merching.de/buergerservice/lebenslagen/wertstoffsammlung/,True,False,,,179
310,page,publish,Personalausweis,personalausweis,224,2012-07-10 22:23:43,2026-05-11 11:28:39,https://www.gemeinde-merching.de/buergerservice/lebenslagen/personalausweis/,True,False,,,3183
311,attachment,inherit,Ausweisportal,kopfbild-startseite,310,2012-07-10 22:19:51,2025-07-16 12:22:15,http://www.gemeinde-merching.de/wp-content/uploads/2012/07/Kopfbild-Startseite.jpg,True,False,,,13
336,attachment,inherit,Ortsrecht der Gemeinde Merching,satzungen,227,2012-07-15 14:16:42,2012-07-15 14:16:42,http://www.gemeinde-merching.de/wp-content/uploads/2012/07/satzungen.jpg,True,False,,,31
344,page,publish,BayernAtlas,bayernatlas,6,2012-07-16 19:18:08,2025-07-21 15:41:17,https://www.gemeinde-merching.de/ueber-merching/bayernatlas/,True,False,,,1384
345,attachment,inherit,BayernViewer des Landesamtes für Vermessung und Geoinformation,bayernviewer,344,2012-07-16 19:16:39,2012-07-16 19:16:39,http://www.gemeinde-merching.de/wp-content/uploads/2012/07/bayernviewer.jpg,True,False,,,62
353,page,publish,Gemeindekurier und Bürgerinformationen,gemeindekurier,10,2012-07-16 19:28:54,2024-01-15 08:35:41,https://www.gemeinde-merching.de/buergerservice/gemeindekurier/,True,False,,wpdm_category,706
354,attachment,inherit,Gemeindekurier Merching,gemeindekurier,353,2012-07-16 19:28:27,2012-07-16 19:28:27,http://www.gemeinde-merching.de/wp-content/uploads/2012/07/gemeindekurier.jpg,True,False,,,23
376,attachment,inherit,Rathaus der Gemeinde Merching,rathaus_front,51,2012-07-18 18:31:20,2012-07-18 18:31:20,http://www.gemeinde-merching.de/wp-content/uploads/2012/06/Rathaus_front.jpg,True,False,,,29
382,page,publish,Aus Merching,aus-merching,8,2012-07-18 18:41:48,2025-07-21 15:51:31,https://www.gemeinde-merching.de/aktuelles/aus-merching/,True,False,,,56
385,page,publish,Aus dem Landratsamt und anderen Behörden,landratsamt-andere-behoerden,8,2012-07-18 18:43:03,2025-07-21 15:57:38,https://www.gemeinde-merching.de/aktuelles/landratsamt-andere-behoerden/,True,False,,,56
390,page,publish,Aus dem Rathaus,aus-dem-rathaus,8,2012-07-18 18:45:27,2025-07-21 15:54:15,https://www.gemeinde-merching.de/aktuelles/aus-dem-rathaus/,True,False,,,110
396,attachment,inherit,Ortsrecht Gemeinde Merching,ortsrecht-2,227,2012-07-18 19:50:13,2012-07-18 19:50:13,http://www.gemeinde-merching.de/wp-content/uploads/2012/07/ortsrecht.jpg,True,False,,,27
415,page,publish,Gastronomiebetriebe,gastronomiebetriebe,12,2012-07-18 20:48:50,2026-10-08 22:26:02,https://www.gemeinde-merching.de/handel-gewerbe/gastronomiebetriebe/,True,False,,,5280
406,attachment,inherit,logo_raiba,logo_raiba,400,2012-07-18 20:21:22,2012-07-18 20:21:22,http://www.gemeinde-merching.de/wp-content/uploads/2012/07/logo_raiba.jpg,True,False,,,0
407,attachment,inherit,logo_sska,logo_sska,400,2012-07-18 20:23:30,2012-07-18 20:23:30,http://www.gemeinde-merching.de/wp-content/uploads/2012/07/logo_sska.jpg,True,False,,,0
427,attachment,inherit,Lage von Merching,lage,12,2012-07-18 20:56:16,2012-07-18 20:56:16,http://www.gemeinde-merching.de/wp-content/uploads/2012/06/lage.jpg,True,False,,,17
441,page,publish,Ratsinformation Gemeinderat und Schulverbände,gemeinderat,10,2012-07-18 21:20:49,2026-02-13 11:58:03,https://www.gemeinde-merching.de/buergerservice/gemeinderat/,True,False,,wpdm_category,515
449,attachment,inherit,Gewerbepark Am Lerchenberg - Gemeinde Merching,logo_blau_frei,229,2012-07-20 09:57:37,2012-07-20 09:57:37,http://www.gemeinde-merching.de/wp-content/uploads/2012/07/logo_blau_frei.gif,True,False,,,46
451,attachment,inherit,Gewerbepark Am Lerchenberg - Gemeinde Merching,simulation,229,2012-07-20 09:59:19,2012-07-20 09:59:19,http://www.gemeinde-merching.de/wp-content/uploads/2012/07/simulation.jpg,True,False,,,46
9958,attachment,inherit,Logo Merchinger Advent,advent-2010-neu,0,2025-09-09 12:12:42,2025-09-09 12:15:19,https://www.gemeinde-merching.de/wp-content/uploads/2025/09/Logo-Advent.jpg,True,False,,,0
9959,attachment,inherit,Advent-2010-neu,advent-2010-neu-2,0,2025-09-09 12:25:44,2025-09-09 12:25:44,https://www.gemeinde-merching.de/wp-content/uploads/2025/09/Merchinger-Advent-Logo.jpg,True,False,,,0
2316,page,publish,Kinder und Jugend,kinder-und-jugend,14,2015-06-24 10:02:20,2025-07-21 14:45:04,https://www.gemeinde-merching.de/freizeit/kinder-und-jugend/,True,False,,wpdm_category,1457
542,page,publish,Unsere Stellenanzeigen,stellenanzeigen,8,2012-07-20 13:48:55,2022-12-27 12:49:19,https://www.gemeinde-merching.de/aktuelles/stellenanzeigen/,True,False,,wpdm_category,167
547,page,publish,Bildergalerien aus Merching,bildergalerie-merching,6,2012-07-20 14:30:08,2016-10-03 17:21:41,https://www.gemeinde-merching.de/ueber-merching/bildergalerie-merching/,True,False,,,243
553,attachment,inherit,Rathaus Merching,rathaus-merching4,51,2012-07-20 15:09:12,2025-06-05 08:43:23,http://www.gemeinde-merching.de/wp-content/uploads/2012/06/rathaus-merching4.jpg,True,False,,,16
9964,attachment,inherit,1. JUP-Kongress 11-2025,1-jup-kongress-11-2025,0,2025-09-11 11:14:04,2025-09-11 11:17:28,https://www.gemeinde-merching.de/wp-content/uploads/2025/09/1.-JUP-Kongress-11-2025.pdf,True,False,,,0
670,page,publish,Öffentliche Bekanntmachungen,oeffentliche-bekanntmachungen,8,2012-07-24 12:08:43,2025-01-07 08:08:03,https://www.gemeinde-merching.de/aktuelles/oeffentliche-bekanntmachungen/,True,False,,catlist|wpdm_category,885
718,attachment,inherit,Schule Merching,schule-merching,251,2012-07-24 17:34:14,2025-06-05 08:43:01,http://www.gemeinde-merching.de/wp-content/uploads/2012/07/schule-merching.jpg,True,False,,,15
719,attachment,inherit,Feuerwehrhaus Merching,feuerwehrhaus-merching,251,2012-07-24 17:34:54,2025-06-05 08:42:31,http://www.gemeinde-merching.de/wp-content/uploads/2012/07/feuerwehrhaus-merching.jpg,True,False,,,22
720,attachment,inherit,Mandichosee,mandicho-stausee_2,251,2012-07-24 17:35:39,2025-06-05 08:41:51,http://www.gemeinde-merching.de/wp-content/uploads/2012/07/mandicho-stausee_2.jpg,True,False,,,11
727,attachment,inherit,Rathaus Merching,rathaus-merching2,8,2012-07-24 17:42:45,2025-06-05 08:41:26,http://www.gemeinde-merching.de/wp-content/uploads/2012/06/rathaus-merching2.jpg,True,False,,,16
734,attachment,inherit,Maibaum,maibaum,8,2012-07-24 20:13:22,2025-06-05 08:41:18,http://www.gemeinde-merching.de/wp-content/uploads/2012/06/maibaum.jpg,True,False,,,7
736,attachment,inherit,Felder am Ortsrand von Merching,felder-am-ortsrand,6,2012-07-24 20:16:30,2025-07-16 12:21:52,http://www.gemeinde-merching.de/wp-content/uploads/2012/06/felder-am-ortsrand.jpg,True,False,,,31
761,attachment,inherit,Fahrzeug der freiwilligen Feuerwehr Merching,feuerwehrauto-merching,251,2012-07-30 19:14:59,2012-07-30 19:14:59,http://www.gemeinde-merching.de/wp-content/uploads/2012/07/feuerwehrauto-merching.jpg,True,False,,,44
9239,wpdmpro,publish,GSV - HH 6 Anlagen 2026,gsv-hh-anlagen-2026,0,2025-01-07 11:22:38,2026-03-04 12:04:40,https://www.gemeinde-merching.de/download/gsv-hh-anlagen-2026/,True,False,,,0
9240,wpdmpro,publish,MSV - HH 0 Deckblatt 2026,msv-hh-0-deckblatt-2026,0,2025-01-07 11:26:29,2026-03-04 11:58:24,https://www.gemeinde-merching.de/download/msv-hh-0-deckblatt-2026/,True,False,,,0
810,page,publish,Reisepass,reisepass,224,2012-08-21 11:04:58,2025-08-14 16:13:19,https://www.gemeinde-merching.de/buergerservice/lebenslagen/reisepass/,True,False,,,2873
989,attachment,inherit,Dokumentation für die Wordpress Bedienung für Autoren und Redakteure,wp-33-autoren-redakteure,821,2012-09-17 17:36:11,2012-09-17 17:36:11,http://www.gemeinde-merching.de/wp-content/uploads/2012/09/wp-33-autoren-redakteure.pdf,True,False,,,68
995,attachment,inherit,slideshow,slideshow,834,2012-09-17 17:42:42,2012-09-17 17:42:42,http://www.gemeinde-merching.de/wp-content/uploads/2012/08/slideshow.jpg,True,False,,,0
1002,attachment,inherit,link-kategorien,link-kateorien,831,2012-09-17 17:49:03,2012-09-17 17:49:03,http://www.gemeinde-merching.de/wp-content/uploads/2012/08/link-kateorien.jpg,True,False,,,15
1003,attachment,inherit,link-kategorien,link-kateorien-2,831,2012-09-17 17:49:50,2012-09-17 17:49:50,http://www.gemeinde-merching.de/wp-content/uploads/2012/08/link-kateorien1.jpg,True,False,,,15
1007,attachment,inherit,Artikelkategorien,artikel-kategorien,829,2012-09-17 18:13:44,2012-09-17 18:13:44,http://www.gemeinde-merching.de/wp-content/uploads/2012/08/artikel-kategorien.jpg,True,False,,,17
1011,attachment,inherit,Liste der Tabellen,tabellen,836,2012-09-17 18:28:21,2012-09-17 18:28:21,http://www.gemeinde-merching.de/wp-content/uploads/2012/08/tabellen.jpg,True,False,,,18
1012,attachment,inherit,Liste der Tabellen,tabellen-2,836,2012-09-17 18:29:08,2012-09-17 18:29:08,http://www.gemeinde-merching.de/wp-content/uploads/2012/08/tabellen1.jpg,True,False,,,18
1014,attachment,inherit,Filebase Kategorien,filebase,951,2012-09-17 18:31:51,2012-09-17 18:31:51,http://www.gemeinde-merching.de/wp-content/uploads/2012/09/filebase.jpg,True,False,,,19
10156,post,publish,Bekanntmachung über die Eintragungsmöglichkeiten in Unterstützungslisten,bekanntmachung-ueber-die-eintragungsmoeglichkeiten-in-unterstuetzungslisten,0,2025-12-09 08:44:39,2025-12-09 08:44:39,https://www.gemeinde-merching.de/bekanntmachung-ueber-die-eintragungsmoeglichkeiten-in-unterstuetzungslisten/,True,False,,,362
1077,attachment,inherit,Urnenstelen,merching-fc-1_nach,0,2012-10-10 12:13:22,2015-08-04 09:58:25,http://www.gemeinde-merching.de/wp-content/uploads/2012/10/Merching-FC-1_Nach.jpg,True,False,,,11
1081,attachment,inherit,BayernAtlas,bayernatlas,344,2012-10-10 15:17:50,2012-10-10 15:17:50,http://www.gemeinde-merching.de/wp-content/uploads/2012/07/BayernAtlas.jpg,True,False,,,11
1191,attachment,inherit,Screenshot: Unsere neue Homepage ist Online,www_gemeinde-merching_de_ueber-merching_bildergalerie-merching,0,2012-10-21 19:52:29,2012-10-21 19:52:29,http://www.gemeinde-merching.de/wp-content/uploads/2012/10/www_gemeinde-merching_de_ueber-merching_bildergalerie-merching.jpg,True,False,,,43
1247,attachment,inherit,Merchinger Advent 2011 005,merchinger-advent-2011-005,0,2012-11-28 11:33:25,2012-11-28 11:33:25,http://www.gemeinde-merching.de/wp-content/uploads/2012/11/Merchinger-Advent-2011-005.jpg,True,False,,,0
9980,attachment,inherit,Unternehmenssatzung für das Kommunalunternehmen Merching vom 16.09.2025,unternehmenssatzung-fuer-das-kommunalunternehmen-merching-vom-16-09-2025,9978,2025-09-16 08:23:16,2025-09-16 08:23:16,https://www.gemeinde-merching.de/wp-content/uploads/2025/09/Unternehmenssatzung-fuer-das-Kommunalunternehmen-Merching-vom-16.09.2025.pdf,True,False,,,0
10790,wpdmpro,publish,Bestattung - Satzung über die öffentl. Bestattungseinrichtung der Gemeinde Merching vom 17.07.2026 - gültig ab 01.01.2027,friedhofs-und-bestattungssatzung-ab-01-01-2027,0,2026-07-21 09:55:05,2026-08-20 09:04:12,https://www.gemeinde-merching.de/download/friedhofs-und-bestattungssatzung-ab-01-01-2027/,True,False,,pdf-embedder,207
10253,attachment,inherit,BP_Nr34_Östl._der_Nebelhornstraße_1Änd_Textteil_m_VV_20251211,bp_nr34_oestl-_der_nebelhornstrasse_1aend_textteil_m_vv_20251211,0,2026-01-13 09:02:47,2026-01-13 09:02:47,https://www.gemeinde-merching.de/wp-content/uploads/2026/01/BP_Nr34_Oestl._der_Nebelhornstrasse_1Aend_Textteil_m_VV_20251211.pdf,True,False,,,0
10254,post,publish,Bekanntmachungen zur 1. Änderung des Bebauungsplanes Nr. 34 - Östlich der Nebelhornstraße,bekanntmachungen-zur-1-aenderung-des-bebauungsplanes-nr-34-oestlich-der-nebelhornstrasse,0,2026-01-13 09:07:55,2026-01-13 09:07:55,https://www.gemeinde-merching.de/bekanntmachungen-zur-1-aenderung-des-bebauungsplanes-nr-34-oestlich-der-nebelhornstrasse/,True,False,,,218
1578,attachment,inherit,Kombimandat Gemeinde Merching,kombimandat_gemeinde_merching,0,2013-06-12 19:54:39,2013-06-12 19:54:39,http://www.gemeinde-merching.de/wp-content/uploads/2013/06/Kombimandat_Gemeinde_Merching.pdf,True,False,,,29
1579,attachment,inherit,Kombimandat Grundschulverband,kombimandat_grundschulverband,0,2013-06-12 19:54:40,2013-06-12 19:54:40,http://www.gemeinde-merching.de/wp-content/uploads/2013/06/Kombimandat_Grundschulverband.pdf,True,False,,,29
1580,attachment,inherit,Kombimandat Mittelschulverband,kombimandat_mittelschulverband,0,2013-06-12 19:54:41,2013-06-12 19:54:41,http://www.gemeinde-merching.de/wp-content/uploads/2013/06/Kombimandat_Mittelschulverband.pdf,True,False,,,30
1581,attachment,inherit,Mandat Gemeinde Merching,mandat_gemeinde_merching,0,2013-06-12 19:54:42,2013-06-12 19:54:42,http://www.gemeinde-merching.de/wp-content/uploads/2013/06/Mandat_Gemeinde_Merching.pdf,True,False,,,24
1582,attachment,inherit,Mandat Grundschulverband,mandat_grundschulverband,0,2013-06-12 19:54:43,2013-06-12 19:54:43,http://www.gemeinde-merching.de/wp-content/uploads/2013/06/Mandat_Grundschulverband.pdf,True,False,,,24
1583,attachment,inherit,Mandat Mittelschulverband,mandat_mittelschulverband,0,2013-06-12 19:54:44,2013-06-12 19:54:44,http://www.gemeinde-merching.de/wp-content/uploads/2013/06/Mandat_Mittelschulverband.pdf,True,False,,,25
9978,wpdmpro,publish,Unternehmenssatzung für das Kommunalunternehmen Merching vom 16.09.2025,unternehmenssatzung-fuer-das-kommunalunternehmen-merching-vom-16-09-2025,0,2025-09-16 08:23:47,2025-09-16 08:23:47,https://www.gemeinde-merching.de/download/unternehmenssatzung-fuer-das-kommunalunternehmen-merching-vom-16-09-2025/,True,False,,,223
9979,attachment,inherit,Unternehmenssatzung für das Kommunalunternemen Merching vom 16.09.2025,unternehmenssatzung-fuer-das-kommunalunternemen-merching-vom-16-09-2025,9978,2025-09-16 08:22:12,2025-09-16 08:22:12,https://www.gemeinde-merching.de/wp-content/uploads/2025/09/Unternehmenssatzung-fuer-das-Kommunalunternemen-Merching-vom-16.09.2025.pdf,True,False,,,0
1987,page,publish,"Führungszeugnis, Auskunft aus dem Gewerbezentralregister",fuehrungszeugnis-auskunft-aus-dem-gewerbezentralregister,224,2014-09-16 09:29:04,2014-09-16 09:52:23,https://www.gemeinde-merching.de/buergerservice/lebenslagen/fuehrungszeugnis-auskunft-aus-dem-gewerbezentralregister/,True,False,,,1911
1999,page,publish,Flächennutzungsplan - Bebauungspläne,flaechennutzungsplan-bebauungsplaene,10,2014-09-16 11:35:45,2026-03-23 16:58:55,https://www.gemeinde-merching.de/buergerservice/flaechennutzungsplan-bebauungsplaene/,True,False,,wpdm_category,1332
2025,tablepress_table,publish,Adressen,adressen,0,2014-10-06 18:18:19,2026-05-21 07:32:29,https://www.gemeinde-merching.de/?post_type=tablepress_table&p=2025,True,False,,,10071
2026,tablepress_table,publish,!! Buergerservice-obsolet,buergerservice-obsolet,0,2014-10-06 18:18:19,2014-10-06 18:28:04,https://www.gemeinde-merching.de/?post_type=tablepress_table&p=2026,True,False,,,6777
2027,tablepress_table,publish,Gewerbetreibende,gewerbetreibende,0,2014-10-06 18:18:19,2020-02-12 11:03:07,https://www.gemeinde-merching.de/?post_type=tablepress_table&p=2027,True,False,,,6562
2028,tablepress_table,publish,Vereine,vereine,0,2014-10-06 18:18:19,2026-08-05 11:04:46,https://www.gemeinde-merching.de/?post_type=tablepress_table&p=2028,True,False,,,6741
2029,tablepress_table,publish,Bürgerservice von A-Z,buergerservice-von-a-z,0,2014-10-06 18:18:19,2025-06-02 14:17:36,https://www.gemeinde-merching.de/?post_type=tablepress_table&p=2029,True,False,,,11583
2093,attachment,inherit,Logo_Energieatlas,logo_energieatlas,0,2014-11-07 08:13:34,2014-11-07 08:13:34,http://www.gemeinde-merching.de/wp-content/uploads/2014/11/Logo_Energieatlas.jpg,True,False,,,0
10272,attachment,inherit,Merching-Ablauf-3,merching-ablauf-3,2381,2026-01-20 08:31:34,2026-01-20 08:31:34,https://www.gemeinde-merching.de/wp-content/uploads/2015/08/Merching-Ablauf-3.jpg,True,False,,,0
10273,attachment,inherit,Merching-Ablauf-2,merching-ablauf-2,2381,2026-01-20 08:31:35,2026-01-20 08:31:35,https://www.gemeinde-merching.de/wp-content/uploads/2015/08/Merching-Ablauf-2.jpg,True,False,,,0
10164,attachment,inherit,BGS_EWS_2026 Homepage NEU,bgs_ews_2026-homepage-neu,9911,2025-12-15 06:40:43,2025-12-15 06:40:43,https://www.gemeinde-merching.de/wp-content/uploads/2025/08/BGS_EWS_2026-Homepage-NEU.pdf,True,False,,,0
10040,attachment,inherit,2025_Plakat_Wärmepumpe_Althegnenberg,2025_plakat_waermepumpe_althegnenberg,0,2025-10-02 08:39:34,2025-10-02 08:39:34,https://www.gemeinde-merching.de/wp-content/uploads/2025/10/2025_Plakat_Waermepumpe_Althegnenberg.pdf,True,False,,,0
2284,post,publish,"Häuserbuch ""Im Wandel der Zeit"" im Rathaus erhältlich",haeuserbuch-im-wandel-der-zeit-im-rathaus-erhaeltlich,0,2024-11-10 09:38:06,2024-11-22 08:30:44,https://www.gemeinde-merching.de/haeuserbuch-im-wandel-der-zeit-im-rathaus-erhaeltlich/,True,False,,,221
10786,attachment,inherit,Bekanntmachung Friedhofs- und Bestattungssatzung ab 01.01.2027,bekanntmachung-friedhofs-und-bestattungssatzung-ab-01-01-2027,10785,2026-07-21 08:59:35,2026-07-21 08:59:35,https://www.gemeinde-merching.de/wp-content/uploads/2026/07/Bekanntmachung-Friedhofs-und-Bestattungssatzung-ab-01.01.2027.pdf,True,False,,,0
10248,attachment,inherit,1.Änderung BP 34 östl. Nebelhornstr. Bekanntmachung Satzungsbeschluss,1-aenderung-bp-34-oestl-nebelhornstr-bekanntmachung-satzungsbeschluss,0,2026-01-13 08:57:27,2026-01-13 08:57:27,https://www.gemeinde-merching.de/wp-content/uploads/2026/01/1.Aenderung-BP-34-oestl.-Nebelhornstr.-Bekanntmachung-Satzungsbeschluss.pdf,True,False,,,0
10837,attachment,inherit,"Bestattungsgebührensatzung, ab 2027_Homepage",bestattungsgebuehrensatzung-ab-2027_homepage,10793,2026-08-20 08:32:23,2026-08-20 08:32:23,https://www.gemeinde-merching.de/wp-content/uploads/2026/07/Bestattungsgebuehrensatzung-ab-2027_Homepage.pdf,True,False,,,0
10788,wpdmpro,publish,Bekanntmachung der Gebührensatzung zur Friedhofs- und Bestattungssatzung ab 01.01.2027,bekanntmachung-der-gebuehrensatzung-zur-friedhofs-und-bestattungssatzung-ab-01-01-2027,0,2026-07-21 09:02:53,2026-07-21 09:02:53,https://www.gemeinde-merching.de/download/bekanntmachung-der-gebuehrensatzung-zur-friedhofs-und-bestattungssatzung-ab-01-01-2027/,True,False,,pdf-embedder,182
10789,attachment,inherit,Bekanntmachung Satzung GBS_BES ab 01.01.2027,bekanntmachung-satzung-gbs_bes-ab-01-01-2027,10788,2026-07-21 09:02:35,2026-07-21 09:02:35,https://www.gemeinde-merching.de/wp-content/uploads/2026/07/Bekanntmachung-Satzung-GBS_BES-ab-01.01.2027.pdf,True,False,,,0
10251,attachment,inherit,BP_Nr34_Östl._der_Nebelhornstraße_1Änd_Begründung_20251211,bp_nr34_oestl-_der_nebelhornstrasse_1aend_begruendung_20251211,0,2026-01-13 08:59:45,2026-01-13 08:59:45,https://www.gemeinde-merching.de/wp-content/uploads/2026/01/BP_Nr34_Oestl._der_Nebelhornstrasse_1Aend_Begruendung_20251211.pdf,True,False,,,0
2376,attachment,inherit,post-expirator,post-expirator,0,2015-08-04 17:49:07,2015-08-04 17:49:07,http://www.gemeinde-merching.de/wp-content/uploads/2015/08/post-expirator.jpg,True,False,,,0
2378,attachment,inherit,post-expirator2,post-expirator2,0,2015-08-04 17:50:18,2015-08-04 17:50:18,http://www.gemeinde-merching.de/wp-content/uploads/2015/08/post-expirator2.jpg,True,False,,,0
7566,attachment,inherit,Amtsblatt 05-2023=Jahrg. 78 Nr. 05,amtsblatt-05-2023jahrg-78-nr-05,0,2023-05-11 10:52:35,2023-05-11 10:52:35,https://www.gemeinde-merching.de/wp-content/uploads/2023/05/Amtsblatt-05-2023Jahrg.-78-Nr.-05.pdf,True,False,,,0
7568,attachment,inherit,Amtsblatt 03-2023=Jahrg. 78 Nr. 3,amtsblatt-03-2023jahrg-78-nr-3,0,2023-05-11 11:03:15,2023-05-11 11:03:15,https://www.gemeinde-merching.de/wp-content/uploads/2023/05/Amtsblatt-03-2023Jahrg.-78-Nr.-3.pdf,True,False,,,0
2799,attachment,inherit,Gewerbeeintraege-mit-connections-anlegen-mit-homepage,gewerbeeintraege-mit-connections-anlegen-mit-homepage,2798,2016-06-18 12:35:09,2016-06-18 12:35:09,http://www.gemeinde-merching.de/wp-content/uploads/2016/06/Gewerbeeintraege-mit-connections-anlegen-mit-homepage.jpg,True,False,,,0
2800,attachment,inherit,Gewerbeeintraege-mit-connections-anlegen-ohne-eigene-homepage-1,gewerbeeintraege-mit-connections-anlegen-ohne-eigene-homepage-1,2798,2016-06-18 12:35:13,2016-06-18 12:35:13,http://www.gemeinde-merching.de/wp-content/uploads/2016/06/Gewerbeeintraege-mit-connections-anlegen-ohne-eigene-homepage-1.jpg,True,False,,,0
2801,attachment,inherit,Gewerbeeintraege-mit-connections-anlegen-ohne-eigene-homepage-2,gewerbeeintraege-mit-connections-anlegen-ohne-eigene-homepage-2,2798,2016-06-18 12:35:16,2016-06-18 12:35:16,http://www.gemeinde-merching.de/wp-content/uploads/2016/06/Gewerbeeintraege-mit-connections-anlegen-ohne-eigene-homepage-2.jpg,True,False,,,0
2802,attachment,inherit,Gewerbeeintraege-mit-connections-verwalten,gewerbeeintraege-mit-connections-verwalten,2798,2016-06-18 12:35:19,2016-06-18 12:35:19,http://www.gemeinde-merching.de/wp-content/uploads/2016/06/Gewerbeeintraege-mit-connections-verwalten.jpg,True,False,,,0
2847,page,publish,Bürgerserviceportal,buergerserviceportal,10,2016-08-16 16:21:34,2025-07-21 14:58:29,https://www.gemeinde-merching.de/buergerservice/buergerserviceportal/,True,False,,,823
2850,attachment,inherit,BSP_Logo_180,bsp_logo_180,2847,2016-08-17 10:08:45,2025-07-16 12:20:57,http://www.gemeinde-merching.de/wp-content/uploads/2016/08/BSP_Logo_180.jpg,True,False,,,0
3068,attachment,inherit,Logo Bürgernetz,logo-buergernetz,0,2017-01-17 08:42:25,2017-01-17 08:42:25,http://www.gemeinde-merching.de/wp-content/uploads/2017/01/Logo-Bürgernetz.png,True,False,,,0
7777,attachment,inherit,Amtsblatt 07-2023=Jahrg. 78 Nr. 07,amtsblatt-07-2023jahrg-78-nr-07,0,2023-07-06 15:00:52,2023-07-06 15:00:52,https://www.gemeinde-merching.de/wp-content/uploads/2023/07/Amtsblatt-07-2023Jahrg.-78-Nr.-07.pdf,True,False,,,0
10693,attachment,inherit,Helfer-Markus-klein,helfer-markus-klein,0,2026-05-26 09:05:30,2026-05-26 09:05:30,https://www.gemeinde-merching.de/wp-content/uploads/2026/05/Helfer-Markus-klein.jpg,True,False,,,0
9977,attachment,inherit,Bekanntmachung Satzung für das Kommunalunternehmen Merching vom 16.09.2025,bekanntmachung-satzung-fuer-das-kommunalunternehmen-merching-vom-16-09-2025,9976,2025-09-16 08:19:19,2025-09-16 08:19:19,https://www.gemeinde-merching.de/wp-content/uploads/2025/09/Bekanntmachung-Satzung-fuer-das-Kommunalunternehmen-Merching-vom-16.09.2025.pdf,True,False,,,0
9017,attachment,inherit,Heimatprojekt_Textvorschlag_Website,heimatprojekt_textvorschlag_website,0,2024-10-08 11:41:28,2024-10-08 11:41:28,https://www.gemeinde-merching.de/wp-content/uploads/2024/10/Heimatprojekt_Textvorschlag_Website.pdf,True,False,,,0
9018,attachment,inherit,Bürgerbefragung_Druckformat,buergerbefragung_druckformat,0,2024-10-08 11:50:18,2024-10-08 11:50:18,https://www.gemeinde-merching.de/wp-content/uploads/2024/10/Buergerbefragung_Druckformat.pdf,True,False,,,0
3658,page,publish,Datenschutzerklärung,datenschutzerklaerung,24,2018-04-30 11:38:38,2026-01-02 14:01:07,https://www.gemeinde-merching.de/impressum/datenschutzerklaerung/,True,False,,cc-edit,32280
7617,attachment,inherit,Aufhebung_BP_Nr3a_Anschreiben_TÖB_Bet_20230601,aufhebung_bp_nr3a_anschreiben_toeb_bet_20230601,0,2023-06-01 14:47:45,2023-06-01 14:47:45,https://www.gemeinde-merching.de/wp-content/uploads/2023/06/Aufhebung_BP_Nr3a_Anschreiben_TOeB_Bet_20230601.pdf,True,False,,,0
3736,attachment,inherit,Logo Hochwasser,logo-hochwasser,0,2018-08-13 17:17:54,2018-08-13 17:17:54,https://www.gemeinde-merching.de/wp-content/uploads/2018/08/Logo-Hochwasser.jpg,True,False,,,0
3868,link_library_links,publish,Bauwasserbezugsvertrag,antrag-auf-bauwasserbezug,0,2018-09-17 09:05:17,2022-05-02 16:01:58,https://www.gemeinde-merching.de/download/wasserversorgung/Bauwasserbezugsvertrag.pdf,True,False,,,0
3867,link_library_links,publish,Unternehmens- und Gründerberatung im Landratsamt Aichach-Friedberg,unternehmens-und-gruenderberatung-im-landratsamt-aichach-friedberg,0,2018-09-17 09:05:17,2019-10-29 10:40:16,https://lra-aic-fdb.de/landkreis/wirtschaft/termine-und-veranstaltungen,True,False,,,0
3866,link_library_links,publish,"Vollmacht zur Abholung von Dokumenten (Reisepass, Personalausweis)",vollmacht-zur-abholung-von-dokumenten-reisepass-personalausweis,0,2018-09-17 09:05:17,2018-09-17 09:05:17,http://formular-server.de/AIC_FS/findform?shortname=jueANT4001514005401&formtecid=2&areashortname=Merching,True,False,,,0
3865,link_library_links,publish,Wohnungsgeberbestätigung zur Vorlage bei der Meldebehörde,wohnungsgeberbestaetigung-zur-vorlage-bei-der-meldebehoerde,0,2018-09-17 09:05:17,2018-09-17 09:05:17,http://formular-server.de/AIC_FS/findform?shortname=jue_4001504002402&formtecid=2&areashortname=Merching,True,False,,,0
3864,link_library_links,publish,Zustimmungserklärung bei Personalausweis- und Passanträgen,zustimmungserklaerung-bei-personalausweis-und-passantraegen,0,2018-09-17 09:05:17,2018-09-17 09:05:17,http://formular-server.de/AIC_FS/findform?shortname=juePAS4001511102401&formtecid=2&areashortname=Merching,True,False,,,0
3863,link_library_links,publish,Energieatlas Bayern,energieatlas-bayern,0,2018-09-17 09:05:17,2018-09-17 09:05:17,http://www.energieatlas.bayern.de,True,False,,,0
3861,link_library_links,publish,SEPA-Mandat Mittelschulverband,mandat-mittelschulverband,0,2018-09-17 09:05:16,2020-02-10 12:57:27,https://www.gemeinde-merching.de/wp-content/uploads/2013/06/Mandat_Mittelschulverband.pdf,True,False,,,0
3862,link_library_links,publish,SEPA-Mandat Grundschulverband,mandat-grundschulverband,0,2018-09-17 09:05:16,2020-02-10 12:57:14,https://www.gemeinde-merching.de/wp-content/uploads/2013/06/Mandat_Grundschulverband.pdf,True,False,,,0
3860,link_library_links,publish,"""Klimaschutz"" des Landratsamtes Aichach-Friedberg",klimaschutz-des-landratsamtes-aichach-friedberg,0,2018-09-17 09:05:16,2018-09-17 09:05:16,http://www.lra-aic-fdb.de/klimaschutz,True,False,,,0
3859,link_library_links,publish,Formulare zur Steuererklärung,formulare-zur-steuererklaerung,0,2018-09-17 09:05:16,2018-09-17 09:05:16,http://www.finanzamt.bayern.de/Informationen/Formulare/default.php?f=augsburg-land&c=n&d=x&t=x,True,False,,,0
3857,link_library_links,publish,Formulare der Deutschen Rentenversicherung,formulare-der-deutschen-rentenversicherung,0,2018-09-17 09:05:16,2018-09-17 09:05:16,http://www.deutsche-rentenversicherung.de/Allgemein/de/Navigation/5_Services/04_formulare_und_antraege/FormulareUndAntraege_node.html,True,False,,,0
3856,link_library_links,publish,Bayerischer Behördenwegweiser,bayerischer-behoerdenwegweiser,0,2018-09-17 09:05:16,2018-09-17 09:05:16,http://www.behoerdenwegweiser.bayern.de/,True,False,,,0
3853,link_library_links,publish,Verdienstbescheinigung,verdienstbescheinigung,0,2018-09-17 09:05:16,2018-09-17 09:05:16,http://formular-server.de/AIC_FS/findform?shortname=jueBES4096851102402&formtecid=2&areashortname=Merching,True,False,,,0
3854,link_library_links,publish,Landkreis Aichach Friedberg,landkreis-aichach-friedberg,0,2018-09-17 09:05:16,2018-09-17 09:05:16,http://www.lra-aic-fdb.de/,True,False,,,0
3855,link_library_links,publish,"Verkehrssicherheitsprogramm 2020 ""Bayern mobil sicher ans Ziel""",verkehrssicherheitsprogramm-2020-bayern-mobil-sicher-ans-ziel,0,2018-09-17 09:05:16,2018-09-17 09:05:16,http://www.sichermobil.bayern.de/,True,False,,,0
3851,link_library_links,publish,Hundesteuer: Anmeldung und Abmeldung,hundesteuer-anmeldung-und-abmeldung,0,2018-09-17 09:05:16,2021-05-31 12:36:08,http://formular-server.de/AIC_FS/findform?shortname=jue_STR4009234003401&formtecid=2&areashortname=Merching,True,False,,,0
3849,link_library_links,publish,Antrag auf Stundung oder Ratenzahlung,antrag-auf-stundung-oder-ratenzahlung,0,2018-09-17 09:05:16,2018-09-17 09:05:16,http://formular-server.de/AIC_FS/findform?shortname=jue_STR4009521011402&formtecid=2&areashortname=Merching,True,False,,,0
3848,link_library_links,publish,Pachtvertrag für Grundstücke,pachtvertrag-fuer-grundstuecke,0,2018-09-17 09:05:16,2018-09-17 09:05:16,http://formular-server.de/AIC_FS/findform?shortname=jueSOZ4006806004402&formtecid=2&areashortname=Merching,True,False,,,0
3846,link_library_links,publish,Mietbescheinigung,mietbescheinigung,0,2018-09-17 09:05:16,2018-09-17 09:05:16,http://formular-server.de/AIC_FS/findform?shortname=jueWOH4006851112401&formtecid=2&areashortname=Merching,True,False,,,0
3847,link_library_links,publish,Mietvertrag,mietvertrag,0,2018-09-17 09:05:16,2018-09-17 09:05:16,http://formular-server.de/AIC_FS/findform?shortname=jueSOZ4006806001406&formtecid=2&areashortname=Merching,True,False,,,0
3845,link_library_links,publish,Aufstellung der in Betracht kommenden Unterlagen zum Antrag auf Wohngeld (Miet- oder Lastenzuschuss),aufstellung-der-in-betracht-kommenden-unterlagen-zum-antrag-auf-wohngeld-miet-oder-lastenzuschuss,0,2018-09-17 09:05:16,2018-09-17 09:05:16,http://formular-server.de/AIC_FS/findform?shortname=jueWOH4006851112401&formtecid=2&areashortname=Merching,True,False,,,0
3844,link_library_links,publish,Angaben des Vermieters zum Wohnraum,angaben-des-vermieters-zum-wohnraum,0,2018-09-17 09:05:16,2018-09-17 09:05:16,http://formular-server.de/AIC_FS/findform?shortname=jueEWW4006851108402&formtecid=2&areashortname=Merching,True,False,,,0
3843,link_library_links,publish,Antrag auf Erteilung einer Genehmigung für Versetzung/Errichtung/Grabmal/Grabplatte/Einfriedung/Wahlgrab/Reihengrab,antrag-auf-erteilung-einer-genehmigung-fuer-versetzung-errichtung-grabmal-grabplatte-einfriedung-wahlgrab-reihengrab,0,2018-09-17 09:05:15,2018-09-17 09:05:15,http://formular-server.de/AIC_FS/findform?shortname=jueANT4005541001402&formtecid=2&areashortname=Merching,True,False,,,0
3842,link_library_links,publish,Antrag auf Erstattung von Verdienstausfall im Feuerwehrdienst,antrag-auf-erstattung-von-verdienstausfall-im-feuerwehrdienst,0,2018-09-17 09:05:15,2021-05-31 12:29:21,http://formular-server.de/AIC_FS/findform?shortname=jueANT4000912501402&formtecid=2&areashortname=Merching,True,False,,,0
3841,link_library_links,publish,Antrag auf Gastschul-Besuch,antrag-auf-gastschul-besuch,0,2018-09-17 09:05:15,2021-05-31 12:32:35,http://formular-server.de/AIC_FS/findform?shortname=jueANT4092001003402&formtecid=2&areashortname=Merching,True,False,,,0
3840,link_library_links,publish,Merkblatt für das Gaststättengewerbe,merkblatt-fuer-das-gaststaettengewerbe,0,2018-09-17 09:05:15,2018-09-17 09:05:15,http://formular-server.de/AIC_FS/findform?shortname=jueANT4008237401401&formtecid=2&areashortname=Merching,True,False,,,0
3839,link_library_links,publish,Gewerbe-Abmeldung nach § 14 GewO oder § 55 c GewO,gewerbe-abmeldung-nach-%c2%a7-14-gewo-oder-%c2%a7-55-c-gewo,0,2018-09-17 09:05:15,2018-09-17 09:05:15,http://formular-server.de/AIC_FS/findform?shortname=jueGEW4008221003402&formtecid=2&areashortname=Merching,True,False,,,0
3838,link_library_links,publish,Gewerbe-Ummeldung nach § 14 GewO oder § 55 c GewO,gewerbe-ummeldung-nach-%c2%a7-14-gewo-oder-%c2%a7-55-c-gewo,0,2018-09-17 09:05:15,2018-09-17 09:05:15,http://formular-server.de/AIC_FS/findform?shortname=jueGEW4008221022402&formtecid=2&areashortname=Merching,True,False,,,0
3837,link_library_links,publish,Gewerbe-Anmeldung nach § 14 GewO oder § 55 c GewO,gewerbe-anmeldung-nach-%c2%a7-14-gewo-oder-%c2%a7-55-c-gewo,0,2018-09-17 09:05:15,2018-09-17 09:05:15,http://formular-server.de/AIC_FS/findform?shortname=jueGEW4008221021402&formtecid=2&areashortname=Merching,True,False,,,0
3836,link_library_links,publish,Beiblatt zur Gewerbe- Anmeldung Ummeldung Abmeldung,beiblatt-zur-gewerbe-anmeldung-ummeldung-abmeldung,0,2018-09-17 09:05:15,2018-09-17 09:05:15,http://formular-server.de/AIC_FS/findform?shortname=jueGEW4008221101401&formtecid=2&areashortname=Merching,True,False,,,0
3835,link_library_links,publish,Antrag auf Auskunft aus dem Gewerbezentralregister,antrag-auf-auskunft-aus-dem-gewerbezentralregister,0,2018-09-17 09:05:15,2018-09-17 09:05:15,http://formular-server.de/AIC_FS/findform?shortname=jueANT4008225007401&formtecid=2&areashortname=Merching,True,False,,,0
3824,link_library_links,publish,Leitfaden für den sicheren Umgang mit Lebensmitteln,leitfaden-fuer-den-sicheren-umgang-mit-lebensmitteln,0,2018-09-17 09:05:14,2018-09-17 09:05:14,http://formular-server.de/AIC_FS/findform?shortname=jueMB4098237412401&formtecid=2&areashortname=Merching,True,False,,,0
3823,link_library_links,publish,Jugendschutzgesetz (JuSchG),jugendschutzgesetz-juschg,0,2018-09-17 09:05:14,2018-09-17 09:05:14,http://formular-server.de/AIC_FS/findform?shortname=jueJUG4008237404401&formtecid=2&areashortname=Merching,True,False,,,0
3822,link_library_links,publish,Anzeige einer öffentlichen Veranstaltung,anzeige-einer-oeffentlichen-veranstaltung,0,2018-09-17 09:05:14,2018-09-17 09:05:14,http://formular-server.de/AIC_FS/findform?shortname=jueANZ4178236042402&formtecid=2&areashortname=Merching,True,False,,,0
3821,link_library_links,publish,Antrag auf Gestattung eines vorübergehenden Gaststättenbetriebes aus besonderem Anlass nach § 12 Gaststättengesetz,antrag-auf-gestattung-eines-voruebergehenden-gaststaettenbetriebes-aus-besonderem-anlass-nach-%c2%a7-12-gaststaettengesetz,0,2018-09-17 09:05:14,2021-05-31 12:35:31,http://formular-server.de/AIC_FS/findform?shortname=jueANT4008231011401&formtecid=2&areashortname=Merching,True,False,,,0
3820,link_library_links,publish,Antrag auf Genehmigung zum Abbrennen eines Feuerwerks gem. § 24 Abs. 1 der Ersten Verordnung zum Sprengstoffgesetz,antrag-auf-genehmigung-zum-abbrennen-eines-feuerwerks-gem-%c2%a7-24-abs-1-der-ersten-verordnung-zum-sprengstoffgesetz,0,2018-09-17 09:05:14,2021-05-31 12:35:21,http://formular-server.de/AIC_FS/findform?shortname=jueANT4001391002401&formtecid=2&areashortname=Merching,True,False,,,0
3819,link_library_links,publish,Einrichtung einer Auskunfts- bzw. Übermittlungssperre,einrichtung-einer-auskunfts-bzw-uebermittlungssperre,0,2018-09-17 09:05:14,2018-09-17 09:05:14,http://formular-server.de/AIC_FS/findform?shortname=jue4001502501402&formtecid=2&areashortname=Merching,True,False,,,0
3817,link_library_links,publish,Abmeldung bei der Meldebehörde,abmeldung-bei-der-meldebehoerde,0,2018-09-17 09:05:14,2018-09-17 09:05:14,http://formular-server.de/AIC_FS/findform?shortname=jueMEL4091501005404&formtecid=2&areashortname=Merching,True,False,,,0
3818,link_library_links,publish,Anmeldung bei der Meldebehörde – Umzugsmeldung –,anmeldung-bei-der-meldebehoerde-umzugsmeldung,0,2018-09-17 09:05:14,2018-09-17 09:05:14,http://formular-server.de/AIC_FS/findform?shortname=jueMEL4091501009403&formtecid=2&areashortname=Merching,True,False,,,0
3816,link_library_links,publish,Bayerische Regiobahn,bayerische-regiobahn,0,2018-09-17 09:05:14,2025-07-23 12:49:59,http://www.bayerischeregiobahn.de/,True,False,,,0
3815,link_library_links,publish,Das Wittelsbacher Land,web-angebot-des-wittelsbacher-land-e-v,0,2018-09-17 09:05:14,2024-06-25 09:27:08,http://wittelsbacherland.de/,True,False,,,0
3813,link_library_links,publish,Anmeldung bei der Meldebehörde,anmeldung-bei-der-meldebehoerde,0,2018-09-17 09:05:14,2018-09-17 09:05:14,http://formular-server.de/AIC_FS/findform?shortname=jueANM4091501004404&formtecid=2&areashortname=Merching,True,False,,,0
3814,link_library_links,publish,Antrag auf Anordnung verkehrsregelnder Maßnahmen nach §45 Straßenverkehrs-Ordnung (StVO),antrag-auf-anordnung-verkehrsregelnder-massnahmen-nach-%c2%a745-strassenverkehrs-ordnung-stvo,0,2018-09-17 09:05:14,2021-05-31 12:29:06,http://formular-server.de/AIC_FS/findform?shortname=jueANT4001401051402&formtecid=2&areashortname=Merching,True,False,,,0
3812,link_library_links,publish,AVV Fahrplanauskunft,avv-fahrplanauskunft,0,2018-09-17 09:05:14,2018-09-17 09:05:14,http://www.avv-augsburg.de/fahrplan/fahrplanauskunft,True,False,,,0
3869,link_library_links,publish,Antrag auf Wasserbezug - Einbau eines Wasserzählers,antrag-auf-wasserbezug-einbau-eines-wasserzaehlers,0,2018-09-17 09:05:17,2021-05-31 12:35:41,https://www.gemeinde-merching.de/download/wasserversorgung/Antrag_fuer_Wasserbezug.pdf,True,False,,,0
3872,link_library_links,publish,https://www.gemeinde-merching.de/buergerservice/gemeinderat/,https-www-gemeinde-merching-de-buergerservice-gemeinderat,0,2018-09-17 09:05:17,2019-06-16 14:39:59,https://www.gemeinde-merching.de/buergerservice/gemeinderat/,True,False,,,0
3873,link_library_links,publish,Anmeldung eines Gartenwasserzählers,anmeldung-eines-gartenwasserzaehlers,0,2018-09-17 09:05:17,2022-05-02 15:54:35,https://www.gemeinde-merching.de/download/wasserversorgung/Anmeldung_eines_Gartenwasserzaehlers_NEU_ab_2022.pdf,True,False,,,0
3874,link_library_links,publish,Hochwasser-Info,hochwasser-info,0,2018-09-17 09:05:17,2018-09-17 09:05:17,https://www.hochwasserinfo.bayern.de/,True,False,,,0
3942,attachment,inherit,Logo Advent,logo-advent,0,2018-11-28 09:02:52,2019-11-25 10:10:46,https://www.gemeinde-merching.de/wp-content/uploads/2018/11/Logo-Advent.pdf,True,False,,,0
4016,attachment,inherit,Vordruck_Bauplatzbewerbung,vordruck_bauplatzbewerbung,0,2019-03-18 12:18:55,2019-03-18 12:18:55,https://www.gemeinde-merching.de/wp-content/uploads/2019/03/Vordruck_Bauplatzbewerbung.pdf,True,False,,,0
10382,attachment,inherit,Merchinger Ramadama 2026 PDF,merchinger-ramadama-2026-pdf,10365,2026-03-02 10:10:27,2026-03-02 10:10:27,https://www.gemeinde-merching.de/wp-content/uploads/2026/02/Merchinger-Ramadama-2026-PDF.pdf,True,False,,,0
10364,attachment,inherit,Merchinger Rama Dama 2026,merchinger-rama-dama-2026,0,2026-02-24 09:06:14,2026-02-24 09:06:14,https://www.gemeinde-merching.de/wp-content/uploads/2026/02/Merchinger-Rama-Dama-2026.pdf,True,False,,,0
4096,link_library_links,publish,Wittelsbacher Land e.V.,4096,0,2019-05-07 11:59:58,2019-05-07 12:02:43,https://www.wittelsbacherland-verein.de/start.html,True,False,,,0
10479,attachment,inherit,Screenshot 2026-04-08 095702 Solaroffensive LRA 04_26,screenshot-2026-04-08-095702-solaroffensive-lra-04_26,10477,2026-04-08 09:57:42,2026-04-08 09:57:42,https://www.gemeinde-merching.de/wp-content/uploads/2026/04/Screenshot-2026-04-08-095702-Solaroffensive-LRA-04_26.jpg,True,False,,,0
9055,post,publish,Gemeindekurier Sommer 2026,gemeindekurier-herbst-2024-m-einladung-zu-den-buergerversammlungen-2024,0,2026-07-22 11:28:13,2026-07-22 11:26:59,https://www.gemeinde-merching.de/gemeindekurier-herbst-2024-m-einladung-zu-den-buergerversammlungen-2024/,True,False,,,165
9056,attachment,inherit,Gemeindekurier Herbst 2024 f. Homepage,gemeindekurier-herbst-2024-f-homepage,9055,2024-10-21 10:06:41,2024-10-21 10:06:41,https://www.gemeinde-merching.de/wp-content/uploads/2024/10/Gemeindekurier-Herbst-2024-f.-Homepage.pdf,True,False,,,0
4149,link_library_links,publish,Energieberatung Landkreis Aichach-Friedberg,4149,0,2019-06-16 14:27:24,2024-06-25 09:23:38,https://lra-aic-fdb.de/landkreis/klimaschutz/termine-klimaschutz,True,False,,,0
4152,attachment,inherit,httpswww.gemeinde-merching.dewpfilebase_thumbnail1fid359nameEnergieberatung_Landkreis_Aichach-Friedberg_Typo_schwarz_RGB_klein.jpg,httpswww-gemeinde-merching-dewpfilebase_thumbnail1fid359nameenergieberatung_landkreis_aichach-friedberg_typo_schwarz_rgb_klein-jpg,4149,2019-06-16 14:39:11,2019-06-16 14:39:11,https://www.gemeinde-merching.de/links/nuetzliche-und-hilfreiche-links/4149/httpswww-gemeinde-merching-dewpfilebase_thumbnail1fid359nameenergieberatung_landkreis_aichach-friedberg_typo_schwarz_rgb_klein-jpg/,True,False,,,0
7607,attachment,inherit,Vorkaufsrechtssatzung,vorkaufsrechtssatzung,0,2023-05-30 12:24:58,2023-05-30 12:24:58,https://www.gemeinde-merching.de/wp-content/uploads/2023/05/Vorkaufsrechtssatzung.pdf,True,False,,,0
7605,attachment,inherit,Satzung 30.05.2023,satzung-30-05-2023,0,2023-05-30 11:46:26,2023-05-30 11:46:26,https://www.gemeinde-merching.de/wp-content/uploads/2023/05/Satzung-30.05.2023.pdf,True,False,,,0
8006,attachment,inherit,Albrecht-Sofie-klein,albrecht-sofie-klein,0,2023-10-12 09:58:20,2025-06-04 19:25:45,https://www.gemeinde-merching.de/wp-content/uploads/2023/10/Albrecht-Sofie-klein.jpg,True,False,,,0
10245,wpdmpro,publish,Bürgertelefon Krebs,buergertelefon-krebs,0,2026-01-13 08:18:22,2026-01-13 08:18:22,https://www.gemeinde-merching.de/download/buergertelefon-krebs/,True,False,,pdf-embedder,165
10246,attachment,inherit,BZKF_BürgerTelefonKrebs v. F. Hagen,bzkf_buergertelefonkrebs-v-f-hagen,10245,2026-01-13 08:17:27,2026-01-13 08:17:27,https://www.gemeinde-merching.de/wp-content/uploads/2026/01/BZKF_BuergerTelefonKrebs-v.-F.-Hagen.pdf,True,False,,,0
8134,post,publish,Abschaffung des Kinderreisepasses zum 1. Januar 2024,abschaffung-des-kinderreisepasses-zum-1-januar-2024,0,2023-12-04 10:12:46,2025-05-28 10:40:03,https://www.gemeinde-merching.de/abschaffung-des-kinderreisepasses-zum-1-januar-2024/,True,False,,pdf-embedder,759
9014,post,publish,Grundsteuer ab 2025,grundsteuer-ab-2025,0,2024-11-11 09:50:42,2024-11-11 09:48:19,https://www.gemeinde-merching.de/grundsteuer-ab-2025/,True,False,,,5027
8132,wpdmpro,publish,Abschaffung des Kinderreisepasses zum 01.01.2024,abschaffung-des-kinderreisepasses-zum-01-01-2024,0,2023-11-29 11:07:41,2023-11-29 11:07:41,https://www.gemeinde-merching.de/download/abschaffung-des-kinderreisepasses-zum-01-01-2024/,True,False,,pdf-embedder,190
8133,attachment,inherit,Abschaffung des Kinderreisepasses zum 01.01.2024,abschaffung-des-kinderreisepasses-zum-01-01-2024,8132,2023-11-29 11:00:17,2023-11-29 11:00:17,https://www.gemeinde-merching.de/wp-content/uploads/2023/11/Abschaffung-des-Kinderreisepasses-zum-01.01.2024.pdf,True,False,,,0
4401,link_library_links,publish,Antrag auf Erteilung einer Ausnahmegenehmigung gem. § 46 Abs. 1 Nr. 8 StVO für Inanspruchnahme von öffentl. Verkehrsgrund (§ 32 StVO),antrag-auf-erteilung-einer-ausnahmegenehmigung-gem-%c2%a7-46-abs-1-nr-8-stvo-fuer-inanspruchnahme-von-oeffentl-verkehrsgrund-%c2%a7-32-stvo-bzw-einer-verkehrsrechtlichen-anordnung-gem-%c2%a7-4,0,2020-01-27 09:28:18,2021-05-31 12:32:12,http://formular-server.de/AIC_FS/findform?shortname=jueANT4001401071401&formtecid=2&areashortname=Merching,True,False,,,0
7608,wpdmpro,publish,"Satzung über das besondere Vorkaufsrecht d. Gemeinde Merching f. den Bereich d. Fl.Nr. 88/1, 90 und 93/3 d. Gemarkung Merching",satzung-ueber-das-besondere-vorkaufsrecht-d-gemeinde-merching-f-den-bereich-d-fl-nr-88-1-90-und-93-3-d-gemarkung-merching,0,2023-05-30 12:28:56,2023-05-30 12:28:56,https://www.gemeinde-merching.de/download/satzung-ueber-das-besondere-vorkaufsrecht-d-gemeinde-merching-f-den-bereich-d-fl-nr-88-1-90-und-93-3-d-gemarkung-merching/,True,False,,pdf-embedder,138
7609,attachment,inherit,Vorkaufsrechtssatzung,vorkaufsrechtssatzung-2,7608,2023-05-30 12:28:28,2023-05-30 12:28:28,https://www.gemeinde-merching.de/wp-content/uploads/2023/05/Vorkaufsrechtssatzung-1.pdf,True,False,,,0
10017,attachment,inherit,Aufruf Kunstförderpreis,aufruf-kunstfoerderpreis,0,2025-09-23 11:40:46,2025-09-23 11:40:46,https://www.gemeinde-merching.de/wp-content/uploads/2025/09/Aufruf-Kunstfoerderpreis.pdf,True,False,,,0
4535,attachment,inherit,1. Bürgermeister Helmut Luichtl,1-luichtl,0,2020-05-05 10:52:58,2020-06-02 16:47:34,https://www.gemeinde-merching.de/wp-content/uploads/2020/05/1-Luichtl.jpg,True,False,,,31
4544,attachment,inherit,1. Bürgermeister Helmut Luichtl,1-luichtl2,6998,2020-05-05 13:19:26,2025-07-17 15:54:42,https://www.gemeinde-merching.de/wp-content/uploads/2020/05/1-Luichtl2.jpg,True,False,,,31
4545,attachment,inherit,2-Teifelhart2,2-teifelhart2,0,2020-05-05 13:19:38,2020-05-05 13:19:38,https://www.gemeinde-merching.de/wp-content/uploads/2020/05/2-Teifelhart2.jpg,True,False,,,0
4546,attachment,inherit,6-Greipel2,6-greipel2,2316,2020-05-05 13:20:00,2022-09-15 17:39:56,https://www.gemeinde-merching.de/wp-content/uploads/2020/05/6-Greipel2.jpg,True,False,,,0
4547,attachment,inherit,4-Mayr2,4-mayr2,0,2020-05-05 13:20:00,2020-05-05 13:20:00,https://www.gemeinde-merching.de/wp-content/uploads/2020/05/4-Mayr2.jpg,True,False,,,0
4548,attachment,inherit,15-Dittebrand2,15-dittebrand2,0,2020-05-05 13:20:13,2020-05-05 13:20:13,https://www.gemeinde-merching.de/wp-content/uploads/2020/05/15-Dittebrand2.jpg,True,False,,,0
4549,attachment,inherit,14-Schwarz2,14-schwarz2,0,2020-05-05 13:20:15,2020-05-05 13:20:15,https://www.gemeinde-merching.de/wp-content/uploads/2020/05/14-Schwarz2.jpg,True,False,,,0
4550,attachment,inherit,7_15Wecker_Martin,7_15wecker_martin,0,2020-05-05 13:21:03,2020-05-05 13:21:03,https://www.gemeinde-merching.de/wp-content/uploads/2020/05/7_15Wecker_Martin.jpg,True,False,,,0
4551,attachment,inherit,7_0Storch,7_0storch,0,2020-05-05 13:21:05,2020-05-05 13:21:05,https://www.gemeinde-merching.de/wp-content/uploads/2020/05/7_0Storch.jpg,True,False,,,0
4552,attachment,inherit,7_2Eckmann,7_2eckmann,0,2020-05-05 13:21:06,2020-05-05 13:21:06,https://www.gemeinde-merching.de/wp-content/uploads/2020/05/7_2Eckmann.jpg,True,False,,,0
4553,attachment,inherit,7_3Failer Josef,7_3failer-josef,0,2020-05-05 13:21:07,2020-05-05 13:21:07,https://www.gemeinde-merching.de/wp-content/uploads/2020/05/7_3Failer-Josef.jpg,True,False,,,0
4554,attachment,inherit,7_4Failer_Christian,7_4failer_christian,0,2020-05-05 13:21:07,2020-05-05 13:21:07,https://www.gemeinde-merching.de/wp-content/uploads/2020/05/7_4Failer_Christian.jpg,True,False,,,0
4555,attachment,inherit,7_7Lutz,7_7lutz,0,2020-05-05 13:21:08,2020-05-05 13:21:08,https://www.gemeinde-merching.de/wp-content/uploads/2020/05/7_7Lutz.jpg,True,False,,,0
4556,attachment,inherit,7_12Scheibenbogen,7_12scheibenbogen,0,2020-05-05 13:21:09,2020-05-05 13:21:09,https://www.gemeinde-merching.de/wp-content/uploads/2020/05/7_12Scheibenbogen.jpg,True,False,,,0
4557,attachment,inherit,7_14Waitzmann,7_14waitzmann,0,2020-05-05 13:21:10,2020-05-05 13:21:10,https://www.gemeinde-merching.de/wp-content/uploads/2020/05/7_14Waitzmann.jpg,True,False,,,0
4558,attachment,inherit,3_Wolfgang_Schlagenhauf_400,3_wolfgang_schlagenhauf_400,0,2020-05-05 13:21:56,2020-05-05 13:21:56,https://www.gemeinde-merching.de/wp-content/uploads/2020/05/3_Wolfgang_Schlagenhauf_400.jpg,True,False,,,0
4559,attachment,inherit,1_Robert_Graf_400,1_robert_graf_400,0,2020-05-05 13:21:57,2020-05-05 13:21:57,https://www.gemeinde-merching.de/wp-content/uploads/2020/05/1_Robert_Graf_400.jpg,True,False,,,0
4565,attachment,inherit,7_3Failer Josef_klein,7_3failer-josef_klein,0,2020-05-05 14:11:58,2020-05-05 14:11:58,https://www.gemeinde-merching.de/wp-content/uploads/2020/05/7_3Failer-Josef_klein.jpg,True,False,,,0
4566,attachment,inherit,7_4Failer_Christian_klein,7_4failer_christian_klein,0,2020-05-05 14:11:59,2020-05-05 14:11:59,https://www.gemeinde-merching.de/wp-content/uploads/2020/05/7_4Failer_Christian_klein.jpg,True,False,,,0
4567,attachment,inherit,7_7Lutz_klein,7_7lutz_klein,0,2020-05-05 14:12:00,2020-05-05 14:12:00,https://www.gemeinde-merching.de/wp-content/uploads/2020/05/7_7Lutz_klein.jpg,True,False,,,0
4568,attachment,inherit,7_12Scheibenbogen_klein,7_12scheibenbogen_klein,0,2020-05-05 14:12:00,2020-05-05 14:12:00,https://www.gemeinde-merching.de/wp-content/uploads/2020/05/7_12Scheibenbogen_klein.jpg,True,False,,,0
4569,attachment,inherit,7_14Waitzmann_klein,7_14waitzmann_klein,0,2020-05-05 14:12:01,2020-05-05 14:12:01,https://www.gemeinde-merching.de/wp-content/uploads/2020/05/7_14Waitzmann_klein.jpg,True,False,,,0
4570,attachment,inherit,7_15Wecker_Martin_klein,7_15wecker_martin_klein,0,2020-05-05 14:12:01,2020-05-05 14:12:01,https://www.gemeinde-merching.de/wp-content/uploads/2020/05/7_15Wecker_Martin_klein.jpg,True,False,,,0
4571,attachment,inherit,14-Schwarz2_klein,14-schwarz2_klein,0,2020-05-05 14:12:01,2020-05-05 14:12:01,https://www.gemeinde-merching.de/wp-content/uploads/2020/05/14-Schwarz2_klein.jpg,True,False,,,0
4572,attachment,inherit,15-Dittebrand2_klein,15-dittebrand2_klein,0,2020-05-05 14:12:03,2020-05-05 14:12:03,https://www.gemeinde-merching.de/wp-content/uploads/2020/05/15-Dittebrand2_klein.jpg,True,False,,,0
4573,attachment,inherit,1_Robert_Graf_400_klein,1_robert_graf_400_klein,0,2020-05-05 14:12:03,2020-05-05 14:12:03,https://www.gemeinde-merching.de/wp-content/uploads/2020/05/1_Robert_Graf_400_klein.jpg,True,False,,,0
4574,attachment,inherit,1-Luichtl2_klein,1-luichtl2_klein,0,2020-05-05 14:12:03,2020-05-05 14:12:03,https://www.gemeinde-merching.de/wp-content/uploads/2020/05/1-Luichtl2_klein.jpg,True,False,,,0
4575,attachment,inherit,2-Teifelhart2_klein,2-teifelhart2_klein,0,2020-05-05 14:12:03,2020-05-05 14:12:03,https://www.gemeinde-merching.de/wp-content/uploads/2020/05/2-Teifelhart2_klein.jpg,True,False,,,0
4576,attachment,inherit,3_Wolfgang_Schlagenhauf_400_klein,3_wolfgang_schlagenhauf_400_klein,0,2020-05-05 14:12:04,2020-05-05 14:12:04,https://www.gemeinde-merching.de/wp-content/uploads/2020/05/3_Wolfgang_Schlagenhauf_400_klein.jpg,True,False,,,0
4577,attachment,inherit,4-Mayr2_klein,4-mayr2_klein,0,2020-05-05 14:12:04,2020-05-05 14:12:04,https://www.gemeinde-merching.de/wp-content/uploads/2020/05/4-Mayr2_klein.jpg,True,False,,,0
4578,attachment,inherit,6-Greipel2_klein,6-greipel2_klein,2316,2020-05-05 14:12:04,2022-09-15 17:43:33,https://www.gemeinde-merching.de/wp-content/uploads/2020/05/6-Greipel2_klein.jpg,True,False,,,0
4579,attachment,inherit,7_0Storch_klein,7_0storch_klein,0,2020-05-05 14:12:05,2020-05-05 14:12:05,https://www.gemeinde-merching.de/wp-content/uploads/2020/05/7_0Storch_klein.jpg,True,False,,,0
4580,attachment,inherit,7_2Eckmann_klein,7_2eckmann_klein,0,2020-05-05 14:12:05,2020-05-05 14:12:05,https://www.gemeinde-merching.de/wp-content/uploads/2020/05/7_2Eckmann_klein.jpg,True,False,,,0
9846,attachment,inherit,Logo-BRB,logo-brb,3816,2025-07-23 12:49:45,2025-07-23 12:49:55,https://www.gemeinde-merching.de/wp-content/uploads/2018/09/Logo-BRB.jpg,True,False,,,8
4582,tablepress_table,publish,Gemeinderat 2026-2032,kopie-von-gemeinderat-2020-2026-alt,0,2020-05-05 14:12:45,2026-06-11 16:20:21,https://www.gemeinde-merching.de/?post_type=tablepress_table&p=4582,True,False,,,6301
4590,attachment,inherit,Huber_klein,huber_klein,0,2020-05-05 15:31:27,2020-05-05 15:31:27,https://www.gemeinde-merching.de/wp-content/uploads/2020/05/Huber_klein.jpg,True,False,,,0
4592,attachment,inherit,Huber_klein,huber_klein-2,0,2020-05-05 15:35:37,2020-05-05 15:35:37,https://www.gemeinde-merching.de/wp-content/uploads/2020/05/Huber_klein-1.jpg,True,False,,,0
4595,attachment,inherit,Huber_klein2,huber_klein2,0,2020-05-05 15:41:18,2020-05-05 15:41:18,https://www.gemeinde-merching.de/wp-content/uploads/2020/05/Huber_klein2.jpg,True,False,,,0
4597,attachment,inherit,Huber_klein2,huber_klein2-2,0,2020-05-05 15:43:03,2020-05-05 15:43:03,https://www.gemeinde-merching.de/wp-content/uploads/2020/05/Huber_klein2-1.jpg,True,False,,,0
4604,attachment,inherit,7_9Natalie Lang_klein,7_9natalie-lang_klein,2316,2020-05-06 18:46:46,2022-09-15 17:38:39,https://www.gemeinde-merching.de/wp-content/uploads/2020/05/7_9Natalie-Lang_klein.jpg,True,False,,,0
4610,link_library_links,publish,"Gewerbeanzeige, Gewerbeanmeldung online über das Bayernportal",gewerbeanzeige-gewerbeanmeldung,0,2020-05-11 11:39:52,2020-05-11 11:40:54,http://www.freistaat.bayern/dokumente/leistung/5777574439?plz=86504&behoerde=41441471641&gemeinde=808857560675,True,False,,,0
4623,attachment,inherit,httpswww.gemeinde-merching.dewp-contentuploadslink-library-images9.jpg,httpswww-gemeinde-merching-dewp-contentuploadslink-library-images9-jpg,3811,2020-05-16 18:46:50,2020-05-16 18:46:50,https://www.gemeinde-merching.de/links/nuetzliche-und-hilfreiche-links/mifaz-mitfahrzentrale/httpswww-gemeinde-merching-dewp-contentuploadslink-library-images9-jpg/,True,False,,,0
4624,attachment,inherit,httpswww.gemeinde-merching.dewp-contentuploads201701Logo-Bürgernetz-e1484639317192.png,httpswww-gemeinde-merching-dewp-contentuploads201701logo-buergernetz-e1484639317192-png,3870,2020-05-16 18:48:21,2020-05-16 18:48:21,https://www.gemeinde-merching.de/links/nuetzliche-und-hilfreiche-links/buergernetz-mering/httpswww-gemeinde-merching-dewp-contentuploads201701logo-buergernetz-e1484639317192-png/,True,False,,,0
4625,attachment,inherit,httpswww.gemeinde-merching.dewp-contentuploadslink-library-images68.jpg,httpswww-gemeinde-merching-dewp-contentuploadslink-library-images68-jpg,3858,2020-05-16 18:48:54,2020-05-16 18:48:54,https://www.gemeinde-merching.de/links/nuetzliche-und-hilfreiche-links/formulare-zur-beantragung-eines-schwerbehindertenausweises-sowie-fuer-kindergeldleistungen/httpswww-gemeinde-merching-dewp-contentuploadslink-library-images68-jpg/,True,False,,,0
4631,page,publish,Fundsachen,fundsachen,8,2020-05-28 14:01:38,2025-07-21 16:02:05,https://www.gemeinde-merching.de/aktuelles/fundsachen/,True,False,,,916
4654,attachment,inherit,Wieja_klein,wieja_klein,0,2020-05-20 06:43:20,2020-05-20 06:43:20,https://www.gemeinde-merching.de/wp-content/uploads/2020/05/Wieja_klein.jpg,True,False,,,0
4656,tablepress_table,publish,Standortfaktoren Gewerbe,kopie-von-gemeinderat-2020-2026,0,2020-05-20 07:09:15,2025-07-21 14:53:20,https://www.gemeinde-merching.de/?post_type=tablepress_table&p=4656,True,False,,,263
4660,attachment,inherit,IMG_7090 - mini 2,img_7090-mini-2,0,2020-05-20 07:16:31,2020-05-20 07:16:31,https://www.gemeinde-merching.de/wp-content/uploads/2020/05/IMG_7090-mini-2.jpg,True,False,,,0
4662,attachment,inherit,IMG_7090 - mikro,img_7090-mikro,0,2020-05-20 07:23:53,2020-10-26 08:32:27,https://www.gemeinde-merching.de/wp-content/uploads/2020/05/IMG_7090-mikro.jpg,True,False,,,0
4851,tablepress_table,publish,Startseite-Intro,startseite-intro,0,2020-06-02 16:45:13,2020-06-02 16:59:27,https://www.gemeinde-merching.de/?post_type=tablepress_table&p=4851,True,False,,,673
4671,attachment,inherit,1. Bürgermeister Helmut Luichtl,1-luichtl2-micro,51,2020-05-26 10:44:00,2025-07-17 16:11:03,https://www.gemeinde-merching.de/wp-content/uploads/2020/05/1-Luichtl2-micro.jpg,True,False,,,31
9976,wpdmpro,publish,Bekanntmachung Unternehmenssatzung für das Kommunalunternehmen Merching vom 16.09.2026,bekanntmachung-unternehmenssatzung-fuer-das-kommunalunternehmen-merching-vom-16-09-2026,0,2025-09-16 08:19:41,2025-09-16 08:19:41,https://www.gemeinde-merching.de/download/bekanntmachung-unternehmenssatzung-fuer-das-kommunalunternehmen-merching-vom-16-09-2026/,True,False,,pdf-embedder,243
9972,wpdmpro,publish,Stellplatzsatzung der Gemeinde Merching vom 08.09.2025,stellplatzsatzung-vom-08-09-2025,0,2025-09-16 08:12:23,2025-12-16 08:00:45,https://www.gemeinde-merching.de/download/stellplatzsatzung-vom-08-09-2025/,True,False,,pdf-embedder,157
9973,attachment,inherit,Stellplatzsatzung der Gemeinde Merching vom 08.09.2025,stellplatzsatzung-der-gemeinde-merching-vom-08-09-2025,9972,2025-09-16 08:12:05,2025-09-16 08:12:05,https://www.gemeinde-merching.de/wp-content/uploads/2025/09/Stellplatzsatzung-der-Gemeinde-Merching-vom-08.09.2025.pdf,True,False,,,0
10179,wpdmpro,publish,Bekanntmachung Beschwerdeausschuss,bekanntmachung-beschwerdeausschuss,0,2025-12-16 11:38:04,2025-12-16 11:38:04,https://www.gemeinde-merching.de/download/bekanntmachung-beschwerdeausschuss/,True,False,,pdf-embedder,176
9969,attachment,inherit,Bekanntmachung Stellplatzsatzung vom 08.09.2025,bekanntmachung-stellplatzsatzung-vom-08-09-2025,9968,2025-09-16 08:05:58,2025-09-16 08:05:58,https://www.gemeinde-merching.de/wp-content/uploads/2025/09/Bekanntmachung-Stellplatzsatzung-vom-08.09.2025.pdf,True,False,,,0
4726,attachment,inherit,Abgesagt,barrier-4968021_1280,0,2020-05-28 13:44:30,2025-07-16 12:20:10,https://www.gemeinde-merching.de/wp-content/uploads/2020/05/barrier-4968021_1280.jpg,True,False,,,8
7017,wpdmpro,publish,Erhebung Verwaltungskosten - Satzung über die Erhebung von Verwaltungskosten für Amtshandlungen im eigenen Wirkungskreis der Gemeinde Merching - Kostensatzung,erhebung-verwaltungskosten-satzung-ueber-die-erhebung-von-verwaltungskosten-fuer-amtshandlungen-im-eigenen-wirkungskreis-der-gemeinde-merching-kostensatzung,0,2022-12-27 12:14:57,2022-12-27 12:23:31,https://www.gemeinde-merching.de/download/erhebung-verwaltungskosten-satzung-ueber-die-erhebung-von-verwaltungskosten-fuer-amtshandlungen-im-eigenen-wirkungskreis-der-gemeinde-merching-kostensatzung/,True,False,,,0
4698,attachment,inherit,Fragebogen_Gemeinde_Selbstauskunft,fragebogen_gemeinde_selbstauskunft,4697,2020-05-28 12:55:04,2020-05-28 12:55:04,https://www.gemeinde-merching.de/wp-content/uploads/2020/05/Fragebogen_Gemeinde_Selbstauskunft.pdf,True,False,,,0
4702,attachment,inherit,coronavirus-4914026_1280,coronavirus-4914026_1280,0,2020-05-28 13:00:24,2025-07-16 12:20:43,https://www.gemeinde-merching.de/wp-content/uploads/2020/05/coronavirus-4914026_1280.jpg,True,False,,,15
4711,attachment,inherit,Kategorien mit iDs,kategorien-mit-ids,4710,2020-05-28 13:21:15,2020-05-28 13:21:15,https://www.gemeinde-merching.de/wp-content/uploads/2020/05/Kategorien-mit-iDs.jpg,True,False,,,0
4727,attachment,inherit,Abgesagt,barrier-4967989_1280,0,2020-05-28 13:44:32,2025-07-16 12:20:06,https://www.gemeinde-merching.de/wp-content/uploads/2020/05/barrier-4967989_1280.jpg,True,False,,,8
4754,attachment,inherit,kalender-7,kalender-7,4753,2020-05-28 14:25:16,2020-05-28 14:25:16,https://www.gemeinde-merching.de/wp-content/uploads/2020/05/kalender-7.jpg,True,False,,,0
4755,attachment,inherit,kalender-6,kalender-6,4753,2020-05-28 14:25:19,2020-05-28 14:25:19,https://www.gemeinde-merching.de/wp-content/uploads/2020/05/kalender-6.jpg,True,False,,,0
4756,attachment,inherit,kalender-5,kalender-5,4753,2020-05-28 14:25:20,2020-05-28 14:25:20,https://www.gemeinde-merching.de/wp-content/uploads/2020/05/kalender-5.jpg,True,False,,,0
4757,attachment,inherit,kalender-4,kalender-4,4753,2020-05-28 14:25:22,2020-05-28 14:25:22,https://www.gemeinde-merching.de/wp-content/uploads/2020/05/kalender-4.jpg,True,False,,,0
4758,attachment,inherit,kalender-3,kalender-3,4753,2020-05-28 14:25:25,2020-05-28 14:25:25,https://www.gemeinde-merching.de/wp-content/uploads/2020/05/kalender-3.jpg,True,False,,,0
4759,attachment,inherit,kalender-2,kalender-2,4753,2020-05-28 14:25:27,2020-05-28 14:25:27,https://www.gemeinde-merching.de/wp-content/uploads/2020/05/kalender-2.jpg,True,False,,,0
4760,attachment,inherit,kalender-1,kalender-1,4753,2020-05-28 14:25:27,2020-05-28 14:25:27,https://www.gemeinde-merching.de/wp-content/uploads/2020/05/kalender-1.jpg,True,False,,,0
4762,attachment,inherit,kalender-sort,kalender-sort,4753,2020-05-28 14:28:27,2020-05-28 14:28:27,https://www.gemeinde-merching.de/wp-content/uploads/2020/05/kalender-sort.jpg,True,False,,,0
4765,page,publish,Ausschreibungen,ausschreibungen,8,2020-05-28 14:32:51,2025-07-21 15:59:08,https://www.gemeinde-merching.de/aktuelles/ausschreibungen/,True,False,,,56
4776,attachment,inherit,Wappen dunkel,beitragsbild_logo_merching-2,0,2020-05-28 14:42:27,2020-06-04 09:47:57,https://www.gemeinde-merching.de/wp-content/uploads/2020/05/Beitragsbild_Logo_Merching-2.jpg,True,False,,,0
4782,attachment,inherit,children-3566360_640,children-3566360_640,255,2020-05-29 12:15:00,2025-07-16 12:19:49,https://www.gemeinde-merching.de/wp-content/uploads/2020/05/children-3566360_640.jpg,True,False,,,0
4787,page,publish,Standortfaktoren Leben und Wohnen in Merching,standortfaktoren-leben-und-wohnen-in-merching,6,2020-05-29 13:28:22,2020-05-29 13:28:22,https://www.gemeinde-merching.de/ueber-merching/standortfaktoren-leben-und-wohnen-in-merching/,True,False,,table,81
4789,attachment,inherit,money-1005464_640,money-1005464_640,0,2020-05-29 12:28:20,2025-07-16 12:19:34,https://www.gemeinde-merching.de/wp-content/uploads/2020/05/money-1005464_640.jpg,True,False,,,0
4791,tablepress_table,publish,Standortfaktoren Allgemein,kopie-von-standortfaktoren-gewerbe-entwurf,0,2020-05-29 12:33:05,2026-03-18 11:15:22,https://www.gemeinde-merching.de/?post_type=tablepress_table&p=4791,True,False,,,3289
4793,tablepress_table,publish,Standortfaktoren Freizeit,kopie-von-standortfaktoren-allgemein-entwurf,0,2020-05-29 12:39:37,2025-11-11 06:39:50,https://www.gemeinde-merching.de/?post_type=tablepress_table&p=4793,True,False,,,2331
4798,attachment,inherit,room-2365613_640,room-2365613_640,0,2020-05-29 13:06:43,2025-11-11 06:36:55,https://www.gemeinde-merching.de/wp-content/uploads/2020/05/room-2365613_640.jpg,True,False,,,89
4799,attachment,inherit,rails-3309912_640,rails-3309912_640,0,2020-05-29 13:06:44,2025-07-16 12:19:04,https://www.gemeinde-merching.de/wp-content/uploads/2020/05/rails-3309912_640.jpg,True,False,,,0
4800,attachment,inherit,rad-3553814_640,rad-3553814_640,0,2020-05-29 13:06:46,2025-07-16 12:18:55,https://www.gemeinde-merching.de/wp-content/uploads/2020/05/rad-3553814_640.jpg,True,False,,,0
4801,attachment,inherit,stand-paddling-4517331_640,stand-paddling-4517331_640,0,2020-05-29 13:06:47,2025-07-16 12:18:41,https://www.gemeinde-merching.de/wp-content/uploads/2020/05/stand-paddling-4517331_640.jpg,True,False,,,0
4802,attachment,inherit,stocking-1701768_640,stocking-1701768_640,0,2020-05-29 13:06:48,2025-07-16 11:50:45,https://www.gemeinde-merching.de/wp-content/uploads/2020/05/stocking-1701768_640.jpg,True,False,,,0
4803,attachment,inherit,network-cable-2245837_640,network-cable-2245837_640,0,2020-05-29 13:06:50,2025-07-16 11:49:29,https://www.gemeinde-merching.de/wp-content/uploads/2020/05/network-cable-2245837_640.jpg,True,False,,,0
4804,attachment,inherit,cutlery-1313930_640,cutlery-1313930_640,0,2020-05-29 13:06:52,2025-07-16 11:49:35,https://www.gemeinde-merching.de/wp-content/uploads/2020/05/cutlery-1313930_640.jpg,True,False,,,0
4805,attachment,inherit,dog-2561134_640,dog-2561134_640,0,2020-05-29 13:06:55,2025-07-16 11:49:46,https://www.gemeinde-merching.de/wp-content/uploads/2020/05/dog-2561134_640.jpg,True,False,,,0
4806,attachment,inherit,Wassertropfen,drops-of-water-578897_640,0,2020-05-29 13:06:58,2025-07-16 11:51:14,https://www.gemeinde-merching.de/wp-content/uploads/2020/05/drops-of-water-578897_640.jpg,True,False,,,0
4808,attachment,inherit,child-1864718_640,child-1864718_640,0,2020-05-29 13:14:10,2025-07-16 11:51:34,https://www.gemeinde-merching.de/wp-content/uploads/2020/05/child-1864718_640.jpg,True,False,,,0
4809,attachment,inherit,Bäcker-2561_640,baecker-2561_640,0,2020-05-29 13:14:11,2025-07-16 11:50:06,https://www.gemeinde-merching.de/wp-content/uploads/2020/05/Bäcker-2561_640.jpg,True,False,,,0
4812,attachment,inherit,kids-1093758_640,kids-1093758_640,0,2020-05-29 13:19:00,2025-07-16 11:51:48,https://www.gemeinde-merching.de/wp-content/uploads/2020/05/kids-1093758_640.jpg,True,False,,,0
4813,attachment,inherit,sewer-pipes-2259514_640,sewer-pipes-2259514_640,0,2020-05-29 13:19:24,2025-07-16 11:49:54,https://www.gemeinde-merching.de/wp-content/uploads/2020/05/sewer-pipes-2259514_640.jpg,True,False,,,0
4856,tablepress_table,publish,Startseite-Intro-2,startseite-intro-2,0,2020-06-02 18:26:55,2020-06-02 18:33:05,https://www.gemeinde-merching.de/?post_type=tablepress_table&p=4856,True,False,,,656
4858,attachment,inherit,collage-merching,collage-merching,0,2020-06-02 18:27:12,2020-06-02 18:27:12,https://www.gemeinde-merching.de/wp-content/uploads/2020/06/collage-merching.jpg,True,False,,,0
4863,tablepress_table,publish,Startseite-Intro-3,startseite-intro-3,0,2020-06-03 07:07:40,2020-06-03 07:17:58,https://www.gemeinde-merching.de/?post_type=tablepress_table&p=4863,True,False,,,869
4887,attachment,inherit,Schulungsflyer_Mandichosee,schulungsflyer_mandichosee,255,2020-06-03 08:53:58,2020-06-03 08:54:33,https://www.gemeinde-merching.de/wp-content/uploads/2020/06/Schulungsflyer_Mandichosee.pdf,True,False,,,0
4893,attachment,inherit,Wasser-Splash,splashing-165192_640,0,2020-06-03 09:08:17,2025-07-16 11:50:23,https://www.gemeinde-merching.de/wp-content/uploads/2020/06/splashing-165192_640.jpg,True,False,,,0
4894,attachment,inherit,Wassertropfen einzeln,rain-455124_640,0,2020-06-03 09:09:30,2025-07-16 11:51:00,https://www.gemeinde-merching.de/wp-content/uploads/2020/06/rain-455124_640.jpg,True,False,,,0
4899,attachment,inherit,,wappen-alternativ,0,2020-06-03 09:28:27,2025-07-16 11:47:36,https://www.gemeinde-merching.de/wp-content/uploads/2020/06/Wappen-alternativ.png,True,False,,,0
4903,attachment,inherit,fund-office-2516068_640,fund-office-2516068_640,0,2020-06-03 09:38:14,2025-07-16 11:52:09,https://www.gemeinde-merching.de/wp-content/uploads/2020/06/fund-office-2516068_640.jpg,True,False,,,0
4920,attachment,inherit,Wappen weiß,beitragsbild_logo_merching-2-150x150,0,2020-06-04 07:21:38,2025-07-16 11:47:31,https://www.gemeinde-merching.de/wp-content/uploads/2020/06/Beitragsbild_Logo_Merching-2-150x150-1.jpg,True,False,,,0
10152,post,publish,Bekanntmachung über die Aufforderung zur Einreichung von Wahlvorschlägen für die Wahl des Gemeinderats und der ersten Bürgermeisterin/des ersten Bürgermeisters,bekanntmachung-ueber-die-aufforderung-zur-einreichung-von-wahlvorschlaegen-fuer-die-wahl-des-gemeinderats-und-der-ersten-buergermeisterin-des-ersten-buergermeisters,0,2025-12-09 08:29:27,2025-12-09 08:29:27,https://www.gemeinde-merching.de/bekanntmachung-ueber-die-aufforderung-zur-einreichung-von-wahlvorschlaegen-fuer-die-wahl-des-gemeinderats-und-der-ersten-buergermeisterin-des-ersten-buergermeisters/,True,False,,,310
4946,attachment,inherit,Banner_1,banner_1,0,2020-06-04 19:41:10,2020-06-04 19:41:10,https://www.gemeinde-merching.de/wp-content/uploads/2020/06/Banner_1.jpg,True,False,,,0
4944,attachment,inherit,Willkommen in Merching,collage-merching-8,51,2020-06-04 19:33:56,2020-06-04 19:34:14,https://www.gemeinde-merching.de/wp-content/uploads/2020/06/collage-merching-8.jpg,True,False,,,22
4957,attachment,inherit,Schlüssel-Symbol,schluessel-i,0,2020-06-05 07:52:02,2025-07-22 08:52:17,https://www.gemeinde-merching.de/wp-content/uploads/2020/06/Schluessel-I.png,True,False,,,16
4958,attachment,inherit,Fahrrad Symbol,fahrrad,0,2020-06-05 07:54:43,2025-07-22 08:53:00,https://www.gemeinde-merching.de/wp-content/uploads/2020/06/Fahrrad.png,True,False,,,14
4959,attachment,inherit,Halskette Symbol,kette,0,2020-06-05 07:56:32,2025-07-22 08:53:08,https://www.gemeinde-merching.de/wp-content/uploads/2020/06/Kette.png,True,False,,,16
5157,encyclopedia,publish,Planfeststellung,planfeststellung,0,2020-09-11 17:12:03,2020-09-11 17:12:03,https://www.gemeinde-merching.de/?post_type=encyclopedia&p=5157,False,False,,,224
5159,attachment,inherit,glossar-eintraege-erstellen-1,glossar-eintraege-erstellen-1,5158,2020-09-11 17:29:35,2020-09-11 17:29:38,https://www.gemeinde-merching.de/wp-content/uploads/2020/09/glossar-eintraege-erstellen-1.jpg,True,False,,,0
5066,attachment,inherit,Dominikus u. Lorena bei der Schnitzeljagd,dominikus-u-lorena-bei-der-schnitzeljagd,0,2020-08-07 08:23:51,2025-07-16 11:53:25,https://www.gemeinde-merching.de/wp-content/uploads/2020/07/Dominikus-u.-Lorena-bei-der-Schnitzeljagd.png,True,False,,,0
5413,attachment,inherit,Nachhaltigkeit-Symbol,nature-3294632_1920,0,2020-12-03 09:30:44,2025-07-16 12:08:02,https://www.gemeinde-merching.de/wp-content/uploads/2020/12/nature-3294632_1920.jpg,True,False,,,0
7151,post,publish,Amtsblatt Nr. 18/2026 der Regierung von Schwaben,amtsblatt-nr-01-2023-der-regierung-von-schwaben,0,2026-10-01 12:44:20,2026-10-01 12:43:28,https://www.gemeinde-merching.de/amtsblatt-nr-01-2023-der-regierung-von-schwaben/,True,False,,,141
5035,attachment,inherit,Rathaus-2020,rathaus-2020,0,2020-07-09 10:56:19,2025-06-04 19:32:58,https://www.gemeinde-merching.de/wp-content/uploads/2020/07/Rathaus-2020.jpg,True,False,,,0
5037,attachment,inherit,Willkommen in Merching,collage-merching-9,51,2020-07-09 18:10:38,2020-07-09 18:10:59,https://www.gemeinde-merching.de/wp-content/uploads/2020/07/collage-merching-9.jpg,True,False,,,22
5052,attachment,inherit,Ferienprogramm 2016 012,ferienprogramm-2016-012,0,2020-07-24 10:35:06,2025-07-16 11:52:40,https://www.gemeinde-merching.de/wp-content/uploads/2020/07/Ferienprogramm-2016-012.jpg,True,False,,,0
5322,attachment,inherit,Logo_Allianz_fuer_Cyber-Sicherheit_Teilnehmer,logo_allianz_fuer_cyber-sicherheit_teilnehmer,0,2020-10-28 08:37:29,2020-10-28 08:38:22,https://www.gemeinde-merching.de/wp-content/uploads/2020/10/Logo_Allianz_fuer_Cyber-Sicherheit_Teilnehmer.jpg,True,False,,,0
9852,attachment,inherit,Absage,absage,0,2025-07-24 13:24:20,2025-07-24 13:24:46,https://www.gemeinde-merching.de/wp-content/uploads/2025/07/Absage.png,True,False,,,17
5117,attachment,inherit,Bildschirmfoto-groessere-schrift-einstellen,bildschirmfoto-groessere-schrift-einstellen,0,2020-09-06 11:05:39,2020-09-06 11:05:39,https://www.gemeinde-merching.de/wp-content/uploads/2020/09/Bildschirmfoto-groessere-schrift-einstellen.jpg,True,False,,,0
5122,attachment,inherit,Bildschirmfoto-beispiel-leichte-sprache,bildschirmfoto-beispiel-leichte-sprache,0,2020-09-06 11:16:51,2020-09-06 11:17:15,https://www.gemeinde-merching.de/wp-content/uploads/2020/09/Bildschirmfoto-beispiel-leichte-sprache.jpg,True,False,,,0
5125,attachment,inherit,Bildschirmfoto-starken-kontrast-einstellen,bildschirmfoto-starken-kontrast-einstellen,0,2020-09-06 11:25:36,2020-09-06 11:26:10,https://www.gemeinde-merching.de/wp-content/uploads/2020/09/Bildschirmfoto-starken-kontrast-einstellen.jpg,True,False,,,0
5126,attachment,inherit,Bildschirmfoto-alle-links-sind-unterstrichen,bildschirmfoto-alle-links-sind-unterstrichen,0,2020-09-06 11:34:47,2020-09-06 11:35:12,https://www.gemeinde-merching.de/wp-content/uploads/2020/09/Bildschirmfoto-alle-links-sind-unterstrichen.jpg,True,False,,,0
5127,attachment,inherit,Bildschirmfoto-Browser-zoomen-menue,bildschirmfoto-browser-zoomen-menue,0,2020-09-06 11:39:48,2020-09-06 11:40:09,https://www.gemeinde-merching.de/wp-content/uploads/2020/09/Bildschirmfoto-Browser-zoomen-menue.jpg,True,False,,,0
5128,attachment,inherit,Bildschirmfoto-Browser-zoomen,bildschirmfoto-browser-zoomen,0,2020-09-06 11:40:42,2020-09-06 11:41:05,https://www.gemeinde-merching.de/wp-content/uploads/2020/09/Bildschirmfoto-Browser-zoomen.jpg,True,False,,,0
6976,attachment,inherit,"Rathaus, Ansicht von der Hauptstraße",rathaus-2020-neu,51,2022-12-17 14:36:06,2025-07-17 15:49:19,https://www.gemeinde-merching.de/wp-content/uploads/2022/12/Rathaus-2020-neu.jpeg,True,False,,,36
9141,attachment,inherit,Öffentliche Bekanntmachung,oeffentliche-bekanntmachung,0,2024-11-19 08:12:30,2024-11-19 08:12:30,https://www.gemeinde-merching.de/wp-content/uploads/2024/11/Oeffentliche-Bekanntmachung.pdf,True,False,,,0
9143,attachment,inherit,Schallschutztechnische Untersuchung - Anlagen,schallschutztechnische-untersuchung-anlagen,0,2024-11-19 08:13:37,2024-11-19 08:13:37,https://www.gemeinde-merching.de/wp-content/uploads/2024/11/Schallschutztechnische-Untersuchung-Anlagen.pdf,True,False,,,0
9147,attachment,inherit,Zusammenfassende Erklärung,zusammenfassende-erklaerung,0,2024-11-19 08:16:23,2024-11-19 08:16:23,https://www.gemeinde-merching.de/wp-content/uploads/2024/11/Zusammenfassende-Erklaerung.pdf,True,False,,,0
9145,attachment,inherit,Schalltechnische Untersuchung 11-05.2023,schalltechnische-untersuchung-11-05-2023,0,2024-11-19 08:15:27,2024-11-19 08:15:27,https://www.gemeinde-merching.de/wp-content/uploads/2024/11/Schalltechnische-Untersuchung-11-05.2023.pdf,True,False,,,0
5152,encyclopedia,publish,Covid-19,covid-19,0,2020-09-10 08:34:27,2020-09-10 08:34:27,https://www.gemeinde-merching.de/?post_type=encyclopedia&p=5152,False,False,,,555
5160,attachment,inherit,glossar-eintraege-erstellen-2,glossar-eintraege-erstellen-2,5158,2020-09-11 17:31:05,2020-09-11 17:31:09,https://www.gemeinde-merching.de/wp-content/uploads/2020/09/glossar-eintraege-erstellen-2.jpg,True,False,,,0
5161,attachment,inherit,Glossarerklärung,glossar-eintraege-erstellen-3,5158,2020-09-11 17:31:42,2020-09-16 07:26:16,https://www.gemeinde-merching.de/wp-content/uploads/2020/09/glossar-eintraege-erstellen-3.jpg,True,False,,,0
5162,attachment,inherit,glossar-eintraege-erstellen-4,glossar-eintraege-erstellen-4,5158,2020-09-11 17:32:03,2020-09-11 17:32:07,https://www.gemeinde-merching.de/wp-content/uploads/2020/09/glossar-eintraege-erstellen-4.jpg,True,False,,,0
5163,attachment,inherit,glossar-eintraege-erstellen-5,glossar-eintraege-erstellen-5,5158,2020-09-11 17:32:46,2020-09-11 17:32:49,https://www.gemeinde-merching.de/wp-content/uploads/2020/09/glossar-eintraege-erstellen-5.jpg,True,False,,,0
5164,attachment,inherit,glossar-eintraege-erstellen-6,glossar-eintraege-erstellen-6,5158,2020-09-11 17:33:06,2020-09-11 17:33:08,https://www.gemeinde-merching.de/wp-content/uploads/2020/09/glossar-eintraege-erstellen-6.jpg,True,False,,,0
10430,wpdmpro,publish,Bekanntmachung des abschließenden Ergebnisses der Wahl des Gemeinderats am 08. März 2026,bekanntmachung-des-abschliessenden-ergebnisses-der-wahl-des-gemeinderats-am-08-maerz-2026,0,2026-03-10 16:31:46,2026-03-10 16:31:46,https://www.gemeinde-merching.de/download/bekanntmachung-des-abschliessenden-ergebnisses-der-wahl-des-gemeinderats-am-08-maerz-2026/,True,False,,pdf-embedder,145
10431,attachment,inherit,Gemeinderatswahl-Bekanntmachung_Wahlergebnis_Anl_17_Homepage,gemeinderatswahl-bekanntmachung_wahlergebnis_anl_17_homepage,10430,2026-03-10 16:31:32,2026-03-10 16:31:32,https://www.gemeinde-merching.de/wp-content/uploads/2026/03/Gemeinderatswahl-Bekanntmachung_Wahlergebnis_Anl_17_Homepage.pdf,True,False,,,0
5190,attachment,inherit,Bayernwerk Highspeed Initiative,banner-gemeindewebsite-merching-1009x714_final-2,0,2020-09-15 08:13:19,2020-09-15 08:17:30,https://www.gemeinde-merching.de/wp-content/uploads/2020/09/Banner-Gemeindewebsite-Merching-1009x714_final-1.jpg,True,False,,,0
5194,link_library_links,publish,"Formulare des Bay. Staatsministeriums für Wohnen, Bau und Verkehr rund um das Baurecht",5194,0,2020-09-15 08:40:55,2020-09-15 08:42:02,https://www.stmb.bayern.de/buw/baurechtundtechnik/bauordnungsrecht/bauantragsformulare/index.php,True,False,,,0
5226,post,publish,Rattenproblematik in der Gemeinde Merching,rattenproblematik-in-der-gemeinde-merching,0,2025-05-20 12:15:57,2025-05-20 12:14:58,https://www.gemeinde-merching.de/rattenproblematik-in-der-gemeinde-merching/,True,False,,,1622
9075,wpdmpro,publish,Bekanntmachung Grundsteuer und Hundesteuer 2025,bekanntmachung-grundsteuer-und-hundesteuer-2025,0,2024-11-08 09:46:39,2024-11-08 09:46:39,https://www.gemeinde-merching.de/download/bekanntmachung-grundsteuer-und-hundesteuer-2025/,True,False,,pdf-embedder,164
9076,attachment,inherit,Bekanntmachung Grd.St_HundeSt. 2025,bekanntmachung-grd-st_hundest-2025,9075,2024-11-08 09:45:58,2024-11-08 09:45:58,https://www.gemeinde-merching.de/wp-content/uploads/2024/11/Bekanntmachung-Grd.St_HundeSt.-2025.pdf,True,False,,,0
5260,attachment,inherit,Spielplatz_Holleräcker_bearb,spielplatz_holleraecker_bearb,0,2020-10-14 11:47:17,2025-06-04 19:31:24,https://www.gemeinde-merching.de/wp-content/uploads/2020/10/Spielplatz_Holleraecker_bearb.jpg,True,False,,,0
5261,attachment,inherit,Spielplatz_Mandichosee,spielplatz_mandichosee,251,2020-10-14 11:47:25,2025-06-04 19:31:01,https://www.gemeinde-merching.de/wp-content/uploads/2020/10/Spielplatz_Mandichosee.jpg,True,False,,,0
10091,wpdmpro,publish,Merkblatt zum richtigen Verhalten gegenüber Wasser-/Zugvögeln,merkblatt-zum-richtigen-verhalten-gegenueber-wasser-zugvoegeln,0,2025-11-10 09:47:50,2025-11-10 09:47:50,https://www.gemeinde-merching.de/download/merkblatt-zum-richtigen-verhalten-gegenueber-wasser-zugvoegeln/,True,False,,pdf-embedder,248
5288,attachment,inherit,Aumiller Marianne,aumiller-marianne,0,2020-10-26 11:17:07,2025-06-04 19:30:46,https://www.gemeinde-merching.de/wp-content/uploads/2020/10/Aumiller-Marianne.jpg,True,False,,,0
5291,attachment,inherit,Brändle-Susanne,braendle-susanne,0,2020-10-26 11:26:44,2025-06-04 19:30:44,https://www.gemeinde-merching.de/wp-content/uploads/2020/10/Braendle-Susanne.jpg,True,False,,,0
5293,attachment,inherit,Weyland-Hanna,weyland-hanna,0,2020-10-26 11:29:13,2025-06-04 19:30:41,https://www.gemeinde-merching.de/wp-content/uploads/2020/10/Weyland-Hanna.jpg,True,False,,,0
5296,attachment,inherit,Egenhofer-Christine,egenhofer-christine,0,2020-10-26 11:33:36,2025-06-04 19:30:38,https://www.gemeinde-merching.de/wp-content/uploads/2020/10/Egenhofer-Christine.jpg,True,False,,,0
5298,attachment,inherit,Fieber-Rainer,fieber-rainer,0,2020-10-26 11:35:23,2025-06-04 19:30:34,https://www.gemeinde-merching.de/wp-content/uploads/2020/10/Fieber-Rainer.jpg,True,False,,,0
5300,attachment,inherit,Geiger-Isabella,geiger-isabella,0,2020-10-26 14:43:58,2025-06-04 19:30:28,https://www.gemeinde-merching.de/wp-content/uploads/2020/10/Geiger-Isabella.jpg,True,False,,,0
5302,attachment,inherit,Hagen-Alexandra,hagen-alexandra,0,2020-10-26 15:25:26,2025-06-04 19:30:25,https://www.gemeinde-merching.de/wp-content/uploads/2020/10/Hagen-Alexandra.jpg,True,False,,,0
5306,attachment,inherit,Krauser-Birgit,krauser-birgit,0,2020-10-26 15:33:22,2025-06-04 19:30:14,https://www.gemeinde-merching.de/wp-content/uploads/2020/10/Krauser-Birgit.jpg,True,False,,,0
5308,attachment,inherit,Heyer-Clarissa,heyer-clarissa,0,2020-10-26 15:35:33,2025-06-04 19:30:11,https://www.gemeinde-merching.de/wp-content/uploads/2020/10/Heyer-Clarissa.jpg,True,False,,,0
5309,attachment,inherit,Müller-Katharina,mueller-katharina,0,2020-10-26 15:42:12,2025-06-04 19:30:07,https://www.gemeinde-merching.de/wp-content/uploads/2020/10/Mueller-Katharina.jpg,True,False,,,0
5312,attachment,inherit,Stadtherr-Hans,stadtherr-hans,0,2020-10-26 16:23:27,2025-06-04 19:29:57,https://www.gemeinde-merching.de/wp-content/uploads/2020/10/Stadtherr-Hans.jpg,True,False,,,0
5316,attachment,inherit,Schimpfle-Thomas,schimpfle-thomas,0,2020-10-26 16:32:18,2025-06-04 19:29:47,https://www.gemeinde-merching.de/wp-content/uploads/2020/10/Schimpfle-Thomas.jpg,True,False,,,0
5372,link_library_links,publish,Fragebogen der Gemeinde Merching zur Selbstauskunft wegen der Corona-Pandemie,5372,0,2020-11-06 17:31:23,2020-11-06 17:31:52,https://www.gemeinde-merching.de/wp-content/uploads/2020/11/Fragebogen_Gemeinde_Selbstauskunft.pdf,True,False,,,0
5336,attachment,inherit,Heyer-Clarissa,heyer-clarissa-2,0,2020-10-30 12:05:43,2025-06-04 19:29:26,https://www.gemeinde-merching.de/wp-content/uploads/2020/10/Heyer-Clarissa-1.jpg,True,False,,,0
5371,attachment,inherit,Fragebogen_Gemeinde_Selbstauskunft,fragebogen_gemeinde_selbstauskunft-3,0,2020-11-06 17:25:29,2020-11-06 17:26:24,https://www.gemeinde-merching.de/wp-content/uploads/2020/11/Fragebogen_Gemeinde_Selbstauskunft.pdf,True,False,,,0
5346,attachment,inherit,Müller-Katharina,mueller-katharina-2,0,2020-10-30 12:11:32,2025-06-04 19:29:01,https://www.gemeinde-merching.de/wp-content/uploads/2020/10/Mueller-Katharina-1.jpg,True,False,,,0
5348,attachment,inherit,Weyland-Hanna,weyland-hanna-2,0,2020-10-30 12:13:34,2020-10-30 12:13:43,https://www.gemeinde-merching.de/wp-content/uploads/2020/10/Weyland-Hanna-1.jpg,True,False,,,0
9077,post,publish,Bekanntmachung Grundsteuer und Hundesteuer 2025,bekanntmachung-grundsteuer-und-hundesteuer-2025,0,2024-11-08 09:49:46,2024-11-08 10:40:19,https://www.gemeinde-merching.de/bekanntmachung-grundsteuer-und-hundesteuer-2025/,True,False,,,379
10077,attachment,inherit,eyeglasses-35598_1280,eyeglasses-35598_1280,0,2025-11-06 15:39:30,2025-11-06 15:40:05,https://www.gemeinde-merching.de/wp-content/uploads/2025/11/eyeglasses-35598_1280.webp,True,False,,,0
10079,attachment,inherit,Gemeindekurier November 2025,gemeindekurier-november-2025,0,2025-11-06 17:13:40,2025-11-06 17:13:40,https://www.gemeinde-merching.de/wp-content/uploads/2025/11/Gemeindekurier-November-2025.pdf,True,False,,,0
10080,attachment,inherit,November 2025 Anlage,november-2025-anlage,0,2025-11-06 17:15:04,2025-11-06 17:15:04,https://www.gemeinde-merching.de/wp-content/uploads/2025/11/November-2025-Anlage.pdf,True,False,,,0
10082,attachment,inherit,Gemeindekurier November 2025,gemeindekurier-november-2025-2,0,2025-11-06 17:19:32,2025-11-06 17:19:32,https://www.gemeinde-merching.de/wp-content/uploads/2025/11/Gemeindekurier-November-2025-1.pdf,True,False,,,0
10084,attachment,inherit,November 2025 Anlage,november-2025-anlage-2,0,2025-11-06 17:20:28,2025-11-06 17:20:28,https://www.gemeinde-merching.de/wp-content/uploads/2025/11/November-2025-Anlage-1.pdf,True,False,,,0
10088,post,publish,Richtiges Verhalten gegenüber Wasser- / Zugvögeln,richtiges-verhalten-gegenueber-wasser-zugvoegeln,0,2025-11-10 09:50:46,2025-11-10 09:50:46,https://www.gemeinde-merching.de/richtiges-verhalten-gegenueber-wasser-zugvoegeln/,True,False,,,661
10089,attachment,inherit,Merkblatt zum richtigen Verhalten ggü. Wasser u. Zugvögeln LRA November 2025,merkblatt-zum-richtigen-verhalten-ggue-wasser-u-zugvoegeln-lra-november-2025,10088,2025-11-10 09:38:27,2025-11-10 09:38:27,https://www.gemeinde-merching.de/wp-content/uploads/2025/11/Merkblatt-zum-richtigen-Verhalten-ggue.-Wasser-u.-Zugvoegeln-LRA-November-2025.pdf,True,False,,,0
5403,attachment,inherit,Banner Gemeindewebsite Merching 1009x714_Verlaengerung,banner-gemeindewebsite-merching-1009x714_verlaengerung,0,2020-11-26 12:03:53,2020-11-26 12:06:05,https://www.gemeinde-merching.de/wp-content/uploads/2020/11/Banner-Gemeindewebsite-Merching-1009x714_Verlaengerung.jpg,True,False,,,0
8198,attachment,inherit,Verordnung der Gemeinde Merching über das Anbringen von Anschlägen u. Plakaten,verordnung-der-gemeinde-merching-ueber-das-anbringen-von-anschlaegen-u-plakaten,8197,2023-12-19 13:13:14,2023-12-19 13:13:14,https://www.gemeinde-merching.de/wp-content/uploads/2023/12/Verordnung-der-Gemeinde-Merching-ueber-das-Anbringen-von-Anschlaegen-u.-Plakaten.pdf,True,False,,,0
8202,attachment,inherit,Amtsblatt 12a-2023=Jahrg. 78 Nr. 12a,amtsblatt-12a-2023jahrg-78-nr-12a,0,2023-12-20 11:38:24,2023-12-20 11:38:24,https://www.gemeinde-merching.de/wp-content/uploads/2023/12/Amtsblatt-12a-2023Jahrg.-78-Nr.-12a.pdf,True,False,,,0
5417,attachment,inherit,Beitragsbild Volkshochschule f. Homepage,beitragsbild-volkshochschule-f-homepage,0,2020-12-03 10:58:39,2020-12-03 10:58:39,https://www.gemeinde-merching.de/wp-content/uploads/2020/12/Beitragsbild-Volkshochschule-f.-Homepage.jpg,True,False,,,0
5418,attachment,inherit,Beitragsbild Volkshochschule f. Homepage,beitragsbild-volkshochschule-f-homepage-2,0,2020-12-03 10:59:12,2025-07-16 12:07:48,https://www.gemeinde-merching.de/wp-content/uploads/2020/12/Beitragsbild-Volkshochschule-f.-Homepage-1.jpg,True,False,,,0
5480,attachment,inherit,Jocher-Andreas,jocher-andreas,0,2020-12-18 07:20:32,2025-06-04 19:27:49,https://www.gemeinde-merching.de/wp-content/uploads/2020/12/Jocher-Andreas.jpg,True,False,,,0
5477,attachment,inherit,Limmer-Markus,limmer-markus,0,2020-12-18 07:20:14,2025-06-04 19:28:10,https://www.gemeinde-merching.de/wp-content/uploads/2020/12/Limmer-Markus.jpg,True,False,,,0
5478,attachment,inherit,Müller-Albert,mueller-albert,0,2020-12-18 07:20:15,2025-06-04 19:28:03,https://www.gemeinde-merching.de/wp-content/uploads/2020/12/Mueller-Albert.jpg,True,False,,,0
5479,attachment,inherit,Steinhart-Andreas,steinhart-andreas,0,2020-12-18 07:20:16,2025-06-04 19:27:56,https://www.gemeinde-merching.de/wp-content/uploads/2020/12/Steinhart-Andreas.jpg,True,False,,,0
7620,attachment,inherit,BP34_Östl_Nebelhornstraße_Begründung_Entwurf_2023-05-04,bp34_oestl_nebelhornstrasse_begruendung_entwurf_2023-05-04,0,2023-06-01 14:57:56,2023-06-01 14:57:56,https://www.gemeinde-merching.de/wp-content/uploads/2023/06/BP34_Oestl_Nebelhornstrasse_Begruendung_Entwurf_2023-05-04.pdf,True,False,,,0
7621,attachment,inherit,BP34_Östl_Nebelhornstraße_Textteil_Entwurf_2023-05-04,bp34_oestl_nebelhornstrasse_textteil_entwurf_2023-05-04,0,2023-06-01 14:57:57,2023-06-01 14:57:57,https://www.gemeinde-merching.de/wp-content/uploads/2023/06/BP34_Oestl_Nebelhornstrasse_Textteil_Entwurf_2023-05-04.pdf,True,False,,,0
7622,attachment,inherit,BP34_Östl_Nebenhornstraße_Planzeichnung_Entwurf_2023-05-04,bp34_oestl_nebenhornstrasse_planzeichnung_entwurf_2023-05-04,0,2023-06-01 14:57:58,2023-06-01 14:57:58,https://www.gemeinde-merching.de/wp-content/uploads/2023/06/BP34_Oestl_Nebenhornstrasse_Planzeichnung_Entwurf_2023-05-04.pdf,True,False,,,0
5490,attachment,inherit,Deckblatt,deckblatt,0,2021-01-11 08:53:41,2021-01-11 08:53:41,https://www.gemeinde-merching.de/wp-content/uploads/2021/01/Deckblatt.jpg,True,False,,,0
5492,page,publish,Gemeindebroschüre,gemeindebroschuere,10,2021-01-11 09:26:48,2021-01-11 14:33:54,https://www.gemeinde-merching.de/buergerservice/gemeindebroschuere/,True,False,,,340
5503,attachment,inherit,Vollbild,vollbild,5492,2021-01-11 14:20:29,2021-01-11 14:21:36,https://www.gemeinde-merching.de/wp-content/uploads/2021/01/Vollbild.png,True,False,,,0
5508,attachment,inherit,Vollbild-II,vollbild-ii-2,5492,2021-01-11 14:33:09,2021-01-11 14:33:09,https://www.gemeinde-merching.de/wp-content/uploads/2021/01/Vollbild-II-1.png,True,False,,,0
5512,attachment,inherit,,corona-5174671_640,0,2021-01-12 07:10:50,2025-07-16 12:18:00,https://www.gemeinde-merching.de/wp-content/uploads/2021/01/corona-5174671_640.jpg,True,False,,,0
5522,attachment,inherit,Feuerwehrfahrzeug Beispielbild,fire-4814115_1920-3,0,2021-01-18 09:22:15,2025-07-16 12:08:16,https://www.gemeinde-merching.de/wp-content/uploads/2021/01/fire-4814115_1920-2.jpg,True,False,,,0
5537,attachment,inherit,ball in soccer stadium. ready for game,ball-in-soccer-stadium-ready-for-game,0,2021-01-25 09:34:44,2025-07-16 11:49:02,https://www.gemeinde-merching.de/wp-content/uploads/2021/01/istockphoto-1203931418-170667a.jpg,True,False,,,0
7623,attachment,inherit,Aufhebung_BP_Nr3a_Begründung_Entwurf_20230504,aufhebung_bp_nr3a_begruendung_entwurf_20230504,0,2023-06-01 14:58:20,2023-06-01 14:58:20,https://www.gemeinde-merching.de/wp-content/uploads/2023/06/Aufhebung_BP_Nr3a_Begruendung_Entwurf_20230504.pdf,True,False,,,0
7624,attachment,inherit,Aufhebung_BP_Nr3a_Planzeichnung_Entwurf_20230504,aufhebung_bp_nr3a_planzeichnung_entwurf_20230504,0,2023-06-01 14:58:22,2023-06-01 14:58:22,https://www.gemeinde-merching.de/wp-content/uploads/2023/06/Aufhebung_BP_Nr3a_Planzeichnung_Entwurf_20230504.pdf,True,False,,,0
5590,attachment,inherit,Willkommen in Merching,collage-merching-9-2,51,2021-03-01 16:11:02,2021-03-01 16:11:31,https://www.gemeinde-merching.de/wp-content/uploads/2021/03/collage-merching-9.jpg,True,False,,,22
10033,wpdmpro,publish,Satzung zur Einführung einer Pflicht zum Nachweis eines Spielplatzes für Kinder - Spielplatzsatzung,satzung-zur-einfuehrung-einer-pflicht-zum-nachweis-eines-spielplatzes-fuer-kinder-spielplatzsatzung,0,2025-10-01 08:17:23,2025-10-01 08:17:23,https://www.gemeinde-merching.de/download/satzung-zur-einfuehrung-einer-pflicht-zum-nachweis-eines-spielplatzes-fuer-kinder-spielplatzsatzung/,True,False,,pdf-embedder,202
10034,attachment,inherit,Spielplatzsatzung der Gemeinde Merching vom 01.10.2025,spielplatzsatzung-der-gemeinde-merching-vom-01-10-2025,10033,2025-10-01 08:17:06,2025-10-01 08:17:06,https://www.gemeinde-merching.de/wp-content/uploads/2025/10/Spielplatzsatzung-der-Gemeinde-Merching-vom-01.10.2025.pdf,True,False,,,0
5570,attachment,inherit,Bild Landratsamt Hilfe Corona Feb. 2021 neu,bild-landratsamt-hilfe-corona-feb-2021-neu,0,2021-02-22 11:00:33,2021-02-22 11:00:33,https://www.gemeinde-merching.de/wp-content/uploads/2021/02/Bild-Landratsamt-Hilfe-Corona-Feb.-2021-neu.pdf,True,False,,,0
5573,attachment,inherit,Bild Landratsamt Hilfe Corona Feb. 2021 neu,bild-landratsamt-hilfe-corona-feb-2021-neu-2,0,2021-02-22 11:43:15,2021-02-22 11:57:58,https://www.gemeinde-merching.de/wp-content/uploads/2021/02/Bild-Landratsamt-Hilfe-Corona-Feb.-2021-neu-1.pdf,True,False,,,0
7618,attachment,inherit,Anschreiben_TöB_ern_Bet_BP34_Östl_Nebelhornstraße_2023-06-01,anschreiben_toeb_ern_bet_bp34_oestl_nebelhornstrasse_2023-06-01,0,2023-06-01 14:48:32,2023-06-01 14:48:32,https://www.gemeinde-merching.de/wp-content/uploads/2023/06/Anschreiben_ToeB_ern_Bet_BP34_Oestl_Nebelhornstrasse_2023-06-01.pdf,True,False,,,0
5607,link_library_links,publish,QR-Code zum Schadensmelder - Straßenbeleuchtung Bayernwerk über die Störmelder-App,5607,0,2021-06-10 09:00:04,2023-06-14 16:18:27,https://www.gemeinde-merching.de/wp-content/uploads/2021/03/QR_Merching-e1615196274737.png,True,False,,,0
5608,attachment,inherit,QR_Merching,qr_merching,5607,2021-03-08 10:30:18,2021-03-08 10:36:40,https://www.gemeinde-merching.de/wp-content/uploads/2021/03/QR_Merching.png,True,False,,,0
5612,attachment,inherit,httpswww.gemeinde-merching.dewp-contentuploads202103QR_Merching-e1615196274737.png,httpswww-gemeinde-merching-dewp-contentuploads202103qr_merching-e1615196274737-png,5607,2021-03-08 10:38:54,2021-03-08 10:38:54,https://energieportal.bayernwerk.de/schadensmelder/reporting/09771145/httpswww-gemeinde-merching-dewp-contentuploads202103qr_merching-e1615196274737-png/,True,False,,,0
5613,attachment,inherit,logo Familienstützpunkt,logo-familienstuetzpunkt,0,2021-03-08 10:42:26,2021-03-08 10:42:26,https://www.gemeinde-merching.de/wp-content/uploads/2021/03/logo-Familienstuetzpunkt.pdf,True,False,,,0
5614,attachment,inherit,logo Familienstützpunkt,logo-familienstuetzpunkt-2,0,2021-03-08 10:43:05,2021-03-08 10:43:05,https://www.gemeinde-merching.de/wp-content/uploads/2021/03/logo-Familienstuetzpunkt-1.pdf,True,False,,,0
9128,attachment,inherit,Fundsache Geldschein am 16.11.2024,fundsache-geldschein-am-16-11-2024,0,2024-11-18 12:03:32,2024-11-18 12:05:46,https://www.gemeinde-merching.de/wp-content/uploads/2024/11/Fundsache-Geldschein-am-16.11.2024.pdf,True,False,,,0
9132,attachment,inherit,BP34_Östl_Nebelhornstraße_Begründung_20240620,bp34_oestl_nebelhornstrasse_begruendung_20240620,0,2024-11-19 08:04:14,2024-11-19 08:04:14,https://www.gemeinde-merching.de/wp-content/uploads/2024/11/BP34_Oestl_Nebelhornstrasse_Begruendung_20240620.pdf,True,False,,,0
9136,attachment,inherit,BP34_Östl_Nebelhornstraße_Textteil_20240620,bp34_oestl_nebelhornstrasse_textteil_20240620,0,2024-11-19 08:09:47,2024-11-19 08:09:47,https://www.gemeinde-merching.de/wp-content/uploads/2024/11/BP34_Oestl_Nebelhornstrasse_Textteil_20240620.pdf,True,False,,,0
9134,attachment,inherit,BP34_Östl_Nebelhornstraße_Planzeichnung_Satzung_2024-06-20,bp34_oestl_nebelhornstrasse_planzeichnung_satzung_2024-06-20,0,2024-11-19 08:08:21,2024-11-19 08:08:21,https://www.gemeinde-merching.de/wp-content/uploads/2024/11/BP34_Oestl_Nebelhornstrasse_Planzeichnung_Satzung_2024-06-20.pdf,True,False,,,0
9139,attachment,inherit,B-Plan Nr. 34 Datenschutzinformationspflicht,b-plan-nr-34-datenschutzinformationspflicht,0,2024-11-19 08:11:34,2024-11-19 08:11:34,https://www.gemeinde-merching.de/wp-content/uploads/2024/11/B-Plan-Nr.-34-Datenschutzinformationspflicht.pdf,True,False,,,0
9922,wpdmpro,publish,Feuerwehr - Satzung über Aufwendungs- und Kostenersatz für Einsätze und andere Leistungen gemeindlicher Feuerwehren ab 01.01.2026,satzung-aufwendungs-u-kostenersatz-f-einsaetze-u-andere-leistungen-gemeindlicher-feuerwehren-ab-01-01-2026,0,2025-12-15 07:05:13,2025-12-15 07:05:06,https://www.gemeinde-merching.de/download/satzung-aufwendungs-u-kostenersatz-f-einsaetze-u-andere-leistungen-gemeindlicher-feuerwehren-ab-01-01-2026/,True,False,,pdf-embedder,338
5783,link_library_links,publish,Antrag auf Erteilung einer verkehrsrechtlichen Anordnung gem. § 45 Abs. 6 StVO,antrag-auf-erteilung-einer-verkehrsrechtlichen-anordnung-gem-%c2%a7-45-abs-6-stvo,0,2021-05-31 12:31:54,2021-05-31 12:31:54,http://formular-server.de/AIC_FS/findform?shortname=jueANT4001401071401&formtecid=2&areashortname=Merching,True,False,,,0
5808,attachment,inherit,QRCode_StörmelderApp_Merching_210602,qrcode_stoermelderapp_merching_210602,5607,2021-06-10 08:57:17,2021-06-10 08:57:17,https://www.gemeinde-merching.de/wp-content/uploads/2021/03/QRCode_StoermelderApp_Merching_210602.png,True,False,,,0
5811,link_library_links,publish,Link zum Schadensmelder – Straßenbeleuchtung Bayernwerk,5811,0,2021-06-10 09:12:18,2023-06-14 16:27:10,https://energieportal.bayernwerk.de/schadensmelder/reporting/09771145,True,False,,,0
5810,attachment,inherit,https://www.gemeinde-merching.de/wp-content/uploads/2021/03/QR_Merching-e1615196274737.png,https-www-gemeinde-merching-de-wp-content-uploads-2021-03-qr_merching-e1615196274737-png,5607,2021-06-10 08:58:09,2021-06-10 08:58:09,https://www.gemeinde-merching.de/?attachment_id=5810,True,False,,,0
7551,attachment,inherit,Gemeindekurier April 2023 f. Homepage neu,gemeindekurier-april-2023-f-homepage-neu,0,2023-05-04 13:32:30,2023-05-04 13:32:30,https://www.gemeinde-merching.de/wp-content/uploads/2023/05/Gemeindekurier-April-2023-f.-Homepage-neu.pdf,True,False,,,0
5896,attachment,inherit,Energieberatung Landkreis Aichach-Friedberg Typo schwarz RGB,energieberatung-landkreis-aichach-friedberg-typo-schwarz-rgb,0,2021-08-16 09:31:26,2021-08-16 10:25:00,https://www.gemeinde-merching.de/wp-content/uploads/2021/08/Energieberatung-Landkreis-Aichach-Friedberg-Typo-schwarz-RGB.jpg,True,False,,,0
5922,attachment,inherit,Wahlurne,wahlurne,0,2021-08-23 11:05:24,2025-07-16 11:49:10,https://www.gemeinde-merching.de/wp-content/uploads/2021/08/Wahlurne.png,True,False,,,0
10027,wpdmpro,publish,Hundesteuer - Satzung der Gemeinde Merching für die Erhebung der Hundesteuer (Hundesteuersatzung - HStS) ab 2026,hundesteuer-satzung-der-gemeinde-merching-fuer-die-erhebung-der-hundesteuer-hundesteuersatzung-hsts,0,2025-09-29 15:08:45,2025-09-29 15:09:34,https://www.gemeinde-merching.de/download/hundesteuer-satzung-der-gemeinde-merching-fuer-die-erhebung-der-hundesteuer-hundesteuersatzung-hsts/,True,False,,pdf-embedder,265
10050,post,publish,Hundesteuer ab 2026,hundesteuer-ab-2026,0,2025-10-07 12:26:09,2025-10-07 12:27:05,https://www.gemeinde-merching.de/hundesteuer-ab-2026/,True,False,,,826
10026,attachment,inherit,Hundesteuersatzung 2026 Homepage,hundesteuersatzung-2026-homepage,0,2025-09-29 15:04:24,2025-09-29 15:04:24,https://www.gemeinde-merching.de/wp-content/uploads/2025/09/Hundesteuersatzung-2026-Homepage.pdf,True,False,,,0
9754,attachment,inherit,Bundesagentur für Arbeit,bundesagentur,0,2025-07-17 16:27:06,2025-07-17 16:27:41,https://www.gemeinde-merching.de/wp-content/uploads/2025/06/Bundesagentur.png,True,False,,,24
9881,attachment,inherit,Tierpfoten-809773_640,tierpfoten-809773_640,0,2025-07-28 11:02:50,2025-07-28 11:08:56,https://www.gemeinde-merching.de/wp-content/uploads/2025/07/Tierpfoten-809773_640.jpg,True,False,,,10
10028,attachment,inherit,Hundesteuer - Satzung der Gemeinde Merching für die Erhebung einer Hundesteuer ab 2026,hundesteuer-satzung-der-gemeinde-merching-fuer-die-erhebung-einer-hundesteuer-ab-2026,10027,2025-09-29 15:07:25,2025-09-29 15:07:25,https://www.gemeinde-merching.de/wp-content/uploads/2025/09/Hundesteuer-Satzung-der-Gemeinde-Merching-fuer-die-Erhebung-einer-Hundesteuer-ab-2026.pdf,True,False,,,0
9680,attachment,inherit,2025-Sommerserenade-V1,2025-sommerserenade-v1-2,0,2025-06-25 10:26:31,2025-06-25 10:26:31,https://www.gemeinde-merching.de/wp-content/uploads/2025/06/2025-Sommerserenade-V1-1.pdf,True,False,,,0
9681,attachment,inherit,2025-Sommerserenade-V1,2025-sommerserenade-v1-3,0,2025-06-25 10:27:08,2025-06-25 10:28:52,https://www.gemeinde-merching.de/wp-content/uploads/2025/06/2025-Sommerserenade-V1-2.pdf,True,False,,,0
9245,wpdmpro,publish,MSV - HH 5 Haushaltsplan mit Finanzplan 2026,msv-hh-5-haushaltsplan-mit-finanzplan-2026,0,2025-01-07 11:30:33,2026-03-04 12:00:55,https://www.gemeinde-merching.de/download/msv-hh-5-haushaltsplan-mit-finanzplan-2026/,True,False,,,0
9672,attachment,inherit,2025-Sommerserenade-V1,2025-sommerserenade-v1,0,2025-06-25 10:09:13,2025-06-25 10:09:13,https://www.gemeinde-merching.de/wp-content/uploads/2025/06/2025-Sommerserenade-V1.pdf,True,False,,,0
10428,post,publish,Bekanntmachung des abschließenden Ergebnisses der Wahl des ersten Bürgermeisters am 08. März 2026,bekanntmachung-des-abschliessenden-ergebnisses-der-wahl-des-ersten-buergermeisters-am-08-maerz-2026,0,2026-03-10 13:45:18,2026-03-10 13:45:18,https://www.gemeinde-merching.de/bekanntmachung-des-abschliessenden-ergebnisses-der-wahl-des-ersten-buergermeisters-am-08-maerz-2026/,True,False,,,243
6117,attachment,inherit,Wappen,wappen,0,2021-12-28 07:58:49,2021-12-28 07:58:49,https://www.gemeinde-merching.de/wp-content/uploads/2021/12/Wappen.pdf,True,False,,,0
6119,attachment,inherit,"Wappen Merching ohne Schrift, farbig",wappen-merching-ohne-schrift-farbig,0,2021-12-28 08:03:49,2025-07-16 11:44:08,https://www.gemeinde-merching.de/wp-content/uploads/2021/12/Wappen-Merching-ohne-Schrift-farbig.jpg,True,False,,,0
7545,attachment,inherit,öffentl. Bekanntmachung_GR 04.05.23,oeffentl-bekanntmachung_gr-04-05-23,0,2023-05-02 09:58:38,2023-05-02 09:58:38,https://www.gemeinde-merching.de/wp-content/uploads/2023/05/oeffentl.-Bekanntmachung_GR-04.05.23.pdf,True,False,,,0
9241,wpdmpro,publish,MSV - HH 1 Inhaltsverzeichnis 2026,msv-hh-1-inhaltsverzeichnis-2026,0,2025-01-07 11:26:47,2026-03-04 11:58:58,https://www.gemeinde-merching.de/download/msv-hh-1-inhaltsverzeichnis-2026/,True,False,,,0
7715,attachment,inherit,Bekanntmachung_Wahlhelfer_Aufforderung,bekanntmachung_wahlhelfer_aufforderung,0,2023-06-26 10:51:32,2023-06-26 10:51:32,https://www.gemeinde-merching.de/wp-content/uploads/2023/06/Bekanntmachung_Wahlhelfer_Aufforderung.pdf,True,False,,,0
7720,attachment,inherit,Wahlheler_Anmeldeformular,wahlheler_anmeldeformular,0,2023-06-26 13:00:00,2023-06-26 13:00:00,https://www.gemeinde-merching.de/wp-content/uploads/2023/06/Wahlheler_Anmeldeformular.pdf,True,False,,,0
7721,link_library_links,publish,Wahlhelfer Anmeldeformular,wahlhelfer-anmeldeformular,0,2023-06-26 13:26:46,2023-06-26 13:26:46,https://www.gemeinde-merching.de/wp-content/uploads/2023/06/Wahlheler_Anmeldeformular.pdf,True,False,,,0
6179,attachment,inherit,wappen-rvs,wappen-rvs,0,2022-02-03 14:12:24,2025-07-16 12:13:57,https://www.gemeinde-merching.de/wp-content/uploads/2022/02/wappen-rvs.jpg,True,False,,,0
6180,attachment,inherit,wappen-rvs,wappen-rvs-2,0,2022-02-03 14:12:58,2025-07-16 12:13:53,https://www.gemeinde-merching.de/wp-content/uploads/2022/01/wappen-rvs.jpg,True,False,,,0
6210,attachment,inherit,Beitragsbild_Logo_Merching-2-150x150,beitragsbild_logo_merching-2-150x150-2,0,2022-02-16 08:34:58,2025-07-16 11:44:03,https://www.gemeinde-merching.de/wp-content/uploads/2022/02/Beitragsbild_Logo_Merching-2-150x150-1.jpg,True,False,,,0
6245,attachment,inherit,logo-fdpf-bayern,logo-fdpf-bayern,0,2022-02-24 16:15:51,2022-02-24 16:15:51,https://www.gemeinde-merching.de/wp-content/uploads/2022/02/logo-fdpf-bayern.jpg,True,False,,,0
6268,attachment,inherit,"Grundsteuerreform, Information für Bürger",textbeitrag-fuer-kommunale-veroeffentlichungen,0,2022-03-14 10:47:55,2022-03-14 10:49:04,https://www.gemeinde-merching.de/wp-content/uploads/2022/03/Textbeitrag-fuer-kommunale-Veroeffentlichungen.pdf,True,False,,,0
6277,attachment,inherit,Landratsamt AIC-FDB,landratsamt-aic-fdb,0,2022-03-16 09:05:18,2022-03-16 09:05:18,https://www.gemeinde-merching.de/wp-content/uploads/2022/03/Landratsamt-AIC-FDB.jpg,True,False,,,0
10453,wpdmpro,publish,Gemeindekurier Ostern 2026,gemeindekurier-ostern-2026,0,2026-03-25 09:12:58,2026-03-25 09:12:58,https://www.gemeinde-merching.de/download/gemeindekurier-ostern-2026/,True,False,,pdf-embedder,170
10426,wpdmpro,publish,Bekanntmachung des abschließenden Ergebnisses der Wahl des ersten Bürgermeisters am 08.03.2026,bekanntmachung-des-abschliessenden-ergebnisses-der-wahl-des-ersten-buergermeisters-am-08-03-2026,0,2026-03-10 13:42:56,2026-03-10 16:32:43,https://www.gemeinde-merching.de/download/bekanntmachung-des-abschliessenden-ergebnisses-der-wahl-des-ersten-buergermeisters-am-08-03-2026/,True,False,,pdf-embedder,158
10427,attachment,inherit,Buergermeisterwahl-Bekanntmachung_Wahlergebnis_Anl_18-Direktwahl_Homepage,buergermeisterwahl-bekanntmachung_wahlergebnis_anl_18-direktwahl_homepage,10426,2026-03-10 13:42:40,2026-03-10 13:42:40,https://www.gemeinde-merching.de/wp-content/uploads/2026/03/Buergermeisterwahl-Bekanntmachung_Wahlergebnis_Anl_18-Direktwahl_Homepage.pdf,True,False,,,0
6525,attachment,inherit,Klose-Tanja,klose-tanja-klein,0,2022-06-23 14:49:37,2025-06-04 19:27:30,https://www.gemeinde-merching.de/wp-content/uploads/2022/06/Klose-Tanja-klein.jpg,True,False,,,0
8854,attachment,inherit,Gemeindekurier Sommer 2024 f. Homepage,gemeindekurier-sommer-2024-f-homepage,0,2024-07-10 09:50:30,2024-07-10 09:50:30,https://www.gemeinde-merching.de/wp-content/uploads/2024/07/Gemeindekurier-Sommer-2024-f.-Homepage.pdf,True,False,,,0
8018,post,publish,"Flyer ""Stromausfall"" - Was ist ein Blackout und wie bereiten wir uns darauf vor?",flyer-stromausfall-was-ist-ein-blackout-und-wie-bereiten-wir-uns-darauf-vor,0,2023-10-30 12:23:07,2023-10-30 12:22:13,https://www.gemeinde-merching.de/flyer-stromausfall-was-ist-ein-blackout-und-wie-bereiten-wir-uns-darauf-vor/,True,False,,,169
9637,page,publish,Barrieren reduzieren in unserem Webauftritt,accessibility-statement,6,2025-06-05 17:18:43,2025-07-17 15:41:14,https://www.gemeinde-merching.de/ueber-merching/accessibility-statement/,True,False,,,2309
6564,link_library_links,publish,"Schülerbeförderung, Fahrkartenantrag für das Schuljahr 2025/2026",schuelerbefoerderung-fahrkartenantrag-fuer-das-schuljahr-2022-2023,0,2025-07-01 10:23:59,2025-07-01 10:22:45,https://www.gemeinde-merching.de/wp-content/uploads/2025/07/Antrag_Fahrkarte_2025_2026.pdf,True,False,,,0
9189,attachment,inherit,Gemeindekurier Weihnachten 2024 f. Homepage,gemeindekurier-weihnachten-2024-f-homepage,0,2024-12-03 09:55:03,2024-12-03 09:55:03,https://www.gemeinde-merching.de/wp-content/uploads/2024/12/Gemeindekurier-Weihnachten-2024-f.-Homepage.pdf,True,False,,,0
10225,attachment,inherit,01+02+03 Programm FSP Süd 2026,010203-programm-fsp-sued-2026,10224,2026-01-07 11:41:11,2026-01-07 11:41:11,https://www.gemeinde-merching.de/wp-content/uploads/2026/01/010203-Programm-FSP-Sued-2026.pdf,True,False,,,0
10013,attachment,inherit,Beitragsbild Klimawoche 2025,beitragsbild-klimawoche-2025,0,2025-09-23 11:04:48,2025-09-23 11:04:48,https://www.gemeinde-merching.de/wp-content/uploads/2025/09/Beitragsbild-Klimawoche-2025.jpg,True,False,,,0
10130,attachment,inherit,2025-10_Sound_Train_Anzeige-Narrneusia-Broschüre-2026-CMYK,2025-10_sound_train_anzeige-narrneusia-broschuere-2026-cmyk,0,2025-11-24 11:30:10,2025-11-24 11:30:10,https://www.gemeinde-merching.de/wp-content/uploads/2025/11/2025-10_Sound_Train_Anzeige-Narrneusia-Broschuere-2026-CMYK.jpg,True,False,,,0
6679,attachment,inherit,evs,evs,0,2022-10-06 10:12:16,2022-10-06 10:12:16,https://www.gemeinde-merching.de/wp-content/uploads/2022/10/evs.png,True,False,,,0
8241,attachment,inherit,Amtsblatt 01-2024=Jahrg. 79 Nr. 01,amtsblatt-01-2024jahrg-79-nr-01-2,0,2024-01-23 12:24:28,2024-01-23 12:24:28,https://www.gemeinde-merching.de/wp-content/uploads/2023/12/Amtsblatt-01-2024Jahrg.-79-Nr.-01.pdf,True,False,,,0
7022,wpdmpro,publish,Kleineinleiter - Satzung für die Erhebung einer Kommunalabgabe zur Abwälzung der Abwasserabgabe für Kleineinleiter,kleineinleiter-satzung-fuer-die-erhebung-einer-kommunalabgabe-zur-abwaelzung-der-abwasserabgabe-fuer-kleineinleiter,0,2022-12-27 12:14:57,2022-12-27 12:25:27,https://www.gemeinde-merching.de/download/kleineinleiter-satzung-fuer-die-erhebung-einer-kommunalabgabe-zur-abwaelzung-der-abwasserabgabe-fuer-kleineinleiter/,True,False,,,0
9242,wpdmpro,publish,MSV - HH 2 Haushaltssatzung 2026,msv-hh-2-haushaltssatzung-2026,0,2025-01-07 11:27:42,2026-03-04 11:59:35,https://www.gemeinde-merching.de/download/msv-hh-2-haushaltssatzung-2026/,True,False,,,0
7024,wpdmpro,publish,Information zur elektronischen Lohnsteuerkarte,information-zur-elektronischen-lohnsteuerkarte,0,2022-12-27 12:14:57,2022-12-27 12:25:40,https://www.gemeinde-merching.de/download/information-zur-elektronischen-lohnsteuerkarte/,True,False,,,0
7020,wpdmpro,publish,Erschließungsbeiträge - Satzung über die Erschließungsbeiträge in der Fassung der 2. Änderung vom 15.05.1992,erschliessungsbeitraege-satzung-ueber-die-erschliessungsbeitraege-in-der-fassung-der-2-aenderung-vom-15-05-1992,0,2022-12-27 12:14:57,2022-12-27 12:23:31,https://www.gemeinde-merching.de/download/erschliessungsbeitraege-satzung-ueber-die-erschliessungsbeitraege-in-der-fassung-der-2-aenderung-vom-15-05-1992/,True,False,,,0
7021,wpdmpro,publish,Hausnummerierung - Satzung über die Hausnummerierung,hausnummerierung-satzung-ueber-die-hausnummerierung,0,2022-12-27 12:14:57,2022-12-27 12:25:27,https://www.gemeinde-merching.de/download/hausnummerierung-satzung-ueber-die-hausnummerierung/,True,False,,,0
6748,attachment,inherit,Kommunale IT-Sicherheit,kommunale-it-sicherheit-2,0,2022-11-21 08:00:32,2025-06-04 19:27:05,https://www.gemeinde-merching.de/wp-content/uploads/2022/11/Kommunale-IT-Sicherheit.png,True,False,,,0
6749,post,publish,Kommunale IT-Sicherheit,kommunale-it-sicherheit,0,2024-11-22 08:16:37,2024-11-22 08:15:19,https://www.gemeinde-merching.de/kommunale-it-sicherheit/,True,False,,,562
8020,wpdmpro,publish,"Flyer ""Stromausfall"" - Vorbereitungsmaßnahmen und Anlaufstellen",flyer-stromausfall-vorbereitungsmassnahmen-und-anlaufstellen,0,2023-10-19 11:21:40,2023-10-19 11:21:40,https://www.gemeinde-merching.de/download/flyer-stromausfall-vorbereitungsmassnahmen-und-anlaufstellen/,True,False,,pdf-embedder,127
6800,attachment,inherit,Gemeindekurier Weihnachten 2022 f. Homepage,gemeindekurier-weihnachten-2022-f-homepage,0,2022-12-15 11:40:46,2022-12-15 11:40:46,https://www.gemeinde-merching.de/wp-content/uploads/2022/12/Gemeindekurier-Weihnachten-2022-f.-Homepage.pdf,True,False,,,0
10170,attachment,inherit,Feuerwehr - Satzung über Aufwendungd- und Kostenersatz für Einsätze und andere Leistungen gem. Feuehrwehren ab 01.01.2026,feuerwehr-satzung-ueber-aufwendungd-und-kostenersatz-fuer-einsaetze-und-andere-leistungen-gem-feuehrwehren-ab-01-01-2026-2,9922,2025-12-15 07:04:34,2025-12-15 07:04:34,https://www.gemeinde-merching.de/wp-content/uploads/2025/08/Feuerwehr-Satzung-ueber-Aufwendungd-und-Kostenersatz-fuer-Einsaetze-und-andere-Leistungen-gem.-Feuehrwehren-ab-01.01.2026-1.pdf,True,False,,,0
7025,wpdmpro,publish,Vereinsförderrichtlinien der Gemeinde Merching ab 2013,vereinsfoerderrichtlinien-der-gemeinde-merching-ab-2013,0,2022-12-27 12:14:57,2022-12-27 12:27:22,https://www.gemeinde-merching.de/download/vereinsfoerderrichtlinien-der-gemeinde-merching-ab-2013/,True,False,,,0
6879,attachment,inherit,,banner2,0,2022-12-17 12:02:05,2022-12-17 12:02:10,https://www.gemeinde-merching.de/wp-content/uploads/2022/12/banner2.jpg,True,False,,,0
6880,attachment,inherit,,cropped-banner2-jpg,0,2022-12-17 12:02:22,2022-12-17 13:22:10,https://www.gemeinde-merching.de/wp-content/uploads/2022/12/cropped-banner2.jpg,True,False,,,79
6899,attachment,inherit,cropped-cropped-Wappen-alternativ.png,cropped-cropped-wappen-alternativ-png,0,2022-12-17 12:28:50,2025-06-04 19:26:38,https://www.gemeinde-merching.de/wp-content/uploads/2020/06/cropped-cropped-Wappen-alternativ.png,True,False,,,97
7149,attachment,inherit,Amtsblatt 01-2023=Jahrg. 78 Nr. 01,amtsblatt-01-2023jahrg-78-nr-01,0,2023-01-17 12:20:23,2023-01-17 12:20:23,https://www.gemeinde-merching.de/wp-content/uploads/2023/01/Amtsblatt-01-2023Jahrg.-78-Nr.-01.pdf,True,False,,,0
7009,attachment,inherit,,startseite-block,6998,2022-12-21 16:46:29,2022-12-21 16:47:35,https://www.gemeinde-merching.de/wp-content/uploads/2022/12/Startseite-Block.jpg,True,False,,,0
7028,wpdmpro,publish,Antrag Fuer Wasserbezug,antrag-fuer-wasserbezug,0,2022-12-27 12:14:57,2022-12-27 12:19:33,https://www.gemeinde-merching.de/download/antrag-fuer-wasserbezug/,True,False,,,51
7029,wpdmpro,publish,Bauwasserbezugsvertrag,bauwasserbezugsvertrag,0,2022-12-27 12:14:57,2022-12-27 12:19:33,https://www.gemeinde-merching.de/download/bauwasserbezugsvertrag/,True,False,,,0
7030,wpdmpro,publish,Einfriedung - Satzung der Gemeinde Merching über die Höhe von Einfriedungen (Einfriedungssatzung),einfriedung-satzung-der-gemeinde-merching-ueber-die-hoehe-von-einfriedungen-einfriedungssatzung,0,2022-12-27 12:14:57,2022-12-27 12:23:31,https://www.gemeinde-merching.de/download/einfriedung-satzung-der-gemeinde-merching-ueber-die-hoehe-von-einfriedungen-einfriedungssatzung/,True,False,,,0
7031,wpdmpro,publish,SEPA-Mandat Gemeinde Merching,mandat-gemeinde-merching,0,2022-12-27 12:14:57,2023-03-20 14:43:46,https://www.gemeinde-merching.de/download/mandat-gemeinde-merching/,True,False,,,0
7034,wpdmpro,publish,Anmeldung eines Gartenwasserzählers,anmeldung-eines-gartenwasserzaehlers,0,2022-12-27 12:14:57,2022-12-27 12:19:33,https://www.gemeinde-merching.de/download/anmeldung-eines-gartenwasserzaehlers/,True,False,,,0
10815,attachment,inherit,Landratsamt,landratsamt,0,2026-07-30 14:37:00,2026-07-30 14:37:00,https://www.gemeinde-merching.de/wp-content/uploads/2026/07/Landratsamt.docx,True,False,,,0
7040,wpdmpro,publish,Blauzungenkrankheit - Amtsblatt 75 Nr. 4b des Landkreises Aichach-Friedberg,blauzungenkrankheit-amtsblatt-75-nr-4b-des-landkreises-aichach-friedberg,0,2022-12-27 12:14:57,2022-12-27 12:22:54,https://www.gemeinde-merching.de/download/blauzungenkrankheit-amtsblatt-75-nr-4b-des-landkreises-aichach-friedberg/,True,False,,,0
7041,wpdmpro,publish,Geschäftsordnung - Geschäftsordnung 2020,geschaeftsordnung-geschaeftsordnung-2020,0,2022-12-27 12:14:57,2023-02-20 09:29:46,https://www.gemeinde-merching.de/download/geschaeftsordnung-geschaeftsordnung-2020/,True,False,,,0
7042,wpdmpro,publish,Gemeindeverfassungsrecht - Satzung zur Regelung von Fragen des örtlichen Gemeindeverfassungsrechts 06.05.2020,gemeindeverfassungsrecht-satzung-zur-regelung-von-fragen-des-oertlichen-gemeindeverfassungsrechts-06-05-2020,0,2022-12-27 12:14:57,2023-02-20 09:28:40,https://www.gemeinde-merching.de/download/gemeindeverfassungsrecht-satzung-zur-regelung-von-fragen-des-oertlichen-gemeindeverfassungsrechts-06-05-2020/,True,False,,,0
7043,wpdmpro,publish,Bestattung - Satzung über die öffentl. Bestattungseinrichtung der Gemeinde Merching vom 18.07.2022 - gültig bis 31.12.2026,bestattung-satzung-ueber-die-oeffentl-bestattungseinrichtung-der-gemeinde-merching-vom-18-07-2022-gueltig-ab-01-01-2023,0,2022-12-27 12:14:58,2026-07-21 10:26:12,https://www.gemeinde-merching.de/download/bestattung-satzung-ueber-die-oeffentl-bestattungseinrichtung-der-gemeinde-merching-vom-18-07-2022-gueltig-ab-01-01-2023/,True,False,,,0
10568,wpdmpro,publish,Bekanntmachung Vergabe von gemeindlichen Wohnbaugrundstücken,bekanntmachung-vergabe-von-gemeindlichen-wohnbaugrundstuecken,0,2026-05-13 08:41:55,2026-05-13 08:41:55,https://www.gemeinde-merching.de/download/bekanntmachung-vergabe-von-gemeindlichen-wohnbaugrundstuecken/,True,False,,pdf-embedder,215
7049,wpdmpro,publish,Landespflegegeld unterstützt Pflegebedürftige - Pressemitteilung Landratsamt Aichach-Friedberg 08/2021,landespflegegeld-unterstuetzt-pflegebeduerftige-pressemitteilung-landratsamt-aichach-friedberg-08-2021,0,2022-12-27 12:14:58,2022-12-27 12:26:11,https://www.gemeinde-merching.de/download/landespflegegeld-unterstuetzt-pflegebeduerftige-pressemitteilung-landratsamt-aichach-friedberg-08-2021/,True,False,,,0
7051,wpdmpro,publish,Reinigungs- und Winterdienstverordnung vom 04.11.2021,reinigungs-und-winterdienstverordnung-vom-04-11-2021,0,2022-12-27 12:14:58,2022-12-27 12:27:09,https://www.gemeinde-merching.de/download/reinigungs-und-winterdienstverordnung-vom-04-11-2021/,True,False,,,0
7052,wpdmpro,publish,Grundsteuerreform - Die neue Grundsteuer in Bayern,grundsteuerreform-die-neue-grundsteuer-in-bayern,0,2022-12-27 12:14:58,2022-12-27 12:25:01,https://www.gemeinde-merching.de/download/grundsteuerreform-die-neue-grundsteuer-in-bayern/,True,False,,,0
7059,wpdmpro,publish,Bestattung - Gebührensatzung zur Satzung für die öffentl. Bestattungseinrichtung (GBS/BES) der Gemeinde Merching bis 31.12.2026,bestattung-gebuehrensatzung-zur-satzung-fuer-die-oeffentl-bestattungseinrichtung-gbs-bes-der-gemeinde-merching-vom-18-07-2022-gueltig-ab-01-01-2023,0,2022-12-27 12:14:58,2026-07-23 09:13:36,https://www.gemeinde-merching.de/download/bestattung-gebuehrensatzung-zur-satzung-fuer-die-oeffentl-bestattungseinrichtung-gbs-bes-der-gemeinde-merching-vom-18-07-2022-gueltig-ab-01-01-2023/,True,False,,,151
7064,wpdmpro,publish,Grundsteuererklärung Informationen 14.12.2022,grundsteuererklaerung-informationen-14-12-2022,0,2022-12-27 12:14:58,2022-12-27 12:25:01,https://www.gemeinde-merching.de/download/grundsteuererklaerung-informationen-14-12-2022/,True,False,,,0
7085,page,publish,Alle Downloads in der Übersicht,alle-downloads-in-der-uebersicht,10,2022-12-27 13:24:05,2024-02-05 15:35:16,https://www.gemeinde-merching.de/buergerservice/alle-downloads-in-der-uebersicht/,True,False,,wpdm_tree,279
9916,attachment,inherit,Ehrungen - Satzung über die Verleihung von Ehrungen durch die Gemeinde Merching ab 07.08.2025,ehrungen-satzung-ueber-die-verleihung-von-ehrungen-durch-die-gemeinde-merching-ab-07-08-2025,9915,2025-08-05 14:35:05,2025-08-05 14:35:05,https://www.gemeinde-merching.de/wp-content/uploads/2025/08/Ehrungen-Satzung-ueber-die-Verleihung-von-Ehrungen-durch-die-Gemeinde-Merching-ab-07.08.2025.pdf,True,False,,,0
7589,attachment,inherit,Aufhebung_BP_Nr3a_Bekanntmachung_Auslegung,aufhebung_bp_nr3a_bekanntmachung_auslegung,0,2023-05-26 08:40:01,2023-05-26 08:40:01,https://www.gemeinde-merching.de/wp-content/uploads/2023/05/Aufhebung_BP_Nr3a_Bekanntmachung_Auslegung.pdf,True,False,,,0
7168,attachment,inherit,Vorkaufsrechtssatzung 31-01-2023,vorkaufsrechtssatzung-31-01-2023,0,2023-01-31 12:02:07,2023-01-31 12:02:07,https://www.gemeinde-merching.de/wp-content/uploads/2023/01/Vorkaufsrechtssatzung-31-01-2023.pdf,True,False,,,0
9923,attachment,inherit,Feuerwehrkostensatzung_ab_01-01-2026,feuerwehrkostensatzung_ab_01-01-2026,9922,2025-08-12 10:09:47,2025-08-12 10:09:47,https://www.gemeinde-merching.de/wp-content/uploads/2025/08/Feuerwehrkostensatzung_ab_01-01-2026.pdf,True,False,,,0
10042,post,publish,Brunnenregenerierung abgeschlossen,brunnenregenerierung-abgeschlossen,0,2025-10-07 07:52:57,2025-10-07 07:52:57,https://www.gemeinde-merching.de/brunnenregenerierung-abgeschlossen/,True,False,,,102
9919,attachment,inherit,Spielplatzsatzung ab 09.08.2025,spielplatzsatzung-ab-09-08-2025,0,2025-08-07 15:32:43,2025-08-07 15:32:43,https://www.gemeinde-merching.de/wp-content/uploads/2025/08/Spielplatzsatzung-ab-09.08.2025.pdf,True,False,,,0
9926,attachment,inherit,2025-08-13_Bekanntmachung_Satzung_Aufwendungs-u.-Kostenersatz_f_Einsätze_u_andere_Leistungen_gemeindlicher_Feuerwehren_ab_01-01-2026,2025-08-13_bekanntmachung_satzung_aufwendungs-u-kostenersatz_f_einsaetze_u_andere_leistungen_gemeindlicher_feuerwehren_ab_01-01-2026,9925,2025-08-12 10:12:21,2025-08-12 10:12:21,https://www.gemeinde-merching.de/wp-content/uploads/2025/08/2025-08-13_Bekanntmachung_Satzung_Aufwendungs-u.-Kostenersatz_f_Einsaetze_u_andere_Leistungen_gemeindlicher_Feuerwehren_ab_01-01-2026.pdf,True,False,,,0
7191,attachment,inherit,6. Änderung FNP Bekanntmachung_frühz_Beteiligung,6-aenderung-fnp-bekanntmachung_fruehz_beteiligung,0,2023-02-06 13:24:25,2023-02-06 13:24:25,https://www.gemeinde-merching.de/wp-content/uploads/2023/02/6.-Aenderung-FNP-Bekanntmachung_fruehz_Beteiligung.pdf,True,False,,,0
10165,attachment,inherit,Wasser - Beitrags- und Gebührensatzung zur Wasserabgabesatzung ab 01.01.2026,wasser-beitrags-und-gebuehrensatzung-zur-wasserabgabesatzung-ab-01-01-2026-2,9911,2025-12-15 06:46:10,2025-12-15 06:46:10,https://www.gemeinde-merching.de/wp-content/uploads/2025/08/Wasser-Beitrags-und-Gebuehrensatzung-zur-Wasserabgabesatzung-ab-01.01.2026-1.pdf,True,False,,,0
9913,wpdmpro,publish,Entwässerung - Beitrags- und Gebührensatzung zur Entwässerungsatzung ab 01.01.2026,entwaesserung-beitrags-und-gebuehrensatzung-zur-entwaesserungsatzung,0,2025-12-15 06:50:00,2025-12-15 06:50:40,https://www.gemeinde-merching.de/download/entwaesserung-beitrags-und-gebuehrensatzung-zur-entwaesserungsatzung/,True,False,,pdf-embedder,268
9914,attachment,inherit,Entwässerung - Beitrags- und Gebührensatzung zur Entwässerungssatzung ab 01.01.20262026,entwaesserung-beitrags-und-gebuehrensatzung-zur-entwaesserungssatzung-ab-01-01-20262026,9913,2025-08-05 14:18:39,2025-08-05 14:18:39,https://www.gemeinde-merching.de/wp-content/uploads/2025/08/Entwaesserung-Beitrags-und-Gebuehrensatzung-zur-Entwaesserungssatzung-ab-01.01.20262026.pdf,True,False,,,0
9915,wpdmpro,publish,Ehrungen - Satzung über die Verleihung von Ehrungen durch die Gemeinde Merching,ehrungen-satzung-ueber-die-verleihung-von-ehrungen-durch-die-gemeinde-merching-ab-07-08-2025,0,2025-08-05 14:35:50,2025-09-08 08:25:22,https://www.gemeinde-merching.de/download/ehrungen-satzung-ueber-die-verleihung-von-ehrungen-durch-die-gemeinde-merching-ab-07-08-2025/,True,False,,pdf-embedder,279
7539,attachment,inherit,Amtsblatt 04-2023=Jahrg. 78 Nr. 4a,amtsblatt-04-2023jahrg-78-nr-4a,0,2023-04-24 10:41:00,2023-04-24 10:41:00,https://www.gemeinde-merching.de/wp-content/uploads/2023/04/Amtsblatt-04-2023Jahrg.-78-Nr.-4a.pdf,True,False,,,0
7210,attachment,inherit,Begründung_BPNr36_Freizeitanlage_Bauhof_2023-01-19ü,begruendung_bpnr36_freizeitanlage_bauhof_2023-01-19ue,0,2023-02-08 10:45:33,2023-02-08 10:45:33,https://www.gemeinde-merching.de/wp-content/uploads/2023/02/Begruendung_BPNr36_Freizeitanlage_Bauhof_2023-01-19ue.pdf,True,False,,,0
7212,attachment,inherit,Bekanntmachung Satzungsbeschluss B-Plan Nr. 36 Freizeitanlage,bekanntmachung-satzungsbeschluss-b-plan-nr-36-freizeitanlage,0,2023-02-08 10:46:38,2023-02-08 10:46:38,https://www.gemeinde-merching.de/wp-content/uploads/2023/02/Bekanntmachung-Satzungsbeschluss-B-Plan-Nr.-36-Freizeitanlage.pdf,True,False,,,0
7214,attachment,inherit,Planzeichnung_BPNr36_Freizeitanlage_Bauhof_2023-01-19,planzeichnung_bpnr36_freizeitanlage_bauhof_2023-01-19,0,2023-02-08 10:48:13,2023-02-08 10:48:13,https://www.gemeinde-merching.de/wp-content/uploads/2023/02/Planzeichnung_BPNr36_Freizeitanlage_Bauhof_2023-01-19.pdf,True,False,,,0
7216,attachment,inherit,Textteil_BPNr36_Freizeitanlage_Bauhof_2023-01-19,textteil_bpnr36_freizeitanlage_bauhof_2023-01-19,0,2023-02-08 10:49:05,2023-02-08 10:49:05,https://www.gemeinde-merching.de/wp-content/uploads/2023/02/Textteil_BPNr36_Freizeitanlage_Bauhof_2023-01-19.pdf,True,False,,,0
7218,attachment,inherit,BP37 suedl. Nebelhornstr. Bekanntmachung Satzungsbeschluss,bp37-suedl-nebelhornstr-bekanntmachung-satzungsbeschluss,0,2023-02-08 10:51:20,2023-02-08 10:51:20,https://www.gemeinde-merching.de/wp-content/uploads/2023/02/BP37-suedl.-Nebelhornstr.-Bekanntmachung-Satzungsbeschluss-.pdf,True,False,,,0
7220,attachment,inherit,BP37_Südlich_der_Nebelhornstraße_Plan_2023-01-19,bp37_suedlich_der_nebelhornstrasse_plan_2023-01-19,0,2023-02-08 10:52:28,2023-02-08 10:52:28,https://www.gemeinde-merching.de/wp-content/uploads/2023/02/BP37_Suedlich_der_Nebelhornstrasse_Plan_2023-01-19.pdf,True,False,,,0
7222,attachment,inherit,BP37_Südlich_Nebelhornstraße_Begründung_2023-01-19,bp37_suedlich_nebelhornstrasse_begruendung_2023-01-19,0,2023-02-08 10:53:29,2023-02-08 10:53:29,https://www.gemeinde-merching.de/wp-content/uploads/2023/02/BP37_Suedlich_Nebelhornstrasse_Begruendung_2023-01-19.pdf,True,False,,,0
7856,attachment,inherit,Amtsblatt-08-2023=Jahrg. 78 Nr. 08,amtsblatt-08-2023jahrg-78-nr-08,0,2023-08-01 10:04:15,2023-08-01 10:04:15,https://www.gemeinde-merching.de/wp-content/uploads/2023/08/Amtsblatt-08-2023Jahrg.-78-Nr.-08.pdf,True,False,,,0
7224,attachment,inherit,BP37_Südlich_Nebelhornstraße_Textteil_2023-01-19,bp37_suedlich_nebelhornstrasse_textteil_2023-01-19,0,2023-02-08 10:54:21,2023-02-08 10:54:21,https://www.gemeinde-merching.de/wp-content/uploads/2023/02/BP37_Suedlich_Nebelhornstrasse_Textteil_2023-01-19.pdf,True,False,,,0
7226,attachment,inherit,1_Änderung_BP_26_Begründung_2023-01-19,1_aenderung_bp_26_begruendung_2023-01-19,0,2023-02-08 10:57:14,2023-02-08 10:57:14,https://www.gemeinde-merching.de/wp-content/uploads/2023/02/1_Aenderung_BP_26_Begruendung_2023-01-19.pdf,True,False,,,0
7228,attachment,inherit,1_Änderung_BP_26_Bekanntmachung Satzungsbeschluss,1_aenderung_bp_26_bekanntmachung-satzungsbeschluss,0,2023-02-08 11:02:02,2023-02-08 11:02:02,https://www.gemeinde-merching.de/wp-content/uploads/2023/02/1_Aenderung_BP_26_Bekanntmachung-Satzungsbeschluss.pdf,True,False,,,0
7230,attachment,inherit,1_Änderung_BP_26_Entwurf_2023-01-19,1_aenderung_bp_26_entwurf_2023-01-19,0,2023-02-08 11:03:06,2023-02-08 11:03:06,https://www.gemeinde-merching.de/wp-content/uploads/2023/02/1_Aenderung_BP_26_Entwurf_2023-01-19.pdf,True,False,,,0
7237,attachment,inherit,Amtsblatt 02-2023=Jahrg. 78 Nr. 02,amtsblatt-02-2023jahrg-78-nr-02,0,2023-02-08 11:51:19,2023-02-08 11:51:19,https://www.gemeinde-merching.de/wp-content/uploads/2023/02/Amtsblatt-02-2023Jahrg.-78-Nr.-02.pdf,True,False,,,0
7238,attachment,inherit,Begründung_Vorentwurf_2023-01-19,begruendung_vorentwurf_2023-01-19,0,2023-02-09 10:59:53,2023-02-09 11:04:15,https://www.gemeinde-merching.de/wp-content/uploads/2023/02/Begruendung_Vorentwurf_2023-01-19.pdf,True,False,,,0
7239,attachment,inherit,Planzeichnung_Vorentwurf_6_Änd_FNP_Merching_2023-01-19,planzeichnung_vorentwurf_6_aend_fnp_merching_2023-01-19,0,2023-02-09 10:59:55,2023-02-09 11:07:43,https://www.gemeinde-merching.de/wp-content/uploads/2023/02/Planzeichnung_Vorentwurf_6_Aend_FNP_Merching_2023-01-19.pdf,True,False,,,0
7588,attachment,inherit,Bekanntmachung_ern_öff_Ausl_BPNr34_Östl_Nebelhornstr,bekanntmachung_ern_oeff_ausl_bpnr34_oestl_nebelhornstr,0,2023-05-26 08:39:59,2023-05-26 08:39:59,https://www.gemeinde-merching.de/wp-content/uploads/2023/05/Bekanntmachung_ern_oeff_Ausl_BPNr34_Oestl_Nebelhornstr.pdf,True,False,,,0
7528,attachment,inherit,Amtsblatt 04-2023=Jahrg. 78 Nr. 4,amtsblatt-04-2023jahrg-78-nr-4,0,2023-04-17 09:00:57,2023-04-17 09:00:57,https://www.gemeinde-merching.de/wp-content/uploads/2023/04/Amtsblatt-04-2023Jahrg.-78-Nr.-4.pdf,True,False,,,0
7651,attachment,inherit,Lampe,lampe,0,2023-06-14 16:26:22,2025-07-16 12:17:42,https://www.gemeinde-merching.de/wp-content/uploads/2023/06/Lampe.jpg,True,False,,,0
7895,attachment,inherit,MandatformularGemeinde_mit _Tel_und_E-Mail_2023,mandatformulargemeinde_mit-_tel_und_e-mail_2023,0,2023-08-24 13:19:46,2023-08-24 13:19:46,https://www.gemeinde-merching.de/wp-content/uploads/2023/08/MandatformularGemeinde_mit-_Tel_und_E-Mail_2023.pdf,True,False,,,0
9161,attachment,inherit,842_Gemeinde-Merching,842_gemeinde-merching,0,2024-11-22 08:10:53,2025-06-04 19:27:16,https://www.gemeinde-merching.de/wp-content/uploads/2024/11/842_Gemeinde-Merching.png,True,False,,,0
8229,attachment,inherit,Plakatierungsverordnung,plakatierungsverordnung,8228,2024-01-15 09:21:59,2024-01-15 09:21:59,https://www.gemeinde-merching.de/wp-content/uploads/2024/01/Plakatierungsverordnung.pdf,True,False,,,0
7515,attachment,inherit,Stellenausschreibung,aushang-homepage-2,0,2023-04-11 11:35:25,2023-04-11 11:36:42,https://www.gemeinde-merching.de/wp-content/uploads/2023/04/Aushang-Homepage.docx,True,False,,,0
9994,attachment,inherit,Flyer Vereinsforum 2025 2. HJ Version EK,flyer-vereinsforum-2025-2-hj-version-ek-2,0,2025-09-18 11:48:32,2025-09-18 11:50:04,https://www.gemeinde-merching.de/wp-content/uploads/2025/09/Flyer-Vereinsforum-2025-2.-HJ-Version-EK-1.pdf,True,False,,,0
10133,attachment,inherit,BekanntmachungRattenbekJan26,bekanntmachungrattenbekjan26,0,2025-11-27 10:51:58,2025-11-27 10:51:58,https://www.gemeinde-merching.de/wp-content/uploads/2025/11/BekanntmachungRattenbekJan26.pdf,True,False,,,0
7483,attachment,inherit,Rama Dama Hochdorf,rama-dama-hochdorf,0,2023-03-30 09:16:01,2023-03-30 09:16:01,https://www.gemeinde-merching.de/wp-content/uploads/2023/03/Rama-Dama-Hochdorf.pdf,True,False,,,0
7517,attachment,inherit,Stellenausschreibung,aushang-homepage-3,0,2023-04-11 11:40:24,2023-04-11 11:40:49,https://www.gemeinde-merching.de/wp-content/uploads/2023/04/Aushang-Homepage.pdf,True,False,,,0
7670,attachment,inherit,5. Änd. Flächennutzunngs u. Landschaftsplan u. Aufstell. d. vorhabensbez. BP Nr. 39 SG Photovoltaikanl. östl. der Schmiechach,5-aend-flaechennutzunngs-u-landschaftsplan-u-aufstell-d-vorhabensbez-bp-nr-39-sg-photovoltaikanl-oestl-der-schmiechach,0,2023-06-19 09:29:56,2023-06-19 09:29:56,https://www.gemeinde-merching.de/wp-content/uploads/2023/06/5.-Aend.-Flaechennutzunngs-u.-Landschaftsplan-u.-Aufstell.-d.-vorhabensbez.-BP-Nr.-39-SG-Photovoltaikanl.-oestl.-der-Schmiechach.pdf,True,False,,,0
9937,attachment,inherit,Ausschreibung Architekturpreis,ausschreibung-architekturpreis,9936,2025-08-14 16:43:03,2025-08-14 16:43:03,https://www.gemeinde-merching.de/wp-content/uploads/2025/08/Ausschreibung-Architekturpreis.pdf,True,False,,,0
7681,attachment,inherit,Amtsblatt 06-2023=Jahrg. 78 Nr. 06,amtsblatt-06-2023jahrg-78-nr-06,0,2023-06-20 08:16:02,2023-06-20 08:16:02,https://www.gemeinde-merching.de/wp-content/uploads/2023/06/Amtsblatt-06-2023Jahrg.-78-Nr.-06.pdf,True,False,,,0
7686,attachment,inherit,Antrag - Fahrkarte,antrag-fahrkarte,0,2023-06-20 08:44:55,2023-06-20 08:44:55,https://www.gemeinde-merching.de/wp-content/uploads/2023/06/Antrag-Fahrkarte.pdf,True,False,,,0
7734,attachment,inherit,BP PV Merching Planzeichnung Teil A 29.06.2023,bp-pv-merching-planzeichnung-teil-a-29-06-2023,0,2023-06-29 12:14:17,2023-06-29 12:14:17,https://www.gemeinde-merching.de/wp-content/uploads/2023/06/BP-PV-Merching-Planzeichnung-Teil-A-29.06.2023.pdf,True,False,,,0
9939,wpdmpro,publish,Ausschreibung Architekturpreis Bezirk Schwaben 2026,ausschreibung-architekturpreis-bezirk-schwaben-2026,0,2025-08-14 16:44:27,2025-08-14 16:44:27,https://www.gemeinde-merching.de/download/ausschreibung-architekturpreis-bezirk-schwaben-2026/,True,False,,pdf-embedder,156
9940,attachment,inherit,Ausschreibung Architekturpreis,ausschreibung-architekturpreis-2,9939,2025-08-14 16:44:02,2025-08-14 16:44:02,https://www.gemeinde-merching.de/wp-content/uploads/2025/08/Ausschreibung-Architekturpreis-1.pdf,True,False,,,0
7705,attachment,inherit,IMG_3242,img_3242,0,2023-06-22 15:46:39,2025-06-05 08:38:46,https://www.gemeinde-merching.de/wp-content/uploads/2023/06/IMG_3242.jpg,True,False,,,0
7706,attachment,inherit,IMG_3237,img_3237,255,2023-06-22 15:48:37,2025-06-05 08:38:29,https://www.gemeinde-merching.de/wp-content/uploads/2023/06/IMG_3237.jpg,True,False,,,0
7769,attachment,inherit,Amtsblatt 06a-2023=Jahrg. 78 Nr. 06a,amtsblatt-06a-2023jahrg-78-nr-06a,0,2023-07-03 09:20:54,2023-07-03 09:20:54,https://www.gemeinde-merching.de/wp-content/uploads/2023/07/Amtsblatt-06a-2023Jahrg.-78-Nr.-06a.pdf,True,False,,,0
7711,attachment,inherit,Bekanntmachung_ern_öff_Ausl_BPNr34_Östl_Nebelhornstr,bekanntmachung_ern_oeff_ausl_bpnr34_oestl_nebelhornstr-2,0,2023-06-23 08:00:20,2023-06-23 08:00:20,https://www.gemeinde-merching.de/wp-content/uploads/2023/06/Bekanntmachung_ern_oeff_Ausl_BPNr34_Oestl_Nebelhornstr.pdf,True,False,,,0
7723,attachment,inherit,BMWK_NKI_Gefoerdert_RGB_DE_2022_quer,bmwk_nki_gefoerdert_rgb_de_2022_quer,0,2023-06-27 14:17:47,2023-06-27 14:17:47,https://www.gemeinde-merching.de/wp-content/uploads/2022/10/BMWK_NKI_Gefoerdert_RGB_DE_2022_quer.jpg,True,False,,,0
10123,attachment,inherit,20251016_Plakat_Solartreff_Steindorf 25.11.,20251016_plakat_solartreff_steindorf-25-11,0,2025-11-24 10:59:00,2025-11-24 10:59:00,https://www.gemeinde-merching.de/wp-content/uploads/2025/11/20251016_Plakat_Solartreff_Steindorf-25.11.pdf,True,False,,,0
7736,attachment,inherit,BP PV Merching_Begründung mit Umweltbericht Teil C_07 29.06.2023,bp-pv-merching_begruendung-mit-umweltbericht-teil-c_07-29-06-2023,0,2023-06-29 12:18:09,2023-06-29 12:18:09,https://www.gemeinde-merching.de/wp-content/uploads/2023/06/BP-PV-Merching_Begruendung-mit-Umweltbericht-Teil-C_07-29.06.2023.pdf,True,False,,,0
8188,attachment,inherit,Amtsblatt 12-2023=Jahrg. 78 Nr. 12,amtsblatt-12-2023jahrg-78-nr-12,0,2023-12-11 09:32:21,2023-12-11 09:32:21,https://www.gemeinde-merching.de/wp-content/uploads/2023/12/Amtsblatt-12-2023Jahrg.-78-Nr.-12.pdf,True,False,,,0
7738,attachment,inherit,BP PV Merching_Festsetzungen Teil B 29.06.2023,bp-pv-merching_festsetzungen-teil-b-29-06-2023,0,2023-06-29 12:23:02,2023-06-29 12:23:02,https://www.gemeinde-merching.de/wp-content/uploads/2023/06/BP-PV-Merching_Festsetzungen-Teil-B-29.06.2023.pdf,True,False,,,0
7740,attachment,inherit,Datenschutzrechtliche Informationspflichten nach Art. 13 und 14 DSGVO 29.06.2023,datenschutzrechtliche-informationspflichten-nach-art-13-und-14-dsgvo-29-06-2023,0,2023-06-29 12:25:56,2023-06-29 12:25:56,https://www.gemeinde-merching.de/wp-content/uploads/2023/06/Datenschutzrechtliche-Informationspflichten-nach-Art.-13-und-14-DSGVO-29.06.2023.pdf,True,False,,,0
7742,attachment,inherit,FNP PV Merching Entwurf Teil A 29.06.2023,fnp-pv-merching-entwurf-teil-a-29-06-2023,0,2023-06-29 12:27:11,2023-06-29 12:27:11,https://www.gemeinde-merching.de/wp-content/uploads/2023/06/FNP-PV-Merching-Entwurf-Teil-A-29.06.2023.pdf,True,False,,,0
7744,attachment,inherit,FNP PV Merching_Begründung mit Umweltbericht Teil B_03 29.06.2023,fnp-pv-merching_begruendung-mit-umweltbericht-teil-b_03-29-06-2023,0,2023-06-29 12:31:14,2023-06-29 12:31:14,https://www.gemeinde-merching.de/wp-content/uploads/2023/06/FNP-PV-Merching_Begruendung-mit-Umweltbericht-Teil-B_03-29.06.2023.pdf,True,False,,,0
7745,attachment,inherit,Stellungnahme frühz. Beteiligung_Denkmalpflege_Abwägung 29.06.2023,stellungnahme-fruehz-beteiligung_denkmalpflege_abwaegung-29-06-2023,0,2023-06-29 12:34:07,2023-06-29 12:34:07,https://www.gemeinde-merching.de/wp-content/uploads/2023/06/Stellungnahme-fruehz.-Beteiligung_Denkmalpflege_Abwaegung-29.06.2023.pdf,True,False,,,0
7749,attachment,inherit,Stellungnahme frühz. Beteiligung_Denkmalpflege_Abwägung 29.06.2023,stellungnahme-fruehz-beteiligung_denkmalpflege_abwaegung-29-06-2023-2,0,2023-06-29 12:35:31,2023-06-29 12:35:31,https://www.gemeinde-merching.de/wp-content/uploads/2023/06/Stellungnahme-fruehz.-Beteiligung_Denkmalpflege_Abwaegung-29.06.2023-1.pdf,True,False,,,0
7751,attachment,inherit,Stellungnahme frühz. Beteiligung_LRA für BP_Abwägung 29.06.2023,stellungnahme-fruehz-beteiligung_lra-fuer-bp_abwaegung-29-06-2023,0,2023-06-29 12:48:47,2023-06-29 12:48:47,https://www.gemeinde-merching.de/wp-content/uploads/2023/06/Stellungnahme-fruehz.-Beteiligung_LRA-fuer-BP_Abwaegung-29.06.2023.pdf,True,False,,,0
8224,attachment,inherit,Öffentl.Bekanntmachung_GR1_Jan24,oeffentl-bekanntmachung_gr1_jan24,0,2024-01-15 09:00:18,2024-01-15 09:00:18,https://www.gemeinde-merching.de/wp-content/uploads/2024/01/Oeffentl.Bekanntmachung_GR1_Jan24.pdf,True,False,,,0
7753,attachment,inherit,Stellungnahme frühz. Beteiligung_LRA für FNP_Abwägung 29.06.2023,stellungnahme-fruehz-beteiligung_lra-fuer-fnp_abwaegung-29-06-2023,0,2023-06-29 12:55:38,2023-06-29 12:55:38,https://www.gemeinde-merching.de/wp-content/uploads/2023/06/Stellungnahme-fruehz.-Beteiligung_LRA-fuer-FNP_Abwaegung-29.06.2023.pdf,True,False,,,0
8249,attachment,inherit,Plakatierungsverordnung,plakatierungsverordnung-2,8248,2024-01-25 11:26:46,2024-01-25 11:26:46,https://www.gemeinde-merching.de/wp-content/uploads/2024/01/Plakatierungsverordnung-1.pdf,True,False,,,0
7755,attachment,inherit,Stellungnahme frühz. Beteiligung_Regierung v. Schwaben_Abwägung 29.06.2023,stellungnahme-fruehz-beteiligung_regierung-v-schwaben_abwaegung-29-06-2023,0,2023-06-29 12:57:50,2023-06-29 12:57:50,https://www.gemeinde-merching.de/wp-content/uploads/2023/06/Stellungnahme-fruehz.-Beteiligung_Regierung-v.-Schwaben_Abwaegung-29.06.2023.pdf,True,False,,,0
7757,attachment,inherit,Stellungnahme frühz. Beteiligung_WWA_Abwägung 29.06.2023,stellungnahme-fruehz-beteiligung_wwa_abwaegung-29-06-2023,0,2023-06-29 13:04:26,2023-06-29 13:04:26,https://www.gemeinde-merching.de/wp-content/uploads/2023/06/Stellungnahme-fruehz.-Beteiligung_WWA_Abwaegung-29.06.2023.pdf,True,False,,,0
7760,attachment,inherit,PV Merching_Kartierung 2023-04-27 29.06.2023,pv-merching_kartierung-2023-04-27-29-06-2023,0,2023-06-29 13:07:24,2023-06-29 13:07:24,https://www.gemeinde-merching.de/wp-content/uploads/2023/06/PV-Merching_Kartierung-2023-04-27-29.06.2023.pdf,True,False,,,0
8064,attachment,inherit,Case für kabellose In-Ear-Kopfhörer Beispielbild,case-2,0,2023-11-03 08:27:38,2025-07-22 08:53:33,https://www.gemeinde-merching.de/wp-content/uploads/2023/11/Case.jpg,True,False,,,48
7834,attachment,inherit,Nivellement_Infoblätter_2023-03,nivellement_infoblaetter_2023-03,0,2023-07-24 10:52:46,2023-07-24 10:52:46,https://www.gemeinde-merching.de/wp-content/uploads/2023/07/Nivellement_Infoblaetter_2023-03.pdf,True,False,,,0
7847,attachment,inherit,IMG_3692,img_3692,0,2023-07-28 10:07:36,2023-07-28 10:07:36,https://www.gemeinde-merching.de/wp-content/uploads/2023/07/IMG_3692.jpg,True,False,,,0
7860,attachment,inherit,Pflegestützpunkt_Aichach-Friedberg_2023,pflegestuetzpunkt_aichach-friedberg_2023,7862,2023-08-03 10:31:44,2023-08-03 10:36:04,https://www.gemeinde-merching.de/wp-content/uploads/2023/08/Pflegestuetzpunkt_Aichach-Friedberg_2023.pdf,True,False,,,0
7862,link_library_links,publish,Pflegestützpunkt Landkreis Aichach-Friedberg,pflegestuetzpunkt-landkreis-aichach-friedberg,0,2023-08-03 10:36:35,2024-06-25 09:25:11,http://www.lra-aic-fdb.de/pflegestuetzpunkt,True,False,,pdf-embedder,173
7863,attachment,inherit,Logo-Pflegestuetzpunkt-Landkreis-Aichach-Friedberg-CMYK,logo-pflegestuetzpunkt-landkreis-aichach-friedberg-cmyk,7862,2023-08-03 10:50:15,2023-08-03 10:50:15,https://www.gemeinde-merching.de/wp-content/uploads/2023/08/Logo-Pflegestuetzpunkt-Landkreis-Aichach-Friedberg-CMYK.webp,True,False,,,0
9900,attachment,inherit,Nachhaltigkeitstag 2025_Plakat_A3,nachhaltigkeitstag-2025_plakat_a3-3,0,2025-07-30 12:01:06,2025-07-30 12:01:06,https://www.gemeinde-merching.de/wp-content/uploads/2025/07/Nachhaltigkeitstag-2025_Plakat_A3-2.pdf,True,False,,,0
8112,attachment,inherit,Leseclub Merching,leseclub-merching,0,2023-11-10 08:42:18,2023-11-10 08:42:18,https://www.gemeinde-merching.de/wp-content/uploads/2023/11/Leseclub-Merching.pdf,True,False,,,0
7894,link_library_links,publish,SEPA-Mandat Gemeinde Merching,sepa-mandat-gemeinde-merching,0,2023-08-24 13:12:42,2023-08-24 13:20:22,https://www.gemeinde-merching.de/wp-content/uploads/2023/08/MandatformularGemeinde_mit-_Tel_und_E-Mail_2023.pdf,True,False,,,0
9896,attachment,inherit,Nachhaltigkeitstag 2025_Plakat_A3,nachhaltigkeitstag-2025_plakat_a3,0,2025-07-30 11:54:53,2025-07-30 11:56:44,https://www.gemeinde-merching.de/wp-content/uploads/2025/07/Nachhaltigkeitstag-2025_Plakat_A3.pdf,True,False,,,62
9898,attachment,inherit,Nachhaltigkeitstag 2025_Plakat_A3,nachhaltigkeitstag-2025_plakat_a3-2,0,2025-07-30 11:58:59,2025-07-30 11:59:23,https://www.gemeinde-merching.de/wp-content/uploads/2025/07/Nachhaltigkeitstag-2025_Plakat_A3-1.pdf,True,False,,,56
7918,attachment,inherit,Amtsblatt-08-2023=Jahrg. 78 Nr. 08,amtsblatt-08-2023jahrg-78-nr-08-2,0,2023-09-05 10:11:26,2023-09-05 10:11:26,https://www.gemeinde-merching.de/wp-content/uploads/2023/09/Amtsblatt-08-2023Jahrg.-78-Nr.-08.pdf,True,False,,,0
7920,attachment,inherit,Amtsblatt 08a-2023=Jahrg. 78 Nr. 08a,amtsblatt-08a-2023jahrg-78-nr-08a,0,2023-09-05 11:04:33,2023-09-05 11:04:33,https://www.gemeinde-merching.de/wp-content/uploads/2023/09/Amtsblatt-08a-2023Jahrg.-78-Nr.-08a.pdf,True,False,,,0
7922,attachment,inherit,Amtsblatt-08b-2023Jahrg.-78-Nr.-08b,amtsblatt-08b-2023jahrg-78-nr-08b,0,2023-09-05 11:08:33,2023-09-05 11:08:33,https://www.gemeinde-merching.de/wp-content/uploads/2023/09/Amtsblatt-08b-2023Jahrg.-78-Nr.-08b.pdf,True,False,,,0
7924,attachment,inherit,Amtsblatt 09-2023=Jahrg. 78 Nr. 09,amtsblatt-09-2023jahrg-78-nr-09,0,2023-09-05 11:09:28,2023-09-05 11:09:28,https://www.gemeinde-merching.de/wp-content/uploads/2023/09/Amtsblatt-09-2023Jahrg.-78-Nr.-09.pdf,True,False,,,0
7940,attachment,inherit,Netzwerk Familie AELF Kurse,netzwerk-familie-aelf-kurse,0,2023-09-06 11:21:55,2023-09-06 11:25:00,https://www.gemeinde-merching.de/wp-content/uploads/2023/09/Netzwerk-Familie-AELF-Kurse.pdf,True,False,,,0
8237,attachment,inherit,Amtsblatt 01-2024=Jahrg. 79 Nr. 01,amtsblatt-01-2024jahrg-79-nr-01,0,2024-01-23 12:21:23,2024-01-23 12:21:23,https://www.gemeinde-merching.de/wp-content/uploads/2024/01/Amtsblatt-01-2024Jahrg.-79-Nr.-01.pdf,True,False,,,0
8785,wpdmpro,publish,Was soll ich tun bei Hochwasser?,was-soll-ich-tun-bei-hochwasser,0,2024-06-11 10:30:06,2024-06-11 10:30:06,https://www.gemeinde-merching.de/download/was-soll-ich-tun-bei-hochwasser/,True,False,,pdf-embedder,144
8194,attachment,inherit,Bekanntmachung Plakatierungsverordnung,bekanntmachung-plakatierungsverordnung,8193,2023-12-19 13:06:00,2023-12-19 13:06:00,https://www.gemeinde-merching.de/wp-content/uploads/2023/12/Bekanntmachung-Plakatierungsverordnung.pdf,True,False,,,0
8000,attachment,inherit,Amtsblatt 10-2023=78 Nr. 10 - entfällt,amtsblatt-10-202378-nr-10-entfaellt,0,2023-10-09 09:55:51,2023-10-09 09:55:51,https://www.gemeinde-merching.de/wp-content/uploads/2023/10/Amtsblatt-10-202378-Nr.-10-entfaellt.pdf,True,False,,,0
8021,attachment,inherit,FLY_Stromausfall_LAF_99x210mm_Merching_web,fly_stromausfall_laf_99x210mm_merching_web,8020,2023-10-19 11:20:49,2023-10-19 11:20:49,https://www.gemeinde-merching.de/wp-content/uploads/2023/10/FLY_Stromausfall_LAF_99x210mm_Merching_web.pdf,True,False,,,0
8787,post,publish,Was soll ich tun bei Hochwasser?,was-soll-ich-tun-bei-hochwasser,0,2024-06-11 10:36:47,2024-06-11 10:36:47,https://www.gemeinde-merching.de/was-soll-ich-tun-bei-hochwasser/,True,False,,,156
8786,attachment,inherit,Infoblatt Hochwasser 2024,infoblatt-hochwasser-2024,8785,2024-06-11 10:28:03,2024-06-11 10:28:03,https://www.gemeinde-merching.de/wp-content/uploads/2024/06/Infoblatt-Hochwasser-2024.pdf,True,False,,,0
8234,attachment,inherit,Wappen_Aichach-Friedberg_139x150,wappen_aichach-friedberg_139x150,0,2024-01-23 07:54:35,2025-07-16 12:15:46,https://www.gemeinde-merching.de/wp-content/uploads/2023/12/Wappen_Aichach-Friedberg_139x150.png,True,False,,,0
8040,attachment,inherit,Gemeindekurier November 2023 f. Homepage,gemeindekurier-november-2023-f-homepage,0,2023-10-24 09:38:23,2023-10-24 09:38:23,https://www.gemeinde-merching.de/wp-content/uploads/2023/10/Gemeindekurier-November-2023-f.-Homepage.pdf,True,False,,,0
8043,attachment,inherit,Amtsblatt 10a-2023=Jahrg. 78 Nr. 10a,amtsblatt-10a-2023jahrg-78-nr-10a,0,2023-10-25 12:09:37,2023-10-25 12:09:37,https://www.gemeinde-merching.de/wp-content/uploads/2023/10/Amtsblatt-10a-2023Jahrg.-78-Nr.-10a.pdf,True,False,,,0
8135,attachment,inherit,Abschaffung des Kinderreisepasses zum 01.01.2024,abschaffung-des-kinderreisepasses-zum-01-01-2024-2,8134,2023-11-29 11:08:18,2023-11-29 11:08:18,https://www.gemeinde-merching.de/wp-content/uploads/2023/11/Abschaffung-des-Kinderreisepasses-zum-01.01.2024-1.pdf,True,False,,,0
9205,attachment,inherit,Plakat 2024,plakat-2024,0,2024-12-16 12:47:35,2024-12-16 12:47:35,https://www.gemeinde-merching.de/wp-content/uploads/2024/12/Plakat-2024.doc,True,False,,,0
10534,post,publish,Verkündung des Ergebnisses der Wahl des Ortssprechers für den Ortsteil Hochdorf,verkuendung-des-ergebnisses-der-wahl-des-ortssprechers-fuer-den-ortsteil-hochdorf,0,2026-04-24 18:59:03,2026-04-24 18:59:30,https://www.gemeinde-merching.de/verkuendung-des-ergebnisses-der-wahl-des-ortssprechers-fuer-den-ortsteil-hochdorf/,True,False,,,225
8084,attachment,inherit,Amtsblatt 11-2023=Jahrg. 78 Nr. 11,amtsblatt-11-2023jahrg-78-nr-11,0,2023-11-09 09:25:23,2023-11-09 09:25:23,https://www.gemeinde-merching.de/wp-content/uploads/2023/11/Amtsblatt-11-2023Jahrg.-78-Nr.-11.pdf,True,False,,,0
8087,attachment,inherit,BGS_WAS_Satzung_2022,bgs_was_satzung_2022,0,2023-11-09 09:28:03,2023-11-09 09:28:03,https://www.gemeinde-merching.de/wp-content/uploads/2023/11/BGS_WAS_Satzung_2022.pdf,True,False,,,0
8088,wpdmpro,publish,Wasserabgabesatzung 01.01.2022,wasserabgabesatzung-01-01-2022,0,2023-11-09 09:35:10,2023-11-09 09:35:10,https://www.gemeinde-merching.de/download/wasserabgabesatzung-01-01-2022/,True,False,,pdf-embedder,101
8089,attachment,inherit,Satzung_WAS_2022,satzung_was_2022,8088,2023-11-09 09:34:51,2023-11-09 09:34:51,https://www.gemeinde-merching.de/wp-content/uploads/2023/11/Satzung_WAS_2022.pdf,True,False,,,0
8090,wpdmpro,publish,Entwässerungssatzung 01.01.2022,entwaesserungssatzung-01-01-2022,0,2023-11-09 09:36:03,2023-11-09 09:36:03,https://www.gemeinde-merching.de/download/entwaesserungssatzung-01-01-2022/,True,False,,pdf-embedder,101
8091,attachment,inherit,EWS_Satzung_2022,ews_satzung_2022,8090,2023-11-09 09:35:48,2023-11-09 09:35:48,https://www.gemeinde-merching.de/wp-content/uploads/2023/11/EWS_Satzung_2022.pdf,True,False,,,0
8093,attachment,inherit,BP PV Mandichosee_Teil A_Planzeichnung-2023-10-26,bp-pv-mandichosee_teil-a_planzeichnung-2023-10-26,0,2023-11-09 09:51:00,2023-11-09 09:51:00,https://www.gemeinde-merching.de/wp-content/uploads/2023/11/BP-PV-Mandichosee_Teil-A_Planzeichnung-2023-10-26.pdf,True,False,,,0
8095,attachment,inherit,BP PV Mandichosee_Teil B_Festsetzungen-2023-10-26,bp-pv-mandichosee_teil-b_festsetzungen-2023-10-26,0,2023-11-09 09:58:34,2023-11-09 09:58:34,https://www.gemeinde-merching.de/wp-content/uploads/2023/11/BP-PV-Mandichosee_Teil-B_Festsetzungen-2023-10-26.pdf,True,False,,,0
8594,attachment,inherit,BP Nr. 39 PV Merching Teil A Planzeichnung 2023-10-26,bp-nr-39-pv-merching-teil-a-planzeichnung-2023-10-26,0,2024-03-05 16:04:45,2024-03-05 16:04:45,https://www.gemeinde-merching.de/wp-content/uploads/2024/03/BP-Nr.-39-PV-Merching-Teil-A-Planzeichnung-2023-10-26.pdf,True,False,,,0
8097,attachment,inherit,BP PV Mandichosee_Teil C_Begründung mit Umweltbericht-2023-10-26,bp-pv-mandichosee_teil-c_begruendung-mit-umweltbericht-2023-10-26,0,2023-11-09 10:00:46,2023-11-09 10:00:46,https://www.gemeinde-merching.de/wp-content/uploads/2023/11/BP-PV-Mandichosee_Teil-C_Begruendung-mit-Umweltbericht-2023-10-26.pdf,True,False,,,0
8601,attachment,inherit,5. Änderung FNP PV Merching_Begründung mit Umweltbericht Teil B,5-aenderung-fnp-pv-merching_begruendung-mit-umweltbericht-teil-b,0,2024-03-06 09:14:19,2024-03-06 09:14:19,https://www.gemeinde-merching.de/wp-content/uploads/2024/03/5.-Aenderung-FNP-PV-Merching_Begruendung-mit-Umweltbericht-Teil-B.pdf,True,False,,,0
8099,attachment,inherit,BP PV Mandichosees Fachbeitrag Artenschutz,bp-pv-mandichosees-fachbeitrag-artenschutz,0,2023-11-09 10:02:43,2023-11-09 10:02:43,https://www.gemeinde-merching.de/wp-content/uploads/2023/11/BP-PV-Mandichosees-Fachbeitrag-Artenschutz.pdf,True,False,,,0
8101,attachment,inherit,FNP PV Mandichosee_Teil A_Planzeichnung-2023-10-26,fnp-pv-mandichosee_teil-a_planzeichnung-2023-10-26,0,2023-11-09 10:06:19,2023-11-09 10:06:19,https://www.gemeinde-merching.de/wp-content/uploads/2023/11/FNP-PV-Mandichosee_Teil-A_Planzeichnung-2023-10-26.pdf,True,False,,,0
8599,attachment,inherit,5. Änderung FNP PV Merching Teil A_Planzeichnung,5-aenderung-fnp-pv-merching-teil-a_planzeichnung,0,2024-03-06 09:12:51,2024-03-06 09:12:51,https://www.gemeinde-merching.de/wp-content/uploads/2024/03/5.-Aenderung-FNP-PV-Merching-Teil-A_Planzeichnung.pdf,True,False,,,0
8103,attachment,inherit,FNP PV Mandichosee_Teil B_Begründung m. Umweltbericht-2023-10-26,fnp-pv-mandichosee_teil-b_begruendung-m-umweltbericht-2023-10-26,0,2023-11-09 10:07:52,2023-11-09 10:07:52,https://www.gemeinde-merching.de/wp-content/uploads/2023/11/FNP-PV-Mandichosee_Teil-B_Begruendung-m.-Umweltbericht-2023-10-26.pdf,True,False,,,0
9925,wpdmpro,publish,Feuerwehr - Satzung über Aufwendungs- und Kostenersatz für Einsätze und andere Leistungen gemeindlicher Feuerwehren ab 01.01.2026,bekanntmachung-satzung-d-gemeinde-merching-ue-aufwendungs-u-kostenersatz-f-einsaetze-u-andere-leistungen-gemeindlicher-feuerwehren-ab-01-01-2026,0,2025-12-15 06:58:17,2025-12-15 07:01:12,https://www.gemeinde-merching.de/download/bekanntmachung-satzung-d-gemeinde-merching-ue-aufwendungs-u-kostenersatz-f-einsaetze-u-andere-leistungen-gemeindlicher-feuerwehren-ab-01-01-2026/,True,False,,pdf-embedder,336
9911,wpdmpro,publish,Wasser - Beitrags- und Gebührensatzung zur Wasserabgabesatzung ab 01.01.2026,wasser-beitrags-und-gebuehrensatzung-zur-wasserabgabesatzung-ab-01-01-2026,0,2025-12-15 06:47:10,2025-12-15 06:48:02,https://www.gemeinde-merching.de/download/wasser-beitrags-und-gebuehrensatzung-zur-wasserabgabesatzung-ab-01-01-2026/,True,False,,pdf-embedder,246
9912,attachment,inherit,Wasser-Beitrags- und Gebührensatzung zur Wasserabgabesatzung ab 01.01.2026,wasser-beitrags-und-gebuehrensatzung-zur-wasserabgabesatzung-ab-01-01-2026,9911,2025-08-05 14:14:44,2025-08-05 14:14:44,https://www.gemeinde-merching.de/wp-content/uploads/2025/08/Wasser-Beitrags-und-Gebuehrensatzung-zur-Wasserabgabesatzung-ab-01.01.2026.pdf,True,False,,,0
10181,post,publish,Bekanntmachung Beschwerdeausschuss,bekanntmachung-beschwerdeausschuss,0,2025-12-16 11:43:02,2025-12-16 11:43:02,https://www.gemeinde-merching.de/bekanntmachung-beschwerdeausschuss/,True,False,,,294
8154,attachment,inherit,Logo Advent,logo-advent-2,0,2023-12-04 10:10:46,2023-12-04 10:10:46,https://www.gemeinde-merching.de/wp-content/uploads/2023/12/Logo-Advent.pdf,True,False,,,0
9968,wpdmpro,publish,Bekanntmachung Stellplatzsatzung vom 08.09.2025,bekanntmachung-stellplatzsatzung-vom-08-09-2025,0,2025-09-16 08:06:18,2025-09-16 08:06:18,https://www.gemeinde-merching.de/download/bekanntmachung-stellplatzsatzung-vom-08-09-2025/,True,False,,pdf-embedder,188
9197,post,publish,Grundsteuer ab 2025 - Info des Finanzamtes zur Korrektur der Messbeträge,grundsteuer-ab-2025-info-des-finanzamtes-zur-korrektur-der-messbetraege,0,2024-12-09 11:42:30,2024-12-09 11:42:30,https://www.gemeinde-merching.de/grundsteuer-ab-2025-info-des-finanzamtes-zur-korrektur-der-messbetraege/,True,False,,,2366
9198,attachment,inherit,Grundsteuer_Korrektur_Formular_FA_04_12_2024,korrektur_formular_zur_grst_auslage_in_gemeinde_und_sz_04-12-2024,0,2024-12-09 11:20:59,2024-12-09 11:21:44,https://www.gemeinde-merching.de/wp-content/uploads/2024/12/Korrektur_Formular_zur_GrSt_Auslage_in_Gemeinde_und_SZ_04.12.2024.pdf,True,False,,,0
8179,attachment,inherit,Gemeindekurier Weihnachten 2023 f. Homepage,gemeindekurier-weihnachten-2023-f-homepage,0,2023-12-07 16:57:43,2023-12-07 16:57:43,https://www.gemeinde-merching.de/wp-content/uploads/2023/12/Gemeindekurier-Weihnachten-2023-f.-Homepage.pdf,True,False,,,0
10180,attachment,inherit,Bekanntmachung Beschwerdeausschusssitzung,bekanntmachung-beschwerdeausschusssitzung,10179,2025-12-16 11:37:01,2025-12-16 11:37:01,https://www.gemeinde-merching.de/wp-content/uploads/2025/12/Bekanntmachung-Beschwerdeausschusssitzung.pdf,True,False,,,0
8316,attachment,inherit,240208_E-Mail-Abbinder_Ukraine-2Jahrestag,240208_e-mail-abbinder_ukraine-2jahrestag,0,2024-02-14 12:16:45,2024-02-14 12:16:45,https://www.gemeinde-merching.de/wp-content/uploads/2024/02/240208_E-Mail-Abbinder_Ukraine-2Jahrestag.jpg,True,False,,,0
8323,attachment,inherit,Amtsblatt 02-2024=Jahrg. 79 Nr. 02,amtsblatt-02-2024jahrg-79-nr-02,0,2024-02-14 12:26:09,2024-02-14 12:26:09,https://www.gemeinde-merching.de/wp-content/uploads/2024/02/Amtsblatt-02-2024Jahrg.-79-Nr.-02.pdf,True,False,,,0
8607,attachment,inherit,Amtsblatt 03-2024Jahrg. 79 Nr. 03,amtsblatt-03-2024jahrg-79-nr-03,0,2024-03-12 08:20:15,2024-03-12 08:20:15,https://www.gemeinde-merching.de/wp-content/uploads/2024/03/Amtsblatt-03-2024Jahrg.-79-Nr.-03.pdf,True,False,,,0
10169,attachment,inherit,Feuerwehr - Satzung über Aufwendungd- und Kostenersatz für Einsätze und andere Leistungen gem. Feuehrwehren ab 01.01.2026,feuerwehr-satzung-ueber-aufwendungd-und-kostenersatz-fuer-einsaetze-und-andere-leistungen-gem-feuehrwehren-ab-01-01-2026,9925,2025-12-15 06:58:19,2025-12-15 06:58:19,https://www.gemeinde-merching.de/wp-content/uploads/2025/08/Feuerwehr-Satzung-ueber-Aufwendungd-und-Kostenersatz-fuer-Einsaetze-und-andere-Leistungen-gem.-Feuehrwehren-ab-01.01.2026.pdf,True,False,,,0
8659,wpdmpro,publish,Beste Ausbildungs- und Studienchanchen in der öffentlichen Verwaltung Bayerns,beste-ausbildungs-und-studienchanchen-in-der-oeffentlichen-verwaltung-bayerns,0,2024-03-25 09:45:09,2024-03-25 09:45:09,https://www.gemeinde-merching.de/download/beste-ausbildungs-und-studienchanchen-in-der-oeffentlichen-verwaltung-bayerns/,True,False,,pdf-embedder,152
9234,wpdmpro,publish,GSV - HH 1 Inhaltsverzeichnis 2026,gsv-hh-inhaltsverzeichnis-2026,0,2025-01-07 11:19:17,2026-03-04 12:02:57,https://www.gemeinde-merching.de/download/gsv-hh-inhaltsverzeichnis-2026/,True,False,,,0
9244,wpdmpro,publish,MSV - HH 4 Vorbericht 2026,msv-hh-4-vorbericht-2026,0,2025-01-07 11:29:26,2026-03-04 12:00:27,https://www.gemeinde-merching.de/download/msv-hh-4-vorbericht-2026/,True,False,,,0
9243,wpdmpro,publish,MSV - HH 3 Schulverbandsumlage 2026,msv-hh-3-schulverbandsumlage-2026,0,2025-01-07 11:28:10,2026-03-04 12:00:03,https://www.gemeinde-merching.de/download/msv-hh-3-schulverbandsumlage-2026/,True,False,,,0
8567,post,publish,Abschaffung Kinderreisepass zum 01.01.2024,abschaffung-kinderreisepass-zum-01-01-2024,0,2024-02-29 15:13:43,2024-02-29 15:12:35,https://www.gemeinde-merching.de/abschaffung-kinderreisepass-zum-01-01-2024/,True,False,,pdf-embedder,148
8622,attachment,inherit,Gemeindekurier Ostern 2024 f. Homepage,gemeindekurier-ostern-2024-f-homepage,0,2024-03-20 08:25:23,2024-03-20 08:25:23,https://www.gemeinde-merching.de/wp-content/uploads/2024/03/Gemeindekurier-Ostern-2024-f.-Homepage.pdf,True,False,,,0
8634,tablepress_table,publish,Veranstaltungskalender,veranstaltungskalender,0,2024-03-21 09:27:04,2026-10-06 09:06:35,https://www.gemeinde-merching.de/?post_type=tablepress_table&p=8634,True,False,,,8536
10177,attachment,inherit,Stellplatzsatzung ab 30.09.2025,stellplatzsatzung-ab-30-09-2025,9972,2025-12-16 08:00:15,2025-12-16 08:00:15,https://www.gemeinde-merching.de/wp-content/uploads/2025/09/Stellplatzsatzung-ab-30.09.2025-.pdf,True,False,,,0
10532,wpdmpro,publish,Verkündung des Ergebnisses der Wahl des Ortssprechers für den Ortsteil Hochdorf,verkuendung-des-ergebnisses-der-wahl-des-ortssprechers-fuer-den-ortsteil-hochdorf,0,2026-04-24 18:56:18,2026-04-24 18:56:18,https://www.gemeinde-merching.de/download/verkuendung-des-ergebnisses-der-wahl-des-ortssprechers-fuer-den-ortsteil-hochdorf/,True,False,,pdf-embedder,179
10515,post,publish,Pressemitteilung Landratsamt Aichach-Friedberg : Bündnis f. Demokratie spricht Förderempfehlungen für 2026 aus,pressemitteilung-landratsamt-aichach-friedberg-buendnis-f-demokratie-spricht-foerderempfehlungen-fuer-2026-aus,0,2026-04-16 12:11:35,2026-04-16 12:11:35,https://www.gemeinde-merching.de/pressemitteilung-landratsamt-aichach-friedberg-buendnis-f-demokratie-spricht-foerderempfehlungen-fuer-2026-aus/,True,False,,pdf-embedder,198
10516,attachment,inherit,20260414_Sitzung Bündnis für Demokratie f. Homepage,20260414_sitzung-buendnis-fuer-demokratie-f-homepage,10515,2026-04-16 12:07:16,2026-04-16 12:07:16,https://www.gemeinde-merching.de/wp-content/uploads/2026/04/20260414_Sitzung-Buendnis-fuer-Demokratie-f.-Homepage.pdf,True,False,,,0
10376,wpdmpro,publish,Prüfbericht Trinkwasser November 2025,pruefbericht-trinkwasser-november-2025,0,2026-02-26 12:32:18,2026-02-26 12:32:18,https://www.gemeinde-merching.de/download/pruefbericht-trinkwasser-november-2025/,True,False,,pdf-embedder,190
10173,post,publish,Bekanntmachung der Beitrags- und Gebührensatzung zur Wasserabgabesatzung der Gemeinde Merching v. 12.12.2025,bekanntmachung-der-beitrags-und-gebuehrensatzung-zur-wasserabgabesatzung-der-gemeinde-merching-v-12-12-2025,0,2025-12-15 07:19:16,2025-12-15 07:19:16,https://www.gemeinde-merching.de/bekanntmachung-der-beitrags-und-gebuehrensatzung-zur-wasserabgabesatzung-der-gemeinde-merching-v-12-12-2025/,True,False,,,113
10171,post,publish,Bekanntmachung der Beitrags- und Gebührensatzung zur Entwässerungssatzung der Gemeinde Merching v. 12.12.2025,bekanntmachung-der-beitrags-und-gebuehrensatzung-zur-entwaesserungssatzung-der-gemeinde-merching-v-12-12-2025,0,2025-12-15 07:13:44,2025-12-15 07:13:44,https://www.gemeinde-merching.de/bekanntmachung-der-beitrags-und-gebuehrensatzung-zur-entwaesserungssatzung-der-gemeinde-merching-v-12-12-2025/,True,False,,,113
8674,attachment,inherit,miteinand und füreinand,miteinand-und-fuereinand,0,2024-04-10 09:46:33,2024-04-10 09:46:33,https://www.gemeinde-merching.de/wp-content/uploads/2024/04/miteinand-und-fuereinand.png,True,False,,,0
8675,attachment,inherit,Anmeldeformular 2024 1 HJ,anmeldeformular-2024-1-hj,0,2024-04-10 10:03:09,2024-04-10 10:03:09,https://www.gemeinde-merching.de/wp-content/uploads/2024/04/Anmeldeformular-2024-1-HJ.pdf,True,False,,,0
8715,attachment,inherit,EnergiePortal_Veröffentltext_SchadensMelder_Dez23,energieportal_veroeffentltext_schadensmelder_dez23,8714,2024-05-03 11:32:48,2024-05-03 11:32:48,https://www.gemeinde-merching.de/wp-content/uploads/2024/05/EnergiePortal_Veroeffentltext_SchadensMelder_Dez23.pdf,True,False,,,0
8717,attachment,inherit,QRCode_StörmelderApp_Merching_210602,qrcode_stoermelderapp_merching_210602-2,8714,2024-05-03 11:48:08,2024-05-03 11:48:08,https://www.gemeinde-merching.de/wp-content/uploads/2024/05/QRCode_StoermelderApp_Merching_210602.png,True,False,,,0
8722,wpdmpro,publish,"Schäden oder Störungen an Straßenlampen mit dem ""bayernwerk SchadensMelder"" an die Kommune melden",schaeden-oder-stoerungen-an-strassenlampen-mit-dem-bayernwerk-schadensmelder-an-die-kommune-melden,0,2024-05-03 11:59:28,2024-05-03 11:59:28,https://www.gemeinde-merching.de/download/schaeden-oder-stoerungen-an-strassenlampen-mit-dem-bayernwerk-schadensmelder-an-die-kommune-melden/,True,False,,pdf-embedder,542
8869,attachment,inherit,Antrag_Fahrkarte_2024_2025,antrag_fahrkarte_2024_2025-2,0,2024-07-16 10:02:50,2024-07-16 10:02:50,https://www.gemeinde-merching.de/wp-content/uploads/2024/07/Antrag_Fahrkarte_2024_2025-1.pdf,True,False,,,0
9222,page,publish,Haushaltspläne,haushaltsplaene,10,2025-01-07 08:03:17,2025-01-07 11:03:56,https://www.gemeinde-merching.de/buergerservice/haushaltsplaene/,True,False,,wpdm_category,401
9246,wpdmpro,publish,MSV - HH 6 Stellenplan 2026,msv-hh-6-stellenplan-2026,0,2025-01-07 11:31:27,2026-03-04 12:01:17,https://www.gemeinde-merching.de/download/msv-hh-6-stellenplan-2026/,True,False,,,0
9238,wpdmpro,publish,GSV - HH 5 Haushaltsplan mit Finanzplan 2026,gsv-hh-haushaltsplan-mit-finanzplan,0,2025-01-07 11:22:01,2026-03-04 12:04:22,https://www.gemeinde-merching.de/download/gsv-hh-haushaltsplan-mit-finanzplan/,True,False,,,0
8824,post,publish,Grundsteueränderungsanzeige,grundsteueraenderungsanzeige,0,2024-07-03 11:58:23,2024-07-03 11:57:12,https://www.gemeinde-merching.de/grundsteueraenderungsanzeige/,True,False,,,919
8815,attachment,inherit,https://www.gemeinde-merching.de/wp-content/uploads/2021/08/Energieberatung-Landkreis-Aichach-Friedberg-Typo-schwarz-RGB-scaled-e1629102681482.jpg,https-www-gemeinde-merching-de-wp-content-uploads-2021-08-energieberatung-landkreis-aichach-friedberg-typo-schwarz-rgb-scaled-e1629102681482-jpg,4149,2024-06-25 09:15:35,2024-06-25 09:15:35,https://www.gemeinde-merching.de/?attachment_id=8815,True,False,,,0
8816,attachment,inherit,Energieberatung-Landkreis-Aichach-Friedberg-Typo-schwarz-RGB-scaled-e1629102681482,energieberatung-landkreis-aichach-friedberg-typo-schwarz-rgb-scaled-e1629102681482,0,2024-06-25 09:16:46,2024-06-25 09:16:46,https://www.gemeinde-merching.de/wp-content/uploads/2024/06/Energieberatung-Landkreis-Aichach-Friedberg-Typo-schwarz-RGB-scaled-e1629102681482.jpg,True,False,,,0
8817,attachment,inherit,https://www.gemeinde-merching.de/wp-content/uploads/2024/06/Energieberatung-Landkreis-Aichach-Friedberg-Typo-schwarz-RGB-scaled-e1719300013415.jpg,https-www-gemeinde-merching-de-wp-content-uploads-2024-06-energieberatung-landkreis-aichach-friedberg-typo-schwarz-rgb-scaled-e1719300013415-jpg,4149,2024-06-25 09:23:38,2024-06-25 09:23:38,https://www.gemeinde-merching.de/?attachment_id=8817,True,False,,,0
8818,attachment,inherit,https://www.gemeinde-merching.de/wp-content/uploads/2023/08/Logo-Pflegestuetzpunkt-Landkreis-Aichach-Friedberg-CMYK-e1691053220541.webp,https-www-gemeinde-merching-de-wp-content-uploads-2023-08-logo-pflegestuetzpunkt-landkreis-aichach-friedberg-cmyk-e1691053220541-webp,7862,2024-06-25 09:25:11,2024-06-25 09:25:11,https://www.gemeinde-merching.de/?attachment_id=8818,True,False,,,0
8819,attachment,inherit,https://www.gemeinde-merching.de/wp-content/uploads/link-library-images/14.jpg,https-www-gemeinde-merching-de-wp-content-uploads-link-library-images-14-jpg,3815,2024-06-25 09:26:15,2024-06-25 09:26:15,https://www.gemeinde-merching.de/?attachment_id=8819,True,False,,,0
9237,wpdmpro,publish,GSV - HH 4 Vorbericht 2026,gsv-hh-vorbericht-2026,0,2025-01-07 11:21:16,2026-03-04 12:03:56,https://www.gemeinde-merching.de/download/gsv-hh-vorbericht-2026/,True,False,,,0
9236,wpdmpro,publish,GSV - HH 3 Schulverbandsumlage 2026,gsv-hh-schulverbandsumlage-2026,0,2025-01-07 11:20:21,2026-03-04 12:03:38,https://www.gemeinde-merching.de/download/gsv-hh-schulverbandsumlage-2026/,True,False,,,0
9686,attachment,inherit,Screenshot 2025-06-25 103555,screenshot-2025-06-25-103555-5,0,2025-06-25 10:48:03,2025-07-24 13:36:12,https://www.gemeinde-merching.de/wp-content/uploads/2025/06/Screenshot-2025-06-25-103555-4.jpg,True,False,,,19
9856,attachment,inherit,Sommerserenade entfällt,entfaellt,0,2025-07-24 13:46:34,2025-07-24 13:47:39,https://www.gemeinde-merching.de/wp-content/uploads/2025/07/Entfaellt.jpg,True,False,,,23
9689,attachment,inherit,Familienstützpunkt Süd Programm Juli bis Sept. 2025,familienstuetzpunkt-sued-programm-juli-bis-sept-2025,0,2025-06-26 12:27:57,2025-06-26 12:27:57,https://www.gemeinde-merching.de/wp-content/uploads/2025/06/Familienstuetzpunkt-Sued-Programm-Juli-bis-Sept.-2025.pdf,True,False,,,0
8974,attachment,inherit,doc00268420240910131618,doc00268420240910131618,0,2024-09-16 11:10:38,2024-09-16 11:10:38,https://www.gemeinde-merching.de/wp-content/uploads/2024/09/doc00268420240910131618.pdf,True,False,,,0
8971,post,publish,Mikrozensus 2026 - Pressemitteilung,mikrozensus-2024-mitteilung-08-08-2024-50-000-buergerinnen-und-buerger-muessen-noch-bis-jahresende-mitmachen,0,2026-01-29 17:57:23,2026-01-29 17:59:18,https://www.gemeinde-merching.de/mikrozensus-2024-mitteilung-08-08-2024-50-000-buergerinnen-und-buerger-muessen-noch-bis-jahresende-mitmachen/,True,False,,,397
8962,wpdmpro,publish,sachlicher Teilflächennutzungsplan Windkraft,sachlicher-teilflaechennutzungsplan-windkraft,0,2024-09-12 10:33:30,2024-09-12 10:33:30,https://www.gemeinde-merching.de/download/sachlicher-teilflaechennutzungsplan-windkraft/,True,False,,,0
10112,attachment,inherit,Merchinger Advent Programm_25_bearbeitet_ Plakat Schule Merching F. Lubetzki,merchinger-advent-programm_25_bearbeitet_-plakat-schule-merching-f-lubetzki,0,2025-11-20 12:26:37,2025-11-20 12:26:37,https://www.gemeinde-merching.de/wp-content/uploads/2025/11/Merchinger-Advent-Programm_25_bearbeitet_-Plakat-Schule-Merching-F.-Lubetzki.pdf,True,False,,,0
10167,attachment,inherit,Entwässerung - Beitrags- und Gebührensatzung zur Entwässerungssatzung ab 01.01.2026_NEU,entwaesserung-beitrags-und-gebuehrensatzung-zur-entwaesserungssatzung-ab-01-01-2026_neu,9913,2025-12-15 06:49:59,2025-12-15 06:49:59,https://www.gemeinde-merching.de/wp-content/uploads/2025/08/Entwaesserung-Beitrags-und-Gebuehrensatzung-zur-Entwaesserungssatzung-ab-01.01.2026_NEU.pdf,True,False,,,0
10816,attachment,inherit,Screenshot 2026-07-30 144027,screenshot-2026-07-30-144027,0,2026-07-30 14:40:16,2026-07-30 14:40:16,https://www.gemeinde-merching.de/wp-content/uploads/2026/07/Screenshot-2026-07-30-144027.png,True,False,,,0
9230,wpdmpro,publish,GSV - HH 0 Deckblatt 2026,gsv-hh-deckblatt,0,2025-01-07 08:21:57,2026-03-04 12:02:29,https://www.gemeinde-merching.de/download/gsv-hh-deckblatt/,True,False,,,0
9247,wpdmpro,publish,MSV - HH 7 Anlagen 2026,msv-hh-7-anlagen-2026,0,2025-01-07 11:31:46,2026-03-04 12:01:44,https://www.gemeinde-merching.de/download/msv-hh-7-anlagen-2026/,True,False,,,0
9235,wpdmpro,publish,GSV - HH 2 Haushaltssatzung 2026,gsv-hh-haushaltssatzung-2026,0,2025-01-07 11:19:57,2026-03-04 12:03:16,https://www.gemeinde-merching.de/download/gsv-hh-haushaltssatzung-2026/,True,False,,,0
10477,post,publish,Balkonkraftwerk o. klassiche Photovoltaikanlage - Sonnenstrom für jeden Bedarf,balkonkraftwerk-o-klassiche-photovoltaikanlage-sonnenstrom-fuer-jeden-bedarf,0,2026-04-08 09:59:41,2026-04-08 10:03:08,https://www.gemeinde-merching.de/balkonkraftwerk-o-klassiche-photovoltaikanlage-sonnenstrom-fuer-jeden-bedarf/,True,False,,,4960
10478,attachment,inherit,Logo Solaroffensive,logo-solaroffensive,10477,2026-04-08 09:48:27,2026-04-08 09:48:27,https://www.gemeinde-merching.de/wp-content/uploads/2026/04/Logo-Solaroffensive.png,True,False,,,0
8912,attachment,inherit,Fundanzeige 24-2024,fundanzeige-24-2024,0,2024-08-13 09:58:50,2024-08-13 09:58:50,https://www.gemeinde-merching.de/wp-content/uploads/2024/08/Fundanzeige-24-2024.pdf,True,False,,,0
10701,attachment,inherit,Plakatvorlage Sommerserenade 2026_Stand 26.05.26,plakatvorlage-sommerserenade-2026_stand-26-05-26,0,2026-06-09 10:28:52,2026-06-09 10:30:02,https://www.gemeinde-merching.de/wp-content/uploads/2026/06/Plakatvorlage-Sommerserenade-2026_Stand-26.05.26.pdf,True,False,,,0
9046,attachment,inherit,Hebesatzsatzung_2025,hebesatzsatzung_2025,0,2024-10-21 09:37:29,2024-10-21 09:37:29,https://www.gemeinde-merching.de/wp-content/uploads/2024/10/Hebesatzsatzung_2025.pdf,True,False,,,0
9458,attachment,inherit,Kauth-Yvonne-kl,kauth-yvonne-kl,0,2025-04-03 11:34:36,2025-06-04 19:25:54,https://www.gemeinde-merching.de/wp-content/uploads/2025/04/Kauth-Yvonne-kl.jpg,True,False,,,0
9288,attachment,inherit,Plakatierungsverordnung,plakatierungsverordnung-3,0,2025-01-21 12:32:53,2025-01-21 12:32:53,https://www.gemeinde-merching.de/wp-content/uploads/2025/01/Plakatierungsverordnung.pdf,True,False,,,0
9291,attachment,inherit,015_2025_42_A_Mikrozensus,015_2025_42_a_mikrozensus,0,2025-01-23 11:12:59,2025-01-23 11:12:59,https://www.gemeinde-merching.de/wp-content/uploads/2025/01/015_2025_42_A_Mikrozensus.pdf,True,False,,,0
9307,wpdmpro,publish,Gde - HH 0 Deckblatt 2026,gde-hh-0-deckblatt-2026,0,2025-02-04 08:07:50,2026-02-16 09:45:51,https://www.gemeinde-merching.de/download/gde-hh-0-deckblatt-2026/,True,False,,,0
9308,wpdmpro,publish,Gde - HH 1 Inhaltsverzeichnis 2026,gde-hh-1-inhaltsverzeichnis,0,2025-02-04 08:08:47,2026-02-16 09:48:09,https://www.gemeinde-merching.de/download/gde-hh-1-inhaltsverzeichnis/,True,False,,,0
9309,wpdmpro,publish,Gde - HH 2 Haushaltssatzung 2026,gde-hh-2-haushaltssatzung-2026,0,2025-02-04 08:09:37,2026-02-16 09:48:43,https://www.gemeinde-merching.de/download/gde-hh-2-haushaltssatzung-2026/,True,False,,,0
9310,wpdmpro,publish,Gde - HH 3 Vorbericht 2026,gde-hh-3-vorbericht-2026,0,2025-02-04 08:10:11,2026-02-16 09:48:57,https://www.gemeinde-merching.de/download/gde-hh-3-vorbericht-2026/,True,False,,,0
9311,wpdmpro,publish,Gde - HH 4 Darlehen 2026,gde-hh-4-darlehen-2026,0,2025-02-04 08:10:39,2026-02-16 09:49:20,https://www.gemeinde-merching.de/download/gde-hh-4-darlehen-2026/,True,False,,,0
9312,wpdmpro,publish,Gde - HH 5 Kreditermächtigungen 2026,gde-hh-5-kreditermaechtigungen-2026,0,2025-02-04 08:11:12,2026-02-16 09:49:37,https://www.gemeinde-merching.de/download/gde-hh-5-kreditermaechtigungen-2026/,True,False,,,0
9313,wpdmpro,publish,Gde - HH 6 Haushaltsplan mit Finanzplan 2026,gde-hh-6-haushaltsplan-mit-finanzplan-2026,0,2025-02-04 08:11:42,2026-02-16 09:49:53,https://www.gemeinde-merching.de/download/gde-hh-6-haushaltsplan-mit-finanzplan-2026/,True,False,,,0
9314,wpdmpro,publish,Gde - HH 7 Stellenplan 2026,gde-hh-7-stellenplan-2026,0,2025-02-04 08:12:03,2026-02-16 09:50:05,https://www.gemeinde-merching.de/download/gde-hh-7-stellenplan-2026/,True,False,,,0
9315,wpdmpro,publish,Gde - HH 8 Anlagen 2026,gde-hh-8-anlagen-2026,0,2025-02-04 08:12:28,2026-02-16 09:50:23,https://www.gemeinde-merching.de/download/gde-hh-8-anlagen-2026/,True,False,,,0
9316,wpdmpro,publish,Gde - HH 9 Finanzplan Vermögenshaushalt Detail 2026,gde-hh-9-finanzplan-vermoegenshaushalt-detail-2026,0,2025-02-04 08:13:11,2026-02-16 09:50:47,https://www.gemeinde-merching.de/download/gde-hh-9-finanzplan-vermoegenshaushalt-detail-2026/,True,False,,,0
10804,attachment,inherit,Gemeindekurier Sommer 2026 f. Kurier,gemeindekurier-sommer-2026-f-kurier,10803,2026-07-22 11:23:02,2026-07-22 11:23:02,https://www.gemeinde-merching.de/wp-content/uploads/2026/07/Gemeindekurier-Sommer-2026-f.-Kurier.pdf,True,False,,,0
9418,attachment,inherit,Plakatierungsverordnung,plakatierungsverordnung-4,9417,2025-03-18 08:31:09,2025-03-18 08:31:09,https://www.gemeinde-merching.de/wp-content/uploads/2025/03/Plakatierungsverordnung.pdf,True,False,,,0
9349,attachment,inherit,Aushang,aushang,0,2025-02-20 17:18:53,2025-02-20 17:18:53,https://www.gemeinde-merching.de/wp-content/uploads/2025/02/Aushang.pdf,True,False,,,0
9353,attachment,inherit,Aushang Homepage,aushang-homepage-4,0,2025-02-20 17:24:47,2025-02-20 17:24:47,https://www.gemeinde-merching.de/wp-content/uploads/2025/02/Aushang-Homepage.pdf,True,False,,,0
9783,attachment,inherit,175_2025_42_A_Mikrozensus_Halbzeit,175_2025_42_a_mikrozensus_halbzeit,0,2025-07-21 13:05:03,2025-07-21 13:05:03,https://www.gemeinde-merching.de/wp-content/uploads/2025/07/175_2025_42_A_Mikrozensus_Halbzeit.pdf,True,False,,,0
9844,attachment,inherit,Informationsflyer Blaualgen am Mandichosee,informationsflyer_mandichosee,255,2025-07-22 14:48:42,2025-07-22 14:49:15,https://www.gemeinde-merching.de/wp-content/uploads/2025/07/Informationsflyer_Mandichosee.pdf,True,False,,,42
9370,attachment,inherit,Bekanntm._ern_öff_Ausl_3_Änd_BPNr11_Kirchenfeld_20250228,bekanntm-_ern_oeff_ausl_3_aend_bpnr11_kirchenfeld_20250228,0,2025-02-27 15:28:38,2025-02-27 15:28:38,https://www.gemeinde-merching.de/wp-content/uploads/2025/02/Bekanntm._ern_oeff_Ausl_3_Aend_BPNr11_Kirchenfeld_20250228.pdf,True,False,,,0
9372,attachment,inherit,B-Plan Nr. 11 Datenschutzinformationspflicht,b-plan-nr-11-datenschutzinformationspflicht,0,2025-02-27 15:30:56,2025-02-27 15:30:56,https://www.gemeinde-merching.de/wp-content/uploads/2025/02/B-Plan-Nr.-11-Datenschutzinformationspflicht.pdf,True,False,,,0
9542,attachment,inherit,871b0a73-8034-47e4-80ac-ea20ad13f29e,871b0a73-8034-47e4-80ac-ea20ad13f29e,0,2025-05-19 07:43:07,2025-06-04 19:24:44,https://www.gemeinde-merching.de/wp-content/uploads/2025/05/871b0a73-8034-47e4-80ac-ea20ad13f29e.jpg,True,False,,,0
9417,wpdmpro,publish,Plakatierungsverordnung vom 14.12.2023,plakatierungsverordnung-vom-14-12-2023,0,2025-03-18 08:31:43,2025-03-18 08:31:43,https://www.gemeinde-merching.de/download/plakatierungsverordnung-vom-14-12-2023/,True,False,,pdf-embedder,108
9388,attachment,inherit,BekanntmachungRattenMai2025,bekanntmachungrattenmai2025,0,2025-03-11 08:26:06,2025-03-11 08:26:06,https://www.gemeinde-merching.de/wp-content/uploads/2025/03/BekanntmachungRattenMai2025.pdf,True,False,,,0
9426,attachment,inherit,Broschüre_Tag der Vereine_01.06.2025,broschuere_tag-der-vereine_01-06-2025-2,0,2025-03-19 11:20:57,2025-03-19 11:20:57,https://www.gemeinde-merching.de/wp-content/uploads/2025/03/Broschuere_Tag-der-Vereine_01.06.2025-1.pdf,True,False,,,0
9425,attachment,inherit,Broschüre_Tag der Vereine_01.06.2025,broschuere_tag-der-vereine_01-06-2025,0,2025-03-19 11:19:03,2025-03-19 11:19:03,https://www.gemeinde-merching.de/wp-content/uploads/2025/03/Broschuere_Tag-der-Vereine_01.06.2025.pdf,True,False,,,0
9395,attachment,inherit,Artenschutz Relevanzprüfung 23-02-10,artenschutz-relevanzpruefung-23-02-10,0,2025-03-11 10:55:04,2025-03-11 10:55:04,https://www.gemeinde-merching.de/wp-content/uploads/2025/03/Artenschutz-Relevanzpruefung-23-02-10.pdf,True,False,,,0
9397,attachment,inherit,Begründung_Entwurf_BP_Kirchenfeld_3_Änd_20250123,begruendung_entwurf_bp_kirchenfeld_3_aend_20250123,0,2025-03-11 10:56:17,2025-03-11 10:56:17,https://www.gemeinde-merching.de/wp-content/uploads/2025/03/Begruendung_Entwurf_BP_Kirchenfeld_3_Aend_20250123.pdf,True,False,,,0
9399,attachment,inherit,Planzeichnung_Entwurf_3_Änd_Kirchenfeld_2025-01-23,planzeichnung_entwurf_3_aend_kirchenfeld_2025-01-23,0,2025-03-11 10:58:13,2025-03-11 10:58:13,https://www.gemeinde-merching.de/wp-content/uploads/2025/03/Planzeichnung_Entwurf_3_Aend_Kirchenfeld_2025-01-23.pdf,True,False,,,0
9401,attachment,inherit,Textteil_Entwurf_BP_Kirchenfeld_3_Änd_20250123,textteil_entwurf_bp_kirchenfeld_3_aend_20250123,0,2025-03-11 10:59:13,2025-03-11 10:59:13,https://www.gemeinde-merching.de/wp-content/uploads/2025/03/Textteil_Entwurf_BP_Kirchenfeld_3_Aend_20250123.pdf,True,False,,,0
9515,attachment,inherit,Bekanntmachung Kostensatzung,bekanntmachung-kostensatzung-2,9511,2025-05-12 14:58:03,2025-05-12 14:58:03,https://www.gemeinde-merching.de/wp-content/uploads/2025/05/Bekanntmachung-Kostensatzung-1.docx,True,False,,,0
9414,attachment,inherit,Aushang Homepage_2,aushang-homepage_2,0,2025-03-13 16:33:57,2025-03-13 16:33:57,https://www.gemeinde-merching.de/wp-content/uploads/2025/03/Aushang-Homepage_2.pdf,True,False,,,0
9508,post,publish,Zensus 2022: Gesetz über den Schutz der Sonn- und Feiertage (Feiertagsgesetz) Mariä Himmelfahrt,zensus-2022-gesetz-ueber-den-schutz-der-sonn-und-feiertage-feiertagsgesetz-mariae-himmelfahrt,0,2025-05-12 12:40:46,2025-05-12 12:40:46,https://www.gemeinde-merching.de/zensus-2022-gesetz-ueber-den-schutz-der-sonn-und-feiertage-feiertagsgesetz-mariae-himmelfahrt/,True,False,,,1012
9511,wpdmpro,publish,Bekanntmachung Kostensatzung,bekanntmachung-kostensatzung,0,2025-05-12 14:45:00,2025-05-12 14:59:54,https://www.gemeinde-merching.de/download/bekanntmachung-kostensatzung/,True,False,,pdf-embedder,286
9512,attachment,inherit,Bekanntmachung Kostensatzung,bekanntmachung-kostensatzung,9511,2025-05-12 14:44:14,2025-05-12 14:44:14,https://www.gemeinde-merching.de/wp-content/uploads/2025/05/Bekanntmachung-Kostensatzung.docx,True,False,,,0
9513,post,publish,Bekanntmachung Kostensatzung,bekanntmachung-kostensatzung,0,2025-05-12 14:53:35,2025-05-12 14:53:35,https://www.gemeinde-merching.de/bekanntmachung-kostensatzung/,True,False,,,504
9462,attachment,inherit,8_Änd_FNP_Steinach_Ost_Bekanntmachung_Genehmigung_20250403,8_aend_fnp_steinach_ost_bekanntmachung_genehmigung_20250403,0,2025-04-03 11:53:06,2025-04-03 11:53:06,https://www.gemeinde-merching.de/wp-content/uploads/2025/04/8_Aend_FNP_Steinach_Ost_Bekanntmachung_Genehmigung_20250403.pdf,True,False,,,0
9465,attachment,inherit,8_Änd_FNP_Steinach_Ost_zus_Erklärung_20250403,8_aend_fnp_steinach_ost_zus_erklaerung_20250403,9464,2025-04-03 11:55:10,2025-04-03 11:55:10,https://www.gemeinde-merching.de/wp-content/uploads/2025/04/8_Aend_FNP_Steinach_Ost_zus_Erklaerung_20250403.pdf,True,False,,,0
9469,attachment,inherit,8_Änd_FNP_Merching_Planzeichnung_Feststellung_2024-06-20,8_aend_fnp_merching_planzeichnung_feststellung_2024-06-20,0,2025-04-03 11:58:36,2025-04-03 11:58:36,https://www.gemeinde-merching.de/wp-content/uploads/2025/04/8_Aend_FNP_Merching_Planzeichnung_Feststellung_2024-06-20.pdf,True,False,,,0
9656,attachment,inherit,Fundsache 15-2025,fundsache-15-2025,0,2025-06-16 09:13:22,2025-06-16 09:13:22,https://www.gemeinde-merching.de/wp-content/uploads/2025/06/Fundsache-15-2025.pdf,True,False,,,0
9471,attachment,inherit,8_Änd_FNP_Steinach_Ost_Begründung_20240620,8_aend_fnp_steinach_ost_begruendung_20240620,0,2025-04-03 11:59:47,2025-04-03 11:59:47,https://www.gemeinde-merching.de/wp-content/uploads/2025/04/8_Aend_FNP_Steinach_Ost_Begruendung_20240620.pdf,True,False,,,0
9478,attachment,inherit,Gemeindekurier Ostern 2025 endgültig f. Homepage,gemeindekurier-ostern-2025-endgueltig-f-homepage,0,2025-04-09 10:40:00,2025-04-09 10:40:00,https://www.gemeinde-merching.de/wp-content/uploads/2025/04/Gemeindekurier-Ostern-2025-endgueltig-f.-Homepage.pdf,True,False,,,0
9695,attachment,inherit,Antrag_Fahrkarte_2025_2026,antrag_fahrkarte_2025_2026,0,2025-07-01 10:21:15,2025-07-01 10:21:15,https://www.gemeinde-merching.de/wp-content/uploads/2025/07/Antrag_Fahrkarte_2025_2026.pdf,True,False,,,0
9518,attachment,inherit,Bekanntmachung Kostensatzung,bekanntmachung-kostensatzung-3,9511,2025-05-12 14:59:36,2025-05-12 14:59:36,https://www.gemeinde-merching.de/wp-content/uploads/2025/05/Bekanntmachung-Kostensatzung.pdf,True,False,,,0
9521,attachment,inherit,BP35_Geruchsprognose_230714,bp35_geruchsprognose_230714,0,2025-05-15 08:34:48,2025-05-15 08:34:48,https://www.gemeinde-merching.de/wp-content/uploads/2025/05/BP35_Geruchsprognose_230714.pdf,True,False,,,0
9523,attachment,inherit,BP35_Steinach_Ost_Begründung_20240620,bp35_steinach_ost_begruendung_20240620,0,2025-05-15 08:35:55,2025-05-15 08:35:55,https://www.gemeinde-merching.de/wp-content/uploads/2025/05/BP35_Steinach_Ost_Begruendung_20240620.pdf,True,False,,,0
9525,attachment,inherit,BP35_Steinach_Ost_Bekanntmachung_Satzungsbeschluss,bp35_steinach_ost_bekanntmachung_satzungsbeschluss,0,2025-05-15 08:36:40,2025-05-15 08:36:40,https://www.gemeinde-merching.de/wp-content/uploads/2025/05/BP35_Steinach_Ost_Bekanntmachung_Satzungsbeschluss.pdf,True,False,,,0
9527,attachment,inherit,BP35_Steinach_Ost_Planzeichnung_2024-06-20,bp35_steinach_ost_planzeichnung_2024-06-20,0,2025-05-15 08:38:24,2025-05-15 08:38:24,https://www.gemeinde-merching.de/wp-content/uploads/2025/05/BP35_Steinach_Ost_Planzeichnung_2024-06-20.pdf,True,False,,,0
9529,attachment,inherit,BP35_Steinach_Ost_Textteil_20240620,bp35_steinach_ost_textteil_20240620,0,2025-05-15 08:39:50,2025-05-15 08:39:50,https://www.gemeinde-merching.de/wp-content/uploads/2025/05/BP35_Steinach_Ost_Textteil_20240620.pdf,True,False,,,0
9531,attachment,inherit,BP35_Steinach_Ost_Zusammenfassende_Erklärung,bp35_steinach_ost_zusammenfassende_erklaerung,0,2025-05-15 08:41:49,2025-05-15 08:41:49,https://www.gemeinde-merching.de/wp-content/uploads/2025/05/BP35_Steinach_Ost_Zusammenfassende_Erklaerung.pdf,True,False,,,0
9545,attachment,inherit,a44955c3-7ddb-4b8d-ac70-5887973f301e,a44955c3-7ddb-4b8d-ac70-5887973f301e,0,2025-05-19 07:44:07,2025-06-04 19:24:38,https://www.gemeinde-merching.de/wp-content/uploads/2025/05/a44955c3-7ddb-4b8d-ac70-5887973f301e.jpg,True,False,,,0
9548,attachment,inherit,Fundanzeige 12-2025,fundanzeige-12-2025,0,2025-05-19 08:20:22,2025-05-19 09:02:57,https://www.gemeinde-merching.de/wp-content/uploads/2025/05/Fundanzeige-12-2025.pdf,True,False,,,0
9549,attachment,inherit,Fundanzeige 13-2025,fundanzeige-13-2025,0,2025-05-19 08:20:22,2025-05-19 09:05:31,https://www.gemeinde-merching.de/wp-content/uploads/2025/05/Fundanzeige-13-2025.pdf,True,False,,,0
10803,wpdmpro,publish,Gemeindekurier Sommer 2026,gemeindekurier-sommer-2026,0,2026-07-22 11:24:00,2026-07-22 11:24:00,https://www.gemeinde-merching.de/download/gemeindekurier-sommer-2026/,True,False,,pdf-embedder,166
9885,attachment,inherit,Gemeindekurier Sommer 2025-V1 PDF für Druckerei Richter,gemeindekurier-sommer-2025-v1-pdf-fuer-druckerei-richter,0,2025-07-28 11:38:50,2025-07-28 11:38:50,https://www.gemeinde-merching.de/wp-content/uploads/2025/07/Gemeindekurier-Sommer-2025-V1-PDF-fuer-Druckerei-Richter.pdf,True,False,,,0
9560,attachment,inherit,Fundanzeige 14 - 2025,fundanzeige-14-2025,0,2025-05-19 09:41:46,2025-05-19 09:41:46,https://www.gemeinde-merching.de/wp-content/uploads/2025/05/Fundanzeige-14-2025.pdf,True,False,,,0
10274,attachment,inherit,Merching-Ablauf-1,merching-ablauf-1,2381,2026-01-20 08:31:36,2026-01-20 08:31:36,https://www.gemeinde-merching.de/wp-content/uploads/2015/08/Merching-Ablauf-1.jpg,True,False,,,0
9878,attachment,inherit,Geldbeutel-8821920_1280,geldbeutel-8821920_1280,0,2025-07-28 11:02:43,2025-07-28 11:09:52,https://www.gemeinde-merching.de/wp-content/uploads/2025/07/Geldbeutel-8821920_1280.png,True,False,,,10
9879,attachment,inherit,Smartphone-153650_1280 (3),smartphone-153650_1280-3,0,2025-07-28 11:02:45,2025-07-28 11:09:34,https://www.gemeinde-merching.de/wp-content/uploads/2025/07/Smartphone-153650_1280-3.png,True,False,,,6
9880,attachment,inherit,Sonstige Fundsache-2747288_1280,sonstige-fundsache-2747288_1280,0,2025-07-28 11:02:48,2025-07-28 11:09:18,https://www.gemeinde-merching.de/wp-content/uploads/2025/07/Sonstige-Fundsache-2747288_1280.png,True,False,,,9
9562,post,publish,Neues aus dem Einwohnermeldeamt (Lichtbilder),neues-aus-dem-einwohnermeldeamt-lichtbilder,0,2025-05-19 10:40:30,2025-05-19 10:40:30,https://www.gemeinde-merching.de/neues-aus-dem-einwohnermeldeamt-lichtbilder/,True,False,,,781
10161,attachment,inherit,Gemeindekurier Weihnachten 2025 f. Homepage,gemeindekurier-weihnachten-2025-f-homepage,0,2025-12-11 12:16:17,2025-12-11 12:16:17,https://www.gemeinde-merching.de/wp-content/uploads/2025/12/Gemeindekurier-Weihnachten-2025-f.-Homepage.pdf,True,False,,,0
9570,attachment,inherit,Mack-Petra,mack-petra,0,2025-05-22 10:22:36,2025-06-04 19:25:59,https://www.gemeinde-merching.de/wp-content/uploads/2025/05/Mack-Petra.jpg,True,False,,,0
9573,attachment,inherit,Huster-Christian,huster-christian,0,2025-05-22 13:20:02,2025-06-04 19:24:05,https://www.gemeinde-merching.de/wp-content/uploads/2025/05/Huster-Christian.jpg,True,False,,,0
9593,attachment,inherit,image0,image0,0,2025-06-04 09:32:12,2025-06-04 19:23:52,https://www.gemeinde-merching.de/wp-content/uploads/2025/06/image0.jpeg,True,False,,,0
9595,attachment,inherit,image1,image1,0,2025-06-04 09:33:33,2025-06-04 19:23:37,https://www.gemeinde-merching.de/wp-content/uploads/2025/06/image1.jpeg,True,False,,,0
9600,post,publish,Spielplatz an der Paar mit Spielschiff u. gestifteten Bänken des Hühnerkomitees Merching wurde offiziell eröffnet,spielschiff-an-der-paar-u-gestiftete-baenke-des-huehnerkomitees-merching-wurden-offiziell-eroeffnet,0,2025-06-04 10:05:40,2025-07-17 11:39:09,https://www.gemeinde-merching.de/spielschiff-an-der-paar-u-gestiftete-baenke-des-huehnerkomitees-merching-wurden-offiziell-eroeffnet/,True,False,,,963
9603,attachment,inherit,T Spielschiff 15-05-2025,spielschiff-15-05-2025-2,9600,2025-06-04 10:07:24,2025-07-16 10:21:05,https://www.gemeinde-merching.de/wp-content/uploads/2025/06/Spielschiff-15-05-2025-1.jpg,True,False,,,24
9609,attachment,inherit,PDF Flyer Merchinger Ferienprogramm 2025,pdf-flyer-merchinger-ferienprogramm-2025,0,2025-06-04 10:17:20,2025-06-04 10:17:20,https://www.gemeinde-merching.de/wp-content/uploads/2025/06/PDF-Flyer-Merchinger-Ferienprogramm-2025.pdf,True,False,,,0
10471,attachment,inherit,1. Bürgermeister Helmut Luichtl,helmut-luichtl-kl,0,2026-04-01 07:03:05,2026-04-01 07:03:17,https://www.gemeinde-merching.de/wp-content/uploads/2026/04/Helmut-Luichtl-kl.jpg,True,False,,,31
10508,post,publish,Pressemitteilung Landratsamt Aichach-Friedberg - Geflügelpest: Sperrzone aufgehoben,pressemitteilung-landratsamt-aichach-friedberg-gefluegelpest-sperrzone-aufgehoben,0,2026-04-14 10:44:49,2026-04-14 10:44:49,https://www.gemeinde-merching.de/pressemitteilung-landratsamt-aichach-friedberg-gefluegelpest-sperrzone-aufgehoben/,True,False,,pdf-embedder,235
10509,attachment,inherit,20260413 AV Geflügelpest aufgehoben_LRA AIC-FDB f. Homepage u. Aushang,20260413-av-gefluegelpest-aufgehoben_lra-aic-fdb-f-homepage-u-aushang,10508,2026-04-14 10:43:37,2026-04-14 10:43:37,https://www.gemeinde-merching.de/wp-content/uploads/2026/04/20260413-AV-Gefluegelpest-aufgehoben_LRA-AIC-FDB-f.-Homepage-u.-Aushang.pdf,True,False,,,0
10793,wpdmpro,publish,Bestattung - Gebührensatzung zur Satzung für öffentl. Bestattungseinrichtung (GBS/BES) der Gemeinde Merching ab 01.01.2027,bestattung-gebuehrensatzung-zur-satzung-fuer-oeffentl-bestattungseinrichtung-gbs-bes-der-gemeinde-merching-ab-01-01-2027,0,2026-07-21 10:01:09,2026-08-20 08:32:38,https://www.gemeinde-merching.de/download/bestattung-gebuehrensatzung-zur-satzung-fuer-oeffentl-bestattungseinrichtung-gbs-bes-der-gemeinde-merching-ab-01-01-2027/,True,False,,pdf-embedder,182
10315,attachment,inherit,Bekanntmachung Abschlussbericht Kommunale Wärmeplanung PDF,bekanntmachung-abschlussbericht-kommunale-waermeplanung-pdf,10314,2026-01-28 08:47:58,2026-01-28 08:47:58,https://www.gemeinde-merching.de/wp-content/uploads/2026/01/Bekanntmachung-Abschlussbericht-Kommunale-Waermeplanung-PDF.pdf,True,False,,,0
10316,wpdmpro,publish,Bekanntmachung Kommunale Wärmeplanung Merching,bekanntmachung-kommunale-waermeplanung-merching,0,2026-01-28 08:49:54,2026-01-28 08:49:54,https://www.gemeinde-merching.de/download/bekanntmachung-kommunale-waermeplanung-merching/,True,False,,pdf-embedder,213
10317,attachment,inherit,Bekanntmachung Abschlussbericht Kommunale Wärmeplanung PDF,bekanntmachung-abschlussbericht-kommunale-waermeplanung-pdf-2,10316,2026-01-28 08:49:18,2026-01-28 08:49:18,https://www.gemeinde-merching.de/wp-content/uploads/2026/01/Bekanntmachung-Abschlussbericht-Kommunale-Waermeplanung-PDF-1.pdf,True,False,,,0
10326,wpdmpro,publish,Pressemitteilung Mikrozensus 2026,pressemitteilung-mikrozensus-2026,0,2026-01-29 17:57:53,2026-01-29 17:57:53,https://www.gemeinde-merching.de/download/pressemitteilung-mikrozensus-2026/,True,False,,pdf-embedder,110
10327,attachment,inherit,004_2026_42_A_Mikrozensus,004_2026_42_a_mikrozensus,10326,2026-01-29 17:57:17,2026-01-29 17:57:17,https://www.gemeinde-merching.de/wp-content/uploads/2026/01/004_2026_42_A_Mikrozensus.pdf,True,False,,,0
10551,attachment,inherit,20260430_LRA beim Marktsonntag Mering,20260430_lra-beim-marktsonntag-mering,0,2026-05-06 08:58:19,2026-05-06 08:58:19,https://www.gemeinde-merching.de/wp-content/uploads/2026/05/20260430_LRA-beim-Marktsonntag-Mering.docx,True,False,,,0
10533,attachment,inherit,Verkündung des Wahlergebnisses OT Hochdorf,verkuendung-des-wahlergebnisses-ot-hochdorf,10532,2026-04-24 18:55:54,2026-04-24 18:55:54,https://www.gemeinde-merching.de/wp-content/uploads/2026/04/Verkuendung-des-Wahlergebnisses-OT-Hochdorf.pdf,True,False,,,0
10377,attachment,inherit,Trinkwasserwerte f. Homepage vom Bauhof 26.02.26,trinkwasserwerte-f-homepage-vom-bauhof-26-02-26,10376,2026-02-26 12:31:45,2026-02-26 12:31:45,https://www.gemeinde-merching.de/wp-content/uploads/2026/02/Trinkwasserwerte-f.-Homepage-vom-Bauhof-26.02.26.pdf,True,False,,,0
10385,attachment,inherit,Merchinger Ramadama 2026 PDF,merchinger-ramadama-2026-pdf-2,0,2026-03-02 10:11:15,2026-03-02 10:11:15,https://www.gemeinde-merching.de/wp-content/uploads/2026/03/Merchinger-Ramadama-2026-PDF.pdf,True,False,,,0
10388,attachment,inherit,Modernisierungsbündnis 2026_vhs-Kurs Merching,modernisierungsbuendnis-2026_vhs-kurs-merching,0,2026-03-03 09:07:22,2026-03-03 09:07:22,https://www.gemeinde-merching.de/wp-content/uploads/2026/03/Modernisierungsbuendnis-2026_vhs-Kurs-Merching.pdf,True,False,,,0
10881,post,publish,Fundsache,fundsache,0,2026-09-08 11:12:13,2026-09-08 11:12:13,https://www.gemeinde-merching.de/fundsache/,True,False,,,197
10772,wpdmpro,publish,"Bekanntmachung Eröffnung Vergabeverfahren für Baugrundstücke, Baugebiet 34 ""Östlich der Nebelhornstraße""",bekanntmachung-eroeffnung-vergabeverfahren-fuer-baugrundstuecke-baugebiet-34-oestlich-der-nebelhornstrasse,0,2026-06-29 11:29:48,2026-06-29 11:29:48,https://www.gemeinde-merching.de/download/bekanntmachung-eroeffnung-vergabeverfahren-fuer-baugrundstuecke-baugebiet-34-oestlich-der-nebelhornstrasse/,True,False,,pdf-embedder,189
10555,attachment,inherit,20260430_LRA beim Marktsonntag Mering,20260430_lra-beim-marktsonntag-mering-2,0,2026-05-06 09:02:42,2026-05-06 09:02:42,https://www.gemeinde-merching.de/wp-content/uploads/2026/05/20260430_LRA-beim-Marktsonntag-Mering.pdf,True,False,,,0
10394,attachment,inherit,20260226_PM_VHS Kurs Merching Gebäude,20260226_pm_vhs-kurs-merching-gebaeude,0,2026-03-03 09:20:23,2026-03-03 09:20:23,https://www.gemeinde-merching.de/wp-content/uploads/2026/03/20260226_PM_VHS-Kurs-Merching-Gebaeude.pdf,True,False,,,0
10399,post,publish,Wasserrechtliches Planfeststellungsverfahren,wasserrechtliches-planfeststellungsverfahren,0,2026-03-03 12:13:20,2026-03-03 12:14:12,https://www.gemeinde-merching.de/wasserrechtliches-planfeststellungsverfahren/,True,False,,,2285
10400,attachment,inherit,DEU_Augsburg_COA_1811.svg,deu_augsburg_coa_1811-svg,10399,2026-03-03 12:08:46,2026-03-03 12:08:46,https://www.gemeinde-merching.de/wp-content/uploads/2026/03/DEU_Augsburg_COA_1811.svg_.png,True,False,,,0
10402,attachment,inherit,DEU_Augsburg_COA_klein,deu_augsburg_coa_klein,10399,2026-03-03 12:12:38,2026-03-03 12:12:38,https://www.gemeinde-merching.de/wp-content/uploads/2026/03/DEU_Augsburg_COA_klein.png,True,False,,,0
10406,attachment,inherit,Plakat Benefizkonzert 05.05.2026 in Merching,plakat-benefizkonzert-05-05-2026-in-merching,10405,2026-03-04 09:37:39,2026-03-04 09:37:39,https://www.gemeinde-merching.de/wp-content/uploads/2026/03/Plakat-Benefizkonzert-05.05.2026-in-Merching.pdf,True,False,,,0
10407,attachment,inherit,Logo Ambulante Snipping Tool,logo-ambulante-snipping-tool,10405,2026-03-04 09:41:18,2026-03-04 09:44:53,https://www.gemeinde-merching.de/wp-content/uploads/2026/03/Logo-Ambulante-Snipping-Tool.jpg,True,False,,,0
10408,attachment,inherit,Logo Ambulante Snipping Tool,logo-ambulante-snipping-tool-2,10405,2026-03-04 09:45:01,2026-03-04 09:45:01,https://www.gemeinde-merching.de/wp-content/uploads/2026/03/Logo-Ambulante-Snipping-Tool-1.jpg,True,False,,,0
10418,post,publish,Ergebnisse der Kommunalwahl 08.03.2026,ergebnisse-der-kommunalwahl-08-03-2026,0,2026-03-08 08:00:38,2026-03-05 09:15:17,https://www.gemeinde-merching.de/ergebnisse-der-kommunalwahl-08-03-2026/,True,False,,,653
10432,post,publish,Bekanntmachung des abschließenden Ergebnisses der Wahl des Gemeinderats am 08. März 2026,bekanntmachung-des-abschliessenden-ergebnisses-der-wahl-des-gemeinderats-am-08-maerz-2026,0,2026-03-10 16:34:57,2026-03-10 16:34:57,https://www.gemeinde-merching.de/bekanntmachung-des-abschliessenden-ergebnisses-der-wahl-des-gemeinderats-am-08-maerz-2026/,True,False,,,231
10569,attachment,inherit,Bekanntmachung Vergabe von gemeindlichen Wohnbaugrundstücken,bekanntmachung-vergabe-von-gemeindlichen-wohnbaugrundstuecken,10568,2026-05-13 08:41:01,2026-05-13 08:41:01,https://www.gemeinde-merching.de/wp-content/uploads/2026/05/Bekanntmachung-Vergabe-von-gemeindlichen-Wohnbaugrundstuecken.pdf,True,False,,,0
10454,attachment,inherit,Gemeindekurier Ostern 2026 f. Homepage,gemeindekurier-ostern-2026-f-homepage,10453,2026-03-25 09:12:27,2026-03-25 09:12:27,https://www.gemeinde-merching.de/wp-content/uploads/2026/03/Gemeindekurier-Ostern-2026-f.-Homepage.pdf,True,False,,,0
10455,wpdmpro,publish,Ortssprecherwahl Steinach u. Hochdorf - Beilage Gemeindekurier zu Ostern f. die Ortsteile,ortssprecherwahl-steinach-u-hochdorf-beilage-gemeindekurier-zu-ostern-f-die-ortsteile,0,2026-03-25 09:17:19,2026-03-25 09:17:19,https://www.gemeinde-merching.de/download/ortssprecherwahl-steinach-u-hochdorf-beilage-gemeindekurier-zu-ostern-f-die-ortsteile/,True,False,,pdf-embedder,318
10456,attachment,inherit,Information Ortssprecherwahl Steinach u. Hochdorf_Beilage Kurier Ostern 2026 f. Hochdorf u. Steinach f. Homepage,information-ortssprecherwahl-steinach-u-hochdorf_beilage-kurier-ostern-2026-f-hochdorf-u-steinach-f-homepage,10455,2026-03-25 09:17:00,2026-03-25 09:17:00,https://www.gemeinde-merching.de/wp-content/uploads/2026/03/Information-Ortssprecherwahl-Steinach-u.-Hochdorf_Beilage-Kurier-Ostern-2026-f.-Hochdorf-u.-Steinach-f.-Homepage.pdf,True,False,,,0
10461,post,publish,Bekanntmachung für den Erörterungstermin Licca Liber I,bekanntmachung-fuer-den-eroerterungstermin-licca-liber-i,0,2026-03-26 07:24:53,2026-03-26 07:26:09,https://www.gemeinde-merching.de/bekanntmachung-fuer-den-eroerterungstermin-licca-liber-i/,True,False,,,187
10463,wpdmpro,publish,Bekanntmachung für den Erörterungstermin Licca Liber I,bekanntmachung-fuer-den-eroerterungstermin-licca-liber-i,0,2026-03-26 07:27:40,2026-03-26 07:27:40,https://www.gemeinde-merching.de/download/bekanntmachung-fuer-den-eroerterungstermin-licca-liber-i/,True,False,,pdf-embedder,177
10464,attachment,inherit,2026-03-02 Lili I EÖT Bekanntmachungstext,2026-03-02-lili-i-eoet-bekanntmachungstext,10463,2026-03-26 07:27:13,2026-03-26 07:27:13,https://www.gemeinde-merching.de/wp-content/uploads/2026/03/2026-03-02-Lili-I-EOeT-Bekanntmachungstext.pdf,True,False,,,0
10773,attachment,inherit,Bekanntmachung Eröffnung Vergabeverfahren BG 34,bekanntmachung-eroeffnung-vergabeverfahren-bg-34,10772,2026-06-29 11:29:15,2026-06-29 11:29:15,https://www.gemeinde-merching.de/wp-content/uploads/2026/06/Bekanntmachung-Eroeffnung-Vergabeverfahren-BG-34.pdf,True,False,,,0
10485,post,publish,Solaroffensive Wittelsbacher Land,solaroffensive-wittelsbacher-land,0,2026-04-08 10:07:25,2026-04-08 10:08:41,https://www.gemeinde-merching.de/solaroffensive-wittelsbacher-land/,True,False,,pdf-embedder,228
10486,attachment,inherit,2026031Anzeige Solaroffensive und Energieberatung 04_26 f. Homepage,2026031anzeige-solaroffensive-und-energieberatung-04_26-f-homepage,10485,2026-04-08 10:06:47,2026-04-08 10:06:47,https://www.gemeinde-merching.de/wp-content/uploads/2026/04/2026031Anzeige-Solaroffensive-und-Energieberatung-04_26-f.-Homepage.pdf,True,False,,,0
10521,post,publish,Grundsteuer - Änderungen am Grundbesitz bis 30.04.2026 dem Finanzamt anzeigen,aenderungen-am-grundbesitz-dem-finanzamt-anzeigen,0,2026-04-17 11:36:05,2026-04-17 11:37:33,https://www.gemeinde-merching.de/aenderungen-am-grundbesitz-dem-finanzamt-anzeigen/,True,False,,pdf-embedder,248
10498,attachment,inherit,Wahlbekanntmachung Homepage,wahlbekanntmachung-homepage-2,0,2026-04-09 11:30:56,2026-04-09 11:30:56,https://www.gemeinde-merching.de/wp-content/uploads/2026/04/Wahlbekanntmachung-Homepage.pdf,True,False,,,0
10522,attachment,inherit,26-04-16 PM Anzeigepflicht Änderungen Grundbesitz.docx,26-04-16-pm-anzeigepflicht-aenderungen-grundbesitz-docx,10521,2026-04-17 11:35:25,2026-04-17 11:35:25,https://www.gemeinde-merching.de/wp-content/uploads/2026/04/26-04-16-PM-Anzeigepflicht-Aenderungen-Grundbesitz.docx.pdf,True,False,,,0
10570,post,publish,Bekanntmachung v. 12.05.2026 - Vergabe von gemeindlichen Wohnbaugrundstücken,bekanntmachung-v-12-05-2026-vergabe-von-gemeindlichen-wohnbaugrundstuecken,0,2026-05-13 08:44:02,2026-05-13 08:46:42,https://www.gemeinde-merching.de/bekanntmachung-v-12-05-2026-vergabe-von-gemeindlichen-wohnbaugrundstuecken/,True,False,,pdf-embedder,388
10791,attachment,inherit,Friedhofs- und Bestattungssatzung ab 01.01.2027 Homepage,friedhofs-und-bestattungssatzung-ab-01-01-2027-homepage,10790,2026-07-21 09:54:42,2026-07-21 09:54:42,https://www.gemeinde-merching.de/wp-content/uploads/2026/07/Friedhofs-und-Bestattungssatzung-ab-01.01.2027-Homepage.pdf,True,False,,,0
10580,attachment,inherit,Grabmann-klein,grabmann-klein,0,2026-05-18 07:48:32,2026-05-18 07:48:32,https://www.gemeinde-merching.de/wp-content/uploads/2026/05/Grabmann-klein.jpg,True,False,,,0
10581,attachment,inherit,Lang-klein,lang-klein,0,2026-05-18 07:48:32,2026-05-18 07:48:32,https://www.gemeinde-merching.de/wp-content/uploads/2026/05/Lang-klein.jpg,True,False,,,0
10588,attachment,inherit,Helmut-Luichtl-klein,helmut-luichtl-klein,0,2026-05-18 08:16:32,2026-05-18 08:16:32,https://www.gemeinde-merching.de/wp-content/uploads/2026/05/Helmut-Luichtl-klein.jpg,True,False,,,0
10656,attachment,inherit,Luichtl-Tobias-klein,luichtl-tobias-klein,0,2026-05-19 14:52:47,2026-05-19 14:52:47,https://www.gemeinde-merching.de/wp-content/uploads/2026/05/Luichtl-Tobias-klein.jpg,True,False,,,0
10597,attachment,inherit,Pressemitteilung LRA Wettbewerb_Wir für's Wittelsbacher Land,pressemitteilung-lra-wettbewerb_wir-fuers-wittelsbacher-land,10596,2026-05-18 10:28:56,2026-05-18 10:28:56,https://www.gemeinde-merching.de/wp-content/uploads/2026/05/Pressemitteilung-LRA-Wettbewerb_Wir-fuers-Wittelsbacher-Land.pdf,True,False,,,0
10605,attachment,inherit,Flyer SR 2026_AIC-FDB_klein,flyer-sr-2026_aic-fdb_klein,10604,2026-05-18 10:55:10,2026-05-18 10:55:10,https://www.gemeinde-merching.de/wp-content/uploads/2026/05/Flyer-SR-2026_AIC-FDB_klein.pdf,True,False,,,0
10657,attachment,inherit,Ulrich-Kirstin-klein,ulrich-kirstin-klein,0,2026-05-19 14:52:47,2026-05-19 14:52:47,https://www.gemeinde-merching.de/wp-content/uploads/2026/05/Ulrich-Kirstin-klein.jpg,True,False,,,0
10649,attachment,inherit,Mueller-Martin-klein,mueller-martin-klein,0,2026-05-19 14:45:17,2026-05-19 14:45:17,https://www.gemeinde-merching.de/wp-content/uploads/2026/05/Mueller-Martin-klein.jpg,True,False,,,0
10650,attachment,inherit,Uthe-Tina-klein,uthe-tina-klein,0,2026-05-19 14:45:18,2026-05-19 14:45:18,https://www.gemeinde-merching.de/wp-content/uploads/2026/05/Uthe-Tina-klein.jpg,True,False,,,0
10624,wpdmpro,publish,Satzung zur Regelung von Fragen des örtlichen Gemeindeverfassungsrechts vom 19.05.2026,satzung-zur-regelung-von-fragen-des-oertlichen-gemeindeverfassungsrechts,0,2026-05-19 14:26:26,2026-05-19 14:27:58,https://www.gemeinde-merching.de/download/satzung-zur-regelung-von-fragen-des-oertlichen-gemeindeverfassungsrechts/,True,False,,pdf-embedder,174
10625,attachment,inherit,Satzung Gemeideverfassunsrechts Homepage,satzung-gemeideverfassunsrechts-homepage,10624,2026-05-19 14:25:48,2026-05-19 14:25:48,https://www.gemeinde-merching.de/wp-content/uploads/2026/05/Satzung-Gemeideverfassunsrechts-Homepage.pdf,True,False,,,0
10798,post,publish,Gebührensatzung zur Friedhofs- und Bestattungssatzung ab 01.01.2027,gebuehrensatzung-zur-friedhofs-und-bestattungssatzung-ab-01-01-2027,0,2026-07-21 10:50:13,2026-07-21 10:50:13,https://www.gemeinde-merching.de/gebuehrensatzung-zur-friedhofs-und-bestattungssatzung-ab-01-01-2027/,True,False,,,432
10839,attachment,inherit,Friedhofs- und Bestattungssatzung ab 01.01.2027 Homepage,friedhofs-und-bestattungssatzung-ab-01-01-2027-homepage-3,10790,2026-08-20 08:39:48,2026-08-20 08:39:48,https://www.gemeinde-merching.de/wp-content/uploads/2026/07/Friedhofs-und-Bestattungssatzung-ab-01.01.2027-Homepage-2.pdf,True,False,,,0
10630,attachment,inherit,Bekanntmachung_Satzung Gemeindeverfassungsrechts_Homepage,bekanntmachung_satzung-gemeindeverfassungsrechts_homepage,0,2026-05-19 14:31:47,2026-05-19 14:31:47,https://www.gemeinde-merching.de/wp-content/uploads/2026/05/Bekanntmachung_Satzung-Gemeindeverfassungsrechts_Homepage.pdf,True,False,,,0
10639,attachment,inherit,Dittebrand-Martin-klein,dittebrand-martin-klein,0,2026-05-19 14:36:02,2026-05-19 14:36:02,https://www.gemeinde-merching.de/wp-content/uploads/2026/05/Dittebrand-Martin-klein.jpg,True,False,,,0
10653,attachment,inherit,Mayr-Thomas-klein,mayr-thomas-klein,0,2026-05-19 14:50:08,2026-05-19 14:50:08,https://www.gemeinde-merching.de/wp-content/uploads/2026/05/Mayr-Thomas-klein.jpg,True,False,,,0
10641,attachment,inherit,Schwarz-Thomas-klein,schwarz-thomas-klein,0,2026-05-19 14:36:03,2026-05-19 14:36:03,https://www.gemeinde-merching.de/wp-content/uploads/2026/05/Schwarz-Thomas-klein.jpg,True,False,,,0
10642,attachment,inherit,Teifelhart-Wolfgang-klein,teifelhart-wolfgang-klein,0,2026-05-19 14:36:04,2026-05-19 14:36:04,https://www.gemeinde-merching.de/wp-content/uploads/2026/05/Teifelhart-Wolfgang-klein.jpg,True,False,,,0
10796,post,publish,Friedhofs- und Bestattungssatzung ab 01.01.2027,friedhofs-und-bestattungssatzung-ab-01-01-2027,0,2026-07-21 10:47:36,2026-07-21 10:50:42,https://www.gemeinde-merching.de/friedhofs-und-bestattungssatzung-ab-01-01-2027/,True,False,,,404
10645,attachment,inherit,Bekanntmachung_Geschäftsordnung_Homepage,bekanntmachung_geschaeftsordnung_homepage,0,2026-05-19 14:37:35,2026-05-19 14:37:35,https://www.gemeinde-merching.de/wp-content/uploads/2026/05/Bekanntmachung_Geschaeftsordnung_Homepage.pdf,True,False,,,0
10794,attachment,inherit,Bestattungsgebührensatzung ab 01.01.2027 _Homepage,bestattungsgebuehrensatzung-ab-01-01-2027-_homepage,10793,2026-07-21 10:00:53,2026-07-21 10:00:53,https://www.gemeinde-merching.de/wp-content/uploads/2026/07/Bestattungsgebuehrensatzung-ab-01.01.2027-_Homepage.pdf,True,False,,,0
10662,post,publish,Pressemitteilung Finanzamt Augsburg Land - Erinnerung an Steuervorauszahlung,pressemitteilung-finanzamt-augsburg-land-erinnerung-an-steuervorauszahlung,0,2026-05-20 10:05:25,2026-05-20 10:06:08,https://www.gemeinde-merching.de/pressemitteilung-finanzamt-augsburg-land-erinnerung-an-steuervorauszahlung/,True,False,,pdf-embedder,578
10663,attachment,inherit,Kurzversion_Erinnerung an Steuervorauszahlung.docx,kurzversion_erinnerung-an-steuervorauszahlung-docx,10662,2026-05-20 10:01:46,2026-05-20 10:01:46,https://www.gemeinde-merching.de/wp-content/uploads/2026/05/Kurzversion_Erinnerung-an-Steuervorauszahlung.docx.pdf,True,False,,,0
10669,attachment,inherit,Kobarschik-Jochen-kl,kobarschik-jochen-kl,0,2026-05-21 07:32:21,2026-05-21 07:32:21,https://www.gemeinde-merching.de/wp-content/uploads/2026/05/Kobarschik-Jochen-kl.jpg,True,False,,,0
10754,post,publish,Einführung des Wassercents in Bayern,einfuehrung-des-wassercents-in-bayern,0,2026-06-22 12:41:27,2026-06-22 12:41:27,https://www.gemeinde-merching.de/einfuehrung-des-wassercents-in-bayern/,True,False,,,275
10757,attachment,inherit,20260623_Tonnenleerung ab 5 Uhr wegen Hitze,20260623_tonnenleerung-ab-5-uhr-wegen-hitze,10756,2026-06-24 08:50:45,2026-06-24 08:50:45,https://www.gemeinde-merching.de/wp-content/uploads/2026/06/20260623_Tonnenleerung-ab-5-Uhr-wegen-Hitze.pdf,True,False,,,0
10677,attachment,inherit,logo-quadratisch,logo-quadratisch,0,2026-05-21 09:24:18,2026-05-21 09:24:18,https://www.gemeinde-merching.de/wp-content/uploads/2026/05/logo-quadratisch.png,True,False,,,0
10845,attachment,inherit,20260825_Urlaub trotz Pflege,20260825_urlaub-trotz-pflege,10844,2026-08-27 17:07:25,2026-08-27 17:07:25,https://www.gemeinde-merching.de/wp-content/uploads/2026/08/20260825_Urlaub-trotz-Pflege.pdf,True,False,,,0
10848,post,publish,Fachstelle f. pflegende Angehörige - Tageskurs für ehrenamtlich tätige Einzelperson am 27.10.2026 in Aichach,fachstelle-f-pflegende-angehoerige-tageskurs-fuer-ehrenamtlich-taetige-einzelperson-am-27-10-2026-in-aichach,0,2026-09-02 09:42:36,2026-09-03 09:15:35,https://www.gemeinde-merching.de/fachstelle-f-pflegende-angehoerige-tageskurs-fuer-ehrenamtlich-taetige-einzelperson-am-27-10-2026-in-aichach/,True,False,,pdf-embedder,400
10762,attachment,inherit,20260625_Badeseen_Beprobung LRA 25.06.2026,20260625_badeseen_beprobung-lra-25-06-2026,0,2026-06-25 10:11:33,2026-06-25 10:11:33,https://www.gemeinde-merching.de/wp-content/uploads/2026/06/20260625_Badeseen_Beprobung-LRA-25.06.2026.pdf,True,False,,,0
10681,attachment,inherit,logo-quadratisch,logo-quadratisch-2,10680,2026-05-21 09:48:49,2026-05-21 09:48:49,https://www.gemeinde-merching.de/wp-content/uploads/2026/05/logo-quadratisch-1.png,True,False,,,0
10683,wpdmpro,publish,Geschäftsordnung ab Mai 2026,geschaeftsordnung-ab-mai-2026,0,2026-05-21 18:06:07,2026-05-21 18:06:07,https://www.gemeinde-merching.de/download/geschaeftsordnung-ab-mai-2026/,True,False,,pdf-embedder,171
10684,attachment,inherit,Geschaeftsordnung_Homepage_ab Mai_2026,geschaeftsordnung_homepage_ab-mai_2026,10683,2026-05-21 18:05:40,2026-05-21 18:05:40,https://www.gemeinde-merching.de/wp-content/uploads/2026/05/Geschaeftsordnung_Homepage_ab-Mai_2026-.pdf,True,False,,,0
10867,post,publish,Pressemitteilung: Region wehrt sich gegen geplante Ausdünnung des Regionalverkehrs zwischen Augsburg und München,pressemitteilung-region-wehrt-sich-gegen-geplante-ausduennung-des-regionalverkehrs-zwischen-augsburg-und-muenchen,0,2026-09-03 12:02:02,2026-09-03 12:02:02,https://www.gemeinde-merching.de/pressemitteilung-region-wehrt-sich-gegen-geplante-ausduennung-des-regionalverkehrs-zwischen-augsburg-und-muenchen/,True,False,,pdf-embedder,302
10844,post,publish,Urlaub trotz Pflege,urlaub-trotz-pflege,0,2026-08-27 17:08:34,2026-08-27 17:09:24,https://www.gemeinde-merching.de/urlaub-trotz-pflege/,True,False,,pdf-embedder,214
10710,attachment,inherit,Juergens-Friedrich-kl,juergens-friedrich-kl,0,2026-06-11 13:11:12,2026-06-11 13:11:12,https://www.gemeinde-merching.de/wp-content/uploads/2026/06/Juergens-Friedrich-kl.jpg,True,False,,,0
10714,attachment,inherit,Bekanntmachung Schließung Rathaus 01.07. bis 03.07.2026,bekanntmachung-schliessung-rathaus-01-07-bis-03-07-2026,0,2026-06-11 15:37:31,2026-06-11 15:37:31,https://www.gemeinde-merching.de/wp-content/uploads/2026/06/Bekanntmachung-Schliessung-Rathaus-01.07.-bis-03.07.2026.pdf,True,False,,,0
10722,attachment,inherit,Waitzmann-Bernd-kl,waitzmann-bernd-kl,0,2026-06-11 16:15:39,2026-06-11 16:15:39,https://www.gemeinde-merching.de/wp-content/uploads/2026/06/Waitzmann-Bernd-kl.jpg,True,False,,,0
10723,attachment,inherit,Scheibenbogen-Monika-kl,scheibenbogen-monika-kl,0,2026-06-11 16:15:40,2026-06-11 16:15:40,https://www.gemeinde-merching.de/wp-content/uploads/2026/06/Scheibenbogen-Monika-kl.jpg,True,False,,,0
10724,attachment,inherit,Eckmann-Christian-kl,eckmann-christian-kl,0,2026-06-11 16:15:40,2026-06-11 16:15:40,https://www.gemeinde-merching.de/wp-content/uploads/2026/06/Eckmann-Christian-kl.jpg,True,False,,,0
10725,attachment,inherit,Wecker-Martin-kl,wecker-martin-kl,0,2026-06-11 16:15:41,2026-06-11 16:15:41,https://www.gemeinde-merching.de/wp-content/uploads/2026/06/Wecker-Martin-kl.jpg,True,False,,,0
10726,attachment,inherit,Failer-Christian-kl,failer-christian-kl,0,2026-06-11 16:15:41,2026-06-11 16:15:41,https://www.gemeinde-merching.de/wp-content/uploads/2026/06/Failer-Christian-kl.jpg,True,False,,,0
10727,attachment,inherit,Storch-Markus-kl,storch-markus-kl,0,2026-06-11 16:15:42,2026-06-11 16:15:42,https://www.gemeinde-merching.de/wp-content/uploads/2026/06/Storch-Markus-kl.jpg,True,False,,,0
10735,attachment,inherit,Bekanntmachung Verbandsversammlung-24.06.2026,bekanntmachung-verbandsversammlung-24-06-2026,0,2026-06-16 10:37:10,2026-06-16 10:37:10,https://www.gemeinde-merching.de/wp-content/uploads/2026/06/Bekanntmachung-Verbandsversammlung-24.06.2026.pdf,True,False,,,0
10931,post,publish,"Unterstützung für Menschen mit Pfegebedarf - Tagesschulung zur ""Ehrenamtlich tätigen Einzelperson""",unterstuetzung-fuer-menschen-mit-pfegebedarf-tagesschulung-zur-ehrenamtlich-taetigen-einzelperson,0,2026-10-01 12:39:57,2026-10-01 12:39:57,https://www.gemeinde-merching.de/unterstuetzung-fuer-menschen-mit-pfegebedarf-tagesschulung-zur-ehrenamtlich-taetigen-einzelperson/,True,False,,pdf-embedder,205
10932,attachment,inherit,20260924_Tagesschulung Ehrenamtlich tätige Einzelperson,20260924_tagesschulung-ehrenamtlich-taetige-einzelperson,10931,2026-10-01 12:39:08,2026-10-01 12:39:08,https://www.gemeinde-merching.de/wp-content/uploads/2026/10/20260924_Tagesschulung-Ehrenamtlich-taetige-Einzelperson.pdf,True,False,,,0
10737,wpdmpro,publish,Bekanntmachung Einladung Verbandsversammlung Adelburggruppe 24.06.2026,bekanntmachung-einladung-verbandsversammlung-adelburggruppe-24-06-2026,0,2026-06-16 10:43:10,2026-06-16 10:43:10,https://www.gemeinde-merching.de/download/bekanntmachung-einladung-verbandsversammlung-adelburggruppe-24-06-2026/,True,False,,pdf-embedder,186
10738,attachment,inherit,Bekanntmachung Verbandsversammlung-24.06.2026,bekanntmachung-verbandsversammlung-24-06-2026-2,10737,2026-06-16 10:42:28,2026-06-16 10:42:28,https://www.gemeinde-merching.de/wp-content/uploads/2026/06/Bekanntmachung-Verbandsversammlung-24.06.2026-1.pdf,True,False,,,0
10785,wpdmpro,publish,Bekanntmachung Friedhofs- und Bestattungssatzung ab 01.01.2027,bekanntmachung-friedhofs-und-bestattungssatzung-ab-01-01-2027,0,2026-07-21 08:59:53,2026-07-21 08:59:53,https://www.gemeinde-merching.de/download/bekanntmachung-friedhofs-und-bestattungssatzung-ab-01-01-2027/,True,False,,pdf-embedder,217
10741,wpdmpro,publish,Rechtsverordnung über die Zulassung des Betriebs von Autowaschanlagen an Sonn- und Feiertagen,rechtsverordnung-ueber-die-zulassung-des-betriebs-von-autowaschanlagen-an-sonn-und-feiertagen,0,2026-06-16 11:09:57,2026-06-16 11:09:57,https://www.gemeinde-merching.de/download/rechtsverordnung-ueber-die-zulassung-des-betriebs-von-autowaschanlagen-an-sonn-und-feiertagen/,True,False,,pdf-embedder,280
10742,attachment,inherit,Rechtsverordnung über die Zulassung des Betriebs von Autowaschanlagen an Sonn- und Feiertagen,rechtsverordnung-ueber-die-zulassung-des-betriebs-von-autowaschanlagen-an-sonn-und-feiertagen,10741,2026-06-16 11:09:13,2026-06-16 11:09:13,https://www.gemeinde-merching.de/wp-content/uploads/2026/06/Rechtsverordnung-ueber-die-Zulassung-des-Betriebs-von-Autowaschanlagen-an-Sonn-und-Feiertagen.pdf,True,False,,,0
10849,attachment,inherit,Kurs ehrenamtlich tätige Einzelperson 27.10.2026 LRA_Flyer,kurs-ehrenamtlich-taetige-einzelperson-27-10-2026-lra_flyer,10848,2026-09-02 09:40:39,2026-09-02 09:40:39,https://www.gemeinde-merching.de/wp-content/uploads/2026/09/Kurs-ehrenamtlich-taetige-Einzelperson-27.10.2026-LRA_Flyer.pdf,True,False,,,0
10744,post,publish,"Amtsblatt Landkreis Aichach-Friedberg 06/2026, Jahrgang 81",amtsblatt-landkreis-aichach-friedberg-06-2026-jahrgang-81,0,2026-06-16 12:20:02,2026-06-16 12:20:02,https://www.gemeinde-merching.de/amtsblatt-landkreis-aichach-friedberg-06-2026-jahrgang-81/,True,False,,,291
10748,wpdmpro,publish,Amtsblatt Landkreis Aichach-Friedberg vom 02.06.2026 m. Bekanntmachung Haushaltssatzung f.d. Haushalt 2026 des Zweckverband zur Wasserversorgung d. Adelburggruppe,amtsblatt-landkreis-aichach-friedberg-vom-02-06-2026-m-bekanntmachung-haushaltssatzung-f-d-haushalt-2026-des-zweckverband-zur-wasserversorgung-d-adelburggruppe,0,2026-06-16 12:22:50,2026-06-16 12:22:50,https://www.gemeinde-merching.de/download/amtsblatt-landkreis-aichach-friedberg-vom-02-06-2026-m-bekanntmachung-haushaltssatzung-f-d-haushalt-2026-des-zweckverband-zur-wasserversorgung-d-adelburggruppe/,True,False,,pdf-embedder,118
10749,attachment,inherit,Amtsblatt-06-2026Jahrg.-81-Nr.-06,amtsblatt-06-2026jahrg-81-nr-06,10748,2026-06-16 12:21:48,2026-06-16 12:21:48,https://www.gemeinde-merching.de/wp-content/uploads/2026/06/Amtsblatt-06-2026Jahrg.-81-Nr.-06.pdf,True,False,,,0
10808,post,publish,Blaualgen Tychonema am Mandichosee,blaualgen-tychonema-am-mandichosee,0,2026-07-27 09:52:50,2026-07-27 09:54:41,https://www.gemeinde-merching.de/blaualgen-tychonema-am-mandichosee/,True,False,,,485
10928,post,publish,E-Rechnung im Verein: Online-Seminar des Landratsamtes informiert über neue Anforderungen,e-rechnung-im-verein-online-seminar-des-landratsamtes-informiert-ueber-neue-anforderungen,0,2026-10-01 12:46:59,2026-10-01 12:45:48,https://www.gemeinde-merching.de/e-rechnung-im-verein-online-seminar-des-landratsamtes-informiert-ueber-neue-anforderungen/,True,False,,pdf-embedder,196
10929,attachment,inherit,20260925_Vereinsforum E-Rechnung_Online Seminar LRA,20260925_vereinsforum-e-rechnung_online-seminar-lra,10928,2026-10-01 12:14:08,2026-10-01 12:14:08,https://www.gemeinde-merching.de/wp-content/uploads/2026/10/20260925_Vereinsforum-E-Rechnung_Online-Seminar-LRA.pdf,True,False,,,0
10940,post,publish,DB InfraGO AG führt am 20.10.26 Bauarbeiten durch (Bf Kissing - Bf Augsburg Hbf u. Bf Mammendorf - Bf Mering),db-infrago-ag-fuehrt-am-20-10-26-bauarbeiten-durch-bf-kissing-bf-augsburg-hbf-u-bf-mammendorf-bf-mering,0,2026-10-08 11:45:29,2026-10-08 11:45:29,https://www.gemeinde-merching.de/db-infrago-ag-fuehrt-am-20-10-26-bauarbeiten-durch-bf-kissing-bf-augsburg-hbf-u-bf-mammendorf-bf-mering/,True,False,,,415
10925,post,publish,Fundsache,fundsache-2,0,2026-10-01 08:16:29,2026-10-01 08:16:29,https://www.gemeinde-merching.de/fundsache-2/,True,False,,,232
10826,post,publish,"Fotowettbewerb ""Ein Herz für regionale Lebensmittel""",fotowettbewerb-ein-herz-fuer-regionale-lebensmittel,0,2026-08-06 11:02:15,2026-08-06 11:02:15,https://www.gemeinde-merching.de/fotowettbewerb-ein-herz-fuer-regionale-lebensmittel/,True,False,,,210
10827,attachment,inherit,Sharepic_Ein Herz für regionale LM_1080x1920px,sharepic_ein-herz-fuer-regionale-lm_1080x1920px,10826,2026-08-06 10:58:20,2026-08-06 10:58:20,https://www.gemeinde-merching.de/wp-content/uploads/2026/08/Sharepic_Ein-Herz-fuer-regionale-LM_1080x1920px.jpg,True,False,,,0
10828,attachment,inherit,"Logo Amt f. Ernährung, Landwirtschaft und Forsten",logo-amt-f-ernaehrung-landwirtschaft-und-forsten,10826,2026-08-06 11:01:36,2026-08-06 11:02:10,https://www.gemeinde-merching.de/wp-content/uploads/2026/08/Logo-Amt-f.-Ernaehrung-Landwirtschaft-und-Forsten.jpg,True,False,,,0
10833,post,publish,Neue Termine für kostenlose Rückgabe von Pflanzenschutz-Verpackungen - Entsorgungssystem PAMIRA,neue-termine-fuer-kostenlose-rueckgabe-von-pflanzenschutz-verpackungen-entsorgungssystem-pamira,0,2026-08-12 09:55:05,2026-08-12 09:55:57,https://www.gemeinde-merching.de/neue-termine-fuer-kostenlose-rueckgabe-von-pflanzenschutz-verpackungen-entsorgungssystem-pamira/,True,False,,pdf-embedder,225
10834,attachment,inherit,20260811_Pamira-Sammlung 2026,20260811_pamira-sammlung-2026,10833,2026-08-12 09:54:46,2026-08-12 09:54:46,https://www.gemeinde-merching.de/wp-content/uploads/2026/08/20260811_Pamira-Sammlung-2026.pdf,True,False,,,0
10838,attachment,inherit,Friedhofs- und Bestattungssatzung ab 01.01.2027 Homepage,friedhofs-und-bestattungssatzung-ab-01-01-2027-homepage-2,10790,2026-08-20 08:37:35,2026-08-20 08:37:35,https://www.gemeinde-merching.de/wp-content/uploads/2026/07/Friedhofs-und-Bestattungssatzung-ab-01.01.2027-Homepage-1.pdf,True,False,,,0
10853,attachment,inherit,Plakat Tag der offenen Türen_Demenzwoche 2026,plakat-tag-der-offenen-tueren_demenzwoche-2026,10852,2026-09-02 10:22:35,2026-09-02 10:22:35,https://www.gemeinde-merching.de/wp-content/uploads/2026/09/Plakat-Tag-der-offenen-Tueren_Demenzwoche-2026.pdf,True,False,,,0
10855,attachment,inherit,"Logo Bayer. Staatsministerium f. Gesundheit, Pflege u. Prävention",logo-bayer-staatsministerium-f-gesundheit-pflege-u-praevention,10852,2026-09-02 10:47:47,2026-09-02 10:47:47,https://www.gemeinde-merching.de/wp-content/uploads/2026/09/Logo-Bayer.-Staatsministerium-f.-Gesundheit-Pflege-u.-Praevention.png,True,False,,,0
10862,attachment,inherit,20260819 Badeseen Beprobung Tychonema,20260819-badeseen-beprobung-tychonema,10861,2026-09-02 11:51:51,2026-09-02 11:51:51,https://www.gemeinde-merching.de/wp-content/uploads/2026/09/20260819-Badeseen-Beprobung-Tychonema.pdf,True,False,,,0
10868,attachment,inherit,20260903_DB InfraGO Augsburg - München_Pressemitteilung LRA 09.2026,20260903_db-infrago-augsburg-muenchen_pressemitteilung-lra-09-2026,10867,2026-09-03 11:59:56,2026-09-03 11:59:56,https://www.gemeinde-merching.de/wp-content/uploads/2026/09/20260903_DB-InfraGO-Augsburg-Muenchen_Pressemitteilung-LRA-09.2026.pdf,True,False,,,0
10870,wpdmpro,publish,Bodenrichtwerte ab 01.01.2026 für Merching,bodenrichtwerte-ab-01-01-2026-fuer-merching,0,2026-09-03 12:13:10,2026-09-03 12:13:10,https://www.gemeinde-merching.de/download/bodenrichtwerte-ab-01-01-2026-fuer-merching/,True,False,,pdf-embedder,152
10871,attachment,inherit,Merching Bodenrichtwerte 2026,merching-bodenrichtwerte-2026,10870,2026-09-03 12:12:39,2026-09-03 12:12:39,https://www.gemeinde-merching.de/wp-content/uploads/2026/09/Merching-Bodenrichtwerte-2026.pdf,True,False,,,0
10872,wpdmpro,publish,Bodenrichtwerte ab 01.01.2026 für Steinach und Hochdorf,bodenrichtwerte-ab-01-01-2026-fuer-steinach-und-hochdorf,0,2026-09-03 12:14:08,2026-09-03 12:14:08,https://www.gemeinde-merching.de/download/bodenrichtwerte-ab-01-01-2026-fuer-steinach-und-hochdorf/,True,False,,pdf-embedder,172
10873,attachment,inherit,Steinach + Hochdorf Bodenrichtwerte 2026,steinach-hochdorf-bodenrichtwerte-2026,10872,2026-09-03 12:13:46,2026-09-03 12:13:46,https://www.gemeinde-merching.de/wp-content/uploads/2026/09/Steinach-Hochdorf-Bodenrichtwerte-2026.pdf,True,False,,,0
10874,wpdmpro,publish,Bodenrichtwerte f. landwirtschaftliche Flächen ab 01.01.2026,bodenrichtwerte-f-landwirtschaftliche-flaechen-ab-01-01-2026,0,2026-09-03 12:14:58,2026-09-03 12:14:58,https://www.gemeinde-merching.de/download/bodenrichtwerte-f-landwirtschaftliche-flaechen-ab-01-01-2026/,True,False,,pdf-embedder,191
10875,attachment,inherit,landwirtschaftliche Flächen Bodenrichtwerte 2026,landwirtschaftliche-flaechen-bodenrichtwerte-2026,10874,2026-09-03 12:14:40,2026-09-03 12:14:40,https://www.gemeinde-merching.de/wp-content/uploads/2026/09/landwirtschaftliche-Flaechen-Bodenrichtwerte-2026.pdf,True,False,,,0
10876,post,publish,Bodenrichtwerte ab 01.01.2026,bodenrichtwerte-ab-01-01-2026,0,2026-09-03 12:16:54,2026-09-03 12:17:30,https://www.gemeinde-merching.de/bodenrichtwerte-ab-01-01-2026/,True,False,,,209
10885,attachment,inherit,20260908_Warntag,20260908_warntag,10884,2026-09-10 09:05:30,2026-09-10 09:05:30,https://www.gemeinde-merching.de/wp-content/uploads/2026/09/20260908_Warntag.pdf,True,False,,,0
10887,post,publish,Pressemitteilung Landratsamt Aichach-Friedberg: Tychonema in mehreren Badeseen nachgewiesen,pressemitteilung-landratsamt-aichach-friedberg-tychonema-in-mehreren-badeseen-nachgewiesen,0,2026-09-16 11:46:52,2026-09-16 11:41:49,https://www.gemeinde-merching.de/pressemitteilung-landratsamt-aichach-friedberg-tychonema-in-mehreren-badeseen-nachgewiesen/,True,False,,pdf-embedder,111
10888,attachment,inherit,20260909_Badeseenbeprobung,20260909_badeseenbeprobung,10887,2026-09-10 10:47:22,2026-09-10 10:47:22,https://www.gemeinde-merching.de/wp-content/uploads/2026/09/20260909_Badeseenbeprobung.pdf,True,False,,,0
10890,post,publish,Suizidprävention - Pressemitteilung Landratsamt Aichach-Friedberg,suizidpraevention-pressemitteilung-landratsamt-aichach-friedberg,0,2026-09-10 12:11:20,2026-09-10 12:11:20,https://www.gemeinde-merching.de/suizidpraevention-pressemitteilung-landratsamt-aichach-friedberg/,True,False,,,242
10891,attachment,inherit,20260910_Welttag Suizidprävention,20260910_welttag-suizidpraevention,10890,2026-09-10 12:09:55,2026-09-10 12:09:55,https://www.gemeinde-merching.de/wp-content/uploads/2026/09/20260910_Welttag-Suizidpraevention.docx,True,False,,,0
10896,post,publish,Pressemitteilung Landratsamt Aichach-Friedberg: Blaualgen im Uferbereich des Auensees bei Kissing,pressemitteilung-landratsamt-aichach-friedberg-blaualgen-im-uferbereich-des-auensees-bei-kissing,0,2026-09-16 11:45:55,2026-09-16 11:41:17,https://www.gemeinde-merching.de/pressemitteilung-landratsamt-aichach-friedberg-blaualgen-im-uferbereich-des-auensees-bei-kissing/,True,False,,pdf-embedder,172
10897,attachment,inherit,20260915_Blaualgen Auensee Kissing (003),20260915_blaualgen-auensee-kissing-003,10896,2026-09-16 08:47:22,2026-09-16 08:47:22,https://www.gemeinde-merching.de/wp-content/uploads/2026/09/20260915_Blaualgen-Auensee-Kissing-003.pdf,True,False,,,0
10900,attachment,inherit,PRESSEMITTEILUNG Nachhaltigkeitstag 18.09.2026 Infos über das Programm,pressemitteilung-nachhaltigkeitstag-18-09-2026-infos-ueber-das-programm,10899,2026-09-16 10:34:22,2026-09-16 10:34:22,https://www.gemeinde-merching.de/wp-content/uploads/2026/09/PRESSEMITTEILUNG-Nachhaltigkeitstag-18.09.2026-Infos-ueber-das-Programm.pdf,True,False,,,0
10904,attachment,inherit,3. PM triathlon.de CUP Königsbrunn - Sperrungen & Anwohnerinformationen,3-pm-triathlon-de-cup-koenigsbrunn-sperrungen-anwohnerinformationen,10903,2026-09-16 14:25:45,2026-09-16 14:25:45,https://www.gemeinde-merching.de/wp-content/uploads/2026/09/3.-PM-triathlon.de-CUP-Koenigsbrunn-Sperrungen-Anwohnerinformationen.pdf,True,False,,,0
10906,attachment,inherit,TRICUP_KOEB_Flyer_Anwohner_2026-08-21,tricup_koeb_flyer_anwohner_2026-08-21,10903,2026-09-16 14:26:36,2026-09-16 14:26:36,https://www.gemeinde-merching.de/wp-content/uploads/2026/09/TRICUP_KOEB_Flyer_Anwohner_2026-08-21.pdf,True,False,,,0
10909,attachment,inherit,Triathlon,triathlon,10903,2026-09-16 14:30:42,2026-09-16 14:30:42,https://www.gemeinde-merching.de/wp-content/uploads/2026/09/Triathlon.png,True,False,,,0
10914,post,publish,Fundfahrrad,fundfahrrad,0,2026-09-17 09:18:00,2026-09-17 09:18:00,https://www.gemeinde-merching.de/fundfahrrad/,True,False,,,227
10917,post,publish,Übernahme Papiertonne v. REMONDIS durch den Landkreis - Erfassung der Tonnen in Merching ab 19.10.2026,10917-2,0,2026-09-22 08:10:31,2026-09-22 08:23:06,https://www.gemeinde-merching.de/10917-2/,True,False,,pdf-embedder,237
10918,attachment,inherit,20260915_Übernahme Papiertonne durch den Landkreis_Pressemitteilung LRA,20260915_uebernahme-papiertonne-durch-den-landkreis_pressemitteilung-lra,10917,2026-09-22 08:09:30,2026-09-22 08:09:30,https://www.gemeinde-merching.de/wp-content/uploads/2026/09/20260915_Uebernahme-Papiertonne-durch-den-Landkreis_Pressemitteilung-LRA.pdf,True,False,,,0
10938,post,publish,Vollsperrung der Steinacher Straße 07.10.2026 - 31.10.2026,vollsperrung-der-steinacher-strasse-07-10-2026-31-10-2026,0,2026-10-07 07:00:19,2026-10-07 07:23:25,https://www.gemeinde-merching.de/vollsperrung-der-steinacher-strasse-07-10-2026-31-10-2026/,True,False,,,230
10942,post,publish,DB InfraGO AG führt am 13.10. u. 14.10.26 Bauarbeiten durch (Bf Mering - Bf Egling),db-infrago-ag-fuehrt-am-13-10-u-14-10-26-bauarbeiten-durch-bf-mering-bf-egling,0,2026-10-08 11:47:58,2026-10-08 11:47:58,https://www.gemeinde-merching.de/db-infrago-ag-fuehrt-am-13-10-u-14-10-26-bauarbeiten-durch-bf-mering-bf-egling/,True,False,,,418
10944,post,publish,Workshop Freiwilligenagentur: Wie gewinnen wir neue Freiwillige? Alle im Blick - Ehrenamt neu gestalten,workshop-freiwilligenagentur-wie-gewinnen-wir-neue-freiwillige-alle-im-blick-ehrenamt-neu-gestalten,0,2026-10-08 11:52:50,2026-10-08 11:52:50,https://www.gemeinde-merching.de/workshop-freiwilligenagentur-wie-gewinnen-wir-neue-freiwillige-alle-im-blick-ehrenamt-neu-gestalten/,True,False,,pdf-embedder,202
10945,attachment,inherit,20260918_Workshop_Alle im Blick Ehrenamt neu gestalten,20260918_workshop_alle-im-blick-ehrenamt-neu-gestalten,10944,2026-10-08 11:52:11,2026-10-08 11:52:11,https://www.gemeinde-merching.de/wp-content/uploads/2026/10/20260918_Workshop_Alle-im-Blick-Ehrenamt-neu-gestalten.pdf,True,False,,,0
10947,post,publish,Veranstaltung Landratsamt Aichach-Friedberg: Ratschen über Photovoltaik - SolarTreffs in verschiedenen Gemeinden,veranstaltung-landratsamt-aichach-friedberg-ratschen-ueber-photovoltaik-solartreffs-in-verschiedenen-gemeinden,0,2026-10-08 12:03:50,2026-10-08 12:03:50,https://www.gemeinde-merching.de/veranstaltung-landratsamt-aichach-friedberg-ratschen-ueber-photovoltaik-solartreffs-in-verschiedenen-gemeinden/,True,False,,pdf-embedder,172
10948,attachment,inherit,20260928_Vorlage PM_mehrere SolarTreffs,20260928_vorlage-pm_mehrere-solartreffs,10947,2026-10-08 11:56:14,2026-10-08 11:56:14,https://www.gemeinde-merching.de/wp-content/uploads/2026/10/20260928_Vorlage-PM_mehrere-SolarTreffs.pdf,True,False,,,0
10952,post,publish,Vollsperrung Bahnübergang zwischen Brunnen und St. 2052 im Zeitraum vom 13.10.2026 - 15.10.2026,vollsperrung-bahnuebergang-zwischen-brunnen-und-st-2052-im-zeitraum-vom-13-10-2026-15-10-2026,0,2026-10-09 06:56:36,2026-10-09 06:56:36,https://www.gemeinde-merching.de/vollsperrung-bahnuebergang-zwischen-brunnen-und-st-2052-im-zeitraum-vom-13-10-2026-15-10-2026/,True,False,,,176
