source,title,path,source_url,public_package_url,exists_in_backup,bytes,sha256,year_candidates,budget_candidate,accessibility
wpdmpro:9239,GSV - HH 6 Anlagen 2026,wp-content/uploads/download-manager-files/GSV-6-HH-Anlagen.pdf,https://www.gemeinde-merching.de/wp-content/uploads/download-manager-files/GSV-6-HH-Anlagen.pdf,https://www.gemeinde-merching.de/download/gsv-hh-anlagen-2026/,True,77009,4a15db5d60bf33d9ca5645b64ed6652339698d1f2de74e4249e4d13d8ca27e9c,2026,False,not verified
wpdmpro:9240,MSV - HH 0 Deckblatt 2026,wp-content/uploads/download-manager-files/MSV-0-HH-Deckblatt.pdf,https://www.gemeinde-merching.de/wp-content/uploads/download-manager-files/MSV-0-HH-Deckblatt.pdf,https://www.gemeinde-merching.de/download/msv-hh-0-deckblatt-2026/,True,61673,1602c3a054005a291caf8b305270fd424c40a2c657b2bcba785fadd392ed5ca1,2026,False,not verified
wpdmpro:10790,Bestattung - Satzung über die öffentl. Bestattungseinrichtung der Gemeinde Merching vom 17.07.2026 - gültig ab 01.01.2027,wp-content/uploads/download-manager-files/1787207996wpdm_Friedhofs-und-Bestattungssatzung-ab-01.01.2027-Homepage.pdf,https://www.gemeinde-merching.de/wp-content/uploads/download-manager-files/1787207996wpdm_Friedhofs-und-Bestattungssatzung-ab-01.01.2027-Homepage.pdf,https://www.gemeinde-merching.de/download/friedhofs-und-bestattungssatzung-ab-01-01-2027/,True,297695,790a1fbbf9d2c5ff39ebc99b3aaa318b06df1ea7c571e8729d603d6188ad0e97,2026|2027|2079,False,not verified
wpdmpro:9978,Unternehmenssatzung für das Kommunalunternehmen Merching vom 16.09.2025,wp-content/uploads/download-manager-files/Unternehmenssatzung-fuer-das-Kommunalunternehmen-Merching-vom-16.09.2025.pdf,https://www.gemeinde-merching.de/wp-content/uploads/download-manager-files/Unternehmenssatzung-fuer-das-Kommunalunternehmen-Merching-vom-16.09.2025.pdf,https://www.gemeinde-merching.de/download/unternehmenssatzung-fuer-das-kommunalunternehmen-merching-vom-16-09-2025/,True,270903,a78cf90d46ef64e91693d5e63e3e895196a623cab7162ec49996bc45d111bd00,2025,False,not verified
wpdmpro:10788,Bekanntmachung der Gebührensatzung zur Friedhofs- und Bestattungssatzung ab 01.01.2027,wp-content/uploads/download-manager-files/Bekanntmachung-Satzung-GBS_BES-ab-01.01.2027.pdf,https://www.gemeinde-merching.de/wp-content/uploads/download-manager-files/Bekanntmachung-Satzung-GBS_BES-ab-01.01.2027.pdf,https://www.gemeinde-merching.de/download/bekanntmachung-der-gebuehrensatzung-zur-friedhofs-und-bestattungssatzung-ab-01-01-2027/,True,119389,e39cd6da359c05755fa6752db7cd19e83d1c8698c6dece5657b9ef3c5bffbb6d,2027,False,not verified
wpdmpro:10245,Bürgertelefon Krebs,wp-content/uploads/download-manager-files/BZKF_BuergerTelefonKrebs-v.-F.-Hagen.pdf,https://www.gemeinde-merching.de/wp-content/uploads/download-manager-files/BZKF_BuergerTelefonKrebs-v.-F.-Hagen.pdf,https://www.gemeinde-merching.de/download/buergertelefon-krebs/,True,1318574,1e38f4a41d7ae954f4f9f668ee2a5a8de403ddf1dd067e638b2070784ca63df4,,False,not verified
wpdmpro:8132,Abschaffung des Kinderreisepasses zum 01.01.2024,wp-content/uploads/download-manager-files/Abschaffung-des-Kinderreisepasses-zum-01.01.2024.pdf,https://www.gemeinde-merching.de/wp-content/uploads/download-manager-files/Abschaffung-des-Kinderreisepasses-zum-01.01.2024.pdf,https://www.gemeinde-merching.de/download/abschaffung-des-kinderreisepasses-zum-01-01-2024/,True,134976,7cecbb849025cc06fcf9380dfd3cfe856df0f7bca6f12a0fcb857badd106c673,2024,False,not verified
wpdmpro:7608,"Satzung über das besondere Vorkaufsrecht d. Gemeinde Merching f. den Bereich d. Fl.Nr. 88/1, 90 und 93/3 d. Gemarkung Merching",wp-content/uploads/download-manager-files/1685442520wpdm_Vorkaufsrechtssatzung.pdf,https://www.gemeinde-merching.de/wp-content/uploads/download-manager-files/1685442520wpdm_Vorkaufsrechtssatzung.pdf,https://www.gemeinde-merching.de/download/satzung-ueber-das-besondere-vorkaufsrecht-d-gemeinde-merching-f-den-bereich-d-fl-nr-88-1-90-und-93-3-d-gemarkung-merching/,True,932934,4517b288837120f53475109ecdbb322c23d44b116d6d453f5ed1aaae72dd0f4f,,False,not verified
wpdmpro:9976,Bekanntmachung Unternehmenssatzung für das Kommunalunternehmen Merching vom 16.09.2026,wp-content/uploads/download-manager-files/Bekanntmachung-Satzung-fuer-das-Kommunalunternehmen-Merching-vom-16.09.2025.pdf,https://www.gemeinde-merching.de/wp-content/uploads/download-manager-files/Bekanntmachung-Satzung-fuer-das-Kommunalunternehmen-Merching-vom-16.09.2025.pdf,https://www.gemeinde-merching.de/download/bekanntmachung-unternehmenssatzung-fuer-das-kommunalunternehmen-merching-vom-16-09-2026/,True,118919,8f11c2b87cf56ae5f9ea11ea86a815766651c4ed75f6c5d5aab0926737c50fbb,2025|2026,False,not verified
wpdmpro:9972,Stellplatzsatzung der Gemeinde Merching vom 08.09.2025,wp-content/uploads/download-manager-files/Stellplatzsatzung-ab-30.09.2025-.pdf,https://www.gemeinde-merching.de/wp-content/uploads/download-manager-files/Stellplatzsatzung-ab-30.09.2025-.pdf,https://www.gemeinde-merching.de/download/stellplatzsatzung-vom-08-09-2025/,True,265526,389c16bad63164201e55367ac5416ee2147ffd82274091bf8d41b4a8954cefd5,2025,False,not verified
wpdmpro:10179,Bekanntmachung Beschwerdeausschuss,wp-content/uploads/download-manager-files/Bekanntmachung-Beschwerdeausschusssitzung.pdf,https://www.gemeinde-merching.de/wp-content/uploads/download-manager-files/Bekanntmachung-Beschwerdeausschusssitzung.pdf,https://www.gemeinde-merching.de/download/bekanntmachung-beschwerdeausschuss/,True,93082,92a497e286c8fe1c1cea8da0a21c1a6496190610fab0fd12a1e416cdb054e02d,,False,not verified
wpdmpro:7017,Erhebung Verwaltungskosten - Satzung über die Erhebung von Verwaltungskosten für Amtshandlungen im eigenen Wirkungskreis der Gemeinde Merching - Kostensatzung,wp-content/uploads/filebase/satzungen-verordnungen-gemeinde-merching/web_kostensatzung_2002.pdf,https://www.gemeinde-merching.de/wp-content/uploads/filebase/satzungen-verordnungen-gemeinde-merching/web_kostensatzung_2002.pdf,https://www.gemeinde-merching.de/download/erhebung-verwaltungskosten-satzung-ueber-die-erhebung-von-verwaltungskosten-fuer-amtshandlungen-im-eigenen-wirkungskreis-der-gemeinde-merching-kostensatzung/,True,22559,7a5de96ac4ea773c6108b8c502158ed17e5901d5ec4c01e273d0111e03994f33,2002,False,not verified
wpdmpro:10430,Bekanntmachung des abschließenden Ergebnisses der Wahl des Gemeinderats am 08. März 2026,wp-content/uploads/download-manager-files/Gemeinderatswahl-Bekanntmachung_Wahlergebnis_Anl_17_Homepage.pdf,https://www.gemeinde-merching.de/wp-content/uploads/download-manager-files/Gemeinderatswahl-Bekanntmachung_Wahlergebnis_Anl_17_Homepage.pdf,https://www.gemeinde-merching.de/download/bekanntmachung-des-abschliessenden-ergebnisses-der-wahl-des-gemeinderats-am-08-maerz-2026/,True,191805,611f20c6be98f680e15c45f037ecfc3dc9778c7721ca18749c467e1e2fb0d6e8,2026,False,not verified
wpdmpro:9075,Bekanntmachung Grundsteuer und Hundesteuer 2025,wp-content/uploads/download-manager-files/Bekanntmachung-Grd.St_HundeSt.-2025.pdf,https://www.gemeinde-merching.de/wp-content/uploads/download-manager-files/Bekanntmachung-Grd.St_HundeSt.-2025.pdf,https://www.gemeinde-merching.de/download/bekanntmachung-grundsteuer-und-hundesteuer-2025/,True,91000,9480d86c4210f2f2a758cd077c373577845a952c513aafa3b63ca78cb5866764,2025,False,not verified
wpdmpro:10091,Merkblatt zum richtigen Verhalten gegenüber Wasser-/Zugvögeln,wp-content/uploads/download-manager-files/Merkblatt-zum-richtigen-Verhalten-ggue.-Wasser-u.-Zugvoegeln-LRA-November-2025.pdf,https://www.gemeinde-merching.de/wp-content/uploads/download-manager-files/Merkblatt-zum-richtigen-Verhalten-ggue.-Wasser-u.-Zugvoegeln-LRA-November-2025.pdf,https://www.gemeinde-merching.de/download/merkblatt-zum-richtigen-verhalten-gegenueber-wasser-zugvoegeln/,True,194397,9a0fa7382a73e32d7bfa1d2256797cdc2d9ee5d450d011b5f45042a59b595390,2025,False,not verified
wpdmpro:10033,Satzung zur Einführung einer Pflicht zum Nachweis eines Spielplatzes für Kinder - Spielplatzsatzung,wp-content/uploads/download-manager-files/Spielplatzsatzung-der-Gemeinde-Merching-vom-01.10.2025.pdf,https://www.gemeinde-merching.de/wp-content/uploads/download-manager-files/Spielplatzsatzung-der-Gemeinde-Merching-vom-01.10.2025.pdf,https://www.gemeinde-merching.de/download/satzung-zur-einfuehrung-einer-pflicht-zum-nachweis-eines-spielplatzes-fuer-kinder-spielplatzsatzung/,True,157738,0e445511fff55ff72139a686d34c5175e2f457c1b4b047270cf26de9ecfbec2a,2025,False,not verified
wpdmpro:9922,Feuerwehr - Satzung über Aufwendungs- und Kostenersatz für Einsätze und andere Leistungen gemeindlicher Feuerwehren ab 01.01.2026,wp-content/uploads/download-manager-files/1765778685wpdm_Feuerwehr-Satzung-ueber-Aufwendungd-und-Kostenersatz-fuer-Einsaetze-und-andere-Leistungen-gem.-Feuehrwehren-ab-01.01.2026.pdf,https://www.gemeinde-merching.de/wp-content/uploads/download-manager-files/1765778685wpdm_Feuerwehr-Satzung-ueber-Aufwendungd-und-Kostenersatz-fuer-Einsaetze-und-andere-Leistungen-gem.-Feuehrwehren-ab-01.01.2026.pdf,https://www.gemeinde-merching.de/download/satzung-aufwendungs-u-kostenersatz-f-einsaetze-u-andere-leistungen-gemeindlicher-feuerwehren-ab-01-01-2026/,True,202955,134655e0a3070abef24b4b659019fce08361d41b93e0014fb5a9ad651c71d817,2026,False,not verified
wpdmpro:10027,Hundesteuer - Satzung der Gemeinde Merching für die Erhebung der Hundesteuer (Hundesteuersatzung - HStS) ab 2026,wp-content/uploads/download-manager-files/Hundesteuer-Satzung-der-Gemeinde-Merching-fuer-die-Erhebung-einer-Hundesteuer-ab-2026.pdf,https://www.gemeinde-merching.de/wp-content/uploads/download-manager-files/Hundesteuer-Satzung-der-Gemeinde-Merching-fuer-die-Erhebung-einer-Hundesteuer-ab-2026.pdf,https://www.gemeinde-merching.de/download/hundesteuer-satzung-der-gemeinde-merching-fuer-die-erhebung-der-hundesteuer-hundesteuersatzung-hsts/,True,128279,0699dcab98f643038826b779eedfc436e0b68ff0b26064c0bd052c06a0cc2172,2026,False,not verified
wpdmpro:9245,MSV - HH 5 Haushaltsplan mit Finanzplan 2026,wp-content/uploads/download-manager-files/MSV-5-HH-Haushaltsplan-mit-Finanzplan-und-Deckungsringen.pdf,https://www.gemeinde-merching.de/wp-content/uploads/download-manager-files/MSV-5-HH-Haushaltsplan-mit-Finanzplan-und-Deckungsringen.pdf,https://www.gemeinde-merching.de/download/msv-hh-5-haushaltsplan-mit-finanzplan-2026/,True,1282390,9e04d967ee631d0f7af373cb265a364657a23ed6098762362ed3906a2d08070e,2026,True,not verified
wpdmpro:9241,MSV - HH 1 Inhaltsverzeichnis 2026,wp-content/uploads/download-manager-files/MSV-1-HH-Inhaltsverzeichnis.pdf,https://www.gemeinde-merching.de/wp-content/uploads/download-manager-files/MSV-1-HH-Inhaltsverzeichnis.pdf,https://www.gemeinde-merching.de/download/msv-hh-1-inhaltsverzeichnis-2026/,True,13123,8b02d499ab33ce7dc8cb2916ca5f95f2563ade1dc7b0f06a9157f6b219cbc08b,2026,False,not verified
wpdmpro:10453,Gemeindekurier Ostern 2026,wp-content/uploads/download-manager-files/Gemeindekurier-Ostern-2026-f.-Homepage.pdf,https://www.gemeinde-merching.de/wp-content/uploads/download-manager-files/Gemeindekurier-Ostern-2026-f.-Homepage.pdf,https://www.gemeinde-merching.de/download/gemeindekurier-ostern-2026/,True,1663303,56452b2a2bda833b63516f0e22b72da5b8c7a3c87afd710e05517d0ae830ac9e,2026,False,not verified
wpdmpro:10426,Bekanntmachung des abschließenden Ergebnisses der Wahl des ersten Bürgermeisters am 08.03.2026,wp-content/uploads/download-manager-files/Buergermeisterwahl-Bekanntmachung_Wahlergebnis_Anl_18-Direktwahl_Homepage.pdf,https://www.gemeinde-merching.de/wp-content/uploads/download-manager-files/Buergermeisterwahl-Bekanntmachung_Wahlergebnis_Anl_18-Direktwahl_Homepage.pdf,https://www.gemeinde-merching.de/download/bekanntmachung-des-abschliessenden-ergebnisses-der-wahl-des-ersten-buergermeisters-am-08-03-2026/,True,188319,40cbcf0cde15d9ad2fe62bf4ad0d51a902e1f10931ceb57fc31d8d4652e94563,2026,False,not verified
wpdmpro:7022,Kleineinleiter - Satzung für die Erhebung einer Kommunalabgabe zur Abwälzung der Abwasserabgabe für Kleineinleiter,wp-content/uploads/filebase/satzungen-verordnungen-gemeinde-merching/web_kleineinleitersatzung_09082005.pdf,https://www.gemeinde-merching.de/wp-content/uploads/filebase/satzungen-verordnungen-gemeinde-merching/web_kleineinleitersatzung_09082005.pdf,https://www.gemeinde-merching.de/download/kleineinleiter-satzung-fuer-die-erhebung-einer-kommunalabgabe-zur-abwaelzung-der-abwasserabgabe-fuer-kleineinleiter/,True,15911,2b64eede2291421cb23658cba87f88ab9b1662c08f92d66ea2ad5ecd4aa22abe,2005,False,not verified
wpdmpro:9242,MSV - HH 2 Haushaltssatzung 2026,wp-content/uploads/download-manager-files/MSV-2-HH-Haushaltssatzung.pdf,https://www.gemeinde-merching.de/wp-content/uploads/download-manager-files/MSV-2-HH-Haushaltssatzung.pdf,https://www.gemeinde-merching.de/download/msv-hh-2-haushaltssatzung-2026/,True,65576,c01c5eec58e9fe4176bfdca613ca90d12402421aaed1e4054c6d8c4d17826519,2026,True,not verified
wpdmpro:7024,Information zur elektronischen Lohnsteuerkarte,wp-content/uploads/filebase/Informationsmaterial/elektronische Lohnsteuerkarte.pdf,https://www.gemeinde-merching.de/wp-content/uploads/filebase/Informationsmaterial/elektronische Lohnsteuerkarte.pdf,https://www.gemeinde-merching.de/download/information-zur-elektronischen-lohnsteuerkarte/,True,932317,bcd2ca7bd3a962ef439448b179065c407eb8e321901ab462d389bb7758930442,,False,not verified
wpdmpro:7020,Erschließungsbeiträge - Satzung über die Erschließungsbeiträge in der Fassung der 2. Änderung vom 15.05.1992,wp-content/uploads/filebase/satzungen-verordnungen-gemeinde-merching/web_erschliessungsbeitragssatzung_fassung_2_aend_15051992.pdf,https://www.gemeinde-merching.de/wp-content/uploads/filebase/satzungen-verordnungen-gemeinde-merching/web_erschliessungsbeitragssatzung_fassung_2_aend_15051992.pdf,https://www.gemeinde-merching.de/download/erschliessungsbeitraege-satzung-ueber-die-erschliessungsbeitraege-in-der-fassung-der-2-aenderung-vom-15-05-1992/,True,19938,a98ea9f3a4dd33c246b68d25fe504264ad6b46e149adaaf204c007323bd63bca,,False,not verified
wpdmpro:7021,Hausnummerierung - Satzung über die Hausnummerierung,wp-content/uploads/filebase/satzungen-verordnungen-gemeinde-merching/web_hausnummerierungssatzung_13021995.pdf,https://www.gemeinde-merching.de/wp-content/uploads/filebase/satzungen-verordnungen-gemeinde-merching/web_hausnummerierungssatzung_13021995.pdf,https://www.gemeinde-merching.de/download/hausnummerierung-satzung-ueber-die-hausnummerierung/,True,16713,6c5c322ce2ef35ba402e82336044e9a9049f412a3beaa0ba2a502fa0770cf06f,,False,not verified
wpdmpro:8020,"Flyer ""Stromausfall"" - Vorbereitungsmaßnahmen und Anlaufstellen",wp-content/uploads/download-manager-files/FLY_Stromausfall_LAF_99x210mm_Merching_web.pdf,https://www.gemeinde-merching.de/wp-content/uploads/download-manager-files/FLY_Stromausfall_LAF_99x210mm_Merching_web.pdf,https://www.gemeinde-merching.de/download/flyer-stromausfall-vorbereitungsmassnahmen-und-anlaufstellen/,True,321903,923355ae5a1fd0d23c7ee9aa3ea28b308917b58fd134d4e7c29984f9d2b7857e,,False,not verified
wpdmpro:7025,Vereinsförderrichtlinien der Gemeinde Merching ab 2013,wp-content/uploads/filebase/richtlinien-gemeinde-merching/Vereinsförderrichtlinien 2013.pdf,https://www.gemeinde-merching.de/wp-content/uploads/filebase/richtlinien-gemeinde-merching/Vereinsförderrichtlinien 2013.pdf,https://www.gemeinde-merching.de/download/vereinsfoerderrichtlinien-der-gemeinde-merching-ab-2013/,True,41828,cd974e098dfa5bd25961f3a5fc49676a3ca0bb76cf10461d7e910e5dcd7174d9,2013,False,not verified
wpdmpro:7028,Antrag Fuer Wasserbezug,wp-content/uploads/filebase/wasserversorgung/Antrag_fuer_Wasserbezug.pdf,https://www.gemeinde-merching.de/wp-content/uploads/filebase/wasserversorgung/Antrag_fuer_Wasserbezug.pdf,https://www.gemeinde-merching.de/download/antrag-fuer-wasserbezug/,True,302289,bb9710ae591f7b472beaa85041f432d9d72660dc74bb4a0a641d26660be1ad5c,,False,not verified
wpdmpro:7029,Bauwasserbezugsvertrag,wp-content/uploads/filebase/wasserversorgung/Bauwasserbezugsvertrag.pdf,https://www.gemeinde-merching.de/wp-content/uploads/filebase/wasserversorgung/Bauwasserbezugsvertrag.pdf,https://www.gemeinde-merching.de/download/bauwasserbezugsvertrag/,True,293577,17231749753d7bf3f384acc4d29b16f7b51f9f15c5f351dec4c7c0d45d3d4400,,False,not verified
wpdmpro:7030,Einfriedung - Satzung der Gemeinde Merching über die Höhe von Einfriedungen (Einfriedungssatzung),wp-content/uploads/filebase/satzungen-verordnungen-gemeinde-merching/Microsoft-Word-Satzung-ueber-die-Hoehe-von-Einfriedungen.PDF,https://www.gemeinde-merching.de/wp-content/uploads/filebase/satzungen-verordnungen-gemeinde-merching/Microsoft-Word-Satzung-ueber-die-Hoehe-von-Einfriedungen.PDF,https://www.gemeinde-merching.de/download/einfriedung-satzung-der-gemeinde-merching-ueber-die-hoehe-von-einfriedungen-einfriedungssatzung/,True,24642,9049c59d69d765428df222ac97db7f837693e01f070b899b3cc52cce37cfda6d,,False,not verified
wpdmpro:7031,SEPA-Mandat Gemeinde Merching,wp-content/uploads/filebase/MandatGemeindeMerchingab2016.pdf,https://www.gemeinde-merching.de/wp-content/uploads/filebase/MandatGemeindeMerchingab2016.pdf,https://www.gemeinde-merching.de/download/mandat-gemeinde-merching/,True,13270,f8660a5dfd6ee164a38896b059ac76f24b6bcd2adbe32a2b5e30e68277199fa8,2016,False,not verified
wpdmpro:7034,Anmeldung eines Gartenwasserzählers,wp-content/uploads/filebase/wasserversorgung/Anmeldung_eines_Gartenwasserzaehlers_NEU_ab_2022.pdf,https://www.gemeinde-merching.de/wp-content/uploads/filebase/wasserversorgung/Anmeldung_eines_Gartenwasserzaehlers_NEU_ab_2022.pdf,https://www.gemeinde-merching.de/download/anmeldung-eines-gartenwasserzaehlers/,True,426162,07d54f5e29cd4ce4be904c2ceda0922db271d3aa4d03fbabadea479060ae241b,2022,False,not verified
wpdmpro:7040,Blauzungenkrankheit - Amtsblatt 75 Nr. 4b des Landkreises Aichach-Friedberg,wp-content/uploads/filebase/Informationsmaterial/Amtsblatt-04b-202075-Nr.-04b-002-Blauzungenkrankheit.pdf,https://www.gemeinde-merching.de/wp-content/uploads/filebase/Informationsmaterial/Amtsblatt-04b-202075-Nr.-04b-002-Blauzungenkrankheit.pdf,https://www.gemeinde-merching.de/download/blauzungenkrankheit-amtsblatt-75-nr-4b-des-landkreises-aichach-friedberg/,True,98986,2c1b5f695a3bee88f5cb2115dbdc6747a34161c3c5548fcb9db34d75f9a5eb53,2020,False,not verified
wpdmpro:7041,Geschäftsordnung - Geschäftsordnung 2020,wp-content/uploads/filebase/satzungen-verordnungen-gemeinde-merching/GeschO.pdf,https://www.gemeinde-merching.de/wp-content/uploads/filebase/satzungen-verordnungen-gemeinde-merching/GeschO.pdf,https://www.gemeinde-merching.de/download/geschaeftsordnung-geschaeftsordnung-2020/,True,417648,da4ab61c6c507dd50f1763f556d049071dc089b70270a1cb89100f6782b13fe3,2020,False,not verified
wpdmpro:7042,Gemeindeverfassungsrecht - Satzung zur Regelung von Fragen des örtlichen Gemeindeverfassungsrechts 06.05.2020,wp-content/uploads/filebase/satzungen-verordnungen-gemeinde-merching/Satzung-Gemeindeverf.pdf,https://www.gemeinde-merching.de/wp-content/uploads/filebase/satzungen-verordnungen-gemeinde-merching/Satzung-Gemeindeverf.pdf,https://www.gemeinde-merching.de/download/gemeindeverfassungsrecht-satzung-zur-regelung-von-fragen-des-oertlichen-gemeindeverfassungsrechts-06-05-2020/,True,736324,909a046e66f2fc0e7aca0749e45df6acf3d16d2c53cc816b8b4a51384af345d7,2020,False,not verified
wpdmpro:7043,Bestattung - Satzung über die öffentl. Bestattungseinrichtung der Gemeinde Merching vom 18.07.2022 - gültig bis 31.12.2026,wp-content/uploads/filebase/satzungen-verordnungen-gemeinde-merching/Friedhofs-und-Bestattungssatzung-ab-01.01.2023.pdf,https://www.gemeinde-merching.de/wp-content/uploads/filebase/satzungen-verordnungen-gemeinde-merching/Friedhofs-und-Bestattungssatzung-ab-01.01.2023.pdf,https://www.gemeinde-merching.de/download/bestattung-satzung-ueber-die-oeffentl-bestattungseinrichtung-der-gemeinde-merching-vom-18-07-2022-gueltig-ab-01-01-2023/,True,3539182,041a0455697bb585bab3457ad19d4373f125318f079cb4cae226ecd607a892fe,2022|2023|2026,False,not verified
wpdmpro:10568,Bekanntmachung Vergabe von gemeindlichen Wohnbaugrundstücken,wp-content/uploads/download-manager-files/Bekanntmachung-Vergabe-von-gemeindlichen-Wohnbaugrundstuecken.pdf,https://www.gemeinde-merching.de/wp-content/uploads/download-manager-files/Bekanntmachung-Vergabe-von-gemeindlichen-Wohnbaugrundstuecken.pdf,https://www.gemeinde-merching.de/download/bekanntmachung-vergabe-von-gemeindlichen-wohnbaugrundstuecken/,True,189269,02d3421c118ef839aa2dbafc2fd9214f0a4f8dc7d8ecde9451335e1e4167aee6,,False,not verified
wpdmpro:7049,Landespflegegeld unterstützt Pflegebedürftige - Pressemitteilung Landratsamt Aichach-Friedberg 08/2021,wp-content/uploads/filebase/Informationsmaterial/20210805_Landespflegegeld-2.pdf,https://www.gemeinde-merching.de/wp-content/uploads/filebase/Informationsmaterial/20210805_Landespflegegeld-2.pdf,https://www.gemeinde-merching.de/download/landespflegegeld-unterstuetzt-pflegebeduerftige-pressemitteilung-landratsamt-aichach-friedberg-08-2021/,True,225545,c5045009ee0d877b7727cb174fb909a58e1637224d5781d5e710346d6b4a0451,2021,False,not verified
wpdmpro:7051,Reinigungs- und Winterdienstverordnung vom 04.11.2021,wp-content/uploads/filebase/satzungen-verordnungen-gemeinde-merching/Reinigungs-und-Winterdienstverordnung.pdf,https://www.gemeinde-merching.de/wp-content/uploads/filebase/satzungen-verordnungen-gemeinde-merching/Reinigungs-und-Winterdienstverordnung.pdf,https://www.gemeinde-merching.de/download/reinigungs-und-winterdienstverordnung-vom-04-11-2021/,True,2447960,f5bf90932b107c6f37a1557cb115e367ed14cc07ea12492d8fdf00d374d26af6,2021,False,not verified
wpdmpro:7052,Grundsteuerreform - Die neue Grundsteuer in Bayern,wp-content/uploads/filebase/Informationsmaterial/Grundsteuerreform-Textbeitrag-fuer-kommunale-Veroeffentlichungen.pdf,https://www.gemeinde-merching.de/wp-content/uploads/filebase/Informationsmaterial/Grundsteuerreform-Textbeitrag-fuer-kommunale-Veroeffentlichungen.pdf,https://www.gemeinde-merching.de/download/grundsteuerreform-die-neue-grundsteuer-in-bayern/,True,196927,1d996215fc9c005cb9d2d9d607d8800b5489f577ceaeee50396d7b654516aee7,,False,not verified
wpdmpro:7059,Bestattung - Gebührensatzung zur Satzung für die öffentl. Bestattungseinrichtung (GBS/BES) der Gemeinde Merching bis 31.12.2026,wp-content/uploads/filebase/satzungen-verordnungen-gemeinde-merching/Bestattungsgebuehrensatzung-ab-01.01.2023.pdf,https://www.gemeinde-merching.de/wp-content/uploads/filebase/satzungen-verordnungen-gemeinde-merching/Bestattungsgebuehrensatzung-ab-01.01.2023.pdf,https://www.gemeinde-merching.de/download/bestattung-gebuehrensatzung-zur-satzung-fuer-die-oeffentl-bestattungseinrichtung-gbs-bes-der-gemeinde-merching-vom-18-07-2022-gueltig-ab-01-01-2023/,True,1528360,ac5188be30f836cf37749f53253d3c7553f96b3e9c2e006aa8442c782d9ff45a,2023|2026,False,not verified
wpdmpro:7064,Grundsteuererklärung Informationen 14.12.2022,wp-content/uploads/filebase/Informationsmaterial/GrSt_Info_Gemeinden_14.12.2022.pdf,https://www.gemeinde-merching.de/wp-content/uploads/filebase/Informationsmaterial/GrSt_Info_Gemeinden_14.12.2022.pdf,https://www.gemeinde-merching.de/download/grundsteuererklaerung-informationen-14-12-2022/,True,237885,81922e2e68490126de0c5c134565f680247db0cec69b6d4ff0879b0b2dc82534,2022,False,not verified
wpdmpro:9913,Entwässerung - Beitrags- und Gebührensatzung zur Entwässerungsatzung ab 01.01.2026,wp-content/uploads/download-manager-files/Entwaesserung-Beitrags-und-Gebuehrensatzung-zur-Entwaesserungssatzung-ab-01.01.2026_NEU.pdf,https://www.gemeinde-merching.de/wp-content/uploads/download-manager-files/Entwaesserung-Beitrags-und-Gebuehrensatzung-zur-Entwaesserungssatzung-ab-01.01.2026_NEU.pdf,https://www.gemeinde-merching.de/download/entwaesserung-beitrags-und-gebuehrensatzung-zur-entwaesserungsatzung/,True,189362,359da421f1d62b9d19f6d1c1297edc265ca58267b955d5e79d66df7f505ae930,2026,False,not verified
wpdmpro:9915,Ehrungen - Satzung über die Verleihung von Ehrungen durch die Gemeinde Merching,wp-content/uploads/download-manager-files/Ehrungen-Satzung-ueber-die-Verleihung-von-Ehrungen-durch-die-Gemeinde-Merching-ab-07.08.2025.pdf,https://www.gemeinde-merching.de/wp-content/uploads/download-manager-files/Ehrungen-Satzung-ueber-die-Verleihung-von-Ehrungen-durch-die-Gemeinde-Merching-ab-07.08.2025.pdf,https://www.gemeinde-merching.de/download/ehrungen-satzung-ueber-die-verleihung-von-ehrungen-durch-die-gemeinde-merching-ab-07-08-2025/,True,137566,65593ac86ec4b5966141997075a5124726d855c0ca1c45b4fc2e11d875b219f7,2025,False,not verified
wpdmpro:9939,Ausschreibung Architekturpreis Bezirk Schwaben 2026,wp-content/uploads/download-manager-files/Ausschreibung-Architekturpreis.pdf,https://www.gemeinde-merching.de/wp-content/uploads/download-manager-files/Ausschreibung-Architekturpreis.pdf,https://www.gemeinde-merching.de/download/ausschreibung-architekturpreis-bezirk-schwaben-2026/,True,228980,65ce6d0de24a0d1a7e488b97e04efa67251bc5e4198b42f358b9907a41eead7e,2026,False,not verified
wpdmpro:8785,Was soll ich tun bei Hochwasser?,wp-content/uploads/download-manager-files/Infoblatt-Hochwasser-2024.pdf,https://www.gemeinde-merching.de/wp-content/uploads/download-manager-files/Infoblatt-Hochwasser-2024.pdf,https://www.gemeinde-merching.de/download/was-soll-ich-tun-bei-hochwasser/,True,98580,bf100e0f70dc0cdf7b129ee1dba49ac6510003714c5fff74104d1e3e77302e4a,2024,False,not verified
wpdmpro:8088,Wasserabgabesatzung 01.01.2022,wp-content/uploads/download-manager-files/Satzung_WAS_2022.pdf,https://www.gemeinde-merching.de/wp-content/uploads/download-manager-files/Satzung_WAS_2022.pdf,https://www.gemeinde-merching.de/download/wasserabgabesatzung-01-01-2022/,True,8568526,358f0ab7e83a2500d4aeed06d3ba104a01bc71b053b44fc8e3b4c2465275fa8a,2022,False,not verified
wpdmpro:8090,Entwässerungssatzung 01.01.2022,wp-content/uploads/download-manager-files/EWS_Satzung_2022.pdf,https://www.gemeinde-merching.de/wp-content/uploads/download-manager-files/EWS_Satzung_2022.pdf,https://www.gemeinde-merching.de/download/entwaesserungssatzung-01-01-2022/,True,9853787,461fe0fafac1f431b8149ef124203214258a6bceb6009f62b233ced68365649f,2022,False,not verified
wpdmpro:9925,Feuerwehr - Satzung über Aufwendungs- und Kostenersatz für Einsätze und andere Leistungen gemeindlicher Feuerwehren ab 01.01.2026,wp-content/uploads/download-manager-files/Feuerwehr-Satzung-ueber-Aufwendungd-und-Kostenersatz-fuer-Einsaetze-und-andere-Leistungen-gem.-Feuehrwehren-ab-01.01.2026.pdf,https://www.gemeinde-merching.de/wp-content/uploads/download-manager-files/Feuerwehr-Satzung-ueber-Aufwendungd-und-Kostenersatz-fuer-Einsaetze-und-andere-Leistungen-gem.-Feuehrwehren-ab-01.01.2026.pdf,https://www.gemeinde-merching.de/download/bekanntmachung-satzung-d-gemeinde-merching-ue-aufwendungs-u-kostenersatz-f-einsaetze-u-andere-leistungen-gemeindlicher-feuerwehren-ab-01-01-2026/,True,202955,134655e0a3070abef24b4b659019fce08361d41b93e0014fb5a9ad651c71d817,2026,False,not verified
wpdmpro:9911,Wasser - Beitrags- und Gebührensatzung zur Wasserabgabesatzung ab 01.01.2026,wp-content/uploads/download-manager-files/1765777579wpdm_Wasser-Beitrags-und-Gebuehrensatzung-zur-Wasserabgabesatzung-ab-01.01.2026.pdf,https://www.gemeinde-merching.de/wp-content/uploads/download-manager-files/1765777579wpdm_Wasser-Beitrags-und-Gebuehrensatzung-zur-Wasserabgabesatzung-ab-01.01.2026.pdf,https://www.gemeinde-merching.de/download/wasser-beitrags-und-gebuehrensatzung-zur-wasserabgabesatzung-ab-01-01-2026/,True,191291,bb3e0050e15d4c61e1fcf3e0afda354809cf5e07a3dadda7a4e8e5d0d591431a,2026,False,not verified
wpdmpro:9968,Bekanntmachung Stellplatzsatzung vom 08.09.2025,wp-content/uploads/download-manager-files/Bekanntmachung-Stellplatzsatzung-vom-08.09.2025.pdf,https://www.gemeinde-merching.de/wp-content/uploads/download-manager-files/Bekanntmachung-Stellplatzsatzung-vom-08.09.2025.pdf,https://www.gemeinde-merching.de/download/bekanntmachung-stellplatzsatzung-vom-08-09-2025/,True,120811,6968f504cf12dbf0a1253ac3f7d225022804f278f25d2c24874e83b4ac89ce24,2025,False,not verified
wpdmpro:8659,Beste Ausbildungs- und Studienchanchen in der öffentlichen Verwaltung Bayerns,wp-content/uploads/download-manager-files/Anzeige-Nachwuchswerbung-2024.pdf,https://www.gemeinde-merching.de/wp-content/uploads/download-manager-files/Anzeige-Nachwuchswerbung-2024.pdf,https://www.gemeinde-merching.de/download/beste-ausbildungs-und-studienchanchen-in-der-oeffentlichen-verwaltung-bayerns/,True,134555,4eb02832b07886fdc6d9be21ce542ec462b70a18b6825792eb093b303e70f198,2024,False,not verified
wpdmpro:9234,GSV - HH 1 Inhaltsverzeichnis 2026,wp-content/uploads/download-manager-files/GSV-1-HH-Inhaltsverzeichnis.pdf,https://www.gemeinde-merching.de/wp-content/uploads/download-manager-files/GSV-1-HH-Inhaltsverzeichnis.pdf,https://www.gemeinde-merching.de/download/gsv-hh-inhaltsverzeichnis-2026/,True,12967,b0abb0095af889154cb6d11d49e806ca6ebf2c0b9d40aefdb0b730a93bd6ac45,2026,False,not verified
wpdmpro:9244,MSV - HH 4 Vorbericht 2026,wp-content/uploads/download-manager-files/MSV-4-HH-Vorbericht.pdf,https://www.gemeinde-merching.de/wp-content/uploads/download-manager-files/MSV-4-HH-Vorbericht.pdf,https://www.gemeinde-merching.de/download/msv-hh-4-vorbericht-2026/,True,365520,f99ab8957c886dd49930b0a864a1ead1c9c284a24731b2efe29a3e9fb4a98007,2026,False,not verified
wpdmpro:9243,MSV - HH 3 Schulverbandsumlage 2026,wp-content/uploads/download-manager-files/MSV-3-HH-Schulverbandsumlage.pdf,https://www.gemeinde-merching.de/wp-content/uploads/download-manager-files/MSV-3-HH-Schulverbandsumlage.pdf,https://www.gemeinde-merching.de/download/msv-hh-3-schulverbandsumlage-2026/,True,91676,911a28095d9cfd386bc9b3a295134f2747a54250ff73d468af665ad2601ee62c,2026,False,not verified
wpdmpro:10532,Verkündung des Ergebnisses der Wahl des Ortssprechers für den Ortsteil Hochdorf,wp-content/uploads/download-manager-files/Verkuendung-des-Wahlergebnisses-OT-Hochdorf.pdf,https://www.gemeinde-merching.de/wp-content/uploads/download-manager-files/Verkuendung-des-Wahlergebnisses-OT-Hochdorf.pdf,https://www.gemeinde-merching.de/download/verkuendung-des-ergebnisses-der-wahl-des-ortssprechers-fuer-den-ortsteil-hochdorf/,True,117014,b7bea03722052c9fb8fa8fdd2e7df90911752df57207f4d6138552c88fb7f23c,,False,not verified
wpdmpro:10376,Prüfbericht Trinkwasser November 2025,wp-content/uploads/download-manager-files/Trinkwasserwerte-f.-Homepage-vom-Bauhof-26.02.26.pdf,https://www.gemeinde-merching.de/wp-content/uploads/download-manager-files/Trinkwasserwerte-f.-Homepage-vom-Bauhof-26.02.26.pdf,https://www.gemeinde-merching.de/download/pruefbericht-trinkwasser-november-2025/,True,275151,2b17873cb822cc92684041a773de9595af9856521942a55e510da16840f751fe,2025,False,not verified
wpdmpro:9246,MSV - HH 6 Stellenplan 2026,wp-content/uploads/download-manager-files/MSV-6-HH-Stellenplan.pdf,https://www.gemeinde-merching.de/wp-content/uploads/download-manager-files/MSV-6-HH-Stellenplan.pdf,https://www.gemeinde-merching.de/download/msv-hh-6-stellenplan-2026/,True,19369,286fa34fe513a7fae0fd9fab7576f55436f1006417a7a53326a07e8c2b437a04,2026,False,not verified
wpdmpro:9238,GSV - HH 5 Haushaltsplan mit Finanzplan 2026,wp-content/uploads/download-manager-files/GSV-5-HH-Haushaltsplan-mit-Finanzplanung.pdf,https://www.gemeinde-merching.de/wp-content/uploads/download-manager-files/GSV-5-HH-Haushaltsplan-mit-Finanzplanung.pdf,https://www.gemeinde-merching.de/download/gsv-hh-haushaltsplan-mit-finanzplan/,True,1101172,0d00e4213c3bb0ecfa5b4860d0eaa43ad0f0ee279bb48a758596958b96a35956,2026,True,not verified
wpdmpro:9237,GSV - HH 4 Vorbericht 2026,wp-content/uploads/download-manager-files/GSV-4-HH-Vorbericht.pdf,https://www.gemeinde-merching.de/wp-content/uploads/download-manager-files/GSV-4-HH-Vorbericht.pdf,https://www.gemeinde-merching.de/download/gsv-hh-vorbericht-2026/,True,78810,adb3193bd1c097da33bc6ea0e89af7a6bebe3e3389da4650def4fe236b8db31a,2026,False,not verified
wpdmpro:9236,GSV - HH 3 Schulverbandsumlage 2026,wp-content/uploads/download-manager-files/GSV-3-HH-Schulverbandsumlage.pdf,https://www.gemeinde-merching.de/wp-content/uploads/download-manager-files/GSV-3-HH-Schulverbandsumlage.pdf,https://www.gemeinde-merching.de/download/gsv-hh-schulverbandsumlage-2026/,True,80664,30c61ffed31192cc6a3ffd76a4a3d2bce20aeccb689252a1d2e51847dcfcbd67,2026,False,not verified
wpdmpro:8962,sachlicher Teilflächennutzungsplan Windkraft,wp-content/uploads/download-manager-files/762_STFNP-Windkraft-Merching-Fassung-15-04-16_Planzeichnung.pdf,https://www.gemeinde-merching.de/wp-content/uploads/download-manager-files/762_STFNP-Windkraft-Merching-Fassung-15-04-16_Planzeichnung.pdf,https://www.gemeinde-merching.de/download/sachlicher-teilflaechennutzungsplan-windkraft/,True,18350352,1761f1737188a99c4a474eb2dc475b2480b9943009c421d7ef814619ee63d714,,False,not verified
wpdmpro:9230,GSV - HH 0 Deckblatt 2026,wp-content/uploads/download-manager-files/GSV-0-HH-Deckblatt.pdf,https://www.gemeinde-merching.de/wp-content/uploads/download-manager-files/GSV-0-HH-Deckblatt.pdf,https://www.gemeinde-merching.de/download/gsv-hh-deckblatt/,True,61634,08edecee0ecca50b5f6ad038c100a67dce4617fa927f12fa2109de919c51309c,2026,False,not verified
wpdmpro:9247,MSV - HH 7 Anlagen 2026,wp-content/uploads/download-manager-files/MSV-7-HH-Anlagen.pdf,https://www.gemeinde-merching.de/wp-content/uploads/download-manager-files/MSV-7-HH-Anlagen.pdf,https://www.gemeinde-merching.de/download/msv-hh-7-anlagen-2026/,True,76997,69477c3f7eebd50d392d8db7efee6c64db4f31803225286f971bf9e6d349b1ae,2026,False,not verified
wpdmpro:9235,GSV - HH 2 Haushaltssatzung 2026,wp-content/uploads/download-manager-files/GSV-2-HH-Haushaltssatzung.pdf,https://www.gemeinde-merching.de/wp-content/uploads/download-manager-files/GSV-2-HH-Haushaltssatzung.pdf,https://www.gemeinde-merching.de/download/gsv-hh-haushaltssatzung-2026/,True,64911,dc5a7127e8ec014c390f7d021c015f5de8fa730b0f43d1c996e16bc0ac3f9936,2026,True,not verified
wpdmpro:9307,Gde - HH 0 Deckblatt 2026,wp-content/uploads/download-manager-files/Gde-0-HH-Deckblatt.pdf,https://www.gemeinde-merching.de/wp-content/uploads/download-manager-files/Gde-0-HH-Deckblatt.pdf,https://www.gemeinde-merching.de/download/gde-hh-0-deckblatt-2026/,True,70694,09408b1fd96c211328c9c2f4ee190fe2a33cb3753db610c859f6f8930db933f0,2026,False,not verified
wpdmpro:9308,Gde - HH 1 Inhaltsverzeichnis 2026,wp-content/uploads/download-manager-files/Gde-1-HH-Inhaltsverzeichnis.pdf,https://www.gemeinde-merching.de/wp-content/uploads/download-manager-files/Gde-1-HH-Inhaltsverzeichnis.pdf,https://www.gemeinde-merching.de/download/gde-hh-1-inhaltsverzeichnis/,True,101470,3a325f90a678dc54e3852124e7535a6823b150243b8526460e0af8a5e617ebd1,2026,False,not verified
wpdmpro:9309,Gde - HH 2 Haushaltssatzung 2026,wp-content/uploads/download-manager-files/Gde-2-HH-Haushaltssatzung.pdf,https://www.gemeinde-merching.de/wp-content/uploads/download-manager-files/Gde-2-HH-Haushaltssatzung.pdf,https://www.gemeinde-merching.de/download/gde-hh-2-haushaltssatzung-2026/,True,141557,b8ce66d88bc5a05a4998c52babe5ce5e9f9ca539bf2924de7c5f6f873ded10b2,2026,True,not verified
wpdmpro:9310,Gde - HH 3 Vorbericht 2026,wp-content/uploads/download-manager-files/Gde-3-HH-Vorbericht.pdf,https://www.gemeinde-merching.de/wp-content/uploads/download-manager-files/Gde-3-HH-Vorbericht.pdf,https://www.gemeinde-merching.de/download/gde-hh-3-vorbericht-2026/,True,235906,065e7d7b9e5bcccfe9ce89401f864f920ac29ad2e9ec14b280d621006f44b59d,2026,False,not verified
wpdmpro:9311,Gde - HH 4 Darlehen 2026,wp-content/uploads/download-manager-files/Gde-4-HH-Uebersicht-Darlehen.pdf,https://www.gemeinde-merching.de/wp-content/uploads/download-manager-files/Gde-4-HH-Uebersicht-Darlehen.pdf,https://www.gemeinde-merching.de/download/gde-hh-4-darlehen-2026/,True,135076,e6538752d45d17d4d2a087e187e7512ddf4f01512800a1728e164d88167c67f7,2026,False,not verified
wpdmpro:9312,Gde - HH 5 Kreditermächtigungen 2026,wp-content/uploads/download-manager-files/Gde-5-HH-Darlehensermaechtigungen.pdf,https://www.gemeinde-merching.de/wp-content/uploads/download-manager-files/Gde-5-HH-Darlehensermaechtigungen.pdf,https://www.gemeinde-merching.de/download/gde-hh-5-kreditermaechtigungen-2026/,True,142954,7c737779abdddbb2f1a13324b936da56188acb8caf66eed77a4de8d047a5a2c9,2026,False,not verified
wpdmpro:9313,Gde - HH 6 Haushaltsplan mit Finanzplan 2026,wp-content/uploads/download-manager-files/Gde-6-HH-Haushaltsplan-mit-Finanzplan-und-Deckungsringen.pdf,https://www.gemeinde-merching.de/wp-content/uploads/download-manager-files/Gde-6-HH-Haushaltsplan-mit-Finanzplan-und-Deckungsringen.pdf,https://www.gemeinde-merching.de/download/gde-hh-6-haushaltsplan-mit-finanzplan-2026/,True,1597725,965045c14cfb3bda3daa887ef653be4807fb1595d55daded7643e2d9e40d4849,2026,True,not verified
wpdmpro:9314,Gde - HH 7 Stellenplan 2026,wp-content/uploads/download-manager-files/Gde-7-HH-Stellenplan.pdf,https://www.gemeinde-merching.de/wp-content/uploads/download-manager-files/Gde-7-HH-Stellenplan.pdf,https://www.gemeinde-merching.de/download/gde-hh-7-stellenplan-2026/,True,177996,94a071eec12e81b35992fcb29bd15b55b9007ea273f5549c69d6c12b5ae1f346,2026,False,not verified
wpdmpro:9315,Gde - HH 8 Anlagen 2026,wp-content/uploads/download-manager-files/Gde-8-HH-Anlagen.pdf,https://www.gemeinde-merching.de/wp-content/uploads/download-manager-files/Gde-8-HH-Anlagen.pdf,https://www.gemeinde-merching.de/download/gde-hh-8-anlagen-2026/,True,141381,10de938b0d1f9ec150cd711e279252a945958fe4e544a095d8be33bfb1f3d2eb,2026,False,not verified
wpdmpro:9316,Gde - HH 9 Finanzplan Vermögenshaushalt Detail 2026,wp-content/uploads/download-manager-files/Gde-9-HH-VMH-Finanzplan-Einzelaufstellung.pdf,https://www.gemeinde-merching.de/wp-content/uploads/download-manager-files/Gde-9-HH-VMH-Finanzplan-Einzelaufstellung.pdf,https://www.gemeinde-merching.de/download/gde-hh-9-finanzplan-vermoegenshaushalt-detail-2026/,True,181238,43f4515b04df92509ae2aca0857b534ba47e073f492332fa9c980641f1f40aa4,2026,True,not verified
wpdmpro:9417,Plakatierungsverordnung vom 14.12.2023,wp-content/uploads/download-manager-files/1742283080wpdm_Plakatierungsverordnung.pdf,https://www.gemeinde-merching.de/wp-content/uploads/download-manager-files/1742283080wpdm_Plakatierungsverordnung.pdf,https://www.gemeinde-merching.de/download/plakatierungsverordnung-vom-14-12-2023/,True,1278593,519abbc54c68d5a9487e17a4756625737e0b2c1ed7226787235a7bb578c6761a,2023,False,not verified
wpdmpro:9511,Bekanntmachung Kostensatzung,wp-content/uploads/download-manager-files/1747054785wpdm_Bekanntmachung-Kostensatzung.pdf,https://www.gemeinde-merching.de/wp-content/uploads/download-manager-files/1747054785wpdm_Bekanntmachung-Kostensatzung.pdf,https://www.gemeinde-merching.de/download/bekanntmachung-kostensatzung/,True,54558,74d1399b7844f93ea883c8c104e26eee269a51d42ff38d46cebc625928b10762,,False,not verified
wpdmpro:10803,Gemeindekurier Sommer 2026,wp-content/uploads/download-manager-files/Gemeindekurier-Sommer-2026-f.-Homepage.pdf,https://www.gemeinde-merching.de/wp-content/uploads/download-manager-files/Gemeindekurier-Sommer-2026-f.-Homepage.pdf,https://www.gemeinde-merching.de/download/gemeindekurier-sommer-2026/,True,850144,eb177dcdc8b1bae65b180be1de3eb67331b42a282e682c37e31426a97878ced3,2026,False,not verified
wpdmpro:10793,Bestattung - Gebührensatzung zur Satzung für öffentl. Bestattungseinrichtung (GBS/BES) der Gemeinde Merching ab 01.01.2027,wp-content/uploads/download-manager-files/Bestattungsgebuehrensatzung-ab-2027_Homepage.pdf,https://www.gemeinde-merching.de/wp-content/uploads/download-manager-files/Bestattungsgebuehrensatzung-ab-2027_Homepage.pdf,https://www.gemeinde-merching.de/download/bestattung-gebuehrensatzung-zur-satzung-fuer-oeffentl-bestattungseinrichtung-gbs-bes-der-gemeinde-merching-ab-01-01-2027/,True,329534,3d950ca70e85d3f9ad02cb31dd1845ef50509b93329a523b2678ef434933a456,2027,False,not verified
wpdmpro:10316,Bekanntmachung Kommunale Wärmeplanung Merching,wp-content/uploads/download-manager-files/Bekanntmachung-Abschlussbericht-Kommunale-Waermeplanung-PDF.pdf,https://www.gemeinde-merching.de/wp-content/uploads/download-manager-files/Bekanntmachung-Abschlussbericht-Kommunale-Waermeplanung-PDF.pdf,https://www.gemeinde-merching.de/download/bekanntmachung-kommunale-waermeplanung-merching/,True,189672,a9b6b8787702c657d5f9d0a64d8164c84fe63f6eb1d7559fde54ae5bd1f73c29,,False,not verified
wpdmpro:10326,Pressemitteilung Mikrozensus 2026,wp-content/uploads/download-manager-files/004_2026_42_A_Mikrozensus.pdf,https://www.gemeinde-merching.de/wp-content/uploads/download-manager-files/004_2026_42_A_Mikrozensus.pdf,https://www.gemeinde-merching.de/download/pressemitteilung-mikrozensus-2026/,True,186075,7d5f62f71127a0d4c0c445e8bfae4f36de4d3f9bafb6efa7fd77821d50dfe61b,2026,False,not verified
wpdmpro:10772,"Bekanntmachung Eröffnung Vergabeverfahren für Baugrundstücke, Baugebiet 34 ""Östlich der Nebelhornstraße""",wp-content/uploads/download-manager-files/Bekanntmachung-Eroeffnung-Vergabeverfahren-BG-34.pdf,https://www.gemeinde-merching.de/wp-content/uploads/download-manager-files/Bekanntmachung-Eroeffnung-Vergabeverfahren-BG-34.pdf,https://www.gemeinde-merching.de/download/bekanntmachung-eroeffnung-vergabeverfahren-fuer-baugrundstuecke-baugebiet-34-oestlich-der-nebelhornstrasse/,True,203895,351e3d52fd08a60f7f48fb2131b527489a6ff209660d8e918ccd42027d60ea88,,False,not verified
wpdmpro:10455,Ortssprecherwahl Steinach u. Hochdorf - Beilage Gemeindekurier zu Ostern f. die Ortsteile,wp-content/uploads/download-manager-files/Information-Ortssprecherwahl-Steinach-u.-Hochdorf_Beilage-Kurier-Ostern-2026-f.-Hochdorf-u.-Steinach-f.-Homepage.pdf,https://www.gemeinde-merching.de/wp-content/uploads/download-manager-files/Information-Ortssprecherwahl-Steinach-u.-Hochdorf_Beilage-Kurier-Ostern-2026-f.-Hochdorf-u.-Steinach-f.-Homepage.pdf,https://www.gemeinde-merching.de/download/ortssprecherwahl-steinach-u-hochdorf-beilage-gemeindekurier-zu-ostern-f-die-ortsteile/,True,90272,c2f8cd7ddb59734fea86aaf3aebb9719fcccf3f1c5eb995d1baf6ba52f199f18,2026,False,not verified
wpdmpro:10463,Bekanntmachung für den Erörterungstermin Licca Liber I,wp-content/uploads/download-manager-files/2026-03-02-Lili-I-EOeT-Bekanntmachungstext.pdf,https://www.gemeinde-merching.de/wp-content/uploads/download-manager-files/2026-03-02-Lili-I-EOeT-Bekanntmachungstext.pdf,https://www.gemeinde-merching.de/download/bekanntmachung-fuer-den-eroerterungstermin-licca-liber-i/,True,95241,9df084ba6d5f93f57640e3bab42cd90fe6689b40530422cf1d79ed521b7f7d13,2026,False,not verified
wpdmpro:10624,Satzung zur Regelung von Fragen des örtlichen Gemeindeverfassungsrechts vom 19.05.2026,wp-content/uploads/download-manager-files/Satzung-Gemeideverfassunsrechts-Homepage.pdf,https://www.gemeinde-merching.de/wp-content/uploads/download-manager-files/Satzung-Gemeideverfassunsrechts-Homepage.pdf,https://www.gemeinde-merching.de/download/satzung-zur-regelung-von-fragen-des-oertlichen-gemeindeverfassungsrechts/,True,145848,b40b243d0f4e5338cae1c8cfb97e2a71f6394287799c25e1eb14acc8d440bdf5,2026,False,not verified
wpdmpro:10683,Geschäftsordnung ab Mai 2026,wp-content/uploads/download-manager-files/Geschaeftsordnung-Unterschrieben-2026.pdf,https://www.gemeinde-merching.de/wp-content/uploads/download-manager-files/Geschaeftsordnung-Unterschrieben-2026.pdf,https://www.gemeinde-merching.de/download/geschaeftsordnung-ab-mai-2026/,True,9651113,d176ecab04eb40f31e07c636ba99892c388edecaa850678b1abfe5902921964b,2026,False,not verified
wpdmpro:10737,Bekanntmachung Einladung Verbandsversammlung Adelburggruppe 24.06.2026,wp-content/uploads/download-manager-files/Bekanntmachung-Verbandsversammlung-24.06.2026.pdf,https://www.gemeinde-merching.de/wp-content/uploads/download-manager-files/Bekanntmachung-Verbandsversammlung-24.06.2026.pdf,https://www.gemeinde-merching.de/download/bekanntmachung-einladung-verbandsversammlung-adelburggruppe-24-06-2026/,True,189444,d67393cf4013806ef9f07f9eee1be1383e3be179e4354f440c448832e775a057,2026,False,not verified
wpdmpro:10785,Bekanntmachung Friedhofs- und Bestattungssatzung ab 01.01.2027,wp-content/uploads/download-manager-files/Bekanntmachung-Friedhofs-und-Bestattungssatzung-ab-01.01.2027.pdf,https://www.gemeinde-merching.de/wp-content/uploads/download-manager-files/Bekanntmachung-Friedhofs-und-Bestattungssatzung-ab-01.01.2027.pdf,https://www.gemeinde-merching.de/download/bekanntmachung-friedhofs-und-bestattungssatzung-ab-01-01-2027/,True,130330,94a8f1d2aad8a89024aee15e30a989338bb8ea10a96ff4f4e0897c1e18037982,2027,False,not verified
wpdmpro:10741,Rechtsverordnung über die Zulassung des Betriebs von Autowaschanlagen an Sonn- und Feiertagen,wp-content/uploads/download-manager-files/Rechtsverordnung-ueber-die-Zulassung-des-Betriebs-von-Autowaschanlagen-an-Sonn-und-Feiertagen.pdf,https://www.gemeinde-merching.de/wp-content/uploads/download-manager-files/Rechtsverordnung-ueber-die-Zulassung-des-Betriebs-von-Autowaschanlagen-an-Sonn-und-Feiertagen.pdf,https://www.gemeinde-merching.de/download/rechtsverordnung-ueber-die-zulassung-des-betriebs-von-autowaschanlagen-an-sonn-und-feiertagen/,True,166514,ddace3ad558f22c5923e9808e228e5feadf2334c3594cf8cabca0160b2dd0ff6,,False,not verified
wpdmpro:10748,Amtsblatt Landkreis Aichach-Friedberg vom 02.06.2026 m. Bekanntmachung Haushaltssatzung f.d. Haushalt 2026 des Zweckverband zur Wasserversorgung d. Adelburggruppe,wp-content/uploads/download-manager-files/Amtsblatt-06-2026Jahrg.-81-Nr.-06.pdf,https://www.gemeinde-merching.de/wp-content/uploads/download-manager-files/Amtsblatt-06-2026Jahrg.-81-Nr.-06.pdf,https://www.gemeinde-merching.de/download/amtsblatt-landkreis-aichach-friedberg-vom-02-06-2026-m-bekanntmachung-haushaltssatzung-f-d-haushalt-2026-des-zweckverband-zur-wasserversorgung-d-adelburggruppe/,True,1165763,fdf6e7b4ec61b9c64aef3ef7bc250a06d55538ed2bb2def4334879d4836a9d9e,2026,True,not verified
wpdmpro:10870,Bodenrichtwerte ab 01.01.2026 für Merching,wp-content/uploads/download-manager-files/Merching-Bodenrichtwerte-2026.pdf,https://www.gemeinde-merching.de/wp-content/uploads/download-manager-files/Merching-Bodenrichtwerte-2026.pdf,https://www.gemeinde-merching.de/download/bodenrichtwerte-ab-01-01-2026-fuer-merching/,True,434433,498330d34a55cc3e9087ed870d01d315b1f6d0670d6f1844b77978a8ffb5c7d1,2026,False,not verified
wpdmpro:10872,Bodenrichtwerte ab 01.01.2026 für Steinach und Hochdorf,wp-content/uploads/download-manager-files/Steinach-Hochdorf-Bodenrichtwerte-2026.pdf,https://www.gemeinde-merching.de/wp-content/uploads/download-manager-files/Steinach-Hochdorf-Bodenrichtwerte-2026.pdf,https://www.gemeinde-merching.de/download/bodenrichtwerte-ab-01-01-2026-fuer-steinach-und-hochdorf/,True,407581,e6949b3fc338dc1d5401f6a04c2c24d482df4a269a1b6c44769899290efdd7a1,2026,False,not verified
wpdmpro:10874,Bodenrichtwerte f. landwirtschaftliche Flächen ab 01.01.2026,wp-content/uploads/download-manager-files/landwirtschaftliche-Flaechen-Bodenrichtwerte-2026.pdf,https://www.gemeinde-merching.de/wp-content/uploads/download-manager-files/landwirtschaftliche-Flaechen-Bodenrichtwerte-2026.pdf,https://www.gemeinde-merching.de/download/bodenrichtwerte-f-landwirtschaftliche-flaechen-ab-01-01-2026/,True,632423,fe7a2ed0aabcfd0c245d02fab4f3c1cf9557b5c30401ad4298b9b370b01bc035,2026,False,not verified
filesystem,,wp-content/uploads/2018/11/Logo-Advent.pdf,https://www.gemeinde-merching.de/wp-content/uploads/2018/11/Logo-Advent.pdf,,True,280548,add6086f9f5e9d80005b3b13c041395067deb02c451242cb2820abb14911d672,2018,False,not verified
filesystem,,wp-content/uploads/2012/09/wp-33-autoren-redakteure.pdf,https://www.gemeinde-merching.de/wp-content/uploads/2012/09/wp-33-autoren-redakteure.pdf,,True,995189,ca2046025a69115689e720a6a952f929cafc33bf7d5083d2e3a7a16f79e6f25a,2012,False,not verified
filesystem,,wp-content/uploads/2013/06/Mandat_Mittelschulverband.pdf,https://www.gemeinde-merching.de/wp-content/uploads/2013/06/Mandat_Mittelschulverband.pdf,,True,23438,009b90877a0870de62e0dd0fbab4ba63f2a39c216d801e2aa4400510e28dc407,2013,False,not verified
filesystem,,wp-content/uploads/2013/06/Kombimandat_Grundschulverband.pdf,https://www.gemeinde-merching.de/wp-content/uploads/2013/06/Kombimandat_Grundschulverband.pdf,,True,21830,1c027c07ed049d3a4018defe41a8bff00d7638c5cecc59de2af1eaac70e95160,2013,False,not verified
filesystem,,wp-content/uploads/2013/06/Kombimandat_Gemeinde_Merching.pdf,https://www.gemeinde-merching.de/wp-content/uploads/2013/06/Kombimandat_Gemeinde_Merching.pdf,,True,22157,47f7025ee1fd85135c8f9f9208dade0bae127b083a8ead4cea2bb11cd9f20d6f,2013,False,not verified
filesystem,,wp-content/uploads/2013/06/Kombimandat_Mittelschulverband.pdf,https://www.gemeinde-merching.de/wp-content/uploads/2013/06/Kombimandat_Mittelschulverband.pdf,,True,21952,3852d61a438e9b0f63c8ef6ee4737c218211fe6728c33dc22876802f8b59c420,2013,False,not verified
filesystem,,wp-content/uploads/2013/06/Mandat_Gemeinde_Merching.pdf,https://www.gemeinde-merching.de/wp-content/uploads/2013/06/Mandat_Gemeinde_Merching.pdf,,True,23609,10f3a682708d57a6c9331d26ef46f6f1b092b61e5aa2f937783de21d87e82a0c,2013,False,not verified
filesystem,,wp-content/uploads/2013/06/Mandat_Grundschulverband.pdf,https://www.gemeinde-merching.de/wp-content/uploads/2013/06/Mandat_Grundschulverband.pdf,,True,23331,2f210a07da0cc297bcc17babc0f410daacafa5bf8e53667302a2c8e739f2009b,2013,False,not verified
filesystem,,wp-content/uploads/2019/03/Vordruck_Bauplatzbewerbung.pdf,https://www.gemeinde-merching.de/wp-content/uploads/2019/03/Vordruck_Bauplatzbewerbung.pdf,,True,8426,e854bbbcda7544b0a7df3f23f88561dfda0603316f2c03434155b8dceabde21d,2019,False,not verified
filesystem,,wp-content/uploads/2020/11/Fragebogen_Gemeinde_Selbstauskunft.pdf,https://www.gemeinde-merching.de/wp-content/uploads/2020/11/Fragebogen_Gemeinde_Selbstauskunft.pdf,,True,515024,efb8bea2a140089fba4be0d43b00df17dd791e3e27b201ee4961eae32c1124ce,2020,False,not verified
filesystem,,wp-content/uploads/2020/06/Schulungsflyer_Mandichosee.pdf,https://www.gemeinde-merching.de/wp-content/uploads/2020/06/Schulungsflyer_Mandichosee.pdf,,True,774771,187b00d3d377bc8eaca0ead999c2208840bfdcac007de66340aa63f409f21304,2020,False,not verified
filesystem,,wp-content/uploads/2020/05/Fragebogen_Gemeinde_Selbstauskunft.pdf,https://www.gemeinde-merching.de/wp-content/uploads/2020/05/Fragebogen_Gemeinde_Selbstauskunft.pdf,,True,465875,6cfd362d1c23c5984402a992eaea3069d73f24b10d36dfeee3d52de66d674849,2020,False,not verified
filesystem,,wp-content/uploads/2022/09/Programmuebersicht-LRA.pdf,https://www.gemeinde-merching.de/wp-content/uploads/2022/09/Programmuebersicht-LRA.pdf,,True,365949,65cbf082b6f19ad79371c5d284caee609cc9b12a70dfee35c3e5bdb7d5ac025f,2022,False,not verified
filesystem,,wp-content/uploads/2022/03/Textbeitrag-fuer-kommunale-Veroeffentlichungen.pdf,https://www.gemeinde-merching.de/wp-content/uploads/2022/03/Textbeitrag-fuer-kommunale-Veroeffentlichungen.pdf,,True,196927,1d996215fc9c005cb9d2d9d607d8800b5489f577ceaeee50396d7b654516aee7,2022,False,not verified
filesystem,,wp-content/uploads/2022/12/Gemeindekurier-Weihnachten-2022-f.-Homepage.pdf,https://www.gemeinde-merching.de/wp-content/uploads/2022/12/Gemeindekurier-Weihnachten-2022-f.-Homepage.pdf,,True,1607063,bdbcaf045dc046e768bd9ee2f07791eb5c78f2a84d6733715cdd562251a4780d,2022,False,not verified
filesystem,,wp-content/uploads/2025/09/Flyer-Vereinsforum-2025-2.-HJ-Version-EK-1.pdf,https://www.gemeinde-merching.de/wp-content/uploads/2025/09/Flyer-Vereinsforum-2025-2.-HJ-Version-EK-1.pdf,,True,1582055,38bd4c97fc550a5efd410ad09bb9ab2667315c16c0d76641df01e375f20afe7d,2025,False,not verified
filesystem,,wp-content/uploads/2025/09/Stellplatzsatzung-der-Gemeinde-Merching-vom-08.09.2025.pdf,https://www.gemeinde-merching.de/wp-content/uploads/2025/09/Stellplatzsatzung-der-Gemeinde-Merching-vom-08.09.2025.pdf,,True,214194,d0d780303471d780210bdf3dad0a7b54d9ce01386a56cc3f12d074da956a195c,2025,False,not verified
filesystem,,wp-content/uploads/2025/09/Hundesteuersatzung-2026-Homepage.pdf,https://www.gemeinde-merching.de/wp-content/uploads/2025/09/Hundesteuersatzung-2026-Homepage.pdf,,True,128279,0699dcab98f643038826b779eedfc436e0b68ff0b26064c0bd052c06a0cc2172,2025|2026,False,not verified
filesystem,,wp-content/uploads/2025/09/Unternehmenssatzung-fuer-das-Kommunalunternemen-Merching-vom-16.09.2025.pdf,https://www.gemeinde-merching.de/wp-content/uploads/2025/09/Unternehmenssatzung-fuer-das-Kommunalunternemen-Merching-vom-16.09.2025.pdf,,True,270903,a78cf90d46ef64e91693d5e63e3e895196a623cab7162ec49996bc45d111bd00,2025,False,not verified
filesystem,,wp-content/uploads/2025/09/1.-JUP-Kongress-11-2025.pdf,https://www.gemeinde-merching.de/wp-content/uploads/2025/09/1.-JUP-Kongress-11-2025.pdf,,True,383826,eb32c072b2abf0de88432a5beb296c865e8433f9d08a80a2471ac806329d05b1,2025,False,not verified
filesystem,,wp-content/uploads/2025/09/Aufruf-Kunstfoerderpreis.pdf,https://www.gemeinde-merching.de/wp-content/uploads/2025/09/Aufruf-Kunstfoerderpreis.pdf,,True,333215,2da95dfe5889705e80b3e19f3ce7792d35958aac237ae228cf3d81c817644868,2025,False,not verified
filesystem,,wp-content/uploads/2025/09/Unternehmenssatzung-fuer-das-Kommunalunternehmen-Merching-vom-16.09.2025.pdf,https://www.gemeinde-merching.de/wp-content/uploads/2025/09/Unternehmenssatzung-fuer-das-Kommunalunternehmen-Merching-vom-16.09.2025.pdf,,True,270903,a78cf90d46ef64e91693d5e63e3e895196a623cab7162ec49996bc45d111bd00,2025,False,not verified
filesystem,,wp-content/uploads/2025/09/Hundesteuer-Satzung-der-Gemeinde-Merching-fuer-die-Erhebung-einer-Hundesteuer-ab-2026.pdf,https://www.gemeinde-merching.de/wp-content/uploads/2025/09/Hundesteuer-Satzung-der-Gemeinde-Merching-fuer-die-Erhebung-einer-Hundesteuer-ab-2026.pdf,,True,128279,0699dcab98f643038826b779eedfc436e0b68ff0b26064c0bd052c06a0cc2172,2025|2026,False,not verified
filesystem,,wp-content/uploads/2025/09/Stellplatzsatzung-ab-30.09.2025-.pdf,https://www.gemeinde-merching.de/wp-content/uploads/2025/09/Stellplatzsatzung-ab-30.09.2025-.pdf,,True,265526,389c16bad63164201e55367ac5416ee2147ffd82274091bf8d41b4a8954cefd5,2025,False,not verified
filesystem,,wp-content/uploads/2025/09/Bekanntmachung-Stellplatzsatzung-vom-08.09.2025.pdf,https://www.gemeinde-merching.de/wp-content/uploads/2025/09/Bekanntmachung-Stellplatzsatzung-vom-08.09.2025.pdf,,True,120811,6968f504cf12dbf0a1253ac3f7d225022804f278f25d2c24874e83b4ac89ce24,2025,False,not verified
filesystem,,wp-content/uploads/2025/09/Bekanntmachung-Satzung-fuer-das-Kommunalunternehmen-Merching-vom-16.09.2025.pdf,https://www.gemeinde-merching.de/wp-content/uploads/2025/09/Bekanntmachung-Satzung-fuer-das-Kommunalunternehmen-Merching-vom-16.09.2025.pdf,,True,118919,8f11c2b87cf56ae5f9ea11ea86a815766651c4ed75f6c5d5aab0926737c50fbb,2025,False,not verified
filesystem,,wp-content/uploads/2025/11/Gemeindekurier-November-2025-1.pdf,https://www.gemeinde-merching.de/wp-content/uploads/2025/11/Gemeindekurier-November-2025-1.pdf,,True,798574,ee38dc476199920aa661c59569223a32dac2a49411e7ca04c31934d03a8d29a3,2025,False,not verified
filesystem,,wp-content/uploads/2025/11/BekanntmachungRattenbekJan26.pdf,https://www.gemeinde-merching.de/wp-content/uploads/2025/11/BekanntmachungRattenbekJan26.pdf,,True,157747,3e0fb73801d8814f3cd2c359069bbf9890d353f1b46e931ea20975f37abff86b,2025,False,not verified
filesystem,,wp-content/uploads/2025/11/20251016_Plakat_Solartreff_Steindorf-25.11.pdf,https://www.gemeinde-merching.de/wp-content/uploads/2025/11/20251016_Plakat_Solartreff_Steindorf-25.11.pdf,,True,202904,2baa314061b70b5da83156bb82b5366809e377467d1d4afc6675ba3cdfcfa818,2025,False,not verified
filesystem,,wp-content/uploads/2025/11/November-2025-Anlage-1.pdf,https://www.gemeinde-merching.de/wp-content/uploads/2025/11/November-2025-Anlage-1.pdf,,True,610394,6df9ad3ffe8b572ee7db56d2b685bf3c5d51b2cf47716217acef8abe1e59bb07,2025,False,not verified
filesystem,,wp-content/uploads/2025/11/Gemeindekurier-November-2025.pdf,https://www.gemeinde-merching.de/wp-content/uploads/2025/11/Gemeindekurier-November-2025.pdf,,True,798574,ee38dc476199920aa661c59569223a32dac2a49411e7ca04c31934d03a8d29a3,2025,False,not verified
filesystem,,wp-content/uploads/2025/11/Merkblatt-zum-richtigen-Verhalten-ggue.-Wasser-u.-Zugvoegeln-LRA-November-2025.pdf,https://www.gemeinde-merching.de/wp-content/uploads/2025/11/Merkblatt-zum-richtigen-Verhalten-ggue.-Wasser-u.-Zugvoegeln-LRA-November-2025.pdf,,True,194397,9a0fa7382a73e32d7bfa1d2256797cdc2d9ee5d450d011b5f45042a59b595390,2025,False,not verified
filesystem,,wp-content/uploads/2025/11/Merchinger-Advent-Programm_25_bearbeitet_-Plakat-Schule-Merching-F.-Lubetzki.pdf,https://www.gemeinde-merching.de/wp-content/uploads/2025/11/Merchinger-Advent-Programm_25_bearbeitet_-Plakat-Schule-Merching-F.-Lubetzki.pdf,,True,717284,38530a7138dac40b132510a63609a85ed740f98a586e10fcf0aaf869fa771729,2025,False,not verified
filesystem,,wp-content/uploads/2025/11/November-2025-Anlage.pdf,https://www.gemeinde-merching.de/wp-content/uploads/2025/11/November-2025-Anlage.pdf,,True,610394,6df9ad3ffe8b572ee7db56d2b685bf3c5d51b2cf47716217acef8abe1e59bb07,2025,False,not verified
filesystem,,wp-content/uploads/2025/04/8_Aend_FNP_Steinach_Ost_Begruendung_20240620.pdf,https://www.gemeinde-merching.de/wp-content/uploads/2025/04/8_Aend_FNP_Steinach_Ost_Begruendung_20240620.pdf,,True,1001001,1f6cfdb9ee6f3426135f16fa945bedb4d44367e2f1e78d4fa0f0c1fef9f26a1d,2024|2025,False,not verified
filesystem,,wp-content/uploads/2025/04/8_Aend_FNP_Merching_Planzeichnung_Feststellung_2024-06-20.pdf,https://www.gemeinde-merching.de/wp-content/uploads/2025/04/8_Aend_FNP_Merching_Planzeichnung_Feststellung_2024-06-20.pdf,,True,10002711,5b08675bff88f03f6f30b19ab29c821b4ed1389e29b96e39bd696d9c815a89de,2024|2025,False,not verified
filesystem,,wp-content/uploads/2025/04/8_Aend_FNP_Steinach_Ost_Bekanntmachung_Genehmigung_20250403.pdf,https://www.gemeinde-merching.de/wp-content/uploads/2025/04/8_Aend_FNP_Steinach_Ost_Bekanntmachung_Genehmigung_20250403.pdf,,True,363119,dc0098dc6899c9b02c4cefd188640f1775e4cde74723c57dfb92a400e4f361bb,2025,False,not verified
filesystem,,wp-content/uploads/2025/04/8_Aend_FNP_Steinach_Ost_zus_Erklaerung_20250403.pdf,https://www.gemeinde-merching.de/wp-content/uploads/2025/04/8_Aend_FNP_Steinach_Ost_zus_Erklaerung_20250403.pdf,,True,1285886,a174a668f0a3808ed7c852b34cda1aeb8dff46b48406fed857a436eb098b9b6b,2025,False,not verified
filesystem,,wp-content/uploads/2025/04/Gemeindekurier-Ostern-2025-endgueltig-f.-Homepage.pdf,https://www.gemeinde-merching.de/wp-content/uploads/2025/04/Gemeindekurier-Ostern-2025-endgueltig-f.-Homepage.pdf,,True,1002401,cbeddf63270010f2a58d75ab21bcd7e8242648b97a3018a89559056581fa2e8a,2025,False,not verified
filesystem,,wp-content/uploads/2025/03/Textteil_Entwurf_BP_Kirchenfeld_3_Aend_20250123.pdf,https://www.gemeinde-merching.de/wp-content/uploads/2025/03/Textteil_Entwurf_BP_Kirchenfeld_3_Aend_20250123.pdf,,True,172567,0b865ef7eaa4fbcb8ae4bd4c91503719bb863780874fdb69672069e22a90eb62,2025,False,not verified
filesystem,,wp-content/uploads/2025/03/Aushang-Homepage_2.pdf,https://www.gemeinde-merching.de/wp-content/uploads/2025/03/Aushang-Homepage_2.pdf,,True,98184,1dc645bfc09081f40ac132951d2f8ace6a2aa0367e9884e20872d444a7e9d844,2025,False,not verified
filesystem,,wp-content/uploads/2025/03/Begruendung_Entwurf_BP_Kirchenfeld_3_Aend_20250123.pdf,https://www.gemeinde-merching.de/wp-content/uploads/2025/03/Begruendung_Entwurf_BP_Kirchenfeld_3_Aend_20250123.pdf,,True,528255,68c07f4d304aed12f695ae3a1d779224709fe7bdafbbfd21ebef2254e863ed64,2025,False,not verified
filesystem,,wp-content/uploads/2025/03/Broschuere_Tag-der-Vereine_01.06.2025.pdf,https://www.gemeinde-merching.de/wp-content/uploads/2025/03/Broschuere_Tag-der-Vereine_01.06.2025.pdf,,True,15271786,1c9303a33a8f1c1807c538c744d5b0f7dd7b595c0f5c27b3b2bcdda31f668e9a,2025,False,not verified
filesystem,,wp-content/uploads/2025/03/BekanntmachungRattenMai2025.pdf,https://www.gemeinde-merching.de/wp-content/uploads/2025/03/BekanntmachungRattenMai2025.pdf,,True,83590,3cbc9c3744c963c04c3bafedc6c930b45ad4a13201d89562ae67daeccfe7b12a,2025,False,not verified
filesystem,,wp-content/uploads/2025/03/Broschuere_Tag-der-Vereine_01.06.2025-1.pdf,https://www.gemeinde-merching.de/wp-content/uploads/2025/03/Broschuere_Tag-der-Vereine_01.06.2025-1.pdf,,True,15271786,1c9303a33a8f1c1807c538c744d5b0f7dd7b595c0f5c27b3b2bcdda31f668e9a,2025,False,not verified
filesystem,,wp-content/uploads/2025/03/Artenschutz-Relevanzpruefung-23-02-10.pdf,https://www.gemeinde-merching.de/wp-content/uploads/2025/03/Artenschutz-Relevanzpruefung-23-02-10.pdf,,True,1535691,90dc2a87d351403295e251e09db1c09a69f56f6c88744dbab0118a3f402a5817,2025,False,not verified
filesystem,,wp-content/uploads/2025/03/Plakatierungsverordnung.pdf,https://www.gemeinde-merching.de/wp-content/uploads/2025/03/Plakatierungsverordnung.pdf,,True,1278593,519abbc54c68d5a9487e17a4756625737e0b2c1ed7226787235a7bb578c6761a,2025,False,not verified
filesystem,,wp-content/uploads/2025/03/Planzeichnung_Entwurf_3_Aend_Kirchenfeld_2025-01-23.pdf,https://www.gemeinde-merching.de/wp-content/uploads/2025/03/Planzeichnung_Entwurf_3_Aend_Kirchenfeld_2025-01-23.pdf,,True,1620441,d6256b9f9f2c7e0ffcc213d126e4b1f621e75d867ed7dc2ab5d0b92d160b819d,2025,False,not verified
filesystem,,wp-content/uploads/2025/01/Plakatierungsverordnung.pdf,https://www.gemeinde-merching.de/wp-content/uploads/2025/01/Plakatierungsverordnung.pdf,,True,1439303,6d7ad051d37b5e65796dc9fd73bcb3fd19aa25b795db8f2d49f030598838790f,2025,False,not verified
filesystem,,wp-content/uploads/2025/01/015_2025_42_A_Mikrozensus.pdf,https://www.gemeinde-merching.de/wp-content/uploads/2025/01/015_2025_42_A_Mikrozensus.pdf,,True,146980,5c996158f39247fd37aa9cf73b9d4d04d69a024c6e78ce0928520efb955117d3,2025,False,not verified
filesystem,,wp-content/uploads/2025/06/PDF-Flyer-Merchinger-Ferienprogramm-2025.pdf,https://www.gemeinde-merching.de/wp-content/uploads/2025/06/PDF-Flyer-Merchinger-Ferienprogramm-2025.pdf,,True,18025436,471ad9d37feafbbcc2e2aa815a740753dbd83f2ae6eba13be5c6675dcde6b4a9,2025,False,not verified
filesystem,,wp-content/uploads/2025/06/2025-Sommerserenade-V1-2.pdf,https://www.gemeinde-merching.de/wp-content/uploads/2025/06/2025-Sommerserenade-V1-2.pdf,,True,3570993,2432a1f8280c20584ce7069c277cf86fb3504dad8a81097786cfa652cd7557f4,2025,False,not verified
filesystem,,wp-content/uploads/2025/06/2025-Sommerserenade-V1.pdf,https://www.gemeinde-merching.de/wp-content/uploads/2025/06/2025-Sommerserenade-V1.pdf,,True,3570993,2432a1f8280c20584ce7069c277cf86fb3504dad8a81097786cfa652cd7557f4,2025,False,not verified
filesystem,,wp-content/uploads/2025/06/Fundsache-15-2025.pdf,https://www.gemeinde-merching.de/wp-content/uploads/2025/06/Fundsache-15-2025.pdf,,True,371722,20b5c9a957ca96ee99e0775ab58254c255857468e6d62acfd66c4faca7e61d66,2025,False,not verified
filesystem,,wp-content/uploads/2025/06/Familienstuetzpunkt-Sued-Programm-Juli-bis-Sept.-2025.pdf,https://www.gemeinde-merching.de/wp-content/uploads/2025/06/Familienstuetzpunkt-Sued-Programm-Juli-bis-Sept.-2025.pdf,,True,625939,a7eec054f5022ca7e61e0bd215fcddcc6ac21edc8c2aaec8b50aa3023ffdadf1,2025,False,not verified
filesystem,,wp-content/uploads/2025/06/2025-Sommerserenade-V1-1.pdf,https://www.gemeinde-merching.de/wp-content/uploads/2025/06/2025-Sommerserenade-V1-1.pdf,,True,3570993,2432a1f8280c20584ce7069c277cf86fb3504dad8a81097786cfa652cd7557f4,2025,False,not verified
filesystem,,wp-content/uploads/2025/07/Antrag_Fahrkarte_2025_2026.pdf,https://www.gemeinde-merching.de/wp-content/uploads/2025/07/Antrag_Fahrkarte_2025_2026.pdf,,True,137171,7d10ea8f7d6706b35e08e07918c4fbda415ad5857fc107f387c721f150c8c755,2025|2026,False,not verified
filesystem,,wp-content/uploads/2025/07/Gemeindekurier-Sommer-2025-V1-PDF-fuer-Druckerei-Richter.pdf,https://www.gemeinde-merching.de/wp-content/uploads/2025/07/Gemeindekurier-Sommer-2025-V1-PDF-fuer-Druckerei-Richter.pdf,,True,1080940,5b9c999f4d8fa7a348b7c7a1b29489086356a5cdb04ffe27145440f765b086e8,2025,False,not verified
filesystem,,wp-content/uploads/2025/07/Nachhaltigkeitstag-2025_Plakat_A3.pdf,https://www.gemeinde-merching.de/wp-content/uploads/2025/07/Nachhaltigkeitstag-2025_Plakat_A3.pdf,,True,147660,5a85694486c1d7d69615f69e04a6cd06cce82e7dcaa3087f38d65c3a3714bdef,2025,False,not verified
filesystem,,wp-content/uploads/2025/07/Informationsflyer_Mandichosee.pdf,https://www.gemeinde-merching.de/wp-content/uploads/2025/07/Informationsflyer_Mandichosee.pdf,,True,774771,187b00d3d377bc8eaca0ead999c2208840bfdcac007de66340aa63f409f21304,2025,False,not verified
filesystem,,wp-content/uploads/2025/07/Nachhaltigkeitstag-2025_Plakat_A3-1.pdf,https://www.gemeinde-merching.de/wp-content/uploads/2025/07/Nachhaltigkeitstag-2025_Plakat_A3-1.pdf,,True,147660,5a85694486c1d7d69615f69e04a6cd06cce82e7dcaa3087f38d65c3a3714bdef,2025,False,not verified
filesystem,,wp-content/uploads/2025/07/Nachhaltigkeitstag-2025_Plakat_A3-2.pdf,https://www.gemeinde-merching.de/wp-content/uploads/2025/07/Nachhaltigkeitstag-2025_Plakat_A3-2.pdf,,True,147660,5a85694486c1d7d69615f69e04a6cd06cce82e7dcaa3087f38d65c3a3714bdef,2025,False,not verified
filesystem,,wp-content/uploads/2025/07/175_2025_42_A_Mikrozensus_Halbzeit.pdf,https://www.gemeinde-merching.de/wp-content/uploads/2025/07/175_2025_42_A_Mikrozensus_Halbzeit.pdf,,True,197058,e45585f9669a94f0f340150b26ecb582fe2134277f06c5fcad4a81ce715985ea,2025,False,not verified
filesystem,,wp-content/uploads/2025/12/Gemeindekurier-Weihnachten-2025-f.-Homepage.pdf,https://www.gemeinde-merching.de/wp-content/uploads/2025/12/Gemeindekurier-Weihnachten-2025-f.-Homepage.pdf,,True,1662816,e91eeaa57b3a58311a6fab56cbca788241ef373670167439a9432d60164cd0b8,2025,False,not verified
filesystem,,wp-content/uploads/2025/12/Bekanntmachung-Beschwerdeausschusssitzung.pdf,https://www.gemeinde-merching.de/wp-content/uploads/2025/12/Bekanntmachung-Beschwerdeausschusssitzung.pdf,,True,93082,92a497e286c8fe1c1cea8da0a21c1a6496190610fab0fd12a1e416cdb054e02d,2025,False,not verified
filesystem,,wp-content/uploads/2025/05/BP35_Steinach_Ost_Begruendung_20240620.pdf,https://www.gemeinde-merching.de/wp-content/uploads/2025/05/BP35_Steinach_Ost_Begruendung_20240620.pdf,,True,1141988,ad1d3aef20bafb860cd29377debe68f7c8b1c9afe07a5d9d6d62d05dc0541938,2024|2025,False,not verified
filesystem,,wp-content/uploads/2025/05/Fundanzeige-12-2025.pdf,https://www.gemeinde-merching.de/wp-content/uploads/2025/05/Fundanzeige-12-2025.pdf,,True,350257,aed1ebf1f7d224db635a4bc12d9f16a65b379a7212163302817f79b7b869b6fc,2025,False,not verified
filesystem,,wp-content/uploads/2025/05/BP35_Steinach_Ost_Textteil_20240620.pdf,https://www.gemeinde-merching.de/wp-content/uploads/2025/05/BP35_Steinach_Ost_Textteil_20240620.pdf,,True,207366,21cc0113dd9163305a6c1188b4a4917662836c2dc77314b79afb0f57f29d5a29,2024|2025,False,not verified
filesystem,,wp-content/uploads/2025/05/Bekanntmachung-Kostensatzung.pdf,https://www.gemeinde-merching.de/wp-content/uploads/2025/05/Bekanntmachung-Kostensatzung.pdf,,True,54558,74d1399b7844f93ea883c8c104e26eee269a51d42ff38d46cebc625928b10762,2025,False,not verified
filesystem,,wp-content/uploads/2025/05/Fundanzeige-13-2025.pdf,https://www.gemeinde-merching.de/wp-content/uploads/2025/05/Fundanzeige-13-2025.pdf,,True,345453,ce2a3d8ad201d3c71050200b25e389c701e3e4f6c39689bf2fc650a3448e5868,2025,False,not verified
filesystem,,wp-content/uploads/2025/05/BP35_Geruchsprognose_230714.pdf,https://www.gemeinde-merching.de/wp-content/uploads/2025/05/BP35_Geruchsprognose_230714.pdf,,True,3318700,ca4745806b100b3c41e156ba5f0774c6f695054fbca4d4743a75e122def83976,2025,False,not verified
filesystem,,wp-content/uploads/2025/05/Fundanzeige-14-2025.pdf,https://www.gemeinde-merching.de/wp-content/uploads/2025/05/Fundanzeige-14-2025.pdf,,True,350455,bc702d767f9aacbe97295fcbf9dcc85497f450e3011c6c6e672da45608608a86,2025,False,not verified
filesystem,,wp-content/uploads/2025/05/BP35_Steinach_Ost_Bekanntmachung_Satzungsbeschluss.pdf,https://www.gemeinde-merching.de/wp-content/uploads/2025/05/BP35_Steinach_Ost_Bekanntmachung_Satzungsbeschluss.pdf,,True,397288,55395d47c43ee4c4565aa7911d5d1b489d6598a9549054d97d4858619379bd5a,2025,False,not verified
filesystem,,wp-content/uploads/2025/05/BP35_Steinach_Ost_Planzeichnung_2024-06-20.pdf,https://www.gemeinde-merching.de/wp-content/uploads/2025/05/BP35_Steinach_Ost_Planzeichnung_2024-06-20.pdf,,True,747473,e238646587b83db46900bf6326ad6612a75f99312fe1575508ced93659cac8f1,2024|2025,False,not verified
filesystem,,wp-content/uploads/2025/05/BP35_Steinach_Ost_Zusammenfassende_Erklaerung.pdf,https://www.gemeinde-merching.de/wp-content/uploads/2025/05/BP35_Steinach_Ost_Zusammenfassende_Erklaerung.pdf,,True,1759168,78a6ca373f05b7e577d73aa3aa144ea2b7e7f9e405a0a4081a1cef364c4222fe,2025,False,not verified
filesystem,,wp-content/uploads/2025/08/Ausschreibung-Architekturpreis.pdf,https://www.gemeinde-merching.de/wp-content/uploads/2025/08/Ausschreibung-Architekturpreis.pdf,,True,228980,65ce6d0de24a0d1a7e488b97e04efa67251bc5e4198b42f358b9907a41eead7e,2025,False,not verified
filesystem,,wp-content/uploads/2025/08/Ehrungen-Satzung-ueber-die-Verleihung-von-Ehrungen-durch-die-Gemeinde-Merching-ab-07.08.2025.pdf,https://www.gemeinde-merching.de/wp-content/uploads/2025/08/Ehrungen-Satzung-ueber-die-Verleihung-von-Ehrungen-durch-die-Gemeinde-Merching-ab-07.08.2025.pdf,,True,137566,65593ac86ec4b5966141997075a5124726d855c0ca1c45b4fc2e11d875b219f7,2025,False,not verified
filesystem,,wp-content/uploads/2025/08/Feuerwehr-Satzung-ueber-Aufwendungd-und-Kostenersatz-fuer-Einsaetze-und-andere-Leistungen-gem.-Feuehrwehren-ab-01.01.2026.pdf,https://www.gemeinde-merching.de/wp-content/uploads/2025/08/Feuerwehr-Satzung-ueber-Aufwendungd-und-Kostenersatz-fuer-Einsaetze-und-andere-Leistungen-gem.-Feuehrwehren-ab-01.01.2026.pdf,,True,202955,134655e0a3070abef24b4b659019fce08361d41b93e0014fb5a9ad651c71d817,2025|2026,False,not verified
filesystem,,wp-content/uploads/2025/08/Ausschreibung-Architekturpreis-1.pdf,https://www.gemeinde-merching.de/wp-content/uploads/2025/08/Ausschreibung-Architekturpreis-1.pdf,,True,228980,65ce6d0de24a0d1a7e488b97e04efa67251bc5e4198b42f358b9907a41eead7e,2025,False,not verified
filesystem,,wp-content/uploads/2025/08/2025-08-13_Bekanntmachung_Satzung_Aufwendungs-u.-Kostenersatz_f_Einsaetze_u_andere_Leistungen_gemeindlicher_Feuerwehren_ab_01-01-2026.pdf,https://www.gemeinde-merching.de/wp-content/uploads/2025/08/2025-08-13_Bekanntmachung_Satzung_Aufwendungs-u.-Kostenersatz_f_Einsaetze_u_andere_Leistungen_gemeindlicher_Feuerwehren_ab_01-01-2026.pdf,,True,153552,1df156e333937f18348e925654fbbd1e9e1d23378d023fad54732979bb9658dc,2025|2026,False,not verified
filesystem,,wp-content/uploads/2025/08/BGS_EWS_2026-Homepage-NEU.pdf,https://www.gemeinde-merching.de/wp-content/uploads/2025/08/BGS_EWS_2026-Homepage-NEU.pdf,,True,189362,359da421f1d62b9d19f6d1c1297edc265ca58267b955d5e79d66df7f505ae930,2025|2026,False,not verified
filesystem,,wp-content/uploads/2025/08/Feuerwehr-Satzung-ueber-Aufwendungd-und-Kostenersatz-fuer-Einsaetze-und-andere-Leistungen-gem.-Feuehrwehren-ab-01.01.2026-1.pdf,https://www.gemeinde-merching.de/wp-content/uploads/2025/08/Feuerwehr-Satzung-ueber-Aufwendungd-und-Kostenersatz-fuer-Einsaetze-und-andere-Leistungen-gem.-Feuehrwehren-ab-01.01.2026-1.pdf,,True,202955,134655e0a3070abef24b4b659019fce08361d41b93e0014fb5a9ad651c71d817,2025|2026,False,not verified
filesystem,,wp-content/uploads/2025/08/Spielplatzsatzung-ab-09.08.2025.pdf,https://www.gemeinde-merching.de/wp-content/uploads/2025/08/Spielplatzsatzung-ab-09.08.2025.pdf,,True,157751,816a4eae32de71ef2b4eb463aff75573d3bde0d81956dd2e24436c8c1c8cc4f5,2025,False,not verified
filesystem,,wp-content/uploads/2025/08/Entwaesserung-Beitrags-und-Gebuehrensatzung-zur-Entwaesserungssatzung-ab-01.01.2026_NEU.pdf,https://www.gemeinde-merching.de/wp-content/uploads/2025/08/Entwaesserung-Beitrags-und-Gebuehrensatzung-zur-Entwaesserungssatzung-ab-01.01.2026_NEU.pdf,,True,189362,359da421f1d62b9d19f6d1c1297edc265ca58267b955d5e79d66df7f505ae930,2025|2026,False,not verified
filesystem,,wp-content/uploads/2025/08/Wasser-Beitrags-und-Gebuehrensatzung-zur-Wasserabgabesatzung-ab-01.01.2026-1.pdf,https://www.gemeinde-merching.de/wp-content/uploads/2025/08/Wasser-Beitrags-und-Gebuehrensatzung-zur-Wasserabgabesatzung-ab-01.01.2026-1.pdf,,True,191291,bb3e0050e15d4c61e1fcf3e0afda354809cf5e07a3dadda7a4e8e5d0d591431a,2025|2026,False,not verified
filesystem,,wp-content/uploads/2025/08/Entwaesserung-Beitrags-und-Gebuehrensatzung-zur-Entwaesserungssatzung-ab-01.01.20262026.pdf,https://www.gemeinde-merching.de/wp-content/uploads/2025/08/Entwaesserung-Beitrags-und-Gebuehrensatzung-zur-Entwaesserungssatzung-ab-01.01.20262026.pdf,,True,190447,c726db841f37ca331bc5025e08fed6a90bdad070fdec9c596ae75d525cf3925d,2025|2026,False,not verified
filesystem,,wp-content/uploads/2025/08/Feuerwehrkostensatzung_ab_01-01-2026.pdf,https://www.gemeinde-merching.de/wp-content/uploads/2025/08/Feuerwehrkostensatzung_ab_01-01-2026.pdf,,True,202515,e853f0573e15bcd9b404623eb30c22c3470d38b70ec6be183a58c54ee79c313a,2025|2026,False,not verified
filesystem,,wp-content/uploads/2025/08/Wasser-Beitrags-und-Gebuehrensatzung-zur-Wasserabgabesatzung-ab-01.01.2026.pdf,https://www.gemeinde-merching.de/wp-content/uploads/2025/08/Wasser-Beitrags-und-Gebuehrensatzung-zur-Wasserabgabesatzung-ab-01.01.2026.pdf,,True,189096,8653a6dcd13bb47a751402fa4d188c8b16954a5fa06e6880eed50450d5940417,2025|2026,False,not verified
filesystem,,wp-content/uploads/2025/10/Spielplatzsatzung-der-Gemeinde-Merching-vom-01.10.2025.pdf,https://www.gemeinde-merching.de/wp-content/uploads/2025/10/Spielplatzsatzung-der-Gemeinde-Merching-vom-01.10.2025.pdf,,True,157738,0e445511fff55ff72139a686d34c5175e2f457c1b4b047270cf26de9ecfbec2a,2025,False,not verified
filesystem,,wp-content/uploads/2025/10/2025_Plakat_Waermepumpe_Althegnenberg.pdf,https://www.gemeinde-merching.de/wp-content/uploads/2025/10/2025_Plakat_Waermepumpe_Althegnenberg.pdf,,True,785491,b73d502efeb54b1fa16200b34f44fbbacfe1890908d2ed590c129b3ba5fd41fd,2025,False,not verified
filesystem,,wp-content/uploads/2025/02/B-Plan-Nr.-11-Datenschutzinformationspflicht.pdf,https://www.gemeinde-merching.de/wp-content/uploads/2025/02/B-Plan-Nr.-11-Datenschutzinformationspflicht.pdf,,True,1558973,011965d8b4682b5e8d1a131cbad4450b84c33fc6de4983b0404b580c2b30f101,2025,False,not verified
filesystem,,wp-content/uploads/2025/02/Bekanntm._ern_oeff_Ausl_3_Aend_BPNr11_Kirchenfeld_20250228.pdf,https://www.gemeinde-merching.de/wp-content/uploads/2025/02/Bekanntm._ern_oeff_Ausl_3_Aend_BPNr11_Kirchenfeld_20250228.pdf,,True,568119,2b134e80f3d1187096580571e2e4fe4f6d839e6c2480edaff8cfddbef5eef501,2025,False,not verified
filesystem,,wp-content/uploads/2025/02/Aushang.pdf,https://www.gemeinde-merching.de/wp-content/uploads/2025/02/Aushang.pdf,,True,34713,ddee2a62c73e52674b5e22db68f3a4613c4e97f2b6a289e43677b0bd1566a9eb,2025,False,not verified
filesystem,,wp-content/uploads/2025/02/Aushang-Homepage.pdf,https://www.gemeinde-merching.de/wp-content/uploads/2025/02/Aushang-Homepage.pdf,,True,97622,3d0fd56b309d4e6e03b4e51efbcdf2b6f143155c04ac8f13b440df6bd0810a13,2025,False,not verified
filesystem,,wp-content/uploads/download-manager-files/Textteil_Entwurf_BP_Kirchenfeld_3_Aend_20250123.pdf,https://www.gemeinde-merching.de/wp-content/uploads/download-manager-files/Textteil_Entwurf_BP_Kirchenfeld_3_Aend_20250123.pdf,,True,172567,0b865ef7eaa4fbcb8ae4bd4c91503719bb863780874fdb69672069e22a90eb62,2025,False,not verified
filesystem,,wp-content/uploads/download-manager-files/B-Plan-Nr.-35-Datenschutzinformationspflicht.pdf,https://www.gemeinde-merching.de/wp-content/uploads/download-manager-files/B-Plan-Nr.-35-Datenschutzinformationspflicht.pdf,,True,1559003,fd6f9ab793cb7ac3361b2bc8831666c443ce3691b4f593c634d42cbc95839f35,,False,not verified
filesystem,,wp-content/uploads/download-manager-files/Amtsblatt-03-2023Jahrg.-78-Nr.-3.pdf,https://www.gemeinde-merching.de/wp-content/uploads/download-manager-files/Amtsblatt-03-2023Jahrg.-78-Nr.-3.pdf,,True,543671,2cd96f3a1f2a55c62db0a6b05656d92c36eddcae04af4825b10d8fefc4793751,2023,False,not verified
filesystem,,wp-content/uploads/download-manager-files/BP34_Oestl_Nebelhornstrasse_Begruendung_20240620.pdf,https://www.gemeinde-merching.de/wp-content/uploads/download-manager-files/BP34_Oestl_Nebelhornstrasse_Begruendung_20240620.pdf,,True,1126642,89f851bd2ff837b9c08f768651f77cc670d6bf81c97ab9562a4693eb09fe7679,2024,False,not verified
filesystem,,wp-content/uploads/download-manager-files/Aushang-Homepage_2.pdf,https://www.gemeinde-merching.de/wp-content/uploads/download-manager-files/Aushang-Homepage_2.pdf,,True,98184,1dc645bfc09081f40ac132951d2f8ace6a2aa0367e9884e20872d444a7e9d844,,False,not verified
filesystem,,wp-content/uploads/download-manager-files/Begruendung_Entwurf_BP_Kirchenfeld_3_Aend_20250123.pdf,https://www.gemeinde-merching.de/wp-content/uploads/download-manager-files/Begruendung_Entwurf_BP_Kirchenfeld_3_Aend_20250123.pdf,,True,528255,68c07f4d304aed12f695ae3a1d779224709fe7bdafbbfd21ebef2254e863ed64,2025,False,not verified
filesystem,,wp-content/uploads/download-manager-files/B-Plan-Nr.-34-oestlich-der-Nebelhornstr.-Datenschutzinformationspflicht.pdf,https://www.gemeinde-merching.de/wp-content/uploads/download-manager-files/B-Plan-Nr.-34-oestlich-der-Nebelhornstr.-Datenschutzinformationspflicht.pdf,,True,1559001,c0b693a6dcead5b82979c85039a0c4370cefaf111e1522cc94eb6e6b8a4e4416,,False,not verified
filesystem,,wp-content/uploads/download-manager-files/Gemeindekurier-Sommer-2023-f.-Homepage.pdf,https://www.gemeinde-merching.de/wp-content/uploads/download-manager-files/Gemeindekurier-Sommer-2023-f.-Homepage.pdf,,True,718611,dc4c748c9c8bec14f7e5a05788f9e137c9801b8c320414c43f1f3491e5da4c14,2023,False,not verified
filesystem,,wp-content/uploads/download-manager-files/8_Aend_FNP_Steinach_Ost_Begruendung_20240620.pdf,https://www.gemeinde-merching.de/wp-content/uploads/download-manager-files/8_Aend_FNP_Steinach_Ost_Begruendung_20240620.pdf,,True,1001001,1f6cfdb9ee6f3426135f16fa945bedb4d44367e2f1e78d4fa0f0c1fef9f26a1d,2024,False,not verified
filesystem,,wp-content/uploads/download-manager-files/Strassenreinigung-Herbst-2024.pdf,https://www.gemeinde-merching.de/wp-content/uploads/download-manager-files/Strassenreinigung-Herbst-2024.pdf,,True,95586,f1f36a1e81e5057c9bb0e237fb53c2139183e19e8627bfa2747876b4c2003eae,2024,False,not verified
filesystem,,wp-content/uploads/download-manager-files/HH-Entwurf-Stand-26-11-2024-GSV.pdf,https://www.gemeinde-merching.de/wp-content/uploads/download-manager-files/HH-Entwurf-Stand-26-11-2024-GSV.pdf,,True,12783083,5e9e679963ada5460767d75806f6ff7072976f99b94e432553876c3f24c4768c,2024,False,not verified
filesystem,,wp-content/uploads/download-manager-files/Oeff.-Bekanntmachung_GR25052023.pdf,https://www.gemeinde-merching.de/wp-content/uploads/download-manager-files/Oeff.-Bekanntmachung_GR25052023.pdf,,True,135612,180d91d529abfad1ba45e36ce155ed894772b4896ee270ced55bb83c7dc9eec0,2023,False,not verified
filesystem,,wp-content/uploads/download-manager-files/BP35_Steinach_Ost_Begruendung_20240620.pdf,https://www.gemeinde-merching.de/wp-content/uploads/download-manager-files/BP35_Steinach_Ost_Begruendung_20240620.pdf,,True,1141988,ad1d3aef20bafb860cd29377debe68f7c8b1c9afe07a5d9d6d62d05dc0541938,2024,False,not verified
filesystem,,wp-content/uploads/download-manager-files/Schalltechnische-Untersuchung-11-05.2023.pdf,https://www.gemeinde-merching.de/wp-content/uploads/download-manager-files/Schalltechnische-Untersuchung-11-05.2023.pdf,,True,1049308,766f5d6c7614aa88336b5572aa98753c9bddbc52feb9ded56080c286b09290ab,2023,False,not verified
filesystem,,wp-content/uploads/download-manager-files/Bekanntmachung-7.Aenderung-FNP-BP-40-Photovoltaik-Mandichosee.pdf,https://www.gemeinde-merching.de/wp-content/uploads/download-manager-files/Bekanntmachung-7.Aenderung-FNP-BP-40-Photovoltaik-Mandichosee.pdf,,True,1140885,e71e8e806d9145347ed7aa47676b721a9c4065f52b6ef886d9a031f7184d5af3,,False,not verified
filesystem,,wp-content/uploads/download-manager-files/1683279025wpdm_Bekanntmachung-ueber-oeffentl.-Auflegung-der-Vorschlagsliste.pdf,https://www.gemeinde-merching.de/wp-content/uploads/download-manager-files/1683279025wpdm_Bekanntmachung-ueber-oeffentl.-Auflegung-der-Vorschlagsliste.pdf,,True,144833,4906819932debae70879a974f6c8bc02728050b560a85e0b8b8c790be713c49e,,False,not verified
filesystem,,wp-content/uploads/download-manager-files/Bekanntmachung-Terminbestimmung-Vollstreckungsgericht-15.05.2025.pdf,https://www.gemeinde-merching.de/wp-content/uploads/download-manager-files/Bekanntmachung-Terminbestimmung-Vollstreckungsgericht-15.05.2025.pdf,,True,201845,017fbdafa50050dc934fff2db5c9291be0ad57868588332255f4644953d929ad,2025,False,not verified
filesystem,,wp-content/uploads/download-manager-files/Gemeindekurier-Ostern-2024-f.-Homepage.pdf,https://www.gemeinde-merching.de/wp-content/uploads/download-manager-files/Gemeindekurier-Ostern-2024-f.-Homepage.pdf,,True,788154,f5e9b337d93edf5c3e43cef4cf500dee400c19e242b44d1cadd0889b869e36a0,2024,False,not verified
filesystem,,wp-content/uploads/download-manager-files/Stellenausschreibung_Bote_Aushang_Homepage.pdf,https://www.gemeinde-merching.de/wp-content/uploads/download-manager-files/Stellenausschreibung_Bote_Aushang_Homepage.pdf,,True,136440,c2c0f8fd1d1291cc9dc1786f07975bc93a97eacf2abbeea3ace945dec8e3a26b,,False,not verified
filesystem,,wp-content/uploads/download-manager-files/Bekanntmachung-Aufforderung-zur-Einreichung-von-Wahlvorschlaegen.pdf,https://www.gemeinde-merching.de/wp-content/uploads/download-manager-files/Bekanntmachung-Aufforderung-zur-Einreichung-von-Wahlvorschlaegen.pdf,,True,1348948,ed320778d3e824f5e3fac87ab586eb589ecccd8507a7f68a944fe43e1552c2bf,,False,not verified
filesystem,,wp-content/uploads/download-manager-files/Amtsblatt-03-2024Jahrg.-79-Nr.-03.pdf,https://www.gemeinde-merching.de/wp-content/uploads/download-manager-files/Amtsblatt-03-2024Jahrg.-79-Nr.-03.pdf,,True,307885,6945f9af4898bc3d0be22ce1062686acc444d1801477b00393d84e9ec95a2da1,2024,False,not verified
filesystem,,wp-content/uploads/download-manager-files/Amtsblatt-10-202378-Nr.-10-entfaellt.pdf,https://www.gemeinde-merching.de/wp-content/uploads/download-manager-files/Amtsblatt-10-202378-Nr.-10-entfaellt.pdf,,True,25342,0da27d1aa9c8b6c9035ae9c272ecc1f65b50d8def5d333e9ec5e955defcc08c0,2023,False,not verified
filesystem,,wp-content/uploads/download-manager-files/Oeffentl-Bekanntmachung_GR16022023.pdf,https://www.gemeinde-merching.de/wp-content/uploads/download-manager-files/Oeffentl-Bekanntmachung_GR16022023.pdf,,True,127955,13c2086b63227a462df07aa606ebde8e8b0867aef4a1c55335cd4828da13d8b5,2023,False,not verified
filesystem,,wp-content/uploads/download-manager-files/Bekanntmachung_WSST_Schulung_23_03_2024.pdf,https://www.gemeinde-merching.de/wp-content/uploads/download-manager-files/Bekanntmachung_WSST_Schulung_23_03_2024.pdf,,True,90895,9c341296e6f5723b174ed93da30e364157db810cac38217594996fa06a875038,2024,False,not verified
filesystem,,wp-content/uploads/download-manager-files/8_Aend_FNP_Merching_Planzeichnung_Feststellung_2024-06-20.pdf,https://www.gemeinde-merching.de/wp-content/uploads/download-manager-files/8_Aend_FNP_Merching_Planzeichnung_Feststellung_2024-06-20.pdf,,True,10002711,5b08675bff88f03f6f30b19ab29c821b4ed1389e29b96e39bd696d9c815a89de,2024,False,not verified
filesystem,,wp-content/uploads/download-manager-files/3.Aenderung-B-Plan-Nr.-11-Datenschutzinformationspflicht.pdf,https://www.gemeinde-merching.de/wp-content/uploads/download-manager-files/3.Aenderung-B-Plan-Nr.-11-Datenschutzinformationspflicht.pdf,,True,1558977,6912fc67212f795614871833257ce09f27ecb73d5f89b14847d00ad7e285f512,,False,not verified
filesystem,,wp-content/uploads/download-manager-files/Bekanntmachung-Brennholz-vom-16.09.2025.pdf,https://www.gemeinde-merching.de/wp-content/uploads/download-manager-files/Bekanntmachung-Brennholz-vom-16.09.2025.pdf,,True,112664,51ffeb18493321bcf7482642f26fcf58375c36d97a01ea5661508faa9ff68847,2025,False,not verified
filesystem,,wp-content/uploads/download-manager-files/1706178418wpdm_Plakatierungsverordnung.pdf,https://www.gemeinde-merching.de/wp-content/uploads/download-manager-files/1706178418wpdm_Plakatierungsverordnung.pdf,,True,1439303,6d7ad051d37b5e65796dc9fd73bcb3fd19aa25b795db8f2d49f030598838790f,,False,not verified
filesystem,,wp-content/uploads/download-manager-files/Plakat-Umfrage-Nachhaltigkeit.pdf,https://www.gemeinde-merching.de/wp-content/uploads/download-manager-files/Plakat-Umfrage-Nachhaltigkeit.pdf,,True,682266,283079befef0491c4069d1959293c808eaa8de05e180ac77ff4b3a148ea6795f,,False,not verified
filesystem,,wp-content/uploads/download-manager-files/Planzeichnung_3_Aend_Kirchenfeld_2025-07-10.pdf,https://www.gemeinde-merching.de/wp-content/uploads/download-manager-files/Planzeichnung_3_Aend_Kirchenfeld_2025-07-10.pdf,,True,1633353,d632f086c86072c4fea200c42209a36986a2fabab2926a5ac8e04cd4b9211db2,2025,False,not verified
filesystem,,wp-content/uploads/download-manager-files/HH-Entwurf-Stand-26-11-2024.pdf,https://www.gemeinde-merching.de/wp-content/uploads/download-manager-files/HH-Entwurf-Stand-26-11-2024.pdf,,True,1354225,ece84c108b26e8dbc451311722dfc3efe4876cbec72ccd649946b7780e5c3dd3,2024,False,not verified
filesystem,,wp-content/uploads/download-manager-files/Bekanntmachung_8_Aend_FNP_Merching_2023-01-29.pdf,https://www.gemeinde-merching.de/wp-content/uploads/download-manager-files/Bekanntmachung_8_Aend_FNP_Merching_2023-01-29.pdf,,True,611927,d2bef5dc3ba96af4bff04b26e4b534e5662d9e94fff6960ba7de8ba525077b29,2023,False,not verified
filesystem,,wp-content/uploads/download-manager-files/BekanntmachungRattenbekJan26.pdf,https://www.gemeinde-merching.de/wp-content/uploads/download-manager-files/BekanntmachungRattenbekJan26.pdf,,True,157747,3e0fb73801d8814f3cd2c359069bbf9890d353f1b46e931ea20975f37abff86b,,False,not verified
filesystem,,wp-content/uploads/download-manager-files/HH-Anlagen.pdf,https://www.gemeinde-merching.de/wp-content/uploads/download-manager-files/HH-Anlagen.pdf,,True,63669,0861165c91d375cbd554938ce44bc429421840918c147bb60af2b67902cae909,,False,not verified
filesystem,,wp-content/uploads/download-manager-files/Broschuere_Tag-der-Vereine_01.06.2025.pdf,https://www.gemeinde-merching.de/wp-content/uploads/download-manager-files/Broschuere_Tag-der-Vereine_01.06.2025.pdf,,True,15271786,1c9303a33a8f1c1807c538c744d5b0f7dd7b595c0f5c27b3b2bcdda31f668e9a,2025,False,not verified
filesystem,,wp-content/uploads/download-manager-files/Pruefbericht-2022.pdf,https://www.gemeinde-merching.de/wp-content/uploads/download-manager-files/Pruefbericht-2022.pdf,,True,900657,7c3f13b02c0217454b91a5aea7281d518cf0cef7645f1cf1a379daeb30b1fcdb,2022,False,not verified
filesystem,,wp-content/uploads/download-manager-files/BP35_Steinach_Ost_Planzeichnung_Entwurf_2023-12-14.pdf,https://www.gemeinde-merching.de/wp-content/uploads/download-manager-files/BP35_Steinach_Ost_Planzeichnung_Entwurf_2023-12-14.pdf,,True,746275,f92ed4dc084b8c47b9773405db3237a72173cc81f859d2fe4354365d88fd99a6,2023,False,not verified
filesystem,,wp-content/uploads/download-manager-files/Textteil_BP_Kirchenfeld_3_Aend_20250710.pdf,https://www.gemeinde-merching.de/wp-content/uploads/download-manager-files/Textteil_BP_Kirchenfeld_3_Aend_20250710.pdf,,True,172336,fcf410f2e75cd68c0c9639b1ff00c51de0c236a35c1e04697e2c5488f0ce47f9,2025,False,not verified
filesystem,,wp-content/uploads/download-manager-files/Stellplatzsatzung-der-Gemeinde-Merching-vom-08.09.2025.pdf,https://www.gemeinde-merching.de/wp-content/uploads/download-manager-files/Stellplatzsatzung-der-Gemeinde-Merching-vom-08.09.2025.pdf,,True,214194,d0d780303471d780210bdf3dad0a7b54d9ce01386a56cc3f12d074da956a195c,2025,False,not verified
filesystem,,wp-content/uploads/download-manager-files/BP34_Oestl_Nebelhornstrasse_Textteil_20240620.pdf,https://www.gemeinde-merching.de/wp-content/uploads/download-manager-files/BP34_Oestl_Nebelhornstrasse_Textteil_20240620.pdf,,True,880573,c748ff94e85e87dfb7eab43d505c335cbf2f17321a8dfe089ca1b1c16b7b2a06,2024,False,not verified
filesystem,,wp-content/uploads/download-manager-files/1732000425wpdm_Schallschutztechnische-Untersuchung-Anlagen.pdf,https://www.gemeinde-merching.de/wp-content/uploads/download-manager-files/1732000425wpdm_Schallschutztechnische-Untersuchung-Anlagen.pdf,,True,1700627,882eb45d383acae8ebfc942772332f66776286a23054a90a5a6f91cf2c1623df,2000,False,not verified
filesystem,,wp-content/uploads/download-manager-files/8_Aend_FNP_Steinach_Ost_Bekanntmachung_Genehmigung_20250403.pdf,https://www.gemeinde-merching.de/wp-content/uploads/download-manager-files/8_Aend_FNP_Steinach_Ost_Bekanntmachung_Genehmigung_20250403.pdf,,True,363119,dc0098dc6899c9b02c4cefd188640f1775e4cde74723c57dfb92a400e4f361bb,2025,False,not verified
filesystem,,wp-content/uploads/download-manager-files/010203-Programm-FSP-Sued-2026.pdf,https://www.gemeinde-merching.de/wp-content/uploads/download-manager-files/010203-Programm-FSP-Sued-2026.pdf,,True,163547,2f8293e481f726e9081d11cace24312880eedb9b700ffe7a923ca9bdcd701c96,2026,False,not verified
filesystem,,wp-content/uploads/download-manager-files/Pruefbericht-Trinkwasser-2023.pdf,https://www.gemeinde-merching.de/wp-content/uploads/download-manager-files/Pruefbericht-Trinkwasser-2023.pdf,,True,871815,e260e3ed04b98d16e740eecb06c9602ef280c7fe3ff24605ab5484314808242e,2023,False,not verified
filesystem,,wp-content/uploads/download-manager-files/Stellungnahme-fruehz.-Beteiligung_Regierung-v.-Schwaben_Abwaegung-29.06.2023.pdf,https://www.gemeinde-merching.de/wp-content/uploads/download-manager-files/Stellungnahme-fruehz.-Beteiligung_Regierung-v.-Schwaben_Abwaegung-29.06.2023.pdf,,True,624376,d67639d39646af760f93682d66a56ed7b6723cf7e200dd4e7e21027a04dfa91b,2023,False,not verified
filesystem,,wp-content/uploads/download-manager-files/1_Aenderung_BP_26_Entwurf_2023-01-19.pdf,https://www.gemeinde-merching.de/wp-content/uploads/download-manager-files/1_Aenderung_BP_26_Entwurf_2023-01-19.pdf,,True,3180665,8eefc7cfb72120968f7aba22013df751e4c73332525b958889560bf3acd3e742,2023,False,not verified
filesystem,,wp-content/uploads/download-manager-files/5-HH-Kreditermaechtigungen-Uebersicht.pdf,https://www.gemeinde-merching.de/wp-content/uploads/download-manager-files/5-HH-Kreditermaechtigungen-Uebersicht.pdf,,True,29859,fe6bf82b3b32bf975b28268e8a6f6fad5af657029deb7edd1a30bdaba5d57509,,False,not verified
filesystem,,wp-content/uploads/download-manager-files/oeffentl.-BekanntmachungGR13.04.23.pdf,https://www.gemeinde-merching.de/wp-content/uploads/download-manager-files/oeffentl.-BekanntmachungGR13.04.23.pdf,,True,132425,9170c840b554fe372c77a045606a462c8249921e38fc009012b9d391a27880da,,False,not verified
filesystem,,wp-content/uploads/download-manager-files/Oeffentl.-Bekanntmachung_GR-22.02.2024.pdf,https://www.gemeinde-merching.de/wp-content/uploads/download-manager-files/Oeffentl.-Bekanntmachung_GR-22.02.2024.pdf,,True,134863,566b5a94a3a18991dc0ab705a4608a844c182b816262871805c8fb773ebb08b3,2024,False,not verified
filesystem,,wp-content/uploads/download-manager-files/BekanntmachungRattenMai2025.pdf,https://www.gemeinde-merching.de/wp-content/uploads/download-manager-files/BekanntmachungRattenMai2025.pdf,,True,83590,3cbc9c3744c963c04c3bafedc6c930b45ad4a13201d89562ae67daeccfe7b12a,2025,False,not verified
filesystem,,wp-content/uploads/download-manager-files/BP_Nr34_Oestl._der_Nebelhornstrasse_1Aend_Textteil_m_VV_20251211.pdf,https://www.gemeinde-merching.de/wp-content/uploads/download-manager-files/BP_Nr34_Oestl._der_Nebelhornstrasse_1Aend_Textteil_m_VV_20251211.pdf,,True,172353,370a099e6ecf7b0386d61471a207751ec2a72a8710ab6ba5fb439c6d0f27d5de,2025,False,not verified
filesystem,,wp-content/uploads/download-manager-files/HH-Stellenplan.pdf,https://www.gemeinde-merching.de/wp-content/uploads/download-manager-files/HH-Stellenplan.pdf,,True,19372,b2d369fa27ab8196a00f86b639b9da23be7ef409be885cd35493260cabcc23ee,,False,not verified
filesystem,,wp-content/uploads/download-manager-files/Wahlbekanntmachung.pdf,https://www.gemeinde-merching.de/wp-content/uploads/download-manager-files/Wahlbekanntmachung.pdf,,True,254757,65aa68e48039dc7d23110d0e3121cf8643081ac25e82a0ec56ec7cc0876d7db3,,False,not verified
filesystem,,wp-content/uploads/download-manager-files/BP-PV-Merching-Planzeichnung-Teil-A-29.06.2023.pdf,https://www.gemeinde-merching.de/wp-content/uploads/download-manager-files/BP-PV-Merching-Planzeichnung-Teil-A-29.06.2023.pdf,,True,451408,065eb0a29ab88f7ef83c670dcb26a30a791ff19dbd08d5a5e1c1e41ea88ed409,2023,False,not verified
filesystem,,wp-content/uploads/download-manager-files/Disco_Flyer_03_2023.pdf,https://www.gemeinde-merching.de/wp-content/uploads/download-manager-files/Disco_Flyer_03_2023.pdf,,True,195682,8b1ac6a2c11ebfffc2753bd540a4db2d4f69dbe52cdfce8711b50ade4219edc4,2023,False,not verified
filesystem,,wp-content/uploads/download-manager-files/Stellungnahme-fruehz.-Beteiligung_LRA-fuer-BP_Abwaegung-29.06.2023.pdf,https://www.gemeinde-merching.de/wp-content/uploads/download-manager-files/Stellungnahme-fruehz.-Beteiligung_LRA-fuer-BP_Abwaegung-29.06.2023.pdf,,True,1962458,9a188a418399bed4a0aba2632e4f7766e0c7b7cd5e3a6fe3e142ae24620ea6c4,2023,False,not verified
filesystem,,wp-content/uploads/download-manager-files/Rattenbekaempfung-Bekanntmachung-Maerz-2023.pdf,https://www.gemeinde-merching.de/wp-content/uploads/download-manager-files/Rattenbekaempfung-Bekanntmachung-Maerz-2023.pdf,,True,83087,cd8f8eef7d30216934ff98186a20680cc27b02ed1cb8cbaf4f01d77fe506380d,2023,False,not verified
filesystem,,wp-content/uploads/download-manager-files/BP37_Suedlich_Nebelhornstrasse_Begruendung_2023-01-19.pdf,https://www.gemeinde-merching.de/wp-content/uploads/download-manager-files/BP37_Suedlich_Nebelhornstrasse_Begruendung_2023-01-19.pdf,,True,1301921,8611a570e58c4c378a64d9b13fbbd9f58ef99b78c68994b00410cb89cef11a20,2023,False,not verified
filesystem,,wp-content/uploads/download-manager-files/Hundesteuersatzung-2026-Homepage.pdf,https://www.gemeinde-merching.de/wp-content/uploads/download-manager-files/Hundesteuersatzung-2026-Homepage.pdf,,True,128279,0699dcab98f643038826b779eedfc436e0b68ff0b26064c0bd052c06a0cc2172,2026,False,not verified
filesystem,,wp-content/uploads/download-manager-files/PDF-Flyer-Merchinger-Ferienprogramm-2025.pdf,https://www.gemeinde-merching.de/wp-content/uploads/download-manager-files/PDF-Flyer-Merchinger-Ferienprogramm-2025.pdf,,True,18025436,471ad9d37feafbbcc2e2aa815a740753dbd83f2ae6eba13be5c6675dcde6b4a9,2025,False,not verified
filesystem,,wp-content/uploads/download-manager-files/Bekanntmachung-ueber-die-Eintragungsmoeglichkeiten-in-Unterstuetzungslisten_Homepage.pdf,https://www.gemeinde-merching.de/wp-content/uploads/download-manager-files/Bekanntmachung-ueber-die-Eintragungsmoeglichkeiten-in-Unterstuetzungslisten_Homepage.pdf,,True,286590,3fac81c0e8d23de590813810cdf950a61f21ceab7d8686635836a413d2c9f6fb,,False,not verified
filesystem,,wp-content/uploads/download-manager-files/Stellungnahme-fruehz.-Beteiligung_Denkmalpflege_Abwaegung-29.06.2023.pdf,https://www.gemeinde-merching.de/wp-content/uploads/download-manager-files/Stellungnahme-fruehz.-Beteiligung_Denkmalpflege_Abwaegung-29.06.2023.pdf,,True,334830,2982616f1f01916907c91c1dc9416bdd84fa798a545642341d134e38af9a9b54,2023,False,not verified
filesystem,,wp-content/uploads/download-manager-files/BP-PV-Merching_Festsetzungen-Teil-B-29.06.2023.pdf,https://www.gemeinde-merching.de/wp-content/uploads/download-manager-files/BP-PV-Merching_Festsetzungen-Teil-B-29.06.2023.pdf,,True,400664,bb159bfa07785a397119c80038566cf2387a3c178a2ef119858b5afbf87c8553,2023,False,not verified
filesystem,,wp-content/uploads/download-manager-files/BP-Nr.-39-PV-Merching-Teil-C-Begruendung-mit-Umweltbericht-2023-10-26.pdf,https://www.gemeinde-merching.de/wp-content/uploads/download-manager-files/BP-Nr.-39-PV-Merching-Teil-C-Begruendung-mit-Umweltbericht-2023-10-26.pdf,,True,849731,9391f3eb7ec0a224d38e8fbf73d9e8a8271cf42fe9974f1b37f7757667130e16,2023,False,not verified
filesystem,,wp-content/uploads/download-manager-files/oeffentl.-Bekanntmachung_GR-04.05.23.pdf,https://www.gemeinde-merching.de/wp-content/uploads/download-manager-files/oeffentl.-Bekanntmachung_GR-04.05.23.pdf,,True,132285,55755e8646bbf44d85968b2679482d75ae623e6581af838efd10002fa43212fa,,False,not verified
filesystem,,wp-content/uploads/download-manager-files/1737459345wpdm_Plakatierungsverordnung.pdf,https://www.gemeinde-merching.de/wp-content/uploads/download-manager-files/1737459345wpdm_Plakatierungsverordnung.pdf,,True,1439303,6d7ad051d37b5e65796dc9fd73bcb3fd19aa25b795db8f2d49f030598838790f,,False,not verified
filesystem,,wp-content/uploads/download-manager-files/Merchinger-Ramadama-2026-PDF.pdf,https://www.gemeinde-merching.de/wp-content/uploads/download-manager-files/Merchinger-Ramadama-2026-PDF.pdf,,True,360699,12707a9b09b64b3464db744c8cc123244fba838845fb522cd9ed8e55ca4d9583,2026,False,not verified
filesystem,,wp-content/uploads/download-manager-files/1736245640wpdm_HH-Haushaltssatzung.pdf,https://www.gemeinde-merching.de/wp-content/uploads/download-manager-files/1736245640wpdm_HH-Haushaltssatzung.pdf,,True,65423,9f0efbbd1d63731f93106cb020d56963f868b8cc27acb0745a8eb7981ef0bfbe,,True,not verified
filesystem,,wp-content/uploads/download-manager-files/Oeffentliche-Bekanntmachung.pdf,https://www.gemeinde-merching.de/wp-content/uploads/download-manager-files/Oeffentliche-Bekanntmachung.pdf,,True,440936,9d4b23459e9f0d57e934253d4e0b90adf2eec00026faf45db38e602a05f3f70b,,False,not verified
filesystem,,wp-content/uploads/download-manager-files/Einsicht-in-das-WV-mit-Oeffnungszeiten_Homepage.pdf,https://www.gemeinde-merching.de/wp-content/uploads/download-manager-files/Einsicht-in-das-WV-mit-Oeffnungszeiten_Homepage.pdf,,True,7328137,dd1ce46cac24d3bd64ef57b75b7984fb746e2991c74125ccc60851ff5299263a,,False,not verified
filesystem,,wp-content/uploads/download-manager-files/1-HH-Inhaltsverzeichnis.pdf,https://www.gemeinde-merching.de/wp-content/uploads/download-manager-files/1-HH-Inhaltsverzeichnis.pdf,,True,23267,d895ff88727e74e9d3d5f6340cdb120837aaad9f0a5aca18fe5fe5ac385f8d3f,,False,not verified
filesystem,,wp-content/uploads/download-manager-files/Oeffentl.-Bekanntmachung_GR_27.07.2023.pdf,https://www.gemeinde-merching.de/wp-content/uploads/download-manager-files/Oeffentl.-Bekanntmachung_GR_27.07.2023.pdf,,True,131163,ccd0eb31ec161109a535fd3c90f45e5886f7a35baa098a0eeda9289991050da1,2023,False,not verified
filesystem,,wp-content/uploads/download-manager-files/Abschaffung-Kinderreisepass.pdf,https://www.gemeinde-merching.de/wp-content/uploads/download-manager-files/Abschaffung-Kinderreisepass.pdf,,True,1201178,232576d2e1acd5117366a035129ccddca1d94bcabdf983a8743712f27a0c9c82,,False,not verified
filesystem,,wp-content/uploads/download-manager-files/1685441735wpdm_Satzung-30.05.2023.pdf,https://www.gemeinde-merching.de/wp-content/uploads/download-manager-files/1685441735wpdm_Satzung-30.05.2023.pdf,,True,677983,81a9602951a4d47090e05bd57376487ed994f9a64e097a104e8d621159e5b5b5,2023,False,not verified
filesystem,,wp-content/uploads/download-manager-files/Merchinger-Ramadama-2025-PDF-Plakat.pdf,https://www.gemeinde-merching.de/wp-content/uploads/download-manager-files/Merchinger-Ramadama-2025-PDF-Plakat.pdf,,True,364760,8eea0159799b1cb6d26fdb969aa5c90ddf3a968a646068673129a2d2a9a82f4b,2025,False,not verified
filesystem,,wp-content/uploads/download-manager-files/8_Aend_FNP_Steinach_Ost_zus_Erklaerung_20250403.pdf,https://www.gemeinde-merching.de/wp-content/uploads/download-manager-files/8_Aend_FNP_Steinach_Ost_zus_Erklaerung_20250403.pdf,,True,1285886,a174a668f0a3808ed7c852b34cda1aeb8dff46b48406fed857a436eb098b9b6b,2025,False,not verified
filesystem,,wp-content/uploads/download-manager-files/BP-PV-Mandichosee_Teil-A_Planzeichnung-2023-10-26.pdf,https://www.gemeinde-merching.de/wp-content/uploads/download-manager-files/BP-PV-Mandichosee_Teil-A_Planzeichnung-2023-10-26.pdf,,True,1902070,2af2890e0feeddb189c3b5e862bb1c328ec79b23c01ac986b1279198188a2e95,2023,False,not verified
filesystem,,wp-content/uploads/download-manager-files/Rattenbekaempfung22Jan2025.pdf,https://www.gemeinde-merching.de/wp-content/uploads/download-manager-files/Rattenbekaempfung22Jan2025.pdf,,True,83529,841a9b56d3090f2a28f9fe054f6fdce7403d2d0db939d8ebbf36e5a729acd0a8,2025,False,not verified
filesystem,,wp-content/uploads/download-manager-files/BP-PV-Mandichosee_Teil-C_Begruendung-mit-Umweltbericht-2023-10-26.pdf,https://www.gemeinde-merching.de/wp-content/uploads/download-manager-files/BP-PV-Mandichosee_Teil-C_Begruendung-mit-Umweltbericht-2023-10-26.pdf,,True,2249782,6703ca695912b19b0994738c6c2b92b1fc89b6b12a8905ccb2864e2271be9e3c,2023,False,not verified
filesystem,,wp-content/uploads/download-manager-files/1732000536wpdm_Schalltechnische-Untersuchung-11-05.2023.pdf,https://www.gemeinde-merching.de/wp-content/uploads/download-manager-files/1732000536wpdm_Schalltechnische-Untersuchung-11-05.2023.pdf,,True,1034020,b6e55be82dd6a044b7df2672037adc76bd82db720d3a82776daa7221f01c010b,2000|2023,False,not verified
filesystem,,wp-content/uploads/download-manager-files/Unternehmenssatzung-fuer-das-Kommunalunternemen-Merching-vom-16.09.2025.pdf,https://www.gemeinde-merching.de/wp-content/uploads/download-manager-files/Unternehmenssatzung-fuer-das-Kommunalunternemen-Merching-vom-16.09.2025.pdf,,True,270903,a78cf90d46ef64e91693d5e63e3e895196a623cab7162ec49996bc45d111bd00,2025,False,not verified
filesystem,,wp-content/uploads/download-manager-files/HH-Vorbericht.pdf,https://www.gemeinde-merching.de/wp-content/uploads/download-manager-files/HH-Vorbericht.pdf,,True,77931,9db7ffe2f7faf3dd1c03f8f6eb3f5c591b5fedf7d5bbba8cec6d9d7ef26cbb51,,False,not verified
filesystem,,wp-content/uploads/download-manager-files/1736245676wpdm_HH-Schulverbandsumlage.pdf,https://www.gemeinde-merching.de/wp-content/uploads/download-manager-files/1736245676wpdm_HH-Schulverbandsumlage.pdf,,True,90298,05cd015c6aa12754bc8df943bb770a588c6261b17f6ec300899dd9ae7463a88b,,False,not verified
filesystem,,wp-content/uploads/download-manager-files/1710920962wpdm_Bekanntmachung_Wahlhelfer_Aufforderung.pdf,https://www.gemeinde-merching.de/wp-content/uploads/download-manager-files/1710920962wpdm_Bekanntmachung_Wahlhelfer_Aufforderung.pdf,,True,164803,2b4dfc59940455bf7120f3302bc5c0c46330fae5cca28cfa0563ab0f157bcacb,2096,False,not verified
filesystem,,wp-content/uploads/download-manager-files/BP-PV-Mandichosee_Teil-B_Festsetzungen-2023-10-26.pdf,https://www.gemeinde-merching.de/wp-content/uploads/download-manager-files/BP-PV-Mandichosee_Teil-B_Festsetzungen-2023-10-26.pdf,,True,421565,863e363308794577c7423a944524cfe4a7317bad764d89f344211bf7000e2f21,2023,False,not verified
filesystem,,wp-content/uploads/download-manager-files/Satzung-30.05.2023.pdf,https://www.gemeinde-merching.de/wp-content/uploads/download-manager-files/Satzung-30.05.2023.pdf,,True,677983,81a9602951a4d47090e05bd57376487ed994f9a64e097a104e8d621159e5b5b5,2023,False,not verified
filesystem,,wp-content/uploads/download-manager-files/BP-Nr.-39-PV-Merching-Bekanntmachung-Satzungsbeschluss.pdf,https://www.gemeinde-merching.de/wp-content/uploads/download-manager-files/BP-Nr.-39-PV-Merching-Bekanntmachung-Satzungsbeschluss.pdf,,True,764029,4ab440942408b90cf192864bd21ecebefed0d40837c2a904f1c09256e04237a6,,False,not verified
filesystem,,wp-content/uploads/download-manager-files/6-HH-Entwurf-14-01-2025.pdf,https://www.gemeinde-merching.de/wp-content/uploads/download-manager-files/6-HH-Entwurf-14-01-2025.pdf,,True,1670327,e0a11e58a445c01b7a23be9505958e6064d76e062938670704199358184ceebe,2025,False,not verified
filesystem,,wp-content/uploads/download-manager-files/1.Aenderung-BP-34-oestl.-Nebelhornstr.-Bekanntmachung-Satzungsbeschluss.pdf,https://www.gemeinde-merching.de/wp-content/uploads/download-manager-files/1.Aenderung-BP-34-oestl.-Nebelhornstr.-Bekanntmachung-Satzungsbeschluss.pdf,,True,490714,d404152a623063d54dc84f06c3f8736e79a4b40bac024fcbd16a22abf581bae2,,False,not verified
filesystem,,wp-content/uploads/download-manager-files/BP-Nr.-39-PV-Merching-Teil-A-Planzeichnung-2023-10-26.pdf,https://www.gemeinde-merching.de/wp-content/uploads/download-manager-files/BP-Nr.-39-PV-Merching-Teil-A-Planzeichnung-2023-10-26.pdf,,True,495995,fe614c8f43b4069e708b6a08073e0ad336cb369e7acd95bd77ccee904f9b7c87,2023,False,not verified
filesystem,,wp-content/uploads/download-manager-files/1682325696wpdm_Amtsblatt-04-2023Jahrg.-78-Nr.-4a.pdf,https://www.gemeinde-merching.de/wp-content/uploads/download-manager-files/1682325696wpdm_Amtsblatt-04-2023Jahrg.-78-Nr.-4a.pdf,,True,290829,0c36b3c3b18d6c7c09b0fe9548487a798550e1a4642d42bedd6295284d70447a,2023,False,not verified
filesystem,,wp-content/uploads/download-manager-files/Landratswahl-Bekanntmachung_zugelassener_Wahlvorschlaege.pdf,https://www.gemeinde-merching.de/wp-content/uploads/download-manager-files/Landratswahl-Bekanntmachung_zugelassener_Wahlvorschlaege.pdf,,True,133126,de33cb54bc3fa0912a8c9647fff13eca7a9fc6d94c7bfc3cd84b2589c7345777,,False,not verified
filesystem,,wp-content/uploads/download-manager-files/6.-Aenderung-FNP-Bekanntmachung_fruehz_Beteiligung.pdf,https://www.gemeinde-merching.de/wp-content/uploads/download-manager-files/6.-Aenderung-FNP-Bekanntmachung_fruehz_Beteiligung.pdf,,True,882751,13af68db446b0e107a90cf8d0d519396ad15743f9bfe2d437bf6075b2f3fdc33,,False,not verified
filesystem,,wp-content/uploads/download-manager-files/Amtsblatt-08-2023Jahrg.-78-Nr.-08.pdf,https://www.gemeinde-merching.de/wp-content/uploads/download-manager-files/Amtsblatt-08-2023Jahrg.-78-Nr.-08.pdf,,True,407535,feee7188f902fa64a85bcac25474f7a61ad4c9c4f85489c094e9466455ba1b8a,2023,False,not verified
filesystem,,wp-content/uploads/download-manager-files/Bekanntmachung_oeff_Ausl_BP35_Steinach_Ost_2023-01-29.pdf,https://www.gemeinde-merching.de/wp-content/uploads/download-manager-files/Bekanntmachung_oeff_Ausl_BP35_Steinach_Ost_2023-01-29.pdf,,True,585472,5896586c41f20c0983aedc19cfd5661f342d5bfcf556f3059ffc134ec8c63b41,2023,False,not verified
filesystem,,wp-content/uploads/download-manager-files/BP34_Oestl_Nebelhornstrasse_Planzeichnung_Entwurf_2023-12-14.pdf,https://www.gemeinde-merching.de/wp-content/uploads/download-manager-files/BP34_Oestl_Nebelhornstrasse_Planzeichnung_Entwurf_2023-12-14.pdf,,True,1279476,7951559c15a6a8e03b96ec9dd43075c43a8091fc180b88d139d29f19ebea693b,2023,False,not verified
filesystem,,wp-content/uploads/download-manager-files/HH-Inhaltsverzeichnis.pdf,https://www.gemeinde-merching.de/wp-content/uploads/download-manager-files/HH-Inhaltsverzeichnis.pdf,,True,12929,1f37ad8fddae79c8474a85452166add79685596fb26720459d4c2cd5045fbf83,,False,not verified
filesystem,,wp-content/uploads/download-manager-files/8_Aend_FNP_Merching_Planzeichnung_Entwurf_2023-12-14.pdf,https://www.gemeinde-merching.de/wp-content/uploads/download-manager-files/8_Aend_FNP_Merching_Planzeichnung_Entwurf_2023-12-14.pdf,,True,10008630,c807f88508412da65d4b6a5e7174ef39308f60ae66fdd6e9ddc1f20b4d4946f0,2023,False,not verified
filesystem,,wp-content/uploads/download-manager-files/BP-Nr.-39-PV-Merching-Teil-B-Festsetzungen-2023-10-26.pdf,https://www.gemeinde-merching.de/wp-content/uploads/download-manager-files/BP-Nr.-39-PV-Merching-Teil-B-Festsetzungen-2023-10-26.pdf,,True,388016,f2b46c7c441ea5efec67f601fd2ecdb9ada22b92b8620ac2ff6f9230dcf92a33,2023,False,not verified
filesystem,,wp-content/uploads/download-manager-files/1688034797wpdm_FNP-PV-Merching_Begruendung-mit-Umweltbericht-Teil-B_03-29.06.2023.pdf,https://www.gemeinde-merching.de/wp-content/uploads/download-manager-files/1688034797wpdm_FNP-PV-Merching_Begruendung-mit-Umweltbericht-Teil-B_03-29.06.2023.pdf,,True,680255,5b4e7c6627c9115a56ba18d6849f612f78a7a10f9ad7bf8e0edb22d86975661c,2023,False,not verified
filesystem,,wp-content/uploads/download-manager-files/Stellungnahme-fruehz.-Beteiligung_WWA_Abwaegung-29.06.2023.pdf,https://www.gemeinde-merching.de/wp-content/uploads/download-manager-files/Stellungnahme-fruehz.-Beteiligung_WWA_Abwaegung-29.06.2023.pdf,,True,687973,b61ab77d78ddf6027282103104744598b18fef8d26288d51b2d5f5e9e1f28af0,2023,False,not verified
filesystem,,wp-content/uploads/download-manager-files/2025-08-13_Bekanntmachung_Satzung_Aufwendungs-u.-Kostenersatz_f_Einsaetze_u_andere_Leistungen_gemeindlicher_Feuerwehren_ab_01-01-2026.pdf,https://www.gemeinde-merching.de/wp-content/uploads/download-manager-files/2025-08-13_Bekanntmachung_Satzung_Aufwendungs-u.-Kostenersatz_f_Einsaetze_u_andere_Leistungen_gemeindlicher_Feuerwehren_ab_01-01-2026.pdf,,True,153552,1df156e333937f18348e925654fbbd1e9e1d23378d023fad54732979bb9658dc,2025|2026,False,not verified
filesystem,,wp-content/uploads/download-manager-files/2023_01_19_Bekanntmachung_Oeffentliche_Gemeinderatssitzung.pdf,https://www.gemeinde-merching.de/wp-content/uploads/download-manager-files/2023_01_19_Bekanntmachung_Oeffentliche_Gemeinderatssitzung.pdf,,True,137403,42c12a5c69fdf4cb88cc366f04b4a102d14081d176bc8676c1a181b3dd2d8aae,2023,False,not verified
filesystem,,wp-content/uploads/download-manager-files/7-HH-Stellenplan.pdf,https://www.gemeinde-merching.de/wp-content/uploads/download-manager-files/7-HH-Stellenplan.pdf,,True,68723,a57efe1edd14ebefc8c58c9a6f515870be72d0579d20017023cc89f86c000dc0,,False,not verified
filesystem,,wp-content/uploads/download-manager-files/1736245745wpdm_HH-Vorbericht.pdf,https://www.gemeinde-merching.de/wp-content/uploads/download-manager-files/1736245745wpdm_HH-Vorbericht.pdf,,True,361850,984120353a88efa0c9683f3fe323c6812f22e15e3849af8e6195fcce0dcc2d03,,False,not verified
filesystem,,wp-content/uploads/download-manager-files/Informationen-zur-Wahlwerbung_Europawahl_2024.pdf,https://www.gemeinde-merching.de/wp-content/uploads/download-manager-files/Informationen-zur-Wahlwerbung_Europawahl_2024.pdf,,True,138940,c20c468be0edf48a45fa610ec26185206c0985456a384709389001117bbb9a4c,2024,False,not verified
filesystem,,wp-content/uploads/download-manager-files/Amtsblatt-04-2023Jahrg.-78-Nr.-4.pdf,https://www.gemeinde-merching.de/wp-content/uploads/download-manager-files/Amtsblatt-04-2023Jahrg.-78-Nr.-4.pdf,,True,337503,8e64e50856bc369ff8dc86fcd31022853aa0a5ae7b10daf24ab8d54b70463f6e,2023,False,not verified
filesystem,,wp-content/uploads/download-manager-files/Aufhebung_BP_Nr3a_Planzeichnung_2023-12-14.pdf,https://www.gemeinde-merching.de/wp-content/uploads/download-manager-files/Aufhebung_BP_Nr3a_Planzeichnung_2023-12-14.pdf,,True,283783,4ef2a46ae7eb8db24dd6ce86df2c1d8462aafe841919ff40056c71493a59f7b5,2023,False,not verified
filesystem,,wp-content/uploads/download-manager-files/Amtsblatt-11-2023Jahrg.-78-Nr.-11.pdf,https://www.gemeinde-merching.de/wp-content/uploads/download-manager-files/Amtsblatt-11-2023Jahrg.-78-Nr.-11.pdf,,True,158823,a2060a28b92511cd14c96066811421b024048574cf52f1ad8cffa35e623b7865,2023,False,not verified
filesystem,,wp-content/uploads/download-manager-files/Amtsblatt-01-2024Jahrg.-79-Nr.-01.pdf,https://www.gemeinde-merching.de/wp-content/uploads/download-manager-files/Amtsblatt-01-2024Jahrg.-79-Nr.-01.pdf,,True,385740,c3790e4469977cb6d634774fe6bff9ca4ab167ca2924cab9d597e19200c57438,2024,False,not verified
filesystem,,wp-content/uploads/download-manager-files/Familienstuetzpunkt-Sued-Programm-Juli-bis-Sept.-2025.pdf,https://www.gemeinde-merching.de/wp-content/uploads/download-manager-files/Familienstuetzpunkt-Sued-Programm-Juli-bis-Sept.-2025.pdf,,True,625939,a7eec054f5022ca7e61e0bd215fcddcc6ac21edc8c2aaec8b50aa3023ffdadf1,2025,False,not verified
filesystem,,wp-content/uploads/download-manager-files/Bekanntmachung-Schoeffenwahl-2023.pdf,https://www.gemeinde-merching.de/wp-content/uploads/download-manager-files/Bekanntmachung-Schoeffenwahl-2023.pdf,,True,1481743,4abea6bc9d979b7981080179bea1aae96a27d9e80098eb5f590ef00d90652a72,2023,False,not verified
filesystem,,wp-content/uploads/download-manager-files/Amtsblatt-06a-2023Jahrg.-78-Nr.-06a.pdf,https://www.gemeinde-merching.de/wp-content/uploads/download-manager-files/Amtsblatt-06a-2023Jahrg.-78-Nr.-06a.pdf,,True,220156,9b2f75ac7d2ccc47301f76660f1e63a731ce70e1801f3ce2c222a59d6878ff97,2023,False,not verified
filesystem,,wp-content/uploads/download-manager-files/Wahlbekanntmachung-Homepage.pdf,https://www.gemeinde-merching.de/wp-content/uploads/download-manager-files/Wahlbekanntmachung-Homepage.pdf,,True,7583030,d654413a4b6ff9b0743b88411866013737c3071a22bd225c292daf067614cf1a,,False,not verified
filesystem,,wp-content/uploads/download-manager-files/Bekanntmachung-Satzungsbeschluss.pdf,https://www.gemeinde-merching.de/wp-content/uploads/download-manager-files/Bekanntmachung-Satzungsbeschluss.pdf,,True,943588,716258ffda8e4f63398676fa3dd1f9c89c241dae96d82d11731a7ff1a69c5516,,False,not verified
filesystem,,wp-content/uploads/download-manager-files/5.-Aenderung-FNP-PV-Merching_Begruendung-mit-Umweltbericht-Teil-B.pdf,https://www.gemeinde-merching.de/wp-content/uploads/download-manager-files/5.-Aenderung-FNP-PV-Merching_Begruendung-mit-Umweltbericht-Teil-B.pdf,,True,679822,379c2fd6a7604b5bc35d568213886b8c50e61110bca023a20f5b62a19461029a,,False,not verified
filesystem,,wp-content/uploads/download-manager-files/Begruendung_BP_Kirchenfeld_3_Aend_20250710.pdf,https://www.gemeinde-merching.de/wp-content/uploads/download-manager-files/Begruendung_BP_Kirchenfeld_3_Aend_20250710.pdf,,True,536269,c13247edd787d80a743daa2aac5f025fb09452cb63f2cd6b9eeebde4c79c9c2a,2025,False,not verified
filesystem,,wp-content/uploads/download-manager-files/Bekanntmachung-Gebuehren-fuer-die-Benutzung-Obdachlosenunterkuenftepdf.pdf,https://www.gemeinde-merching.de/wp-content/uploads/download-manager-files/Bekanntmachung-Gebuehren-fuer-die-Benutzung-Obdachlosenunterkuenftepdf.pdf,,True,386322,6f27e908cf1b4aaa840035218a7edc5f2b5fe58fd3d9f9c3d2f26c92ed150d72,,False,not verified
filesystem,,wp-content/uploads/download-manager-files/Rama-Dama-2023-Rathaus.pdf,https://www.gemeinde-merching.de/wp-content/uploads/download-manager-files/Rama-Dama-2023-Rathaus.pdf,,True,274882,009a9627463fe52a297c86813cd334d7dc782f46d74ca26f38c08e276ae0fecb,2023,False,not verified
filesystem,,wp-content/uploads/download-manager-files/1740068696wpdm_Aushang-Homepage.pdf,https://www.gemeinde-merching.de/wp-content/uploads/download-manager-files/1740068696wpdm_Aushang-Homepage.pdf,,True,97622,3d0fd56b309d4e6e03b4e51efbcdf2b6f143155c04ac8f13b440df6bd0810a13,,False,not verified
filesystem,,wp-content/uploads/download-manager-files/BP-Nr.-39-PV-Merching-zusammenfassende-Erklaerung.pdf,https://www.gemeinde-merching.de/wp-content/uploads/download-manager-files/BP-Nr.-39-PV-Merching-zusammenfassende-Erklaerung.pdf,,True,1653494,fe47291e961a69a4764e4f9ae96810d7e01e7764cdbcfed65dd0889b3066fe91,,False,not verified
filesystem,,wp-content/uploads/download-manager-files/1713433166wpdm_Informationen-zur-Wahlwerbung_Europawahl_2024.pdf,https://www.gemeinde-merching.de/wp-content/uploads/download-manager-files/1713433166wpdm_Informationen-zur-Wahlwerbung_Europawahl_2024.pdf,,True,138940,c20c468be0edf48a45fa610ec26185206c0985456a384709389001117bbb9a4c,2024,False,not verified
filesystem,,wp-content/uploads/download-manager-files/1731597404wpdm_Strassenreinigung-Herbst-2024.pdf,https://www.gemeinde-merching.de/wp-content/uploads/download-manager-files/1731597404wpdm_Strassenreinigung-Herbst-2024.pdf,,True,95586,f1f36a1e81e5057c9bb0e237fb53c2139183e19e8627bfa2747876b4c2003eae,2024,False,not verified
filesystem,,wp-content/uploads/download-manager-files/Gemeindekurier-Weihnachten-2025-f.-Homepage.pdf,https://www.gemeinde-merching.de/wp-content/uploads/download-manager-files/Gemeindekurier-Weihnachten-2025-f.-Homepage.pdf,,True,1662816,e91eeaa57b3a58311a6fab56cbca788241ef373670167439a9432d60164cd0b8,2025,False,not verified
filesystem,,wp-content/uploads/download-manager-files/Bekanntmachung-der-zugelassenen-Wahlvorschlaege-GR-Teil2-2.pdf,https://www.gemeinde-merching.de/wp-content/uploads/download-manager-files/Bekanntmachung-der-zugelassenen-Wahlvorschlaege-GR-Teil2-2.pdf,,True,1837243,fe26124e6e6ee5ec2f3d49b4090f5883420676c52ea681a217865942f58810c7,,False,not verified
filesystem,,wp-content/uploads/download-manager-files/0-HH-Deckblatt.pdf,https://www.gemeinde-merching.de/wp-content/uploads/download-manager-files/0-HH-Deckblatt.pdf,,True,20026,e6eef046cac57ec8d25d2de1aa873c7f2b412f026b6ce6e95c82a2325b7de7d2,,False,not verified
filesystem,,wp-content/uploads/download-manager-files/1762446036wpdm_November-2025-Anlage.pdf,https://www.gemeinde-merching.de/wp-content/uploads/download-manager-files/1762446036wpdm_November-2025-Anlage.pdf,,True,610394,6df9ad3ffe8b572ee7db56d2b685bf3c5d51b2cf47716217acef8abe1e59bb07,2025,False,not verified
filesystem,,wp-content/uploads/download-manager-files/OeffentlBekanntmachung_GR6_20.06.24.pdf,https://www.gemeinde-merching.de/wp-content/uploads/download-manager-files/OeffentlBekanntmachung_GR6_20.06.24.pdf,,True,133798,0930c83ea53995d0f6f8f73b98ad242a32729af3f803359fff0b20488d7be0c8,,False,not verified
filesystem,,wp-content/uploads/download-manager-files/Bekanntmachung_Geschaeftsordnung_Homepage.pdf,https://www.gemeinde-merching.de/wp-content/uploads/download-manager-files/Bekanntmachung_Geschaeftsordnung_Homepage.pdf,,True,115730,3fe1f242908a4785bfecb42c055c675aff6412807e8cd1600c72c1cb1de98308,,False,not verified
filesystem,,wp-content/uploads/download-manager-files/Flyer_DVS_Schoeffenwahl_sw23.pdf,https://www.gemeinde-merching.de/wp-content/uploads/download-manager-files/Flyer_DVS_Schoeffenwahl_sw23.pdf,,True,519874,cdd0d4536a746490384c06208228e177785b0304d7d83e45a765ca9529fc4b43,,False,not verified
filesystem,,wp-content/uploads/download-manager-files/8.-Aenderung-FNP-Datenschutzinformationspflicht.pdf,https://www.gemeinde-merching.de/wp-content/uploads/download-manager-files/8.-Aenderung-FNP-Datenschutzinformationspflicht.pdf,,True,1559175,bcd6799e9dd25debf505806f28a69e65879d499af595f473b15ade2de914c2e4,,False,not verified
filesystem,,wp-content/uploads/download-manager-files/1_Aenderung_BP_26_Begruendung_2023-01-19.pdf,https://www.gemeinde-merching.de/wp-content/uploads/download-manager-files/1_Aenderung_BP_26_Begruendung_2023-01-19.pdf,,True,393411,aeb8988faccefc086a28c408284f9e35e5bbffa2ee9582e4ae7d5a3101db3496,2023,False,not verified
filesystem,,wp-content/uploads/download-manager-files/Bekanntmachung-Auflegung-der-Vorschlagsliste.pdf,https://www.gemeinde-merching.de/wp-content/uploads/download-manager-files/Bekanntmachung-Auflegung-der-Vorschlagsliste.pdf,,True,144833,4906819932debae70879a974f6c8bc02728050b560a85e0b8b8c790be713c49e,,False,not verified
filesystem,,wp-content/uploads/download-manager-files/8_Aend_FNP_Steinach_Ost_Begruendung_Entwurf_20231214.pdf,https://www.gemeinde-merching.de/wp-content/uploads/download-manager-files/8_Aend_FNP_Steinach_Ost_Begruendung_Entwurf_20231214.pdf,,True,1021304,8cc56f5b54a282ca5c297e5e7d8ab95b50e6599068b4ffd02519704ac19dd6ea,2023,False,not verified
filesystem,,wp-content/uploads/download-manager-files/oeffentl.-Bekanntmachung_GR14.09.23.pdf,https://www.gemeinde-merching.de/wp-content/uploads/download-manager-files/oeffentl.-Bekanntmachung_GR14.09.23.pdf,,True,134973,a8c76d69249ee9c2451960c0d667f0343eea1c8e74633ac7729fdd359c25d4eb,,False,not verified
filesystem,,wp-content/uploads/download-manager-files/Flyer-Kinderdisco-2025.pdf,https://www.gemeinde-merching.de/wp-content/uploads/download-manager-files/Flyer-Kinderdisco-2025.pdf,,True,125398,ae9620d51a902cb53d345c515c236fda6a88397e5a99b33ee7a876fd3a73945c,2025,False,not verified
filesystem,,wp-content/uploads/download-manager-files/Oeffentl.-Bekanntmachung_GR16Mai24.pdf,https://www.gemeinde-merching.de/wp-content/uploads/download-manager-files/Oeffentl.-Bekanntmachung_GR16Mai24.pdf,,True,130794,98720de1fb76ff1336db89c3d60feca27cd9bda35c10e756372b214f7da81995,,False,not verified
filesystem,,wp-content/uploads/download-manager-files/eingereichte-Wahlvorschlaege-BGM.pdf,https://www.gemeinde-merching.de/wp-content/uploads/download-manager-files/eingereichte-Wahlvorschlaege-BGM.pdf,,True,2211652,3ee58e389c5665ac0a59e74a4a8f3a620e7513109d1c1eaf7cf9a30895d8c4fe,,False,not verified
filesystem,,wp-content/uploads/download-manager-files/Datenschutzrechtliche-Informationspflichten-nach-Art.-13-und-14-DSGVO-29.06.2023.pdf,https://www.gemeinde-merching.de/wp-content/uploads/download-manager-files/Datenschutzrechtliche-Informationspflichten-nach-Art.-13-und-14-DSGVO-29.06.2023.pdf,,True,892060,502317377dd9b1096c26ac7c0fded2fd0a52b39e21b99b7335a62f9dc79643d3,2023,False,not verified
filesystem,,wp-content/uploads/download-manager-files/Flyer-Jugenddisco-2025.pdf,https://www.gemeinde-merching.de/wp-content/uploads/download-manager-files/Flyer-Jugenddisco-2025.pdf,,True,206442,2e1fe65e4a22235652deb02ec848ed678154526a418b2be63b4933cd58c5c142,2025,False,not verified
filesystem,,wp-content/uploads/download-manager-files/oeffentliche-Bekanntmachung_GSVV24.01.2023.pdf,https://www.gemeinde-merching.de/wp-content/uploads/download-manager-files/oeffentliche-Bekanntmachung_GSVV24.01.2023.pdf,,True,115833,00e2b9688cad7230dabc15c18f4971043d1fba9d4d6b03480b89feed2ed6aa27,2023,False,not verified
filesystem,,wp-content/uploads/download-manager-files/Gemeindekurier-Sommer-2025-V1-PDF-fuer-Druckerei-Richter.pdf,https://www.gemeinde-merching.de/wp-content/uploads/download-manager-files/Gemeindekurier-Sommer-2025-V1-PDF-fuer-Druckerei-Richter.pdf,,True,1080940,5b9c999f4d8fa7a348b7c7a1b29489086356a5cdb04ffe27145440f765b086e8,2025,False,not verified
filesystem,,wp-content/uploads/download-manager-files/FNP-PV-Mandichosee_Teil-A_Planzeichnung-2023-10-26.pdf,https://www.gemeinde-merching.de/wp-content/uploads/download-manager-files/FNP-PV-Mandichosee_Teil-A_Planzeichnung-2023-10-26.pdf,,True,2693384,df7cca7b5a1a0ac83b1a83c6e5f5bf237cbc19ad722947b3ee38bf5ebc2c4af6,2023,False,not verified
filesystem,,wp-content/uploads/download-manager-files/BGS_EWS_2026-Homepage-NEU.pdf,https://www.gemeinde-merching.de/wp-content/uploads/download-manager-files/BGS_EWS_2026-Homepage-NEU.pdf,,True,189362,359da421f1d62b9d19f6d1c1297edc265ca58267b955d5e79d66df7f505ae930,2026,False,not verified
filesystem,,wp-content/uploads/download-manager-files/Planzeichnung_Vorentwurf_6_Aend_FNP_Merching_2023-01-19.pdf,https://www.gemeinde-merching.de/wp-content/uploads/download-manager-files/Planzeichnung_Vorentwurf_6_Aend_FNP_Merching_2023-01-19.pdf,,True,1443086,396d92a6e62bdb502a3782b17b17b3cb58cf84dedb6f9744be44e2361709b2b4,2023,False,not verified
filesystem,,wp-content/uploads/download-manager-files/BPlanNr35_Geruchsprognose_230714.pdf,https://www.gemeinde-merching.de/wp-content/uploads/download-manager-files/BPlanNr35_Geruchsprognose_230714.pdf,,True,3318700,ca4745806b100b3c41e156ba5f0774c6f695054fbca4d4743a75e122def83976,,False,not verified
filesystem,,wp-content/uploads/download-manager-files/1787207868wpdm_Friedhofs-und-Bestattungssatzung-ab-01.01.2027-Homepage.pdf,https://www.gemeinde-merching.de/wp-content/uploads/download-manager-files/1787207868wpdm_Friedhofs-und-Bestattungssatzung-ab-01.01.2027-Homepage.pdf,,True,297746,00872094066f7e59f3e262bbd43e36b30258b4e4746d5f1d5deab073b0a979a6,2027|2078,False,not verified
filesystem,,wp-content/uploads/download-manager-files/BP35_Steinach_Ost_Textteil_Entwurf_2023-12-14.pdf,https://www.gemeinde-merching.de/wp-content/uploads/download-manager-files/BP35_Steinach_Ost_Textteil_Entwurf_2023-12-14.pdf,,True,207887,177661623938c3440bf2259828f2497d43f242b14ad72a5d990f91cb545e0c23,2023,False,not verified
filesystem,,wp-content/uploads/download-manager-files/Oeffentl.Bekanntmachung_GR1_Jan24.pdf,https://www.gemeinde-merching.de/wp-content/uploads/download-manager-files/Oeffentl.Bekanntmachung_GR1_Jan24.pdf,,True,126997,1ed4ae074b3ab6db52519e28ee87e440d34ea8b9d57f3cdff1a90b51f24839ad,,False,not verified
filesystem,,wp-content/uploads/download-manager-files/1736245575wpdm_HH-Deckblatt-HH.pdf,https://www.gemeinde-merching.de/wp-content/uploads/download-manager-files/1736245575wpdm_HH-Deckblatt-HH.pdf,,True,8981,cfc9a1807668e8bc6240482123ae2f0708512cfeab5772da96f5e56dfa6b90d0,,False,not verified
filesystem,,wp-content/uploads/download-manager-files/1768291253wpdm_BP_Nr34_Oestl._der_Nebelhornstrasse_1Aend_Begruendung_20251211.pdf,https://www.gemeinde-merching.de/wp-content/uploads/download-manager-files/1768291253wpdm_BP_Nr34_Oestl._der_Nebelhornstrasse_1Aend_Begruendung_20251211.pdf,,True,412709,3c59ff6e49f0d20ad236987f9fcaacf98510b470908f92c076e71e3d27d55a15,2025,False,not verified
filesystem,,wp-content/uploads/download-manager-files/Amtsblatt-08a-2023Jahrg.-78-Nr.-08a.pdf,https://www.gemeinde-merching.de/wp-content/uploads/download-manager-files/Amtsblatt-08a-2023Jahrg.-78-Nr.-08a.pdf,,True,158428,2dde34ea664cbfe32c9e144d43022d4bccd04ff34d5c405541631d3816c38eec,2023,False,not verified
filesystem,,wp-content/uploads/download-manager-files/1680160897wpdm_Rama-Dama-Hochdorf.pdf,https://www.gemeinde-merching.de/wp-content/uploads/download-manager-files/1680160897wpdm_Rama-Dama-Hochdorf.pdf,,True,394644,e83dc099af088919d9bf34af4018c89dab7e070be002e5330059ecf28d15c59c,,False,not verified
filesystem,,wp-content/uploads/download-manager-files/B-Plan-Nr.-11-Datenschutzinformationspflicht.pdf,https://www.gemeinde-merching.de/wp-content/uploads/download-manager-files/B-Plan-Nr.-11-Datenschutzinformationspflicht.pdf,,True,1558973,011965d8b4682b5e8d1a131cbad4450b84c33fc6de4983b0404b580c2b30f101,,False,not verified
filesystem,,wp-content/uploads/download-manager-files/Bekanntmachung_Satzungsbeschluss_3_Aend_BP_Nr_11_Kirchenfeld_20250725.pdf,https://www.gemeinde-merching.de/wp-content/uploads/download-manager-files/Bekanntmachung_Satzungsbeschluss_3_Aend_BP_Nr_11_Kirchenfeld_20250725.pdf,,True,514337,1c4bddf799796c87890baec00d49c5bb612ce9f91f5cf46db48fb7c5d3c5d1d0,2025,False,not verified
filesystem,,wp-content/uploads/download-manager-files/Flyer-Merchinger-Ferienprogramm-2024-PDF-neu.pdf,https://www.gemeinde-merching.de/wp-content/uploads/download-manager-files/Flyer-Merchinger-Ferienprogramm-2024-PDF-neu.pdf,,True,493702,60050ad34309ec2c8ec0c502bda1147935e699b5333021bfcf645cd2b3208659,2024,False,not verified
filesystem,,wp-content/uploads/download-manager-files/BP35_Steinach_Ost_Textteil_20240620.pdf,https://www.gemeinde-merching.de/wp-content/uploads/download-manager-files/BP35_Steinach_Ost_Textteil_20240620.pdf,,True,207366,21cc0113dd9163305a6c1188b4a4917662836c2dc77314b79afb0f57f29d5a29,2024,False,not verified
filesystem,,wp-content/uploads/download-manager-files/Amtsblatt-02-2023Jahrg.-78-Nr.-02.pdf,https://www.gemeinde-merching.de/wp-content/uploads/download-manager-files/Amtsblatt-02-2023Jahrg.-78-Nr.-02.pdf,,True,499475,ebe332fdb0dfcd33f9ea199ab4ceef7877690f2b3e53a14503f41eff6409e590,2023,False,not verified
filesystem,,wp-content/uploads/download-manager-files/Nachhaltigkeitstag-2025_Plakat_A3.pdf,https://www.gemeinde-merching.de/wp-content/uploads/download-manager-files/Nachhaltigkeitstag-2025_Plakat_A3.pdf,,True,147660,5a85694486c1d7d69615f69e04a6cd06cce82e7dcaa3087f38d65c3a3714bdef,2025,False,not verified
filesystem,,wp-content/uploads/download-manager-files/1680160837wpdm_Rama-Dama-2023-Rathaus.pdf,https://www.gemeinde-merching.de/wp-content/uploads/download-manager-files/1680160837wpdm_Rama-Dama-2023-Rathaus.pdf,,True,274882,009a9627463fe52a297c86813cd334d7dc782f46d74ca26f38c08e276ae0fecb,2023,False,not verified
filesystem,,wp-content/uploads/download-manager-files/Bekanntm._ern_oeff_Ausl_3_Aend_BPNr11_Kirchenfeld_20250228.pdf,https://www.gemeinde-merching.de/wp-content/uploads/download-manager-files/Bekanntm._ern_oeff_Ausl_3_Aend_BPNr11_Kirchenfeld_20250228.pdf,,True,568119,2b134e80f3d1187096580571e2e4fe4f6d839e6c2480edaff8cfddbef5eef501,2025,False,not verified
filesystem,,wp-content/uploads/download-manager-files/Leseclub-Merching.pdf,https://www.gemeinde-merching.de/wp-content/uploads/download-manager-files/Leseclub-Merching.pdf,,True,725638,52bcccee654fad1a8618a4c5ff2764737d89f2791f41c244d6ea8fc4ad34341a,,False,not verified
filesystem,,wp-content/uploads/download-manager-files/8-HH-Anlagen.pdf,https://www.gemeinde-merching.de/wp-content/uploads/download-manager-files/8-HH-Anlagen.pdf,,True,84785,b0d045dea6282b875aea262b2c0843ac0a44733101fdc52a7d0a8ac82025ccec,,False,not verified
filesystem,,wp-content/uploads/download-manager-files/Bekanntmachung-Kostensatzung.pdf,https://www.gemeinde-merching.de/wp-content/uploads/download-manager-files/Bekanntmachung-Kostensatzung.pdf,,True,196251,d1991e355031f26ab357654e5c3868728597d189bdc090cf9b5747d7872ec082,,False,not verified
filesystem,,wp-content/uploads/download-manager-files/1736245894wpdm_HH-Anlagen.pdf,https://www.gemeinde-merching.de/wp-content/uploads/download-manager-files/1736245894wpdm_HH-Anlagen.pdf,,True,73305,baab8309fe59837813a2e95317cb545723de7588320c169f16559bcaeab2540e,,False,not verified
filesystem,,wp-content/uploads/download-manager-files/1753426789wpdm_B-Plan-Nr.-34-Datenschutzinformationspflicht.pdf,https://www.gemeinde-merching.de/wp-content/uploads/download-manager-files/1753426789wpdm_B-Plan-Nr.-34-Datenschutzinformationspflicht.pdf,,True,1559003,eac7ceee06fa5933522af94607ab45536608a924394f1a16833e9ac7d59a5b39,,False,not verified
filesystem,,wp-content/uploads/download-manager-files/Aufhebung_BP_Nr3a_Bekanntmachung_Satzungsbeschluss_20240129.pdf,https://www.gemeinde-merching.de/wp-content/uploads/download-manager-files/Aufhebung_BP_Nr3a_Bekanntmachung_Satzungsbeschluss_20240129.pdf,,True,553504,df1106211c745660e80c6886de45eb924b177c55f43ddc055a2d094c2d3cde75,2024,False,not verified
filesystem,,wp-content/uploads/download-manager-files/BP-PV-Merching_Begruendung-mit-Umweltbericht-Teil-C_07-29.06.2023.pdf,https://www.gemeinde-merching.de/wp-content/uploads/download-manager-files/BP-PV-Merching_Begruendung-mit-Umweltbericht-Teil-C_07-29.06.2023.pdf,,True,902125,06dcf1f7437a04fce5fc43df501d75a995bc081fdf8ecaffcc6875ee30417e87,2023,False,not verified
filesystem,,wp-content/uploads/download-manager-files/1685441615wpdm_Satzung-30.05.2023.pdf,https://www.gemeinde-merching.de/wp-content/uploads/download-manager-files/1685441615wpdm_Satzung-30.05.2023.pdf,,True,677983,81a9602951a4d47090e05bd57376487ed994f9a64e097a104e8d621159e5b5b5,2023,False,not verified
filesystem,,wp-content/uploads/download-manager-files/5.-Aenderung-FNP-PV-Merching-Teil-A_Planzeichnung.pdf,https://www.gemeinde-merching.de/wp-content/uploads/download-manager-files/5.-Aenderung-FNP-PV-Merching-Teil-A_Planzeichnung.pdf,,True,2671173,130e2d9cf8ec2a027d3076c7f0670fa92cfeabbd4d2213ad3cc6a0fb602b919e,,False,not verified
filesystem,,wp-content/uploads/download-manager-files/eingereichte-Wahlvorschlaege-GR.pdf,https://www.gemeinde-merching.de/wp-content/uploads/download-manager-files/eingereichte-Wahlvorschlaege-GR.pdf,,True,2137151,01a696980bcbb912dd07eab0d1b005acf12280f2d7fec008f3f16b56af93b58f,,False,not verified
filesystem,,wp-content/uploads/download-manager-files/Merchinger-Ramadama-2023-PDF.pdf,https://www.gemeinde-merching.de/wp-content/uploads/download-manager-files/Merchinger-Ramadama-2023-PDF.pdf,,True,4209568,6ede7e0ffa4d1a8983911eb96d81eff6d0cdf8d141f9dd0311d708b905857fa3,2023,False,not verified
filesystem,,wp-content/uploads/download-manager-files/Oeffentl.-Bekanntmachung_GR14Nov2024.pdf,https://www.gemeinde-merching.de/wp-content/uploads/download-manager-files/Oeffentl.-Bekanntmachung_GR14Nov2024.pdf,,True,128799,b5b3f120903bd85b6139cd451fd3e99dd6e9b2e90eaf2e9a1c2e06b9e971ecc6,2024,False,not verified
filesystem,,wp-content/uploads/download-manager-files/Bekanntmachung_Ratten_Mai24.pdf,https://www.gemeinde-merching.de/wp-content/uploads/download-manager-files/Bekanntmachung_Ratten_Mai24.pdf,,True,83123,abad2c0fc5a686a6203138c81bd7e84a37cd2a0b8a22467cbd2d6fdf92cdcfee,,False,not verified
filesystem,,wp-content/uploads/download-manager-files/1762445713wpdm_November-2025-Anlage.pdf,https://www.gemeinde-merching.de/wp-content/uploads/download-manager-files/1762445713wpdm_November-2025-Anlage.pdf,,True,610394,6df9ad3ffe8b572ee7db56d2b685bf3c5d51b2cf47716217acef8abe1e59bb07,2025,False,not verified
filesystem,,wp-content/uploads/download-manager-files/PV-Merching_Kartierung-2023-04-27-29.06.2023.pdf,https://www.gemeinde-merching.de/wp-content/uploads/download-manager-files/PV-Merching_Kartierung-2023-04-27-29.06.2023.pdf,,True,60897,df4e2d3911baacbe4f8d2fc36c0a4f8b6bc09df4782b9037c2d9b308082e8f93,2023,False,not verified
filesystem,,wp-content/uploads/download-manager-files/BP_Nr34_Oestl._der_Nebelhornstrasse_1Aend_Begruendung_20251211.pdf,https://www.gemeinde-merching.de/wp-content/uploads/download-manager-files/BP_Nr34_Oestl._der_Nebelhornstrasse_1Aend_Begruendung_20251211.pdf,,True,412709,3c59ff6e49f0d20ad236987f9fcaacf98510b470908f92c076e71e3d27d55a15,2025,False,not verified
filesystem,,wp-content/uploads/download-manager-files/BP37-suedl.-Nebelhornstr.-Bekanntmachung-Satzungsbeschluss-.pdf,https://www.gemeinde-merching.de/wp-content/uploads/download-manager-files/BP37-suedl.-Nebelhornstr.-Bekanntmachung-Satzungsbeschluss-.pdf,,True,941142,5dd40f5276f7e74c5966ece2df33e13c65c1ae193b994264763af2768d4769f5,,False,not verified
filesystem,,wp-content/uploads/download-manager-files/Artenschutz-Relevanzpruefung-23-02-10.pdf,https://www.gemeinde-merching.de/wp-content/uploads/download-manager-files/Artenschutz-Relevanzpruefung-23-02-10.pdf,,True,1535691,90dc2a87d351403295e251e09db1c09a69f56f6c88744dbab0118a3f402a5817,,False,not verified
filesystem,,wp-content/uploads/download-manager-files/Gemeindekurier-November-2025.pdf,https://www.gemeinde-merching.de/wp-content/uploads/download-manager-files/Gemeindekurier-November-2025.pdf,,True,798574,ee38dc476199920aa661c59569223a32dac2a49411e7ca04c31934d03a8d29a3,2025,False,not verified
filesystem,,wp-content/uploads/download-manager-files/oeffentl.Bekanntmachung-GSVV28.11.23.pdf,https://www.gemeinde-merching.de/wp-content/uploads/download-manager-files/oeffentl.Bekanntmachung-GSVV28.11.23.pdf,,True,115745,1f8b1f7d2d90a9b5aeb3afc18bef85e3f6a9b6b2efec5dd0eb968976e99ba617,,False,not verified
filesystem,,wp-content/uploads/download-manager-files/HH-Deckblatt-HH.pdf,https://www.gemeinde-merching.de/wp-content/uploads/download-manager-files/HH-Deckblatt-HH.pdf,,True,8949,a00494443356d59b0f3260277a5fcd7b40a4d3aa30af060bd0ab4d54b3108fd0,,False,not verified
filesystem,,wp-content/uploads/download-manager-files/Bekanntmachung_Satzung-Gemeindeverfassungsrechts_Homepage.pdf,https://www.gemeinde-merching.de/wp-content/uploads/download-manager-files/Bekanntmachung_Satzung-Gemeindeverfassungsrechts_Homepage.pdf,,True,115745,0b98be66cde35c57786bbd6c6e790ca1ba0bb867fcc5170b4a8ca035ad9c44ae,,False,not verified
filesystem,,wp-content/uploads/download-manager-files/OeffentlBekanntmachung_GR9_17Okt24.pdf,https://www.gemeinde-merching.de/wp-content/uploads/download-manager-files/OeffentlBekanntmachung_GR9_17Okt24.pdf,,True,130105,56c1ef15fb3dd281d04086eab17388f003967f30e9084317115883fb8c741bdd,,False,not verified
filesystem,,wp-content/uploads/download-manager-files/Bekanntmachung-31-01-2023.pdf,https://www.gemeinde-merching.de/wp-content/uploads/download-manager-files/Bekanntmachung-31-01-2023.pdf,,True,406559,9c3e4730fa7a80b312defe8090fb482fa8b2ab291ee1ef23a8edc32ea5b19fbb,2023,False,not verified
filesystem,,wp-content/uploads/download-manager-files/Faschingsdienstag-nachmittag-WSST-geschlossen_2025.pdf,https://www.gemeinde-merching.de/wp-content/uploads/download-manager-files/Faschingsdienstag-nachmittag-WSST-geschlossen_2025.pdf,,True,24588,faa09fcc0e84aa46d50f75da0f12fe834b421d320d1245a1b24db65ca4592ae8,2025,False,not verified
filesystem,,wp-content/uploads/download-manager-files/Bekanntmachung-der-zugelassenen-Wahlvorschlaege-GR-Teil2-3_.pdf,https://www.gemeinde-merching.de/wp-content/uploads/download-manager-files/Bekanntmachung-der-zugelassenen-Wahlvorschlaege-GR-Teil2-3_.pdf,,True,3796053,166d9f2b74316a2e2609421fe6161bcd4c0038c32c327e0dd320e40690fed985,,False,not verified
filesystem,,wp-content/uploads/download-manager-files/Amtsblatt-08b-2023Jahrg.-78-Nr.-08b.pdf,https://www.gemeinde-merching.de/wp-content/uploads/download-manager-files/Amtsblatt-08b-2023Jahrg.-78-Nr.-08b.pdf,,True,262389,fa60528a7886e1644a4ea8f25bcdd7635d000b32ba2b2e8eb2d50e9aec02016c,2023,False,not verified
filesystem,,wp-content/uploads/download-manager-files/2-HH-Haushaltssatzung.pdf,https://www.gemeinde-merching.de/wp-content/uploads/download-manager-files/2-HH-Haushaltssatzung.pdf,,True,106486,c5e77ffeeb38416eb00090a86f715e2ee7bb86158966598fa707e1748170a4aa,,True,not verified
filesystem,,wp-content/uploads/download-manager-files/Spielplatzsatzung-ab-09.08.2025.pdf,https://www.gemeinde-merching.de/wp-content/uploads/download-manager-files/Spielplatzsatzung-ab-09.08.2025.pdf,,True,157751,816a4eae32de71ef2b4eb463aff75573d3bde0d81956dd2e24436c8c1c8cc4f5,2025,False,not verified
filesystem,,wp-content/uploads/download-manager-files/Jugenddisco_Flyer_03_2024.pdf,https://www.gemeinde-merching.de/wp-content/uploads/download-manager-files/Jugenddisco_Flyer_03_2024.pdf,,True,217720,10889534c4153e81a7775be6cdcc088bc11a3b0c34b6ab1c4aa958d4222ab257,2024,False,not verified
filesystem,,wp-content/uploads/download-manager-files/Kreistagswahl-Bekanntmachung-Zugelassene-Wahlvorschlaege_Anl_14_T2.pdf,https://www.gemeinde-merching.de/wp-content/uploads/download-manager-files/Kreistagswahl-Bekanntmachung-Zugelassene-Wahlvorschlaege_Anl_14_T2.pdf,,True,237887,c245808cb87ceb2632fc5f323dd41c8e5a1da5e387e7492fa3f42cd83d76f0cc,,False,not verified
filesystem,,wp-content/uploads/download-manager-files/Flyer-Vereinsforum-2025-2.-HJ-Version-EK.pdf,https://www.gemeinde-merching.de/wp-content/uploads/download-manager-files/Flyer-Vereinsforum-2025-2.-HJ-Version-EK.pdf,,True,1582055,38bd4c97fc550a5efd410ad09bb9ab2667315c16c0d76641df01e375f20afe7d,2025,False,not verified
filesystem,,wp-content/uploads/download-manager-files/4-HH-Darlehen.pdf,https://www.gemeinde-merching.de/wp-content/uploads/download-manager-files/4-HH-Darlehen.pdf,,True,200332,40182a3a8534098ccc5792bd2cedf64b65d2169789bcccbd22963f8c369e0ea0,,False,not verified
filesystem,,wp-content/uploads/download-manager-files/Bestattungsgebuehrensatzung-ab-01.01.2027-_Homepage.pdf,https://www.gemeinde-merching.de/wp-content/uploads/download-manager-files/Bestattungsgebuehrensatzung-ab-01.01.2027-_Homepage.pdf,,True,327834,0ca20b09a840fba66a137bea5e11d029d8440991786adfae6f3408a7d7a4264d,2027,False,not verified
filesystem,,wp-content/uploads/download-manager-files/Bekanntmachung-ueber-Wahlkreisvorschlaege.pdf,https://www.gemeinde-merching.de/wp-content/uploads/download-manager-files/Bekanntmachung-ueber-Wahlkreisvorschlaege.pdf,,True,99889,2f306c747ba4c14583c395489769d5318edac049de7a198cd7f1c98c4cc48ddc,,False,not verified
filesystem,,wp-content/uploads/download-manager-files/Aushang.pdf,https://www.gemeinde-merching.de/wp-content/uploads/download-manager-files/Aushang.pdf,,True,34713,ddee2a62c73e52674b5e22db68f3a4613c4e97f2b6a289e43677b0bd1566a9eb,,False,not verified
filesystem,,wp-content/uploads/download-manager-files/1747290899wpdm_BP35_Geruchsprognose_230714.pdf,https://www.gemeinde-merching.de/wp-content/uploads/download-manager-files/1747290899wpdm_BP35_Geruchsprognose_230714.pdf,,True,3318700,ca4745806b100b3c41e156ba5f0774c6f695054fbca4d4743a75e122def83976,,False,not verified
filesystem,,wp-content/uploads/download-manager-files/1693901378wpdm_Amtsblatt-08-2023Jahrg.-78-Nr.-08.pdf,https://www.gemeinde-merching.de/wp-content/uploads/download-manager-files/1693901378wpdm_Amtsblatt-08-2023Jahrg.-78-Nr.-08.pdf,,True,407535,feee7188f902fa64a85bcac25474f7a61ad4c9c4f85489c094e9466455ba1b8a,2023,False,not verified
filesystem,,wp-content/uploads/download-manager-files/BP35_Geruchsprognose_230714.pdf,https://www.gemeinde-merching.de/wp-content/uploads/download-manager-files/BP35_Geruchsprognose_230714.pdf,,True,3318700,ca4745806b100b3c41e156ba5f0774c6f695054fbca4d4743a75e122def83976,,False,not verified
filesystem,,wp-content/uploads/download-manager-files/5.-Aend.-Flaechennutzunngs-u.-Landschaftsplan-u.-Aufstell.-d.-vorhabensbez.-BP-Nr.-39-SG-Photovoltaikanl.-oestl.-der-Schmiechach.pdf,https://www.gemeinde-merching.de/wp-content/uploads/download-manager-files/5.-Aend.-Flaechennutzunngs-u.-Landschaftsplan-u.-Aufstell.-d.-vorhabensbez.-BP-Nr.-39-SG-Photovoltaikanl.-oestl.-der-Schmiechach.pdf,,True,1344547,b6d4c16c021bbd41ae48403d72dcef6958bf4de5543dd1510dc1be62d1ca8f4f,,False,not verified
filesystem,,wp-content/uploads/download-manager-files/oeffentl.BekanntmachungGR_26.10.23.pdf,https://www.gemeinde-merching.de/wp-content/uploads/download-manager-files/oeffentl.BekanntmachungGR_26.10.23.pdf,,True,86664,89b975e42830390742b307634fe578ba1b0e3be17fb6ea6633a96ddf6460cd81,,False,not verified
filesystem,,wp-content/uploads/download-manager-files/Bekanntmachung-Einsicht-in-das-Waehlerverzeichnis.pdf,https://www.gemeinde-merching.de/wp-content/uploads/download-manager-files/Bekanntmachung-Einsicht-in-das-Waehlerverzeichnis.pdf,,True,125496,2c05e50079512b304d7ea2de7bb3dc61657882e1aa8e5005e20b16a7f9ff31af,,False,not verified
filesystem,,wp-content/uploads/download-manager-files/Bekanntmachung_oeff_Ausl_BP_Nr34_Oestlich_der_Nebelhornstrasse_1Aend_20250725.pdf,https://www.gemeinde-merching.de/wp-content/uploads/download-manager-files/Bekanntmachung_oeff_Ausl_BP_Nr34_Oestlich_der_Nebelhornstrasse_1Aend_20250725.pdf,,True,564756,ee8e63f8f2354a3a123cdf148df24c7c81e8e65eb7f567d890ab7bff1e146cce,2025,False,not verified
filesystem,,wp-content/uploads/download-manager-files/Kinderdisco_Flyer_03_2024.pdf,https://www.gemeinde-merching.de/wp-content/uploads/download-manager-files/Kinderdisco_Flyer_03_2024.pdf,,True,234296,0d65421a2cc710a0cdda8631029a727d49a4e12c9d81b0ba4568251be430d03b,2024,False,not verified
filesystem,,wp-content/uploads/download-manager-files/Aushang-Homepage.pdf,https://www.gemeinde-merching.de/wp-content/uploads/download-manager-files/Aushang-Homepage.pdf,,True,138328,e058eb490ba19088c98594651c2fc204011956b3a8969e00935a23bc9ec79364,,False,not verified
filesystem,,wp-content/uploads/download-manager-files/Textteil_BPNr36_Freizeitanlage_Bauhof_2023-01-19.pdf,https://www.gemeinde-merching.de/wp-content/uploads/download-manager-files/Textteil_BPNr36_Freizeitanlage_Bauhof_2023-01-19.pdf,,True,366175,196c6f9ba7cf9d19e804b65f926adaae819de5b857fc80e4e5b90629034c753d,2023,False,not verified
filesystem,,wp-content/uploads/download-manager-files/Plakatierungsverordnung.pdf,https://www.gemeinde-merching.de/wp-content/uploads/download-manager-files/Plakatierungsverordnung.pdf,,True,2128374,9e0147abc6f5f2c96885439d528f0edc036425679fc5dc8b328e2c01f12cf2c6,,False,not verified
filesystem,,wp-content/uploads/download-manager-files/1.-Aenderung-B-Plan-Nr.-34-Datenschutzinformationspflicht.pdf,https://www.gemeinde-merching.de/wp-content/uploads/download-manager-files/1.-Aenderung-B-Plan-Nr.-34-Datenschutzinformationspflicht.pdf,,True,1559065,686f755cee14c8f04a2e00c64d5b7cb1e8521be7451970c1c341798f0e31aaab,,False,not verified
filesystem,,wp-content/uploads/download-manager-files/BP34_Oestl_Nebelhornstrasse_Textteil_Entwurf_2023-12-14.pdf,https://www.gemeinde-merching.de/wp-content/uploads/download-manager-files/BP34_Oestl_Nebelhornstrasse_Textteil_Entwurf_2023-12-14.pdf,,True,880216,ce0419ccabdcd67ef375261fc38045c7642406f1bbcc61f591c401ff329a6766,2023,False,not verified
filesystem,,wp-content/uploads/download-manager-files/HH-Haushaltssatzung.pdf,https://www.gemeinde-merching.de/wp-content/uploads/download-manager-files/HH-Haushaltssatzung.pdf,,True,64231,7620b47126a3bcb46d000151aaf627e93e99dfce2692ac989ddeaa53b66fe8db,,True,not verified
filesystem,,wp-content/uploads/download-manager-files/oeffentl.-Bekanntmachung_GR16.03.23.pdf,https://www.gemeinde-merching.de/wp-content/uploads/download-manager-files/oeffentl.-Bekanntmachung_GR16.03.23.pdf,,True,128250,cd76b016485767dbb23d087a9e35b1cea7a2d83c2242d02df122cd4a2aba2de3,,False,not verified
filesystem,,wp-content/uploads/download-manager-files/Pruefberichrt-Trinkwasser-2024.pdf,https://www.gemeinde-merching.de/wp-content/uploads/download-manager-files/Pruefberichrt-Trinkwasser-2024.pdf,,True,848714,eeb9f42b22f1989d6bdc0b339159f2b8506809564c0caa9e5d408557bb81d6e7,2024,False,not verified
filesystem,,wp-content/uploads/download-manager-files/Sitzung-des-Wahlausschusses-zur-Feststellung-der-Wahlergebnisse_Homepage.pdf,https://www.gemeinde-merching.de/wp-content/uploads/download-manager-files/Sitzung-des-Wahlausschusses-zur-Feststellung-der-Wahlergebnisse_Homepage.pdf,,True,2929519,6a25cdf57d29dc6ee7316711a2c5c22ad6f813f7b97ccdbef11c1cd41c4575c5,,False,not verified
filesystem,,wp-content/uploads/download-manager-files/Begruendung_Vorentwurf_2023-01-19.pdf,https://www.gemeinde-merching.de/wp-content/uploads/download-manager-files/Begruendung_Vorentwurf_2023-01-19.pdf,,True,904846,0e2bd196463d7ab616f12c2ed4c15b8f2dd093b3602f42b869ad7c174989eef5,2023,False,not verified
filesystem,,wp-content/uploads/download-manager-files/Begruendung_BPNr36_Freizeitanlage_Bauhof_2023-01-19ue.pdf,https://www.gemeinde-merching.de/wp-content/uploads/download-manager-files/Begruendung_BPNr36_Freizeitanlage_Bauhof_2023-01-19ue.pdf,,True,998657,3cd65f303d3c3d5f2746750a3f36e353b3948defa70579f66c22d101384c8e06,2023,False,not verified
filesystem,,wp-content/uploads/download-manager-files/Bekanntmachung-Satzungsbeschluss-B-Plan-Nr.-36-Freizeitanlage.pdf,https://www.gemeinde-merching.de/wp-content/uploads/download-manager-files/Bekanntmachung-Satzungsbeschluss-B-Plan-Nr.-36-Freizeitanlage.pdf,,True,933035,a9dba65f91c92a1e51b817e08abda0521a99cbbbcebf01b382555836b2b12f54,,False,not verified
filesystem,,wp-content/uploads/download-manager-files/Merchinger-Advent-Programm_25_bearbeitet_-Plakat-Schule-Merching-F.-Lubetzki.pdf,https://www.gemeinde-merching.de/wp-content/uploads/download-manager-files/Merchinger-Advent-Programm_25_bearbeitet_-Plakat-Schule-Merching-F.-Lubetzki.pdf,,True,717284,38530a7138dac40b132510a63609a85ed740f98a586e10fcf0aaf869fa771729,,False,not verified
filesystem,,wp-content/uploads/download-manager-files/Pressebericht-Landratsamt-Juni-2023-f.-Homepage.pdf,https://www.gemeinde-merching.de/wp-content/uploads/download-manager-files/Pressebericht-Landratsamt-Juni-2023-f.-Homepage.pdf,,True,158583,d913228fc24a13dac22630c5800ba32aff8ae04950a0f71b117eaac780d617a3,2023,False,not verified
filesystem,,wp-content/uploads/download-manager-files/BP_Nr34_Oestlich_der_Nebelhornstrasse_1Aend_Begruendung_Entwurf_20250710GR.pdf,https://www.gemeinde-merching.de/wp-content/uploads/download-manager-files/BP_Nr34_Oestlich_der_Nebelhornstrasse_1Aend_Begruendung_Entwurf_20250710GR.pdf,,True,409921,9a61f4e881c0f92b191bc826a559473025c310c23a752a0d54715eb9445c2386,2025,False,not verified
filesystem,,wp-content/uploads/download-manager-files/BP_Nr34_Oestlich_der_Nebelhornstrasse_1Aend_Textteil_m_VV_Entwurf_20250710GR.pdf,https://www.gemeinde-merching.de/wp-content/uploads/download-manager-files/BP_Nr34_Oestlich_der_Nebelhornstrasse_1Aend_Textteil_m_VV_Entwurf_20250710GR.pdf,,True,170228,3c7d1eb7f2108917b2e772151aa36e3bc0bfff92181d197cdd5f4e62d1bce558,2025,False,not verified
filesystem,,wp-content/uploads/download-manager-files/G-011_BTW2025_Wahlbekanntmachung.pdf,https://www.gemeinde-merching.de/wp-content/uploads/download-manager-files/G-011_BTW2025_Wahlbekanntmachung.pdf,,True,289280,41e0d174c7dd17a67c63610df32e47fcea5673cf0f798987901a128b1f48ed62,2025,False,not verified
filesystem,,wp-content/uploads/download-manager-files/plakat-.pdf,https://www.gemeinde-merching.de/wp-content/uploads/download-manager-files/plakat-.pdf,,True,66501,d72c0529d710f301cf3604f2987b8c67d98471595409ea48d61ae08f50fcce05,,False,not verified
filesystem,,wp-content/uploads/download-manager-files/1691747473wpdm_Bekanntmachung-Satzungsbeschluss.pdf,https://www.gemeinde-merching.de/wp-content/uploads/download-manager-files/1691747473wpdm_Bekanntmachung-Satzungsbeschluss.pdf,,True,943588,716258ffda8e4f63398676fa3dd1f9c89c241dae96d82d11731a7ff1a69c5516,,False,not verified
filesystem,,wp-content/uploads/download-manager-files/Antrag-Fahrkarte.pdf,https://www.gemeinde-merching.de/wp-content/uploads/download-manager-files/Antrag-Fahrkarte.pdf,,True,116296,74db8e3459571191ec2dad224277e738db3de5a50e9723ce59c7702dac8bd734,,False,not verified
filesystem,,wp-content/uploads/download-manager-files/G-010_BTW2025_Einsicht-in-das-WVZ.pdf,https://www.gemeinde-merching.de/wp-content/uploads/download-manager-files/G-010_BTW2025_Einsicht-in-das-WVZ.pdf,,True,7561546,91a56542d711d00c3ccf95acda64e808483519884c1c4be7c6a59540af203c0f,2025,False,not verified
filesystem,,wp-content/uploads/download-manager-files/BP34_Oestl_Nebelhornstrasse_Planzeichnung_Satzung_2024-06-20.pdf,https://www.gemeinde-merching.de/wp-content/uploads/download-manager-files/BP34_Oestl_Nebelhornstrasse_Planzeichnung_Satzung_2024-06-20.pdf,,True,1312878,cfca1ddb0ce6f623ae41fd77dd9cb58ab5f88c204e83351769abefc4b19b7fbd,2024,False,not verified
filesystem,,wp-content/uploads/download-manager-files/B-Plan-Nr.-34-Datenschutzinformationspflicht.pdf,https://www.gemeinde-merching.de/wp-content/uploads/download-manager-files/B-Plan-Nr.-34-Datenschutzinformationspflicht.pdf,,True,1559043,c7907c0947a622e85c5016a1d28a29ad7cb087ea70d4433dc84c3ae001ac2691,,False,not verified
filesystem,,wp-content/uploads/download-manager-files/Formblatt-Datenschutzinformationspflicht.pdf,https://www.gemeinde-merching.de/wp-content/uploads/download-manager-files/Formblatt-Datenschutzinformationspflicht.pdf,,True,1559134,2f72849d229c1d3ea4cbbeaf49255811d73cd8f1fd54b3512895fa8a11e2b81a,,False,not verified
filesystem,,wp-content/uploads/download-manager-files/Gemeindekurier-Ostern-2023-f.-Homepage.pdf,https://www.gemeinde-merching.de/wp-content/uploads/download-manager-files/Gemeindekurier-Ostern-2023-f.-Homepage.pdf,,True,1148176,cb8763994b3bbc2a2b8c74a918b4d1d545938a2dae12b3aa05299e19ebec91ab,2023,False,not verified
filesystem,,wp-content/uploads/download-manager-files/Aufhebung_BP_Nr3a_Begruendung_20231214.pdf,https://www.gemeinde-merching.de/wp-content/uploads/download-manager-files/Aufhebung_BP_Nr3a_Begruendung_20231214.pdf,,True,311711,2e5aa3c3222945b79bcbed9ab8488fe337b5459012bbe0fd996e68b666a544bc,2023,False,not verified
filesystem,,wp-content/uploads/download-manager-files/FNP-PV-Merching-Entwurf-Teil-A-29.06.2023.pdf,https://www.gemeinde-merching.de/wp-content/uploads/download-manager-files/FNP-PV-Merching-Entwurf-Teil-A-29.06.2023.pdf,,True,793024,3e29bb49b2d587dfbe68fdc40f02274875bb73f885276f81ec9e5ea828d5a9af,2023,False,not verified
filesystem,,wp-content/uploads/download-manager-files/Grundschulverbandsversammlung-18.06.24.pdf,https://www.gemeinde-merching.de/wp-content/uploads/download-manager-files/Grundschulverbandsversammlung-18.06.24.pdf,,True,66294,3895d1c27585f2e7857453c34bb0da7d0d654af4828520b9d9ee1c350835f9da,,False,not verified
filesystem,,wp-content/uploads/download-manager-files/Aufruf-fuer-Wahlhelfer-.pdf,https://www.gemeinde-merching.de/wp-content/uploads/download-manager-files/Aufruf-fuer-Wahlhelfer-.pdf,,True,166064,60b541d209ace970c2f94e06a55fd95d4fe6949e6758e3955c4ec7e8cb297565,,False,not verified
filesystem,,wp-content/uploads/download-manager-files/Oeffentl.-Bekanntmachung_GR_16.11.2023.pdf,https://www.gemeinde-merching.de/wp-content/uploads/download-manager-files/Oeffentl.-Bekanntmachung_GR_16.11.2023.pdf,,True,138015,737068a4bcd065267eb013d3d4c95a553e3c498d5116a6333bb1a5367c878006,2023,False,not verified
filesystem,,wp-content/uploads/download-manager-files/1736245596wpdm_HH-Inhaltsverzeichnis.pdf,https://www.gemeinde-merching.de/wp-content/uploads/download-manager-files/1736245596wpdm_HH-Inhaltsverzeichnis.pdf,,True,13064,758fb97a68ea3c7e338e1143b231a1372564d4ae734c25977991e4d6c86ebd00,,False,not verified
filesystem,,wp-content/uploads/download-manager-files/Netzwerk-Familie-AELF-Kurse.pdf,https://www.gemeinde-merching.de/wp-content/uploads/download-manager-files/Netzwerk-Familie-AELF-Kurse.pdf,,True,1526291,e101395740a7d4721ed440f29bd818966dcc4c3478b85dae4fab6d711838def0,,False,not verified
filesystem,,wp-content/uploads/download-manager-files/2024-1-HJ.pdf,https://www.gemeinde-merching.de/wp-content/uploads/download-manager-files/2024-1-HJ.pdf,,True,1582979,d6c7d2b3962004613736211589722e1bafee16c81a846dfcbfdbb6da09e89276,2024,False,not verified
filesystem,,wp-content/uploads/download-manager-files/OeffentlBekanntmachungBA31Okt24.pdf,https://www.gemeinde-merching.de/wp-content/uploads/download-manager-files/OeffentlBekanntmachungBA31Okt24.pdf,,True,123945,11784bdc5328611d5d701b83516f41b637d6056e5710ce3d1bc55de7420aa807,,False,not verified
filesystem,,wp-content/uploads/download-manager-files/Gemeindekurier-Sommer-2024-f.-Homepage.pdf,https://www.gemeinde-merching.de/wp-content/uploads/download-manager-files/Gemeindekurier-Sommer-2024-f.-Homepage.pdf,,True,1394093,acc70968b65dff30929ead92baf45fb00b5e9c2471624543710261577973e937,2024,False,not verified
filesystem,,wp-content/uploads/download-manager-files/1681206059wpdm_Aushang-Homepage.pdf,https://www.gemeinde-merching.de/wp-content/uploads/download-manager-files/1681206059wpdm_Aushang-Homepage.pdf,,True,139976,6f9a5b21d40a8a9e41368863202e509308a1459b4b76f9fc2524661fe7be37e4,2060,False,not verified
filesystem,,wp-content/uploads/download-manager-files/Merchinger-Rama-Dama-2026.pdf,https://www.gemeinde-merching.de/wp-content/uploads/download-manager-files/Merchinger-Rama-Dama-2026.pdf,,True,272121,016fc55082f8cd3ddcda477ffd8d4331ca4214b95199c50316f8290e741a67c8,2026,False,not verified
filesystem,,wp-content/uploads/download-manager-files/Gemeindekurier-Ostern-2025-endgueltig-f.-Homepage.pdf,https://www.gemeinde-merching.de/wp-content/uploads/download-manager-files/Gemeindekurier-Ostern-2025-endgueltig-f.-Homepage.pdf,,True,1002401,cbeddf63270010f2a58d75ab21bcd7e8242648b97a3018a89559056581fa2e8a,2025,False,not verified
filesystem,,wp-content/uploads/download-manager-files/Friedhofs-und-Bestattungssatzung-ab-01.01.2027-Homepage.pdf,https://www.gemeinde-merching.de/wp-content/uploads/download-manager-files/Friedhofs-und-Bestattungssatzung-ab-01.01.2027-Homepage.pdf,,True,313490,9a42e19b00993f678944c69a92f8c2e2800ff37b119a27b2a6db05b09a04bd69,2027,False,not verified
filesystem,,wp-content/uploads/download-manager-files/Schallschutztechnische-Untersuchung-Anlagen.pdf,https://www.gemeinde-merching.de/wp-content/uploads/download-manager-files/Schallschutztechnische-Untersuchung-Anlagen.pdf,,True,1700627,882eb45d383acae8ebfc942772332f66776286a23054a90a5a6f91cf2c1623df,,False,not verified
filesystem,,wp-content/uploads/download-manager-files/3-HH-Vorbericht.pdf,https://www.gemeinde-merching.de/wp-content/uploads/download-manager-files/3-HH-Vorbericht.pdf,,True,231152,a6e5013a91895218e81e527db296eaf2f621db681a116683ca4ea67d97f9d62f,,False,not verified
filesystem,,wp-content/uploads/download-manager-files/BP34_Oestl_Nebelhornstrasse_Begruendung_Entwurf_2023-12-14.pdf,https://www.gemeinde-merching.de/wp-content/uploads/download-manager-files/BP34_Oestl_Nebelhornstrasse_Begruendung_Entwurf_2023-12-14.pdf,,True,1118453,972409334e81fb174a16537fc230b42f6bd281cc66d19c9ce69f5317ce621897,2023,False,not verified
filesystem,,wp-content/uploads/download-manager-files/Vorkaufsrechtssatzung.pdf,https://www.gemeinde-merching.de/wp-content/uploads/download-manager-files/Vorkaufsrechtssatzung.pdf,,True,932934,4517b288837120f53475109ecdbb322c23d44b116d6d453f5ed1aaae72dd0f4f,,False,not verified
filesystem,,wp-content/uploads/download-manager-files/5.-Aenderung-FNP-PV-Schmiechach-zusammenfassende-Erklaerung.pdf,https://www.gemeinde-merching.de/wp-content/uploads/download-manager-files/5.-Aenderung-FNP-PV-Schmiechach-zusammenfassende-Erklaerung.pdf,,True,1663064,5a7006c33fc169d1067a5c5b42165e28360d2826aaf1b67d5f8d68a732a43bfc,,False,not verified
filesystem,,wp-content/uploads/download-manager-files/Bekanntmachung-Jugendschoeffenwahl-2023.pdf,https://www.gemeinde-merching.de/wp-content/uploads/download-manager-files/Bekanntmachung-Jugendschoeffenwahl-2023.pdf,,True,330003,08ee612944f597ae3b5fb1d1d4ddf8314760c906f61e7ddf1c52e4be9e0aa67e,2023,False,not verified
filesystem,,wp-content/uploads/download-manager-files/Plakat-2024-f.-Homepage.pdf,https://www.gemeinde-merching.de/wp-content/uploads/download-manager-files/Plakat-2024-f.-Homepage.pdf,,True,93014,752fb60c9d820ea99fbf9e541907cbf5373561c330579cd9cb2800700ab91e5f,2024,False,not verified
filesystem,,wp-content/uploads/download-manager-files/Plakat-2024-DIN-A4.pdf,https://www.gemeinde-merching.de/wp-content/uploads/download-manager-files/Plakat-2024-DIN-A4.pdf,,True,156407,287a96587dd3a901276b18b115d3113a67e4110b57d0999094fb49abd99bc7eb,2024,False,not verified
filesystem,,wp-content/uploads/download-manager-files/FNP-PV-Mandichosee_Teil-B_Begruendung-m.-Umweltbericht-2023-10-26.pdf,https://www.gemeinde-merching.de/wp-content/uploads/download-manager-files/FNP-PV-Mandichosee_Teil-B_Begruendung-m.-Umweltbericht-2023-10-26.pdf,,True,1414844,c07afddc2276a1a7243b32d4a60815fcf1128381041de8e2644393d6b7a31947,2023,False,not verified
filesystem,,wp-content/uploads/download-manager-files/1700725440wpdm_oeffentl.Bekanntmachung-GSVV28.11.23.pdf,https://www.gemeinde-merching.de/wp-content/uploads/download-manager-files/1700725440wpdm_oeffentl.Bekanntmachung-GSVV28.11.23.pdf,,True,115745,1f8b1f7d2d90a9b5aeb3afc18bef85e3f6a9b6b2efec5dd0eb968976e99ba617,,False,not verified
filesystem,,wp-content/uploads/download-manager-files/Amtsblatt-04-2023Jahrg.-78-Nr.-4a.pdf,https://www.gemeinde-merching.de/wp-content/uploads/download-manager-files/Amtsblatt-04-2023Jahrg.-78-Nr.-4a.pdf,,True,290829,0c36b3c3b18d6c7c09b0fe9548487a798550e1a4642d42bedd6295284d70447a,2023,False,not verified
filesystem,,wp-content/uploads/download-manager-files/Bekanntmachung-Plakatierungsverordnung.pdf,https://www.gemeinde-merching.de/wp-content/uploads/download-manager-files/Bekanntmachung-Plakatierungsverordnung.pdf,,True,43422,cf287c1cde86a3e27640e005949c65917580c5356dfda2a7d0a38df641691efa,,False,not verified
filesystem,,wp-content/uploads/download-manager-files/doc00268420240910131618.pdf,https://www.gemeinde-merching.de/wp-content/uploads/download-manager-files/doc00268420240910131618.pdf,,True,522916,49791878877c7eee046e133a7c75354a17c79538670a9b37678c9827efc4832e,2024,False,not verified
filesystem,,wp-content/uploads/download-manager-files/Rattenbekaempfung-_Sept.23_Bekanntmachung.pdf,https://www.gemeinde-merching.de/wp-content/uploads/download-manager-files/Rattenbekaempfung-_Sept.23_Bekanntmachung.pdf,,True,83157,0b1b58036c0b8b20e3240968a3309b58106ae1a1e0ff097672dc1954f7624102,,False,not verified
filesystem,,wp-content/uploads/download-manager-files/Bekanntmachung-der-Sitzung-des-Wahlausschusses-zur-Beschluss-ueber-eingereichten-Wahlvorschlaege.pdf,https://www.gemeinde-merching.de/wp-content/uploads/download-manager-files/Bekanntmachung-der-Sitzung-des-Wahlausschusses-zur-Beschluss-ueber-eingereichten-Wahlvorschlaege.pdf,,True,2072457,1d6c647ca886f7faccd70f43cf181b517441a6af5fdb4435396a941e975c8bf0,,False,not verified
filesystem,,wp-content/uploads/download-manager-files/Flyer-Merchinger-Ferienprogramm-2023-PDF.pdf,https://www.gemeinde-merching.de/wp-content/uploads/download-manager-files/Flyer-Merchinger-Ferienprogramm-2023-PDF.pdf,,True,12576484,199660c79342c2dab010eaea012252ad4b3935d537187b50d59d938123552c5b,2023,False,not verified
filesystem,,wp-content/uploads/download-manager-files/Amtsblatt-05-2023Jahrg.-78-Nr.-05.pdf,https://www.gemeinde-merching.de/wp-content/uploads/download-manager-files/Amtsblatt-05-2023Jahrg.-78-Nr.-05.pdf,,True,386721,7c369b51035b39d6f002c97b815f9b30e710adf31b966552b0d6ccbe017a6767,2023,False,not verified
filesystem,,wp-content/uploads/download-manager-files/BP37_Suedlich_der_Nebelhornstrasse_Plan_2023-01-19.pdf,https://www.gemeinde-merching.de/wp-content/uploads/download-manager-files/BP37_Suedlich_der_Nebelhornstrasse_Plan_2023-01-19.pdf,,True,866705,c4e108ef313e1ad54232eaa51a220c9ce9ac4b8a2b0a637719b21a9c3bcb5977,2023,False,not verified
filesystem,,wp-content/uploads/download-manager-files/BP-PV-Mandichosees-Fachbeitrag-Artenschutz.pdf,https://www.gemeinde-merching.de/wp-content/uploads/download-manager-files/BP-PV-Mandichosees-Fachbeitrag-Artenschutz.pdf,,True,2493347,24ef4260ebf6ad40ca2411bca03c1af58e780ba517be80e15a254f60a37af273,,False,not verified
filesystem,,wp-content/uploads/download-manager-files/Gemeindekurier-Weihnachten-2023-f.-Homepage.pdf,https://www.gemeinde-merching.de/wp-content/uploads/download-manager-files/Gemeindekurier-Weihnachten-2023-f.-Homepage.pdf,,True,1128188,8e0b5ddd65d6ec423c4e56c7a47deea0452449b2cce96621f3fc5744097e9317,2023,False,not verified
filesystem,,wp-content/uploads/download-manager-files/1698057852wpdm_oeffentl.BekanntmachungGR_26.10.23.pdf,https://www.gemeinde-merching.de/wp-content/uploads/download-manager-files/1698057852wpdm_oeffentl.BekanntmachungGR_26.10.23.pdf,,True,86664,89b975e42830390742b307634fe578ba1b0e3be17fb6ea6633a96ddf6460cd81,,False,not verified
filesystem,,wp-content/uploads/download-manager-files/Bekanntmachung.pdf,https://www.gemeinde-merching.de/wp-content/uploads/download-manager-files/Bekanntmachung.pdf,,True,93987,edb9782649f54e2c53a4c12ce2c6f0aa03747709bf7f72c120e7ad6d98699ba0,,False,not verified
filesystem,,wp-content/uploads/download-manager-files/Oeffentl_Bekanntmachung_GR18-04-24.pdf,https://www.gemeinde-merching.de/wp-content/uploads/download-manager-files/Oeffentl_Bekanntmachung_GR18-04-24.pdf,,True,131276,957d7fff702d58acea447c4307ca6ba819c1a972d6c1489de940aac7b8a7e98c,,False,not verified
filesystem,,wp-content/uploads/download-manager-files/Bekanntmachung-der-zugelassenen-Wahlvorschlaege-BGM-Homepage.pdf,https://www.gemeinde-merching.de/wp-content/uploads/download-manager-files/Bekanntmachung-der-zugelassenen-Wahlvorschlaege-BGM-Homepage.pdf,,True,2065416,8a110a02b74bd4a4388ce8f1f976ae8b3426cd6fd046d4b1c0dba1c554da8efb,,False,not verified
filesystem,,wp-content/uploads/download-manager-files/9-HH-VMH-Finanzplan.pdf,https://www.gemeinde-merching.de/wp-content/uploads/download-manager-files/9-HH-VMH-Finanzplan.pdf,,True,169955,3cb22d9c587ae80463d68b0c8de98b3d494f5227a26e51d206c6ab0609ab048b,,False,not verified
filesystem,,wp-content/uploads/download-manager-files/oeffentl.-Bekanntmachung_GR06072023.pdf,https://www.gemeinde-merching.de/wp-content/uploads/download-manager-files/oeffentl.-Bekanntmachung_GR06072023.pdf,,True,134573,edde2deac3fe975b6d1086b271b073e750793f3fb4bc8de503120d3eb1a49032,2023,False,not verified
filesystem,,wp-content/uploads/download-manager-files/Gemeindekurier-Weihnachten-2024-f.-Homepage.pdf,https://www.gemeinde-merching.de/wp-content/uploads/download-manager-files/Gemeindekurier-Weihnachten-2024-f.-Homepage.pdf,,True,1485081,2afdcea3c87d92c2b21caf13bcd3580664a6e5d7d746bb534b7c8ac043d9894b,2024,False,not verified
filesystem,,wp-content/uploads/download-manager-files/OeffentlBekanntmachungGR8Sep24.pdf,https://www.gemeinde-merching.de/wp-content/uploads/download-manager-files/OeffentlBekanntmachungGR8Sep24.pdf,,True,135014,bdd1e197c6475021a05bd948fb8101cb4f7bb1995003abba9951935a457008d8,,False,not verified
filesystem,,wp-content/uploads/download-manager-files/Planzeichnung_BPNr36_Freizeitanlage_Bauhof_2023-01-19.pdf,https://www.gemeinde-merching.de/wp-content/uploads/download-manager-files/Planzeichnung_BPNr36_Freizeitanlage_Bauhof_2023-01-19.pdf,,True,1205167,9f8b727aa4a1c1869768f2c501ea034e0036ea6c4e32b68e5997cc32b162a039,2023,False,not verified
filesystem,,wp-content/uploads/download-manager-files/Wahlbekanntmachung-zur-Europawahl.pdf,https://www.gemeinde-merching.de/wp-content/uploads/download-manager-files/Wahlbekanntmachung-zur-Europawahl.pdf,,True,526412,296301efd3aa84b5b911d64dfd937e2eb12b544ccdb180c42e0d32b2e096f47e,,False,not verified
filesystem,,wp-content/uploads/download-manager-files/OeffentlBekanntmachung_GR7_18Jul24.pdf,https://www.gemeinde-merching.de/wp-content/uploads/download-manager-files/OeffentlBekanntmachung_GR7_18Jul24.pdf,,True,130750,5a1a2f45807dd8e9511e07e980a87843de072e3e91b644c110d34d6fadb2998a,,False,not verified
filesystem,,wp-content/uploads/download-manager-files/Bekanntmachung-ueber-oeffentl.-Auflegung-der-Vorschlagsliste.pdf,https://www.gemeinde-merching.de/wp-content/uploads/download-manager-files/Bekanntmachung-ueber-oeffentl.-Auflegung-der-Vorschlagsliste.pdf,,True,144833,4906819932debae70879a974f6c8bc02728050b560a85e0b8b8c790be713c49e,,False,not verified
filesystem,,wp-content/uploads/download-manager-files/Rathaus-wegen-Brueckentag_2.10.2023.pdf,https://www.gemeinde-merching.de/wp-content/uploads/download-manager-files/Rathaus-wegen-Brueckentag_2.10.2023.pdf,,True,90861,14bfa0b0271924475033b1c6440fd8cc14b439aa4f55c9c41a6505bcf9184e1c,2023,False,not verified
filesystem,,wp-content/uploads/download-manager-files/1688033834wpdm_BP-PV-Merching-Planzeichnung-Teil-A-29.06.2023.pdf,https://www.gemeinde-merching.de/wp-content/uploads/download-manager-files/1688033834wpdm_BP-PV-Merching-Planzeichnung-Teil-A-29.06.2023.pdf,,True,451408,065eb0a29ab88f7ef83c670dcb26a30a791ff19dbd08d5a5e1c1e41ea88ed409,2023,False,not verified
filesystem,,wp-content/uploads/download-manager-files/Mikrozensus-2024.pdf,https://www.gemeinde-merching.de/wp-content/uploads/download-manager-files/Mikrozensus-2024.pdf,,True,502061,41efc15947c04e1f61e776f345b8978f0fbf6b4943bf48370c3bb6a0606de1cc,2024,False,not verified
filesystem,,wp-content/uploads/download-manager-files/Amtsblatt-02-2024Jahrg.-79-Nr.-02.pdf,https://www.gemeinde-merching.de/wp-content/uploads/download-manager-files/Amtsblatt-02-2024Jahrg.-79-Nr.-02.pdf,,True,274047,832ba4d780a0ce0d18ad455dba77e2f5e93d06f9212187deee3038bf9294f98f,2024,False,not verified
filesystem,,wp-content/uploads/download-manager-files/oeffentl.-Bekanntmachung_MSVV28.11.23.pdf,https://www.gemeinde-merching.de/wp-content/uploads/download-manager-files/oeffentl.-Bekanntmachung_MSVV28.11.23.pdf,,True,116246,e99d08ccc4564eb7fc3c8924e44d00225158490e7d4905077e77c9bea08f7ef7,,False,not verified
filesystem,,wp-content/uploads/download-manager-files/1683279278wpdm_Bekanntmachung-ueber-oeffentl.-Auflegung-der-Vorschlagsliste.pdf,https://www.gemeinde-merching.de/wp-content/uploads/download-manager-files/1683279278wpdm_Bekanntmachung-ueber-oeffentl.-Auflegung-der-Vorschlagsliste.pdf,,True,144833,4906819932debae70879a974f6c8bc02728050b560a85e0b8b8c790be713c49e,,False,not verified
filesystem,,wp-content/uploads/download-manager-files/175_2025_42_A_Mikrozensus_Halbzeit.pdf,https://www.gemeinde-merching.de/wp-content/uploads/download-manager-files/175_2025_42_A_Mikrozensus_Halbzeit.pdf,,True,197058,e45585f9669a94f0f340150b26ecb582fe2134277f06c5fcad4a81ce715985ea,2025,False,not verified
filesystem,,wp-content/uploads/download-manager-files/101112-2023-Programm-FSP-Sued.pdf,https://www.gemeinde-merching.de/wp-content/uploads/download-manager-files/101112-2023-Programm-FSP-Sued.pdf,,True,611110,271829f34f5c0ff77cffd62cae2e033cb63256713ccaf5293aec515b96e782fa,2023,False,not verified
filesystem,,wp-content/uploads/download-manager-files/BGS_WAS_Satzung_2022.pdf,https://www.gemeinde-merching.de/wp-content/uploads/download-manager-files/BGS_WAS_Satzung_2022.pdf,,True,4957219,8a4b70338b0ac256c760e6e57343256b8b1fe395c37a2b3e12473c9051a17f6f,2022,False,not verified
filesystem,,wp-content/uploads/download-manager-files/Planzeichnung_Entwurf_3_Aend_Kirchenfeld_2025-01-23.pdf,https://www.gemeinde-merching.de/wp-content/uploads/download-manager-files/Planzeichnung_Entwurf_3_Aend_Kirchenfeld_2025-01-23.pdf,,True,1620441,d6256b9f9f2c7e0ffcc213d126e4b1f621e75d867ed7dc2ab5d0b92d160b819d,2025,False,not verified
filesystem,,wp-content/uploads/download-manager-files/Heizung-entlueften-Hintergrundinfos-Schritt-fuer-Schritt-Anleitung-mit-Bildern.pdf,https://www.gemeinde-merching.de/wp-content/uploads/download-manager-files/Heizung-entlueften-Hintergrundinfos-Schritt-fuer-Schritt-Anleitung-mit-Bildern.pdf,,True,2695679,190401686fd75a7838f9515bd1cd96a4a05005d8d9f96b04b3d35facbad2d913,,False,not verified
filesystem,,wp-content/uploads/download-manager-files/Gemeindekurier-November-2023-f.-Homepage.pdf,https://www.gemeinde-merching.de/wp-content/uploads/download-manager-files/Gemeindekurier-November-2023-f.-Homepage.pdf,,True,1105097,d31f6e964b7fe308abf343883c5ea387211993c3202b34f8cd229c15301c7fce,2023,False,not verified
filesystem,,wp-content/uploads/download-manager-files/Rama-Dama-Hochdorf.pdf,https://www.gemeinde-merching.de/wp-content/uploads/download-manager-files/Rama-Dama-Hochdorf.pdf,,True,394644,e83dc099af088919d9bf34af4018c89dab7e070be002e5330059ecf28d15c59c,,False,not verified
filesystem,,wp-content/uploads/download-manager-files/1709650242wpdm_BP-Nr.-39-PV-Merching-zusammenfassende-Erklaerung.pdf,https://www.gemeinde-merching.de/wp-content/uploads/download-manager-files/1709650242wpdm_BP-Nr.-39-PV-Merching-zusammenfassende-Erklaerung.pdf,,True,1653494,fe47291e961a69a4764e4f9ae96810d7e01e7764cdbcfed65dd0889b3066fe91,,False,not verified
filesystem,,wp-content/uploads/download-manager-files/Bekanntmachung-der-zugelassenen-Wahlvorschlaege-GR-Teil2-1_.pdf,https://www.gemeinde-merching.de/wp-content/uploads/download-manager-files/Bekanntmachung-der-zugelassenen-Wahlvorschlaege-GR-Teil2-1_.pdf,,True,3770945,314d061909d712986a093dd7aca49ebe28ab9ef25c993f256728946f03d13447,,False,not verified
filesystem,,wp-content/uploads/download-manager-files/Bekanntmachung_oeff_Ausl_BP34_Oestl_Nebelhornstrasse_2024-01-26.pdf,https://www.gemeinde-merching.de/wp-content/uploads/download-manager-files/Bekanntmachung_oeff_Ausl_BP34_Oestl_Nebelhornstrasse_2024-01-26.pdf,,True,627335,d206155d05f2443228a7d1d257511d89c42c5f84601402ba228ed730778a9856,2024,False,not verified
filesystem,,wp-content/uploads/download-manager-files/23-02-10-Merching-Artenschutz-Relevanzpruefung-Entwurf.pdf,https://www.gemeinde-merching.de/wp-content/uploads/download-manager-files/23-02-10-Merching-Artenschutz-Relevanzpruefung-Entwurf.pdf,,True,1535691,90dc2a87d351403295e251e09db1c09a69f56f6c88744dbab0118a3f402a5817,,False,not verified
filesystem,,wp-content/uploads/download-manager-files/1768291132wpdm_1.-Aenderung-B-Plan-Nr.-34-Datenschutzinformationspflicht.pdf,https://www.gemeinde-merching.de/wp-content/uploads/download-manager-files/1768291132wpdm_1.-Aenderung-B-Plan-Nr.-34-Datenschutzinformationspflicht.pdf,,True,1559065,686f755cee14c8f04a2e00c64d5b7cb1e8521be7451970c1c341798f0e31aaab,,False,not verified
filesystem,,wp-content/uploads/download-manager-files/Zusammenfassende-Erklaerung.pdf,https://www.gemeinde-merching.de/wp-content/uploads/download-manager-files/Zusammenfassende-Erklaerung.pdf,,True,1174688,47b32f822cfabb1e68c9d39055d67a4e96c594390a9bea53a44ee90736c5ce4e,,False,not verified
filesystem,,wp-content/uploads/download-manager-files/1689056111wpdm_Stellenausschreibung-Bauhof-Bekanntmachung.pdf,https://www.gemeinde-merching.de/wp-content/uploads/download-manager-files/1689056111wpdm_Stellenausschreibung-Bauhof-Bekanntmachung.pdf,,True,45873,6ccba4257be734188352484c093615f613d853525d4eb69a135cb56e71dc5a54,,False,not verified
filesystem,,wp-content/uploads/download-manager-files/Gemeindekurier-Herbst-2024-f.-Homepage.pdf,https://www.gemeinde-merching.de/wp-content/uploads/download-manager-files/Gemeindekurier-Herbst-2024-f.-Homepage.pdf,,True,768884,f1a2fb10265e525b058f0984ae10ddb25453a0370e2482c9f68291677f0f34f4,2024,False,not verified
filesystem,,wp-content/uploads/download-manager-files/Oeffentl.-Bekanntmachung_GR-21.03.2024.pdf,https://www.gemeinde-merching.de/wp-content/uploads/download-manager-files/Oeffentl.-Bekanntmachung_GR-21.03.2024.pdf,,True,132455,5506c4a97fa870bb7965507723900e7498360b9851c005c995f18674e301fb4d,2024,False,not verified
filesystem,,wp-content/uploads/download-manager-files/1762445984wpdm_Gemeindekurier-November-2025.pdf,https://www.gemeinde-merching.de/wp-content/uploads/download-manager-files/1762445984wpdm_Gemeindekurier-November-2025.pdf,,True,798574,ee38dc476199920aa661c59569223a32dac2a49411e7ca04c31934d03a8d29a3,2025,False,not verified
filesystem,,wp-content/uploads/download-manager-files/Stromunterbrechung-Westendstrasse.pdf,https://www.gemeinde-merching.de/wp-content/uploads/download-manager-files/Stromunterbrechung-Westendstrasse.pdf,,True,148367,71993f5f5c9e203444d321a0a724f2ec3108e9983c6ff1267d397ed5f697c944,,False,not verified
filesystem,,wp-content/uploads/download-manager-files/Verordnung-der-Gemeinde-Merching-ueber-das-Anbringen-von-Anschlaegen-u.-Plakaten.pdf,https://www.gemeinde-merching.de/wp-content/uploads/download-manager-files/Verordnung-der-Gemeinde-Merching-ueber-das-Anbringen-von-Anschlaegen-u.-Plakaten.pdf,,True,748752,c364a0a53cf41c50be1ec4a47d01e551887ff0b277e71e11cbb49974c14a445b,,False,not verified
filesystem,,wp-content/uploads/download-manager-files/1736245870wpdm_HH-Stellenplan.pdf,https://www.gemeinde-merching.de/wp-content/uploads/download-manager-files/1736245870wpdm_HH-Stellenplan.pdf,,True,19372,b2d369fa27ab8196a00f86b639b9da23be7ef409be885cd35493260cabcc23ee,,False,not verified
filesystem,,wp-content/uploads/download-manager-files/Gemeindekurier-April-2023-f.-Homepage-neu.pdf,https://www.gemeinde-merching.de/wp-content/uploads/download-manager-files/Gemeindekurier-April-2023-f.-Homepage-neu.pdf,,True,488586,ba4b9776950b7aacde842f9599c97ba5491dc3dff310f89c5a5ce4a33912b390,2023,False,not verified
filesystem,,wp-content/uploads/download-manager-files/Stellenausschreibung-Bauhof-Bekanntmachung.pdf,https://www.gemeinde-merching.de/wp-content/uploads/download-manager-files/Stellenausschreibung-Bauhof-Bekanntmachung.pdf,,True,45873,6ccba4257be734188352484c093615f613d853525d4eb69a135cb56e71dc5a54,,False,not verified
filesystem,,wp-content/uploads/download-manager-files/015_2025_42_A_Mikrozensus.pdf,https://www.gemeinde-merching.de/wp-content/uploads/download-manager-files/015_2025_42_A_Mikrozensus.pdf,,True,146980,5c996158f39247fd37aa9cf73b9d4d04d69a024c6e78ce0928520efb955117d3,2025,False,not verified
filesystem,,wp-content/uploads/download-manager-files/oeffentliche-Bekanntmachung_GR_14122023.pdf,https://www.gemeinde-merching.de/wp-content/uploads/download-manager-files/oeffentliche-Bekanntmachung_GR_14122023.pdf,,True,142110,6adb2e926b738cb5f15223964ec69bfaf8436abf82191a96493e0b25d126809c,2023,False,not verified
filesystem,,wp-content/uploads/download-manager-files/Amtsblatt-07-2023Jahrg.-78-Nr.-07.pdf,https://www.gemeinde-merching.de/wp-content/uploads/download-manager-files/Amtsblatt-07-2023Jahrg.-78-Nr.-07.pdf,,True,235960,e8cc97d4c4c32df0ff114072e6a167f88c9a5a99c07903543e1cf24462f29d50,2023,False,not verified
filesystem,,wp-content/uploads/download-manager-files/Kreistagswahl-Bekanntmachung-Zugelassene-Wahlvorschlaege_Anl_14_T1.pdf,https://www.gemeinde-merching.de/wp-content/uploads/download-manager-files/Kreistagswahl-Bekanntmachung-Zugelassene-Wahlvorschlaege_Anl_14_T1.pdf,,True,152571,211b492ac4d51a411df3277f588af54b478ee9817c62297d559dab27e18db720,,False,not verified
filesystem,,wp-content/uploads/download-manager-files/Anmeldeformular-2024-1-HJ.pdf,https://www.gemeinde-merching.de/wp-content/uploads/download-manager-files/Anmeldeformular-2024-1-HJ.pdf,,True,153159,bf6984d2f9071c33ac37fc1c785c5255c2a5090ab1371c1e66e1e739b829b5ce,2024,False,not verified
filesystem,,wp-content/uploads/download-manager-files/BP35_Steinach_Ost_Bekanntmachung_Satzungsbeschluss.pdf,https://www.gemeinde-merching.de/wp-content/uploads/download-manager-files/BP35_Steinach_Ost_Bekanntmachung_Satzungsbeschluss.pdf,,True,397288,55395d47c43ee4c4565aa7911d5d1b489d6598a9549054d97d4858619379bd5a,,False,not verified
filesystem,,wp-content/uploads/download-manager-files/1706800483wpdm_BP35_Steinach_Ost_Planzeichnung_Entwurf_2023-12-14.pdf,https://www.gemeinde-merching.de/wp-content/uploads/download-manager-files/1706800483wpdm_BP35_Steinach_Ost_Planzeichnung_Entwurf_2023-12-14.pdf,,True,746275,f92ed4dc084b8c47b9773405db3237a72173cc81f859d2fe4354365d88fd99a6,2023,False,not verified
filesystem,,wp-content/uploads/download-manager-files/November-2025-Anlage.pdf,https://www.gemeinde-merching.de/wp-content/uploads/download-manager-files/November-2025-Anlage.pdf,,True,610394,6df9ad3ffe8b572ee7db56d2b685bf3c5d51b2cf47716217acef8abe1e59bb07,2025,False,not verified
filesystem,,wp-content/uploads/download-manager-files/Amtsblatt-12-2023Jahrg.-78-Nr.-12.pdf,https://www.gemeinde-merching.de/wp-content/uploads/download-manager-files/Amtsblatt-12-2023Jahrg.-78-Nr.-12.pdf,,True,154336,ab0329efdf734e0a5639a36e97fc524ed8f0b30822c9b1f95cb440b06bbed052,2023,False,not verified
filesystem,,wp-content/uploads/download-manager-files/Hebesatzsatzung_2025.pdf,https://www.gemeinde-merching.de/wp-content/uploads/download-manager-files/Hebesatzsatzung_2025.pdf,,True,430068,f35f81c296e422c459bc14fce66d3355e46ff115742165fbbc5616c8f9da7784,2025,False,not verified
filesystem,,wp-content/uploads/download-manager-files/Amtsblatt-10a-2023Jahrg.-78-Nr.-10a.pdf,https://www.gemeinde-merching.de/wp-content/uploads/download-manager-files/Amtsblatt-10a-2023Jahrg.-78-Nr.-10a.pdf,,True,553075,15f3310cd7c01742f63f8e74a720d6717004a2eb970d890e1751da759e896565,2023,False,not verified
filesystem,,wp-content/uploads/download-manager-files/Stellenausschreibung-Hausmeister.pdf,https://www.gemeinde-merching.de/wp-content/uploads/download-manager-files/Stellenausschreibung-Hausmeister.pdf,,True,102695,86e1de5123d64327a2bc2ee521ff1f4673bd2c62fae4d10ce7600a28292829c6,,False,not verified
filesystem,,wp-content/uploads/download-manager-files/Bekanntmachung_Wahlhelfer_Aufforderung.pdf,https://www.gemeinde-merching.de/wp-content/uploads/download-manager-files/Bekanntmachung_Wahlhelfer_Aufforderung.pdf,,True,155530,2cd1f6434c11d4e2b64ba1da737cb8b1b6275d57c58d7396e964d6ab1e9d6bc9,,False,not verified
filesystem,,wp-content/uploads/download-manager-files/1714477967wpdm_Informationen-zur-Wahlwerbung_Europawahl_2024.pdf,https://www.gemeinde-merching.de/wp-content/uploads/download-manager-files/1714477967wpdm_Informationen-zur-Wahlwerbung_Europawahl_2024.pdf,,True,137569,fbba50657cdd718a266f737e1ffb990e5bc73ef8a50361839392f6febfd1ecd2,2024,False,not verified
filesystem,,wp-content/uploads/download-manager-files/Oeffentl.-Bekanntmachg.2_MSVV28.11.23.pdf,https://www.gemeinde-merching.de/wp-content/uploads/download-manager-files/Oeffentl.-Bekanntmachg.2_MSVV28.11.23.pdf,,True,117513,a0ef0045e77b24d02c3b69c918632ebcc6f1414512438f44dafbd153fa0639a1,,False,not verified
filesystem,,wp-content/uploads/download-manager-files/Oeffentl.-Bekanntmachung-MSVV-24.01.2023.pdf,https://www.gemeinde-merching.de/wp-content/uploads/download-manager-files/Oeffentl.-Bekanntmachung-MSVV-24.01.2023.pdf,,True,116896,6055e2596a2f6cce2c98620e31f272d2d1d2b1bb59cf3a5cc1ba2c4b6a743feb,2023,False,not verified
filesystem,,wp-content/uploads/download-manager-files/Bekanntmachung-ueber-das-Recht-auf-Einsicht.pdf,https://www.gemeinde-merching.de/wp-content/uploads/download-manager-files/Bekanntmachung-ueber-das-Recht-auf-Einsicht.pdf,,True,256079,3556d2cf9d4d683469f038ef2e16157c6ef8697d5eccb1d5127c2357a536adb3,,False,not verified
filesystem,,wp-content/uploads/download-manager-files/1690187880wpdm_Oeffentl.-Bekanntmachung_GR_27.07.2023.pdf,https://www.gemeinde-merching.de/wp-content/uploads/download-manager-files/1690187880wpdm_Oeffentl.-Bekanntmachung_GR_27.07.2023.pdf,,True,131163,ccd0eb31ec161109a535fd3c90f45e5886f7a35baa098a0eeda9289991050da1,2023,False,not verified
filesystem,,wp-content/uploads/download-manager-files/1775727067wpdm_Wahlbekanntmachung-Homepage.pdf,https://www.gemeinde-merching.de/wp-content/uploads/download-manager-files/1775727067wpdm_Wahlbekanntmachung-Homepage.pdf,,True,129284,e19654e68d930b3f8d4f1770799449438c00ad7cae5c12bfe9ec5a16475f63c5,,False,not verified
filesystem,,wp-content/uploads/download-manager-files/Bekanntmachung_Auslegung-der-Planunterlagen-Licca-liber-Abschnitt-I.pdf,https://www.gemeinde-merching.de/wp-content/uploads/download-manager-files/Bekanntmachung_Auslegung-der-Planunterlagen-Licca-liber-Abschnitt-I.pdf,,True,222901,13dc5f12ac522ff92f74a556b184e2943e3bb1864e875b6cc5cf33e7c8d24b88,,False,not verified
filesystem,,wp-content/uploads/download-manager-files/1678698284wpdm_Rattenbekaempfung-Bekanntmachung-Maerz-2023.pdf,https://www.gemeinde-merching.de/wp-content/uploads/download-manager-files/1678698284wpdm_Rattenbekaempfung-Bekanntmachung-Maerz-2023.pdf,,True,83087,cd8f8eef7d30216934ff98186a20680cc27b02ed1cb8cbaf4f01d77fe506380d,2023,False,not verified
filesystem,,wp-content/uploads/download-manager-files/Stellungnahme-fruehz.-Beteiligung_LRA-fuer-FNP_Abwaegung-29.06.2023.pdf,https://www.gemeinde-merching.de/wp-content/uploads/download-manager-files/Stellungnahme-fruehz.-Beteiligung_LRA-fuer-FNP_Abwaegung-29.06.2023.pdf,,True,2208018,35fecc7978a040eae2e30b8b3a0b9ec3b45309c85199bab4854ae28d2c15d534,2023,False,not verified
filesystem,,wp-content/uploads/download-manager-files/1706800511wpdm_BP35_Steinach_Ost_Textteil_Entwurf_2023-12-14.pdf,https://www.gemeinde-merching.de/wp-content/uploads/download-manager-files/1706800511wpdm_BP35_Steinach_Ost_Textteil_Entwurf_2023-12-14.pdf,,True,207887,177661623938c3440bf2259828f2497d43f242b14ad72a5d990f91cb545e0c23,2023,False,not verified
filesystem,,wp-content/uploads/download-manager-files/Entwaesserung-Beitrags-und-Gebuehrensatzung-zur-Entwaesserungssatzung-ab-01.01.20262026.pdf,https://www.gemeinde-merching.de/wp-content/uploads/download-manager-files/Entwaesserung-Beitrags-und-Gebuehrensatzung-zur-Entwaesserungssatzung-ab-01.01.20262026.pdf,,True,190447,c726db841f37ca331bc5025e08fed6a90bdad070fdec9c596ae75d525cf3925d,2026,False,not verified
filesystem,,wp-content/uploads/download-manager-files/FNP-PV-Merching_Begruendung-mit-Umweltbericht-Teil-B_03-29.06.2023.pdf,https://www.gemeinde-merching.de/wp-content/uploads/download-manager-files/FNP-PV-Merching_Begruendung-mit-Umweltbericht-Teil-B_03-29.06.2023.pdf,,True,680255,5b4e7c6627c9115a56ba18d6849f612f78a7a10f9ad7bf8e0edb22d86975661c,2023,False,not verified
filesystem,,wp-content/uploads/download-manager-files/Flyer-Foto-Raetselrallye-Ostern-2023.pdf,https://www.gemeinde-merching.de/wp-content/uploads/download-manager-files/Flyer-Foto-Raetselrallye-Ostern-2023.pdf,,True,625456,3a6c64df36395faaa180e466b5ec3102d2c0f1e260c204f02c91ae7da8e7e3de,2023,False,not verified
filesystem,,wp-content/uploads/download-manager-files/Faschingsdienstag-Rathaus_Bauhof-2026.pdf,https://www.gemeinde-merching.de/wp-content/uploads/download-manager-files/Faschingsdienstag-Rathaus_Bauhof-2026.pdf,,True,176592,8c5d07b2ccff615001cf33beadef47758e84c98a4dcf6377f032a1b569789a5f,2026,False,not verified
filesystem,,wp-content/uploads/download-manager-files/BP37_Suedlich_Nebelhornstrasse_Textteil_2023-01-19.pdf,https://www.gemeinde-merching.de/wp-content/uploads/download-manager-files/BP37_Suedlich_Nebelhornstrasse_Textteil_2023-01-19.pdf,,True,298262,f929aaa219d3389ddfc12ae3521420a6a6351eff003052c57d7cc84925a0acbd,2023,False,not verified
filesystem,,wp-content/uploads/download-manager-files/Bekanntmachung-Obdachlosenunterkunftssatzung.pdf,https://www.gemeinde-merching.de/wp-content/uploads/download-manager-files/Bekanntmachung-Obdachlosenunterkunftssatzung.pdf,,True,396190,78bf32f1773f776703ead39be8bb1f2c4dd292fc7d8d1cee483449c1523a5819,,False,not verified
filesystem,,wp-content/uploads/download-manager-files/Amtsblatt-12a-2023Jahrg.-78-Nr.-12a.pdf,https://www.gemeinde-merching.de/wp-content/uploads/download-manager-files/Amtsblatt-12a-2023Jahrg.-78-Nr.-12a.pdf,,True,645003,66ced8a7a9a2eb3e0ddc3926697631c27cd0b54ab19bc6f376f750a5c6edb75c,2023,False,not verified
filesystem,,wp-content/uploads/download-manager-files/1706017422wpdm_Amtsblatt-01-2024Jahrg.-79-Nr.-01.pdf,https://www.gemeinde-merching.de/wp-content/uploads/download-manager-files/1706017422wpdm_Amtsblatt-01-2024Jahrg.-79-Nr.-01.pdf,,True,384441,6ad0301b9507ba2a8ab4edb3e199f49f3ac0cbe0b526e867ed888f27026e40e0,2024,False,not verified
filesystem,,wp-content/uploads/download-manager-files/Bekanntmachung-der-zugelassenen-Wahlvorschlaege-GR-Teil1-Homepage.pdf,https://www.gemeinde-merching.de/wp-content/uploads/download-manager-files/Bekanntmachung-der-zugelassenen-Wahlvorschlaege-GR-Teil1-Homepage.pdf,,True,1757476,d0c74a6a304cd8fa0a3ef80f5485ea5dd9f16e62f52d018f232557465eee8559,,False,not verified
filesystem,,wp-content/uploads/download-manager-files/BP35_Steinach_Ost_Planzeichnung_2024-06-20.pdf,https://www.gemeinde-merching.de/wp-content/uploads/download-manager-files/BP35_Steinach_Ost_Planzeichnung_2024-06-20.pdf,,True,747473,e238646587b83db46900bf6326ad6612a75f99312fe1575508ced93659cac8f1,2024,False,not verified
filesystem,,wp-content/uploads/download-manager-files/Amtsblatt-09-2023Jahrg.-78-Nr.-09.pdf,https://www.gemeinde-merching.de/wp-content/uploads/download-manager-files/Amtsblatt-09-2023Jahrg.-78-Nr.-09.pdf,,True,233992,7030076fbefc1a22028970226ed29b10fc6c460d426f22021c63500723fe227f,2023,False,not verified
filesystem,,wp-content/uploads/download-manager-files/Mittelschulverbandsversammlung-18.06.24.pdf,https://www.gemeinde-merching.de/wp-content/uploads/download-manager-files/Mittelschulverbandsversammlung-18.06.24.pdf,,True,298319,3ec76ae09df9d9f0bdc05aadb8d3d403aa56aa4c676f07274767764e5cd49ac2,,False,not verified
filesystem,,wp-content/uploads/download-manager-files/Amtsblatt-06-2023Jahrg.-78-Nr.-06.pdf,https://www.gemeinde-merching.de/wp-content/uploads/download-manager-files/Amtsblatt-06-2023Jahrg.-78-Nr.-06.pdf,,True,237003,ac0dfae1db9254946c9ac7d86e184c10b2e7a6f1e1f2f0601e6c7861ac7ee1ff,2023,False,not verified
filesystem,,wp-content/uploads/download-manager-files/1_Aenderung_BP_26_Bekanntmachung-Satzungsbeschluss.pdf,https://www.gemeinde-merching.de/wp-content/uploads/download-manager-files/1_Aenderung_BP_26_Bekanntmachung-Satzungsbeschluss.pdf,,True,1040068,95d7b40e196f4e4a44f81ba51a1999e3d340e4fd7fd3218236e727d1dcf2de16,,False,not verified
filesystem,,wp-content/uploads/download-manager-files/Feuerwehrkostensatzung_ab_01-01-2026.pdf,https://www.gemeinde-merching.de/wp-content/uploads/download-manager-files/Feuerwehrkostensatzung_ab_01-01-2026.pdf,,True,202515,e853f0573e15bcd9b404623eb30c22c3470d38b70ec6be183a58c54ee79c313a,2026,False,not verified
filesystem,,wp-content/uploads/download-manager-files/Wasser-Beitrags-und-Gebuehrensatzung-zur-Wasserabgabesatzung-ab-01.01.2026.pdf,https://www.gemeinde-merching.de/wp-content/uploads/download-manager-files/Wasser-Beitrags-und-Gebuehrensatzung-zur-Wasserabgabesatzung-ab-01.01.2026.pdf,,True,189096,8653a6dcd13bb47a751402fa4d188c8b16954a5fa06e6880eed50450d5940417,2026,False,not verified
filesystem,,wp-content/uploads/download-manager-files/1706178687wpdm_Plakatierungsverordnung.pdf,https://www.gemeinde-merching.de/wp-content/uploads/download-manager-files/1706178687wpdm_Plakatierungsverordnung.pdf,,True,1439303,6d7ad051d37b5e65796dc9fd73bcb3fd19aa25b795db8f2d49f030598838790f,,False,not verified
filesystem,,wp-content/uploads/download-manager-files/HH-Schulverbandsumlage.pdf,https://www.gemeinde-merching.de/wp-content/uploads/download-manager-files/HH-Schulverbandsumlage.pdf,,True,79588,b2cc1dae665ed70e897453e0b40c9be51e5b9bbaef643f969a73942a2c802b54,,False,not verified
filesystem,,wp-content/uploads/download-manager-files/Modernisierungsbuendnis-2026_vhs-Kurs-Merching.pdf,https://www.gemeinde-merching.de/wp-content/uploads/download-manager-files/Modernisierungsbuendnis-2026_vhs-Kurs-Merching.pdf,,True,1639792,30c94a6ade1747dbe40ca83b2343b67dd03ce7189264c4a5a575054264dff7b2,2026,False,not verified
filesystem,,wp-content/uploads/download-manager-files/BP35_Steinach_Ost_Begruendung_Entwurf_2023-12-14.pdf,https://www.gemeinde-merching.de/wp-content/uploads/download-manager-files/BP35_Steinach_Ost_Begruendung_Entwurf_2023-12-14.pdf,,True,1136336,206b81c87314100fee219e3b3f98887fdef50f188d32e0d1988c50ec321a7db8,2023,False,not verified
filesystem,,wp-content/uploads/download-manager-files/BP35_Steinach_Ost_Zusammenfassende_Erklaerung.pdf,https://www.gemeinde-merching.de/wp-content/uploads/download-manager-files/BP35_Steinach_Ost_Zusammenfassende_Erklaerung.pdf,,True,1759168,78a6ca373f05b7e577d73aa3aa144ea2b7e7f9e405a0a4081a1cef364c4222fe,,False,not verified
filesystem,,wp-content/uploads/download-manager-files/5.-Aenderung-FNP-PV-Schmiechach-Bekanntmachung-Genehmigung.pdf,https://www.gemeinde-merching.de/wp-content/uploads/download-manager-files/5.-Aenderung-FNP-PV-Schmiechach-Bekanntmachung-Genehmigung.pdf,,True,733159,7beee925e42a99f2ed6fae9ecec073fbf644b3fa0ac4548cdb36889a523e716c,,False,not verified
filesystem,,wp-content/uploads/2024/09/doc00268420240910131618.pdf,https://www.gemeinde-merching.de/wp-content/uploads/2024/09/doc00268420240910131618.pdf,,True,522916,49791878877c7eee046e133a7c75354a17c79538670a9b37678c9827efc4832e,2024,False,not verified
filesystem,,wp-content/uploads/2024/11/BP34_Oestl_Nebelhornstrasse_Begruendung_20240620.pdf,https://www.gemeinde-merching.de/wp-content/uploads/2024/11/BP34_Oestl_Nebelhornstrasse_Begruendung_20240620.pdf,,True,1126642,89f851bd2ff837b9c08f768651f77cc670d6bf81c97ab9562a4693eb09fe7679,2024,False,not verified
filesystem,,wp-content/uploads/2024/11/Schalltechnische-Untersuchung-11-05.2023.pdf,https://www.gemeinde-merching.de/wp-content/uploads/2024/11/Schalltechnische-Untersuchung-11-05.2023.pdf,,True,1034020,b6e55be82dd6a044b7df2672037adc76bd82db720d3a82776daa7221f01c010b,2023|2024,False,not verified
filesystem,,wp-content/uploads/2024/11/BP34_Oestl_Nebelhornstrasse_Textteil_20240620.pdf,https://www.gemeinde-merching.de/wp-content/uploads/2024/11/BP34_Oestl_Nebelhornstrasse_Textteil_20240620.pdf,,True,880573,c748ff94e85e87dfb7eab43d505c335cbf2f17321a8dfe089ca1b1c16b7b2a06,2024,False,not verified
filesystem,,wp-content/uploads/2024/11/Oeffentliche-Bekanntmachung.pdf,https://www.gemeinde-merching.de/wp-content/uploads/2024/11/Oeffentliche-Bekanntmachung.pdf,,True,440936,9d4b23459e9f0d57e934253d4e0b90adf2eec00026faf45db38e602a05f3f70b,2024,False,not verified
filesystem,,wp-content/uploads/2024/11/Fundsache-Geldschein-am-16.11.2024.pdf,https://www.gemeinde-merching.de/wp-content/uploads/2024/11/Fundsache-Geldschein-am-16.11.2024.pdf,,True,374836,3fb536f9c902adb701e1f5cb617621c2303e004a7983498fa52b22949156fcf2,2024,False,not verified
filesystem,,wp-content/uploads/2024/11/BP34_Oestl_Nebelhornstrasse_Planzeichnung_Satzung_2024-06-20.pdf,https://www.gemeinde-merching.de/wp-content/uploads/2024/11/BP34_Oestl_Nebelhornstrasse_Planzeichnung_Satzung_2024-06-20.pdf,,True,1312878,cfca1ddb0ce6f623ae41fd77dd9cb58ab5f88c204e83351769abefc4b19b7fbd,2024,False,not verified
filesystem,,wp-content/uploads/2024/11/B-Plan-Nr.-34-Datenschutzinformationspflicht.pdf,https://www.gemeinde-merching.de/wp-content/uploads/2024/11/B-Plan-Nr.-34-Datenschutzinformationspflicht.pdf,,True,1559043,c7907c0947a622e85c5016a1d28a29ad7cb087ea70d4433dc84c3ae001ac2691,2024,False,not verified
filesystem,,wp-content/uploads/2024/11/Schallschutztechnische-Untersuchung-Anlagen.pdf,https://www.gemeinde-merching.de/wp-content/uploads/2024/11/Schallschutztechnische-Untersuchung-Anlagen.pdf,,True,1700627,882eb45d383acae8ebfc942772332f66776286a23054a90a5a6f91cf2c1623df,2024,False,not verified
filesystem,,wp-content/uploads/2024/11/Bekanntmachung-Grd.St_HundeSt.-2025.pdf,https://www.gemeinde-merching.de/wp-content/uploads/2024/11/Bekanntmachung-Grd.St_HundeSt.-2025.pdf,,True,91000,9480d86c4210f2f2a758cd077c373577845a952c513aafa3b63ca78cb5866764,2024|2025,False,not verified
filesystem,,wp-content/uploads/2024/11/Zusammenfassende-Erklaerung.pdf,https://www.gemeinde-merching.de/wp-content/uploads/2024/11/Zusammenfassende-Erklaerung.pdf,,True,1174688,47b32f822cfabb1e68c9d39055d67a4e96c594390a9bea53a44ee90736c5ce4e,2024,False,not verified
filesystem,,wp-content/uploads/2024/04/Anmeldeformular-2024-1-HJ.pdf,https://www.gemeinde-merching.de/wp-content/uploads/2024/04/Anmeldeformular-2024-1-HJ.pdf,,True,153159,bf6984d2f9071c33ac37fc1c785c5255c2a5090ab1371c1e66e1e739b829b5ce,2024,False,not verified
filesystem,,wp-content/uploads/2024/03/Gemeindekurier-Ostern-2024-f.-Homepage.pdf,https://www.gemeinde-merching.de/wp-content/uploads/2024/03/Gemeindekurier-Ostern-2024-f.-Homepage.pdf,,True,788154,f5e9b337d93edf5c3e43cef4cf500dee400c19e242b44d1cadd0889b869e36a0,2024,False,not verified
filesystem,,wp-content/uploads/2024/03/Amtsblatt-03-2024Jahrg.-79-Nr.-03.pdf,https://www.gemeinde-merching.de/wp-content/uploads/2024/03/Amtsblatt-03-2024Jahrg.-79-Nr.-03.pdf,,True,307885,6945f9af4898bc3d0be22ce1062686acc444d1801477b00393d84e9ec95a2da1,2024,False,not verified
filesystem,,wp-content/uploads/2024/03/BP-Nr.-39-PV-Merching-Teil-A-Planzeichnung-2023-10-26.pdf,https://www.gemeinde-merching.de/wp-content/uploads/2024/03/BP-Nr.-39-PV-Merching-Teil-A-Planzeichnung-2023-10-26.pdf,,True,495995,fe614c8f43b4069e708b6a08073e0ad336cb369e7acd95bd77ccee904f9b7c87,2023|2024,False,not verified
filesystem,,wp-content/uploads/2024/03/5.-Aenderung-FNP-PV-Merching_Begruendung-mit-Umweltbericht-Teil-B.pdf,https://www.gemeinde-merching.de/wp-content/uploads/2024/03/5.-Aenderung-FNP-PV-Merching_Begruendung-mit-Umweltbericht-Teil-B.pdf,,True,679822,379c2fd6a7604b5bc35d568213886b8c50e61110bca023a20f5b62a19461029a,2024,False,not verified
filesystem,,wp-content/uploads/2024/03/5.-Aenderung-FNP-PV-Merching-Teil-A_Planzeichnung.pdf,https://www.gemeinde-merching.de/wp-content/uploads/2024/03/5.-Aenderung-FNP-PV-Merching-Teil-A_Planzeichnung.pdf,,True,2671173,130e2d9cf8ec2a027d3076c7f0670fa92cfeabbd4d2213ad3cc6a0fb602b919e,2024,False,not verified
filesystem,,wp-content/uploads/2024/01/Amtsblatt-01-2024Jahrg.-79-Nr.-01.pdf,https://www.gemeinde-merching.de/wp-content/uploads/2024/01/Amtsblatt-01-2024Jahrg.-79-Nr.-01.pdf,,True,385740,c3790e4469977cb6d634774fe6bff9ca4ab167ca2924cab9d597e19200c57438,2024,False,not verified
filesystem,,wp-content/uploads/2024/01/Oeffentl.Bekanntmachung_GR1_Jan24.pdf,https://www.gemeinde-merching.de/wp-content/uploads/2024/01/Oeffentl.Bekanntmachung_GR1_Jan24.pdf,,True,126997,1ed4ae074b3ab6db52519e28ee87e440d34ea8b9d57f3cdff1a90b51f24839ad,2024,False,not verified
filesystem,,wp-content/uploads/2024/01/Plakatierungsverordnung-1.pdf,https://www.gemeinde-merching.de/wp-content/uploads/2024/01/Plakatierungsverordnung-1.pdf,,True,1439303,6d7ad051d37b5e65796dc9fd73bcb3fd19aa25b795db8f2d49f030598838790f,2024,False,not verified
filesystem,,wp-content/uploads/2024/01/Plakatierungsverordnung.pdf,https://www.gemeinde-merching.de/wp-content/uploads/2024/01/Plakatierungsverordnung.pdf,,True,2128374,9e0147abc6f5f2c96885439d528f0edc036425679fc5dc8b328e2c01f12cf2c6,2024,False,not verified
filesystem,,wp-content/uploads/2024/06/Infoblatt-Hochwasser-2024.pdf,https://www.gemeinde-merching.de/wp-content/uploads/2024/06/Infoblatt-Hochwasser-2024.pdf,,True,98580,bf100e0f70dc0cdf7b129ee1dba49ac6510003714c5fff74104d1e3e77302e4a,2024,False,not verified
filesystem,,wp-content/uploads/2024/07/Antrag_Fahrkarte_2024_2025-1.pdf,https://www.gemeinde-merching.de/wp-content/uploads/2024/07/Antrag_Fahrkarte_2024_2025-1.pdf,,True,71409,a916f5567feeb17ba369d0e9d0fb48ff4783046b6eba77f0c928f332858b85a6,2024|2025,False,not verified
filesystem,,wp-content/uploads/2024/07/Gemeindekurier-Sommer-2024-f.-Homepage.pdf,https://www.gemeinde-merching.de/wp-content/uploads/2024/07/Gemeindekurier-Sommer-2024-f.-Homepage.pdf,,True,1394093,acc70968b65dff30929ead92baf45fb00b5e9c2471624543710261577973e937,2024,False,not verified
filesystem,,wp-content/uploads/2024/12/Korrektur_Formular_zur_GrSt_Auslage_in_Gemeinde_und_SZ_04.12.2024.pdf,https://www.gemeinde-merching.de/wp-content/uploads/2024/12/Korrektur_Formular_zur_GrSt_Auslage_in_Gemeinde_und_SZ_04.12.2024.pdf,,True,25539,66fe51cf80f844ef7096e5730d415e4ce2c1ceca8f15817b230c10d244a2fe1d,2024,False,not verified
filesystem,,wp-content/uploads/2024/12/Gemeindekurier-Weihnachten-2024-f.-Homepage.pdf,https://www.gemeinde-merching.de/wp-content/uploads/2024/12/Gemeindekurier-Weihnachten-2024-f.-Homepage.pdf,,True,1485081,2afdcea3c87d92c2b21caf13bcd3580664a6e5d7d746bb534b7c8ac043d9894b,2024,False,not verified
filesystem,,wp-content/uploads/2024/05/EnergiePortal_Veroeffentltext_SchadensMelder_Dez23.pdf,https://www.gemeinde-merching.de/wp-content/uploads/2024/05/EnergiePortal_Veroeffentltext_SchadensMelder_Dez23.pdf,,True,158629,a6494aae19b45e5e8ec4e0b9c633f0972bccaa099dcd31303c0c1b629e119deb,2024,False,not verified
filesystem,,wp-content/uploads/2024/08/Fundanzeige-24-2024.pdf,https://www.gemeinde-merching.de/wp-content/uploads/2024/08/Fundanzeige-24-2024.pdf,,True,560826,a09f3fc02212dfaa7401fc4b3124de90588aea70b67deaa10f2bbfff9b6c8e4d,2024,False,not verified
filesystem,,wp-content/uploads/2024/10/Buergerbefragung_Druckformat.pdf,https://www.gemeinde-merching.de/wp-content/uploads/2024/10/Buergerbefragung_Druckformat.pdf,,True,335972,37153dc6e27aa7afcafd3d95f229a42fc916300f4f788a5c3e7a771e09c97b1f,2024,False,not verified
filesystem,,wp-content/uploads/2024/10/Heimatprojekt_Textvorschlag_Website.pdf,https://www.gemeinde-merching.de/wp-content/uploads/2024/10/Heimatprojekt_Textvorschlag_Website.pdf,,True,138508,b427ba21cbcedc3dd97be0eea8592cf41d93e33645f6f120ecc6f5e3cd2a5f8b,2024,False,not verified
filesystem,,wp-content/uploads/2024/10/Gemeindekurier-Herbst-2024-f.-Homepage.pdf,https://www.gemeinde-merching.de/wp-content/uploads/2024/10/Gemeindekurier-Herbst-2024-f.-Homepage.pdf,,True,768884,f1a2fb10265e525b058f0984ae10ddb25453a0370e2482c9f68291677f0f34f4,2024,False,not verified
filesystem,,wp-content/uploads/2024/10/Hebesatzsatzung_2025.pdf,https://www.gemeinde-merching.de/wp-content/uploads/2024/10/Hebesatzsatzung_2025.pdf,,True,430068,f35f81c296e422c459bc14fce66d3355e46ff115742165fbbc5616c8f9da7784,2024|2025,False,not verified
filesystem,,wp-content/uploads/2024/02/Amtsblatt-02-2024Jahrg.-79-Nr.-02.pdf,https://www.gemeinde-merching.de/wp-content/uploads/2024/02/Amtsblatt-02-2024Jahrg.-79-Nr.-02.pdf,,True,274047,832ba4d780a0ce0d18ad455dba77e2f5e93d06f9212187deee3038bf9294f98f,2024,False,not verified
filesystem,,wp-content/uploads/filebase/Bekanntmachung-GBS_BES-Satzung.pdf,https://www.gemeinde-merching.de/wp-content/uploads/filebase/Bekanntmachung-GBS_BES-Satzung.pdf,,True,388792,cadcbe0cdc3904b24fdcb50ee31abdb19cc8c6a83906e1f09fa80276054748ac,,False,not verified
filesystem,,wp-content/uploads/filebase/gemeinderat/Oeffentl.-BekanntmachungGR_15122022.pdf,https://www.gemeinde-merching.de/wp-content/uploads/filebase/gemeinderat/Oeffentl.-BekanntmachungGR_15122022.pdf,,True,130655,914dfd375d627274e25413be988c4261aa9905ea6e67dfe46ce0e731956cf831,2022,False,not verified
filesystem,,wp-content/uploads/filebase/satzungen-verordnungen-schulverbaende-merching/GSV Verbandssatzung Entwurf 2014.pdf,https://www.gemeinde-merching.de/wp-content/uploads/filebase/satzungen-verordnungen-schulverbaende-merching/GSV Verbandssatzung Entwurf 2014.pdf,,True,15890,188393cb25b7a89194a40ec7add50ff7d1be1813e88e918b0f8aec523a8963ac,2014,False,not verified
filesystem,,wp-content/uploads/filebase/satzungen-verordnungen-schulverbaende-merching/MSV Verbandssatzung Muster 2014.pdf,https://www.gemeinde-merching.de/wp-content/uploads/filebase/satzungen-verordnungen-schulverbaende-merching/MSV Verbandssatzung Muster 2014.pdf,,True,16055,0e88cbfe0450fd3274e35aef930813f6a1f9b75c9497e85d473570f8945cf342,2014,False,not verified
filesystem,,wp-content/uploads/filebase/satzungen-verordnungen-gemeinde-merching/BES-2011-f.-homepage.pdf,https://www.gemeinde-merching.de/wp-content/uploads/filebase/satzungen-verordnungen-gemeinde-merching/BES-2011-f.-homepage.pdf,,True,142545,98cf0270479a3ec94795cf466943369726130cb676051ffd7a7209093f9a852c,2011,False,not verified
filesystem,,wp-content/uploads/filebase/satzungen-verordnungen-gemeinde-merching/Bestattungsgebuehrensatzung-ab-2019-Anlage_2.pdf,https://www.gemeinde-merching.de/wp-content/uploads/filebase/satzungen-verordnungen-gemeinde-merching/Bestattungsgebuehrensatzung-ab-2019-Anlage_2.pdf,,True,533040,b76064ac70483c8687e1e9f35fe26aba6621be2e00f5928c25afac980e4a447e,2019,False,not verified
filesystem,,wp-content/uploads/filebase/satzungen-verordnungen-gemeinde-merching/web_ausbaubeitragssatzung_22102002.pdf,https://www.gemeinde-merching.de/wp-content/uploads/filebase/satzungen-verordnungen-gemeinde-merching/web_ausbaubeitragssatzung_22102002.pdf,,True,34559,cc790d9a1ad9b881e52708eb8e95788e4040e644dec694e34779c3e60f149f80,2002,False,not verified
filesystem,,wp-content/uploads/filebase/satzungen-verordnungen-gemeinde-merching/Satzung_WAS_2022.pdf,https://www.gemeinde-merching.de/wp-content/uploads/filebase/satzungen-verordnungen-gemeinde-merching/Satzung_WAS_2022.pdf,,True,8568526,358f0ab7e83a2500d4aeed06d3ba104a01bc71b053b44fc8e3b4c2465275fa8a,2022,False,not verified
filesystem,,wp-content/uploads/filebase/satzungen-verordnungen-gemeinde-merching/GeschO_Satzung-2018.PDF,https://www.gemeinde-merching.de/wp-content/uploads/filebase/satzungen-verordnungen-gemeinde-merching/GeschO_Satzung-2018.PDF,,True,289142,944e923f0af4c063235fe455a00126a15a2408c7c0c8fa1ecad60c1d98938c21,2018,False,not verified
filesystem,,wp-content/uploads/filebase/satzungen-verordnungen-gemeinde-merching/EWS_Satzung_2022.pdf,https://www.gemeinde-merching.de/wp-content/uploads/filebase/satzungen-verordnungen-gemeinde-merching/EWS_Satzung_2022.pdf,,True,9853787,461fe0fafac1f431b8149ef124203214258a6bceb6009f62b233ced68365649f,2022,False,not verified
filesystem,,wp-content/uploads/filebase/satzungen-verordnungen-gemeinde-merching/Feuerwehrkostensatzung-2019.pdf,https://www.gemeinde-merching.de/wp-content/uploads/filebase/satzungen-verordnungen-gemeinde-merching/Feuerwehrkostensatzung-2019.pdf,,True,409770,4410559d70d3a55b5c83e302e8419440aa1300ce3df019733ddfc1b037449746,2019,False,not verified
filesystem,,wp-content/uploads/filebase/satzungen-verordnungen-gemeinde-merching/Bestattungsgebuehrensatzung-ab-2019.pdf,https://www.gemeinde-merching.de/wp-content/uploads/filebase/satzungen-verordnungen-gemeinde-merching/Bestattungsgebuehrensatzung-ab-2019.pdf,,True,977600,0a9a49c7016be543fd49c9d619fc8a5a9f0ab860c7524609a4fad51306b5432b,2019,False,not verified
filesystem,,wp-content/uploads/filebase/satzungen-verordnungen-gemeinde-merching/Feuerwehrkostensatzung-2021.pdf,https://www.gemeinde-merching.de/wp-content/uploads/filebase/satzungen-verordnungen-gemeinde-merching/Feuerwehrkostensatzung-2021.pdf,,True,420778,31948f9304db74b0d8603cf5db0d9b9e89229f60780de21771a6561943606036,2021,False,not verified
filesystem,,wp-content/uploads/filebase/satzungen-verordnungen-gemeinde-merching/web_ehrenordung_vom_30012002.pdf,https://www.gemeinde-merching.de/wp-content/uploads/filebase/satzungen-verordnungen-gemeinde-merching/web_ehrenordung_vom_30012002.pdf,,True,20245,8dd1ce89263c2c8bfc95bab59a029971e297bf9977eb12b65070816db648cd3e,2002,False,not verified
filesystem,,wp-content/uploads/filebase/satzungen-verordnungen-gemeinde-merching/Hundesteuersatzung-2021-ausgefertigt.pdf,https://www.gemeinde-merching.de/wp-content/uploads/filebase/satzungen-verordnungen-gemeinde-merching/Hundesteuersatzung-2021-ausgefertigt.pdf,,True,1788376,f2079e556de1af3d4ed4f0ba4ebc5acb2cff7b7de5665851f20439329b55c155,2021,False,not verified
filesystem,,wp-content/uploads/filebase/satzungen-verordnungen-gemeinde-merching/BGS_EWS-Satzung_2022.pdf,https://www.gemeinde-merching.de/wp-content/uploads/filebase/satzungen-verordnungen-gemeinde-merching/BGS_EWS-Satzung_2022.pdf,,True,5522618,2306d67fce3697f2cdc42189d55eeff6e40c241f4b37fb3686c903dd1fc7291e,2022,False,not verified
filesystem,,wp-content/uploads/filebase/satzungen-verordnungen-gemeinde-merching/BGS_WAS_Satzung_2022.pdf,https://www.gemeinde-merching.de/wp-content/uploads/filebase/satzungen-verordnungen-gemeinde-merching/BGS_WAS_Satzung_2022.pdf,,True,4957219,8a4b70338b0ac256c760e6e57343256b8b1fe395c37a2b3e12473c9051a17f6f,2022,False,not verified
filesystem,,wp-content/uploads/filebase/satzungen-verordnungen-gemeinde-merching/Stellplatzsatzung_18-03-2021.pdf,https://www.gemeinde-merching.de/wp-content/uploads/filebase/satzungen-verordnungen-gemeinde-merching/Stellplatzsatzung_18-03-2021.pdf,,True,1780746,9a1230b971f1b3ceca972831cf7988753e01a5211e837bd3aad9d541f3ecad0f,2021,False,not verified
filesystem,,wp-content/uploads/filebase/BGS_WAS_Satzung-2018.PDF,https://www.gemeinde-merching.de/wp-content/uploads/filebase/BGS_WAS_Satzung-2018.PDF,,True,127673,dbea0df842a8795f08aadb0f5bd237bc4d54578bef7a3228ce752ac2c8b2d188,2018,False,not verified
filesystem,,wp-content/uploads/filebase/bebauungsplaene/Bebauungsplan-27-mit-Gruenordnungsplan.pdf,https://www.gemeinde-merching.de/wp-content/uploads/filebase/bebauungsplaene/Bebauungsplan-27-mit-Gruenordnungsplan.pdf,,True,687225,21e4801aa7bbb9180dd05ca4342002f487661016b4904146636e79b76be2cf42,,False,not verified
filesystem,,wp-content/uploads/filebase/Informationsmaterial/Mitteilung-Landesamt-f.-Digitalisierung-Juli-2018.pdf,https://www.gemeinde-merching.de/wp-content/uploads/filebase/Informationsmaterial/Mitteilung-Landesamt-f.-Digitalisierung-Juli-2018.pdf,,True,453732,6e2c8257d42d8a1e1d1e1fd5731a14defdc110efcad2e0baa32d83b40910cc43,2018,False,not verified
filesystem,,wp-content/uploads/filebase/Informationsmaterial/Amtsblatt-12-2022Jahrg.-77-Nr.-12-ohne-Anlage.pdf,https://www.gemeinde-merching.de/wp-content/uploads/filebase/Informationsmaterial/Amtsblatt-12-2022Jahrg.-77-Nr.-12-ohne-Anlage.pdf,,True,287174,918868d37eb7eac2ed8d1b61b6c82fb77a244446cb735a76974f6e4ca12dc20f,2022,False,not verified
filesystem,,wp-content/uploads/filebase/gemeinde-kurier-merching/Gemeindekurier-Sommer-2022.pdf,https://www.gemeinde-merching.de/wp-content/uploads/filebase/gemeinde-kurier-merching/Gemeindekurier-Sommer-2022.pdf,,True,716881,94c219fc8d0b0276b09545bf90f601e4fb5a1f0babef962233379fd33589a4c3,2022,False,not verified
filesystem,,wp-content/uploads/filebase/gemeinde-kurier-merching/Gemeindekurier-November-2022-neu.pdf,https://www.gemeinde-merching.de/wp-content/uploads/filebase/gemeinde-kurier-merching/Gemeindekurier-November-2022-neu.pdf,,True,654782,969de1e5c8906ac3015a9503690b9e8d46ebf3735a68dc1de803493ad7948dad,2022,False,not verified
filesystem,,wp-content/uploads/filebase/gemeinde-kurier-merching/Gemeindekurier-Ostern-2022-f.-Homepage.pdf,https://www.gemeinde-merching.de/wp-content/uploads/filebase/gemeinde-kurier-merching/Gemeindekurier-Ostern-2022-f.-Homepage.pdf,,True,1130871,294bf167d56bbf8d89a3a03e145246b43a05ccde732669c53da0e6bd35038b56,2022,False,not verified
filesystem,,wp-content/uploads/filebase/gemeinde-kurier-merching/Gemeindekurier-Weihnachten-2022-f.-Homepage.pdf,https://www.gemeinde-merching.de/wp-content/uploads/filebase/gemeinde-kurier-merching/Gemeindekurier-Weihnachten-2022-f.-Homepage.pdf,,True,1607063,bdbcaf045dc046e768bd9ee2f07791eb5c78f2a84d6733715cdd562251a4780d,2022,False,not verified
filesystem,,wp-content/uploads/filebase/oeffentliche-bekannmachungen/Bekanntmachung-Bodenrichtwerte-31.12.2021.pdf,https://www.gemeinde-merching.de/wp-content/uploads/filebase/oeffentliche-bekannmachungen/Bekanntmachung-Bodenrichtwerte-31.12.2021.pdf,,True,352247,db83da00795bf7c261c5eda795f9e614fc297b98f10d3e3d6003bb4dde48314d,2021,False,not verified
filesystem,,wp-content/uploads/filebase/oeffentliche-bekannmachungen/Bekanntmachung-Flurneuord.-Lechhausen.pdf,https://www.gemeinde-merching.de/wp-content/uploads/filebase/oeffentliche-bekannmachungen/Bekanntmachung-Flurneuord.-Lechhausen.pdf,,True,388101,6a942030dac11ec7b0e1a57b6c923bde3c07bead7ca07df36c2dadee12329202,,False,not verified
filesystem,,wp-content/uploads/filebase/oeffentliche-bekannmachungen/Bekanntmachung_Friedhofs-und-Bestattungssatzung.pdf,https://www.gemeinde-merching.de/wp-content/uploads/filebase/oeffentliche-bekannmachungen/Bekanntmachung_Friedhofs-und-Bestattungssatzung.pdf,,True,386083,cf0e4c27f70d804a7fa4cb432c74a2f39e061f700834a7efe257d9bab0c553ca,,False,not verified
filesystem,,wp-content/uploads/filebase/oeffentliche-bekannmachungen/Bekanntmachung-Ueberschwemmungsgebiet-der-Paar-und-der-Steinach-07.12.22.pdf,https://www.gemeinde-merching.de/wp-content/uploads/filebase/oeffentliche-bekannmachungen/Bekanntmachung-Ueberschwemmungsgebiet-der-Paar-und-der-Steinach-07.12.22.pdf,,True,301980,b6959bc166e204789db52ac299741012846180a4ee91bd682d1de07245edad68,,False,not verified
filesystem,,wp-content/uploads/filebase/oeffentliche-bekannmachungen/Bekanntmachung-GBS_BES-Satzung_2_2.pdf,https://www.gemeinde-merching.de/wp-content/uploads/filebase/oeffentliche-bekannmachungen/Bekanntmachung-GBS_BES-Satzung_2_2.pdf,,True,388792,cadcbe0cdc3904b24fdcb50ee31abdb19cc8c6a83906e1f09fa80276054748ac,,False,not verified
filesystem,,wp-content/uploads/2026/09/20260909_Badeseenbeprobung.pdf,https://www.gemeinde-merching.de/wp-content/uploads/2026/09/20260909_Badeseenbeprobung.pdf,,True,173816,89dcf2e001684c9c6662c578eaf810bf23c1f670a7f15ff582f58651f0bf25e4,2026,False,not verified
filesystem,,wp-content/uploads/2026/09/3.-PM-triathlon.de-CUP-Koenigsbrunn-Sperrungen-Anwohnerinformationen.pdf,https://www.gemeinde-merching.de/wp-content/uploads/2026/09/3.-PM-triathlon.de-CUP-Koenigsbrunn-Sperrungen-Anwohnerinformationen.pdf,,True,272085,1dc4b398db6d3fde7d83c6c6d51d200d03adbd0341277793d5d959428c2aa608,2026,False,not verified
filesystem,,wp-content/uploads/2026/09/Plakat-Tag-der-offenen-Tueren_Demenzwoche-2026.pdf,https://www.gemeinde-merching.de/wp-content/uploads/2026/09/Plakat-Tag-der-offenen-Tueren_Demenzwoche-2026.pdf,,True,4306369,d23220114f230618ca7b25f6693c2863de66b6ac3e0fc8d0e1cecbd354d003f9,2026,False,not verified
filesystem,,wp-content/uploads/2026/09/20260819-Badeseen-Beprobung-Tychonema.pdf,https://www.gemeinde-merching.de/wp-content/uploads/2026/09/20260819-Badeseen-Beprobung-Tychonema.pdf,,True,159707,e46b0c8a4e60f114111c0920729e98478e708e5f1c0d911717f17b32ba46c546,2026,False,not verified
filesystem,,wp-content/uploads/2026/09/PRESSEMITTEILUNG-Nachhaltigkeitstag-18.09.2026-Infos-ueber-das-Programm.pdf,https://www.gemeinde-merching.de/wp-content/uploads/2026/09/PRESSEMITTEILUNG-Nachhaltigkeitstag-18.09.2026-Infos-ueber-das-Programm.pdf,,True,226423,c9144163f52a2a65cf7ed98c385c2cded8fdf6d3c47bf97c73af000528127a50,2026,False,not verified
filesystem,,wp-content/uploads/2026/09/20260908_Warntag.pdf,https://www.gemeinde-merching.de/wp-content/uploads/2026/09/20260908_Warntag.pdf,,True,205311,b86966e46e6215ae8a60f466ba5c5ae98370b9e0f54cdf98bfe2620a15134cc9,2026,False,not verified
filesystem,,wp-content/uploads/2026/09/20260915_Blaualgen-Auensee-Kissing-003.pdf,https://www.gemeinde-merching.de/wp-content/uploads/2026/09/20260915_Blaualgen-Auensee-Kissing-003.pdf,,True,154473,7437697a48e76a0c2983e26a43faf9300cb1d22a4b3a5b398f31e93fa94addd0,2026,False,not verified
filesystem,,wp-content/uploads/2026/09/Steinach-Hochdorf-Bodenrichtwerte-2026.pdf,https://www.gemeinde-merching.de/wp-content/uploads/2026/09/Steinach-Hochdorf-Bodenrichtwerte-2026.pdf,,True,407581,e6949b3fc338dc1d5401f6a04c2c24d482df4a269a1b6c44769899290efdd7a1,2026,False,not verified
filesystem,,wp-content/uploads/2026/09/20260903_DB-InfraGO-Augsburg-Muenchen_Pressemitteilung-LRA-09.2026.pdf,https://www.gemeinde-merching.de/wp-content/uploads/2026/09/20260903_DB-InfraGO-Augsburg-Muenchen_Pressemitteilung-LRA-09.2026.pdf,,True,165457,a06fe5e6c49b9e633072acac7db7c663ef1b8665290be3aca676ac34c722cc29,2026,False,not verified
filesystem,,wp-content/uploads/2026/09/Merching-Bodenrichtwerte-2026.pdf,https://www.gemeinde-merching.de/wp-content/uploads/2026/09/Merching-Bodenrichtwerte-2026.pdf,,True,434433,498330d34a55cc3e9087ed870d01d315b1f6d0670d6f1844b77978a8ffb5c7d1,2026,False,not verified
filesystem,,wp-content/uploads/2026/09/Kurs-ehrenamtlich-taetige-Einzelperson-27.10.2026-LRA_Flyer.pdf,https://www.gemeinde-merching.de/wp-content/uploads/2026/09/Kurs-ehrenamtlich-taetige-Einzelperson-27.10.2026-LRA_Flyer.pdf,,True,316836,076e946c88721059efb221fb7d383a1ec2fba894c1e8418f32b0c2aed447bb3f,2026,False,not verified
filesystem,,wp-content/uploads/2026/09/20260915_Uebernahme-Papiertonne-durch-den-Landkreis_Pressemitteilung-LRA.pdf,https://www.gemeinde-merching.de/wp-content/uploads/2026/09/20260915_Uebernahme-Papiertonne-durch-den-Landkreis_Pressemitteilung-LRA.pdf,,True,210554,d317ede77df394174d932f04ea3c72752ef7b2604a04651f57ecf48bf3a28a9e,2026,False,not verified
filesystem,,wp-content/uploads/2026/09/landwirtschaftliche-Flaechen-Bodenrichtwerte-2026.pdf,https://www.gemeinde-merching.de/wp-content/uploads/2026/09/landwirtschaftliche-Flaechen-Bodenrichtwerte-2026.pdf,,True,632423,fe7a2ed0aabcfd0c245d02fab4f3c1cf9557b5c30401ad4298b9b370b01bc035,2026,False,not verified
filesystem,,wp-content/uploads/2026/09/TRICUP_KOEB_Flyer_Anwohner_2026-08-21.pdf,https://www.gemeinde-merching.de/wp-content/uploads/2026/09/TRICUP_KOEB_Flyer_Anwohner_2026-08-21.pdf,,True,1370785,d46d9a3c437d65e89b25e3f81981b8714c0e1fc553dfa2971dafc2b2e80187d6,2026,False,not verified
filesystem,,wp-content/uploads/2026/04/2026031Anzeige-Solaroffensive-und-Energieberatung-04_26-f.-Homepage.pdf,https://www.gemeinde-merching.de/wp-content/uploads/2026/04/2026031Anzeige-Solaroffensive-und-Energieberatung-04_26-f.-Homepage.pdf,,True,1138110,e54ae9bccbd0ee53ee7c6c9e68f8c82462c2ce70073abaa49d12b094c9016eaf,2026,False,not verified
filesystem,,wp-content/uploads/2026/04/Wahlbekanntmachung-Homepage.pdf,https://www.gemeinde-merching.de/wp-content/uploads/2026/04/Wahlbekanntmachung-Homepage.pdf,,True,129284,e19654e68d930b3f8d4f1770799449438c00ad7cae5c12bfe9ec5a16475f63c5,2026,False,not verified
filesystem,,wp-content/uploads/2026/04/Verkuendung-des-Wahlergebnisses-OT-Hochdorf.pdf,https://www.gemeinde-merching.de/wp-content/uploads/2026/04/Verkuendung-des-Wahlergebnisses-OT-Hochdorf.pdf,,True,117014,b7bea03722052c9fb8fa8fdd2e7df90911752df57207f4d6138552c88fb7f23c,2026,False,not verified
filesystem,,wp-content/uploads/2026/04/20260414_Sitzung-Buendnis-fuer-Demokratie-f.-Homepage.pdf,https://www.gemeinde-merching.de/wp-content/uploads/2026/04/20260414_Sitzung-Buendnis-fuer-Demokratie-f.-Homepage.pdf,,True,180261,c52dff18068d95649f0a8853edc75cdc721206a3b281832aff60445f323906d3,2026,False,not verified
filesystem,,wp-content/uploads/2026/04/26-04-16-PM-Anzeigepflicht-Aenderungen-Grundbesitz.docx.pdf,https://www.gemeinde-merching.de/wp-content/uploads/2026/04/26-04-16-PM-Anzeigepflicht-Aenderungen-Grundbesitz.docx.pdf,,True,103700,b6d397e59f5a02a8145e103675b1af3d1bef7927f680e6a3a10695a518e85d6f,2026,False,not verified
filesystem,,wp-content/uploads/2026/04/20260413-AV-Gefluegelpest-aufgehoben_LRA-AIC-FDB-f.-Homepage-u.-Aushang.pdf,https://www.gemeinde-merching.de/wp-content/uploads/2026/04/20260413-AV-Gefluegelpest-aufgehoben_LRA-AIC-FDB-f.-Homepage-u.-Aushang.pdf,,True,170098,875dd064933c71d3de1274042c134bb46e77f97cd6a25750ae62991c1b2464b7,2026,False,not verified
filesystem,,wp-content/uploads/2026/03/2026-03-02-Lili-I-EOeT-Bekanntmachungstext.pdf,https://www.gemeinde-merching.de/wp-content/uploads/2026/03/2026-03-02-Lili-I-EOeT-Bekanntmachungstext.pdf,,True,95241,9df084ba6d5f93f57640e3bab42cd90fe6689b40530422cf1d79ed521b7f7d13,2026,False,not verified
filesystem,,wp-content/uploads/2026/03/Merchinger-Ramadama-2026-PDF.pdf,https://www.gemeinde-merching.de/wp-content/uploads/2026/03/Merchinger-Ramadama-2026-PDF.pdf,,True,360699,12707a9b09b64b3464db744c8cc123244fba838845fb522cd9ed8e55ca4d9583,2026,False,not verified
filesystem,,wp-content/uploads/2026/03/Gemeinderatswahl-Bekanntmachung_Wahlergebnis_Anl_17_Homepage.pdf,https://www.gemeinde-merching.de/wp-content/uploads/2026/03/Gemeinderatswahl-Bekanntmachung_Wahlergebnis_Anl_17_Homepage.pdf,,True,191805,611f20c6be98f680e15c45f037ecfc3dc9778c7721ca18749c467e1e2fb0d6e8,2026,False,not verified
filesystem,,wp-content/uploads/2026/03/Buergermeisterwahl-Bekanntmachung_Wahlergebnis_Anl_18-Direktwahl_Homepage.pdf,https://www.gemeinde-merching.de/wp-content/uploads/2026/03/Buergermeisterwahl-Bekanntmachung_Wahlergebnis_Anl_18-Direktwahl_Homepage.pdf,,True,188319,40cbcf0cde15d9ad2fe62bf4ad0d51a902e1f10931ceb57fc31d8d4652e94563,2026,False,not verified
filesystem,,wp-content/uploads/2026/03/20260226_PM_VHS-Kurs-Merching-Gebaeude.pdf,https://www.gemeinde-merching.de/wp-content/uploads/2026/03/20260226_PM_VHS-Kurs-Merching-Gebaeude.pdf,,True,179016,b8853d1ee330f2a74f47427c52b70ff656e087098d627db1f5615e19ab9aeecd,2026,False,not verified
filesystem,,wp-content/uploads/2026/03/Gemeindekurier-Ostern-2026-f.-Homepage.pdf,https://www.gemeinde-merching.de/wp-content/uploads/2026/03/Gemeindekurier-Ostern-2026-f.-Homepage.pdf,,True,1663303,56452b2a2bda833b63516f0e22b72da5b8c7a3c87afd710e05517d0ae830ac9e,2026,False,not verified
filesystem,,wp-content/uploads/2026/03/Plakat-Benefizkonzert-05.05.2026-in-Merching.pdf,https://www.gemeinde-merching.de/wp-content/uploads/2026/03/Plakat-Benefizkonzert-05.05.2026-in-Merching.pdf,,True,496068,5d9007a6eae053a5e7df6c22de076ea062086b8cbe121b192552ebee9ac05b05,2026,False,not verified
filesystem,,wp-content/uploads/2026/03/Information-Ortssprecherwahl-Steinach-u.-Hochdorf_Beilage-Kurier-Ostern-2026-f.-Hochdorf-u.-Steinach-f.-Homepage.pdf,https://www.gemeinde-merching.de/wp-content/uploads/2026/03/Information-Ortssprecherwahl-Steinach-u.-Hochdorf_Beilage-Kurier-Ostern-2026-f.-Hochdorf-u.-Steinach-f.-Homepage.pdf,,True,90272,c2f8cd7ddb59734fea86aaf3aebb9719fcccf3f1c5eb995d1baf6ba52f199f18,2026,False,not verified
filesystem,,wp-content/uploads/2026/03/Modernisierungsbuendnis-2026_vhs-Kurs-Merching.pdf,https://www.gemeinde-merching.de/wp-content/uploads/2026/03/Modernisierungsbuendnis-2026_vhs-Kurs-Merching.pdf,,True,1639792,30c94a6ade1747dbe40ca83b2343b67dd03ce7189264c4a5a575054264dff7b2,2026,False,not verified
filesystem,,wp-content/uploads/2026/01/010203-Programm-FSP-Sued-2026.pdf,https://www.gemeinde-merching.de/wp-content/uploads/2026/01/010203-Programm-FSP-Sued-2026.pdf,,True,163547,2f8293e481f726e9081d11cace24312880eedb9b700ffe7a923ca9bdcd701c96,2026,False,not verified
filesystem,,wp-content/uploads/2026/01/004_2026_42_A_Mikrozensus.pdf,https://www.gemeinde-merching.de/wp-content/uploads/2026/01/004_2026_42_A_Mikrozensus.pdf,,True,186075,7d5f62f71127a0d4c0c445e8bfae4f36de4d3f9bafb6efa7fd77821d50dfe61b,2026,False,not verified
filesystem,,wp-content/uploads/2026/01/BP_Nr34_Oestl._der_Nebelhornstrasse_1Aend_Textteil_m_VV_20251211.pdf,https://www.gemeinde-merching.de/wp-content/uploads/2026/01/BP_Nr34_Oestl._der_Nebelhornstrasse_1Aend_Textteil_m_VV_20251211.pdf,,True,172353,370a099e6ecf7b0386d61471a207751ec2a72a8710ab6ba5fb439c6d0f27d5de,2025|2026,False,not verified
filesystem,,wp-content/uploads/2026/01/BZKF_BuergerTelefonKrebs-v.-F.-Hagen.pdf,https://www.gemeinde-merching.de/wp-content/uploads/2026/01/BZKF_BuergerTelefonKrebs-v.-F.-Hagen.pdf,,True,1318574,1e38f4a41d7ae954f4f9f668ee2a5a8de403ddf1dd067e638b2070784ca63df4,2026,False,not verified
filesystem,,wp-content/uploads/2026/01/1.Aenderung-BP-34-oestl.-Nebelhornstr.-Bekanntmachung-Satzungsbeschluss.pdf,https://www.gemeinde-merching.de/wp-content/uploads/2026/01/1.Aenderung-BP-34-oestl.-Nebelhornstr.-Bekanntmachung-Satzungsbeschluss.pdf,,True,490714,d404152a623063d54dc84f06c3f8736e79a4b40bac024fcbd16a22abf581bae2,2026,False,not verified
filesystem,,wp-content/uploads/2026/01/Bekanntmachung-Abschlussbericht-Kommunale-Waermeplanung-PDF-1.pdf,https://www.gemeinde-merching.de/wp-content/uploads/2026/01/Bekanntmachung-Abschlussbericht-Kommunale-Waermeplanung-PDF-1.pdf,,True,189672,a9b6b8787702c657d5f9d0a64d8164c84fe63f6eb1d7559fde54ae5bd1f73c29,2026,False,not verified
filesystem,,wp-content/uploads/2026/01/BP_Nr34_Oestl._der_Nebelhornstrasse_1Aend_Begruendung_20251211.pdf,https://www.gemeinde-merching.de/wp-content/uploads/2026/01/BP_Nr34_Oestl._der_Nebelhornstrasse_1Aend_Begruendung_20251211.pdf,,True,412709,3c59ff6e49f0d20ad236987f9fcaacf98510b470908f92c076e71e3d27d55a15,2025|2026,False,not verified
filesystem,,wp-content/uploads/2026/01/Bekanntmachung-Abschlussbericht-Kommunale-Waermeplanung-PDF.pdf,https://www.gemeinde-merching.de/wp-content/uploads/2026/01/Bekanntmachung-Abschlussbericht-Kommunale-Waermeplanung-PDF.pdf,,True,189672,a9b6b8787702c657d5f9d0a64d8164c84fe63f6eb1d7559fde54ae5bd1f73c29,2026,False,not verified
filesystem,,wp-content/uploads/2026/06/Bekanntmachung-Verbandsversammlung-24.06.2026-1.pdf,https://www.gemeinde-merching.de/wp-content/uploads/2026/06/Bekanntmachung-Verbandsversammlung-24.06.2026-1.pdf,,True,189444,d67393cf4013806ef9f07f9eee1be1383e3be179e4354f440c448832e775a057,2026,False,not verified
filesystem,,wp-content/uploads/2026/06/20260625_Badeseen_Beprobung-LRA-25.06.2026.pdf,https://www.gemeinde-merching.de/wp-content/uploads/2026/06/20260625_Badeseen_Beprobung-LRA-25.06.2026.pdf,,True,174908,2c260ae8f2eb511aaf138697164fcf1b0f973c67740139a2e3ef70270b53d504,2026,False,not verified
filesystem,,wp-content/uploads/2026/06/Plakatvorlage-Sommerserenade-2026_Stand-26.05.26.pdf,https://www.gemeinde-merching.de/wp-content/uploads/2026/06/Plakatvorlage-Sommerserenade-2026_Stand-26.05.26.pdf,,True,3321841,508d4b247c49ef8f82c955aef2338e369f1cc1d19c280c817e0d0449942e5f80,2026,False,not verified
filesystem,,wp-content/uploads/2026/06/Bekanntmachung-Eroeffnung-Vergabeverfahren-BG-34.pdf,https://www.gemeinde-merching.de/wp-content/uploads/2026/06/Bekanntmachung-Eroeffnung-Vergabeverfahren-BG-34.pdf,,True,203895,351e3d52fd08a60f7f48fb2131b527489a6ff209660d8e918ccd42027d60ea88,2026,False,not verified
filesystem,,wp-content/uploads/2026/06/Bekanntmachung-Schliessung-Rathaus-01.07.-bis-03.07.2026.pdf,https://www.gemeinde-merching.de/wp-content/uploads/2026/06/Bekanntmachung-Schliessung-Rathaus-01.07.-bis-03.07.2026.pdf,,True,179095,31d07bd93d3e640126c59de705748685987165a125ae3ce6935d0482eb9c4a87,2026,False,not verified
filesystem,,wp-content/uploads/2026/06/Rechtsverordnung-ueber-die-Zulassung-des-Betriebs-von-Autowaschanlagen-an-Sonn-und-Feiertagen.pdf,https://www.gemeinde-merching.de/wp-content/uploads/2026/06/Rechtsverordnung-ueber-die-Zulassung-des-Betriebs-von-Autowaschanlagen-an-Sonn-und-Feiertagen.pdf,,True,166514,ddace3ad558f22c5923e9808e228e5feadf2334c3594cf8cabca0160b2dd0ff6,2026,False,not verified
filesystem,,wp-content/uploads/2026/06/Amtsblatt-06-2026Jahrg.-81-Nr.-06.pdf,https://www.gemeinde-merching.de/wp-content/uploads/2026/06/Amtsblatt-06-2026Jahrg.-81-Nr.-06.pdf,,True,1165763,fdf6e7b4ec61b9c64aef3ef7bc250a06d55538ed2bb2def4334879d4836a9d9e,2026,False,not verified
filesystem,,wp-content/uploads/2026/06/Bekanntmachung-Verbandsversammlung-24.06.2026.pdf,https://www.gemeinde-merching.de/wp-content/uploads/2026/06/Bekanntmachung-Verbandsversammlung-24.06.2026.pdf,,True,189444,d67393cf4013806ef9f07f9eee1be1383e3be179e4354f440c448832e775a057,2026,False,not verified
filesystem,,wp-content/uploads/2026/06/20260623_Tonnenleerung-ab-5-Uhr-wegen-Hitze.pdf,https://www.gemeinde-merching.de/wp-content/uploads/2026/06/20260623_Tonnenleerung-ab-5-Uhr-wegen-Hitze.pdf,,True,161968,e0c58af8bd72ec1648d3ff599ae7a92a3f08fcdd86ba22c121b56d76a355a482,2026,False,not verified
filesystem,,wp-content/uploads/2026/07/Gemeindekurier-Sommer-2026-f.-Kurier.pdf,https://www.gemeinde-merching.de/wp-content/uploads/2026/07/Gemeindekurier-Sommer-2026-f.-Kurier.pdf,,True,850144,eb177dcdc8b1bae65b180be1de3eb67331b42a282e682c37e31426a97878ced3,2026,False,not verified
filesystem,,wp-content/uploads/2026/07/Friedhofs-und-Bestattungssatzung-ab-01.01.2027-Homepage-1.pdf,https://www.gemeinde-merching.de/wp-content/uploads/2026/07/Friedhofs-und-Bestattungssatzung-ab-01.01.2027-Homepage-1.pdf,,True,297746,00872094066f7e59f3e262bbd43e36b30258b4e4746d5f1d5deab073b0a979a6,2026|2027,False,not verified
filesystem,,wp-content/uploads/2026/07/Friedhofs-und-Bestattungssatzung-ab-01.01.2027-Homepage-2.pdf,https://www.gemeinde-merching.de/wp-content/uploads/2026/07/Friedhofs-und-Bestattungssatzung-ab-01.01.2027-Homepage-2.pdf,,True,297695,790a1fbbf9d2c5ff39ebc99b3aaa318b06df1ea7c571e8729d603d6188ad0e97,2026|2027,False,not verified
filesystem,,wp-content/uploads/2026/07/Bekanntmachung-Friedhofs-und-Bestattungssatzung-ab-01.01.2027.pdf,https://www.gemeinde-merching.de/wp-content/uploads/2026/07/Bekanntmachung-Friedhofs-und-Bestattungssatzung-ab-01.01.2027.pdf,,True,130330,94a8f1d2aad8a89024aee15e30a989338bb8ea10a96ff4f4e0897c1e18037982,2026|2027,False,not verified
filesystem,,wp-content/uploads/2026/07/Bestattungsgebuehrensatzung-ab-01.01.2027-_Homepage.pdf,https://www.gemeinde-merching.de/wp-content/uploads/2026/07/Bestattungsgebuehrensatzung-ab-01.01.2027-_Homepage.pdf,,True,327834,0ca20b09a840fba66a137bea5e11d029d8440991786adfae6f3408a7d7a4264d,2026|2027,False,not verified
filesystem,,wp-content/uploads/2026/07/Bestattungsgebuehrensatzung-ab-2027_Homepage.pdf,https://www.gemeinde-merching.de/wp-content/uploads/2026/07/Bestattungsgebuehrensatzung-ab-2027_Homepage.pdf,,True,329534,3d950ca70e85d3f9ad02cb31dd1845ef50509b93329a523b2678ef434933a456,2026|2027,False,not verified
filesystem,,wp-content/uploads/2026/07/Bekanntmachung-Satzung-GBS_BES-ab-01.01.2027.pdf,https://www.gemeinde-merching.de/wp-content/uploads/2026/07/Bekanntmachung-Satzung-GBS_BES-ab-01.01.2027.pdf,,True,119389,e39cd6da359c05755fa6752db7cd19e83d1c8698c6dece5657b9ef3c5bffbb6d,2026|2027,False,not verified
filesystem,,wp-content/uploads/2026/07/Friedhofs-und-Bestattungssatzung-ab-01.01.2027-Homepage.pdf,https://www.gemeinde-merching.de/wp-content/uploads/2026/07/Friedhofs-und-Bestattungssatzung-ab-01.01.2027-Homepage.pdf,,True,313490,9a42e19b00993f678944c69a92f8c2e2800ff37b119a27b2a6db05b09a04bd69,2026|2027,False,not verified
filesystem,,wp-content/uploads/2026/05/Satzung-Gemeideverfassunsrechts-Homepage.pdf,https://www.gemeinde-merching.de/wp-content/uploads/2026/05/Satzung-Gemeideverfassunsrechts-Homepage.pdf,,True,145848,b40b243d0f4e5338cae1c8cfb97e2a71f6394287799c25e1eb14acc8d440bdf5,2026,False,not verified
filesystem,,wp-content/uploads/2026/05/Flyer-SR-2026_AIC-FDB_klein.pdf,https://www.gemeinde-merching.de/wp-content/uploads/2026/05/Flyer-SR-2026_AIC-FDB_klein.pdf,,True,2072239,59d8cb48acb54cb5322ca64832892f53670d797a96c60373babd9f753619c9e5,2026,False,not verified
filesystem,,wp-content/uploads/2026/05/Bekanntmachung_Geschaeftsordnung_Homepage.pdf,https://www.gemeinde-merching.de/wp-content/uploads/2026/05/Bekanntmachung_Geschaeftsordnung_Homepage.pdf,,True,115730,3fe1f242908a4785bfecb42c055c675aff6412807e8cd1600c72c1cb1de98308,2026,False,not verified
filesystem,,wp-content/uploads/2026/05/Pressemitteilung-LRA-Wettbewerb_Wir-fuers-Wittelsbacher-Land.pdf,https://www.gemeinde-merching.de/wp-content/uploads/2026/05/Pressemitteilung-LRA-Wettbewerb_Wir-fuers-Wittelsbacher-Land.pdf,,True,406167,6fd67b5416e5a2893156eafea68f0b336369b578c6009acbd1535ee0df66b274,2026,False,not verified
filesystem,,wp-content/uploads/2026/05/Bekanntmachung_Satzung-Gemeindeverfassungsrechts_Homepage.pdf,https://www.gemeinde-merching.de/wp-content/uploads/2026/05/Bekanntmachung_Satzung-Gemeindeverfassungsrechts_Homepage.pdf,,True,115745,0b98be66cde35c57786bbd6c6e790ca1ba0bb867fcc5170b4a8ca035ad9c44ae,2026,False,not verified
filesystem,,wp-content/uploads/2026/05/Kurzversion_Erinnerung-an-Steuervorauszahlung.docx.pdf,https://www.gemeinde-merching.de/wp-content/uploads/2026/05/Kurzversion_Erinnerung-an-Steuervorauszahlung.docx.pdf,,True,52000,a960a8b4872682606b31e4a2ce983852cd5b7c5e11c6a7b9eb4e6616e4420e8e,2026,False,not verified
filesystem,,wp-content/uploads/2026/05/20260430_LRA-beim-Marktsonntag-Mering.pdf,https://www.gemeinde-merching.de/wp-content/uploads/2026/05/20260430_LRA-beim-Marktsonntag-Mering.pdf,,True,186277,d9b219ae85935ba2d38302e7f2766a16765a2e8b13ea3c88818ecb4ac13b13e3,2026,False,not verified
filesystem,,wp-content/uploads/2026/05/Bekanntmachung-Vergabe-von-gemeindlichen-Wohnbaugrundstuecken.pdf,https://www.gemeinde-merching.de/wp-content/uploads/2026/05/Bekanntmachung-Vergabe-von-gemeindlichen-Wohnbaugrundstuecken.pdf,,True,189269,02d3421c118ef839aa2dbafc2fd9214f0a4f8dc7d8ecde9451335e1e4167aee6,2026,False,not verified
filesystem,,wp-content/uploads/2026/05/Geschaeftsordnung_Homepage_ab-Mai_2026-.pdf,https://www.gemeinde-merching.de/wp-content/uploads/2026/05/Geschaeftsordnung_Homepage_ab-Mai_2026-.pdf,,True,263956,c6d77895b848b1b94494c02bff6c482d7ecaef3586acd03537379389b9b7907a,2026,False,not verified
filesystem,,wp-content/uploads/2026/08/20260825_Urlaub-trotz-Pflege.pdf,https://www.gemeinde-merching.de/wp-content/uploads/2026/08/20260825_Urlaub-trotz-Pflege.pdf,,True,250723,82c9b756c8a06567aa6fa695b185a716023bdc9e43dcf0885c9166aaff6a75be,2026,False,not verified
filesystem,,wp-content/uploads/2026/08/20260811_Pamira-Sammlung-2026.pdf,https://www.gemeinde-merching.de/wp-content/uploads/2026/08/20260811_Pamira-Sammlung-2026.pdf,,True,191772,67b352505c7557494993cf9d6874049263ad4bcc38003ce4ea54cedd7bfe5ccc,2026,False,not verified
filesystem,,wp-content/uploads/2026/10/20260925_Vereinsforum-E-Rechnung_Online-Seminar-LRA.pdf,https://www.gemeinde-merching.de/wp-content/uploads/2026/10/20260925_Vereinsforum-E-Rechnung_Online-Seminar-LRA.pdf,,True,196791,ccf391abcf28fac3fa43a48996916cb9800a5549e5d0ab899744ffabdb69784a,2026,False,not verified
filesystem,,wp-content/uploads/2026/10/20260918_Workshop_Alle-im-Blick-Ehrenamt-neu-gestalten.pdf,https://www.gemeinde-merching.de/wp-content/uploads/2026/10/20260918_Workshop_Alle-im-Blick-Ehrenamt-neu-gestalten.pdf,,True,202975,5ae48e4a762521559bd5ada0dcbf1d4ac26a9918bcf6108f4dfd41be427b5fd7,2026,False,not verified
filesystem,,wp-content/uploads/2026/10/20260924_Tagesschulung-Ehrenamtlich-taetige-Einzelperson.pdf,https://www.gemeinde-merching.de/wp-content/uploads/2026/10/20260924_Tagesschulung-Ehrenamtlich-taetige-Einzelperson.pdf,,True,185580,c832b8bd07c49f2c283ccf39efd5740bc96e70794ce194afb8f3e2a4ab6e6b0b,2026,False,not verified
filesystem,,wp-content/uploads/2026/10/20260928_Vorlage-PM_mehrere-SolarTreffs.pdf,https://www.gemeinde-merching.de/wp-content/uploads/2026/10/20260928_Vorlage-PM_mehrere-SolarTreffs.pdf,,True,182897,8f5a905952894d57404de76ce74ce6b1ccad91a6ba10c5ecbe60f73919dafd96,2026,False,not verified
filesystem,,wp-content/uploads/2026/02/Merchinger-Ramadama-2026-PDF.pdf,https://www.gemeinde-merching.de/wp-content/uploads/2026/02/Merchinger-Ramadama-2026-PDF.pdf,,True,360699,12707a9b09b64b3464db744c8cc123244fba838845fb522cd9ed8e55ca4d9583,2026,False,not verified
filesystem,,wp-content/uploads/2026/02/Merchinger-Rama-Dama-2026.pdf,https://www.gemeinde-merching.de/wp-content/uploads/2026/02/Merchinger-Rama-Dama-2026.pdf,,True,272121,016fc55082f8cd3ddcda477ffd8d4331ca4214b95199c50316f8290e741a67c8,2026,False,not verified
filesystem,,wp-content/uploads/2026/02/Trinkwasserwerte-f.-Homepage-vom-Bauhof-26.02.26.pdf,https://www.gemeinde-merching.de/wp-content/uploads/2026/02/Trinkwasserwerte-f.-Homepage-vom-Bauhof-26.02.26.pdf,,True,275151,2b17873cb822cc92684041a773de9595af9856521942a55e510da16840f751fe,2026,False,not verified
filesystem,,wp-content/uploads/2021/03/logo-Familienstuetzpunkt.pdf,https://www.gemeinde-merching.de/wp-content/uploads/2021/03/logo-Familienstuetzpunkt.pdf,,True,191857,3cb68760cd72188820c6d87f1e95d1b07f98c7607673914b7a86ca5849d62c39,2021,False,not verified
filesystem,,wp-content/uploads/2021/03/logo-Familienstuetzpunkt-1.pdf,https://www.gemeinde-merching.de/wp-content/uploads/2021/03/logo-Familienstuetzpunkt-1.pdf,,True,191857,3cb68760cd72188820c6d87f1e95d1b07f98c7607673914b7a86ca5849d62c39,2021,False,not verified
filesystem,,wp-content/uploads/2021/12/Wappen.pdf,https://www.gemeinde-merching.de/wp-content/uploads/2021/12/Wappen.pdf,,True,36776,7d3ce50e80b03b81fab6da9b2a1925a0725befb62685396337e5a0e955c4c6d7,2021,False,not verified
filesystem,,wp-content/uploads/2021/02/Bild-Landratsamt-Hilfe-Corona-Feb.-2021-neu-1.pdf,https://www.gemeinde-merching.de/wp-content/uploads/2021/02/Bild-Landratsamt-Hilfe-Corona-Feb.-2021-neu-1.pdf,,True,461565,f2c5a1362b564076f91ca844fc9f19a31226959729bef2e8bcf44deb5cb7f065,2021,False,not verified
filesystem,,wp-content/uploads/2021/02/Bild-Landratsamt-Hilfe-Corona-Feb.-2021-neu.pdf,https://www.gemeinde-merching.de/wp-content/uploads/2021/02/Bild-Landratsamt-Hilfe-Corona-Feb.-2021-neu.pdf,,True,461565,f2c5a1362b564076f91ca844fc9f19a31226959729bef2e8bcf44deb5cb7f065,2021,False,not verified
filesystem,,wp-content/uploads/2023/09/Amtsblatt-08-2023Jahrg.-78-Nr.-08.pdf,https://www.gemeinde-merching.de/wp-content/uploads/2023/09/Amtsblatt-08-2023Jahrg.-78-Nr.-08.pdf,,True,407535,feee7188f902fa64a85bcac25474f7a61ad4c9c4f85489c094e9466455ba1b8a,2023,False,not verified
filesystem,,wp-content/uploads/2023/09/Amtsblatt-08a-2023Jahrg.-78-Nr.-08a.pdf,https://www.gemeinde-merching.de/wp-content/uploads/2023/09/Amtsblatt-08a-2023Jahrg.-78-Nr.-08a.pdf,,True,158428,2dde34ea664cbfe32c9e144d43022d4bccd04ff34d5c405541631d3816c38eec,2023,False,not verified
filesystem,,wp-content/uploads/2023/09/Amtsblatt-08b-2023Jahrg.-78-Nr.-08b.pdf,https://www.gemeinde-merching.de/wp-content/uploads/2023/09/Amtsblatt-08b-2023Jahrg.-78-Nr.-08b.pdf,,True,262389,fa60528a7886e1644a4ea8f25bcdd7635d000b32ba2b2e8eb2d50e9aec02016c,2023,False,not verified
filesystem,,wp-content/uploads/2023/09/Netzwerk-Familie-AELF-Kurse.pdf,https://www.gemeinde-merching.de/wp-content/uploads/2023/09/Netzwerk-Familie-AELF-Kurse.pdf,,True,1526291,e101395740a7d4721ed440f29bd818966dcc4c3478b85dae4fab6d711838def0,2023,False,not verified
filesystem,,wp-content/uploads/2023/09/Amtsblatt-09-2023Jahrg.-78-Nr.-09.pdf,https://www.gemeinde-merching.de/wp-content/uploads/2023/09/Amtsblatt-09-2023Jahrg.-78-Nr.-09.pdf,,True,233992,7030076fbefc1a22028970226ed29b10fc6c460d426f22021c63500723fe227f,2023,False,not verified
filesystem,,wp-content/uploads/2023/11/Abschaffung-des-Kinderreisepasses-zum-01.01.2024.pdf,https://www.gemeinde-merching.de/wp-content/uploads/2023/11/Abschaffung-des-Kinderreisepasses-zum-01.01.2024.pdf,,True,134976,7cecbb849025cc06fcf9380dfd3cfe856df0f7bca6f12a0fcb857badd106c673,2023|2024,False,not verified
filesystem,,wp-content/uploads/2023/11/BP-PV-Mandichosee_Teil-A_Planzeichnung-2023-10-26.pdf,https://www.gemeinde-merching.de/wp-content/uploads/2023/11/BP-PV-Mandichosee_Teil-A_Planzeichnung-2023-10-26.pdf,,True,1902070,2af2890e0feeddb189c3b5e862bb1c328ec79b23c01ac986b1279198188a2e95,2023,False,not verified
filesystem,,wp-content/uploads/2023/11/BP-PV-Mandichosee_Teil-C_Begruendung-mit-Umweltbericht-2023-10-26.pdf,https://www.gemeinde-merching.de/wp-content/uploads/2023/11/BP-PV-Mandichosee_Teil-C_Begruendung-mit-Umweltbericht-2023-10-26.pdf,,True,2249782,6703ca695912b19b0994738c6c2b92b1fc89b6b12a8905ccb2864e2271be9e3c,2023,False,not verified
filesystem,,wp-content/uploads/2023/11/Satzung_WAS_2022.pdf,https://www.gemeinde-merching.de/wp-content/uploads/2023/11/Satzung_WAS_2022.pdf,,True,8568526,358f0ab7e83a2500d4aeed06d3ba104a01bc71b053b44fc8e3b4c2465275fa8a,2022|2023,False,not verified
filesystem,,wp-content/uploads/2023/11/BP-PV-Mandichosee_Teil-B_Festsetzungen-2023-10-26.pdf,https://www.gemeinde-merching.de/wp-content/uploads/2023/11/BP-PV-Mandichosee_Teil-B_Festsetzungen-2023-10-26.pdf,,True,421565,863e363308794577c7423a944524cfe4a7317bad764d89f344211bf7000e2f21,2023,False,not verified
filesystem,,wp-content/uploads/2023/11/Amtsblatt-11-2023Jahrg.-78-Nr.-11.pdf,https://www.gemeinde-merching.de/wp-content/uploads/2023/11/Amtsblatt-11-2023Jahrg.-78-Nr.-11.pdf,,True,158823,a2060a28b92511cd14c96066811421b024048574cf52f1ad8cffa35e623b7865,2023,False,not verified
filesystem,,wp-content/uploads/2023/11/EWS_Satzung_2022.pdf,https://www.gemeinde-merching.de/wp-content/uploads/2023/11/EWS_Satzung_2022.pdf,,True,9853787,461fe0fafac1f431b8149ef124203214258a6bceb6009f62b233ced68365649f,2022|2023,False,not verified
filesystem,,wp-content/uploads/2023/11/FNP-PV-Mandichosee_Teil-A_Planzeichnung-2023-10-26.pdf,https://www.gemeinde-merching.de/wp-content/uploads/2023/11/FNP-PV-Mandichosee_Teil-A_Planzeichnung-2023-10-26.pdf,,True,2693384,df7cca7b5a1a0ac83b1a83c6e5f5bf237cbc19ad722947b3ee38bf5ebc2c4af6,2023,False,not verified
filesystem,,wp-content/uploads/2023/11/Abschaffung-des-Kinderreisepasses-zum-01.01.2024-1.pdf,https://www.gemeinde-merching.de/wp-content/uploads/2023/11/Abschaffung-des-Kinderreisepasses-zum-01.01.2024-1.pdf,,True,134976,7cecbb849025cc06fcf9380dfd3cfe856df0f7bca6f12a0fcb857badd106c673,2023|2024,False,not verified
filesystem,,wp-content/uploads/2023/11/Leseclub-Merching.pdf,https://www.gemeinde-merching.de/wp-content/uploads/2023/11/Leseclub-Merching.pdf,,True,725638,52bcccee654fad1a8618a4c5ff2764737d89f2791f41c244d6ea8fc4ad34341a,2023,False,not verified
filesystem,,wp-content/uploads/2023/11/FNP-PV-Mandichosee_Teil-B_Begruendung-m.-Umweltbericht-2023-10-26.pdf,https://www.gemeinde-merching.de/wp-content/uploads/2023/11/FNP-PV-Mandichosee_Teil-B_Begruendung-m.-Umweltbericht-2023-10-26.pdf,,True,1414844,c07afddc2276a1a7243b32d4a60815fcf1128381041de8e2644393d6b7a31947,2023,False,not verified
filesystem,,wp-content/uploads/2023/11/BP-PV-Mandichosees-Fachbeitrag-Artenschutz.pdf,https://www.gemeinde-merching.de/wp-content/uploads/2023/11/BP-PV-Mandichosees-Fachbeitrag-Artenschutz.pdf,,True,2493347,24ef4260ebf6ad40ca2411bca03c1af58e780ba517be80e15a254f60a37af273,2023,False,not verified
filesystem,,wp-content/uploads/2023/11/BGS_WAS_Satzung_2022.pdf,https://www.gemeinde-merching.de/wp-content/uploads/2023/11/BGS_WAS_Satzung_2022.pdf,,True,4957219,8a4b70338b0ac256c760e6e57343256b8b1fe395c37a2b3e12473c9051a17f6f,2022|2023,False,not verified
filesystem,,wp-content/uploads/2023/04/Amtsblatt-04-2023Jahrg.-78-Nr.-4.pdf,https://www.gemeinde-merching.de/wp-content/uploads/2023/04/Amtsblatt-04-2023Jahrg.-78-Nr.-4.pdf,,True,337503,8e64e50856bc369ff8dc86fcd31022853aa0a5ae7b10daf24ab8d54b70463f6e,2023,False,not verified
filesystem,,wp-content/uploads/2023/04/Aushang-Homepage.pdf,https://www.gemeinde-merching.de/wp-content/uploads/2023/04/Aushang-Homepage.pdf,,True,139976,6f9a5b21d40a8a9e41368863202e509308a1459b4b76f9fc2524661fe7be37e4,2023,False,not verified
filesystem,,wp-content/uploads/2023/04/Amtsblatt-04-2023Jahrg.-78-Nr.-4a.pdf,https://www.gemeinde-merching.de/wp-content/uploads/2023/04/Amtsblatt-04-2023Jahrg.-78-Nr.-4a.pdf,,True,290829,0c36b3c3b18d6c7c09b0fe9548487a798550e1a4642d42bedd6295284d70447a,2023,False,not verified
filesystem,,wp-content/uploads/2023/03/Rama-Dama-Hochdorf.pdf,https://www.gemeinde-merching.de/wp-content/uploads/2023/03/Rama-Dama-Hochdorf.pdf,,True,394644,e83dc099af088919d9bf34af4018c89dab7e070be002e5330059ecf28d15c59c,2023,False,not verified
filesystem,,wp-content/uploads/2023/01/Vorkaufsrechtssatzung-31-01-2023.pdf,https://www.gemeinde-merching.de/wp-content/uploads/2023/01/Vorkaufsrechtssatzung-31-01-2023.pdf,,True,181616,7b6f665c82e0706c2e0858948d8bbcd0d1395f0a65bee5a08c6fe4d73ce07476,2023,False,not verified
filesystem,,wp-content/uploads/2023/01/Amtsblatt-01-2023Jahrg.-78-Nr.-01.pdf,https://www.gemeinde-merching.de/wp-content/uploads/2023/01/Amtsblatt-01-2023Jahrg.-78-Nr.-01.pdf,,True,328515,039ccd1722c091a6c8bb47829656c44b5cfbd611893bceea6d7874d6cc226ff0,2023,False,not verified
filesystem,,wp-content/uploads/2023/06/Stellungnahme-fruehz.-Beteiligung_Regierung-v.-Schwaben_Abwaegung-29.06.2023.pdf,https://www.gemeinde-merching.de/wp-content/uploads/2023/06/Stellungnahme-fruehz.-Beteiligung_Regierung-v.-Schwaben_Abwaegung-29.06.2023.pdf,,True,624376,d67639d39646af760f93682d66a56ed7b6723cf7e200dd4e7e21027a04dfa91b,2023,False,not verified
filesystem,,wp-content/uploads/2023/06/BP-PV-Merching-Planzeichnung-Teil-A-29.06.2023.pdf,https://www.gemeinde-merching.de/wp-content/uploads/2023/06/BP-PV-Merching-Planzeichnung-Teil-A-29.06.2023.pdf,,True,451408,065eb0a29ab88f7ef83c670dcb26a30a791ff19dbd08d5a5e1c1e41ea88ed409,2023,False,not verified
filesystem,,wp-content/uploads/2023/06/Stellungnahme-fruehz.-Beteiligung_LRA-fuer-BP_Abwaegung-29.06.2023.pdf,https://www.gemeinde-merching.de/wp-content/uploads/2023/06/Stellungnahme-fruehz.-Beteiligung_LRA-fuer-BP_Abwaegung-29.06.2023.pdf,,True,1962458,9a188a418399bed4a0aba2632e4f7766e0c7b7cd5e3a6fe3e142ae24620ea6c4,2023,False,not verified
filesystem,,wp-content/uploads/2023/06/Stellungnahme-fruehz.-Beteiligung_Denkmalpflege_Abwaegung-29.06.2023.pdf,https://www.gemeinde-merching.de/wp-content/uploads/2023/06/Stellungnahme-fruehz.-Beteiligung_Denkmalpflege_Abwaegung-29.06.2023.pdf,,True,334830,2982616f1f01916907c91c1dc9416bdd84fa798a545642341d134e38af9a9b54,2023,False,not verified
filesystem,,wp-content/uploads/2023/06/BP-PV-Merching_Festsetzungen-Teil-B-29.06.2023.pdf,https://www.gemeinde-merching.de/wp-content/uploads/2023/06/BP-PV-Merching_Festsetzungen-Teil-B-29.06.2023.pdf,,True,400664,bb159bfa07785a397119c80038566cf2387a3c178a2ef119858b5afbf87c8553,2023,False,not verified
filesystem,,wp-content/uploads/2023/06/Wahlheler_Anmeldeformular.pdf,https://www.gemeinde-merching.de/wp-content/uploads/2023/06/Wahlheler_Anmeldeformular.pdf,,True,41549,ae10313f36285c3193e0eb30c66b666ac1a9a6ee627d188b7127c8f21d6b6bab,2023,False,not verified
filesystem,,wp-content/uploads/2023/06/Stellungnahme-fruehz.-Beteiligung_WWA_Abwaegung-29.06.2023.pdf,https://www.gemeinde-merching.de/wp-content/uploads/2023/06/Stellungnahme-fruehz.-Beteiligung_WWA_Abwaegung-29.06.2023.pdf,,True,687973,b61ab77d78ddf6027282103104744598b18fef8d26288d51b2d5f5e9e1f28af0,2023,False,not verified
filesystem,,wp-content/uploads/2023/06/BP34_Oestl_Nebenhornstrasse_Planzeichnung_Entwurf_2023-05-04.pdf,https://www.gemeinde-merching.de/wp-content/uploads/2023/06/BP34_Oestl_Nebenhornstrasse_Planzeichnung_Entwurf_2023-05-04.pdf,,True,897719,328758a3a98661adbb51f0a2bac41eb687507a69653972a02db965138cce3e88,2023,False,not verified
filesystem,,wp-content/uploads/2023/06/Datenschutzrechtliche-Informationspflichten-nach-Art.-13-und-14-DSGVO-29.06.2023.pdf,https://www.gemeinde-merching.de/wp-content/uploads/2023/06/Datenschutzrechtliche-Informationspflichten-nach-Art.-13-und-14-DSGVO-29.06.2023.pdf,,True,892060,502317377dd9b1096c26ac7c0fded2fd0a52b39e21b99b7335a62f9dc79643d3,2023,False,not verified
filesystem,,wp-content/uploads/2023/06/Aufhebung_BP_Nr3a_Anschreiben_TOeB_Bet_20230601.pdf,https://www.gemeinde-merching.de/wp-content/uploads/2023/06/Aufhebung_BP_Nr3a_Anschreiben_TOeB_Bet_20230601.pdf,,True,348259,38b98320908b314f291664a06f0c6b3d6a34be855ef419832e8fe559c96eaedb,2023,False,not verified
filesystem,,wp-content/uploads/2023/06/BP-PV-Merching_Begruendung-mit-Umweltbericht-Teil-C_07-29.06.2023.pdf,https://www.gemeinde-merching.de/wp-content/uploads/2023/06/BP-PV-Merching_Begruendung-mit-Umweltbericht-Teil-C_07-29.06.2023.pdf,,True,902125,06dcf1f7437a04fce5fc43df501d75a995bc081fdf8ecaffcc6875ee30417e87,2023,False,not verified
filesystem,,wp-content/uploads/2023/06/Stellungnahme-fruehz.-Beteiligung_Denkmalpflege_Abwaegung-29.06.2023-1.pdf,https://www.gemeinde-merching.de/wp-content/uploads/2023/06/Stellungnahme-fruehz.-Beteiligung_Denkmalpflege_Abwaegung-29.06.2023-1.pdf,,True,334830,2982616f1f01916907c91c1dc9416bdd84fa798a545642341d134e38af9a9b54,2023,False,not verified
filesystem,,wp-content/uploads/2023/06/PV-Merching_Kartierung-2023-04-27-29.06.2023.pdf,https://www.gemeinde-merching.de/wp-content/uploads/2023/06/PV-Merching_Kartierung-2023-04-27-29.06.2023.pdf,,True,60897,df4e2d3911baacbe4f8d2fc36c0a4f8b6bc09df4782b9037c2d9b308082e8f93,2023,False,not verified
filesystem,,wp-content/uploads/2023/06/BP34_Oestl_Nebelhornstrasse_Begruendung_Entwurf_2023-05-04.pdf,https://www.gemeinde-merching.de/wp-content/uploads/2023/06/BP34_Oestl_Nebelhornstrasse_Begruendung_Entwurf_2023-05-04.pdf,,True,1330051,39837960810ec0941b8009b27901efb2e96c4fe62b93d95cd2917bad5f20bdc5,2023,False,not verified
filesystem,,wp-content/uploads/2023/06/5.-Aend.-Flaechennutzunngs-u.-Landschaftsplan-u.-Aufstell.-d.-vorhabensbez.-BP-Nr.-39-SG-Photovoltaikanl.-oestl.-der-Schmiechach.pdf,https://www.gemeinde-merching.de/wp-content/uploads/2023/06/5.-Aend.-Flaechennutzunngs-u.-Landschaftsplan-u.-Aufstell.-d.-vorhabensbez.-BP-Nr.-39-SG-Photovoltaikanl.-oestl.-der-Schmiechach.pdf,,True,1344547,b6d4c16c021bbd41ae48403d72dcef6958bf4de5543dd1510dc1be62d1ca8f4f,2023,False,not verified
filesystem,,wp-content/uploads/2023/06/Antrag-Fahrkarte.pdf,https://www.gemeinde-merching.de/wp-content/uploads/2023/06/Antrag-Fahrkarte.pdf,,True,116296,74db8e3459571191ec2dad224277e738db3de5a50e9723ce59c7702dac8bd734,2023,False,not verified
filesystem,,wp-content/uploads/2023/06/Aufhebung_BP_Nr3a_Planzeichnung_Entwurf_20230504.pdf,https://www.gemeinde-merching.de/wp-content/uploads/2023/06/Aufhebung_BP_Nr3a_Planzeichnung_Entwurf_20230504.pdf,,True,266993,3aa8e6373f07d40cd4dbcdf257dc13bee6642d84fd0a99605719ad3049d514d5,2023,False,not verified
filesystem,,wp-content/uploads/2023/06/FNP-PV-Merching-Entwurf-Teil-A-29.06.2023.pdf,https://www.gemeinde-merching.de/wp-content/uploads/2023/06/FNP-PV-Merching-Entwurf-Teil-A-29.06.2023.pdf,,True,793024,3e29bb49b2d587dfbe68fdc40f02274875bb73f885276f81ec9e5ea828d5a9af,2023,False,not verified
filesystem,,wp-content/uploads/2023/06/Aufhebung_BP_Nr3a_Begruendung_Entwurf_20230504.pdf,https://www.gemeinde-merching.de/wp-content/uploads/2023/06/Aufhebung_BP_Nr3a_Begruendung_Entwurf_20230504.pdf,,True,413723,ef0550f385f9028fc8a49423e62b2adad1248fac0f58a303493fd25b409b85ea,2023,False,not verified
filesystem,,wp-content/uploads/2023/06/Bekanntmachung_ern_oeff_Ausl_BPNr34_Oestl_Nebelhornstr.pdf,https://www.gemeinde-merching.de/wp-content/uploads/2023/06/Bekanntmachung_ern_oeff_Ausl_BPNr34_Oestl_Nebelhornstr.pdf,,True,1160932,2d77dea9177c4c11fe53617b12cc8b124567c7b7af87a3cd1a5e465e5cb067e3,2023,False,not verified
filesystem,,wp-content/uploads/2023/06/Anschreiben_ToeB_ern_Bet_BP34_Oestl_Nebelhornstrasse_2023-06-01.pdf,https://www.gemeinde-merching.de/wp-content/uploads/2023/06/Anschreiben_ToeB_ern_Bet_BP34_Oestl_Nebelhornstrasse_2023-06-01.pdf,,True,348590,f22a53bf8a2b0822376f9b9b941cd533f07dadc4d42ba9d4ebf21679fef2566e,2023,False,not verified
filesystem,,wp-content/uploads/2023/06/Bekanntmachung_Wahlhelfer_Aufforderung.pdf,https://www.gemeinde-merching.de/wp-content/uploads/2023/06/Bekanntmachung_Wahlhelfer_Aufforderung.pdf,,True,155530,2cd1f6434c11d4e2b64ba1da737cb8b1b6275d57c58d7396e964d6ab1e9d6bc9,2023,False,not verified
filesystem,,wp-content/uploads/2023/06/BP34_Oestl_Nebelhornstrasse_Textteil_Entwurf_2023-05-04.pdf,https://www.gemeinde-merching.de/wp-content/uploads/2023/06/BP34_Oestl_Nebelhornstrasse_Textteil_Entwurf_2023-05-04.pdf,,True,972477,88dd5c1f8f0d0455683d84550e449eefdf5b591d5b8b95adec85bb5025c6df52,2023,False,not verified
filesystem,,wp-content/uploads/2023/06/Stellungnahme-fruehz.-Beteiligung_LRA-fuer-FNP_Abwaegung-29.06.2023.pdf,https://www.gemeinde-merching.de/wp-content/uploads/2023/06/Stellungnahme-fruehz.-Beteiligung_LRA-fuer-FNP_Abwaegung-29.06.2023.pdf,,True,2208018,35fecc7978a040eae2e30b8b3a0b9ec3b45309c85199bab4854ae28d2c15d534,2023,False,not verified
filesystem,,wp-content/uploads/2023/06/FNP-PV-Merching_Begruendung-mit-Umweltbericht-Teil-B_03-29.06.2023.pdf,https://www.gemeinde-merching.de/wp-content/uploads/2023/06/FNP-PV-Merching_Begruendung-mit-Umweltbericht-Teil-B_03-29.06.2023.pdf,,True,680255,5b4e7c6627c9115a56ba18d6849f612f78a7a10f9ad7bf8e0edb22d86975661c,2023,False,not verified
filesystem,,wp-content/uploads/2023/06/Amtsblatt-06-2023Jahrg.-78-Nr.-06.pdf,https://www.gemeinde-merching.de/wp-content/uploads/2023/06/Amtsblatt-06-2023Jahrg.-78-Nr.-06.pdf,,True,237003,ac0dfae1db9254946c9ac7d86e184c10b2e7a6f1e1f2f0601e6c7861ac7ee1ff,2023,False,not verified
filesystem,,wp-content/uploads/2023/07/Amtsblatt-06a-2023Jahrg.-78-Nr.-06a.pdf,https://www.gemeinde-merching.de/wp-content/uploads/2023/07/Amtsblatt-06a-2023Jahrg.-78-Nr.-06a.pdf,,True,220156,9b2f75ac7d2ccc47301f76660f1e63a731ce70e1801f3ce2c222a59d6878ff97,2023,False,not verified
filesystem,,wp-content/uploads/2023/07/Nivellement_Infoblaetter_2023-03.pdf,https://www.gemeinde-merching.de/wp-content/uploads/2023/07/Nivellement_Infoblaetter_2023-03.pdf,,True,1542485,5acb9904a1a5f477defac3b99e7f6b4adb02592e8d0114a174ee3edf820d5e20,2023,False,not verified
filesystem,,wp-content/uploads/2023/07/Amtsblatt-07-2023Jahrg.-78-Nr.-07.pdf,https://www.gemeinde-merching.de/wp-content/uploads/2023/07/Amtsblatt-07-2023Jahrg.-78-Nr.-07.pdf,,True,235960,e8cc97d4c4c32df0ff114072e6a167f88c9a5a99c07903543e1cf24462f29d50,2023,False,not verified
filesystem,,wp-content/uploads/2023/12/Logo-Advent.pdf,https://www.gemeinde-merching.de/wp-content/uploads/2023/12/Logo-Advent.pdf,,True,280548,add6086f9f5e9d80005b3b13c041395067deb02c451242cb2820abb14911d672,2023,False,not verified
filesystem,,wp-content/uploads/2023/12/Amtsblatt-01-2024Jahrg.-79-Nr.-01.pdf,https://www.gemeinde-merching.de/wp-content/uploads/2023/12/Amtsblatt-01-2024Jahrg.-79-Nr.-01.pdf,,True,385740,c3790e4469977cb6d634774fe6bff9ca4ab167ca2924cab9d597e19200c57438,2023|2024,False,not verified
filesystem,,wp-content/uploads/2023/12/Bekanntmachung-Plakatierungsverordnung.pdf,https://www.gemeinde-merching.de/wp-content/uploads/2023/12/Bekanntmachung-Plakatierungsverordnung.pdf,,True,43422,cf287c1cde86a3e27640e005949c65917580c5356dfda2a7d0a38df641691efa,2023,False,not verified
filesystem,,wp-content/uploads/2023/12/Gemeindekurier-Weihnachten-2023-f.-Homepage.pdf,https://www.gemeinde-merching.de/wp-content/uploads/2023/12/Gemeindekurier-Weihnachten-2023-f.-Homepage.pdf,,True,1128188,8e0b5ddd65d6ec423c4e56c7a47deea0452449b2cce96621f3fc5744097e9317,2023,False,not verified
filesystem,,wp-content/uploads/2023/12/Verordnung-der-Gemeinde-Merching-ueber-das-Anbringen-von-Anschlaegen-u.-Plakaten.pdf,https://www.gemeinde-merching.de/wp-content/uploads/2023/12/Verordnung-der-Gemeinde-Merching-ueber-das-Anbringen-von-Anschlaegen-u.-Plakaten.pdf,,True,748752,c364a0a53cf41c50be1ec4a47d01e551887ff0b277e71e11cbb49974c14a445b,2023,False,not verified
filesystem,,wp-content/uploads/2023/12/Amtsblatt-12-2023Jahrg.-78-Nr.-12.pdf,https://www.gemeinde-merching.de/wp-content/uploads/2023/12/Amtsblatt-12-2023Jahrg.-78-Nr.-12.pdf,,True,154336,ab0329efdf734e0a5639a36e97fc524ed8f0b30822c9b1f95cb440b06bbed052,2023,False,not verified
filesystem,,wp-content/uploads/2023/12/Amtsblatt-12a-2023Jahrg.-78-Nr.-12a.pdf,https://www.gemeinde-merching.de/wp-content/uploads/2023/12/Amtsblatt-12a-2023Jahrg.-78-Nr.-12a.pdf,,True,645003,66ced8a7a9a2eb3e0ddc3926697631c27cd0b54ab19bc6f376f750a5c6edb75c,2023,False,not verified
filesystem,,wp-content/uploads/2023/05/Amtsblatt-03-2023Jahrg.-78-Nr.-3.pdf,https://www.gemeinde-merching.de/wp-content/uploads/2023/05/Amtsblatt-03-2023Jahrg.-78-Nr.-3.pdf,,True,543671,2cd96f3a1f2a55c62db0a6b05656d92c36eddcae04af4825b10d8fefc4793751,2023,False,not verified
filesystem,,wp-content/uploads/2023/05/oeffentl.-Bekanntmachung_GR-04.05.23.pdf,https://www.gemeinde-merching.de/wp-content/uploads/2023/05/oeffentl.-Bekanntmachung_GR-04.05.23.pdf,,True,132285,55755e8646bbf44d85968b2679482d75ae623e6581af838efd10002fa43212fa,2023,False,not verified
filesystem,,wp-content/uploads/2023/05/Satzung-30.05.2023.pdf,https://www.gemeinde-merching.de/wp-content/uploads/2023/05/Satzung-30.05.2023.pdf,,True,677983,81a9602951a4d47090e05bd57376487ed994f9a64e097a104e8d621159e5b5b5,2023,False,not verified
filesystem,,wp-content/uploads/2023/05/Vorkaufsrechtssatzung-1.pdf,https://www.gemeinde-merching.de/wp-content/uploads/2023/05/Vorkaufsrechtssatzung-1.pdf,,True,932934,4517b288837120f53475109ecdbb322c23d44b116d6d453f5ed1aaae72dd0f4f,2023,False,not verified
filesystem,,wp-content/uploads/2023/05/Vorkaufsrechtssatzung.pdf,https://www.gemeinde-merching.de/wp-content/uploads/2023/05/Vorkaufsrechtssatzung.pdf,,True,932934,4517b288837120f53475109ecdbb322c23d44b116d6d453f5ed1aaae72dd0f4f,2023,False,not verified
filesystem,,wp-content/uploads/2023/05/Amtsblatt-05-2023Jahrg.-78-Nr.-05.pdf,https://www.gemeinde-merching.de/wp-content/uploads/2023/05/Amtsblatt-05-2023Jahrg.-78-Nr.-05.pdf,,True,386721,7c369b51035b39d6f002c97b815f9b30e710adf31b966552b0d6ccbe017a6767,2023,False,not verified
filesystem,,wp-content/uploads/2023/05/Aufhebung_BP_Nr3a_Bekanntmachung_Auslegung.pdf,https://www.gemeinde-merching.de/wp-content/uploads/2023/05/Aufhebung_BP_Nr3a_Bekanntmachung_Auslegung.pdf,,True,1141603,3e8823c1ac5221633b7d3ce7fbe97ba0d651d577c95bfc82fa16a5ac28496051,2023,False,not verified
filesystem,,wp-content/uploads/2023/05/Bekanntmachung_ern_oeff_Ausl_BPNr34_Oestl_Nebelhornstr.pdf,https://www.gemeinde-merching.de/wp-content/uploads/2023/05/Bekanntmachung_ern_oeff_Ausl_BPNr34_Oestl_Nebelhornstr.pdf,,True,1160932,2d77dea9177c4c11fe53617b12cc8b124567c7b7af87a3cd1a5e465e5cb067e3,2023,False,not verified
filesystem,,wp-content/uploads/2023/05/Gemeindekurier-April-2023-f.-Homepage-neu.pdf,https://www.gemeinde-merching.de/wp-content/uploads/2023/05/Gemeindekurier-April-2023-f.-Homepage-neu.pdf,,True,488586,ba4b9776950b7aacde842f9599c97ba5491dc3dff310f89c5a5ce4a33912b390,2023,False,not verified
filesystem,,wp-content/uploads/2023/08/Pflegestuetzpunkt_Aichach-Friedberg_2023.pdf,https://www.gemeinde-merching.de/wp-content/uploads/2023/08/Pflegestuetzpunkt_Aichach-Friedberg_2023.pdf,,True,117522,3d023e0dfbc490b2e5ca1e3cb36386af619064f4806cf86a212b4559533e56eb,2023,False,not verified
filesystem,,wp-content/uploads/2023/08/MandatformularGemeinde_mit-_Tel_und_E-Mail_2023.pdf,https://www.gemeinde-merching.de/wp-content/uploads/2023/08/MandatformularGemeinde_mit-_Tel_und_E-Mail_2023.pdf,,True,22525,6a99174118e989577e565c1b26b58ef0f427e7f43195ae4f03910ee9d8348708,2023,False,not verified
filesystem,,wp-content/uploads/2023/08/Amtsblatt-08-2023Jahrg.-78-Nr.-08.pdf,https://www.gemeinde-merching.de/wp-content/uploads/2023/08/Amtsblatt-08-2023Jahrg.-78-Nr.-08.pdf,,True,407535,feee7188f902fa64a85bcac25474f7a61ad4c9c4f85489c094e9466455ba1b8a,2023,False,not verified
filesystem,,wp-content/uploads/2023/10/Amtsblatt-10-202378-Nr.-10-entfaellt.pdf,https://www.gemeinde-merching.de/wp-content/uploads/2023/10/Amtsblatt-10-202378-Nr.-10-entfaellt.pdf,,True,25342,0da27d1aa9c8b6c9035ae9c272ecc1f65b50d8def5d333e9ec5e955defcc08c0,2023,False,not verified
filesystem,,wp-content/uploads/2023/10/FLY_Stromausfall_LAF_99x210mm_Merching_web.pdf,https://www.gemeinde-merching.de/wp-content/uploads/2023/10/FLY_Stromausfall_LAF_99x210mm_Merching_web.pdf,,True,321903,923355ae5a1fd0d23c7ee9aa3ea28b308917b58fd134d4e7c29984f9d2b7857e,2023,False,not verified
filesystem,,wp-content/uploads/2023/10/Gemeindekurier-November-2023-f.-Homepage.pdf,https://www.gemeinde-merching.de/wp-content/uploads/2023/10/Gemeindekurier-November-2023-f.-Homepage.pdf,,True,1105097,d31f6e964b7fe308abf343883c5ea387211993c3202b34f8cd229c15301c7fce,2023,False,not verified
filesystem,,wp-content/uploads/2023/10/Amtsblatt-10a-2023Jahrg.-78-Nr.-10a.pdf,https://www.gemeinde-merching.de/wp-content/uploads/2023/10/Amtsblatt-10a-2023Jahrg.-78-Nr.-10a.pdf,,True,553075,15f3310cd7c01742f63f8e74a720d6717004a2eb970d890e1751da759e896565,2023,False,not verified
filesystem,,wp-content/uploads/2023/02/1_Aenderung_BP_26_Entwurf_2023-01-19.pdf,https://www.gemeinde-merching.de/wp-content/uploads/2023/02/1_Aenderung_BP_26_Entwurf_2023-01-19.pdf,,True,3180665,8eefc7cfb72120968f7aba22013df751e4c73332525b958889560bf3acd3e742,2023,False,not verified
filesystem,,wp-content/uploads/2023/02/BP37_Suedlich_Nebelhornstrasse_Begruendung_2023-01-19.pdf,https://www.gemeinde-merching.de/wp-content/uploads/2023/02/BP37_Suedlich_Nebelhornstrasse_Begruendung_2023-01-19.pdf,,True,1301921,8611a570e58c4c378a64d9b13fbbd9f58ef99b78c68994b00410cb89cef11a20,2023,False,not verified
filesystem,,wp-content/uploads/2023/02/6.-Aenderung-FNP-Bekanntmachung_fruehz_Beteiligung.pdf,https://www.gemeinde-merching.de/wp-content/uploads/2023/02/6.-Aenderung-FNP-Bekanntmachung_fruehz_Beteiligung.pdf,,True,882751,13af68db446b0e107a90cf8d0d519396ad15743f9bfe2d437bf6075b2f3fdc33,2023,False,not verified
filesystem,,wp-content/uploads/2023/02/1_Aenderung_BP_26_Begruendung_2023-01-19.pdf,https://www.gemeinde-merching.de/wp-content/uploads/2023/02/1_Aenderung_BP_26_Begruendung_2023-01-19.pdf,,True,393411,aeb8988faccefc086a28c408284f9e35e5bbffa2ee9582e4ae7d5a3101db3496,2023,False,not verified
filesystem,,wp-content/uploads/2023/02/Planzeichnung_Vorentwurf_6_Aend_FNP_Merching_2023-01-19.pdf,https://www.gemeinde-merching.de/wp-content/uploads/2023/02/Planzeichnung_Vorentwurf_6_Aend_FNP_Merching_2023-01-19.pdf,,True,1443086,396d92a6e62bdb502a3782b17b17b3cb58cf84dedb6f9744be44e2361709b2b4,2023,False,not verified
filesystem,,wp-content/uploads/2023/02/Amtsblatt-02-2023Jahrg.-78-Nr.-02.pdf,https://www.gemeinde-merching.de/wp-content/uploads/2023/02/Amtsblatt-02-2023Jahrg.-78-Nr.-02.pdf,,True,499475,ebe332fdb0dfcd33f9ea199ab4ceef7877690f2b3e53a14503f41eff6409e590,2023,False,not verified
filesystem,,wp-content/uploads/2023/02/BP37-suedl.-Nebelhornstr.-Bekanntmachung-Satzungsbeschluss-.pdf,https://www.gemeinde-merching.de/wp-content/uploads/2023/02/BP37-suedl.-Nebelhornstr.-Bekanntmachung-Satzungsbeschluss-.pdf,,True,941142,5dd40f5276f7e74c5966ece2df33e13c65c1ae193b994264763af2768d4769f5,2023,False,not verified
filesystem,,wp-content/uploads/2023/02/Textteil_BPNr36_Freizeitanlage_Bauhof_2023-01-19.pdf,https://www.gemeinde-merching.de/wp-content/uploads/2023/02/Textteil_BPNr36_Freizeitanlage_Bauhof_2023-01-19.pdf,,True,366175,196c6f9ba7cf9d19e804b65f926adaae819de5b857fc80e4e5b90629034c753d,2023,False,not verified
filesystem,,wp-content/uploads/2023/02/Begruendung_Vorentwurf_2023-01-19.pdf,https://www.gemeinde-merching.de/wp-content/uploads/2023/02/Begruendung_Vorentwurf_2023-01-19.pdf,,True,904846,0e2bd196463d7ab616f12c2ed4c15b8f2dd093b3602f42b869ad7c174989eef5,2023,False,not verified
filesystem,,wp-content/uploads/2023/02/Begruendung_BPNr36_Freizeitanlage_Bauhof_2023-01-19ue.pdf,https://www.gemeinde-merching.de/wp-content/uploads/2023/02/Begruendung_BPNr36_Freizeitanlage_Bauhof_2023-01-19ue.pdf,,True,998657,3cd65f303d3c3d5f2746750a3f36e353b3948defa70579f66c22d101384c8e06,2023,False,not verified
filesystem,,wp-content/uploads/2023/02/Bekanntmachung-Satzungsbeschluss-B-Plan-Nr.-36-Freizeitanlage.pdf,https://www.gemeinde-merching.de/wp-content/uploads/2023/02/Bekanntmachung-Satzungsbeschluss-B-Plan-Nr.-36-Freizeitanlage.pdf,,True,933035,a9dba65f91c92a1e51b817e08abda0521a99cbbbcebf01b382555836b2b12f54,2023,False,not verified
filesystem,,wp-content/uploads/2023/02/BP37_Suedlich_der_Nebelhornstrasse_Plan_2023-01-19.pdf,https://www.gemeinde-merching.de/wp-content/uploads/2023/02/BP37_Suedlich_der_Nebelhornstrasse_Plan_2023-01-19.pdf,,True,866705,c4e108ef313e1ad54232eaa51a220c9ce9ac4b8a2b0a637719b21a9c3bcb5977,2023,False,not verified
filesystem,,wp-content/uploads/2023/02/Planzeichnung_BPNr36_Freizeitanlage_Bauhof_2023-01-19.pdf,https://www.gemeinde-merching.de/wp-content/uploads/2023/02/Planzeichnung_BPNr36_Freizeitanlage_Bauhof_2023-01-19.pdf,,True,1205167,9f8b727aa4a1c1869768f2c501ea034e0036ea6c4e32b68e5997cc32b162a039,2023,False,not verified
filesystem,,wp-content/uploads/2023/02/BP37_Suedlich_Nebelhornstrasse_Textteil_2023-01-19.pdf,https://www.gemeinde-merching.de/wp-content/uploads/2023/02/BP37_Suedlich_Nebelhornstrasse_Textteil_2023-01-19.pdf,,True,298262,f929aaa219d3389ddfc12ae3521420a6a6351eff003052c57d7cc84925a0acbd,2023,False,not verified
filesystem,,wp-content/uploads/2023/02/1_Aenderung_BP_26_Bekanntmachung-Satzungsbeschluss.pdf,https://www.gemeinde-merching.de/wp-content/uploads/2023/02/1_Aenderung_BP_26_Bekanntmachung-Satzungsbeschluss.pdf,,True,1040068,95d7b40e196f4e4a44f81ba51a1999e3d340e4fd7fd3218236e727d1dcf2de16,2023,False,not verified
filesystem candidate,,wp-content/uploads/2016/06/gemeinde-merching-AKDB.zip,https://www.gemeinde-merching.de/wp-content/uploads/2016/06/gemeinde-merching-AKDB.zip,,True,15653141,140d3108543d7a5c5ca81c4ecb8e8a958233caeca428e60dff5b94195597ce8e,,False,not verified
filesystem candidate,,wp-content/uploads/wp-rollback/pt-content-views-pro-7.3.zip,https://www.gemeinde-merching.de/wp-content/uploads/wp-rollback/pt-content-views-pro-7.3.zip,,True,501252,1ac240bf00f2eba969b2038081d0d1d7ddbbd050d442731f5f2869b1f5dcc41d,,False,not verified
filesystem candidate,,wp-content/uploads/wp-rollback/cookie-cracker-1.1.zip,https://www.gemeinde-merching.de/wp-content/uploads/wp-rollback/cookie-cracker-1.1.zip,,True,826264,1914b52a500dd2f108c9b504b8ac953e7f3e9100f162d2725501c3a4390144ed,,False,not verified
filesystem candidate,,wp-content/uploads/wp-rollback/pt-content-views-pro-7.2.2.zip,https://www.gemeinde-merching.de/wp-content/uploads/wp-rollback/pt-content-views-pro-7.2.2.zip,,True,500737,e2e4a690441dcb91916690f5f88ba16340ab4e0cbdbc649b0c853f5d45495360,,False,not verified
filesystem candidate,,wp-content/uploads/wp-rollback/cookie-cracker-1.0.8.zip,https://www.gemeinde-merching.de/wp-content/uploads/wp-rollback/cookie-cracker-1.0.8.zip,,True,825090,be716729d86844d6b632a7965b835b102a454d3edd427311d6a81801c38fc370,,False,not verified
filesystem candidate,,wp-content/uploads/wp-rollback/pt-content-views-pro-7.2.1.zip,https://www.gemeinde-merching.de/wp-content/uploads/wp-rollback/pt-content-views-pro-7.2.1.zip,,True,500703,fd2b148cc991ca1a20c37fcb2321a502096fc333ceb68cd0f6f2135c606625d5,,False,not verified
filesystem candidate,,wp-content/uploads/wp-rollback/pt-content-views-pro-7.4.zip,https://www.gemeinde-merching.de/wp-content/uploads/wp-rollback/pt-content-views-pro-7.4.zip,,True,506217,03556b5acf6281258d39663ec51894544fb4e8a5ab77af27586acf3d1a0d95cf,,False,not verified
filesystem candidate,,wp-content/uploads/2025/05/Bekanntmachung-Kostensatzung-1.docx,https://www.gemeinde-merching.de/wp-content/uploads/2025/05/Bekanntmachung-Kostensatzung-1.docx,,True,53667,15d95edd0e034e0621163f49b04bee31b7117d032b9c0d8f3965a4379b764869,,False,not verified
filesystem candidate,,wp-content/uploads/2025/05/Bekanntmachung-Kostensatzung.docx,https://www.gemeinde-merching.de/wp-content/uploads/2025/05/Bekanntmachung-Kostensatzung.docx,,True,33807,5f1f6a6f495a997776ca6ad02c0aafa6892f8f329b332dc43b1c88cd4d00c06c,,False,not verified
filesystem candidate,,wp-content/uploads/download-manager-files/Aushang-Homepage.docx,https://www.gemeinde-merching.de/wp-content/uploads/download-manager-files/Aushang-Homepage.docx,,True,225487,22a092cf844f69974f95aa8fc46d6c38ee36f9cba70830ae92156bdf8e155f69,,False,not verified
filesystem candidate,,wp-content/uploads/download-manager-files/Bekanntmachung-Abwasserzweckverband-Obere-Paar-Haushalt-2024.doc,https://www.gemeinde-merching.de/wp-content/uploads/download-manager-files/Bekanntmachung-Abwasserzweckverband-Obere-Paar-Haushalt-2024.doc,,True,636928,5ff8137914e95e7593e0469406e967eed8ea772fceaa3dbefcd685044eefa523,,False,not verified
filesystem candidate,,wp-content/uploads/2024/12/Plakat-2024.doc,https://www.gemeinde-merching.de/wp-content/uploads/2024/12/Plakat-2024.doc,,True,273920,51501ad9b4fd3ef9007f9a0c905b4c5d160b79cab231d4ea1815e93f3621f67a,,False,not verified
filesystem candidate,,wp-content/uploads/filebase/Satzung-2022_BES.docx,https://www.gemeinde-merching.de/wp-content/uploads/filebase/Satzung-2022_BES.docx,,True,52394,de0cf03be0558708c7333f9688a19979af55fa183b96478059948ae7ccaf5d96,,False,not verified
filesystem candidate,,wp-content/uploads/2026/09/20260910_Welttag-Suizidpraevention.docx,https://www.gemeinde-merching.de/wp-content/uploads/2026/09/20260910_Welttag-Suizidpraevention.docx,,True,148440,a924c0b7b0a996a11ed3fcc6cb0a41f6f34a2c61bb225629fd7aa18792f655ed,,False,not verified
filesystem candidate,,wp-content/uploads/2026/07/Landratsamt.docx,https://www.gemeinde-merching.de/wp-content/uploads/2026/07/Landratsamt.docx,,True,25796,6fac4f66ce458cbea9576e58e09b4c70f8d64bff1d624b62ce0b128d618631ae,,False,not verified
filesystem candidate,,wp-content/uploads/2026/05/20260430_LRA-beim-Marktsonntag-Mering.docx,https://www.gemeinde-merching.de/wp-content/uploads/2026/05/20260430_LRA-beim-Marktsonntag-Mering.docx,,True,108689,77725308e6a8630c9bbe7cc0a846a736f737b0013907bbd04032354e56ae930e,,False,not verified
filesystem candidate,,wp-content/uploads/2023/04/Aushang-Homepage.docx,https://www.gemeinde-merching.de/wp-content/uploads/2023/04/Aushang-Homepage.docx,,True,225487,22a092cf844f69974f95aa8fc46d6c38ee36f9cba70830ae92156bdf8e155f69,,False,not verified
