path,bytes,sha256,archive,extension,classification,registered_original,thumbnail_candidate,live_incoming_pages
wp-content/gallery/2024-krippenweg/3.jpg,186978,97e76c249c592bb9e728955d1b40a8ce84d6d3bae26a37e21c0b0e5cb2872e87,www.gemeinde-merching.de_wpvivid-b8981f085de20_2026-10-10-16-11_backup_content.part001.zip,.jpg,original/referenced,True,False,0
wp-content/gallery/2024-krippenweg/20240106_132326.jpg,281041,f51773154cdf60267f93ba7036c7791fd889a7ec01dbc1b27c2a1140a2666289,www.gemeinde-merching.de_wpvivid-b8981f085de20_2026-10-10-16-11_backup_content.part001.zip,.jpg,original/referenced,True,False,0
wp-content/gallery/2024-krippenweg/20240106_145631.jpg,245923,001846ced9d01e7f13333eca7bae894bfa74f3acbf3b8afe7893b2ac590c8a62,www.gemeinde-merching.de_wpvivid-b8981f085de20_2026-10-10-16-11_backup_content.part001.zip,.jpg,original/referenced,True,False,0
wp-content/gallery/2024-krippenweg/20240106_143503.jpg,4494911,b5624b8c9c0c35b446bdf8a0c2f263050d285afff3ff048a0b844e2877197881,www.gemeinde-merching.de_wpvivid-b8981f085de20_2026-10-10-16-11_backup_content.part001.zip,.jpg,original/referenced,True,False,0
wp-content/gallery/2024-krippenweg/20240106_160205.jpg,1248435,ec4fd74c9f03933cd3efc8d7bb31f896ea6c0f4c4948546090066fa3a7537f1b,www.gemeinde-merching.de_wpvivid-b8981f085de20_2026-10-10-16-11_backup_content.part001.zip,.jpg,original/referenced,True,False,0
wp-content/gallery/2024-krippenweg/20240106_125929-002.jpg,207623,bc68c9a6c8e26c06d0c8b81c163d1a5541e316552cc890feac3d9cea6fd7856c,www.gemeinde-merching.de_wpvivid-b8981f085de20_2026-10-10-16-11_backup_content.part001.zip,.jpg,original/referenced,True,False,0
wp-content/gallery/2024-krippenweg/20240106_154756.jpg,289435,f124ba27367dbe609dd0b37e18ee55ae2fcd6e02d3c883d61303a9e770fcd7d6,www.gemeinde-merching.de_wpvivid-b8981f085de20_2026-10-10-16-11_backup_content.part001.zip,.jpg,original/referenced,True,False,0
wp-content/gallery/2024-krippenweg/20240106_150209.jpg,244070,713e3cb348bb5d5cc71e7a7666d155ff4f026f0c6e4d441c6bd429b66c417f67,www.gemeinde-merching.de_wpvivid-b8981f085de20_2026-10-10-16-11_backup_content.part001.zip,.jpg,original/referenced,True,False,0
wp-content/gallery/2024-krippenweg/20240106_154337.jpg,6172003,02e733ca8fa8c44e144976d9901a733c31842522b79ce25024c031302b4280c6,www.gemeinde-merching.de_wpvivid-b8981f085de20_2026-10-10-16-11_backup_content.part001.zip,.jpg,original/referenced,True,False,0
wp-content/gallery/2024-krippenweg/20240106_145733.jpg,2591914,af72c8549656823e5c9bd45e309ac55bc6278c7847993974eb6afe9a09e11073,www.gemeinde-merching.de_wpvivid-b8981f085de20_2026-10-10-16-11_backup_content.part001.zip,.jpg,original/referenced,True,False,0
wp-content/gallery/2024-krippenweg/20240106_151238.jpg,318066,826041687943127c3e657ceac3038562bdfa8bda5c34a00a7e58a13ddd85957e,www.gemeinde-merching.de_wpvivid-b8981f085de20_2026-10-10-16-11_backup_content.part001.zip,.jpg,original/referenced,True,False,0
wp-content/gallery/2024-krippenweg/20240106_153315.jpg,4164626,0fd55e67c9c47b17efb80d637ad22b5f0e524838e013e4ae7f002cfa61839eb2,www.gemeinde-merching.de_wpvivid-b8981f085de20_2026-10-10-16-11_backup_content.part001.zip,.jpg,original/referenced,True,False,0
wp-content/gallery/2024-krippenweg/20240106_144956.jpg,229373,4750b321891180b3e535f8e978b365563be65194789f4a6a8854893420ebe7d5,www.gemeinde-merching.de_wpvivid-b8981f085de20_2026-10-10-16-11_backup_content.part001.zip,.jpg,original/referenced,True,False,0
wp-content/gallery/2024-krippenweg/20240106_160640.jpg,428220,f203ce0fa9be353215835af3a139d0d1302502b1da2bb2b7d8175bb811053d97,www.gemeinde-merching.de_wpvivid-b8981f085de20_2026-10-10-16-11_backup_content.part001.zip,.jpg,original/referenced,True,False,0
wp-content/gallery/2024-krippenweg/20240106_155536.jpg,253003,8c3c32a90625beef4cbea981f93ec6b93ca7294aebe006869a9a17f7565fa4b4,www.gemeinde-merching.de_wpvivid-b8981f085de20_2026-10-10-16-11_backup_content.part001.zip,.jpg,original/referenced,True,False,0
wp-content/gallery/2024-krippenweg/20240106_161511.jpg,191952,759ab1837225cf29b5baca448e9b5bfa3b9dfe7de432803e1f456200e5446b7f,www.gemeinde-merching.de_wpvivid-b8981f085de20_2026-10-10-16-11_backup_content.part001.zip,.jpg,original/referenced,True,False,0
wp-content/gallery/2024-krippenweg/20240106_145755.jpg,250302,fe626b06d03d9d87875dc724e52d3869b37f3ae6aac32228893036ecfcc06a86,www.gemeinde-merching.de_wpvivid-b8981f085de20_2026-10-10-16-11_backup_content.part001.zip,.jpg,original/referenced,True,False,0
wp-content/gallery/2024-krippenweg/20240106_145613.jpg,313197,6419b17483f60f6a8547ff9054abbe3446cb0f4a0586c055e050348b50e4e626,www.gemeinde-merching.de_wpvivid-b8981f085de20_2026-10-10-16-11_backup_content.part001.zip,.jpg,original/referenced,True,False,0
wp-content/gallery/2024-krippenweg/20240106_143634.jpg,82580,037b052f8fb6b1b6113553b5218edcf6f9c5666226063f71e2e7cfc06b76c66d,www.gemeinde-merching.de_wpvivid-b8981f085de20_2026-10-10-16-11_backup_content.part001.zip,.jpg,original/referenced,True,False,0
wp-content/gallery/2024-krippenweg/5.jpg,2520633,9edfd9e835fc0084695b7386262e36f37434a9198e69cf7da0ca9238b6edf5a8,www.gemeinde-merching.de_wpvivid-b8981f085de20_2026-10-10-16-11_backup_content.part001.zip,.jpg,original/referenced,True,False,0
wp-content/gallery/2024-krippenweg/20240106_143920.jpg,5507604,74661f11eef15de63d1090f58554179169b9dd49749a96ebf5764e7582c8d5d1,www.gemeinde-merching.de_wpvivid-b8981f085de20_2026-10-10-16-11_backup_content.part001.zip,.jpg,original/referenced,True,False,0
wp-content/gallery/2024-krippenweg/1.jpg,190561,a8803f033a60f9aac5ac45ec63fe4c373ecd92484a88074f49466fa6f99ab4b9,www.gemeinde-merching.de_wpvivid-b8981f085de20_2026-10-10-16-11_backup_content.part001.zip,.jpg,original/referenced,True,False,0
wp-content/gallery/2024-krippenweg/20240106_130139.jpg,272330,52e3b6faa13244571e98f72cb1c1e0c4f620a156bdc64155ff37a23a99739c7f,www.gemeinde-merching.de_wpvivid-b8981f085de20_2026-10-10-16-11_backup_content.part001.zip,.jpg,original/referenced,True,False,0
wp-content/gallery/2024-krippenweg/20240106_150651.jpg,5979790,dea20eb7809558234f5e7d604c83e7fc20dd98aac299a424a500255b934c9972,www.gemeinde-merching.de_wpvivid-b8981f085de20_2026-10-10-16-11_backup_content.part001.zip,.jpg,original/referenced,True,False,0
wp-content/gallery/2024-krippenweg/20240106_144551.jpg,228433,12c8c77adc5aeab8c4544a5a86dd38ccf415f44bf1704c5e741c8ef324d89df5,www.gemeinde-merching.de_wpvivid-b8981f085de20_2026-10-10-16-11_backup_content.part001.zip,.jpg,original/referenced,True,False,0
wp-content/gallery/2024-krippenweg/20240106_145607.jpg,229083,31cfa7869ce70e5dccb478651d7717784dce34ccd745dc4ce09050357f9155a4,www.gemeinde-merching.de_wpvivid-b8981f085de20_2026-10-10-16-11_backup_content.part001.zip,.jpg,original/referenced,True,False,0
wp-content/gallery/2024-krippenweg/thumbs/thumbs_20240106_143920.jpg,6118,4b7c1e2c37d69c40311a21f40247871ecf65c2343711e62dbc5f6ff5d60b9df3,www.gemeinde-merching.de_wpvivid-b8981f085de20_2026-10-10-16-11_backup_content.part001.zip,.jpg,generated thumbnail,False,True,0
wp-content/gallery/2024-krippenweg/thumbs/thumbs_20240106_143503.jpg,60221,23e34014db56000b3664243ba84e957906d06230db0af5d66670aa0605c56ed4,www.gemeinde-merching.de_wpvivid-b8981f085de20_2026-10-10-16-11_backup_content.part001.zip,.jpg,generated thumbnail,False,True,0
wp-content/gallery/2024-krippenweg/thumbs/thumbs_20240106_145812.jpg,58323,232c43393f55187a683f28ee817757779a5557c858dd646c99fd98700875cbda,www.gemeinde-merching.de_wpvivid-b8981f085de20_2026-10-10-16-11_backup_content.part001.zip,.jpg,generated thumbnail,False,True,0
wp-content/gallery/2024-krippenweg/thumbs/thumbs_20240106_145755.jpg,8204,78230e161aa6bf16ba325c1346799ae282cd85f0ab779a0b87063b18ae941580,www.gemeinde-merching.de_wpvivid-b8981f085de20_2026-10-10-16-11_backup_content.part001.zip,.jpg,generated thumbnail,False,True,0
wp-content/gallery/2024-krippenweg/thumbs/thumbs_20240106_155536.jpg,7721,cdd7d3d8e1b8d42d6f368f527061a85deb366ccdf2ff16ebe4d4cd987f58e752,www.gemeinde-merching.de_wpvivid-b8981f085de20_2026-10-10-16-11_backup_content.part001.zip,.jpg,generated thumbnail,False,True,0
wp-content/gallery/2024-krippenweg/thumbs/thumbs_20240106_145607.jpg,7875,ebb777f9d750a5805b401b69f00d4ea2aaa9f2c681fc8448fa45446f0d7a973a,www.gemeinde-merching.de_wpvivid-b8981f085de20_2026-10-10-16-11_backup_content.part001.zip,.jpg,generated thumbnail,False,True,0
wp-content/gallery/2024-krippenweg/thumbs/thumbs_20240106_160521.jpg,7649,490549d7f53dcb62fe536fa101aa12194e1bd9d1c02cf11138296c1e341813fb,www.gemeinde-merching.de_wpvivid-b8981f085de20_2026-10-10-16-11_backup_content.part001.zip,.jpg,generated thumbnail,False,True,0
wp-content/gallery/2024-krippenweg/thumbs/thumbs_20240106_144202.jpg,15555,c13bda0e51e0f95bf85c6002990aeab8caa99d1dc45db944b649733fb74df9af,www.gemeinde-merching.de_wpvivid-b8981f085de20_2026-10-10-16-11_backup_content.part001.zip,.jpg,generated thumbnail,False,True,0
wp-content/gallery/2024-krippenweg/thumbs/thumbs_20240106_151752.jpg,6625,c0bbea1edc6992b04b2c4f2461e36555918f21ac1b723c6ab8bf1bcc4519e65d,www.gemeinde-merching.de_wpvivid-b8981f085de20_2026-10-10-16-11_backup_content.part001.zip,.jpg,generated thumbnail,False,True,0
wp-content/gallery/2024-krippenweg/thumbs/thumbs_20240106_132326.jpg,15923,cab75e3bff975b8cafce842ec17b6ca40173ac31368f1eac8ba1c637ab8db96e,www.gemeinde-merching.de_wpvivid-b8981f085de20_2026-10-10-16-11_backup_content.part001.zip,.jpg,generated thumbnail,False,True,0
wp-content/gallery/2024-krippenweg/thumbs/thumbs_20240106_143634.jpg,13715,016b8977297d29f402d2dae3eb7d9a0f8df0b8c3159db804e768eef739c4f038,www.gemeinde-merching.de_wpvivid-b8981f085de20_2026-10-10-16-11_backup_content.part001.zip,.jpg,generated thumbnail,False,True,0
wp-content/gallery/2024-krippenweg/thumbs/thumbs_20240106_161511.jpg,8103,efbaa984131e987b042d1a005e366ca58e331605f2a03fac892396a65bec23e7,www.gemeinde-merching.de_wpvivid-b8981f085de20_2026-10-10-16-11_backup_content.part001.zip,.jpg,generated thumbnail,False,True,0
wp-content/gallery/2024-krippenweg/thumbs/thumbs_20240106_154756.jpg,17684,ada2fa2573cc39257d27e28808b32791e50af86e7f4194fd5b49e5d00e5b3863,www.gemeinde-merching.de_wpvivid-b8981f085de20_2026-10-10-16-11_backup_content.part001.zip,.jpg,generated thumbnail,False,True,0
wp-content/gallery/2024-krippenweg/thumbs/thumbs_1.jpg,7556,3760471d42ce946b84985e64f5f6c1cd2dba091f3eeda3b7b8db466119bc248a,www.gemeinde-merching.de_wpvivid-b8981f085de20_2026-10-10-16-11_backup_content.part001.zip,.jpg,generated thumbnail,False,True,0
wp-content/gallery/2024-krippenweg/thumbs/thumbs_20240106_150651.jpg,7698,10aba4f5332432227a239686958451f1fb15cd277fbe84bc940aebe772db7d20,www.gemeinde-merching.de_wpvivid-b8981f085de20_2026-10-10-16-11_backup_content.part001.zip,.jpg,generated thumbnail,False,True,0
wp-content/gallery/2024-krippenweg/thumbs/thumbs_20240106_150209.jpg,13871,e237596b070785077f40fd614c8826bd335abeec8cb04acdcd7bbc9052b60b71,www.gemeinde-merching.de_wpvivid-b8981f085de20_2026-10-10-16-11_backup_content.part001.zip,.jpg,generated thumbnail,False,True,0
wp-content/gallery/2024-krippenweg/thumbs/thumbs_20240106_154337.jpg,67400,b5db232668b57886f99ce586c222fb0e1c576e76dbc0e5b6a79470b10885b9e3,www.gemeinde-merching.de_wpvivid-b8981f085de20_2026-10-10-16-11_backup_content.part001.zip,.jpg,generated thumbnail,False,True,0
wp-content/gallery/2024-krippenweg/thumbs/thumbs_20240106_144551.jpg,7791,9a5aee1bf036b249e97d9d9120f44979d0a2463cec84f36b188816eb378f8f35,www.gemeinde-merching.de_wpvivid-b8981f085de20_2026-10-10-16-11_backup_content.part001.zip,.jpg,generated thumbnail,False,True,0
wp-content/gallery/2024-krippenweg/thumbs/thumbs_2.jpg,7994,e6fee23d622eb76aa3af737c0cf7d1898533fd126ded7b60c2133a28a09da0ec,www.gemeinde-merching.de_wpvivid-b8981f085de20_2026-10-10-16-11_backup_content.part001.zip,.jpg,generated thumbnail,False,True,0
wp-content/gallery/2024-krippenweg/thumbs/thumbs_20240106_145733.jpg,5138,a9ad223e73169174edc0447caf6e365b6943c2a25d91fdaa728b32fef05f5b94,www.gemeinde-merching.de_wpvivid-b8981f085de20_2026-10-10-16-11_backup_content.part001.zip,.jpg,generated thumbnail,False,True,0
wp-content/gallery/2024-krippenweg/thumbs/thumbs_5.jpg,6306,68699fafff77f0292783463fa1d22b0067731fc1db012e9c843b3f94b4956e5c,www.gemeinde-merching.de_wpvivid-b8981f085de20_2026-10-10-16-11_backup_content.part001.zip,.jpg,generated thumbnail,False,True,0
wp-content/gallery/2024-krippenweg/thumbs/thumbs_20240106_160640.jpg,9448,746961f71b604838db77fb22dc1bf2ea608737e8e0122b0663187a0de57f28fc,www.gemeinde-merching.de_wpvivid-b8981f085de20_2026-10-10-16-11_backup_content.part001.zip,.jpg,generated thumbnail,False,True,0
wp-content/gallery/2024-krippenweg/thumbs/thumbs_20240106_125929-002.jpg,7875,7939461655f358feb0ea3766dc9206916ae095a518df8c7380132eb0abc4db17,www.gemeinde-merching.de_wpvivid-b8981f085de20_2026-10-10-16-11_backup_content.part001.zip,.jpg,generated thumbnail,False,True,0
wp-content/gallery/2024-krippenweg/thumbs/thumbs_1a.jpg,6697,1d58ab1a04ce79b6cb827b237ebfe9edbb06397e0cf244449fd101ec65a0818a,www.gemeinde-merching.de_wpvivid-b8981f085de20_2026-10-10-16-11_backup_content.part001.zip,.jpg,generated thumbnail,False,True,0
wp-content/gallery/2024-krippenweg/thumbs/thumbs_20240106_144956.jpg,7549,c1980887e6ba21d97f8dd2b5af94a844e660ccc9a0ff0e68e76a8e201b4756b7,www.gemeinde-merching.de_wpvivid-b8981f085de20_2026-10-10-16-11_backup_content.part001.zip,.jpg,generated thumbnail,False,True,0
wp-content/gallery/2024-krippenweg/thumbs/thumbs_3.jpg,7312,23d51103188d5c05e456da733c86df68f285d4a7f25b413e764e968eca60aa05,www.gemeinde-merching.de_wpvivid-b8981f085de20_2026-10-10-16-11_backup_content.part001.zip,.jpg,generated thumbnail,False,True,0
wp-content/gallery/2024-krippenweg/thumbs/thumbs_20240106_130139.jpg,15693,e9a70ae8443eab80a59c74b370079564d86a967b89ef756fe50961f7fdf7ffdc,www.gemeinde-merching.de_wpvivid-b8981f085de20_2026-10-10-16-11_backup_content.part001.zip,.jpg,generated thumbnail,False,True,0
wp-content/gallery/2024-krippenweg/thumbs/thumbs_20240106_160450.jpg,46922,2801a85d72124ca0190650f12e7d67c3273b6d1e5f73b7699ae99a04899cb11a,www.gemeinde-merching.de_wpvivid-b8981f085de20_2026-10-10-16-11_backup_content.part001.zip,.jpg,generated thumbnail,False,True,0
wp-content/gallery/2024-krippenweg/thumbs/thumbs_20240106_145631.jpg,12755,f74a655abd985576782765094de18f8d8504aad55b995bbb5b2eca40bafb3fa8,www.gemeinde-merching.de_wpvivid-b8981f085de20_2026-10-10-16-11_backup_content.part001.zip,.jpg,generated thumbnail,False,True,0
wp-content/gallery/2024-krippenweg/thumbs/thumbs_20240106_153315.jpg,70038,b5b442739d53d237456db70ae17e6c4a3bb808737fa6a633b78e19d75c030c87,www.gemeinde-merching.de_wpvivid-b8981f085de20_2026-10-10-16-11_backup_content.part001.zip,.jpg,generated thumbnail,False,True,0
wp-content/gallery/2024-krippenweg/thumbs/thumbs_4.jpg,8952,614046ae7ae1491b3f1715cdbb69c954c4d56d5897f3728eb20ceca80366a733,www.gemeinde-merching.de_wpvivid-b8981f085de20_2026-10-10-16-11_backup_content.part001.zip,.jpg,generated thumbnail,False,True,0
wp-content/gallery/2024-krippenweg/thumbs/thumbs_20240106_160205.jpg,5638,263a6e063519d14b09f1cf8f732023867ac94e215d1fef857d2e11332ec688ef,www.gemeinde-merching.de_wpvivid-b8981f085de20_2026-10-10-16-11_backup_content.part001.zip,.jpg,generated thumbnail,False,True,0
wp-content/gallery/2024-krippenweg/thumbs/thumbs_20240106_131203.jpg,7855,2e75e5bebfaebce2a7ad61a7305e8b3202a592602d3699b54b9150e072f9a92e,www.gemeinde-merching.de_wpvivid-b8981f085de20_2026-10-10-16-11_backup_content.part001.zip,.jpg,generated thumbnail,False,True,0
wp-content/gallery/2024-krippenweg/thumbs/thumbs_20240106_152846.jpg,13836,8f3e6636e42a73cebe495a0a7b4591ee4012f1bd42089b119938009f6754c003,www.gemeinde-merching.de_wpvivid-b8981f085de20_2026-10-10-16-11_backup_content.part001.zip,.jpg,generated thumbnail,False,True,0
wp-content/gallery/2024-krippenweg/thumbs/thumbs_20240106_151238.jpg,17635,a3dd0521005935117c370d5722c33f3af155eeff9807a3f9517d444b19f1615d,www.gemeinde-merching.de_wpvivid-b8981f085de20_2026-10-10-16-11_backup_content.part001.zip,.jpg,generated thumbnail,False,True,0
wp-content/gallery/2024-krippenweg/thumbs/thumbs_20240106_145613.jpg,12203,9ebb721969b732c94586fb0007afce4de9f759906d1ada9f8c76cd6299c031e1,www.gemeinde-merching.de_wpvivid-b8981f085de20_2026-10-10-16-11_backup_content.part001.zip,.jpg,generated thumbnail,False,True,0
wp-content/gallery/2024-krippenweg/20240106_145812.jpg,2969542,185a7b9f093a57753ebda9a4ed62fa35d2eaf9fd0c4af95fbb06a7e877bdec71,www.gemeinde-merching.de_wpvivid-b8981f085de20_2026-10-10-16-11_backup_content.part001.zip,.jpg,original/referenced,True,False,0
wp-content/gallery/2024-krippenweg/20240106_151752.jpg,189619,e37441ba6b16b05b5586af9fc2f0f5c9fa4ef2ab7d7cd035347f94a812ae432b,www.gemeinde-merching.de_wpvivid-b8981f085de20_2026-10-10-16-11_backup_content.part001.zip,.jpg,original/referenced,True,False,0
wp-content/gallery/2024-krippenweg/20240106_152846.jpg,250517,09fa693d851c7d38f6c722575e81054699f5bacba73a37f64440390da7055c85,www.gemeinde-merching.de_wpvivid-b8981f085de20_2026-10-10-16-11_backup_content.part001.zip,.jpg,original/referenced,True,False,0
wp-content/gallery/2024-krippenweg/20240106_144202.jpg,90061,cb41c94e23ef5e40d0f4a7b7104a3fd0138b026ec8a141a587f6c947da92015e,www.gemeinde-merching.de_wpvivid-b8981f085de20_2026-10-10-16-11_backup_content.part001.zip,.jpg,original/referenced,True,False,0
wp-content/gallery/2024-krippenweg/20240106_160450.jpg,1973194,9ab4a8df71cbe3cc2a69f04086a0aa5a75a0201fe3ff127a89012281d41c3ed3,www.gemeinde-merching.de_wpvivid-b8981f085de20_2026-10-10-16-11_backup_content.part001.zip,.jpg,original/referenced,True,False,0
wp-content/gallery/2024-krippenweg/4.jpg,332583,6ea48600d20b85e8ac29811294ca7b2d5df2f30c227164d487f8aa00d75204c2,www.gemeinde-merching.de_wpvivid-b8981f085de20_2026-10-10-16-11_backup_content.part001.zip,.jpg,original/referenced,True,False,0
wp-content/gallery/2024-krippenweg/20240106_160521.jpg,291757,24ca1c3119494dc4a3caeebb1b7a114146ddc88d969f97bb9b133f1d2ea97e2f,www.gemeinde-merching.de_wpvivid-b8981f085de20_2026-10-10-16-11_backup_content.part001.zip,.jpg,original/referenced,True,False,0
wp-content/gallery/2024-krippenweg/20240106_131203.jpg,158946,cc18e78ca9d442bb440679e74416358e06cd230886ade6ddf06273705158a0b7,www.gemeinde-merching.de_wpvivid-b8981f085de20_2026-10-10-16-11_backup_content.part001.zip,.jpg,original/referenced,True,False,0
wp-content/gallery/2024-krippenweg/1a.jpg,1537264,60e0d93637b96595955b7ff70b7dfa977939c3e592080861c09c366ba09b6d98,www.gemeinde-merching.de_wpvivid-b8981f085de20_2026-10-10-16-11_backup_content.part001.zip,.jpg,original/referenced,True,False,0
wp-content/gallery/2024-krippenweg/2.jpg,1477800,676ae78cc9d1a14d3b46a9b6b2d4e5d63ef2d69c918ef8fbbfa31d7df3097475,www.gemeinde-merching.de_wpvivid-b8981f085de20_2026-10-10-16-11_backup_content.part001.zip,.jpg,original/referenced,True,False,0
wp-content/gallery/merchinger-advent/w-06.jpg,446245,947bececd2cfac939c2b28d2d2d11d44e1fbd268d11de5c1b00f378b75acbbef,www.gemeinde-merching.de_wpvivid-b8981f085de20_2026-10-10-16-11_backup_content.part001.zip,.jpg,original/referenced,True,False,0
wp-content/gallery/merchinger-advent/w-32.jpg,418270,1edd8027661fba34b4bcf4de8e15e8f1b452af8b26b69524a2a1fe4b168bbc05,www.gemeinde-merching.de_wpvivid-b8981f085de20_2026-10-10-16-11_backup_content.part001.zip,.jpg,original/referenced,True,False,0
wp-content/gallery/merchinger-advent/w-23.jpg,141718,ac8c3e9335b93b31edc69ef8fd27d2ab5b34cf2e5bbf79a16a910ae1d716be90,www.gemeinde-merching.de_wpvivid-b8981f085de20_2026-10-10-16-11_backup_content.part001.zip,.jpg,original/referenced,True,False,0
wp-content/gallery/merchinger-advent/w-27.jpg,388928,5f022492558288999c9a5a47aa09d1be0b3d82cf3d9358510aa0500b1480103d,www.gemeinde-merching.de_wpvivid-b8981f085de20_2026-10-10-16-11_backup_content.part001.zip,.jpg,original/referenced,True,False,0
wp-content/gallery/merchinger-advent/w-29.jpg,305010,193aa59f002d3808002f559db423275371f8057cc2f1cd484b58e27414549fff,www.gemeinde-merching.de_wpvivid-b8981f085de20_2026-10-10-16-11_backup_content.part001.zip,.jpg,original/referenced,True,False,0
wp-content/gallery/merchinger-advent/w-19.jpg,307746,ee44087c822b9ad5d82c6aba6912e62ffbfe01aeef0e55fd3125149c04644548,www.gemeinde-merching.de_wpvivid-b8981f085de20_2026-10-10-16-11_backup_content.part001.zip,.jpg,original/referenced,True,False,0
wp-content/gallery/merchinger-advent/w-09.jpg,239723,62edb0aa45f87db6844fcaa0c0f4800b7344c641943847af4b99f7eadafc4305,www.gemeinde-merching.de_wpvivid-b8981f085de20_2026-10-10-16-11_backup_content.part001.zip,.jpg,original/referenced,True,False,0
wp-content/gallery/merchinger-advent/w-44.jpg,384151,491f97e64d5d43d71dd7c2456b9512d9668b382b3108dd6fb8069dea92f363aa,www.gemeinde-merching.de_wpvivid-b8981f085de20_2026-10-10-16-11_backup_content.part001.zip,.jpg,original/referenced,True,False,0
wp-content/gallery/merchinger-advent/w-07.jpg,268255,13a29b9d069e3dfb1ae57d8c2bd0ea8cb1bbea945b3e409c90002fd24165cab9,www.gemeinde-merching.de_wpvivid-b8981f085de20_2026-10-10-16-11_backup_content.part001.zip,.jpg,original/referenced,True,False,0
wp-content/gallery/merchinger-advent/w-45.jpg,201066,c3f46e166846eab1637b616a231ca03cf575c71281166bd53a54c0353d919baf,www.gemeinde-merching.de_wpvivid-b8981f085de20_2026-10-10-16-11_backup_content.part001.zip,.jpg,original/referenced,True,False,0
wp-content/gallery/merchinger-advent/w-17.jpg,535369,2928e8aba1c092b50f61a3732b918d123716be1678e49f8a9d36b5d089612db4,www.gemeinde-merching.de_wpvivid-b8981f085de20_2026-10-10-16-11_backup_content.part001.zip,.jpg,original/referenced,True,False,0
wp-content/gallery/merchinger-advent/w-31.jpg,247335,e4adbd3f455572158f32de1051bc43e6fbaf4cfa8e2f61fb3b608f1fa1b17bff,www.gemeinde-merching.de_wpvivid-b8981f085de20_2026-10-10-16-11_backup_content.part001.zip,.jpg,original/referenced,True,False,0
wp-content/gallery/merchinger-advent/w-18.jpg,318353,49c1fd8443abd459b5571ac245ff81a0ac10f8156a65f87e4f1048e92514b6e6,www.gemeinde-merching.de_wpvivid-b8981f085de20_2026-10-10-16-11_backup_content.part001.zip,.jpg,original/referenced,True,False,0
wp-content/gallery/merchinger-advent/w-16.jpg,257024,bb7de0ad6f63c4637bcf7abfe030715007b5757df939012e75a70d263fcb3219,www.gemeinde-merching.de_wpvivid-b8981f085de20_2026-10-10-16-11_backup_content.part001.zip,.jpg,original/referenced,True,False,0
wp-content/gallery/merchinger-advent/w-10.jpg,342764,c0243a7c4d45a94cb82cab3ea0f9eae825fa120c8439576f03f304072eedad0b,www.gemeinde-merching.de_wpvivid-b8981f085de20_2026-10-10-16-11_backup_content.part001.zip,.jpg,original/referenced,True,False,0
wp-content/gallery/merchinger-advent/w-12.jpg,296968,39c420604831f70bd08ebf5883d7adc0b6fb9b53fc605ee9a21928d37a7e4e27,www.gemeinde-merching.de_wpvivid-b8981f085de20_2026-10-10-16-11_backup_content.part001.zip,.jpg,original/referenced,True,False,0
wp-content/gallery/merchinger-advent/w-38.jpg,472395,26b26937e5129cbbb9e5bfebc2fc533cdbc40a68355642719d889e0ee8df8713,www.gemeinde-merching.de_wpvivid-b8981f085de20_2026-10-10-16-11_backup_content.part001.zip,.jpg,original/referenced,True,False,0
wp-content/gallery/merchinger-advent/w-43.jpg,279299,892433769fa6510d2d89f489f9bc57d91b3a24c1e06d2696bc29cd00e4279172,www.gemeinde-merching.de_wpvivid-b8981f085de20_2026-10-10-16-11_backup_content.part001.zip,.jpg,original/referenced,True,False,0
wp-content/gallery/merchinger-advent/w-08.jpg,278174,f9f468ddf4ed3f442cafd7a7792b05773cbffa9e859ff1ac24797ea4a1500ec8,www.gemeinde-merching.de_wpvivid-b8981f085de20_2026-10-10-16-11_backup_content.part001.zip,.jpg,original/referenced,True,False,0
wp-content/gallery/merchinger-advent/w-02.jpg,322105,053f6df04639b5f7909e30548c5df55f1bb70ba7789f52f167b0b3554bb6e653,www.gemeinde-merching.de_wpvivid-b8981f085de20_2026-10-10-16-11_backup_content.part001.zip,.jpg,original/referenced,True,False,0
wp-content/gallery/merchinger-advent/w-11.jpg,174726,44db029b205f9ae95435032dfa8ff83ea3111a49dddfa0409e0930464765f5ea,www.gemeinde-merching.de_wpvivid-b8981f085de20_2026-10-10-16-11_backup_content.part001.zip,.jpg,original/referenced,True,False,0
wp-content/gallery/merchinger-advent/w-25.jpg,377157,51b26bc5f2e786c120d82e19920103474ec322f5139b92fff8ed02bfd1f684d9,www.gemeinde-merching.de_wpvivid-b8981f085de20_2026-10-10-16-11_backup_content.part001.zip,.jpg,original/referenced,True,False,0
wp-content/gallery/merchinger-advent/w-39.jpg,189648,04874f960297d2d3e04ea7122bd81e7f7941c442b58fbbb7193187c29130b0bd,www.gemeinde-merching.de_wpvivid-b8981f085de20_2026-10-10-16-11_backup_content.part001.zip,.jpg,original/referenced,True,False,0
wp-content/gallery/merchinger-advent/w-22.jpg,336881,8c7aa899bb56ea347256a3c2ca09f89bc32a97380184c6cebd2137c601016837,www.gemeinde-merching.de_wpvivid-b8981f085de20_2026-10-10-16-11_backup_content.part001.zip,.jpg,original/referenced,True,False,0
wp-content/gallery/merchinger-advent/w-34.jpg,291007,1e6d1e2874791c0a309b627258c552d97d6a750d059444bbd24c7f739fa0dd94,www.gemeinde-merching.de_wpvivid-b8981f085de20_2026-10-10-16-11_backup_content.part001.zip,.jpg,original/referenced,True,False,0
wp-content/gallery/merchinger-advent/w-42.jpg,278178,bfa7d46810a5e25e9613cdc6746f933beeb92ace7eaba376bdf8589b8c622708,www.gemeinde-merching.de_wpvivid-b8981f085de20_2026-10-10-16-11_backup_content.part001.zip,.jpg,original/referenced,True,False,0
wp-content/gallery/merchinger-advent/w-04.jpg,266784,75c051b136f6e061921f1b86fd515b4ff73484e36cfefbd2680ed2ed143051ad,www.gemeinde-merching.de_wpvivid-b8981f085de20_2026-10-10-16-11_backup_content.part001.zip,.jpg,original/referenced,True,False,0
wp-content/gallery/merchinger-advent/w-20.jpg,206792,653b36752582286e5e6a94876d3dee08949e78159586ca5cc8f886689ba57703,www.gemeinde-merching.de_wpvivid-b8981f085de20_2026-10-10-16-11_backup_content.part001.zip,.jpg,original/referenced,True,False,0
wp-content/gallery/merchinger-advent/w-13.jpg,415938,37a6e519a7d3ec7476a0840d659edef5a4a1da30b27eed6d9a98dd301a2f3ea6,www.gemeinde-merching.de_wpvivid-b8981f085de20_2026-10-10-16-11_backup_content.part001.zip,.jpg,original/referenced,True,False,0
wp-content/gallery/merchinger-advent/w-26.jpg,300463,27639340c9430351dcb470ba759ea8434647c267b268e156a1989c9e01bba544,www.gemeinde-merching.de_wpvivid-b8981f085de20_2026-10-10-16-11_backup_content.part001.zip,.jpg,original/referenced,True,False,0
wp-content/gallery/merchinger-advent/w-01.jpg,168609,5352f1365d61b97da5e2c97caf3c06afdfd061bcab273bfb7bb854622395db90,www.gemeinde-merching.de_wpvivid-b8981f085de20_2026-10-10-16-11_backup_content.part001.zip,.jpg,original/referenced,True,False,0
wp-content/gallery/merchinger-advent/w-03.jpg,247869,0fe765f1973238b1cfd4ed97294dd1d35eb5f49c55a0244157b9412716cb5b6e,www.gemeinde-merching.de_wpvivid-b8981f085de20_2026-10-10-16-11_backup_content.part001.zip,.jpg,original/referenced,True,False,0
wp-content/gallery/merchinger-advent/w-28.jpg,251579,3829b45f141f0b326a4b87f0a3750d170795d0efe3e7d2e4660661dd2521ebb9,www.gemeinde-merching.de_wpvivid-b8981f085de20_2026-10-10-16-11_backup_content.part001.zip,.jpg,original/referenced,True,False,0
wp-content/gallery/merchinger-advent/w-15.jpg,308997,de2afa645237c049d444d9df6126397ff2dcf14496fea50646190b72303f87c1,www.gemeinde-merching.de_wpvivid-b8981f085de20_2026-10-10-16-11_backup_content.part001.zip,.jpg,original/referenced,True,False,0
wp-content/gallery/merchinger-advent/thumbs/thumbs_w-24.jpg,10690,2ec32808c65da3bbbcca55edf7a71a7aa8fd4220f6428b3aefa9387e70b28e47,www.gemeinde-merching.de_wpvivid-b8981f085de20_2026-10-10-16-11_backup_content.part001.zip,.jpg,generated thumbnail,False,True,0
wp-content/gallery/merchinger-advent/thumbs/thumbs_w-28.jpg,8573,d0e70d98a3c417f25a2c23899e8d358386ce88094448e47fbae632999f4a8d0c,www.gemeinde-merching.de_wpvivid-b8981f085de20_2026-10-10-16-11_backup_content.part001.zip,.jpg,generated thumbnail,False,True,0
wp-content/gallery/merchinger-advent/thumbs/thumbs_w-07.jpg,7961,374dcb394c214f9e5cb7dcdf6cf763c02c6ce2bbe7b234d395999c15b8afd487,www.gemeinde-merching.de_wpvivid-b8981f085de20_2026-10-10-16-11_backup_content.part001.zip,.jpg,generated thumbnail,False,True,0
wp-content/gallery/merchinger-advent/thumbs/thumbs_w-27.jpg,10349,44246f48270d1f4faf4783a192d9f99113a9945ed88b5a0b767cef0ea175ff5b,www.gemeinde-merching.de_wpvivid-b8981f085de20_2026-10-10-16-11_backup_content.part001.zip,.jpg,generated thumbnail,False,True,0
wp-content/gallery/merchinger-advent/thumbs/thumbs_w-05.jpg,10190,3f9a44b268d9d32985026f8758924b62365377eb8d2342b6c8001844f99ab1d0,www.gemeinde-merching.de_wpvivid-b8981f085de20_2026-10-10-16-11_backup_content.part001.zip,.jpg,generated thumbnail,False,True,0
wp-content/gallery/merchinger-advent/thumbs/thumbs_w-38.jpg,10626,18c9165483e6a85303a39fe5622147ab90175b990bf73f3b11c97d4e91a4d8a3,www.gemeinde-merching.de_wpvivid-b8981f085de20_2026-10-10-16-11_backup_content.part001.zip,.jpg,generated thumbnail,False,True,0
wp-content/gallery/merchinger-advent/thumbs/thumbs_w-45.jpg,7995,949f1e48768a03633c1deb61f04cc8ab602ba58421ca689850ac6c1dba3b6b78,www.gemeinde-merching.de_wpvivid-b8981f085de20_2026-10-10-16-11_backup_content.part001.zip,.jpg,generated thumbnail,False,True,0
wp-content/gallery/merchinger-advent/thumbs/thumbs_w-18.jpg,9399,c5d76fea4166a20fd0cf7925954287d544cf8f02c8864b257962768299fb2fe6,www.gemeinde-merching.de_wpvivid-b8981f085de20_2026-10-10-16-11_backup_content.part001.zip,.jpg,generated thumbnail,False,True,0
wp-content/gallery/merchinger-advent/thumbs/thumbs_w-12.jpg,9576,bd910e74d16b8da00d6ad841aef1ce16f45aad0d4f5de5adc200ff2b0944e28e,www.gemeinde-merching.de_wpvivid-b8981f085de20_2026-10-10-16-11_backup_content.part001.zip,.jpg,generated thumbnail,False,True,0
wp-content/gallery/merchinger-advent/thumbs/thumbs_w-21.jpg,9064,b097ac96f874deb7c07e26811c5cd6d679bcab27ae3a3a845d44a5003471195e,www.gemeinde-merching.de_wpvivid-b8981f085de20_2026-10-10-16-11_backup_content.part001.zip,.jpg,generated thumbnail,False,True,0
wp-content/gallery/merchinger-advent/thumbs/thumbs_w-34.jpg,10086,4ce73c01f5c07bfcbbe5529cfab21018230acfd72d990a886c65df5117d8e512,www.gemeinde-merching.de_wpvivid-b8981f085de20_2026-10-10-16-11_backup_content.part001.zip,.jpg,generated thumbnail,False,True,0
wp-content/gallery/merchinger-advent/thumbs/thumbs_w-41.jpg,7706,77d6061f776725d1c40146fdb4f035203fd0915b47033108f6fea9d3d061511e,www.gemeinde-merching.de_wpvivid-b8981f085de20_2026-10-10-16-11_backup_content.part001.zip,.jpg,generated thumbnail,False,True,0
wp-content/gallery/merchinger-advent/thumbs/thumbs_w-35.jpg,7250,a05fa61235d19972d5ae5f3d1a5cd93ae2274c1754ff99a37d6ec328295f4fcc,www.gemeinde-merching.de_wpvivid-b8981f085de20_2026-10-10-16-11_backup_content.part001.zip,.jpg,generated thumbnail,False,True,0
wp-content/gallery/merchinger-advent/thumbs/thumbs_w-02.jpg,9197,f87de5b7bbfe9adbcae3c6d88a919f760bb6622fc2d7e8708ca4e99123be57bd,www.gemeinde-merching.de_wpvivid-b8981f085de20_2026-10-10-16-11_backup_content.part001.zip,.jpg,generated thumbnail,False,True,0
wp-content/gallery/merchinger-advent/thumbs/thumbs_w-06.jpg,11140,550866ce36e3f7038c085d60d4dfdbb386b142cb85fe1fa56f1d150a9cbd4d3f,www.gemeinde-merching.de_wpvivid-b8981f085de20_2026-10-10-16-11_backup_content.part001.zip,.jpg,generated thumbnail,False,True,0
wp-content/gallery/merchinger-advent/thumbs/thumbs_w-25.jpg,10028,7d37e1b9817e97eec46ba36a189b4cdb6b9ea690acd91b2b467e71452e56f282,www.gemeinde-merching.de_wpvivid-b8981f085de20_2026-10-10-16-11_backup_content.part001.zip,.jpg,generated thumbnail,False,True,0
wp-content/gallery/merchinger-advent/thumbs/thumbs_w-22.jpg,9352,f99ca7723eeebf89a2de241494c3a85050b6e407667341d8fb16ddab8c9a2fcd,www.gemeinde-merching.de_wpvivid-b8981f085de20_2026-10-10-16-11_backup_content.part001.zip,.jpg,generated thumbnail,False,True,0
wp-content/gallery/merchinger-advent/thumbs/thumbs_w-09.jpg,8969,2aef8d3758be2bd5f9eac8d9c7b4603efc1eeec9b5ca2831de1efc777f2f9786,www.gemeinde-merching.de_wpvivid-b8981f085de20_2026-10-10-16-11_backup_content.part001.zip,.jpg,generated thumbnail,False,True,0
wp-content/gallery/merchinger-advent/thumbs/thumbs_w-32.jpg,10064,470c383333ab5b405350f5cfea2e84b4612fe1bd622f89b813f1044df37d947a,www.gemeinde-merching.de_wpvivid-b8981f085de20_2026-10-10-16-11_backup_content.part001.zip,.jpg,generated thumbnail,False,True,0
wp-content/gallery/merchinger-advent/thumbs/thumbs_w-42.jpg,8593,e3ea1de21104bf8f20311df35b7f697d2500cf59f87ad188a4a22eb3c3befd48,www.gemeinde-merching.de_wpvivid-b8981f085de20_2026-10-10-16-11_backup_content.part001.zip,.jpg,generated thumbnail,False,True,0
wp-content/gallery/merchinger-advent/thumbs/thumbs_w-44.jpg,8169,f76ec7855cc5e4fb21e1fade8de490337ed479de0741fccd710101abe02e0e5b,www.gemeinde-merching.de_wpvivid-b8981f085de20_2026-10-10-16-11_backup_content.part001.zip,.jpg,generated thumbnail,False,True,0
wp-content/gallery/merchinger-advent/thumbs/thumbs_w-03.jpg,7759,9858d81d4b7ea7c6db152c9084e452a4f68ebf76f6fd6915d73cc38e4bfdac1c,www.gemeinde-merching.de_wpvivid-b8981f085de20_2026-10-10-16-11_backup_content.part001.zip,.jpg,generated thumbnail,False,True,0
wp-content/gallery/merchinger-advent/thumbs/thumbs_w-19.jpg,8768,561d56576645c82f178cdab5ed573fef1f42e38cbcb89fd0752886e8b3a51832,www.gemeinde-merching.de_wpvivid-b8981f085de20_2026-10-10-16-11_backup_content.part001.zip,.jpg,generated thumbnail,False,True,0
wp-content/gallery/merchinger-advent/thumbs/thumbs_w-31.jpg,7733,967c9fb07da3c4cf1fba534f5a5b55f17b766dd534612b305805cdf3358ca187,www.gemeinde-merching.de_wpvivid-b8981f085de20_2026-10-10-16-11_backup_content.part001.zip,.jpg,generated thumbnail,False,True,0
wp-content/gallery/merchinger-advent/thumbs/thumbs_w-40.jpg,8788,c576257853de35402e57fdac6e43ce3eec163987ac59f67484a7720a37ad3754,www.gemeinde-merching.de_wpvivid-b8981f085de20_2026-10-10-16-11_backup_content.part001.zip,.jpg,generated thumbnail,False,True,0
wp-content/gallery/merchinger-advent/thumbs/thumbs_w-20.jpg,6862,8925489d9af910bd1d3a32010511b98dfc1b65798154e6a76fec27ff607f27a7,www.gemeinde-merching.de_wpvivid-b8981f085de20_2026-10-10-16-11_backup_content.part001.zip,.jpg,generated thumbnail,False,True,0
wp-content/gallery/merchinger-advent/thumbs/thumbs_w-08.jpg,6826,769c8a3c28f1555f10a2c25fe660d643e40ce01209c76aec7638921ed157e669,www.gemeinde-merching.de_wpvivid-b8981f085de20_2026-10-10-16-11_backup_content.part001.zip,.jpg,generated thumbnail,False,True,0
wp-content/gallery/merchinger-advent/thumbs/thumbs_w-30.jpg,10237,0a41a7e02ebdbeba6081f0431bc528bbb5d1e67f22dcc38bad7aa0303d8895b3,www.gemeinde-merching.de_wpvivid-b8981f085de20_2026-10-10-16-11_backup_content.part001.zip,.jpg,generated thumbnail,False,True,0
wp-content/gallery/merchinger-advent/thumbs/thumbs_w-14.jpg,7564,beb21f4be6f2ccccc00b553d38dfde6efc97697af657c0201e8c7e16ecd962b0,www.gemeinde-merching.de_wpvivid-b8981f085de20_2026-10-10-16-11_backup_content.part001.zip,.jpg,generated thumbnail,False,True,0
wp-content/gallery/merchinger-advent/thumbs/thumbs_w-29.jpg,9578,cb5b0128f148a651625b259fa3b4697323fcd8638d0c83fff5ef458b129cb89a,www.gemeinde-merching.de_wpvivid-b8981f085de20_2026-10-10-16-11_backup_content.part001.zip,.jpg,generated thumbnail,False,True,0
wp-content/gallery/merchinger-advent/thumbs/thumbs_w-37.jpg,10728,495e5698198e375c447cc7bbfd681a24666b7716fca364cb7c30555142ec4a1a,www.gemeinde-merching.de_wpvivid-b8981f085de20_2026-10-10-16-11_backup_content.part001.zip,.jpg,generated thumbnail,False,True,0
wp-content/gallery/merchinger-advent/thumbs/thumbs_w-04.jpg,8252,4fc271cc9abc20abfda6ce7a4adb11fabb584075196c9684d3b8cc766880b351,www.gemeinde-merching.de_wpvivid-b8981f085de20_2026-10-10-16-11_backup_content.part001.zip,.jpg,generated thumbnail,False,True,0
wp-content/gallery/merchinger-advent/thumbs/thumbs_w-16.jpg,7715,3b76b375ecb7917645f4dc60b1e0812cf3303baa7c06689fc9ee4720af55787d,www.gemeinde-merching.de_wpvivid-b8981f085de20_2026-10-10-16-11_backup_content.part001.zip,.jpg,generated thumbnail,False,True,0
wp-content/gallery/merchinger-advent/thumbs/thumbs_w-23.jpg,5798,769a00c1b529f19b2ff2ecf96c628951bf0c256d9948614638b5a88e46f7645d,www.gemeinde-merching.de_wpvivid-b8981f085de20_2026-10-10-16-11_backup_content.part001.zip,.jpg,generated thumbnail,False,True,0
wp-content/gallery/merchinger-advent/thumbs/thumbs_w-26.jpg,9400,25c5c78659020def4a503f4e8925d839fcfd4633bf188f268afe75003ebb82f2,www.gemeinde-merching.de_wpvivid-b8981f085de20_2026-10-10-16-11_backup_content.part001.zip,.jpg,generated thumbnail,False,True,0
wp-content/gallery/merchinger-advent/thumbs/thumbs_w-17.jpg,10452,c734eb3ce22cf33ca37023fc199686f110f7fb33e5f4b37326b2832cb1dee405,www.gemeinde-merching.de_wpvivid-b8981f085de20_2026-10-10-16-11_backup_content.part001.zip,.jpg,generated thumbnail,False,True,0
wp-content/gallery/merchinger-advent/thumbs/thumbs_w-43.jpg,7343,684184e038db963864535bbf1c0c5b8841db5cda3ac4d86fa88766cb65aeb5c8,www.gemeinde-merching.de_wpvivid-b8981f085de20_2026-10-10-16-11_backup_content.part001.zip,.jpg,generated thumbnail,False,True,0
wp-content/gallery/merchinger-advent/thumbs/thumbs_w-01.jpg,5182,8e66983e915093b30a35612194f4986f80634777ddd882d5c36fca6a10545201,www.gemeinde-merching.de_wpvivid-b8981f085de20_2026-10-10-16-11_backup_content.part001.zip,.jpg,generated thumbnail,False,True,0
wp-content/gallery/merchinger-advent/thumbs/thumbs_w-15.jpg,10384,edd808c5460fafbc8e8422e75ef7c4c3b53f26de89d9f804ee4ad54ad6474120,www.gemeinde-merching.de_wpvivid-b8981f085de20_2026-10-10-16-11_backup_content.part001.zip,.jpg,generated thumbnail,False,True,0
wp-content/gallery/merchinger-advent/thumbs/thumbs_w-10.jpg,9894,3565e3bb429645ccdfef1858e3140f6284c3e8124ed20e07d6b9b539690ddbdd,www.gemeinde-merching.de_wpvivid-b8981f085de20_2026-10-10-16-11_backup_content.part001.zip,.jpg,generated thumbnail,False,True,0
wp-content/gallery/merchinger-advent/thumbs/thumbs_w-36.jpg,7021,4b058519d5e5132cad7126d00489681f43167b80cf7dcc98336ce732d643b57f,www.gemeinde-merching.de_wpvivid-b8981f085de20_2026-10-10-16-11_backup_content.part001.zip,.jpg,generated thumbnail,False,True,0
wp-content/gallery/merchinger-advent/thumbs/thumbs_w-13.jpg,7341,a13fd6fbe5b2ff3a44f65d4d12de7da4c92700426df6a8ec920c27dc45d4431a,www.gemeinde-merching.de_wpvivid-b8981f085de20_2026-10-10-16-11_backup_content.part001.zip,.jpg,generated thumbnail,False,True,0
wp-content/gallery/merchinger-advent/thumbs/thumbs_w-11.jpg,6991,9bd29d01a5835b62e5563532c1813867d78f0178b10aa4a5c4a5176243590da3,www.gemeinde-merching.de_wpvivid-b8981f085de20_2026-10-10-16-11_backup_content.part001.zip,.jpg,generated thumbnail,False,True,0
wp-content/gallery/merchinger-advent/thumbs/thumbs_w-33.jpg,11774,ab2752502c2b88d44f4bb6c4d5bcfe19ef2b27fc36b4eec455e24a722cbfd499,www.gemeinde-merching.de_wpvivid-b8981f085de20_2026-10-10-16-11_backup_content.part001.zip,.jpg,generated thumbnail,False,True,0
wp-content/gallery/merchinger-advent/thumbs/thumbs_w-39.jpg,6086,94b8fe550a24510ed2b043904c7cb3be7002ef39d962eec160b80ea070fe051d,www.gemeinde-merching.de_wpvivid-b8981f085de20_2026-10-10-16-11_backup_content.part001.zip,.jpg,generated thumbnail,False,True,0
wp-content/gallery/merchinger-advent/w-33.jpg,547596,3aa13dca1bb03fb941ab328588a7be4e0a0764bec27789fd5e898a3a96db5ad6,www.gemeinde-merching.de_wpvivid-b8981f085de20_2026-10-10-16-11_backup_content.part001.zip,.jpg,original/referenced,True,False,0
wp-content/gallery/merchinger-advent/w-24.jpg,266583,2849251732c2294abef4c5ac12a482d2b1487e4af0edd0f2c7880e627b5b0be2,www.gemeinde-merching.de_wpvivid-b8981f085de20_2026-10-10-16-11_backup_content.part001.zip,.jpg,original/referenced,True,False,0
wp-content/gallery/merchinger-advent/w-40.jpg,356230,d5c5c6696d15c2ecc2a00dab3af5c87acb0447a8360e5d565219b400891cdb31,www.gemeinde-merching.de_wpvivid-b8981f085de20_2026-10-10-16-11_backup_content.part001.zip,.jpg,original/referenced,True,False,0
wp-content/gallery/merchinger-advent/w-14.jpg,245951,6e8621861ef7108127648ddebf57ffdb441957d55fc67e9f6f3ea40e9000bf59,www.gemeinde-merching.de_wpvivid-b8981f085de20_2026-10-10-16-11_backup_content.part001.zip,.jpg,original/referenced,True,False,0
wp-content/gallery/merchinger-advent/w-36.jpg,311377,3609c969cfbd35c3504bf811af8a231b466e605c316a823c09f58a399e561a30,www.gemeinde-merching.de_wpvivid-b8981f085de20_2026-10-10-16-11_backup_content.part001.zip,.jpg,original/referenced,True,False,0
wp-content/gallery/merchinger-advent/w-35.jpg,259148,b08f9da30816ffd5e1a7f5f0d4a4776e1ac5bbfeeaa2815555f2479a81eded8c,www.gemeinde-merching.de_wpvivid-b8981f085de20_2026-10-10-16-11_backup_content.part001.zip,.jpg,original/referenced,True,False,0
wp-content/gallery/merchinger-advent/dynamic/w-01.jpg-nggid0284-ngg0dyn-300x200x90-00f0w010c011r110f110r010t03jpg.jpg,9908,962b7e29ccdcad60d6c855426f5e41bc40b0bb230587d4777732f9298005a99a,www.gemeinde-merching.de_wpvivid-b8981f085de20_2026-10-10-16-11_backup_content.part001.zip,.jpg,unreferenced candidate (not proven orphan),False,False,0
wp-content/gallery/merchinger-advent/dynamic/w-01.jpg-nggid0284-ngg0dyn-91x68-00f0w010c011r110f110r010t010.jpg,4386,7e5323b4f06dc7bd73ce53f7f2465c90238af91e61918a44b3b5f0fa3129ce24,www.gemeinde-merching.de_wpvivid-b8981f085de20_2026-10-10-16-11_backup_content.part001.zip,.jpg,unreferenced candidate (not proven orphan),False,False,0
wp-content/gallery/merchinger-advent/dynamic/w-01-nggid0284-ngg0dyn-91x68-00f0w010c011r110f110r010t010.jpg,4386,7e5323b4f06dc7bd73ce53f7f2465c90238af91e61918a44b3b5f0fa3129ce24,www.gemeinde-merching.de_wpvivid-b8981f085de20_2026-10-10-16-11_backup_content.part001.zip,.jpg,unreferenced candidate (not proven orphan),False,False,0
wp-content/gallery/merchinger-advent/w-41.jpg,334926,3646940d3f3fed447792bbd60c6718e3a8d734e7bb49704eef86fa9d2073c40d,www.gemeinde-merching.de_wpvivid-b8981f085de20_2026-10-10-16-11_backup_content.part001.zip,.jpg,original/referenced,True,False,0
wp-content/gallery/merchinger-advent/w-30.jpg,521617,b634baf5bcf6ac81a36fb152a415d7edde748c051f42e9c3848878eb53a191a4,www.gemeinde-merching.de_wpvivid-b8981f085de20_2026-10-10-16-11_backup_content.part001.zip,.jpg,original/referenced,True,False,0
wp-content/gallery/merchinger-advent/w-21.jpg,294346,069a809c8147b6dea2fbbac061c0036810ed904aadfc98d19be38b9956677b25,www.gemeinde-merching.de_wpvivid-b8981f085de20_2026-10-10-16-11_backup_content.part001.zip,.jpg,original/referenced,True,False,0
wp-content/gallery/merchinger-advent/w-05.jpg,378300,a1e4d87fa1416b0398fd55e99d90d62c5f558045882875fcdbfabc1977728444,www.gemeinde-merching.de_wpvivid-b8981f085de20_2026-10-10-16-11_backup_content.part001.zip,.jpg,original/referenced,True,False,0
wp-content/gallery/merchinger-advent/w-37.jpg,565156,461ef6d50203b70f555d8aa5116ffca73ec0e1fd66d366960d51293d76d4925c,www.gemeinde-merching.de_wpvivid-b8981f085de20_2026-10-10-16-11_backup_content.part001.zip,.jpg,original/referenced,True,False,0
wp-content/gallery/naherholungsgebiet-mandichosee/merching_mandichosee_16.jpg,93292,33743d96ed4c241aaf8ab4c67d75613a0d4ba064c9bf1f2491b156804d613d99,www.gemeinde-merching.de_wpvivid-b8981f085de20_2026-10-10-16-11_backup_content.part001.zip,.jpg,original/referenced,True,False,0
wp-content/gallery/naherholungsgebiet-mandichosee/merching_mandichosee_17.jpg,162018,d92bc9add95fa70a04cbc35d2346d0b6f27f99037d4defa4e0721b9c9b054b07,www.gemeinde-merching.de_wpvivid-b8981f085de20_2026-10-10-16-11_backup_content.part001.zip,.jpg,original/referenced,True,False,0
wp-content/gallery/naherholungsgebiet-mandichosee/merching_mandichosee_6.jpg,63771,f4c2ddb32cb57c2ac08d73ee69a12c666452075b4374252249d9d8ce1f2943c4,www.gemeinde-merching.de_wpvivid-b8981f085de20_2026-10-10-16-11_backup_content.part001.zip,.jpg,original/referenced,True,False,0
wp-content/gallery/naherholungsgebiet-mandichosee/merching_mandichosee_2.jpg,131198,1a1280879557004d4283e50929d87c6357158ecaa2215e2526effd7f43605cb6,www.gemeinde-merching.de_wpvivid-b8981f085de20_2026-10-10-16-11_backup_content.part001.zip,.jpg,original/referenced,True,False,0
wp-content/gallery/naherholungsgebiet-mandichosee/merching_mandichosee_8.jpg,99787,5d5fd66c75421ffd9e2df09a01d8ba6133fa0367e80af02cc1e60f2ae40a190c,www.gemeinde-merching.de_wpvivid-b8981f085de20_2026-10-10-16-11_backup_content.part001.zip,.jpg,original/referenced,True,False,0
wp-content/gallery/naherholungsgebiet-mandichosee/merching_mandichosee_13.jpg,98340,ef5ba198de7acae9195011815bd036c1290fbcef074debf9c55d7bf8073798cc,www.gemeinde-merching.de_wpvivid-b8981f085de20_2026-10-10-16-11_backup_content.part001.zip,.jpg,original/referenced,True,False,0
wp-content/gallery/naherholungsgebiet-mandichosee/merching_mandichosee_19.jpg,156997,faf3e6245ffb9eda492cd34443386ad893337529d1ca0aeb9cc9c0b1836aeb6f,www.gemeinde-merching.de_wpvivid-b8981f085de20_2026-10-10-16-11_backup_content.part001.zip,.jpg,original/referenced,True,False,0
wp-content/gallery/naherholungsgebiet-mandichosee/merching_mandichosee_3.jpg,124377,1a2870105fca29be885b68f2c979ef7eabffbb8d8ecee7c8bb4836f61ac57085,www.gemeinde-merching.de_wpvivid-b8981f085de20_2026-10-10-16-11_backup_content.part001.zip,.jpg,original/referenced,True,False,0
wp-content/gallery/naherholungsgebiet-mandichosee/merching_mandichosee_7.jpg,82334,55a769991fb10f0e2035b323fff99f3c7d6a50de998a7596e89085d09430469b,www.gemeinde-merching.de_wpvivid-b8981f085de20_2026-10-10-16-11_backup_content.part001.zip,.jpg,original/referenced,True,False,0
wp-content/gallery/naherholungsgebiet-mandichosee/merching_mandichosee_14.jpg,142285,1dd64f65a1d128874b119f8b321913a1da5fb06673575b596aae091315753a1f,www.gemeinde-merching.de_wpvivid-b8981f085de20_2026-10-10-16-11_backup_content.part001.zip,.jpg,original/referenced,True,False,0
wp-content/gallery/naherholungsgebiet-mandichosee/merching_mandichosee_10.jpg,77992,c33c0a6d89111c33d11bd8a1baf8d69e8c7bbc441d1bed0a216526d43f98747e,www.gemeinde-merching.de_wpvivid-b8981f085de20_2026-10-10-16-11_backup_content.part001.zip,.jpg,original/referenced,True,False,0
wp-content/gallery/naherholungsgebiet-mandichosee/merching_mandichosee_18.jpg,104661,4b83de20094307dd90a61c2056d4a5fde832e9c243aa573a9d78ae2fb23cb95b,www.gemeinde-merching.de_wpvivid-b8981f085de20_2026-10-10-16-11_backup_content.part001.zip,.jpg,original/referenced,True,False,0
wp-content/gallery/naherholungsgebiet-mandichosee/merching_mandichosee_9.jpg,96350,b08442375c20d3a8ae78edd3572ff2ab2a4f77e9bf5bf9633cc4439fa18acfb0,www.gemeinde-merching.de_wpvivid-b8981f085de20_2026-10-10-16-11_backup_content.part001.zip,.jpg,original/referenced,True,False,0
wp-content/gallery/naherholungsgebiet-mandichosee/merching_mandichosee_15.jpg,131164,7c09ab390a2511f0fcded6d3664d6eda8df6b5ce8e1957cf37adfbf273b1e5df,www.gemeinde-merching.de_wpvivid-b8981f085de20_2026-10-10-16-11_backup_content.part001.zip,.jpg,original/referenced,True,False,0
wp-content/gallery/naherholungsgebiet-mandichosee/merching_mandichosee_12.jpg,93534,2336b30e6ed25bec53563e016aea169db2f778127a1375ac846d619243afc64d,www.gemeinde-merching.de_wpvivid-b8981f085de20_2026-10-10-16-11_backup_content.part001.zip,.jpg,original/referenced,True,False,0
wp-content/gallery/naherholungsgebiet-mandichosee/merching_mandichosee_20.jpg,105257,0817277c014ec80c77334d54f7c5de3a158f83548cbdaeb45d71a077b5709b4a,www.gemeinde-merching.de_wpvivid-b8981f085de20_2026-10-10-16-11_backup_content.part001.zip,.jpg,original/referenced,True,False,0
wp-content/gallery/naherholungsgebiet-mandichosee/thumbs/thumbs_merching_mandichosee_7.jpg,9421,03d4881b36a92e785a611afa1f19f02da894caed90fb4b02fec5538c37407ad0,www.gemeinde-merching.de_wpvivid-b8981f085de20_2026-10-10-16-11_backup_content.part001.zip,.jpg,generated thumbnail,False,True,0
wp-content/gallery/naherholungsgebiet-mandichosee/thumbs/thumbs_merching_mandichosee_18.jpg,7819,260bbd78817eb363786d0f76bb719387cf4fcfc418b85fb5aa9943902bd619bc,www.gemeinde-merching.de_wpvivid-b8981f085de20_2026-10-10-16-11_backup_content.part001.zip,.jpg,generated thumbnail,False,True,0
wp-content/gallery/naherholungsgebiet-mandichosee/thumbs/thumbs_merching_mandichosee_3.jpg,10557,8c8b78532c1246ba46fc01d9cf8be4c74cff26a7cd61fb951c5119a3a3542e0b,www.gemeinde-merching.de_wpvivid-b8981f085de20_2026-10-10-16-11_backup_content.part001.zip,.jpg,generated thumbnail,False,True,0
wp-content/gallery/naherholungsgebiet-mandichosee/thumbs/thumbs_merching_mandichosee_11.jpg,7673,45f136bf1294e420e9e58a4ef6eb369bd3fa9de94e90848a9e7fb3b1e63794a4,www.gemeinde-merching.de_wpvivid-b8981f085de20_2026-10-10-16-11_backup_content.part001.zip,.jpg,generated thumbnail,False,True,0
wp-content/gallery/naherholungsgebiet-mandichosee/thumbs/thumbs_merching_mandichosee_10.jpg,8566,8500aa590d96a0ffae3f27e34fe85330ac4c50e3e8659fc702523a3702f491bd,www.gemeinde-merching.de_wpvivid-b8981f085de20_2026-10-10-16-11_backup_content.part001.zip,.jpg,generated thumbnail,False,True,0
wp-content/gallery/naherholungsgebiet-mandichosee/thumbs/thumbs_merching_mandichosee_14.jpg,9625,1551f9822b645349a34be8b1994a428e86c7975909bd8076b8ab239b58fcbe63,www.gemeinde-merching.de_wpvivid-b8981f085de20_2026-10-10-16-11_backup_content.part001.zip,.jpg,generated thumbnail,False,True,0
wp-content/gallery/naherholungsgebiet-mandichosee/thumbs/thumbs_merching_mandichosee_17.jpg,10737,f3b3ececdafea035ddb8a30c7ed42d64f355244fa9dca5d0e4b9e4b89bbe8179,www.gemeinde-merching.de_wpvivid-b8981f085de20_2026-10-10-16-11_backup_content.part001.zip,.jpg,generated thumbnail,False,True,0
wp-content/gallery/naherholungsgebiet-mandichosee/thumbs/thumbs_merching_mandichosee_13.jpg,7989,393ecbc546c4c75ac9e4a76a33d290ddcc469ed5e28665f88d10a27c46567e91,www.gemeinde-merching.de_wpvivid-b8981f085de20_2026-10-10-16-11_backup_content.part001.zip,.jpg,generated thumbnail,False,True,0
wp-content/gallery/naherholungsgebiet-mandichosee/thumbs/thumbs_merching_mandichosee_12.jpg,7641,bf7dd06aed559a8f377e1bbb4a5ed3e3a8c2a4d241a1d9fca3875fe0b4b49532,www.gemeinde-merching.de_wpvivid-b8981f085de20_2026-10-10-16-11_backup_content.part001.zip,.jpg,generated thumbnail,False,True,0
wp-content/gallery/naherholungsgebiet-mandichosee/thumbs/thumbs_merching_mandichosee_2.jpg,11449,0004472b1810995e01ec492517e8d63c4f31caa8edbc150615b77cd770bf673d,www.gemeinde-merching.de_wpvivid-b8981f085de20_2026-10-10-16-11_backup_content.part001.zip,.jpg,generated thumbnail,False,True,0
wp-content/gallery/naherholungsgebiet-mandichosee/thumbs/thumbs_merching_mandichosee_6.jpg,7423,3f28723c4437cb268512cc04d1e7068e12cdd278580eda1834ed7befed25956c,www.gemeinde-merching.de_wpvivid-b8981f085de20_2026-10-10-16-11_backup_content.part001.zip,.jpg,generated thumbnail,False,True,0
wp-content/gallery/naherholungsgebiet-mandichosee/thumbs/thumbs_merching_mandichosee_20.jpg,8321,d6872be379f18df0d1fde9df4276c9f1fa39a0d104a509d3df78ed83bd24801a,www.gemeinde-merching.de_wpvivid-b8981f085de20_2026-10-10-16-11_backup_content.part001.zip,.jpg,generated thumbnail,False,True,0
wp-content/gallery/naherholungsgebiet-mandichosee/thumbs/thumbs_merching_mandichosee_15.jpg,8990,3bc90b9aaa3e72c651e2009de177447b97301be298d2c3f228d43fbd37478f6b,www.gemeinde-merching.de_wpvivid-b8981f085de20_2026-10-10-16-11_backup_content.part001.zip,.jpg,generated thumbnail,False,True,0
wp-content/gallery/naherholungsgebiet-mandichosee/thumbs/thumbs_merching_mandichosee_8.jpg,10420,0c2c1117f6230a16e5ccb560c20ad9b68303be35234916a33398ce9d3e3e5348,www.gemeinde-merching.de_wpvivid-b8981f085de20_2026-10-10-16-11_backup_content.part001.zip,.jpg,generated thumbnail,False,True,0
wp-content/gallery/naherholungsgebiet-mandichosee/thumbs/thumbs_merching_mandichosee_1.jpg,11368,10c49f9b440046c8798a33165267407e0f8d97ac99b90a7794402ff21a8eedf2,www.gemeinde-merching.de_wpvivid-b8981f085de20_2026-10-10-16-11_backup_content.part001.zip,.jpg,generated thumbnail,False,True,0
wp-content/gallery/naherholungsgebiet-mandichosee/thumbs/thumbs_merching_mandichosee_9.jpg,10048,e97e2db119bb39a9c1f715c54623c86e26def86652f1ac97264a567d70fbdb4f,www.gemeinde-merching.de_wpvivid-b8981f085de20_2026-10-10-16-11_backup_content.part001.zip,.jpg,generated thumbnail,False,True,0
wp-content/gallery/naherholungsgebiet-mandichosee/thumbs/thumbs_merching_mandichosee_19.jpg,10213,296888472e597d6d2a68575d7a8c3754956a78ceacff0e4ddfc7e7a0fcfc1471,www.gemeinde-merching.de_wpvivid-b8981f085de20_2026-10-10-16-11_backup_content.part001.zip,.jpg,generated thumbnail,False,True,0
wp-content/gallery/naherholungsgebiet-mandichosee/thumbs/thumbs_merching_mandichosee_5.jpg,11576,4796485de0b67f0fecc75a548499382a4c99ff1818ccf4a48adcc33063835f61,www.gemeinde-merching.de_wpvivid-b8981f085de20_2026-10-10-16-11_backup_content.part001.zip,.jpg,generated thumbnail,False,True,0
wp-content/gallery/naherholungsgebiet-mandichosee/thumbs/thumbs_merching_mandichosee_4.jpg,7207,16d0cc46603ca957e0d4f87b2428f57634af698c2ab91ce355cf4e09c87cd245,www.gemeinde-merching.de_wpvivid-b8981f085de20_2026-10-10-16-11_backup_content.part001.zip,.jpg,generated thumbnail,False,True,0
wp-content/gallery/naherholungsgebiet-mandichosee/thumbs/thumbs_merching_mandichosee_16.jpg,8246,e2826e4b6a41f5e08f52548f1256facdf01bbecf659853ef12057f1c198d457a,www.gemeinde-merching.de_wpvivid-b8981f085de20_2026-10-10-16-11_backup_content.part001.zip,.jpg,generated thumbnail,False,True,0
wp-content/gallery/naherholungsgebiet-mandichosee/merching_mandichosee_11.jpg,93800,2a49e398cc50973e92e78ac8cb99744fd5afcd1f4bdfa11dc7142ce5b2f5c0f4,www.gemeinde-merching.de_wpvivid-b8981f085de20_2026-10-10-16-11_backup_content.part001.zip,.jpg,original/referenced,True,False,0
wp-content/gallery/naherholungsgebiet-mandichosee/merching_mandichosee_1.jpg,137848,ca01052178770cc22cd8f1c92ce7ec684ea23fb439aaa7c4cf27d03eae268ea0,www.gemeinde-merching.de_wpvivid-b8981f085de20_2026-10-10-16-11_backup_content.part001.zip,.jpg,original/referenced,True,False,0
wp-content/gallery/naherholungsgebiet-mandichosee/dynamic/merching_mandichosee_11-nggid0229-ngg0dyn-91x68-00f0w010c011r110f110r010t010.jpg,6609,bce8a347a04797d7364c36edcce69c935899206ad8105ca6f6dce78f9c2f5c86,www.gemeinde-merching.de_wpvivid-b8981f085de20_2026-10-10-16-11_backup_content.part001.zip,.jpg,unreferenced candidate (not proven orphan),False,False,0
wp-content/gallery/naherholungsgebiet-mandichosee/dynamic/merching_mandichosee_11.jpg-nggid0229-ngg0dyn-91x68-00f0w010c011r110f110r010t010.jpg,6609,bce8a347a04797d7364c36edcce69c935899206ad8105ca6f6dce78f9c2f5c86,www.gemeinde-merching.de_wpvivid-b8981f085de20_2026-10-10-16-11_backup_content.part001.zip,.jpg,unreferenced candidate (not proven orphan),False,False,0
wp-content/gallery/naherholungsgebiet-mandichosee/dynamic/merching_mandichosee_19.jpg-nggid0237-ngg0dyn-200x200x90-00f0w010c010r110f110r010t03jpg.jpg,12668,2944416768236d6a9daf552b5e129e20e8ba02d6bdbcc1a02310ed3ba37334b7,www.gemeinde-merching.de_wpvivid-b8981f085de20_2026-10-10-16-11_backup_content.part001.zip,.jpg,unreferenced candidate (not proven orphan),False,False,0
wp-content/gallery/naherholungsgebiet-mandichosee/merching_mandichosee_4.jpg,55504,d15085d96388b5414f723ee0d778ac6efca6b9a4ac106b76fa772eebe18f1318,www.gemeinde-merching.de_wpvivid-b8981f085de20_2026-10-10-16-11_backup_content.part001.zip,.jpg,original/referenced,True,False,0
wp-content/gallery/naherholungsgebiet-mandichosee/merching_mandichosee_5.jpg,133244,b5bc958d9fa56da4479b4a2b971313fc3b4a25c33cd71849f59030e6587b2e41,www.gemeinde-merching.de_wpvivid-b8981f085de20_2026-10-10-16-11_backup_content.part001.zip,.jpg,original/referenced,True,False,0
wp-content/gallery/2025-adventsfenster/Fenster-13.JPG,378235,42873289df8af6791ed255a16a8849473d99716d5dd9590f7ae906c3bad7e535,www.gemeinde-merching.de_wpvivid-b8981f085de20_2026-10-10-16-11_backup_content.part001.zip,.jpg,original/referenced,True,False,0
wp-content/gallery/2025-adventsfenster/Fenster-15.JPG,324974,af540cc1a290d80b0a58eb0cd158e9133af4a77ecf21fbc2f75e6637d80e265d,www.gemeinde-merching.de_wpvivid-b8981f085de20_2026-10-10-16-11_backup_content.part001.zip,.jpg,original/referenced,True,False,0
wp-content/gallery/2025-adventsfenster/Fenster-8.JPG,475351,a000dd08a79c00cb7a98989f6734cf4bc78bd58550d977d3161bad11d4213ebf,www.gemeinde-merching.de_wpvivid-b8981f085de20_2026-10-10-16-11_backup_content.part001.zip,.jpg,original/referenced,True,False,0
wp-content/gallery/2025-adventsfenster/Fenster-23.JPG,433362,5b60857e77fa1a35a04455dc17f2028e48203eff0345a4aac256b7b0fed25805,www.gemeinde-merching.de_wpvivid-b8981f085de20_2026-10-10-16-11_backup_content.part001.zip,.jpg,original/referenced,True,False,0
wp-content/gallery/2025-adventsfenster/Fenster-7.JPG,461791,24a60d7730f867b2243ba297283dcfd4221e085dcc06857dc33c4403b1bd3d9d,www.gemeinde-merching.de_wpvivid-b8981f085de20_2026-10-10-16-11_backup_content.part001.zip,.jpg,original/referenced,True,False,0
wp-content/gallery/2025-adventsfenster/Fenster-22.JPG,392336,dbfd0e2e41e211ce8db358a712d2008bb1c5cb0aa42bfe22147cfd4f5a34a4c1,www.gemeinde-merching.de_wpvivid-b8981f085de20_2026-10-10-16-11_backup_content.part001.zip,.jpg,original/referenced,True,False,0
wp-content/gallery/2025-adventsfenster/Fenster-3.JPG,470457,77faa70b37b1378df7e167b591356e56b188e552f53d5f57e673c27bd03c161b,www.gemeinde-merching.de_wpvivid-b8981f085de20_2026-10-10-16-11_backup_content.part001.zip,.jpg,original/referenced,True,False,0
wp-content/gallery/2025-adventsfenster/Fenster-19.JPG,401231,57ad80835124c3f9faa96f6c185e2ea150c7971eab41e0e1f7c80cd0bf6649a8,www.gemeinde-merching.de_wpvivid-b8981f085de20_2026-10-10-16-11_backup_content.part001.zip,.jpg,original/referenced,True,False,0
wp-content/gallery/2025-adventsfenster/Fenster-6.JPG,595383,0574604a66f71bfc75c83ee7a698b3965a12ea4fee299c6cade20151f4e1b6c8,www.gemeinde-merching.de_wpvivid-b8981f085de20_2026-10-10-16-11_backup_content.part001.zip,.jpg,original/referenced,True,False,0
wp-content/gallery/2025-adventsfenster/Fenster-11.JPG,427753,516bbff0865dcc3c310d44f38a01f02adcdf574cebb440384335ab011535f7e4,www.gemeinde-merching.de_wpvivid-b8981f085de20_2026-10-10-16-11_backup_content.part001.zip,.jpg,original/referenced,True,False,0
wp-content/gallery/2025-adventsfenster/Fenster-4.JPG,932104,c2d45d2f28205fa206ae7b8d6714cbdd9ddf2fdbb8845d84f42392dee9616d0f,www.gemeinde-merching.de_wpvivid-b8981f085de20_2026-10-10-16-11_backup_content.part001.zip,.jpg,original/referenced,True,False,0
wp-content/gallery/2025-adventsfenster/Fenster-5.JPG,461251,d7a066bafcb29a7fe7a4b1b7d346ff051adf3efc48507d75b8e0488ae18028dd,www.gemeinde-merching.de_wpvivid-b8981f085de20_2026-10-10-16-11_backup_content.part001.zip,.jpg,original/referenced,True,False,0
wp-content/gallery/2025-adventsfenster/Fenster-2.JPG,419161,bf0862d86d1ce4bb4b63e92a8b046447d0070cb4b53ec9fc5fcbeda8b2a16123,www.gemeinde-merching.de_wpvivid-b8981f085de20_2026-10-10-16-11_backup_content.part001.zip,.jpg,original/referenced,True,False,0
wp-content/gallery/2025-adventsfenster/Fenster-17.JPG,576340,32560a2909bcdefe76fa7fb0e07d70e7beb180607ccf3b2bfdfa154a7a3aa648,www.gemeinde-merching.de_wpvivid-b8981f085de20_2026-10-10-16-11_backup_content.part001.zip,.jpg,original/referenced,True,False,0
wp-content/gallery/2025-adventsfenster/Fenster-21-Kerzenlichtstunde.JPG,517398,7cbc4bf6a73f5fab4207026cd4b927d958cc0a4889ae03d1b62d4422fd94c9a2,www.gemeinde-merching.de_wpvivid-b8981f085de20_2026-10-10-16-11_backup_content.part001.zip,.jpg,original/referenced,True,False,0
wp-content/gallery/2025-adventsfenster/Fenster-9.JPG,482201,c21e950a979c75d7c9072ffecae065e0f12792022ac91b5b444c0e18f049538b,www.gemeinde-merching.de_wpvivid-b8981f085de20_2026-10-10-16-11_backup_content.part001.zip,.jpg,original/referenced,True,False,0
wp-content/gallery/2025-adventsfenster/Fenster-14.JPG,455924,fd12e2cde0426c39a15009a71428d2061bd7994053e6422bd254c2faa2537883,www.gemeinde-merching.de_wpvivid-b8981f085de20_2026-10-10-16-11_backup_content.part001.zip,.jpg,original/referenced,True,False,0
wp-content/gallery/2025-adventsfenster/Fenster-18.JPG,393507,5baffc202a7e2de054c1e25ada9ceb3af7140ae396d2349cf307c37f7f61ed51,www.gemeinde-merching.de_wpvivid-b8981f085de20_2026-10-10-16-11_backup_content.part001.zip,.jpg,original/referenced,True,False,0
wp-content/gallery/2025-adventsfenster/Fenster-16.JPG,404729,4b3ce16d8a90a5912517ab184b4a0f918ae3853417584333d8501a66b01f5cc0,www.gemeinde-merching.de_wpvivid-b8981f085de20_2026-10-10-16-11_backup_content.part001.zip,.jpg,original/referenced,True,False,0
wp-content/gallery/2025-adventsfenster/Fenster-20.JPG,352615,8d4168991818c20d065635ac1b61934cd165245efeedb9328bc0909ce0b84bd5,www.gemeinde-merching.de_wpvivid-b8981f085de20_2026-10-10-16-11_backup_content.part001.zip,.jpg,original/referenced,True,False,0
wp-content/gallery/2025-adventsfenster/Fenster-24-Hirtenfeuer.JPG,556786,c6380d0c3d0dc9899ebf590e205ac26d908fd772918953ad522100c4c0ba37fe,www.gemeinde-merching.de_wpvivid-b8981f085de20_2026-10-10-16-11_backup_content.part001.zip,.jpg,original/referenced,True,False,0
wp-content/gallery/2025-adventsfenster/Fenster-1.JPG,517779,dbcee4183cb4c07c1f98b2c992b3ccc7c330a732ef218589c334dfee71c82745,www.gemeinde-merching.de_wpvivid-b8981f085de20_2026-10-10-16-11_backup_content.part001.zip,.jpg,original/referenced,True,False,0
wp-content/gallery/2025-adventsfenster/Fenster-10.JPG,646306,a35880c392318baa2b9b9ebbab4c1c7165693b3bce81427491eb6337f4edfb7c,www.gemeinde-merching.de_wpvivid-b8981f085de20_2026-10-10-16-11_backup_content.part001.zip,.jpg,original/referenced,True,False,0
wp-content/gallery/2025-adventsfenster/thumbs/thumbs_Fenster-23.JPG,9654,53a6b387302cebd2a347924702affb85ec5e48b55ac030ba56e902dee309adce,www.gemeinde-merching.de_wpvivid-b8981f085de20_2026-10-10-16-11_backup_content.part001.zip,.jpg,generated thumbnail,False,True,0
wp-content/gallery/2025-adventsfenster/thumbs/thumbs_Fenster-6.JPG,2421,39c612fd6d469a3cbd13282b002d05ad165330bd1cbc649db646d623e325954b,www.gemeinde-merching.de_wpvivid-b8981f085de20_2026-10-10-16-11_backup_content.part001.zip,.jpg,generated thumbnail,False,True,0
wp-content/gallery/2025-adventsfenster/thumbs/thumbs_Fenster-5.JPG,9704,fb88a1205bd9aa5fa94b0d4548c299826398f51e8b82c2ce1bf97b93e2d08322,www.gemeinde-merching.de_wpvivid-b8981f085de20_2026-10-10-16-11_backup_content.part001.zip,.jpg,generated thumbnail,False,True,0
wp-content/gallery/2025-adventsfenster/thumbs/thumbs_Fenster-16.JPG,2161,50d9d2a8f3e99f002a63d9bcfacce42f8500048aa6091161ddea89da12499fbf,www.gemeinde-merching.de_wpvivid-b8981f085de20_2026-10-10-16-11_backup_content.part001.zip,.jpg,generated thumbnail,False,True,0
wp-content/gallery/2025-adventsfenster/thumbs/thumbs_Fenster-14.JPG,9572,a836894af7a630622941511afffde715ab540aef3d9a71b301068dbcb3862534,www.gemeinde-merching.de_wpvivid-b8981f085de20_2026-10-10-16-11_backup_content.part001.zip,.jpg,generated thumbnail,False,True,0
wp-content/gallery/2025-adventsfenster/thumbs/thumbs_Fenster-9.JPG,2692,831dc767b94a0a015ebc7dfe27f79e79a6af6292990a2fa5a19f152befd5ab3c,www.gemeinde-merching.de_wpvivid-b8981f085de20_2026-10-10-16-11_backup_content.part001.zip,.jpg,generated thumbnail,False,True,0
wp-content/gallery/2025-adventsfenster/thumbs/thumbs_Fenster-22.JPG,2172,425c7dd72d5bd5f2d2b726a8ad12fde12469e41e806292622dc1d728667843cc,www.gemeinde-merching.de_wpvivid-b8981f085de20_2026-10-10-16-11_backup_content.part001.zip,.jpg,generated thumbnail,False,True,0
wp-content/gallery/2025-adventsfenster/thumbs/thumbs_Fenster-12.JPG,8697,cc9a9b39389bcf3c5faf9e0017be7556dd99963dca9a20f7f92c0efd23b8dbf8,www.gemeinde-merching.de_wpvivid-b8981f085de20_2026-10-10-16-11_backup_content.part001.zip,.jpg,generated thumbnail,False,True,0
wp-content/gallery/2025-adventsfenster/thumbs/thumbs_Fenster-19.JPG,9335,28e027640185ec0a1d7103a2c29e9c6a89140048de8e95f7b77463032db47bbd,www.gemeinde-merching.de_wpvivid-b8981f085de20_2026-10-10-16-11_backup_content.part001.zip,.jpg,generated thumbnail,False,True,0
wp-content/gallery/2025-adventsfenster/thumbs/thumbs_Fenster-8.JPG,2608,fd34d5330f7ee8291de632961ab0c03ab1e946ff355211f63891cc64e8a8eee4,www.gemeinde-merching.de_wpvivid-b8981f085de20_2026-10-10-16-11_backup_content.part001.zip,.jpg,generated thumbnail,False,True,0
wp-content/gallery/2025-adventsfenster/thumbs/thumbs_Fenster-4.JPG,13395,2e77e1c38391cbdf61bb6ab8ce16989aad1b9953e1cfcec4c9d8d7288f50c67b,www.gemeinde-merching.de_wpvivid-b8981f085de20_2026-10-10-16-11_backup_content.part001.zip,.jpg,generated thumbnail,False,True,0
wp-content/gallery/2025-adventsfenster/thumbs/thumbs_Fenster-20.JPG,1955,6d5b28497ee19ce3e06013fb694207df9a338a7549779ee974e1dba596fe235b,www.gemeinde-merching.de_wpvivid-b8981f085de20_2026-10-10-16-11_backup_content.part001.zip,.jpg,generated thumbnail,False,True,0
wp-content/gallery/2025-adventsfenster/thumbs/thumbs_Fenster-18.JPG,7915,6e88d2cef862179b48632240f22b64f84da27164bb6b412e4c317dbae84947b2,www.gemeinde-merching.de_wpvivid-b8981f085de20_2026-10-10-16-11_backup_content.part001.zip,.jpg,generated thumbnail,False,True,0
wp-content/gallery/2025-adventsfenster/thumbs/thumbs_Fenster-3.JPG,2507,a559e6ee602b0f0579c26f5aaa736c77956fec5009b77ab4d8289416edbf0ee5,www.gemeinde-merching.de_wpvivid-b8981f085de20_2026-10-10-16-11_backup_content.part001.zip,.jpg,generated thumbnail,False,True,0
wp-content/gallery/2025-adventsfenster/thumbs/thumbs_Fenster-21-Kerzenlichtstunde.JPG,2313,1913648a18afd6da46378ea5d5064dc0aa79dc2975fa1e3944696d9039bf235f,www.gemeinde-merching.de_wpvivid-b8981f085de20_2026-10-10-16-11_backup_content.part001.zip,.jpg,generated thumbnail,False,True,0
wp-content/gallery/2025-adventsfenster/thumbs/thumbs_Fenster-17.JPG,11518,941d15b54f1c33f4e66a841ae944f820f0a470f084dec51c289443228f01ab2c,www.gemeinde-merching.de_wpvivid-b8981f085de20_2026-10-10-16-11_backup_content.part001.zip,.jpg,generated thumbnail,False,True,0
wp-content/gallery/2025-adventsfenster/thumbs/thumbs_Fenster-1.JPG,2024,35dfdedfdd97acb2ecb23a4a4b3eff50e64526d68f9e202fe83680d13a14450f,www.gemeinde-merching.de_wpvivid-b8981f085de20_2026-10-10-16-11_backup_content.part001.zip,.jpg,generated thumbnail,False,True,0
wp-content/gallery/2025-adventsfenster/thumbs/thumbs_Fenster-24-Hirtenfeuer.JPG,2531,89124130baaa946fb34783d85b82996522a2841ce3912d83b27431e01e3a14bb,www.gemeinde-merching.de_wpvivid-b8981f085de20_2026-10-10-16-11_backup_content.part001.zip,.jpg,generated thumbnail,False,True,0
wp-content/gallery/2025-adventsfenster/thumbs/thumbs_Fenster-10.JPG,1997,eeeb4545562ab215d973c266aa30ec9a139ea4bf3987012f21ac0fbffe4df81f,www.gemeinde-merching.de_wpvivid-b8981f085de20_2026-10-10-16-11_backup_content.part001.zip,.jpg,generated thumbnail,False,True,0
wp-content/gallery/2025-adventsfenster/thumbs/thumbs_Fenster-2.JPG,2323,0ea5c8b67dd27158332ca2acfb3b2f6c9e48fe5a161195fdd5471563b87195f0,www.gemeinde-merching.de_wpvivid-b8981f085de20_2026-10-10-16-11_backup_content.part001.zip,.jpg,generated thumbnail,False,True,0
wp-content/gallery/2025-adventsfenster/thumbs/thumbs_Fenster-7.JPG,2593,d1fe250b16f57c823bbfe7bb66b9c8c870efa4c273b478a7762b51582a7fd58c,www.gemeinde-merching.de_wpvivid-b8981f085de20_2026-10-10-16-11_backup_content.part001.zip,.jpg,generated thumbnail,False,True,0
wp-content/gallery/2025-adventsfenster/thumbs/thumbs_Fenster-15.JPG,1933,d7dac50b7be1ff46d1709fdd3a36742b12558606d27bf4d0e27490ca00366647,www.gemeinde-merching.de_wpvivid-b8981f085de20_2026-10-10-16-11_backup_content.part001.zip,.jpg,generated thumbnail,False,True,0
wp-content/gallery/2025-adventsfenster/thumbs/thumbs_Fenster-11.JPG,2431,b14ca2db9ea91fa7f25f65934494377c3c1b420ca7b735ab0e9ee50bdf15fc52,www.gemeinde-merching.de_wpvivid-b8981f085de20_2026-10-10-16-11_backup_content.part001.zip,.jpg,generated thumbnail,False,True,0
wp-content/gallery/2025-adventsfenster/thumbs/thumbs_Fenster-13.JPG,8562,e1c0e99ccc11eb65ed000994cdfdaeaadfce3b188efeecab2c7f1fbb6c6e021e,www.gemeinde-merching.de_wpvivid-b8981f085de20_2026-10-10-16-11_backup_content.part001.zip,.jpg,generated thumbnail,False,True,0
wp-content/gallery/2025-adventsfenster/Fenster-12.JPG,332296,c181a6be52fe98a90ad15ff870440fd2b280bf4c4f568ba114ec6cee69fa7a13,www.gemeinde-merching.de_wpvivid-b8981f085de20_2026-10-10-16-11_backup_content.part001.zip,.jpg,original/referenced,True,False,0
wp-content/gallery/2024-buergerball/DSC07356.JPG,4653056,5a40a7ce83470d401f2b177177f500edb71bd99ce4937f40eaaef07fec3b2f5b,www.gemeinde-merching.de_wpvivid-b8981f085de20_2026-10-10-16-11_backup_content.part001.zip,.jpg,original/referenced,True,False,0
wp-content/gallery/2024-buergerball/DSC07463.JPG,9404416,ffbc3c49c687d1880cfbdbc8084d8685a312af86dfbdf3e0f24f575c9c440c74,www.gemeinde-merching.de_wpvivid-b8981f085de20_2026-10-10-16-11_backup_content.part001.zip,.jpg,original/referenced,True,False,0
wp-content/gallery/2024-buergerball/10.JPG,5013504,4fc7ed530246c36027d9854bb1b59f25e59c533d78082ef90dbde023ffc854cd,www.gemeinde-merching.de_wpvivid-b8981f085de20_2026-10-10-16-11_backup_content.part001.zip,.jpg,original/referenced,True,False,0
wp-content/gallery/2024-buergerball/DSC07492.JPG,8749056,60586cb1b416ae4e2dd4e9d245058e9bd1829aba5f9513be5ef31b876a9d5bfa,www.gemeinde-merching.de_wpvivid-b8981f085de20_2026-10-10-16-11_backup_content.part001.zip,.jpg,original/referenced,True,False,0
wp-content/gallery/2024-buergerball/DSC07389.JPG,5341184,744e000904e57d7b1a2b4c6775d3b35b557a1bdb464fe6888bdacaace0c731e7,www.gemeinde-merching.de_wpvivid-b8981f085de20_2026-10-10-16-11_backup_content.part001.zip,.jpg,original/referenced,True,False,0
wp-content/gallery/2024-buergerball/DSC07416.JPG,7471104,160e78d27f5f0a8c29e400094f940ddf4abc892156a379c757e74415dacbcbb3,www.gemeinde-merching.de_wpvivid-b8981f085de20_2026-10-10-16-11_backup_content.part001.zip,.jpg,original/referenced,True,False,0
wp-content/gallery/2024-buergerball/DSC07481.JPG,3434525,bc809c4cfe7e2462e8e70a9e5aa9f47364645eb1498e70a7fc568a0965806c4a,www.gemeinde-merching.de_wpvivid-b8981f085de20_2026-10-10-16-11_backup_content.part001.zip,.jpg,original/referenced,True,False,0
wp-content/gallery/2024-buergerball/DSC07411.JPG,6782976,b0343fd875321accb9749c5c06c2586fc947ed6e4b909f2d3b6d1c96b9d68939,www.gemeinde-merching.de_wpvivid-b8981f085de20_2026-10-10-16-11_backup_content.part001.zip,.jpg,original/referenced,True,False,0
wp-content/gallery/2024-buergerball/DSC07401.JPG,2721499,a6694cf0ea4630bf0eeb81b29e06e73db48fd7160a58564c3e67bc1033bf4705,www.gemeinde-merching.de_wpvivid-b8981f085de20_2026-10-10-16-11_backup_content.part001.zip,.jpg,original/referenced,True,False,0
wp-content/gallery/2024-buergerball/DSC07458.JPG,5013504,4fc7ed530246c36027d9854bb1b59f25e59c533d78082ef90dbde023ffc854cd,www.gemeinde-merching.de_wpvivid-b8981f085de20_2026-10-10-16-11_backup_content.part001.zip,.jpg,original/referenced,True,False,0
wp-content/gallery/2024-buergerball/DSC07438.JPG,2080666,a389022c0e19e5a4f4db25b40795e720f83c6b65fcdcab804e8999ba45477fbc,www.gemeinde-merching.de_wpvivid-b8981f085de20_2026-10-10-16-11_backup_content.part001.zip,.jpg,original/referenced,True,False,0
wp-content/gallery/2024-buergerball/DSC07471.JPG,6782976,febc9f08f70d15e4c4df525ee8d0e5d6febdca359d8871f61d6db74613562108,www.gemeinde-merching.de_wpvivid-b8981f085de20_2026-10-10-16-11_backup_content.part001.zip,.jpg,original/referenced,True,False,0
wp-content/gallery/2024-buergerball/1.JPG,6422528,6a49dc1d4104c6d14931b50bb589cdc8c676a74e5486de532e1ed4674feafc6f,www.gemeinde-merching.de_wpvivid-b8981f085de20_2026-10-10-16-11_backup_content.part001.zip,.jpg,original/referenced,True,False,0
wp-content/gallery/2024-buergerball/DSC07419.JPG,3128739,b66baa3642acfdf955b7e3e6d4538c1946cf0ce01fc0e98650b976d7c0916e40,www.gemeinde-merching.de_wpvivid-b8981f085de20_2026-10-10-16-11_backup_content.part001.zip,.jpg,original/referenced,True,False,0
wp-content/gallery/2024-buergerball/DSC07393.JPG,2186272,e77dc3fa254173ebd120c1c9f98a30d60995f707e32aa2bd61429047ad54c8b3,www.gemeinde-merching.de_wpvivid-b8981f085de20_2026-10-10-16-11_backup_content.part001.zip,.jpg,original/referenced,True,False,0
wp-content/gallery/2024-buergerball/19.JPG,5472256,4ba3dc9dd180dd8494119270e11560ded55cfdfd3e3e37525590587cc6328b97,www.gemeinde-merching.de_wpvivid-b8981f085de20_2026-10-10-16-11_backup_content.part001.zip,.jpg,original/referenced,True,False,0
wp-content/gallery/2024-buergerball/DSC07318.JPG,5767168,cc7471697e9d6af45dfacc457b742fa5eb9290e7cbe363e9c5d6765679c78729,www.gemeinde-merching.de_wpvivid-b8981f085de20_2026-10-10-16-11_backup_content.part001.zip,.jpg,original/referenced,True,False,0
wp-content/gallery/2024-buergerball/DSC07315.JPG,6324224,945e761bcab626135b1b4245459fb5bad6952c74d73a94f6edb95712b4cffb74,www.gemeinde-merching.de_wpvivid-b8981f085de20_2026-10-10-16-11_backup_content.part001.zip,.jpg,original/referenced,True,False,0
wp-content/gallery/2024-buergerball/DSC07508.JPG,6029312,9d96b2c3464a8f495e2f4d55ccdd64cb61e0c5988ee5969c3199752a50618671,www.gemeinde-merching.de_wpvivid-b8981f085de20_2026-10-10-16-11_backup_content.part001.zip,.jpg,original/referenced,True,False,0
wp-content/gallery/2024-buergerball/DSC07490.JPG,11436032,0f18082686b1176e57b9e9b414c12f5afaf5679dc2f0b946aa9998bc7c3490e0,www.gemeinde-merching.de_wpvivid-b8981f085de20_2026-10-10-16-11_backup_content.part002.zip,.jpg,original/referenced,True,False,0
wp-content/gallery/2024-buergerball/DSC07462.JPG,3656500,cbb7f7437a0d90d2af8f812e5023b8b85b33559058af2bbbeed2c21af0d375d5,www.gemeinde-merching.de_wpvivid-b8981f085de20_2026-10-10-16-11_backup_content.part002.zip,.jpg,original/referenced,True,False,0
wp-content/gallery/2024-buergerball/DSC07461.JPG,9273344,4b0c94c1dfb2c200e46cd8a5a73e7831350f54ad543f30abfb6ce7d5ba810d03,www.gemeinde-merching.de_wpvivid-b8981f085de20_2026-10-10-16-11_backup_content.part002.zip,.jpg,original/referenced,True,False,0
wp-content/gallery/2024-buergerball/DSC07473.JPG,9273344,79bfcd33d74fb1a817a8536ef511bf94cc88a67d70e7ea124e8b2369de507556,www.gemeinde-merching.de_wpvivid-b8981f085de20_2026-10-10-16-11_backup_content.part002.zip,.jpg,original/referenced,True,False,0
wp-content/gallery/2024-buergerball/DSC07390.JPG,2273099,0d3409ace3599752886cff6d8388490836bd25de2713102b3db4e9ef02f937c9,www.gemeinde-merching.de_wpvivid-b8981f085de20_2026-10-10-16-11_backup_content.part002.zip,.jpg,original/referenced,True,False,0
wp-content/gallery/2024-buergerball/DSC07366.JPG,2703334,90a3facc6a71f97a56d9dbdd48d178e9f20489659902458de15aa2a4eab71b56,www.gemeinde-merching.de_wpvivid-b8981f085de20_2026-10-10-16-11_backup_content.part002.zip,.jpg,original/referenced,True,False,0
wp-content/gallery/2024-buergerball/DSC07358.JPG,5767168,d1436b101f0164058eb3ab76a8748e1f88a76310531fa618c20c3bb0a9374b0c,www.gemeinde-merching.de_wpvivid-b8981f085de20_2026-10-10-16-11_backup_content.part002.zip,.jpg,original/referenced,True,False,0
wp-content/gallery/2024-buergerball/4.JPG,2018750,c18d5eb4ba71b4e84a2e1e2539e27f200bef5da38ef76c654b5bbc4ca4da7f0d,www.gemeinde-merching.de_wpvivid-b8981f085de20_2026-10-10-16-11_backup_content.part002.zip,.jpg,original/referenced,True,False,0
wp-content/gallery/2024-buergerball/DSC07493.JPG,6946816,d5a02b0549a3a828642f9b4702412a24b207a99a86f89a2fca252013c1c311d7,www.gemeinde-merching.de_wpvivid-b8981f085de20_2026-10-10-16-11_backup_content.part002.zip,.jpg,original/referenced,True,False,0
wp-content/gallery/2024-buergerball/DSC07333.JPG,6881280,b73b94c45fe4c6dbc69b86dfaebc9eae0b20d1bb543685cd6ebf5d2e7f661894,www.gemeinde-merching.de_wpvivid-b8981f085de20_2026-10-10-16-11_backup_content.part002.zip,.jpg,original/referenced,True,False,0
wp-content/gallery/2024-buergerball/DSC07400.JPG,2018750,c18d5eb4ba71b4e84a2e1e2539e27f200bef5da38ef76c654b5bbc4ca4da7f0d,www.gemeinde-merching.de_wpvivid-b8981f085de20_2026-10-10-16-11_backup_content.part002.zip,.jpg,original/referenced,True,False,0
wp-content/gallery/2024-buergerball/DSC07359.JPG,5341184,e63cb511270bbd71f326fba3fabd6f0f29c38a15dcded53ab613e8d96419813d,www.gemeinde-merching.de_wpvivid-b8981f085de20_2026-10-10-16-11_backup_content.part002.zip,.jpg,original/referenced,True,False,0
wp-content/gallery/2024-buergerball/DSC07413.JPG,7110656,0d0c909cc218b9e08021495596a14598d8b88109632220714f06baa517fee7e2,www.gemeinde-merching.de_wpvivid-b8981f085de20_2026-10-10-16-11_backup_content.part002.zip,.jpg,original/referenced,True,False,0
wp-content/gallery/2024-buergerball/DSC07482.JPG,3298324,b2f33dd3dc7e8af9be0070ff78d2b53d90cfe48428898f7bb0a4e20e5f04144e,www.gemeinde-merching.de_wpvivid-b8981f085de20_2026-10-10-16-11_backup_content.part002.zip,.jpg,original/referenced,True,False,0
wp-content/gallery/2024-buergerball/DSC07466.JPG,4395684,2b8e4982820dc5c1b93edaeecfdb3f58b3ff977f52f2d87829bd0f918f59a2aa,www.gemeinde-merching.de_wpvivid-b8981f085de20_2026-10-10-16-11_backup_content.part002.zip,.jpg,original/referenced,True,False,0
wp-content/gallery/2024-buergerball/DSC07388.JPG,4369734,7b0f4746302138740000de6c197e2d11ad769b5c8a823256061cc1651bcfae8c,www.gemeinde-merching.de_wpvivid-b8981f085de20_2026-10-10-16-11_backup_content.part002.zip,.jpg,original/referenced,True,False,0
wp-content/gallery/2024-buergerball/DSC07346.JPG,5079040,92e8b159fe1f7cce7760aedbf3921e87e7f4003c4115c59d5cfec06908a5bae7,www.gemeinde-merching.de_wpvivid-b8981f085de20_2026-10-10-16-11_backup_content.part002.zip,.jpg,original/referenced,True,False,0
wp-content/gallery/2024-buergerball/8.JPG,4718592,1ecad6df5a04bfd56845136afe7444293dc72ac456204c77c292150c741dea59,www.gemeinde-merching.de_wpvivid-b8981f085de20_2026-10-10-16-11_backup_content.part002.zip,.jpg,original/referenced,True,False,0
wp-content/gallery/2024-buergerball/DSC07374.JPG,4456448,768e631751da086efb29466ccf8d3c0108b097c5fdc94ffc1eedea78e8872697,www.gemeinde-merching.de_wpvivid-b8981f085de20_2026-10-10-16-11_backup_content.part002.zip,.jpg,original/referenced,True,False,0
wp-content/gallery/2024-buergerball/DSC07405.JPG,2329293,247810a70cdc7c9e9ba50bc8fb93888926b546f0580661767565d6ec29a12402,www.gemeinde-merching.de_wpvivid-b8981f085de20_2026-10-10-16-11_backup_content.part002.zip,.jpg,original/referenced,True,False,0
wp-content/gallery/2024-buergerball/21.jpg,4190375,c921ff98a46de968ad1a70e249c4048d0ffceead40827eeda706f2254c762be0,www.gemeinde-merching.de_wpvivid-b8981f085de20_2026-10-10-16-11_backup_content.part002.zip,.jpg,original/referenced,True,False,0
wp-content/gallery/2024-buergerball/DSC07361.JPG,2533015,b38627987b137ae9d112395efdea5b2dfe814f97fcecd531c4e656fbadec6d89,www.gemeinde-merching.de_wpvivid-b8981f085de20_2026-10-10-16-11_backup_content.part002.zip,.jpg,original/referenced,True,False,0
wp-content/gallery/2024-buergerball/DSC07398.JPG,1572584,a7d40521745e68e0c3b5acb75534308c8b745586712cb7de961a85ece994b25a,www.gemeinde-merching.de_wpvivid-b8981f085de20_2026-10-10-16-11_backup_content.part002.zip,.jpg,original/referenced,True,False,0
wp-content/gallery/2024-buergerball/DSC07480.JPG,3237243,19c41dd35eda1cb2e5408920b5fab2fe419c377776e2e9f892b602de7ff25948,www.gemeinde-merching.de_wpvivid-b8981f085de20_2026-10-10-16-11_backup_content.part002.zip,.jpg,original/referenced,True,False,0
wp-content/gallery/2024-buergerball/9.JPG,6389760,71f6e9d64e1ce1f37d50ab4ee66cc76ad27cdc0407363b2f66bd54557cb94bac,www.gemeinde-merching.de_wpvivid-b8981f085de20_2026-10-10-16-11_backup_content.part002.zip,.jpg,original/referenced,True,False,0
wp-content/gallery/2024-buergerball/DSC07470.JPG,9240576,8bcfeb446c2ebd948d48c3a5b66a139b7b406ddffa4fde9d487e7348747dc845,www.gemeinde-merching.de_wpvivid-b8981f085de20_2026-10-10-16-11_backup_content.part002.zip,.jpg,original/referenced,True,False,0
wp-content/gallery/2024-buergerball/16.JPG,5931008,062736551c59dde01b7f7ebd3367fecf0afaba47b06c7882a04509619dc4434c,www.gemeinde-merching.de_wpvivid-b8981f085de20_2026-10-10-16-11_backup_content.part002.zip,.jpg,original/referenced,True,False,0
wp-content/gallery/2024-buergerball/3.JPG,5570560,de0e10f13f3fa45691a2be16da94742985421aae00326d28a3d0a8c6a25d234b,www.gemeinde-merching.de_wpvivid-b8981f085de20_2026-10-10-16-11_backup_content.part002.zip,.jpg,original/referenced,True,False,0
wp-content/gallery/2024-buergerball/DSC07370.JPG,4587520,a2884caf39a9bf9feaa313af864a5b945cf04f5a4941d0de4c8fafdefe57aaa5,www.gemeinde-merching.de_wpvivid-b8981f085de20_2026-10-10-16-11_backup_content.part002.zip,.jpg,original/referenced,True,False,0
wp-content/gallery/2024-buergerball/DSC07407.JPG,6389760,71f6e9d64e1ce1f37d50ab4ee66cc76ad27cdc0407363b2f66bd54557cb94bac,www.gemeinde-merching.de_wpvivid-b8981f085de20_2026-10-10-16-11_backup_content.part002.zip,.jpg,original/referenced,True,False,0
wp-content/gallery/2024-buergerball/DSC07488.JPG,10518528,6d41afe035992487d3946fc7990ea716a9e44bb186a8e810f61d2f4e716f2442,www.gemeinde-merching.de_wpvivid-b8981f085de20_2026-10-10-16-11_backup_content.part002.zip,.jpg,original/referenced,True,False,0
wp-content/gallery/2024-buergerball/13.JPG,5832704,c87366e4e2fe9df3c2e27a3f169ebfd782fb67122458aca71a6df23feb941177,www.gemeinde-merching.de_wpvivid-b8981f085de20_2026-10-10-16-11_backup_content.part002.zip,.jpg,original/referenced,True,False,0
wp-content/gallery/2024-buergerball/DSC07310.JPG,5406720,31b1322a4a2dc4bc8d747879a50c6a841caff0907477cba020d2db1804188014,www.gemeinde-merching.de_wpvivid-b8981f085de20_2026-10-10-16-11_backup_content.part002.zip,.jpg,original/referenced,True,False,0
wp-content/gallery/2024-buergerball/DSC07521.JPG,4718592,1ecad6df5a04bfd56845136afe7444293dc72ac456204c77c292150c741dea59,www.gemeinde-merching.de_wpvivid-b8981f085de20_2026-10-10-16-11_backup_content.part002.zip,.jpg,original/referenced,True,False,0
wp-content/gallery/2024-buergerball/DSC07452.JPG,4554752,64d294083eeded3230955232360b7fc297437b1937bacbd45126f7f0b1562066,www.gemeinde-merching.de_wpvivid-b8981f085de20_2026-10-10-16-11_backup_content.part002.zip,.jpg,original/referenced,True,False,0
wp-content/gallery/2024-buergerball/DSC07469.JPG,4005719,a4013658f5ea99c6ec6fb50b86049c1e8f8dd0ad88aa8b60000668459debe888,www.gemeinde-merching.de_wpvivid-b8981f085de20_2026-10-10-16-11_backup_content.part002.zip,.jpg,original/referenced,True,False,0
wp-content/gallery/2024-buergerball/20.JPG,5537792,724eae32b106a7c6ffdc95de776c3dd47681ed349af149533ec5a91079ad7667,www.gemeinde-merching.de_wpvivid-b8981f085de20_2026-10-10-16-11_backup_content.part002.zip,.jpg,original/referenced,True,False,0
wp-content/gallery/2024-buergerball/DSC07444.JPG,2284655,db55637a73dbaa8c6d55961f5a6924079ac4133b0bff54b9236106e6185c895f,www.gemeinde-merching.de_wpvivid-b8981f085de20_2026-10-10-16-11_backup_content.part002.zip,.jpg,original/referenced,True,False,0
wp-content/gallery/2024-buergerball/DSC07371.JPG,4653056,b5b8b301edf262659f33d585f59a9d8d7118075a05d6a5f7e2c57f6dc657e36d,www.gemeinde-merching.de_wpvivid-b8981f085de20_2026-10-10-16-11_backup_content.part002.zip,.jpg,original/referenced,True,False,0
wp-content/gallery/2024-buergerball/DSC07311.JPG,6062080,551feb3e945aacfd86606159fb86403ff9c99ac71225e00707351a2c88ca6cf4,www.gemeinde-merching.de_wpvivid-b8981f085de20_2026-10-10-16-11_backup_content.part002.zip,.jpg,original/referenced,True,False,0
wp-content/gallery/2024-buergerball/DSC07484.JPG,3648788,951f8e3780b3aa9735f063a928aa055b391b941327d9ad586278f3cc4ffcc693,www.gemeinde-merching.de_wpvivid-b8981f085de20_2026-10-10-16-11_backup_content.part003.zip,.jpg,original/referenced,True,False,0
wp-content/gallery/2024-buergerball/DSC07369.JPG,4227072,54538f061e05bc3a7abbed8ab19759e891e07fba10a5f253ca261e67b994cca8,www.gemeinde-merching.de_wpvivid-b8981f085de20_2026-10-10-16-11_backup_content.part003.zip,.jpg,original/referenced,True,False,0
wp-content/gallery/2024-buergerball/DSC07342.JPG,4915200,d9d5209d5afd79e5f269e225e57d9d39a7659b676f7ab0c4659bd173b7631223,www.gemeinde-merching.de_wpvivid-b8981f085de20_2026-10-10-16-11_backup_content.part003.zip,.jpg,original/referenced,True,False,0
wp-content/gallery/2024-buergerball/DSC07408.JPG,4620288,73e62338a9b516f2e3fbe303b06cf15d2559a15409b0020b6d90421cff602081,www.gemeinde-merching.de_wpvivid-b8981f085de20_2026-10-10-16-11_backup_content.part003.zip,.jpg,original/referenced,True,False,0
wp-content/gallery/2024-buergerball/DSC07386.JPG,6160384,6ae8612a482db2d1940b8be15421bbad17202030c84f93d0b889da5c65a51ad7,www.gemeinde-merching.de_wpvivid-b8981f085de20_2026-10-10-16-11_backup_content.part003.zip,.jpg,original/referenced,True,False,0
wp-content/gallery/2024-buergerball/DSC07465.JPG,8781824,a507946113d2e621e025a6f247bd98de67833b77970e6c3df3413991388b6714,www.gemeinde-merching.de_wpvivid-b8981f085de20_2026-10-10-16-11_backup_content.part003.zip,.jpg,original/referenced,True,False,0
wp-content/gallery/2024-buergerball/DSC07351.JPG,5668864,9edfd23d2777a9d0b05f4046fbe2e556a2fe87a86d48efb66b039ba223441285,www.gemeinde-merching.de_wpvivid-b8981f085de20_2026-10-10-16-11_backup_content.part003.zip,.jpg,original/referenced,True,False,0
wp-content/gallery/2024-buergerball/DSC07464.JPG,9338880,f825f2c0aaa15dced140495460ec7f79ed08c3bab71972ba1e9131e86754efa1,www.gemeinde-merching.de_wpvivid-b8981f085de20_2026-10-10-16-11_backup_content.part003.zip,.jpg,original/referenced,True,False,0
wp-content/gallery/2024-buergerball/DSC07456.JPG,4915200,dea0741635a1fb87c56b511f55ea66ff04772dbdecb77db904ce5658272fdaaf,www.gemeinde-merching.de_wpvivid-b8981f085de20_2026-10-10-16-11_backup_content.part003.zip,.jpg,original/referenced,True,False,0
wp-content/gallery/2024-buergerball/DSC07455.JPG,5734400,010e4167502784b8e26751007f3cc7cfed41ac11f081a941f74b28ad660e051c,www.gemeinde-merching.de_wpvivid-b8981f085de20_2026-10-10-16-11_backup_content.part003.zip,.jpg,original/referenced,True,False,0
wp-content/gallery/2024-buergerball/DSC07423.JPG,5996544,3c83c98779cb7bc7da1f8cdbec176435c5e213fe5dcb71d82eb9b74e275a3a9b,www.gemeinde-merching.de_wpvivid-b8981f085de20_2026-10-10-16-11_backup_content.part003.zip,.jpg,original/referenced,True,False,0
wp-content/gallery/2024-buergerball/DSC07322.JPG,6356992,0fbde41df7111da96c12a324177aae20d4ec2425c58a9a5af3570d385e280806,www.gemeinde-merching.de_wpvivid-b8981f085de20_2026-10-10-16-11_backup_content.part003.zip,.jpg,original/referenced,True,False,0
wp-content/gallery/2024-buergerball/DSC07337.JPG,6291456,d1ee0c689aeb897b2e52fd3e94034493e99335bd94b3d5720823ea2be7e87117,www.gemeinde-merching.de_wpvivid-b8981f085de20_2026-10-10-16-11_backup_content.part003.zip,.jpg,original/referenced,True,False,0
wp-content/gallery/2024-buergerball/DSC07299.JPG,6422528,6a49dc1d4104c6d14931b50bb589cdc8c676a74e5486de532e1ed4674feafc6f,www.gemeinde-merching.de_wpvivid-b8981f085de20_2026-10-10-16-11_backup_content.part003.zip,.jpg,original/referenced,True,False,0
wp-content/gallery/2024-buergerball/14.JPG,6488064,76a28d7de9023241ecb3056d361b97b56ad1fe9dcb40d516aef4d66c38490eab,www.gemeinde-merching.de_wpvivid-b8981f085de20_2026-10-10-16-11_backup_content.part003.zip,.jpg,original/referenced,True,False,0
wp-content/gallery/2024-buergerball/DSC07298.JPG,4662271,21667193ba3b4a9590736cdabfded6cef412ab07ec2ef36e8c87688b422240ac,www.gemeinde-merching.de_wpvivid-b8981f085de20_2026-10-10-16-11_backup_content.part003.zip,.jpg,original/referenced,True,False,0
wp-content/gallery/2024-buergerball/DSC07503.JPG,7274496,d24ddf7725b1f8767690425d68019215df945102ea55f4f54eed5d57cb2652a2,www.gemeinde-merching.de_wpvivid-b8981f085de20_2026-10-10-16-11_backup_content.part003.zip,.jpg,original/referenced,True,False,0
wp-content/gallery/2024-buergerball/DSC07506.JPG,7995392,f6842cfde73012af5d8403374404d90d592d97a46e36edce66d4a1b49e954b97,www.gemeinde-merching.de_wpvivid-b8981f085de20_2026-10-10-16-11_backup_content.part003.zip,.jpg,original/referenced,True,False,0
wp-content/gallery/2024-buergerball/DSC07449.JPG,2243725,c9f3f4a309b4b6661b14b1cb7f305639002c20965479fef3426f2571de6610aa,www.gemeinde-merching.de_wpvivid-b8981f085de20_2026-10-10-16-11_backup_content.part003.zip,.jpg,original/referenced,True,False,0
wp-content/gallery/2024-buergerball/DSC07467.JPG,10452992,1562be74a88ab45190c7866b7faa9dc69427d46d237e51aac4501ef6fd061e1b,www.gemeinde-merching.de_wpvivid-b8981f085de20_2026-10-10-16-11_backup_content.part003.zip,.jpg,original/referenced,True,False,0
wp-content/gallery/2024-buergerball/17.JPG,7634944,826c317c8f389bf375a0b9765f8b6af8eee138978015a80abbef67cd9668b0d1,www.gemeinde-merching.de_wpvivid-b8981f085de20_2026-10-10-16-11_backup_content.part003.zip,.jpg,original/referenced,True,False,0
wp-content/gallery/2024-buergerball/DSC07491.JPG,11272192,25463b845d096f0244086132fb12df547eac1973a2511db4e1e9f410068e7841,www.gemeinde-merching.de_wpvivid-b8981f085de20_2026-10-10-16-11_backup_content.part003.zip,.jpg,original/referenced,True,False,0
wp-content/gallery/2024-buergerball/DSC07387.JPG,3107897,19329be8f7df7d185fa636d31e321b2bd4155552db6cba42a9de9495df845e7c,www.gemeinde-merching.de_wpvivid-b8981f085de20_2026-10-10-16-11_backup_content.part003.zip,.jpg,original/referenced,True,False,0
wp-content/gallery/2024-buergerball/15.JPG,6553600,7f25a8f47f3dc3533d2cef95572e3fb81e160d70dab08fc876051ed492f277d6,www.gemeinde-merching.de_wpvivid-b8981f085de20_2026-10-10-16-11_backup_content.part003.zip,.jpg,original/referenced,True,False,0
wp-content/gallery/2024-buergerball/DSC07415.JPG,3844331,e57f55acaede41793b12479b9ed0cff51cced3f6c63e4fa0f84d584f69a4c568,www.gemeinde-merching.de_wpvivid-b8981f085de20_2026-10-10-16-11_backup_content.part003.zip,.jpg,original/referenced,True,False,0
wp-content/gallery/2024-buergerball/DSC07524.JPG,3932160,cb3e0edb8e29e00327e1b07a6be4eeab36877fadb07319b970a00ed8089d2a4b,www.gemeinde-merching.de_wpvivid-b8981f085de20_2026-10-10-16-11_backup_content.part003.zip,.jpg,original/referenced,True,False,0
wp-content/gallery/2024-buergerball/DSC07320.JPG,6127616,57dd1ad807c12beb263555675f8d82440910e72365718a29b9dc4f448bfb9f16,www.gemeinde-merching.de_wpvivid-b8981f085de20_2026-10-10-16-11_backup_content.part003.zip,.jpg,original/referenced,True,False,0
wp-content/gallery/2024-buergerball/DSC07406.JPG,5406720,bb2aa2255e2a1ec07dfcaf108baca507641416a574def811a6380c10e1624f0e,www.gemeinde-merching.de_wpvivid-b8981f085de20_2026-10-10-16-11_backup_content.part003.zip,.jpg,original/referenced,True,False,0
wp-content/gallery/2024-buergerball/DSC07505.JPG,6619136,574a510c3e061aa6498038a024da23c2c7537055123591c035f6f1401353f21e,www.gemeinde-merching.de_wpvivid-b8981f085de20_2026-10-10-16-11_backup_content.part003.zip,.jpg,original/referenced,True,False,0
wp-content/gallery/2024-buergerball/DSC07468.JPG,10321920,d0fc1de2f52759d7c1c569b321e798b8accbd74da88595c04514e05c50f3711a,www.gemeinde-merching.de_wpvivid-b8981f085de20_2026-10-10-16-11_backup_content.part003.zip,.jpg,original/referenced,True,False,0
wp-content/gallery/2024-buergerball/6.JPG,2721499,a6694cf0ea4630bf0eeb81b29e06e73db48fd7160a58564c3e67bc1033bf4705,www.gemeinde-merching.de_wpvivid-b8981f085de20_2026-10-10-16-11_backup_content.part003.zip,.jpg,original/referenced,True,False,0
wp-content/gallery/2024-buergerball/11.JPG,4395684,2b8e4982820dc5c1b93edaeecfdb3f58b3ff977f52f2d87829bd0f918f59a2aa,www.gemeinde-merching.de_wpvivid-b8981f085de20_2026-10-10-16-11_backup_content.part003.zip,.jpg,original/referenced,True,False,0
wp-content/gallery/2024-buergerball/DSC07394.JPG,1952808,3e74bfa9fd1a26e51e5a9cf3529b83e456eef994ab43f8abd5e2b561f6dc8731,www.gemeinde-merching.de_wpvivid-b8981f085de20_2026-10-10-16-11_backup_content.part003.zip,.jpg,original/referenced,True,False,0
wp-content/gallery/2024-buergerball/18.JPG,6717440,28ed20c6b53abcab1726ba936592613ed4079373af3ca9796ff9b6b2d4073a6c,www.gemeinde-merching.de_wpvivid-b8981f085de20_2026-10-10-16-11_backup_content.part003.zip,.jpg,original/referenced,True,False,0
wp-content/gallery/2024-buergerball/DSC07395.JPG,2098299,0fc889229345aba010245a8ec968d2d9b3eacd3efdf4d460335be20cdb8a2a31,www.gemeinde-merching.de_wpvivid-b8981f085de20_2026-10-10-16-11_backup_content.part003.zip,.jpg,original/referenced,True,False,0
wp-content/gallery/2024-buergerball/DSC07476.JPG,8159232,1c6a4db12c7483076437c04326191d72f1b08667f2e1f82b0e6b8bac9b42f6e2,www.gemeinde-merching.de_wpvivid-b8981f085de20_2026-10-10-16-11_backup_content.part004.zip,.jpg,original/referenced,True,False,0
wp-content/gallery/2024-buergerball/DSC07450.JPG,2355905,f3d8f4539f642f8e92195c894246f45c29e44a94673ba6189b93632b74f24074,www.gemeinde-merching.de_wpvivid-b8981f085de20_2026-10-10-16-11_backup_content.part004.zip,.jpg,original/referenced,True,False,0
wp-content/gallery/2024-buergerball/DSC07497.JPG,8683520,132263604f9d44111338b85ec92d38c0deab7a35f9de3fe322d14aa813ab9d24,www.gemeinde-merching.de_wpvivid-b8981f085de20_2026-10-10-16-11_backup_content.part004.zip,.jpg,original/referenced,True,False,0
wp-content/gallery/2024-buergerball/DSC07489.JPG,11796480,06abad42a44b8d71d89d8a23ccb38234378e316dea101b19b69e445cdeb88957,www.gemeinde-merching.de_wpvivid-b8981f085de20_2026-10-10-16-11_backup_content.part004.zip,.jpg,original/referenced,True,False,0
wp-content/gallery/2024-buergerball/DSC07496.JPG,7667712,5816b1079c6297f00fe142273826817b9e271e772018b69346964f3bc91335b5,www.gemeinde-merching.de_wpvivid-b8981f085de20_2026-10-10-16-11_backup_content.part004.zip,.jpg,original/referenced,True,False,0
wp-content/gallery/2024-buergerball/DSC07522.JPG,4587520,fc2e576b746ce23a89a83941c4bdf61c37ffdbbc08674bed8074c2d73dde6273,www.gemeinde-merching.de_wpvivid-b8981f085de20_2026-10-10-16-11_backup_content.part004.zip,.jpg,original/referenced,True,False,0
wp-content/gallery/2024-buergerball/DSC07336.JPG,6291456,509b465bb326c8a329507026859a363182b0f71e23cd2ae80276d3b03de94771,www.gemeinde-merching.de_wpvivid-b8981f085de20_2026-10-10-16-11_backup_content.part004.zip,.jpg,original/referenced,True,False,0
wp-content/gallery/2024-buergerball/thumbs/thumbs_DSC07389.JPG,57544,05b66a1533b4918c9ad4e33870e9393aa1fec50db7012cc2efa3e7e1ff7357be,www.gemeinde-merching.de_wpvivid-b8981f085de20_2026-10-10-16-11_backup_content.part004.zip,.jpg,generated thumbnail,False,True,0
wp-content/gallery/2024-buergerball/thumbs/thumbs_DSC07356.JPG,54556,c737cee720b4521866acfcd22ea21c790176e6bfd1594e20e95901b2e945daac,www.gemeinde-merching.de_wpvivid-b8981f085de20_2026-10-10-16-11_backup_content.part004.zip,.jpg,generated thumbnail,False,True,0
wp-content/gallery/2024-buergerball/thumbs/thumbs_DSC07493.JPG,60073,a67901c1e93f10671f76bf0fe9fdfe75eb4494b8c3759dab51f41843659f060e,www.gemeinde-merching.de_wpvivid-b8981f085de20_2026-10-10-16-11_backup_content.part004.zip,.jpg,generated thumbnail,False,True,0
wp-content/gallery/2024-buergerball/thumbs/thumbs_8.JPG,56786,f08c5220531cc34b6f419f939d888ad88c1508151fff87b657abbd6cfaaef601,www.gemeinde-merching.de_wpvivid-b8981f085de20_2026-10-10-16-11_backup_content.part004.zip,.jpg,generated thumbnail,False,True,0
wp-content/gallery/2024-buergerball/thumbs/thumbs_DSC07309.JPG,58069,fe008691094130a5b4b2f39eb7e7b4c5eff654a6b008b62cf6fccb2c4e82c320,www.gemeinde-merching.de_wpvivid-b8981f085de20_2026-10-10-16-11_backup_content.part004.zip,.jpg,generated thumbnail,False,True,0
wp-content/gallery/2024-buergerball/thumbs/thumbs_19.JPG,57093,ad7ffa25091ed7960037d50b94e3d204a2c798f5dd13b6f0aa624673be958cd1,www.gemeinde-merching.de_wpvivid-b8981f085de20_2026-10-10-16-11_backup_content.part004.zip,.jpg,generated thumbnail,False,True,0
wp-content/gallery/2024-buergerball/thumbs/thumbs_DSC07400.JPG,49081,522e495a786570075edfaf8410beb76738668c01cfbc7088255477c76d64e51e,www.gemeinde-merching.de_wpvivid-b8981f085de20_2026-10-10-16-11_backup_content.part004.zip,.jpg,generated thumbnail,False,True,0
wp-content/gallery/2024-buergerball/thumbs/thumbs_4.JPG,49081,522e495a786570075edfaf8410beb76738668c01cfbc7088255477c76d64e51e,www.gemeinde-merching.de_wpvivid-b8981f085de20_2026-10-10-16-11_backup_content.part004.zip,.jpg,generated thumbnail,False,True,0
wp-content/gallery/2024-buergerball/thumbs/thumbs_DSC07465.JPG,60145,7390a26a291f534f7ce5bdf1a6b72c0a125bf59f9ca06f3dd808ce9492718cc9,www.gemeinde-merching.de_wpvivid-b8981f085de20_2026-10-10-16-11_backup_content.part004.zip,.jpg,generated thumbnail,False,True,0
wp-content/gallery/2024-buergerball/thumbs/thumbs_DSC07361.JPG,50425,6ae3b68b81e68f96152bdaaa203bd68680ed0a2815598d2b7a2c8b06cef1e665,www.gemeinde-merching.de_wpvivid-b8981f085de20_2026-10-10-16-11_backup_content.part004.zip,.jpg,generated thumbnail,False,True,0
wp-content/gallery/2024-buergerball/thumbs/thumbs_DSC07351.JPG,59250,3f5b91466030c8b4567af8744cc2cb50e33e35de118ef822fe366620ddce9bd5,www.gemeinde-merching.de_wpvivid-b8981f085de20_2026-10-10-16-11_backup_content.part004.zip,.jpg,generated thumbnail,False,True,0
wp-content/gallery/2024-buergerball/thumbs/thumbs_DSC07407.JPG,56939,84d810599c8213245958621a0d2b14063eb4f270488e4112049630dad1be642e,www.gemeinde-merching.de_wpvivid-b8981f085de20_2026-10-10-16-11_backup_content.part004.zip,.jpg,generated thumbnail,False,True,0
wp-content/gallery/2024-buergerball/thumbs/thumbs_DSC07482.JPG,5293,d4d413c485c4def118a46a4bc5eabca512c280285c6fb046a496fc970bd8fb04,www.gemeinde-merching.de_wpvivid-b8981f085de20_2026-10-10-16-11_backup_content.part004.zip,.jpg,generated thumbnail,False,True,0
wp-content/gallery/2024-buergerball/thumbs/thumbs_DSC07322.JPG,58310,2b6c32e27edda33005e606d8715f2b9064043155f39b42f00f1d0d633a8b1eb6,www.gemeinde-merching.de_wpvivid-b8981f085de20_2026-10-10-16-11_backup_content.part004.zip,.jpg,generated thumbnail,False,True,0
wp-content/gallery/2024-buergerball/thumbs/thumbs_DSC07337.JPG,60151,9417621b507da321d48198aebae7a1624d73ffcc96468830ed6f37f13baade23,www.gemeinde-merching.de_wpvivid-b8981f085de20_2026-10-10-16-11_backup_content.part004.zip,.jpg,generated thumbnail,False,True,0
wp-content/gallery/2024-buergerball/thumbs/thumbs_10.JPG,56867,602ee180909133d59685a9b29c3d8d3fc9467d5b2bfc65ad48738a76cd97b286,www.gemeinde-merching.de_wpvivid-b8981f085de20_2026-10-10-16-11_backup_content.part004.zip,.jpg,generated thumbnail,False,True,0
wp-content/gallery/2024-buergerball/thumbs/thumbs_DSC07468.JPG,62016,ea62d362936b909c1baf83ff516f5c4f0da9d96a96ec6d145377327abc5e194e,www.gemeinde-merching.de_wpvivid-b8981f085de20_2026-10-10-16-11_backup_content.part004.zip,.jpg,generated thumbnail,False,True,0
wp-content/gallery/2024-buergerball/thumbs/thumbs_DSC07522.JPG,56092,775ff9493f2560695d4e18ec04d8aa405c7c801366b3f84ce19f0dfcd668e051,www.gemeinde-merching.de_wpvivid-b8981f085de20_2026-10-10-16-11_backup_content.part004.zip,.jpg,generated thumbnail,False,True,0
wp-content/gallery/2024-buergerball/thumbs/thumbs_DSC07413.JPG,60937,b8e5e97e4c0859a2b66338e0b27d2e1e3cd6c57e73384a38879be49ca95f78e0,www.gemeinde-merching.de_wpvivid-b8981f085de20_2026-10-10-16-11_backup_content.part004.zip,.jpg,generated thumbnail,False,True,0
wp-content/gallery/2024-buergerball/thumbs/thumbs_DSC07366.JPG,52070,966f48b441803c8544c518fe84272f1179a1afbea262c08db7d3ef8e0303d607,www.gemeinde-merching.de_wpvivid-b8981f085de20_2026-10-10-16-11_backup_content.part004.zip,.jpg,generated thumbnail,False,True,0
wp-content/gallery/2024-buergerball/thumbs/thumbs_DSC07505.JPG,60262,25836f652d5daeeb7f9acb8d6e1488450994de40287bf1f7573cda609e7d005d,www.gemeinde-merching.de_wpvivid-b8981f085de20_2026-10-10-16-11_backup_content.part004.zip,.jpg,generated thumbnail,False,True,0
wp-content/gallery/2024-buergerball/thumbs/thumbs_DSC07315.JPG,59113,56a3fa7ed8e5db261d7792ac265d1490b475f62138e5670f5321d31bc933d25c,www.gemeinde-merching.de_wpvivid-b8981f085de20_2026-10-10-16-11_backup_content.part004.zip,.jpg,generated thumbnail,False,True,0
wp-content/gallery/2024-buergerball/thumbs/thumbs_DSC07471.JPG,60449,d11da02e9c279127cfcdfb27a8349d5314bbb140d6bdb575f7c8e61c082d926d,www.gemeinde-merching.de_wpvivid-b8981f085de20_2026-10-10-16-11_backup_content.part004.zip,.jpg,generated thumbnail,False,True,0
wp-content/gallery/2024-buergerball/thumbs/thumbs_DSC07410.JPG,5337,09c3603e1963b3efe8a72a39b4cd46b5929f656f7398c7d63427d81dc050c890,www.gemeinde-merching.de_wpvivid-b8981f085de20_2026-10-10-16-11_backup_content.part004.zip,.jpg,generated thumbnail,False,True,0
wp-content/gallery/2024-buergerball/thumbs/thumbs_DSC07450.JPG,52306,38be294fd03f822edb85955385f15f131514bda077cbf76d10c746bb33851a34,www.gemeinde-merching.de_wpvivid-b8981f085de20_2026-10-10-16-11_backup_content.part004.zip,.jpg,generated thumbnail,False,True,0
wp-content/gallery/2024-buergerball/thumbs/thumbs_DSC07365.JPG,52892,ca4b2c69454f876b72101a1c1e6746e154a1153e9f096537f5c703187a4dea6a,www.gemeinde-merching.de_wpvivid-b8981f085de20_2026-10-10-16-11_backup_content.part004.zip,.jpg,generated thumbnail,False,True,0
wp-content/gallery/2024-buergerball/thumbs/thumbs_DSC07395.JPG,50388,922182883bb6186c8ee533c061f01ed03b2e991ea9246981e2cb93c05d0bac82,www.gemeinde-merching.de_wpvivid-b8981f085de20_2026-10-10-16-11_backup_content.part004.zip,.jpg,generated thumbnail,False,True,0
wp-content/gallery/2024-buergerball/thumbs/thumbs_DSC07494.JPG,61016,3ee4c4f030bd86e6c4f965743444bf9dd9fdaf3ed8727b77b854dccb4ff27880,www.gemeinde-merching.de_wpvivid-b8981f085de20_2026-10-10-16-11_backup_content.part004.zip,.jpg,generated thumbnail,False,True,0
wp-content/gallery/2024-buergerball/thumbs/thumbs_DSC07321.JPG,59542,ecdd76d95555216cfc4eb98cdcc31f866f70c35b625bb11e7575a35409a15b02,www.gemeinde-merching.de_wpvivid-b8981f085de20_2026-10-10-16-11_backup_content.part004.zip,.jpg,generated thumbnail,False,True,0
wp-content/gallery/2024-buergerball/thumbs/thumbs_DSC07336.JPG,59151,0a93d0674dae8880a744c56f0ff828e57151a8b057f35628db3180a87bba4ea5,www.gemeinde-merching.de_wpvivid-b8981f085de20_2026-10-10-16-11_backup_content.part004.zip,.jpg,generated thumbnail,False,True,0
wp-content/gallery/2024-buergerball/thumbs/thumbs_DSC07408.JPG,53889,076bff2e4f605e3530f7aa4de1a02f3a965e181dc54687bf98a5000e73005467,www.gemeinde-merching.de_wpvivid-b8981f085de20_2026-10-10-16-11_backup_content.part004.zip,.jpg,generated thumbnail,False,True,0
wp-content/gallery/2024-buergerball/thumbs/thumbs_DSC07404.JPG,52219,6bb2c6a03209bd8ad75c4cf2ece29068b4984df41b40cd6745dfeb14a3ee3030,www.gemeinde-merching.de_wpvivid-b8981f085de20_2026-10-10-16-11_backup_content.part004.zip,.jpg,generated thumbnail,False,True,0
wp-content/gallery/2024-buergerball/thumbs/thumbs_DSC07435.JPG,52706,3a37a55d3fc87084adf6e9179451dafffe7c4fb73508a7f44d4d573d6fd87580,www.gemeinde-merching.de_wpvivid-b8981f085de20_2026-10-10-16-11_backup_content.part004.zip,.jpg,generated thumbnail,False,True,0
wp-content/gallery/2024-buergerball/thumbs/thumbs_DSC07346.JPG,53195,4ff0b9b56fb8354bdaba913dad489fdcadf04b21b0422b181be9dc1d00374ea6,www.gemeinde-merching.de_wpvivid-b8981f085de20_2026-10-10-16-11_backup_content.part004.zip,.jpg,generated thumbnail,False,True,0
wp-content/gallery/2024-buergerball/thumbs/thumbs_13.JPG,59379,50d5afc0a8fdfc1cd2a35b806995225c22643dd6ad65446a29a81b3190358a76,www.gemeinde-merching.de_wpvivid-b8981f085de20_2026-10-10-16-11_backup_content.part004.zip,.jpg,generated thumbnail,False,True,0
wp-content/gallery/2024-buergerball/thumbs/thumbs_17.JPG,60511,bf4551faa8090472c5394c9408ed944e196ab83c8f130f4ebd221fbe328670aa,www.gemeinde-merching.de_wpvivid-b8981f085de20_2026-10-10-16-11_backup_content.part004.zip,.jpg,generated thumbnail,False,True,0
wp-content/gallery/2024-buergerball/thumbs/thumbs_DSC07486.JPG,58982,ddb487f914840ca034db2749234590c4a9a82f297d3274db91cce83bb25ec1cf,www.gemeinde-merching.de_wpvivid-b8981f085de20_2026-10-10-16-11_backup_content.part004.zip,.jpg,generated thumbnail,False,True,0
wp-content/gallery/2024-buergerball/thumbs/thumbs_DSC07318.JPG,59218,b393a62332f0f0a6efc4ff06236d706a9be2a6eec94d013353b72edccf64ede2,www.gemeinde-merching.de_wpvivid-b8981f085de20_2026-10-10-16-11_backup_content.part004.zip,.jpg,generated thumbnail,False,True,0
wp-content/gallery/2024-buergerball/thumbs/thumbs_DSC07393.JPG,49294,886cd5962746d098265497a8ade965aed67f27717900221d969b6aa0a1d78750,www.gemeinde-merching.de_wpvivid-b8981f085de20_2026-10-10-16-11_backup_content.part004.zip,.jpg,generated thumbnail,False,True,0
wp-content/gallery/2024-buergerball/thumbs/thumbs_DSC07492.JPG,60585,22a9c1f165e634258eacfe43a99e0a4fabd8965fda904c7bafabb4501f955bbb,www.gemeinde-merching.de_wpvivid-b8981f085de20_2026-10-10-16-11_backup_content.part004.zip,.jpg,generated thumbnail,False,True,0
wp-content/gallery/2024-buergerball/thumbs/thumbs_DSC07480.JPG,5387,b3319582c6cc2ab75165a8a9840d6a5a102f0144e4029244e01fbc8139d4be3e,www.gemeinde-merching.de_wpvivid-b8981f085de20_2026-10-10-16-11_backup_content.part004.zip,.jpg,generated thumbnail,False,True,0
wp-content/gallery/2024-buergerball/thumbs/thumbs_7.JPG,56607,c090ef9902f9fc0aebfa639afe3e9c26f78b450a5981304131703e7dad8137f3,www.gemeinde-merching.de_wpvivid-b8981f085de20_2026-10-10-16-11_backup_content.part004.zip,.jpg,generated thumbnail,False,True,0
wp-content/gallery/2024-buergerball/thumbs/thumbs_DSC07463.JPG,59362,33917d433147f4ba24e757d2aec082d72b5443559925f6dc288af64b6ac54812,www.gemeinde-merching.de_wpvivid-b8981f085de20_2026-10-10-16-11_backup_content.part004.zip,.jpg,generated thumbnail,False,True,0
wp-content/gallery/2024-buergerball/thumbs/thumbs_DSC07452.JPG,56400,c386fd63515842ff908acadc2a91f76236077b5468dfd11fb6c2e23a7fe34337,www.gemeinde-merching.de_wpvivid-b8981f085de20_2026-10-10-16-11_backup_content.part004.zip,.jpg,generated thumbnail,False,True,0
wp-content/gallery/2024-buergerball/thumbs/thumbs_DSC07451.JPG,56065,63baf7259e0e80ab855670fe6983e9249fc26775676c9fa3ef4618844e6779c4,www.gemeinde-merching.de_wpvivid-b8981f085de20_2026-10-10-16-11_backup_content.part004.zip,.jpg,generated thumbnail,False,True,0
wp-content/gallery/2024-buergerball/thumbs/thumbs_DSC07325.JPG,58990,3529c44f933494df4e6447cc49c07ada5f33242bc55caa69c443512ec737d9d7,www.gemeinde-merching.de_wpvivid-b8981f085de20_2026-10-10-16-11_backup_content.part004.zip,.jpg,generated thumbnail,False,True,0
wp-content/gallery/2024-buergerball/thumbs/thumbs_DSC07338.JPG,57298,371c20dd5fcf9af984bf62af91ab9ac0901209bbf27ed9f066c58b3a5185861b,www.gemeinde-merching.de_wpvivid-b8981f085de20_2026-10-10-16-11_backup_content.part004.zip,.jpg,generated thumbnail,False,True,0
wp-content/gallery/2024-buergerball/thumbs/thumbs_DSC07521.JPG,56786,f08c5220531cc34b6f419f939d888ad88c1508151fff87b657abbd6cfaaef601,www.gemeinde-merching.de_wpvivid-b8981f085de20_2026-10-10-16-11_backup_content.part004.zip,.jpg,generated thumbnail,False,True,0
wp-content/gallery/2024-buergerball/thumbs/thumbs_DSC07319.JPG,58307,77861835c1f6d8b2d24b6c4f116d5d67fee9320ad47f07fc7c3e63d5f3ce5762,www.gemeinde-merching.de_wpvivid-b8981f085de20_2026-10-10-16-11_backup_content.part004.zip,.jpg,generated thumbnail,False,True,0
wp-content/gallery/2024-buergerball/thumbs/thumbs_DSC07388.JPG,5170,efe7d0fee19176a22837cba1926e8ceefa168bd8618866acbcb142be08df5c54,www.gemeinde-merching.de_wpvivid-b8981f085de20_2026-10-10-16-11_backup_content.part004.zip,.jpg,generated thumbnail,False,True,0
wp-content/gallery/2024-buergerball/thumbs/thumbs_DSC07456.JPG,55425,6f9ba2091d2b865a8b434437b0ba494da88daa585e9f21afa6aa0661c20a9dad,www.gemeinde-merching.de_wpvivid-b8981f085de20_2026-10-10-16-11_backup_content.part004.zip,.jpg,generated thumbnail,False,True,0
wp-content/gallery/2024-buergerball/thumbs/thumbs_DSC07462.JPG,6091,48723ee5c1f549dafa6e5327805654e99cdfaa82566b62dcd9a48b9e3f8e17f8,www.gemeinde-merching.de_wpvivid-b8981f085de20_2026-10-10-16-11_backup_content.part004.zip,.jpg,generated thumbnail,False,True,0
wp-content/gallery/2024-buergerball/thumbs/thumbs_DSC07370.JPG,52737,62d6842f0a989e7d22b6104396c889d785525a59386a22f1c3c20dec19fad360,www.gemeinde-merching.de_wpvivid-b8981f085de20_2026-10-10-16-11_backup_content.part004.zip,.jpg,generated thumbnail,False,True,0
wp-content/gallery/2024-buergerball/thumbs/thumbs_DSC07394.JPG,49824,7953d7fd272f5eff3cf0b7bb8c039165cc026c388e2845ba6e7c2e7217a3d9ed,www.gemeinde-merching.de_wpvivid-b8981f085de20_2026-10-10-16-11_backup_content.part004.zip,.jpg,generated thumbnail,False,True,0
wp-content/gallery/2024-buergerball/thumbs/thumbs_DSC07358.JPG,56504,60af49efaa965e1fc1c6306080f674e99847af2f4e719f7f3a85a7f34428a08a,www.gemeinde-merching.de_wpvivid-b8981f085de20_2026-10-10-16-11_backup_content.part004.zip,.jpg,generated thumbnail,False,True,0
wp-content/gallery/2024-buergerball/thumbs/thumbs_DSC07398.JPG,48320,d24582c08f0dc222bba66987f4bb87fa4314748ac9f2804d8a87a95c580100a6,www.gemeinde-merching.de_wpvivid-b8981f085de20_2026-10-10-16-11_backup_content.part004.zip,.jpg,generated thumbnail,False,True,0
wp-content/gallery/2024-buergerball/thumbs/thumbs_DSC07460.JPG,59899,c49bb43eeef723c111c0591cd0caaae777ee38c79485c1ea4d7d6ae671ac8dc1,www.gemeinde-merching.de_wpvivid-b8981f085de20_2026-10-10-16-11_backup_content.part004.zip,.jpg,generated thumbnail,False,True,0
wp-content/gallery/2024-buergerball/thumbs/thumbs_DSC07464.JPG,59436,d71bfb01d3dd837ef313c2742075e311075fc7ac6bc40867ae35b0cba293e934,www.gemeinde-merching.de_wpvivid-b8981f085de20_2026-10-10-16-11_backup_content.part004.zip,.jpg,generated thumbnail,False,True,0
wp-content/gallery/2024-buergerball/thumbs/thumbs_DSC07503.JPG,60018,df54d5624e49e595c64283d42ae6dd82fd5032706d9744c8fa1a793f8bb7c2cb,www.gemeinde-merching.de_wpvivid-b8981f085de20_2026-10-10-16-11_backup_content.part004.zip,.jpg,generated thumbnail,False,True,0
wp-content/gallery/2024-buergerball/thumbs/thumbs_6.JPG,51844,d67e303e4855c16392498700fc9430ca6a86bbdd75939ff9d80e5ce3d425d196,www.gemeinde-merching.de_wpvivid-b8981f085de20_2026-10-10-16-11_backup_content.part004.zip,.jpg,generated thumbnail,False,True,0
wp-content/gallery/2024-buergerball/thumbs/thumbs_DSC07418.JPG,60831,fea186c575324cbdbf2ceb7144fba48d36f764a34a592dc968240baaf2906832,www.gemeinde-merching.de_wpvivid-b8981f085de20_2026-10-10-16-11_backup_content.part004.zip,.jpg,generated thumbnail,False,True,0
wp-content/gallery/2024-buergerball/thumbs/thumbs_DSC07453.JPG,57387,cf99702651f7f0bf22f6685f87b3db5b3e20e2fba4ae76040459d7e83d8db6f2,www.gemeinde-merching.de_wpvivid-b8981f085de20_2026-10-10-16-11_backup_content.part004.zip,.jpg,generated thumbnail,False,True,0
wp-content/gallery/2024-buergerball/thumbs/thumbs_DSC07488.JPG,60471,79816f4fd04822279200ee5c78337cec1199bcada1d5393584165c98033583f8,www.gemeinde-merching.de_wpvivid-b8981f085de20_2026-10-10-16-11_backup_content.part004.zip,.jpg,generated thumbnail,False,True,0
wp-content/gallery/2024-buergerball/thumbs/thumbs_DSC07371.JPG,55385,d3f9f3221babb978cde9edd3145a5743665ca70adf5031e32ef52331f44ca640,www.gemeinde-merching.de_wpvivid-b8981f085de20_2026-10-10-16-11_backup_content.part004.zip,.jpg,generated thumbnail,False,True,0
wp-content/gallery/2024-buergerball/thumbs/thumbs_DSC07369.JPG,55898,08f51bb2e008c2a3a68d07cc2ca2c695d61c79fb4348639c244ff1100b9f9403,www.gemeinde-merching.de_wpvivid-b8981f085de20_2026-10-10-16-11_backup_content.part004.zip,.jpg,generated thumbnail,False,True,0
wp-content/gallery/2024-buergerball/thumbs/thumbs_DSC07359.JPG,57878,095074baefad90d637574fd4d6c130f71091e73078a9720bb973229075a9c74b,www.gemeinde-merching.de_wpvivid-b8981f085de20_2026-10-10-16-11_backup_content.part004.zip,.jpg,generated thumbnail,False,True,0
wp-content/gallery/2024-buergerball/thumbs/thumbs_DSC07489.JPG,61239,65b442a0dc2c09b299f47afbb1ea7b2f67262ea6aab3b37b95159d407f61c441,www.gemeinde-merching.de_wpvivid-b8981f085de20_2026-10-10-16-11_backup_content.part004.zip,.jpg,generated thumbnail,False,True,0
wp-content/gallery/2024-buergerball/thumbs/thumbs_DSC07469.JPG,53744,a99cf63bbd44fbe8fc6ca32265be911a732251655f00f2fd02915a4d06b8d3a3,www.gemeinde-merching.de_wpvivid-b8981f085de20_2026-10-10-16-11_backup_content.part004.zip,.jpg,generated thumbnail,False,True,0
wp-content/gallery/2024-buergerball/thumbs/thumbs_2.jpg,68732,d70587a3569648d7f381ea80f4720e2369e0e460a909f845e71ba0ddada40848,www.gemeinde-merching.de_wpvivid-b8981f085de20_2026-10-10-16-11_backup_content.part004.zip,.jpg,generated thumbnail,False,True,0
wp-content/gallery/2024-buergerball/thumbs/thumbs_DSC07382.JPG,4619,2cf9510116089eb035a74f770a0f3eaddc07cd2f59cb5c05c79ccfcfb07b4db0,www.gemeinde-merching.de_wpvivid-b8981f085de20_2026-10-10-16-11_backup_content.part004.zip,.jpg,generated thumbnail,False,True,0
wp-content/gallery/2024-buergerball/thumbs/thumbs_DSC07467.JPG,62226,4277f873abeb54e5e76c5f3818e566791584f3a7d47b08aed414caeee6c85145,www.gemeinde-merching.de_wpvivid-b8981f085de20_2026-10-10-16-11_backup_content.part004.zip,.jpg,generated thumbnail,False,True,0
wp-content/gallery/2024-buergerball/thumbs/thumbs_DSC07415.JPG,6707,19ee01fce78adf8baab9788736ce3fc56c305de180a0d2731143a4ac801a97c3,www.gemeinde-merching.de_wpvivid-b8981f085de20_2026-10-10-16-11_backup_content.part004.zip,.jpg,generated thumbnail,False,True,0
wp-content/gallery/2024-buergerball/thumbs/thumbs_DSC07367.JPG,56607,c090ef9902f9fc0aebfa639afe3e9c26f78b450a5981304131703e7dad8137f3,www.gemeinde-merching.de_wpvivid-b8981f085de20_2026-10-10-16-11_backup_content.part004.zip,.jpg,generated thumbnail,False,True,0
wp-content/gallery/2024-buergerball/thumbs/thumbs_DSC07444.JPG,50918,730cb80337179acb7fab6bffdef10cc6fa0023c5f36bdbc503a1ecea0a15d1b6,www.gemeinde-merching.de_wpvivid-b8981f085de20_2026-10-10-16-11_backup_content.part004.zip,.jpg,generated thumbnail,False,True,0
wp-content/gallery/2024-buergerball/thumbs/thumbs_DSC07470.JPG,57906,87f183db7ad7fe773d607e19c9189f6ce1d95f9fc5f9428d42ed8f1796027fb0,www.gemeinde-merching.de_wpvivid-b8981f085de20_2026-10-10-16-11_backup_content.part004.zip,.jpg,generated thumbnail,False,True,0
wp-content/gallery/2024-buergerball/thumbs/thumbs_DSC07298.JPG,54318,c90286172d157bf76a106ac686992608e725450f34f1ba47d85e54931bcf33f2,www.gemeinde-merching.de_wpvivid-b8981f085de20_2026-10-10-16-11_backup_content.part004.zip,.jpg,generated thumbnail,False,True,0
wp-content/gallery/2024-buergerball/thumbs/thumbs_DSC07311.JPG,57631,a68961322a1d7a277a2cf337c875e824afb2f5e1cd8971ea55fb6906159f8e73,www.gemeinde-merching.de_wpvivid-b8981f085de20_2026-10-10-16-11_backup_content.part004.zip,.jpg,generated thumbnail,False,True,0
wp-content/gallery/2024-buergerball/thumbs/thumbs_DSC07496.JPG,58589,304c134f366b6f73581aee360e09ddb2832e0f4630a809337a545c613b89ad91,www.gemeinde-merching.de_wpvivid-b8981f085de20_2026-10-10-16-11_backup_content.part004.zip,.jpg,generated thumbnail,False,True,0
wp-content/gallery/2024-buergerball/thumbs/thumbs_DSC07423.JPG,57857,49443c4d19aa4d916f710f371581b6c44a8c60d1e209452fbd4448479408b525,www.gemeinde-merching.de_wpvivid-b8981f085de20_2026-10-10-16-11_backup_content.part004.zip,.jpg,generated thumbnail,False,True,0
wp-content/gallery/2024-buergerball/thumbs/thumbs_DSC07387.JPG,53658,1885c74cd2507214306fd2291fe183ab048fe62eafde79da089e350238ff4aa1,www.gemeinde-merching.de_wpvivid-b8981f085de20_2026-10-10-16-11_backup_content.part004.zip,.jpg,generated thumbnail,False,True,0
wp-content/gallery/2024-buergerball/thumbs/thumbs_DSC07502.JPG,59359,a02acdc31cf4977ed7214e3ea4ae439964ef2af60722f2e564d1a304a7547c7d,www.gemeinde-merching.de_wpvivid-b8981f085de20_2026-10-10-16-11_backup_content.part004.zip,.jpg,generated thumbnail,False,True,0
wp-content/gallery/2024-buergerball/thumbs/thumbs_DSC07497.JPG,61056,875ead55ee4afdd3d09b2781b07dbe26c321b6178041a6cb6155c6a04a23c789,www.gemeinde-merching.de_wpvivid-b8981f085de20_2026-10-10-16-11_backup_content.part004.zip,.jpg,generated thumbnail,False,True,0
wp-content/gallery/2024-buergerball/thumbs/thumbs_16.JPG,57362,cbf9e00022018a52da6c3270f517c1df4e6db50a2218e6315842af7e6f5c4b61,www.gemeinde-merching.de_wpvivid-b8981f085de20_2026-10-10-16-11_backup_content.part004.zip,.jpg,generated thumbnail,False,True,0
wp-content/gallery/2024-buergerball/thumbs/thumbs_18.JPG,56990,841fe4048ef720dbb21746daa5ee7fd82f80a4e321e42065f5e0d68387086788,www.gemeinde-merching.de_wpvivid-b8981f085de20_2026-10-10-16-11_backup_content.part004.zip,.jpg,generated thumbnail,False,True,0
wp-content/gallery/2024-buergerball/thumbs/thumbs_DSC07386.JPG,59116,9ec0c5e86f134e5daff22015b2f4d032d82c67b4570eaf259a63f790e4bbbce9,www.gemeinde-merching.de_wpvivid-b8981f085de20_2026-10-10-16-11_backup_content.part004.zip,.jpg,generated thumbnail,False,True,0
wp-content/gallery/2024-buergerball/thumbs/thumbs_DSC07411.JPG,60016,aa3c57ad565089c065f978fe1ce2b10af6ee89bd25d74933ca69e5289ddfe485,www.gemeinde-merching.de_wpvivid-b8981f085de20_2026-10-10-16-11_backup_content.part004.zip,.jpg,generated thumbnail,False,True,0
wp-content/gallery/2024-buergerball/thumbs/thumbs_DSC07466.JPG,7356,81765ca4e83082ef84b4b2c065d8a981fee69d4643d84f9beebe21cf56bd1c70,www.gemeinde-merching.de_wpvivid-b8981f085de20_2026-10-10-16-11_backup_content.part004.zip,.jpg,generated thumbnail,False,True,0
wp-content/gallery/2024-buergerball/thumbs/thumbs_DSC07299.JPG,58524,12959704a3c0ac27172dc4661ab599a0105f072042b0afed45e20fd39f664fd0,www.gemeinde-merching.de_wpvivid-b8981f085de20_2026-10-10-16-11_backup_content.part004.zip,.jpg,generated thumbnail,False,True,0
wp-content/gallery/2024-buergerball/thumbs/thumbs_20.JPG,57926,075c4f8c44a8875badeb0f085f8f38b2301e8c175ef739ee6bea323276248ba6,www.gemeinde-merching.de_wpvivid-b8981f085de20_2026-10-10-16-11_backup_content.part004.zip,.jpg,generated thumbnail,False,True,0
wp-content/gallery/2024-buergerball/thumbs/thumbs_DSC07409.JPG,53231,2b9172884f0c7fd0beecca469c89d56997336f61c78fac67c79f88fb868745a8,www.gemeinde-merching.de_wpvivid-b8981f085de20_2026-10-10-16-11_backup_content.part004.zip,.jpg,generated thumbnail,False,True,0
wp-content/gallery/2024-buergerball/thumbs/thumbs_12.JPG,61016,3ee4c4f030bd86e6c4f965743444bf9dd9fdaf3ed8727b77b854dccb4ff27880,www.gemeinde-merching.de_wpvivid-b8981f085de20_2026-10-10-16-11_backup_content.part004.zip,.jpg,generated thumbnail,False,True,0
wp-content/gallery/2024-buergerball/thumbs/thumbs_DSC07481.JPG,5686,8628224b33ef51628ea117c74266cf55b33bd8ab2fe812e1a7c13ff44a2f16c3,www.gemeinde-merching.de_wpvivid-b8981f085de20_2026-10-10-16-11_backup_content.part004.zip,.jpg,generated thumbnail,False,True,0
wp-content/gallery/2024-buergerball/thumbs/thumbs_DSC07438.JPG,51392,4b6316fa0f5452f3218102a6e48d5bc654ba819b6c458f432e29e23f8ff265cb,www.gemeinde-merching.de_wpvivid-b8981f085de20_2026-10-10-16-11_backup_content.part004.zip,.jpg,generated thumbnail,False,True,0
wp-content/gallery/2024-buergerball/thumbs/thumbs_15.JPG,58193,03e1e538ad7dfacf36da72b5761cfe0f490db545cb269c20bfef042edfb746be,www.gemeinde-merching.de_wpvivid-b8981f085de20_2026-10-10-16-11_backup_content.part004.zip,.jpg,generated thumbnail,False,True,0
wp-content/gallery/2024-buergerball/thumbs/thumbs_3.JPG,56499,4a26042679bebac978c5e3c06c03f6f2dc55a5c562dc4445fb2b4b9483abbdea,www.gemeinde-merching.de_wpvivid-b8981f085de20_2026-10-10-16-11_backup_content.part004.zip,.jpg,generated thumbnail,False,True,0
wp-content/gallery/2024-buergerball/thumbs/thumbs_DSC07419.JPG,7076,d776554b39cc840055fd4c5d1f767e0b8ff7e850813025b853dbdeea99bbb364,www.gemeinde-merching.de_wpvivid-b8981f085de20_2026-10-10-16-11_backup_content.part004.zip,.jpg,generated thumbnail,False,True,0
wp-content/gallery/2024-buergerball/thumbs/thumbs_DSC07525.JPG,54597,efe4e54f0d7942d336b854362c1d9a738339cdc2ee2d07188559c6a59d21946a,www.gemeinde-merching.de_wpvivid-b8981f085de20_2026-10-10-16-11_backup_content.part004.zip,.jpg,generated thumbnail,False,True,0
wp-content/gallery/2024-buergerball/thumbs/thumbs_DSC07342.JPG,55212,1a4c1ec916c7ec91ee84e3539780ea2fca076ceef003a62fb2bb6337c9bef5f2,www.gemeinde-merching.de_wpvivid-b8981f085de20_2026-10-10-16-11_backup_content.part004.zip,.jpg,generated thumbnail,False,True,0
wp-content/gallery/2024-buergerball/thumbs/thumbs_DSC07333.JPG,61970,feb2b15bf127650fac2ca1942c56197f8b5ade3fb1d3d8c02ce05f22629e0f25,www.gemeinde-merching.de_wpvivid-b8981f085de20_2026-10-10-16-11_backup_content.part004.zip,.jpg,generated thumbnail,False,True,0
wp-content/gallery/2024-buergerball/thumbs/thumbs_DSC07508.JPG,59010,270305f5351a2d3885db2a0612a57e07c3f47c2e0584e9097a98ef11c45e1218,www.gemeinde-merching.de_wpvivid-b8981f085de20_2026-10-10-16-11_backup_content.part004.zip,.jpg,generated thumbnail,False,True,0
wp-content/gallery/2024-buergerball/thumbs/thumbs_DSC07406.JPG,55034,b65a6560276f2a8c36091e108aa8c56deb0f7dbb68b60cf145349cf3411354f4,www.gemeinde-merching.de_wpvivid-b8981f085de20_2026-10-10-16-11_backup_content.part004.zip,.jpg,generated thumbnail,False,True,0
wp-content/gallery/2024-buergerball/thumbs/thumbs_DSC07364.JPG,55027,c2cd26307e602f40184f164aeb9a180e0468cee530a94c29de20c9848b7dc882,www.gemeinde-merching.de_wpvivid-b8981f085de20_2026-10-10-16-11_backup_content.part004.zip,.jpg,generated thumbnail,False,True,0
wp-content/gallery/2024-buergerball/thumbs/thumbs_9.JPG,56939,84d810599c8213245958621a0d2b14063eb4f270488e4112049630dad1be642e,www.gemeinde-merching.de_wpvivid-b8981f085de20_2026-10-10-16-11_backup_content.part004.zip,.jpg,generated thumbnail,False,True,0
wp-content/gallery/2024-buergerball/thumbs/thumbs_14.JPG,58358,7817c4c17ec0e0e75bd25d6dd84cce2551ece980fbef7c30b7f8b5767e7ffeca,www.gemeinde-merching.de_wpvivid-b8981f085de20_2026-10-10-16-11_backup_content.part004.zip,.jpg,generated thumbnail,False,True,0
wp-content/gallery/2024-buergerball/thumbs/thumbs_DSC07458.JPG,56867,602ee180909133d59685a9b29c3d8d3fc9467d5b2bfc65ad48738a76cd97b286,www.gemeinde-merching.de_wpvivid-b8981f085de20_2026-10-10-16-11_backup_content.part004.zip,.jpg,generated thumbnail,False,True,0
wp-content/gallery/2024-buergerball/thumbs/thumbs_DSC07524.JPG,51964,253f763b89687e199261ef9e52ca55b7c5fd877ac8e1c575d6f349b0acf585c1,www.gemeinde-merching.de_wpvivid-b8981f085de20_2026-10-10-16-11_backup_content.part004.zip,.jpg,generated thumbnail,False,True,0
wp-content/gallery/2024-buergerball/thumbs/thumbs_DSC07461.JPG,60857,8e62d8271fe17c042b9463cf0809720b7ecc4409b6842505defa741a54b45f18,www.gemeinde-merching.de_wpvivid-b8981f085de20_2026-10-10-16-11_backup_content.part004.zip,.jpg,generated thumbnail,False,True,0
wp-content/gallery/2024-buergerball/thumbs/thumbs_DSC07506.JPG,62199,50d9f5a2e5e54f25e3badfe6d7320e8a97ae586b7afdef7f39f7bdd44eba8f1e,www.gemeinde-merching.de_wpvivid-b8981f085de20_2026-10-10-16-11_backup_content.part004.zip,.jpg,generated thumbnail,False,True,0
wp-content/gallery/2024-buergerball/thumbs/thumbs_DSC07454.JPG,57203,be0bc8f8e722e3d6fc1a9d3a8d59027b593bd87f6e05c79a6482c243d657e678,www.gemeinde-merching.de_wpvivid-b8981f085de20_2026-10-10-16-11_backup_content.part004.zip,.jpg,generated thumbnail,False,True,0
wp-content/gallery/2024-buergerball/thumbs/thumbs_DSC07401.JPG,51844,d67e303e4855c16392498700fc9430ca6a86bbdd75939ff9d80e5ce3d425d196,www.gemeinde-merching.de_wpvivid-b8981f085de20_2026-10-10-16-11_backup_content.part004.zip,.jpg,generated thumbnail,False,True,0
wp-content/gallery/2024-buergerball/thumbs/thumbs_DSC07362.JPG,50756,d126ec69dfe5905bc0fd613064cd81d482d7ef1a0bf1756b158d7569f99d8931,www.gemeinde-merching.de_wpvivid-b8981f085de20_2026-10-10-16-11_backup_content.part004.zip,.jpg,generated thumbnail,False,True,0
wp-content/gallery/2024-buergerball/thumbs/thumbs_DSC07310.JPG,57538,0f75afbc5618387caa5ed25ddf34d772af3def8d25c7379e2aecb0152a4a1751,www.gemeinde-merching.de_wpvivid-b8981f085de20_2026-10-10-16-11_backup_content.part004.zip,.jpg,generated thumbnail,False,True,0
wp-content/gallery/2024-buergerball/thumbs/thumbs_21.jpg,62777,b6f9bc4e36cf2295a75e053d74ff5a0115cde2a6f9c75616ebcd63c53306b74a,www.gemeinde-merching.de_wpvivid-b8981f085de20_2026-10-10-16-11_backup_content.part004.zip,.jpg,generated thumbnail,False,True,0
wp-content/gallery/2024-buergerball/thumbs/thumbs_1.JPG,58524,12959704a3c0ac27172dc4661ab599a0105f072042b0afed45e20fd39f664fd0,www.gemeinde-merching.de_wpvivid-b8981f085de20_2026-10-10-16-11_backup_content.part004.zip,.jpg,generated thumbnail,False,True,0
wp-content/gallery/2024-buergerball/thumbs/thumbs_DSC07484.JPG,6133,666557d13dd56c592bde8adc36b47b75de46d03dc9a098408c5f770781178f0f,www.gemeinde-merching.de_wpvivid-b8981f085de20_2026-10-10-16-11_backup_content.part004.zip,.jpg,generated thumbnail,False,True,0
wp-content/gallery/2024-buergerball/thumbs/thumbs_DSC07317.JPG,59666,754e2c1041283ec36ed0a04c4632e3d6708cc75ef4758a144f5657c324b1ca7e,www.gemeinde-merching.de_wpvivid-b8981f085de20_2026-10-10-16-11_backup_content.part004.zip,.jpg,generated thumbnail,False,True,0
wp-content/gallery/2024-buergerball/thumbs/thumbs_DSC07374.JPG,54771,68a88754e442c7119098af84b40ba5c0d659128848285c8eb7daa6943aa7babe,www.gemeinde-merching.de_wpvivid-b8981f085de20_2026-10-10-16-11_backup_content.part004.zip,.jpg,generated thumbnail,False,True,0
wp-content/gallery/2024-buergerball/thumbs/thumbs_DSC07390.JPG,51844,2861a8684b0245a3b5b092f27c76733e8e4214c5a0bbe829f91f929a1f990108,www.gemeinde-merching.de_wpvivid-b8981f085de20_2026-10-10-16-11_backup_content.part004.zip,.jpg,generated thumbnail,False,True,0
wp-content/gallery/2024-buergerball/thumbs/thumbs_DSC07449.JPG,51587,694458ee75a359c1a211eced8da7685635a6ef6f2bf10f689230b20b2b9cc30e,www.gemeinde-merching.de_wpvivid-b8981f085de20_2026-10-10-16-11_backup_content.part004.zip,.jpg,generated thumbnail,False,True,0
wp-content/gallery/2024-buergerball/thumbs/thumbs_DSC07491.JPG,60600,0eba52934c36deeadbba239379ca3f0a8c9ce94ce7be36beb04b34ab5304c3b4,www.gemeinde-merching.de_wpvivid-b8981f085de20_2026-10-10-16-11_backup_content.part004.zip,.jpg,generated thumbnail,False,True,0
wp-content/gallery/2024-buergerball/thumbs/thumbs_DSC07476.JPG,61558,b62670225a6f039e9a6fff65ce8aca2b01d6268880bbec03643ea4edfb7f9d16,www.gemeinde-merching.de_wpvivid-b8981f085de20_2026-10-10-16-11_backup_content.part004.zip,.jpg,generated thumbnail,False,True,0
wp-content/gallery/2024-buergerball/thumbs/thumbs_DSC07320.JPG,60108,967ba284259d4b2d56126568af1043ecd3dd502afd62924ad5782dc0ef0fc914,www.gemeinde-merching.de_wpvivid-b8981f085de20_2026-10-10-16-11_backup_content.part004.zip,.jpg,generated thumbnail,False,True,0
wp-content/gallery/2024-buergerball/thumbs/thumbs_DSC07490.JPG,60064,65701d22b0a344f7bab046f97bc694e99db3e0cd5f6c433dbd6a3265ce1e47ba,www.gemeinde-merching.de_wpvivid-b8981f085de20_2026-10-10-16-11_backup_content.part004.zip,.jpg,generated thumbnail,False,True,0
wp-content/gallery/2024-buergerball/thumbs/thumbs_DSC07455.JPG,57100,95fb7dab9c7fe581b347162991d462b363397fc55d3a15f0eba64736beaa4389,www.gemeinde-merching.de_wpvivid-b8981f085de20_2026-10-10-16-11_backup_content.part004.zip,.jpg,generated thumbnail,False,True,0
wp-content/gallery/2024-buergerball/thumbs/thumbs_11.JPG,7356,81765ca4e83082ef84b4b2c065d8a981fee69d4643d84f9beebe21cf56bd1c70,www.gemeinde-merching.de_wpvivid-b8981f085de20_2026-10-10-16-11_backup_content.part004.zip,.jpg,generated thumbnail,False,True,0
wp-content/gallery/2024-buergerball/thumbs/thumbs_DSC07405.JPG,51411,b2c60031cfe60aec7c357e21af02a1f2b80a957c83383ec5d70f8c2953551b9b,www.gemeinde-merching.de_wpvivid-b8981f085de20_2026-10-10-16-11_backup_content.part004.zip,.jpg,generated thumbnail,False,True,0
wp-content/gallery/2024-buergerball/thumbs/thumbs_DSC07416.JPG,61829,8ed4b35cb7f986bc7f784b611bdf8806adc2064f99afa5b0e39d23bc84a23ad6,www.gemeinde-merching.de_wpvivid-b8981f085de20_2026-10-10-16-11_backup_content.part004.zip,.jpg,generated thumbnail,False,True,0
wp-content/gallery/2024-buergerball/thumbs/thumbs_DSC07473.JPG,62570,4604641dc43e9c7fb592c2f2b9a4c7112095917149d8384b4cc1052a7b55c97d,www.gemeinde-merching.de_wpvivid-b8981f085de20_2026-10-10-16-11_backup_content.part004.zip,.jpg,generated thumbnail,False,True,0
wp-content/gallery/2024-buergerball/thumbs/thumbs_DSC07504.JPG,61293,bcf35cc5af0f1654f6eb2f0cf90bd0692c1a39d51f9f1732f1ad20e77f651d8e,www.gemeinde-merching.de_wpvivid-b8981f085de20_2026-10-10-16-11_backup_content.part004.zip,.jpg,generated thumbnail,False,True,0
wp-content/gallery/2024-buergerball/DSC07454.JPG,7929856,b7140405c2ff48b6f724340a119e46f95c71eaf2a631624851308b6260a2a5c5,www.gemeinde-merching.de_wpvivid-b8981f085de20_2026-10-10-16-11_backup_content.part004.zip,.jpg,original/referenced,True,False,0
wp-content/gallery/2024-buergerball/DSC07486.JPG,8257536,f4283c3f4decca2b4ecedbfc076a60742f71b8d5d7efb6beb3f5ba4a553f23c1,www.gemeinde-merching.de_wpvivid-b8981f085de20_2026-10-10-16-11_backup_content.part004.zip,.jpg,original/referenced,True,False,0
wp-content/gallery/2024-buergerball/DSC07502.JPG,7274496,86658415d9ac04e6b13982337728e88eb9e645627cd044e38343caf43b7f1905,www.gemeinde-merching.de_wpvivid-b8981f085de20_2026-10-10-16-11_backup_content.part004.zip,.jpg,original/referenced,True,False,0
wp-content/gallery/2024-buergerball/DSC07525.JPG,4030464,abf8b047b04b54df797da49525e49e0c5fe195b699d7c007689d51c00ea89e65,www.gemeinde-merching.de_wpvivid-b8981f085de20_2026-10-10-16-11_backup_content.part004.zip,.jpg,original/referenced,True,False,0
wp-content/gallery/2024-buergerball/DSC07404.JPG,2376961,fe5f428df6a54373018c0a7cf147e091c457ce991a85d7c1a5f411d4378998b6,www.gemeinde-merching.de_wpvivid-b8981f085de20_2026-10-10-16-11_backup_content.part004.zip,.jpg,original/referenced,True,False,0
wp-content/gallery/2024-buergerball/DSC07494.JPG,7176192,c270625fdc39194282f3e35a28017af0502c577abdc8b426c4dc465df4716cbd,www.gemeinde-merching.de_wpvivid-b8981f085de20_2026-10-10-16-11_backup_content.part004.zip,.jpg,original/referenced,True,False,0
wp-content/gallery/2024-buergerball/DSC07453.JPG,8749056,41157742556f4d52793d28b17df7a5bbcb5dc00365776e66dea59be674f1a1a7,www.gemeinde-merching.de_wpvivid-b8981f085de20_2026-10-10-16-11_backup_content.part004.zip,.jpg,original/referenced,True,False,0
wp-content/gallery/2024-buergerball/7.JPG,6553600,8aed3bce93eeee0ce57c22b8b3f5f3166e21a79eb0b4d61702e4731b15c4b0d0,www.gemeinde-merching.de_wpvivid-b8981f085de20_2026-10-10-16-11_backup_content.part004.zip,.jpg,original/referenced,True,False,0
wp-content/gallery/2024-buergerball/DSC07364.JPG,5832704,479d8e39153fb51d9f9f13149b2438da46556322c4ab63d1c79daeeb0e204736,www.gemeinde-merching.de_wpvivid-b8981f085de20_2026-10-10-16-11_backup_content.part004.zip,.jpg,original/referenced,True,False,0
wp-content/gallery/2024-buergerball/DSC07365.JPG,2130086,4056329402ed3d5bf371a47f1142ff689c8269d25edc2f3a298d827da821bf84,www.gemeinde-merching.de_wpvivid-b8981f085de20_2026-10-10-16-11_backup_content.part004.zip,.jpg,original/referenced,True,False,0
wp-content/gallery/2024-buergerball/DSC07382.JPG,1879585,42de34892b572ac924955c809540a06ba54242a8fa9c6024b8bd18f3b124dc8b,www.gemeinde-merching.de_wpvivid-b8981f085de20_2026-10-10-16-11_backup_content.part004.zip,.jpg,original/referenced,True,False,0
wp-content/gallery/2024-buergerball/DSC07317.JPG,6258688,fbac9c14fb6a97e365b3fa67defbc422150f100346ace9a9f3fd5db5d8378f00,www.gemeinde-merching.de_wpvivid-b8981f085de20_2026-10-10-16-11_backup_content.part004.zip,.jpg,original/referenced,True,False,0
wp-content/gallery/2024-buergerball/DSC07410.JPG,2975426,9cc3ff0f25c00f1c60e5f6f38f10851768f228d521764b4c7f03012f88f9b6f6,www.gemeinde-merching.de_wpvivid-b8981f085de20_2026-10-10-16-11_backup_content.part004.zip,.jpg,original/referenced,True,False,0
wp-content/gallery/2024-buergerball/DSC07418.JPG,6651904,54b2a43a50dda1c90a7e57c52b89e47172b848f5a5ec976664eec770b547eecf,www.gemeinde-merching.de_wpvivid-b8981f085de20_2026-10-10-16-11_backup_content.part004.zip,.jpg,original/referenced,True,False,0
wp-content/gallery/2024-buergerball/DSC07435.JPG,2262197,ee2ee4e04cf017444c273229f122db48add5b6e75216ce67564b23c0ed27c7ad,www.gemeinde-merching.de_wpvivid-b8981f085de20_2026-10-10-16-11_backup_content.part004.zip,.jpg,original/referenced,True,False,0
wp-content/gallery/2024-buergerball/DSC07338.JPG,6553600,cd35f9ddcf4fbf3f70909ba6255f05f1288d3b6ec506dca2d751146c9ffd5209,www.gemeinde-merching.de_wpvivid-b8981f085de20_2026-10-10-16-11_backup_content.part004.zip,.jpg,original/referenced,True,False,0
wp-content/gallery/2024-buergerball/12.JPG,7176192,c270625fdc39194282f3e35a28017af0502c577abdc8b426c4dc465df4716cbd,www.gemeinde-merching.de_wpvivid-b8981f085de20_2026-10-10-16-11_backup_content.part004.zip,.jpg,original/referenced,True,False,0
wp-content/gallery/2024-buergerball/DSC07321.JPG,6422528,70356ef30a05a8f72f1002eaa58c25aa805c6a683208621085e484c8fb3f5912,www.gemeinde-merching.de_wpvivid-b8981f085de20_2026-10-10-16-11_backup_content.part004.zip,.jpg,original/referenced,True,False,0
wp-content/gallery/2024-buergerball/DSC07362.JPG,2510211,2169cffda88251d8e61d06351d94c06a7f7ec2dbe8e941a052be5fa9698bc5ad,www.gemeinde-merching.de_wpvivid-b8981f085de20_2026-10-10-16-11_backup_content.part004.zip,.jpg,original/referenced,True,False,0
wp-content/gallery/2024-buergerball/2.jpg,5547519,a8f7f56d96290702c8f993b55f71f3649700eeaab461a9f066bcc93ab6b39fd1,www.gemeinde-merching.de_wpvivid-b8981f085de20_2026-10-10-16-11_backup_content.part004.zip,.jpg,original/referenced,True,False,0
wp-content/gallery/2024-buergerball/DSC07319.JPG,6225920,11c2fb85291b6445a7c34c99bf9ced8caac631738bf2c24d79a1791f99789167,www.gemeinde-merching.de_wpvivid-b8981f085de20_2026-10-10-16-11_backup_content.part004.zip,.jpg,original/referenced,True,False,0
wp-content/gallery/2024-buergerball/DSC07451.JPG,4587520,8cd9fc0b49ef1b6244087b2e5e802482efac549d7a469b4a7be10022e63ae7d1,www.gemeinde-merching.de_wpvivid-b8981f085de20_2026-10-10-16-11_backup_content.part004.zip,.jpg,original/referenced,True,False,0
wp-content/gallery/2024-buergerball/DSC07504.JPG,7307264,e7586f6a346a2f6bd6cc0bda3553b95fac9e6e4b84d84b2084f1f531b05029a9,www.gemeinde-merching.de_wpvivid-b8981f085de20_2026-10-10-16-11_backup_content.part004.zip,.jpg,original/referenced,True,False,0
wp-content/gallery/2024-buergerball/DSC07460.JPG,9666560,e81037d35e27e44f2090bd65241307c5dfb9941349997e0402da58430284d0ba,www.gemeinde-merching.de_wpvivid-b8981f085de20_2026-10-10-16-11_backup_content.part004.zip,.jpg,original/referenced,True,False,0
wp-content/gallery/2024-buergerball/DSC07367.JPG,6553600,8aed3bce93eeee0ce57c22b8b3f5f3166e21a79eb0b4d61702e4731b15c4b0d0,www.gemeinde-merching.de_wpvivid-b8981f085de20_2026-10-10-16-11_backup_content.part004.zip,.jpg,original/referenced,True,False,0
wp-content/gallery/2024-buergerball/DSC07309.JPG,5898240,677210d13353e7c3c58a2232ce14cdb2d217bc6c24d2d7ec790220aa92fe628f,www.gemeinde-merching.de_wpvivid-b8981f085de20_2026-10-10-16-11_backup_content.part004.zip,.jpg,original/referenced,True,False,0
wp-content/gallery/2024-buergerball/DSC07409.JPG,4620288,fc3f3c4ae2c4c0dc53e0d45ee862b9b620bdeba05d872348a079ab2653f8f79b,www.gemeinde-merching.de_wpvivid-b8981f085de20_2026-10-10-16-11_backup_content.part004.zip,.jpg,original/referenced,True,False,0
wp-content/uploads/2018/09/Logo-BRB.jpg,2381,9df21aae5993ca48e2c91230f0f33111713a1ff8bd74c8576215025a12f4243e,www.gemeinde-merching.de_wpvivid-b8981f085de20_2026-10-10-16-11_backup_uploads.part001.zip,.jpg,original/referenced,True,False,1
wp-content/uploads/2018/11/Logo-Advent.pdf,280548,add6086f9f5e9d80005b3b13c041395067deb02c451242cb2820abb14911d672,www.gemeinde-merching.de_wpvivid-b8981f085de20_2026-10-10-16-11_backup_uploads.part001.zip,.pdf,original/referenced,True,False,0
wp-content/uploads/2018/11/Logo-Advent-pdf.jpg,83403,bacde1c35a4439e717ebdec7836128d7ab981b2cf38eae9a8760c73526067cf8,www.gemeinde-merching.de_wpvivid-b8981f085de20_2026-10-10-16-11_backup_uploads.part001.zip,.jpg,generated thumbnail,False,False,0
wp-content/uploads/2018/11/Logo-Advent-pdf-212x300.jpg,6716,58ce6cab37b1c9b905c27c55e5b9bc3d48268c0c180e34d66b0ee0033cc8da0a,www.gemeinde-merching.de_wpvivid-b8981f085de20_2026-10-10-16-11_backup_uploads.part001.zip,.jpg,generated thumbnail,False,True,0
wp-content/uploads/2018/11/Logo-Advent-pdf-106x150.jpg,2408,4ee526e8fda813c89bc786c8ec7cd2cbaa81d94188fb08d93fccadf5dbca5e81,www.gemeinde-merching.de_wpvivid-b8981f085de20_2026-10-10-16-11_backup_uploads.part001.zip,.jpg,generated thumbnail,False,True,0
wp-content/uploads/2018/11/Logo-Advent-pdf-724x1024.jpg,44600,364882604e604565424affce73f16f5fa08b8bd6deb3a4798bfc7f6150dfc6e0,www.gemeinde-merching.de_wpvivid-b8981f085de20_2026-10-10-16-11_backup_uploads.part001.zip,.jpg,generated thumbnail,False,True,0
wp-content/uploads/2018/08/Logo-Hochwasser.jpg,4621,b6ec2d7c1e58529a1b25ddea0178512cfc5e4442e7484acc2f73c461c8e1de31,www.gemeinde-merching.de_wpvivid-b8981f085de20_2026-10-10-16-11_backup_uploads.part001.zip,.jpg,original/referenced,True,False,1
wp-content/uploads/publishpress-future/workflows/workflow-screenshot-9186-882x1024.png,96244,2727d6660d66a745ad114d0b5f60ca915b1bd4812560bc163ccb0d5eb90458f2,www.gemeinde-merching.de_wpvivid-b8981f085de20_2026-10-10-16-11_backup_uploads.part001.zip,.png,generated thumbnail,False,True,0
wp-content/uploads/publishpress-future/workflows/workflow-screenshot-9186-150x150.png,5614,3e35a268848ba112641d6a7a75d19fc368c0c70c8735cb2d6cbf2e700d4250d4,www.gemeinde-merching.de_wpvivid-b8981f085de20_2026-10-10-16-11_backup_uploads.part001.zip,.png,generated thumbnail,False,True,0
wp-content/uploads/publishpress-future/workflows/workflow-screenshot-9185-150x150.png,5139,a2a462a679497146b23965db5180b4cd928c4981b2cc50bd1d8bcba8f60763bb,www.gemeinde-merching.de_wpvivid-b8981f085de20_2026-10-10-16-11_backup_uploads.part001.zip,.png,generated thumbnail,False,True,0
wp-content/uploads/publishpress-future/workflows/workflow-screenshot-9186-258x300.png,17686,a5d96be03c2a06e66a616d5f870c97cd40e557f550a3b98d0b9eadc5348e1cb7,www.gemeinde-merching.de_wpvivid-b8981f085de20_2026-10-10-16-11_backup_uploads.part001.zip,.png,generated thumbnail,False,True,0
wp-content/uploads/publishpress-future/workflows/workflow-screenshot-9187-150x150.png,5240,b174ba3ae7136d7c9b4652c22212ed17b45fcbda113b0ce03dc69442affec657,www.gemeinde-merching.de_wpvivid-b8981f085de20_2026-10-10-16-11_backup_uploads.part001.zip,.png,generated thumbnail,False,True,0
wp-content/uploads/publishpress-future/workflows/workflow-screenshot-9185-258x300.png,16343,e769eb742475c6f5bbde9d0888930cf92ca57dc282d2f23f2699eea9ce1bde38,www.gemeinde-merching.de_wpvivid-b8981f085de20_2026-10-10-16-11_backup_uploads.part001.zip,.png,generated thumbnail,False,True,0
wp-content/uploads/publishpress-future/workflows/workflow-screenshot-9184-768x892.png,47512,4b3870cb0edb64c259e7c5018b8fdd22f09d3bdd5a234c6c9a4343e0e1ae8b03,www.gemeinde-merching.de_wpvivid-b8981f085de20_2026-10-10-16-11_backup_uploads.part001.zip,.png,generated thumbnail,False,True,0
wp-content/uploads/publishpress-future/workflows/workflow-screenshot-9186-768x892.png,73760,5789e63abe7db5b0088e9dfcd051440f6b9598235acf25094807f40cf596ce82,www.gemeinde-merching.de_wpvivid-b8981f085de20_2026-10-10-16-11_backup_uploads.part001.zip,.png,generated thumbnail,False,True,0
wp-content/uploads/publishpress-future/workflows/workflow-screenshot-9186.png,78790,b5fd1465775a8625aeacb42de5ef4c5d2380afc5ad8ade02f6cd3c0251aa2eeb,www.gemeinde-merching.de_wpvivid-b8981f085de20_2026-10-10-16-11_backup_uploads.part001.zip,.png,unreferenced candidate (not proven orphan),False,False,0
wp-content/uploads/publishpress-future/workflows/workflow-screenshot-9184-150x150.png,4686,c4b7d19f153e29c291c1615ddce3de08a1a194b95539657a0338825e56fd2650,www.gemeinde-merching.de_wpvivid-b8981f085de20_2026-10-10-16-11_backup_uploads.part001.zip,.png,generated thumbnail,False,True,0
wp-content/uploads/publishpress-future/workflows/workflow-screenshot-9185.png,63013,e9a9d7bb59b64f4bb3a319e05491cf5cf56606d63a96915112c95650aabd148e,www.gemeinde-merching.de_wpvivid-b8981f085de20_2026-10-10-16-11_backup_uploads.part001.zip,.png,unreferenced candidate (not proven orphan),False,False,0
wp-content/uploads/publishpress-future/workflows/workflow-screenshot-9187-258x300.png,16934,ab87a92fb0ca24515bfcb5c6c0d4811d808d740aeaa4ae7dcc0cc2afce9b704f,www.gemeinde-merching.de_wpvivid-b8981f085de20_2026-10-10-16-11_backup_uploads.part001.zip,.png,generated thumbnail,False,True,0
wp-content/uploads/publishpress-future/workflows/workflow-screenshot-9185-768x892.png,76202,1a3c245887217f177d065fa5a313d81e19324cb1b5c10f4138983506e8a69817,www.gemeinde-merching.de_wpvivid-b8981f085de20_2026-10-10-16-11_backup_uploads.part001.zip,.png,generated thumbnail,False,True,0
wp-content/uploads/publishpress-future/workflows/workflow-screenshot-9187.png,64319,fe152d56279249f7750e16b6651c3794fe610de7d0af96bec6f0e754762dbc8a,www.gemeinde-merching.de_wpvivid-b8981f085de20_2026-10-10-16-11_backup_uploads.part001.zip,.png,unreferenced candidate (not proven orphan),False,False,0
wp-content/uploads/publishpress-future/workflows/workflow-screenshot-9187-882x1024.png,87901,089bb1e73145d5745126e15b3e9f4b0c0894b7a3d48f5508f4a2fd377a072a68,www.gemeinde-merching.de_wpvivid-b8981f085de20_2026-10-10-16-11_backup_uploads.part001.zip,.png,generated thumbnail,False,True,0
wp-content/uploads/publishpress-future/workflows/workflow-screenshot-9187-768x892.png,66945,99a1788cc3871665184a40938809a9c6fb71f41a1bd9773b943e5a8ff9f0f827,www.gemeinde-merching.de_wpvivid-b8981f085de20_2026-10-10-16-11_backup_uploads.part001.zip,.png,generated thumbnail,False,True,0
wp-content/uploads/publishpress-future/workflows/workflow-screenshot-9185-882x1024.png,86909,587175bf68401effe6f6262e592e23de941c434da4da8a1fad9066be44c02816,www.gemeinde-merching.de_wpvivid-b8981f085de20_2026-10-10-16-11_backup_uploads.part001.zip,.png,generated thumbnail,False,True,0
wp-content/uploads/publishpress-future/workflows/workflow-screenshot-9184.png,41993,9ad01eb9532615313933e0a6915c64232927e6730533f221e0777dd71595b813,www.gemeinde-merching.de_wpvivid-b8981f085de20_2026-10-10-16-11_backup_uploads.part001.zip,.png,unreferenced candidate (not proven orphan),False,False,0
wp-content/uploads/publishpress-future/workflows/workflow-screenshot-9184-258x300.png,11708,1d7ba2ae8d57442b97977633e626c7d73e4c7658099faec2b0d6a4a0865474c0,www.gemeinde-merching.de_wpvivid-b8981f085de20_2026-10-10-16-11_backup_uploads.part001.zip,.png,generated thumbnail,False,True,0
wp-content/uploads/publishpress-future/workflows/workflow-screenshot-9184-882x956.png,23087,07fb21b5703a8d41c3e08345fc950480d0e6bf2f7f1b46ced8dc4aedf174412a,www.gemeinde-merching.de_wpvivid-b8981f085de20_2026-10-10-16-11_backup_uploads.part001.zip,.png,generated thumbnail,False,True,0
wp-content/uploads/2016/06/Gewerbeeintraege-mit-connections-verwalten-1024x514.jpg,50971,087d3b970cdbf672ac52f61a941687afc2636d9970be87f679e20aca966408ef,www.gemeinde-merching.de_wpvivid-b8981f085de20_2026-10-10-16-11_backup_uploads.part001.zip,.jpg,generated thumbnail,False,True,0
wp-content/uploads/2016/06/Gewerbeeintraege-mit-connections-anlegen-ohne-eigene-homepage-2-300x147.jpg,5252,7d4cea8e1158826f47ec3802ece7a367d78459989439a5460ccbc7e3bb10999d,www.gemeinde-merching.de_wpvivid-b8981f085de20_2026-10-10-16-11_backup_uploads.part001.zip,.jpg,generated thumbnail,False,True,0
wp-content/uploads/2016/06/Gewerbeeintraege-mit-connections-anlegen-mit-homepage-1024x462.jpg,40676,50f8cf0bd673dd1c89f32cb08312a5189ff9a753f9143b6abb3821ca332233db,www.gemeinde-merching.de_wpvivid-b8981f085de20_2026-10-10-16-11_backup_uploads.part001.zip,.jpg,generated thumbnail,False,True,0
wp-content/uploads/2016/06/Gewerbeeintraege-mit-connections-anlegen-mit-homepage.jpg,92812,40d4bb90030114d5e0d3ba77ac43c75702d2e932f036aed40b766ef66ce7a99f,www.gemeinde-merching.de_wpvivid-b8981f085de20_2026-10-10-16-11_backup_uploads.part001.zip,.jpg,original/referenced,True,False,0
wp-content/uploads/2016/06/Gewerbeeintraege-mit-connections-anlegen-mit-homepage-768x347.jpg,26287,963620cf91b3504d54fcf32f372edba20ab5c34a00e8245ec6ee08f1480dce73,www.gemeinde-merching.de_wpvivid-b8981f085de20_2026-10-10-16-11_backup_uploads.part001.zip,.jpg,generated thumbnail,False,True,0
wp-content/uploads/2016/06/Gewerbeeintraege-mit-connections-anlegen-ohne-eigene-homepage-2-150x150.jpg,1785,3e3ad29e7a2a298bcdc4bf7ca4647d8d544986eaf5df7c1e2c1aa4e4252dd3cb,www.gemeinde-merching.de_wpvivid-b8981f085de20_2026-10-10-16-11_backup_uploads.part001.zip,.jpg,generated thumbnail,False,True,0
wp-content/uploads/2016/06/Gewerbeeintraege-mit-connections-anlegen-ohne-eigene-homepage-1-768x374.jpg,33265,577d7c23a3b3cc5a39ba492c600ebe328a9416003e24136d77ff0c29781a88ba,www.gemeinde-merching.de_wpvivid-b8981f085de20_2026-10-10-16-11_backup_uploads.part001.zip,.jpg,generated thumbnail,False,True,0
wp-content/uploads/2016/06/Gewerbeeintraege-mit-connections-anlegen-ohne-eigene-homepage-2-1024x503.jpg,34747,886c1b7557a80826646e4722526528ea50bb59f6bb96db7daff40ad6e100f787,www.gemeinde-merching.de_wpvivid-b8981f085de20_2026-10-10-16-11_backup_uploads.part001.zip,.jpg,generated thumbnail,False,True,0
wp-content/uploads/2016/06/Gewerbeeintraege-mit-connections-anlegen-ohne-eigene-homepage-1-150x150.jpg,2551,c9acb4417ef7fd218a625073fe78b61a3de16d38317abf881b01e8bab78274f5,www.gemeinde-merching.de_wpvivid-b8981f085de20_2026-10-10-16-11_backup_uploads.part001.zip,.jpg,generated thumbnail,False,True,0
wp-content/uploads/2016/06/Gewerbeeintraege-mit-connections-anlegen-ohne-eigene-homepage-1-1024x499.jpg,53762,bb01bdba1af7149b002fc1f54aba0467e615c033b933bf0fbbb3873cd8dbd7fd,www.gemeinde-merching.de_wpvivid-b8981f085de20_2026-10-10-16-11_backup_uploads.part001.zip,.jpg,generated thumbnail,False,True,0
wp-content/uploads/2016/06/Gewerbeeintraege-mit-connections-anlegen-ohne-eigene-homepage-1-300x146.jpg,7094,6881838fdded4f6feb2fd66c2b6bdd8049999ea1a84cad75eba210a42b43e1ad,www.gemeinde-merching.de_wpvivid-b8981f085de20_2026-10-10-16-11_backup_uploads.part001.zip,.jpg,generated thumbnail,False,True,0
wp-content/uploads/2016/06/Gewerbeeintraege-mit-connections-anlegen-ohne-eigene-homepage-2-768x377.jpg,22539,da4516f8a2a36f25f190b7d79db2cb3173f2ee7d9691db934591866b54a33c1a,www.gemeinde-merching.de_wpvivid-b8981f085de20_2026-10-10-16-11_backup_uploads.part001.zip,.jpg,generated thumbnail,False,True,0
wp-content/uploads/2016/06/Gewerbeeintraege-mit-connections-verwalten-300x151.jpg,6281,49202a95f62017905fa91bb6f0d2aee8a59a69c631add09727afa9c57d8d3c01,www.gemeinde-merching.de_wpvivid-b8981f085de20_2026-10-10-16-11_backup_uploads.part001.zip,.jpg,generated thumbnail,False,True,0
wp-content/uploads/2016/06/Gewerbeeintraege-mit-connections-verwalten.jpg,129195,550fd6c2bf1a39ab352ac862395fe91cdbf44aed9271afff1c4f39fe543588eb,www.gemeinde-merching.de_wpvivid-b8981f085de20_2026-10-10-16-11_backup_uploads.part001.zip,.jpg,original/referenced,True,False,0
wp-content/uploads/2016/06/Gewerbeeintraege-mit-connections-anlegen-ohne-eigene-homepage-2.jpg,56104,d37bee8513feff53a20b0e22a1106add0694d19d5e0b17174ea7da6e6ab4253f,www.gemeinde-merching.de_wpvivid-b8981f085de20_2026-10-10-16-11_backup_uploads.part001.zip,.jpg,original/referenced,True,False,0
wp-content/uploads/2016/06/Gewerbeeintraege-mit-connections-anlegen-mit-homepage-300x135.jpg,5723,eff28b3133ed9ddc641f40fd92ea97739a1c1260f5eb4011e4cc783f12c822ac,www.gemeinde-merching.de_wpvivid-b8981f085de20_2026-10-10-16-11_backup_uploads.part001.zip,.jpg,generated thumbnail,False,True,0
wp-content/uploads/2016/06/Gewerbeeintraege-mit-connections-anlegen-ohne-eigene-homepage-1.jpg,134523,980566e2aa04d8463e3fbab14c979983676c529dc35955c67b71ffc59f231396,www.gemeinde-merching.de_wpvivid-b8981f085de20_2026-10-10-16-11_backup_uploads.part001.zip,.jpg,original/referenced,True,False,0
wp-content/uploads/2016/06/gemeinde-merching-AKDB.zip,15653141,140d3108543d7a5c5ca81c4ecb8e8a958233caeca428e60dff5b94195597ce8e,www.gemeinde-merching.de_wpvivid-b8981f085de20_2026-10-10-16-11_backup_uploads.part001.zip,.zip,unreferenced candidate (not proven orphan),False,False,0
wp-content/uploads/2016/06/Gewerbeeintraege-mit-connections-verwalten-150x150.jpg,2433,af5528616f75aef543581d7f009814354dd8328006bb0a6797dced489dbdba3a,www.gemeinde-merching.de_wpvivid-b8981f085de20_2026-10-10-16-11_backup_uploads.part001.zip,.jpg,generated thumbnail,False,True,0
wp-content/uploads/2016/06/Gewerbeeintraege-mit-connections-anlegen-mit-homepage-150x150.jpg,1774,050a53f9131c495579017a647af563d0c0a58de52b605dcce698a4d1e4c0b264,www.gemeinde-merching.de_wpvivid-b8981f085de20_2026-10-10-16-11_backup_uploads.part001.zip,.jpg,generated thumbnail,False,True,0
wp-content/uploads/2016/06/Gewerbeeintraege-mit-connections-verwalten-768x386.jpg,32369,b4a0eadd686e3e6e4ffa5e3c8331ef5c0092b6d1eae8b134105fcaf940f8cedd,www.gemeinde-merching.de_wpvivid-b8981f085de20_2026-10-10-16-11_backup_uploads.part001.zip,.jpg,generated thumbnail,False,True,0
wp-content/uploads/2016/08/BSP_Logo_180-150x150.jpg,32317,d0a82e3884451f829e997ba0899a5e72dd39d8ccd93699051242a05690f7f709,www.gemeinde-merching.de_wpvivid-b8981f085de20_2026-10-10-16-11_backup_uploads.part001.zip,.jpg,generated thumbnail,False,True,0
wp-content/uploads/2016/08/BSP_Logo_180.jpg,65119,7dd207f509bd20b1c539275544ddf4df6205eaf1e7e79e60d0bbc660316e5a13,www.gemeinde-merching.de_wpvivid-b8981f085de20_2026-10-10-16-11_backup_uploads.part001.zip,.jpg,original/referenced,True,False,2
wp-content/uploads/link-library-favicons/5607.png,641,71d3ea50e1788ceebe080cc26e9ed0f5c1e4508c3c342e7f4a90537e76d0b303,www.gemeinde-merching.de_wpvivid-b8981f085de20_2026-10-10-16-11_backup_uploads.part001.zip,.png,unreferenced candidate (not proven orphan),False,False,0
wp-content/uploads/2012/09/filebase.jpg,223427,fd7c8859daf206fd5e6eac003f3b7c610f75238936bf3d1648089ae8962c0cd6,www.gemeinde-merching.de_wpvivid-b8981f085de20_2026-10-10-16-11_backup_uploads.part001.zip,.jpg,original/referenced,True,False,0
wp-content/uploads/2012/09/filebase-1024x349.jpg,53686,bff1fba15b6bf46df7d0123e038448fa92184d195436fcba6495c5e9d0e1dcaa,www.gemeinde-merching.de_wpvivid-b8981f085de20_2026-10-10-16-11_backup_uploads.part001.zip,.jpg,generated thumbnail,False,True,0
wp-content/uploads/2012/09/wp-33-autoren-redakteure.pdf,995189,ca2046025a69115689e720a6a952f929cafc33bf7d5083d2e3a7a16f79e6f25a,www.gemeinde-merching.de_wpvivid-b8981f085de20_2026-10-10-16-11_backup_uploads.part001.zip,.pdf,original/referenced,True,False,0
wp-content/uploads/2012/09/filebase-300x102.jpg,7446,d2608677034ae667016e820972882c557f810a6402d420fb6401b908a530167d,www.gemeinde-merching.de_wpvivid-b8981f085de20_2026-10-10-16-11_backup_uploads.part001.zip,.jpg,generated thumbnail,False,True,0
wp-content/uploads/2012/09/filebase-150x150.jpg,5460,ca97a306ccd6c37cb23d1dd907a19b4d41950cf2bb1c9fb59c9e4a9d26d80006,www.gemeinde-merching.de_wpvivid-b8981f085de20_2026-10-10-16-11_backup_uploads.part001.zip,.jpg,generated thumbnail,False,True,0
wp-content/uploads/2012/11/Merchinger-Advent-2011-005-150x150.jpg,11746,de8e924db0b1fd45cccdcfff4c251cec4f2b57c8e97f42c5848d2db11b6dddd1,www.gemeinde-merching.de_wpvivid-b8981f085de20_2026-10-10-16-11_backup_uploads.part001.zip,.jpg,generated thumbnail,False,True,0
wp-content/uploads/2012/11/Merchinger-Advent-2011-005-225x300.jpg,31089,115edfd9900aa1d2ed46a3facf17d6cc5e89320dd5701ec6ecf6322376956127,www.gemeinde-merching.de_wpvivid-b8981f085de20_2026-10-10-16-11_backup_uploads.part001.zip,.jpg,generated thumbnail,False,True,0
wp-content/uploads/2012/11/Merchinger-Advent-2011-005-768x1024.jpg,279120,5eb43504778cff269e554be1b2d650e989871966a0772f58a4dcdb7fe490e310,www.gemeinde-merching.de_wpvivid-b8981f085de20_2026-10-10-16-11_backup_uploads.part001.zip,.jpg,generated thumbnail,False,True,0
wp-content/uploads/2012/11/Merchinger-Advent-2011-005.jpg,1618702,9774f6a29f86c4d469fa3527dd0fe798ff0e6ca6bfa975fda51dc0e7fd594ec1,www.gemeinde-merching.de_wpvivid-b8981f085de20_2026-10-10-16-11_backup_uploads.part001.zip,.jpg,original/referenced,True,False,0
wp-content/uploads/2012/06/freizeit-am-mandichosee-2.jpg,67809,c323ce63b5955eb00e30ddd8df37e149d42a901e447dd1522508dbd105e144bb,www.gemeinde-merching.de_wpvivid-b8981f085de20_2026-10-10-16-11_backup_uploads.part001.zip,.jpg,original/referenced,True,False,0
wp-content/uploads/2012/06/freizeit-am-mandichosee-2-99x300.jpg,7052,78b8a20ffa60df11e92021d675b30fc999d9106fa77ee769177ca25c569daec7,www.gemeinde-merching.de_wpvivid-b8981f085de20_2026-10-10-16-11_backup_uploads.part001.zip,.jpg,generated thumbnail,False,True,0
wp-content/uploads/2012/06/Rathaus_front.jpg,30368,9b3ef8f2e22a543f71e2604483a8e7053c5b4e38910716bd2fe024567e2a1392,www.gemeinde-merching.de_wpvivid-b8981f085de20_2026-10-10-16-11_backup_uploads.part001.zip,.jpg,original/referenced,True,False,0
wp-content/uploads/2012/06/maibaum-123x300.jpg,13685,0b39b188790c7c9ea6e35f97b692e385bbda1d26d956e1a15ac2bbb31308219e,www.gemeinde-merching.de_wpvivid-b8981f085de20_2026-10-10-16-11_backup_uploads.part001.zip,.jpg,generated thumbnail,False,True,0
wp-content/uploads/2012/06/felder-am-ortsrand.jpg,228601,692afa32b3e4bd4ca9f657ef75ac5f916ca1c59d51e27cf0672f663fe1a230a0,www.gemeinde-merching.de_wpvivid-b8981f085de20_2026-10-10-16-11_backup_uploads.part001.zip,.jpg,original/referenced,True,False,1
wp-content/uploads/2012/06/freizeit-am-mandichosee-300x162.jpg,16154,6556ba5e2697684ccfd8add1a1fd668962de493df58f5bdb6887038f381dcd99,www.gemeinde-merching.de_wpvivid-b8981f085de20_2026-10-10-16-11_backup_uploads.part001.zip,.jpg,generated thumbnail,False,True,0
wp-content/uploads/2012/06/lage-150x150.jpg,7950,935ca04214216b0a07173d39bb33bb0494484e1f21045186a64d342bfe430c56,www.gemeinde-merching.de_wpvivid-b8981f085de20_2026-10-10-16-11_backup_uploads.part001.zip,.jpg,generated thumbnail,False,True,0
wp-content/uploads/2012/06/rathaus-merching4.jpg,218530,8844353923d99c0e668a90d9e1b78db0928da5d495515611a7530384b129f91b,www.gemeinde-merching.de_wpvivid-b8981f085de20_2026-10-10-16-11_backup_uploads.part001.zip,.jpg,original/referenced,True,False,0
wp-content/uploads/2012/06/kirche_merching-300x219.jpg,16247,91d1cf4990614bdaff5d94cd210970157a6ed95b6d9b16da9142966642b7f391,www.gemeinde-merching.de_wpvivid-b8981f085de20_2026-10-10-16-11_backup_uploads.part001.zip,.jpg,generated thumbnail,False,True,0
wp-content/uploads/2012/06/maibaum-150x150.jpg,7769,993ec06cdd9f7fbca46c4a86b016970ac0763bef5f6f6fc9af4126601a8b2384,www.gemeinde-merching.de_wpvivid-b8981f085de20_2026-10-10-16-11_backup_uploads.part001.zip,.jpg,generated thumbnail,False,True,0
wp-content/uploads/2012/06/freizeit-am-mandichosee.jpg,73553,ba102a459d9b7100a1ca955282e1ff4577393c87b6e2d8d3a25e9b0cdc7f6e14,www.gemeinde-merching.de_wpvivid-b8981f085de20_2026-10-10-16-11_backup_uploads.part001.zip,.jpg,original/referenced,True,False,0
wp-content/uploads/2012/06/maibaum.jpg,32550,d5aa2333eb7c2630beb81b6ef0a657201736c56311b42fd8291ddd4acc29bc60,www.gemeinde-merching.de_wpvivid-b8981f085de20_2026-10-10-16-11_backup_uploads.part001.zip,.jpg,original/referenced,True,False,1
wp-content/uploads/2012/06/felder-am-ortsrand-150x150.jpg,13927,e81427f11928ae90f65654545db9ac229158bd08a3e9e08e41e505dc6bf28377,www.gemeinde-merching.de_wpvivid-b8981f085de20_2026-10-10-16-11_backup_uploads.part001.zip,.jpg,generated thumbnail,False,True,0
wp-content/uploads/2012/06/freizeit-am-mandichosee-2-150x150.jpg,8844,615f52042f03d0267d89a174ab6e21dd699f66f8c672494161defae2cb06959d,www.gemeinde-merching.de_wpvivid-b8981f085de20_2026-10-10-16-11_backup_uploads.part001.zip,.jpg,generated thumbnail,False,True,0
wp-content/uploads/2012/06/lage.jpg,7888,57850e1c66449a33136cf0b1a2ee564ee42c2b182427e00041da5c36d2096a9a,www.gemeinde-merching.de_wpvivid-b8981f085de20_2026-10-10-16-11_backup_uploads.part001.zip,.jpg,original/referenced,True,False,1
wp-content/uploads/2012/06/kirche_merching-150x150.jpg,6448,43e59e1a4f11479bde3b5e6433f15f1130d787568d9ffc7fa7ee2b78c8b789d4,www.gemeinde-merching.de_wpvivid-b8981f085de20_2026-10-10-16-11_backup_uploads.part001.zip,.jpg,generated thumbnail,False,True,0
wp-content/uploads/2012/06/Wappen-Merching_k.gif,6800,93eee077e9ccbe406b561b11ebb2d96ecff371a997b7b1e1a39c90e07eb40acb,www.gemeinde-merching.de_wpvivid-b8981f085de20_2026-10-10-16-11_backup_uploads.part001.zip,.gif,original/referenced,True,False,2
wp-content/uploads/2012/06/rathaus-merching2.jpg,72649,3537e11a1db4ae4200b32297950d55a9dac6a8e2606b6a2a420c364152228ad5,www.gemeinde-merching.de_wpvivid-b8981f085de20_2026-10-10-16-11_backup_uploads.part001.zip,.jpg,original/referenced,True,False,1
wp-content/uploads/2012/06/rathaus.jpg,47086,7db358beb90b4505e0744d496821034e681998dab2fdebc4caca9e1c3c23f723,www.gemeinde-merching.de_wpvivid-b8981f085de20_2026-10-10-16-11_backup_uploads.part001.zip,.jpg,original/referenced,True,False,0
wp-content/uploads/2012/06/Rathaus_front-150x150.jpg,7270,938a242c1988e09f7c0af3886d04411ed1ee68ee1ddcec49cb1d02aaeca98ca0,www.gemeinde-merching.de_wpvivid-b8981f085de20_2026-10-10-16-11_backup_uploads.part001.zip,.jpg,generated thumbnail,False,True,0
wp-content/uploads/2012/06/felder-am-ortsrand-300x200.jpg,33669,b34e08ec4b74f6cc11b886187139822604dd1023ae126dbff6b4c2074fb42298,www.gemeinde-merching.de_wpvivid-b8981f085de20_2026-10-10-16-11_backup_uploads.part001.zip,.jpg,original/referenced,False,True,1
wp-content/uploads/2012/06/rathaus-300x218.jpg,26694,5ac086376f4ba950a852f7ac0a39d7aeea770611bc009fa91aeede890ea8bf44,www.gemeinde-merching.de_wpvivid-b8981f085de20_2026-10-10-16-11_backup_uploads.part001.zip,.jpg,generated thumbnail,False,True,0
wp-content/uploads/2012/06/freizeit-am-mandichosee-150x150.jpg,7684,abd5f20ac59d22e1d545f553bbea1304e05507c0867683cf38abf468555b64a4,www.gemeinde-merching.de_wpvivid-b8981f085de20_2026-10-10-16-11_backup_uploads.part001.zip,.jpg,generated thumbnail,False,True,0
wp-content/uploads/2012/06/rathaus-merching2-150x150.jpg,8528,0eacf31727befd44c1d7f2ea8fec29d6c91101d8af9f0a118e4d103c4ba2f23b,www.gemeinde-merching.de_wpvivid-b8981f085de20_2026-10-10-16-11_backup_uploads.part001.zip,.jpg,generated thumbnail,False,True,0
wp-content/uploads/2012/06/rathaus-150x150.jpg,10675,34a1cf81f05c254f58acfca76501ab1a2de9aa90bb0a57488395d360e54e42e4,www.gemeinde-merching.de_wpvivid-b8981f085de20_2026-10-10-16-11_backup_uploads.part001.zip,.jpg,generated thumbnail,False,True,0
wp-content/uploads/2012/06/Rathaus_front-300x68.jpg,8130,7a5b95ee318060a334c37c212a2e0d49f0d9bc8a42225d7da98293133a85d417,www.gemeinde-merching.de_wpvivid-b8981f085de20_2026-10-10-16-11_backup_uploads.part001.zip,.jpg,generated thumbnail,False,True,0
wp-content/uploads/2012/06/rathaus-merching4-150x150.jpg,9700,f3e24a18f239dfddb7c6a3f8cc842be0f5c283ff82c567a3b42659059e24751a,www.gemeinde-merching.de_wpvivid-b8981f085de20_2026-10-10-16-11_backup_uploads.part001.zip,.jpg,generated thumbnail,False,True,0
wp-content/uploads/2012/06/rathaus-merching2-166x300.jpg,15097,a70bcc66df9cf65bcf6e5948738bcc26a0efc982b5877d47b6b4d372141027cf,www.gemeinde-merching.de_wpvivid-b8981f085de20_2026-10-10-16-11_backup_uploads.part001.zip,.jpg,generated thumbnail,False,True,0
wp-content/uploads/2012/06/kirche_merching.jpg,153029,c0c1236721dd822568b81f1a38ab5be46357d537bf98b5c70e62bebdd823f300,www.gemeinde-merching.de_wpvivid-b8981f085de20_2026-10-10-16-11_backup_uploads.part001.zip,.jpg,original/referenced,True,False,0
wp-content/uploads/2012/06/rathaus-merching4-300x200.jpg,28122,b2c91efdab2905c2b947d37b3f4f70c195dc9a5e9f5941f3892996d00e3fe46f,www.gemeinde-merching.de_wpvivid-b8981f085de20_2026-10-10-16-11_backup_uploads.part001.zip,.jpg,generated thumbnail,False,True,0
wp-content/uploads/2012/07/logo_sska-150x127.jpg,6120,ab4b520a16a60de73bd484226abca9281ef49d083efdb1b385cc0686bee7d343,www.gemeinde-merching.de_wpvivid-b8981f085de20_2026-10-10-16-11_backup_uploads.part001.zip,.jpg,generated thumbnail,False,True,0
wp-content/uploads/2012/07/gemeindekurier-150x114.jpg,7068,6aff26e6375146e64e3e58ba61af7178f1a81dc017dc14d747ac7b8e5df2f83a,www.gemeinde-merching.de_wpvivid-b8981f085de20_2026-10-10-16-11_backup_uploads.part001.zip,.jpg,generated thumbnail,False,True,0
wp-content/uploads/2012/07/logo_raiba-150x74.jpg,6350,76e477a34f5b90729c0fc5e9a14d7f11f207d36d239facf98bf4b9afa10c7edd,www.gemeinde-merching.de_wpvivid-b8981f085de20_2026-10-10-16-11_backup_uploads.part001.zip,.jpg,generated thumbnail,False,True,0
wp-content/uploads/2012/07/schule-merching-300x200.jpg,21746,77f510a82d26240a2e5cce425f4c27bc1f94b49ff91e087f27d9b29926815221,www.gemeinde-merching.de_wpvivid-b8981f085de20_2026-10-10-16-11_backup_uploads.part001.zip,.jpg,original/referenced,False,True,1
wp-content/uploads/2012/07/simulation-150x150.jpg,10059,332c656d76aedd9cc7df8cf14dc6d3bdf1ae6ae8da85a7c68ba3ab2d2d24deeb,www.gemeinde-merching.de_wpvivid-b8981f085de20_2026-10-10-16-11_backup_uploads.part001.zip,.jpg,generated thumbnail,False,True,0
wp-content/uploads/2012/07/bayernviewer-300x229.jpg,30942,da4bb86b64b4be254865a751f036fb6ab1581aa1791fefe56a6358aff7e7cb78,www.gemeinde-merching.de_wpvivid-b8981f085de20_2026-10-10-16-11_backup_uploads.part001.zip,.jpg,generated thumbnail,False,True,0
wp-content/uploads/2012/07/logo_sska.jpg,7819,84f17ea6b220d201aaacd8de2aa5d7bb196cac1bb8b853b9302b5de1d4aa4ad7,www.gemeinde-merching.de_wpvivid-b8981f085de20_2026-10-10-16-11_backup_uploads.part001.zip,.jpg,original/referenced,True,False,0
wp-content/uploads/2012/07/schule-merching-150x150.jpg,8339,ecdafe4bb918b7c5e929c0b0f6e1b9658cec1b5fd45b82d39b636689db0624ca,www.gemeinde-merching.de_wpvivid-b8981f085de20_2026-10-10-16-11_backup_uploads.part001.zip,.jpg,generated thumbnail,False,True,0
wp-content/uploads/2012/07/bayernviewer-150x150.jpg,12693,d122e12e83d75c2fe23fe1bb763b3d1b61322da195b8628bb705849ace505e66,www.gemeinde-merching.de_wpvivid-b8981f085de20_2026-10-10-16-11_backup_uploads.part001.zip,.jpg,generated thumbnail,False,True,0
wp-content/uploads/2012/07/feuerwehrauto-merching-300x200.jpg,18695,32764e7c32067d2884961c0d2cb5c961375a8b3757064ecaa65c1af2f19009ed,www.gemeinde-merching.de_wpvivid-b8981f085de20_2026-10-10-16-11_backup_uploads.part001.zip,.jpg,original/referenced,False,True,1
wp-content/uploads/2012/07/logo_blau_frei.gif,3641,5ff94170a6bcd9bb5be3bb9c1489885a30bbbc4e50d8220566aff1820a7746d9,www.gemeinde-merching.de_wpvivid-b8981f085de20_2026-10-10-16-11_backup_uploads.part001.zip,.gif,original/referenced,True,False,0
wp-content/uploads/2012/07/satzungen-300x72.jpg,7461,d48ace56b3a8f9a25b6e833888a95f80befd6457bef8fdb677260467b3612caf,www.gemeinde-merching.de_wpvivid-b8981f085de20_2026-10-10-16-11_backup_uploads.part001.zip,.jpg,generated thumbnail,False,True,0
wp-content/uploads/2012/07/BayernAtlas-150x150.jpg,10664,6ec41b019e8cfc583912403a18853670139af5e664f33e974e149d34290d5941,www.gemeinde-merching.de_wpvivid-b8981f085de20_2026-10-10-16-11_backup_uploads.part001.zip,.jpg,generated thumbnail,False,True,0
wp-content/uploads/2012/07/feuerwehrhaus-merching.jpg,85701,81b862f1fc5d8f0d4ae49e9f7a0bde3bca18e75e7d42a29ea0e3101a5a4bce85,www.gemeinde-merching.de_wpvivid-b8981f085de20_2026-10-10-16-11_backup_uploads.part001.zip,.jpg,original/referenced,True,False,0
wp-content/uploads/2012/07/Kopfbild-Startseite-300x120.jpg,9091,1b5c8a7531206275d8eccd078e11252cc87fbdc3f0ddb567d67b27ac5527ccbb,www.gemeinde-merching.de_wpvivid-b8981f085de20_2026-10-10-16-11_backup_uploads.part001.zip,.jpg,generated thumbnail,False,True,2
wp-content/uploads/2012/07/logo_raiba.jpg,9197,dba2f5faf053d9e496425f64c196bfdec5f48402ea6fe4cb787a962153293cd3,www.gemeinde-merching.de_wpvivid-b8981f085de20_2026-10-10-16-11_backup_uploads.part001.zip,.jpg,original/referenced,True,False,0
wp-content/uploads/2012/07/BayernAtlas-1024x552.jpg,153509,0455713056cdc25c872499b3421752baf0b661f1d6ee1b1557a407c5f5334da2,www.gemeinde-merching.de_wpvivid-b8981f085de20_2026-10-10-16-11_backup_uploads.part001.zip,.jpg,original/referenced,False,True,1
wp-content/uploads/2012/07/Kopfbild-Startseite.jpg,52635,52b9e86ddaaec8360b8e95260146a8bfac259de2a3ae629a8a2a449e3b8b1329,www.gemeinde-merching.de_wpvivid-b8981f085de20_2026-10-10-16-11_backup_uploads.part001.zip,.jpg,original/referenced,True,False,2
wp-content/uploads/2012/07/feuerwehrauto-merching-150x150.jpg,7823,1fb821e7a2284f112c6ea6e2e9ea7379c37208322ef1073fa8db6cb2435ce126,www.gemeinde-merching.de_wpvivid-b8981f085de20_2026-10-10-16-11_backup_uploads.part001.zip,.jpg,generated thumbnail,False,True,0
wp-content/uploads/2012/07/BayernAtlas-300x161.jpg,19725,6cab59972717b86121fd25421cc1cac653d0d7d7f1ab83f9b21e01cbaba5a4a8,www.gemeinde-merching.de_wpvivid-b8981f085de20_2026-10-10-16-11_backup_uploads.part001.zip,.jpg,generated thumbnail,False,True,1
wp-content/uploads/2012/07/BayernAtlas.jpg,919182,dedbae87ccaacff1ac003d2db52a261d88c4267b7556731ad02aa94deb32242b,www.gemeinde-merching.de_wpvivid-b8981f085de20_2026-10-10-16-11_backup_uploads.part001.zip,.jpg,original/referenced,True,False,1
wp-content/uploads/2012/07/ortsrecht.jpg,12473,ee9dc0d348d7ff1de29bfe497c85c592e915889a4990b6b46f201e638dc161a7,www.gemeinde-merching.de_wpvivid-b8981f085de20_2026-10-10-16-11_backup_uploads.part001.zip,.jpg,original/referenced,True,False,1
wp-content/uploads/2012/07/mandicho-stausee_2-300x200.jpg,30194,4346bf28fd12e8cef8a9c297b4be12aeaf26a7ad01e42d00a6e21a5679e171e7,www.gemeinde-merching.de_wpvivid-b8981f085de20_2026-10-10-16-11_backup_uploads.part001.zip,.jpg,original/referenced,False,True,1
wp-content/uploads/2012/07/logo_blau_frei-150x63.gif,1577,eaeb4425a913b6e8a4dbc5ab95118b5a5a597eebfc84d35b6c31ad60192fa16b,www.gemeinde-merching.de_wpvivid-b8981f085de20_2026-10-10-16-11_backup_uploads.part001.zip,.gif,generated thumbnail,False,True,0
wp-content/uploads/2012/07/logo_blau_frei-300x42.gif,3760,888e501b325673bd61eabdcc2bb6f082109311301135fec20876aafa13f8cc90,www.gemeinde-merching.de_wpvivid-b8981f085de20_2026-10-10-16-11_backup_uploads.part001.zip,.gif,generated thumbnail,False,True,0
wp-content/uploads/2012/07/gemeindekurier-300x68.jpg,8835,a57239c1f25865f2b38a0d82dc05318c4b3b786edfa767881a6e2a2dd17ecde3,www.gemeinde-merching.de_wpvivid-b8981f085de20_2026-10-10-16-11_backup_uploads.part001.zip,.jpg,generated thumbnail,False,True,1
wp-content/uploads/2012/07/schule-merching.jpg,163440,4e8996bcfceea4e8bdee707edaa80ade37a3b4051bbdcc6258a97a6f0dcddd74,www.gemeinde-merching.de_wpvivid-b8981f085de20_2026-10-10-16-11_backup_uploads.part001.zip,.jpg,original/referenced,True,False,1
wp-content/uploads/2012/07/ortsrecht-300x68.jpg,7345,2349761c594108467c2016551f6f95d90f82ec363e0a302dd4d68f0d13240e67,www.gemeinde-merching.de_wpvivid-b8981f085de20_2026-10-10-16-11_backup_uploads.part001.zip,.jpg,generated thumbnail,False,True,1
wp-content/uploads/2012/07/feuerwehrhaus-merching-150x150.jpg,8413,2bafefa024eb82567bfc530bf9e7fb3bfa37e1a2c5f5c2296a93404e8ede7d72,www.gemeinde-merching.de_wpvivid-b8981f085de20_2026-10-10-16-11_backup_uploads.part001.zip,.jpg,generated thumbnail,False,True,0
wp-content/uploads/2012/07/satzungen-150x121.jpg,4877,a4182f65161b6a344fd6fe16033a0f92d54579fb8e152d317e8b1fd5b82cb858,www.gemeinde-merching.de_wpvivid-b8981f085de20_2026-10-10-16-11_backup_uploads.part001.zip,.jpg,generated thumbnail,False,True,0
wp-content/uploads/2012/07/gemeindekurier.jpg,14899,bf3983a16fa2c5bdd1eb2da0315bab88c7fe6b58aa788bff809122268898635f,www.gemeinde-merching.de_wpvivid-b8981f085de20_2026-10-10-16-11_backup_uploads.part001.zip,.jpg,original/referenced,True,False,1
wp-content/uploads/2012/07/mandicho-stausee_2.jpg,209026,52f2ad70fb00b001ddd3489302d866ac6beb4178f5133fabaa2fbe4aee65cdd5,www.gemeinde-merching.de_wpvivid-b8981f085de20_2026-10-10-16-11_backup_uploads.part001.zip,.jpg,original/referenced,True,False,1
wp-content/uploads/2012/07/ortsrecht-150x114.jpg,4453,6a34636139d764c618e0a8031a7c90dc022fe770a12c9170e923438e0e94745f,www.gemeinde-merching.de_wpvivid-b8981f085de20_2026-10-10-16-11_backup_uploads.part001.zip,.jpg,generated thumbnail,False,True,0
wp-content/uploads/2012/07/mandicho-stausee_2-150x150.jpg,11831,c5378ce6d63e3b1ebbda51df33b8c2a966a6b04f7299aee680ea7c8dd82e19e4,www.gemeinde-merching.de_wpvivid-b8981f085de20_2026-10-10-16-11_backup_uploads.part001.zip,.jpg,generated thumbnail,False,True,0
wp-content/uploads/2012/07/simulation.jpg,29537,7fce8d33db1da7835737b62ecb4eed8f521b360d64bcccfbdea14e3acae960ac,www.gemeinde-merching.de_wpvivid-b8981f085de20_2026-10-10-16-11_backup_uploads.part001.zip,.jpg,original/referenced,True,False,0
wp-content/uploads/2012/07/satzungen.jpg,12667,e9375e77d649d2758b6a8670c32a5accd38c89b44250ef3e2d368c9056966e1b,www.gemeinde-merching.de_wpvivid-b8981f085de20_2026-10-10-16-11_backup_uploads.part001.zip,.jpg,original/referenced,True,False,0
wp-content/uploads/2012/07/feuerwehrauto-merching.jpg,49637,1e222f45e423ebd187e877cb7ca62bf1b320efe9cff1485fa433a02ac1c70270,www.gemeinde-merching.de_wpvivid-b8981f085de20_2026-10-10-16-11_backup_uploads.part001.zip,.jpg,original/referenced,True,False,1
wp-content/uploads/2012/07/Kopfbild-Startseite-150x150.jpg,7064,cdb45a7150fcfe10fec2ec43acd6dfe39b23d831ff6388418aa3da43b690cee9,www.gemeinde-merching.de_wpvivid-b8981f085de20_2026-10-10-16-11_backup_uploads.part001.zip,.jpg,generated thumbnail,False,True,0
wp-content/uploads/2012/07/simulation-300x194.jpg,16057,b50e72abb63d2811dbca58658483a9f4d313222b24ea88476ec3a7a8b2926080,www.gemeinde-merching.de_wpvivid-b8981f085de20_2026-10-10-16-11_backup_uploads.part001.zip,.jpg,generated thumbnail,False,True,0
wp-content/uploads/2012/07/feuerwehrhaus-merching-300x225.jpg,21793,cf0d75f5f77e3fe21f8128b0e15a1bf7d46241ced86b63d205b3c056258e24fa,www.gemeinde-merching.de_wpvivid-b8981f085de20_2026-10-10-16-11_backup_uploads.part001.zip,.jpg,generated thumbnail,False,True,0
wp-content/uploads/2012/07/bayernviewer.jpg,128196,fe923030e254e8f0a44af2f6cc6cd67182d3894e7d11ae1530349984305198d1,www.gemeinde-merching.de_wpvivid-b8981f085de20_2026-10-10-16-11_backup_uploads.part001.zip,.jpg,original/referenced,True,False,0
wp-content/uploads/2012/08/tabellen1-150x150.jpg,4114,e61f2a6009d8f03e3816137162df52df21d05a896a566868455ec472dcb63c28,www.gemeinde-merching.de_wpvivid-b8981f085de20_2026-10-10-16-11_backup_uploads.part001.zip,.jpg,generated thumbnail,False,True,0
wp-content/uploads/2012/08/slideshow.jpg,4559,365755f028d496118d828ebfe7ae2e43d50590eb920a8852fe1dc7b78ef0736a,www.gemeinde-merching.de_wpvivid-b8981f085de20_2026-10-10-16-11_backup_uploads.part001.zip,.jpg,original/referenced,True,False,0
wp-content/uploads/2012/08/tabellen1-300x75.jpg,5029,709b4f50f6fab735edd4de30cbe83d441a332d17b17c4fd41e3e34e548e665fc,www.gemeinde-merching.de_wpvivid-b8981f085de20_2026-10-10-16-11_backup_uploads.part001.zip,.jpg,generated thumbnail,False,True,0
wp-content/uploads/2012/08/artikel-kategorien-300x183.jpg,10370,54b49b196b8ed2562dc35d19b93517c88117af6bb4c71bb40160827f7a3568c7,www.gemeinde-merching.de_wpvivid-b8981f085de20_2026-10-10-16-11_backup_uploads.part001.zip,.jpg,generated thumbnail,False,True,0
wp-content/uploads/2012/08/link-kateorien.jpg,287566,c4d667c079151ba43e6ac20400757624749f4832cc8ea797371279c5391c3b39,www.gemeinde-merching.de_wpvivid-b8981f085de20_2026-10-10-16-11_backup_uploads.part001.zip,.jpg,original/referenced,True,False,0
wp-content/uploads/2012/08/tabellen1.jpg,100536,a59e0d5597faca6e03b06723459529fcc5abe92ec70c4200bbdd2bc48f01dfd1,www.gemeinde-merching.de_wpvivid-b8981f085de20_2026-10-10-16-11_backup_uploads.part001.zip,.jpg,original/referenced,True,False,0
wp-content/uploads/2012/08/link-kateorien-300x204.jpg,15887,6d52a41bdd5674a743420f4645631dbac9acf0190078370ce181e25ed381e34b,www.gemeinde-merching.de_wpvivid-b8981f085de20_2026-10-10-16-11_backup_uploads.part001.zip,.jpg,generated thumbnail,False,True,0
wp-content/uploads/2012/08/tabellen-300x75.jpg,5029,709b4f50f6fab735edd4de30cbe83d441a332d17b17c4fd41e3e34e548e665fc,www.gemeinde-merching.de_wpvivid-b8981f085de20_2026-10-10-16-11_backup_uploads.part001.zip,.jpg,generated thumbnail,False,True,0
wp-content/uploads/2012/08/tabellen.jpg,100536,a59e0d5597faca6e03b06723459529fcc5abe92ec70c4200bbdd2bc48f01dfd1,www.gemeinde-merching.de_wpvivid-b8981f085de20_2026-10-10-16-11_backup_uploads.part001.zip,.jpg,original/referenced,True,False,0
wp-content/uploads/2012/08/artikel-kategorien-150x150.jpg,5099,4321593ba272e88594ae775ba22331ee3c57dc306b6ff8e6a8b1df6c1aa9f6a0,www.gemeinde-merching.de_wpvivid-b8981f085de20_2026-10-10-16-11_backup_uploads.part001.zip,.jpg,generated thumbnail,False,True,0
wp-content/uploads/2012/08/tabellen1-1024x256.jpg,32708,13918f8c5fb49493f51cf837108a5a41a016f6fc6b8a852d85a779383ad3afdd,www.gemeinde-merching.de_wpvivid-b8981f085de20_2026-10-10-16-11_backup_uploads.part001.zip,.jpg,generated thumbnail,False,True,0
wp-content/uploads/2012/08/link-kateorien1-150x150.jpg,5913,ba0fd8815a999c3e5dc9a3630027fa2240f385698709f8fc8eb8eb5a8f0859ea,www.gemeinde-merching.de_wpvivid-b8981f085de20_2026-10-10-16-11_backup_uploads.part001.zip,.jpg,generated thumbnail,False,True,0
wp-content/uploads/2012/08/artikel-kategorien.jpg,141062,c856df1a8b94073d48ee731c8107f11aefd7810b64f700c57803537028563ee2,www.gemeinde-merching.de_wpvivid-b8981f085de20_2026-10-10-16-11_backup_uploads.part001.zip,.jpg,original/referenced,True,False,0
wp-content/uploads/2012/08/link-kateorien-150x150.jpg,5913,ba0fd8815a999c3e5dc9a3630027fa2240f385698709f8fc8eb8eb5a8f0859ea,www.gemeinde-merching.de_wpvivid-b8981f085de20_2026-10-10-16-11_backup_uploads.part001.zip,.jpg,generated thumbnail,False,True,0
wp-content/uploads/2012/08/tabellen-150x150.jpg,4114,e61f2a6009d8f03e3816137162df52df21d05a896a566868455ec472dcb63c28,www.gemeinde-merching.de_wpvivid-b8981f085de20_2026-10-10-16-11_backup_uploads.part001.zip,.jpg,generated thumbnail,False,True,0
wp-content/uploads/2012/08/link-kateorien1.jpg,287566,c4d667c079151ba43e6ac20400757624749f4832cc8ea797371279c5391c3b39,www.gemeinde-merching.de_wpvivid-b8981f085de20_2026-10-10-16-11_backup_uploads.part001.zip,.jpg,original/referenced,True,False,0
wp-content/uploads/2012/08/tabellen-1024x256.jpg,32708,13918f8c5fb49493f51cf837108a5a41a016f6fc6b8a852d85a779383ad3afdd,www.gemeinde-merching.de_wpvivid-b8981f085de20_2026-10-10-16-11_backup_uploads.part001.zip,.jpg,generated thumbnail,False,True,0
wp-content/uploads/2012/08/link-kateorien1-300x204.jpg,15887,6d52a41bdd5674a743420f4645631dbac9acf0190078370ce181e25ed381e34b,www.gemeinde-merching.de_wpvivid-b8981f085de20_2026-10-10-16-11_backup_uploads.part001.zip,.jpg,generated thumbnail,False,True,0
wp-content/uploads/2012/10/www_gemeinde-merching_de_ueber-merching_bildergalerie-merching-150x150.jpg,7206,2642d9dc04e13e2a9c1b455ec3a9ff65687246675dbaf649be1571c77dd390f4,www.gemeinde-merching.de_wpvivid-b8981f085de20_2026-10-10-16-11_backup_uploads.part001.zip,.jpg,generated thumbnail,False,True,0
wp-content/uploads/2012/10/Merching-FC-1_Nach-150x150.jpg,9866,ebb0f132630cbfb3315cfbb6d80c10c8af015d615303d8d2f583ffc4f15e5308,www.gemeinde-merching.de_wpvivid-b8981f085de20_2026-10-10-16-11_backup_uploads.part001.zip,.jpg,generated thumbnail,False,True,0
wp-content/uploads/2012/10/Merching-FC-1_Nach-300x225.jpg,28602,74f9cdd6533bccdea000ad1eab53399761d570efefde4135fee3ba9779c825ac,www.gemeinde-merching.de_wpvivid-b8981f085de20_2026-10-10-16-11_backup_uploads.part001.zip,.jpg,generated thumbnail,False,True,0
wp-content/uploads/2012/10/www_gemeinde-merching_de_ueber-merching_bildergalerie-merching.jpg,112948,41eace952aff3fc2fd1be5905f231227a706ddc62d90f32efe0d224d28927b8f,www.gemeinde-merching.de_wpvivid-b8981f085de20_2026-10-10-16-11_backup_uploads.part001.zip,.jpg,original/referenced,True,False,0
wp-content/uploads/2012/10/www_gemeinde-merching_de_ueber-merching_bildergalerie-merching-300x251.jpg,17758,d7d4699ecf3f8dbc6461e9c42f916edf698cff1475945528f454e95e4eb0553b,www.gemeinde-merching.de_wpvivid-b8981f085de20_2026-10-10-16-11_backup_uploads.part001.zip,.jpg,generated thumbnail,False,True,0
wp-content/uploads/2012/10/www_gemeinde-merching_de_ueber-merching_bildergalerie-merching-1024x857.jpg,125379,077a584e382d7d7646646288cf56faaa158b7ff7471c9078d127e3e862f8780c,www.gemeinde-merching.de_wpvivid-b8981f085de20_2026-10-10-16-11_backup_uploads.part001.zip,.jpg,generated thumbnail,False,True,0
wp-content/uploads/2012/10/Merching-FC-1_Nach.jpg,310032,fa3229ea8bea5aa611564ddb1a1933e8d32b8d0001a251fb49830864c71b3aec,www.gemeinde-merching.de_wpvivid-b8981f085de20_2026-10-10-16-11_backup_uploads.part001.zip,.jpg,original/referenced,True,False,0
wp-content/uploads/2013/06/Mandat_Mittelschulverband.pdf,23438,009b90877a0870de62e0dd0fbab4ba63f2a39c216d801e2aa4400510e28dc407,www.gemeinde-merching.de_wpvivid-b8981f085de20_2026-10-10-16-11_backup_uploads.part001.zip,.pdf,original/referenced,True,False,1
wp-content/uploads/2013/06/Kombimandat_Grundschulverband.pdf,21830,1c027c07ed049d3a4018defe41a8bff00d7638c5cecc59de2af1eaac70e95160,www.gemeinde-merching.de_wpvivid-b8981f085de20_2026-10-10-16-11_backup_uploads.part001.zip,.pdf,original/referenced,True,False,0
wp-content/uploads/2013/06/Kombimandat_Gemeinde_Merching.pdf,22157,47f7025ee1fd85135c8f9f9208dade0bae127b083a8ead4cea2bb11cd9f20d6f,www.gemeinde-merching.de_wpvivid-b8981f085de20_2026-10-10-16-11_backup_uploads.part001.zip,.pdf,original/referenced,True,False,0
wp-content/uploads/2013/06/Kombimandat_Mittelschulverband.pdf,21952,3852d61a438e9b0f63c8ef6ee4737c218211fe6728c33dc22876802f8b59c420,www.gemeinde-merching.de_wpvivid-b8981f085de20_2026-10-10-16-11_backup_uploads.part001.zip,.pdf,original/referenced,True,False,0
wp-content/uploads/2013/06/Mandat_Gemeinde_Merching.pdf,23609,10f3a682708d57a6c9331d26ef46f6f1b092b61e5aa2f937783de21d87e82a0c,www.gemeinde-merching.de_wpvivid-b8981f085de20_2026-10-10-16-11_backup_uploads.part001.zip,.pdf,original/referenced,True,False,0
wp-content/uploads/2013/06/Mandat_Grundschulverband.pdf,23331,2f210a07da0cc297bcc17babc0f410daacafa5bf8e53667302a2c8e739f2009b,www.gemeinde-merching.de_wpvivid-b8981f085de20_2026-10-10-16-11_backup_uploads.part001.zip,.pdf,original/referenced,True,False,1
wp-content/uploads/wp-rollback/pt-content-views-pro-7.3.zip,501252,1ac240bf00f2eba969b2038081d0d1d7ddbbd050d442731f5f2869b1f5dcc41d,www.gemeinde-merching.de_wpvivid-b8981f085de20_2026-10-10-16-11_backup_uploads.part001.zip,.zip,unreferenced candidate (not proven orphan),False,False,0
wp-content/uploads/wp-rollback/cookie-cracker-1.1.zip,826264,1914b52a500dd2f108c9b504b8ac953e7f3e9100f162d2725501c3a4390144ed,www.gemeinde-merching.de_wpvivid-b8981f085de20_2026-10-10-16-11_backup_uploads.part001.zip,.zip,unreferenced candidate (not proven orphan),False,False,0
wp-content/uploads/wp-rollback/pt-content-views-pro-7.2.2.zip,500737,e2e4a690441dcb91916690f5f88ba16340ab4e0cbdbc649b0c853f5d45495360,www.gemeinde-merching.de_wpvivid-b8981f085de20_2026-10-10-16-11_backup_uploads.part001.zip,.zip,unreferenced candidate (not proven orphan),False,False,0
wp-content/uploads/wp-rollback/cookie-cracker-1.0.8.zip,825090,be716729d86844d6b632a7965b835b102a454d3edd427311d6a81801c38fc370,www.gemeinde-merching.de_wpvivid-b8981f085de20_2026-10-10-16-11_backup_uploads.part001.zip,.zip,unreferenced candidate (not proven orphan),False,False,0
wp-content/uploads/wp-rollback/pt-content-views-pro-7.2.1.zip,500703,fd2b148cc991ca1a20c37fcb2321a502096fc333ceb68cd0f6f2135c606625d5,www.gemeinde-merching.de_wpvivid-b8981f085de20_2026-10-10-16-11_backup_uploads.part001.zip,.zip,unreferenced candidate (not proven orphan),False,False,0
wp-content/uploads/wp-rollback/pt-content-views-pro-7.4.zip,506217,03556b5acf6281258d39663ec51894544fb4e8a5ab77af27586acf3d1a0d95cf,www.gemeinde-merching.de_wpvivid-b8981f085de20_2026-10-10-16-11_backup_uploads.part001.zip,.zip,unreferenced candidate (not proven orphan),False,False,0
wp-content/uploads/2019/03/Vordruck_Bauplatzbewerbung-pdf-106x150.jpg,4279,f3fc208e6943e87a422f81734ed441acc691f463b7a62e2cd280feb029da32ad,www.gemeinde-merching.de_wpvivid-b8981f085de20_2026-10-10-16-11_backup_uploads.part001.zip,.jpg,generated thumbnail,False,True,0
wp-content/uploads/2019/03/Vordruck_Bauplatzbewerbung.pdf,8426,e854bbbcda7544b0a7df3f23f88561dfda0603316f2c03434155b8dceabde21d,www.gemeinde-merching.de_wpvivid-b8981f085de20_2026-10-10-16-11_backup_uploads.part001.zip,.pdf,original/referenced,True,False,0
wp-content/uploads/2019/03/Vordruck_Bauplatzbewerbung-pdf-212x300.jpg,7313,7983a3a33d7c96fc744dc7b35be3f94b4928085b597bc09734d507fe7ce51c99,www.gemeinde-merching.de_wpvivid-b8981f085de20_2026-10-10-16-11_backup_uploads.part001.zip,.jpg,generated thumbnail,False,True,0
wp-content/uploads/2019/03/Vordruck_Bauplatzbewerbung-pdf.jpg,62290,ec977281b8b8001435a46abc5d89367598680085869669b8a07c76ca33eec0c1,www.gemeinde-merching.de_wpvivid-b8981f085de20_2026-10-10-16-11_backup_uploads.part001.zip,.jpg,generated thumbnail,False,False,0
wp-content/uploads/2019/03/Vordruck_Bauplatzbewerbung-pdf-724x1024.jpg,33456,f9173e9b4fb80dc1a60a0c801cea5994225ff841df2af56e63a2008dffef82f6,www.gemeinde-merching.de_wpvivid-b8981f085de20_2026-10-10-16-11_backup_uploads.part001.zip,.jpg,generated thumbnail,False,True,0
wp-content/uploads/wpcf7_captcha/1670489811.png,1243,1ecc0e3e7d4f9deafbc0c0c1f5c037bcbd51f35e39163e16462091c8da062ed3,www.gemeinde-merching.de_wpvivid-b8981f085de20_2026-10-10-16-11_backup_uploads.part001.zip,.png,unreferenced candidate (not proven orphan),False,False,0
wp-content/uploads/wpcf7_captcha/323810198.png,1427,077aa4bd9423440537f5fa3c68ede5c7dfd83c4ec2f16c409375c710f32845d3,www.gemeinde-merching.de_wpvivid-b8981f085de20_2026-10-10-16-11_backup_uploads.part001.zip,.png,unreferenced candidate (not proven orphan),False,False,0
wp-content/uploads/2017/01/Logo-Bürgernetz-300x94.png,7677,bf359149a168ef9befbc0bd28e8d8a27b0fd205f76a1371a386f8a9c902eeb27,www.gemeinde-merching.de_wpvivid-b8981f085de20_2026-10-10-16-11_backup_uploads.part001.zip,.png,generated thumbnail,False,True,0
wp-content/uploads/2017/01/Logo-Bürgernetz.png,8155,749ac13c953d81e32a3d9ff18b496660682aced639f5ffcb0bf175c16bc8fd91,www.gemeinde-merching.de_wpvivid-b8981f085de20_2026-10-10-16-11_backup_uploads.part001.zip,.png,unreferenced candidate (not proven orphan),False,False,0
wp-content/uploads/2017/01/Logo-Bürgernetz-e1484639317192.png,3447,4f01b8f79cb1fdf1ef6f06e44bdeea4777893ebd242e4c2ab4cccdf8914ce0ff,www.gemeinde-merching.de_wpvivid-b8981f085de20_2026-10-10-16-11_backup_uploads.part001.zip,.png,original/referenced,True,False,0
wp-content/uploads/2017/01/Logo-Bürgernetz-e1484639304536.png,3087,87a2e2c3bae18e477bc79e6fdd81a402bf04848056142ce8d27a46f283cb85b4,www.gemeinde-merching.de_wpvivid-b8981f085de20_2026-10-10-16-11_backup_uploads.part001.zip,.png,unreferenced candidate (not proven orphan),False,False,0
wp-content/uploads/2017/01/Logo-Bürgernetz-150x94.png,4441,4241ab488f6d328f65fa966a3e21f139cb2c94f0c5616c35db88ac2251009137,www.gemeinde-merching.de_wpvivid-b8981f085de20_2026-10-10-16-11_backup_uploads.part001.zip,.png,generated thumbnail,False,True,0
wp-content/uploads/https:/www.gemeinde-merching.de/?wpfilebase_thumbnail=1&fid=359&name=Energieberatung_Landkreis_Aichach-Friedberg_Typo_schwarz_RGB_klein-e1629102887845.jpg,1406,f25bf5d24feaba2a8b84e94b4f4c6a5ba3dc1fcac59d1fc0c1e8515921536006,www.gemeinde-merching.de_wpvivid-b8981f085de20_2026-10-10-16-11_backup_uploads.part001.zip,.jpg,unreferenced candidate (not proven orphan),False,False,0
wp-content/uploads/https:/www.gemeinde-merching.de/?wpfilebase_thumbnail=1&fid=359&name=Energieberatung_Landkreis_Aichach-Friedberg_Typo_schwarz_RGB_klein-e1629102963937.jpg,806,2beca55f386ea7367b88b6a75086558f078589b86f6b7ab3f42ea90cbf7f1f0a,www.gemeinde-merching.de_wpvivid-b8981f085de20_2026-10-10-16-11_backup_uploads.part001.zip,.jpg,unreferenced candidate (not proven orphan),False,False,0
wp-content/uploads/2020/09/Bildschirmfoto-groessere-schrift-einstellen-768x569.jpg,67934,404a71363f9b8f03870796eb57399fd21a9a4688c4347aa32dead9394854bd90,www.gemeinde-merching.de_wpvivid-b8981f085de20_2026-10-10-16-11_backup_uploads.part001.zip,.jpg,generated thumbnail,False,True,0
wp-content/uploads/2020/09/glossar-eintraege-erstellen-2-768x296.jpg,26013,e2ecb70051e6e35e33e937030e1df1286cca03704466fc7c36c7dade91821fc4,www.gemeinde-merching.de_wpvivid-b8981f085de20_2026-10-10-16-11_backup_uploads.part001.zip,.jpg,generated thumbnail,False,True,0
wp-content/uploads/2020/09/Bildschirmfoto-Browser-zoomen.jpg,180714,8b209d59f67e807541b99bc050517c51c616b7015594ad92bbfaea6df0e9bf78,www.gemeinde-merching.de_wpvivid-b8981f085de20_2026-10-10-16-11_backup_uploads.part001.zip,.jpg,original/referenced,True,False,0
wp-content/uploads/2020/09/Bildschirmfoto-groessere-schrift-einstellen-150x150.jpg,5623,8d5fdff315f663843d92d6cbb52871ed90817eb0d6678ae04e67e1301125bd59,www.gemeinde-merching.de_wpvivid-b8981f085de20_2026-10-10-16-11_backup_uploads.part001.zip,.jpg,generated thumbnail,False,True,0
wp-content/uploads/2020/09/Bildschirmfoto-starken-kontrast-einstellen-300x231.jpg,12010,14bc7e508d016842163b417c026881f29c775b685421403c5c3174368704771a,www.gemeinde-merching.de_wpvivid-b8981f085de20_2026-10-10-16-11_backup_uploads.part001.zip,.jpg,generated thumbnail,False,True,0
wp-content/uploads/2020/09/Bildschirmfoto-Browser-zoomen-300x201.jpg,11064,6369186691204b5272434aeebf1ef7c82b789eea27acfdaf076039595a6ac7f6,www.gemeinde-merching.de_wpvivid-b8981f085de20_2026-10-10-16-11_backup_uploads.part001.zip,.jpg,generated thumbnail,False,True,0
wp-content/uploads/2020/09/glossar-eintraege-erstellen-2-1536x591.jpg,77781,ecb90849322497774327650d3db548e08525ecddf84cbd50308ecf9e21647e79,www.gemeinde-merching.de_wpvivid-b8981f085de20_2026-10-10-16-11_backup_uploads.part001.zip,.jpg,generated thumbnail,False,True,0
wp-content/uploads/2020/09/glossar-eintraege-erstellen-6-293x300.jpg,17761,72e5f33a2da0fc650326017956885695bfec26cb3c8cfefa030a5c7ea723ba12,www.gemeinde-merching.de_wpvivid-b8981f085de20_2026-10-10-16-11_backup_uploads.part001.zip,.jpg,generated thumbnail,False,True,0
wp-content/uploads/2020/09/glossar-eintraege-erstellen-2-300x115.jpg,5944,7069b067f26a1e8a53613ada5c6d47ca94d9caadece88c56a94a52e7851343d8,www.gemeinde-merching.de_wpvivid-b8981f085de20_2026-10-10-16-11_backup_uploads.part001.zip,.jpg,generated thumbnail,False,True,0
wp-content/uploads/2020/09/Bildschirmfoto-alle-links-sind-unterstrichen-768x445.jpg,53732,18d4797585e5998f416e81fd5b6ce357048f24a51e711406fa322b79aad94b5b,www.gemeinde-merching.de_wpvivid-b8981f085de20_2026-10-10-16-11_backup_uploads.part001.zip,.jpg,generated thumbnail,False,True,0
wp-content/uploads/2020/09/glossar-eintraege-erstellen-2-2048x788.jpg,123393,8a800002dc96d1cae4c25069b52697cba35aeb29f1a4f0a642eb84706b00a112,www.gemeinde-merching.de_wpvivid-b8981f085de20_2026-10-10-16-11_backup_uploads.part001.zip,.jpg,generated thumbnail,False,True,0
wp-content/uploads/2020/09/Bildschirmfoto-Browser-zoomen-1536x1027.jpg,149104,326939ca9d8bf7dcebbb521d054f2fab2c0f4ac52c7eb7cfc4bffed0c1516054,www.gemeinde-merching.de_wpvivid-b8981f085de20_2026-10-10-16-11_backup_uploads.part001.zip,.jpg,generated thumbnail,False,True,0
wp-content/uploads/2020/09/glossar-eintraege-erstellen-1-150x150.jpg,5387,7609b54ed2c0d8d5dd15b6e75d904bc52f32bc6efe117c43e3ff52348c1cdfc8,www.gemeinde-merching.de_wpvivid-b8981f085de20_2026-10-10-16-11_backup_uploads.part001.zip,.jpg,generated thumbnail,False,True,0
wp-content/uploads/2020/09/Bildschirmfoto-Browser-zoomen-menue-150x150.jpg,5324,e49bcc88c86a91eb57636cabb48879802537b954d1a230b0c60a9a4a40249317,www.gemeinde-merching.de_wpvivid-b8981f085de20_2026-10-10-16-11_backup_uploads.part001.zip,.jpg,generated thumbnail,False,True,0
wp-content/uploads/2020/09/Banner-Gemeindewebsite-Merching-1009x714_final-1.jpg,425209,9bcfa893449f351a27f63e8a60556a4802e61655f4cc55a5d78a2a09c02a3ac9,www.gemeinde-merching.de_wpvivid-b8981f085de20_2026-10-10-16-11_backup_uploads.part001.zip,.jpg,original/referenced,True,False,0
wp-content/uploads/2020/09/glossar-eintraege-erstellen-4.jpg,107696,f9a4a92c9e6121d12fe0af187022b42e3411d1a13acf632b2dd484c2233a1d3d,www.gemeinde-merching.de_wpvivid-b8981f085de20_2026-10-10-16-11_backup_uploads.part001.zip,.jpg,original/referenced,True,False,0
wp-content/uploads/2020/09/Bildschirmfoto-alle-links-sind-unterstrichen-300x174.jpg,9786,a84d1accafceb540e802ea126b1ac24abea1e4b00cdb0cee24647facfb0b8b7c,www.gemeinde-merching.de_wpvivid-b8981f085de20_2026-10-10-16-11_backup_uploads.part001.zip,.jpg,generated thumbnail,False,True,0
wp-content/uploads/2020/09/glossar-eintraege-erstellen-4-150x150.jpg,3804,45de739520db50420f1932aa3c64b3aa2fc5fbb661303bf40d90f84f33d805d3,www.gemeinde-merching.de_wpvivid-b8981f085de20_2026-10-10-16-11_backup_uploads.part001.zip,.jpg,generated thumbnail,False,True,0
wp-content/uploads/2020/09/Bildschirmfoto-Browser-zoomen-1024x685.jpg,80869,cb272c6627e56ee8719d95a7410b561463a547d751018781925505b94af9940f,www.gemeinde-merching.de_wpvivid-b8981f085de20_2026-10-10-16-11_backup_uploads.part001.zip,.jpg,generated thumbnail,False,True,0
wp-content/uploads/2020/09/Banner-Gemeindewebsite-Merching-1009x714_final-1-150x150.jpg,11813,37dadef69cf2e60513b88c0715911ddf4da35b93c4311b8cf1a4658ae8bd0512,www.gemeinde-merching.de_wpvivid-b8981f085de20_2026-10-10-16-11_backup_uploads.part001.zip,.jpg,generated thumbnail,False,True,0
wp-content/uploads/2020/09/glossar-eintraege-erstellen-1.jpg,102254,8c071a7a86af1b78a29d46fab87181ad1df89d4578276df3d6e2530ab7246b9d,www.gemeinde-merching.de_wpvivid-b8981f085de20_2026-10-10-16-11_backup_uploads.part001.zip,.jpg,original/referenced,True,False,0
wp-content/uploads/2020/09/Bildschirmfoto-Browser-zoomen-menue-1024x511.jpg,73464,7d727c1eed7fccc1c7677a08dd74d3b1be8b9464fa6b4826bf57648505411d27,www.gemeinde-merching.de_wpvivid-b8981f085de20_2026-10-10-16-11_backup_uploads.part001.zip,.jpg,generated thumbnail,False,True,0
wp-content/uploads/2020/09/Banner-Gemeindewebsite-Merching-1009x714_final-1-300x212.jpg,21699,f326202d9359bacbcd61a9c76e744b4be38dfb3f3ca8467c5a5e07317b65762a,www.gemeinde-merching.de_wpvivid-b8981f085de20_2026-10-10-16-11_backup_uploads.part001.zip,.jpg,generated thumbnail,False,True,0
wp-content/uploads/2020/09/glossar-eintraege-erstellen-2-1024x394.jpg,41801,2ab86c985bb9d7afb13656b2bb7460b6c9046f41cf6f483d01c8baa8018a5b0a,www.gemeinde-merching.de_wpvivid-b8981f085de20_2026-10-10-16-11_backup_uploads.part001.zip,.jpg,generated thumbnail,False,True,0
wp-content/uploads/2020/09/Bildschirmfoto-Browser-zoomen-menue.jpg,149717,0209bcca471d8f5bafbc14c23fbff718f2380fe287cb72af91f256755101d2b1,www.gemeinde-merching.de_wpvivid-b8981f085de20_2026-10-10-16-11_backup_uploads.part001.zip,.jpg,original/referenced,True,False,0
wp-content/uploads/2020/09/Bildschirmfoto-alle-links-sind-unterstrichen.jpg,176244,25b6d71a711826696f5f63e02fb6f3b51854c5f01d6c3ec314bfc3d54e61089c,www.gemeinde-merching.de_wpvivid-b8981f085de20_2026-10-10-16-11_backup_uploads.part001.zip,.jpg,original/referenced,True,False,0
wp-content/uploads/2020/09/glossar-eintraege-erstellen-3-2048x710.jpg,234152,32b65fb8df8d21a4f69f5d3b29bf1c424ca6698f5f94a3358b24d9ebb9db280a,www.gemeinde-merching.de_wpvivid-b8981f085de20_2026-10-10-16-11_backup_uploads.part001.zip,.jpg,generated thumbnail,False,True,0
wp-content/uploads/2020/09/Bildschirmfoto-beispiel-leichte-sprache-300x218.jpg,11437,815e59d8a271686579fa57fc9e2e014e2602669061562582640954a93d5d37f4,www.gemeinde-merching.de_wpvivid-b8981f085de20_2026-10-10-16-11_backup_uploads.part001.zip,.jpg,generated thumbnail,False,True,0
wp-content/uploads/2020/09/glossar-eintraege-erstellen-3-1024x355.jpg,58211,06ab14986f9175cd2de99d28dc924dddc08b5bde256dac542b5ebca2a6804d6f,www.gemeinde-merching.de_wpvivid-b8981f085de20_2026-10-10-16-11_backup_uploads.part001.zip,.jpg,generated thumbnail,False,True,0
wp-content/uploads/2020/09/Banner-Gemeindewebsite-Merching-1009x714_final-1-768x543.jpg,85336,74fab7dee3455285321c4016864d9b95ea4fb6192a1d6f3070ace94797a57a2c,www.gemeinde-merching.de_wpvivid-b8981f085de20_2026-10-10-16-11_backup_uploads.part001.zip,.jpg,generated thumbnail,False,True,0
wp-content/uploads/2020/09/glossar-eintraege-erstellen-3-150x150.jpg,4528,16af72947682bb95cc5322d4267ff12409e1561d1fd98afa93051324556de479,www.gemeinde-merching.de_wpvivid-b8981f085de20_2026-10-10-16-11_backup_uploads.part001.zip,.jpg,generated thumbnail,False,True,0
wp-content/uploads/2020/09/glossar-eintraege-erstellen-6-1001x1024.jpg,163063,64b99ea9d4cfd00ade199030b7225751bb40517bf90bbb5457ca786ed8927462,www.gemeinde-merching.de_wpvivid-b8981f085de20_2026-10-10-16-11_backup_uploads.part001.zip,.jpg,generated thumbnail,False,True,0
wp-content/uploads/2020/09/Bildschirmfoto-starken-kontrast-einstellen-768x592.jpg,63560,bc8a5190c27ba9b08faec7058df33cfa04d3733f264b90de21ae41b16ade71db,www.gemeinde-merching.de_wpvivid-b8981f085de20_2026-10-10-16-11_backup_uploads.part001.zip,.jpg,generated thumbnail,False,True,0
wp-content/uploads/2020/09/glossar-eintraege-erstellen-5.jpg,51160,8a6814bd7142a168366214f7b927051adb14e12b2a7467c2639e7904884c77a5,www.gemeinde-merching.de_wpvivid-b8981f085de20_2026-10-10-16-11_backup_uploads.part001.zip,.jpg,original/referenced,True,False,0
wp-content/uploads/2020/09/Bildschirmfoto-beispiel-leichte-sprache-150x150.jpg,4945,f782904ecbdf98a6d3e35233e1f3bf9fce93615dd3ea265b0d92ff3e5c153a22,www.gemeinde-merching.de_wpvivid-b8981f085de20_2026-10-10-16-11_backup_uploads.part001.zip,.jpg,generated thumbnail,False,True,0
wp-content/uploads/2020/09/glossar-eintraege-erstellen-6.jpg,241625,ebcff99aae5ba9baf15004e4e52256bb6c06f2022000bee5b2467cc5f87b0ebd,www.gemeinde-merching.de_wpvivid-b8981f085de20_2026-10-10-16-11_backup_uploads.part001.zip,.jpg,original/referenced,True,False,0
wp-content/uploads/2020/09/glossar-eintraege-erstellen-3-1536x532.jpg,134538,0ebb02b406e79f6d16217286196ce2bcc84eebbbdfaa57561713ca6564ea7d80,www.gemeinde-merching.de_wpvivid-b8981f085de20_2026-10-10-16-11_backup_uploads.part001.zip,.jpg,generated thumbnail,False,True,0
wp-content/uploads/2020/09/glossar-eintraege-erstellen-2-150x150.jpg,2256,56b163627ecaf5f131a3018c75632e1a960554cd2692bf841f4af0f63f0f7318,www.gemeinde-merching.de_wpvivid-b8981f085de20_2026-10-10-16-11_backup_uploads.part001.zip,.jpg,generated thumbnail,False,True,0
wp-content/uploads/2020/09/Bildschirmfoto-beispiel-leichte-sprache.jpg,193315,450a5ee9f0c4ec8088734b7dae77c598705c1a2408f00a229089b52e91f81fba,www.gemeinde-merching.de_wpvivid-b8981f085de20_2026-10-10-16-11_backup_uploads.part001.zip,.jpg,original/referenced,True,False,0
wp-content/uploads/2020/09/glossar-eintraege-erstellen-6-150x150.jpg,5807,29b8dc1751c752c1b8699b646d63561b21a326503984de6b88db8dc3ff0f3e91,www.gemeinde-merching.de_wpvivid-b8981f085de20_2026-10-10-16-11_backup_uploads.part001.zip,.jpg,generated thumbnail,False,True,0
wp-content/uploads/2020/09/Bildschirmfoto-beispiel-leichte-sprache-768x558.jpg,57059,8b0259a7a9e1d16d6f35b1082394d1150712c92d13e2a173348da1dffda149a8,www.gemeinde-merching.de_wpvivid-b8981f085de20_2026-10-10-16-11_backup_uploads.part001.zip,.jpg,generated thumbnail,False,True,0
wp-content/uploads/2020/09/glossar-eintraege-erstellen-5-300x184.jpg,9528,c61ac4ddb823a52f32fcc633fcd5ec3846758f650d7541c4c824fd48f1da5607,www.gemeinde-merching.de_wpvivid-b8981f085de20_2026-10-10-16-11_backup_uploads.part001.zip,.jpg,generated thumbnail,False,True,0
wp-content/uploads/2020/09/Bildschirmfoto-starken-kontrast-einstellen-150x150.jpg,5330,8398fbe270ce74a4050b110e62a66d0935ad652a5abbcd94a8979c32147b8266,www.gemeinde-merching.de_wpvivid-b8981f085de20_2026-10-10-16-11_backup_uploads.part001.zip,.jpg,generated thumbnail,False,True,0
wp-content/uploads/2020/09/glossar-eintraege-erstellen-4-768x419.jpg,32912,06c9ad53c3cdd3819bbc3aa95dc21b862366555f545c7758ecf0b3ecf8148108,www.gemeinde-merching.de_wpvivid-b8981f085de20_2026-10-10-16-11_backup_uploads.part001.zip,.jpg,generated thumbnail,False,True,0
wp-content/uploads/2020/09/glossar-eintraege-erstellen-6-768x785.jpg,101366,453d323c74e3e86e625370f32021bd4c2d84afe67c4c80d1dc24bb24d6f6830c,www.gemeinde-merching.de_wpvivid-b8981f085de20_2026-10-10-16-11_backup_uploads.part001.zip,.jpg,generated thumbnail,False,True,0
wp-content/uploads/2020/09/Bildschirmfoto-Browser-zoomen-150x150.jpg,4484,cd76839533e85c96b02a5a85e7b2c7e8d11fef0283f61bb3a1edd0b793fb50fa,www.gemeinde-merching.de_wpvivid-b8981f085de20_2026-10-10-16-11_backup_uploads.part001.zip,.jpg,generated thumbnail,False,True,0
wp-content/uploads/2020/09/glossar-eintraege-erstellen-1-768x820.jpg,76061,076531a953b83c28e2187f8b3de1abbe2bff66bece0069683104ef883790608a,www.gemeinde-merching.de_wpvivid-b8981f085de20_2026-10-10-16-11_backup_uploads.part001.zip,.jpg,generated thumbnail,False,True,0
wp-content/uploads/2020/09/Bildschirmfoto-Browser-zoomen-768x514.jpg,52337,85642978e3a7fe8a5ae8a63701f129d891083fa7e64e2a157865dac07b7f6b46,www.gemeinde-merching.de_wpvivid-b8981f085de20_2026-10-10-16-11_backup_uploads.part001.zip,.jpg,generated thumbnail,False,True,0
wp-content/uploads/2020/09/Bildschirmfoto-alle-links-sind-unterstrichen-150x150.jpg,5205,35c4a29174901ce237ee16043d1430285df62b7e8c0dae3540204844de21efa3,www.gemeinde-merching.de_wpvivid-b8981f085de20_2026-10-10-16-11_backup_uploads.part001.zip,.jpg,generated thumbnail,False,True,0
wp-content/uploads/2020/09/glossar-eintraege-erstellen-4-1024x559.jpg,51740,9ed78f3686f27ee10d43bfa345e70b1c397f01ac0818af54f4ef5ebd0eca3196,www.gemeinde-merching.de_wpvivid-b8981f085de20_2026-10-10-16-11_backup_uploads.part001.zip,.jpg,generated thumbnail,False,True,0
wp-content/uploads/2020/09/glossar-eintraege-erstellen-3-768x266.jpg,32730,74728e9d9ef67e1b61a194cb743de6875e28d2ea5d52a4f2c07f13a1784529f7,www.gemeinde-merching.de_wpvivid-b8981f085de20_2026-10-10-16-11_backup_uploads.part001.zip,.jpg,generated thumbnail,False,True,0
wp-content/uploads/2020/09/glossar-eintraege-erstellen-4-300x164.jpg,6920,13c5196c049014c7ff7b69e52ca996b2c954af232f3c0334c95c56b840a1ad5f,www.gemeinde-merching.de_wpvivid-b8981f085de20_2026-10-10-16-11_backup_uploads.part001.zip,.jpg,generated thumbnail,False,True,0
wp-content/uploads/2020/09/Bildschirmfoto-groessere-schrift-einstellen-1024x759.jpg,105493,155d1fba122d99fb160cfefcd5b4a7d2b27372e64bbc88fef571c5864986d964,www.gemeinde-merching.de_wpvivid-b8981f085de20_2026-10-10-16-11_backup_uploads.part001.zip,.jpg,generated thumbnail,False,True,0
wp-content/uploads/2020/09/Bildschirmfoto-beispiel-leichte-sprache-1024x744.jpg,94746,2491c8d7e07ca68edfc9b952cfd321b628e1f3471471963f6175e369c82540ff,www.gemeinde-merching.de_wpvivid-b8981f085de20_2026-10-10-16-11_backup_uploads.part001.zip,.jpg,generated thumbnail,False,True,0
wp-content/uploads/2020/09/Bildschirmfoto-Browser-zoomen-menue-300x150.jpg,9278,ca21bae56f48bbba60c4ae7d0f243b9884f214e16ecfffa5ebdd55f3b84dacb9,www.gemeinde-merching.de_wpvivid-b8981f085de20_2026-10-10-16-11_backup_uploads.part001.zip,.jpg,generated thumbnail,False,True,0
wp-content/uploads/2020/09/glossar-eintraege-erstellen-1-281x300.jpg,15562,30ca50c8f37ff82121328ccc2ef49f9ed745f95ae2bb8c5302a44c363b1e2155,www.gemeinde-merching.de_wpvivid-b8981f085de20_2026-10-10-16-11_backup_uploads.part001.zip,.jpg,generated thumbnail,False,True,0
wp-content/uploads/2020/09/Bildschirmfoto-alle-links-sind-unterstrichen-1024x594.jpg,86311,b283ee6a12c344397adeb577c216f9ac13a7a939e7a92798ce8398391ceae285,www.gemeinde-merching.de_wpvivid-b8981f085de20_2026-10-10-16-11_backup_uploads.part001.zip,.jpg,generated thumbnail,False,True,0
wp-content/uploads/2020/09/glossar-eintraege-erstellen-3.jpg,260092,345d9bf0181c68451940e55b376910f42a5494b8fc775b29975b6b0f92de4b00,www.gemeinde-merching.de_wpvivid-b8981f085de20_2026-10-10-16-11_backup_uploads.part001.zip,.jpg,original/referenced,True,False,0
wp-content/uploads/2020/09/Bildschirmfoto-Browser-zoomen-menue-768x383.jpg,46946,9e528d10f8da2832cbf4589547a7467b75f542fd8618b09b3ee42aef98f1d318,www.gemeinde-merching.de_wpvivid-b8981f085de20_2026-10-10-16-11_backup_uploads.part001.zip,.jpg,generated thumbnail,False,True,0
wp-content/uploads/2020/09/glossar-eintraege-erstellen-2.jpg,204278,2d751a51549760cadff2c86486ae90510d7461b498289e104704cec05b33ad79,www.gemeinde-merching.de_wpvivid-b8981f085de20_2026-10-10-16-11_backup_uploads.part001.zip,.jpg,original/referenced,True,False,0
wp-content/uploads/2020/09/Bildschirmfoto-starken-kontrast-einstellen-1024x789.jpg,101961,a95ceaf8d378b69c380373d0d367addc11a45d836aefbacf46b7ad7f1cefd21d,www.gemeinde-merching.de_wpvivid-b8981f085de20_2026-10-10-16-11_backup_uploads.part001.zip,.jpg,generated thumbnail,False,True,0
wp-content/uploads/2020/09/Bildschirmfoto-groessere-schrift-einstellen.jpg,203040,aedb23c2daa0c5a888bec3d5234bf9addb9decd90e00419b7352022173d5b43a,www.gemeinde-merching.de_wpvivid-b8981f085de20_2026-10-10-16-11_backup_uploads.part001.zip,.jpg,original/referenced,True,False,0
wp-content/uploads/2020/09/glossar-eintraege-erstellen-5-150x150.jpg,4902,b9cda0e11867ad9ed7c81657461763e3e0fe5c48f20bf0c981088ec9ecb47f70,www.gemeinde-merching.de_wpvivid-b8981f085de20_2026-10-10-16-11_backup_uploads.part001.zip,.jpg,generated thumbnail,False,True,0
wp-content/uploads/2020/09/Bildschirmfoto-groessere-schrift-einstellen-300x222.jpg,12771,4c9fe2ac8e39a7d555bbae4338c8a5fe838aa7c408e800d87a0ec0836bc06baf,www.gemeinde-merching.de_wpvivid-b8981f085de20_2026-10-10-16-11_backup_uploads.part001.zip,.jpg,generated thumbnail,False,True,0
wp-content/uploads/2020/09/glossar-eintraege-erstellen-3-300x104.jpg,6505,59959636acb59d96fac0377acc3fd4eb181f5fb0cb15c42f1151e51e9f995960,www.gemeinde-merching.de_wpvivid-b8981f085de20_2026-10-10-16-11_backup_uploads.part001.zip,.jpg,generated thumbnail,False,True,0
wp-content/uploads/2020/09/Bildschirmfoto-starken-kontrast-einstellen.jpg,219712,a59259ee6ac67a980f540dccb310dbbcd212312d2da05289858b7ce43aa65e5b,www.gemeinde-merching.de_wpvivid-b8981f085de20_2026-10-10-16-11_backup_uploads.part001.zip,.jpg,original/referenced,True,False,0
wp-content/uploads/2020/11/Banner-Gemeindewebsite-Merching-1009x714_Verlaengerung-300x212.jpg,21776,28023e05ab788ffdad6cb69f0e54ddbf14fa76ce45a43e970e1b7004cf315f6a,www.gemeinde-merching.de_wpvivid-b8981f085de20_2026-10-10-16-11_backup_uploads.part001.zip,.jpg,generated thumbnail,False,True,0
wp-content/uploads/2020/11/Fragebogen_Gemeinde_Selbstauskunft-pdf-106x150.jpg,5683,c7c984dc3b5fabf5e7ffb35cfb17886d7299cffb1b75924be3abcc88c129eee5,www.gemeinde-merching.de_wpvivid-b8981f085de20_2026-10-10-16-11_backup_uploads.part001.zip,.jpg,generated thumbnail,False,True,0
wp-content/uploads/2020/11/Banner-Gemeindewebsite-Merching-1009x714_Verlaengerung.jpg,423013,b3f11ba4729a1a8950b1047738947c6d4bff59516e70662907f32e19f5480e88,www.gemeinde-merching.de_wpvivid-b8981f085de20_2026-10-10-16-11_backup_uploads.part001.zip,.jpg,original/referenced,True,False,0
wp-content/uploads/2020/11/Fragebogen_Gemeinde_Selbstauskunft-pdf-724x1024.jpg,88615,cca1fb5bd9002651f1e8c559b59c51773b9edc3a4fe53aad5bc8d627abb1f200,www.gemeinde-merching.de_wpvivid-b8981f085de20_2026-10-10-16-11_backup_uploads.part001.zip,.jpg,generated thumbnail,False,True,0
wp-content/uploads/2020/11/Fragebogen_Gemeinde_Selbstauskunft.pdf,515024,efb8bea2a140089fba4be0d43b00df17dd791e3e27b201ee4961eae32c1124ce,www.gemeinde-merching.de_wpvivid-b8981f085de20_2026-10-10-16-11_backup_uploads.part001.zip,.pdf,original/referenced,True,False,1
wp-content/uploads/2020/11/Fragebogen_Gemeinde_Selbstauskunft-pdf.jpg,180828,0b5e5f571c3327d9b05d4a42ea6645926b17c1425f3f8dda2f594558371c6824,www.gemeinde-merching.de_wpvivid-b8981f085de20_2026-10-10-16-11_backup_uploads.part001.zip,.jpg,generated thumbnail,False,False,0
wp-content/uploads/2020/11/Banner-Gemeindewebsite-Merching-1009x714_Verlaengerung-768x543.jpg,83879,753f21fd178140a7a6a09335be42e0301ff22598fd02999f2c5e13664846e9c8,www.gemeinde-merching.de_wpvivid-b8981f085de20_2026-10-10-16-11_backup_uploads.part001.zip,.jpg,generated thumbnail,False,True,0
wp-content/uploads/2020/11/Fragebogen_Gemeinde_Selbstauskunft-pdf-212x300.jpg,12717,79283537c6064f14514a3c4009bbde4cb58a4f7699152a841339a6864979f7d6,www.gemeinde-merching.de_wpvivid-b8981f085de20_2026-10-10-16-11_backup_uploads.part001.zip,.jpg,generated thumbnail,False,True,0
wp-content/uploads/2020/11/Banner-Gemeindewebsite-Merching-1009x714_Verlaengerung-150x150.jpg,11659,1896057e629904c35562befc530af4ff03b55c5f76f5eb77bdca06d06025965f,www.gemeinde-merching.de_wpvivid-b8981f085de20_2026-10-10-16-11_backup_uploads.part001.zip,.jpg,generated thumbnail,False,True,0
wp-content/uploads/2020/06/splashing-165192_640-300x199.jpg,16088,0ed65ecea48577297de5552a294a3c018db2526a40cb8f940b623abd13e55879,www.gemeinde-merching.de_wpvivid-b8981f085de20_2026-10-10-16-11_backup_uploads.part001.zip,.jpg,generated thumbnail,False,True,0
wp-content/uploads/2020/06/fund-office-2516068_640.jpg,96601,a811b0dda556c2039e651826e52b6a98f4911c9cbd0e05cadfa5ff4ec5282fb9,www.gemeinde-merching.de_wpvivid-b8981f085de20_2026-10-10-16-11_backup_uploads.part001.zip,.jpg,original/referenced,True,False,1
wp-content/uploads/2020/06/rain-455124_640-300x174.jpg,15921,755889e19a31e8d2b51f0af63eb01b565c890cedadce303f55ced069fd38bf10,www.gemeinde-merching.de_wpvivid-b8981f085de20_2026-10-10-16-11_backup_uploads.part001.zip,.jpg,original/referenced,False,True,1
wp-content/uploads/2020/06/cropped-cropped-Wappen-alternativ-300x300.png,92128,2341dc4047cfb11dfdad9224ca56ac678e3409412956e2830fabb3befc83d42f,www.gemeinde-merching.de_wpvivid-b8981f085de20_2026-10-10-16-11_backup_uploads.part001.zip,.png,generated thumbnail,False,True,0
wp-content/uploads/2020/06/Schulungsflyer_Mandichosee-pdf-724x1024.jpg,141570,2d0007d85a0dc2fc091fb7b346aa0731ec2c96ad3e7a934d2557836b63f403ae,www.gemeinde-merching.de_wpvivid-b8981f085de20_2026-10-10-16-11_backup_uploads.part001.zip,.jpg,generated thumbnail,False,True,0
wp-content/uploads/2020/06/fund-office-2516068_640-199x300.jpg,14786,f961b996f1de8d66168fc7a840ea375e4b1cbdbc1c9382220a9ac49f125824a5,www.gemeinde-merching.de_wpvivid-b8981f085de20_2026-10-10-16-11_backup_uploads.part001.zip,.jpg,original/referenced,False,True,1
wp-content/uploads/2020/06/cropped-cropped-Wappen-alternativ-180x180.png,42876,a9c84b91b03303f90ea82a38f3a052605ab63401292e6574e7148c812248f867,www.gemeinde-merching.de_wpvivid-b8981f085de20_2026-10-10-16-11_backup_uploads.part001.zip,.png,generated thumbnail,False,True,0
wp-content/uploads/2020/06/cropped-cropped-Wappen-alternativ-270x270.png,79183,5e881b8e28fa2ef367e3185b2c405771a9a11f15771a95ffbaa04a6dab24f237,www.gemeinde-merching.de_wpvivid-b8981f085de20_2026-10-10-16-11_backup_uploads.part001.zip,.png,generated thumbnail,False,True,0
wp-content/uploads/2020/06/Schluessel-I.png,13224,09d3a26a232b97ac9c02eef45f9d5b96ae97d670c3a36f795b76e1429120bfac,www.gemeinde-merching.de_wpvivid-b8981f085de20_2026-10-10-16-11_backup_uploads.part001.zip,.png,original/referenced,True,False,0
wp-content/uploads/2020/06/Banner_1-120x150.jpg,6570,de960b60b6cb27b73c2391dd005863c91c0f633d182c50d355c245e49141a785,www.gemeinde-merching.de_wpvivid-b8981f085de20_2026-10-10-16-11_backup_uploads.part001.zip,.jpg,generated thumbnail,False,True,0
wp-content/uploads/2020/06/Schulungsflyer_Mandichosee.pdf,774771,187b00d3d377bc8eaca0ead999c2208840bfdcac007de66340aa63f409f21304,www.gemeinde-merching.de_wpvivid-b8981f085de20_2026-10-10-16-11_backup_uploads.part001.zip,.pdf,original/referenced,True,False,0
wp-content/uploads/2020/06/Banner_1.jpg,26435,e61258b5a5321d1ad577ba3649bd424db3d27dfe9ad2d67591a6278a52762507,www.gemeinde-merching.de_wpvivid-b8981f085de20_2026-10-10-16-11_backup_uploads.part001.zip,.jpg,original/referenced,True,False,0
wp-content/uploads/2020/06/Kette.png,139763,1767e92ed10b3b483e9aa100a46d8553acdc51081938b47e6786cddf21287155,www.gemeinde-merching.de_wpvivid-b8981f085de20_2026-10-10-16-11_backup_uploads.part001.zip,.png,original/referenced,True,False,0
wp-content/uploads/2020/06/cropped-cropped-Wappen-alternativ-192x192.png,47616,fc82157b57bfe7844c7baf7feeba3f56dbf3c77c960a5dc8dd2b0fa5f1a54b0a,www.gemeinde-merching.de_wpvivid-b8981f085de20_2026-10-10-16-11_backup_uploads.part001.zip,.png,generated thumbnail,False,True,0
wp-content/uploads/2020/06/Banner_1-60x300.jpg,5275,92850b883b80c58da1531f1cee1b615293872c9da5b4ac487b7ec5f916730bb6,www.gemeinde-merching.de_wpvivid-b8981f085de20_2026-10-10-16-11_backup_uploads.part001.zip,.jpg,generated thumbnail,False,True,0
wp-content/uploads/2020/06/collage-merching-150x150.jpg,7667,219cedf6f037f399d132b7adcc5e0ba964006af38099c4c73e164eca55c0fa4f,www.gemeinde-merching.de_wpvivid-b8981f085de20_2026-10-10-16-11_backup_uploads.part001.zip,.jpg,generated thumbnail,False,True,0
wp-content/uploads/2020/06/Wappen-alternativ.png,29092,98cb253fdc62fa50505ac2f3cdf41cc9c50b0030d6c900267e55e15f69625bdf,www.gemeinde-merching.de_wpvivid-b8981f085de20_2026-10-10-16-11_backup_uploads.part001.zip,.png,original/referenced,True,False,0
wp-content/uploads/2020/06/rain-455124_640.jpg,70717,9630740f3c1f61c20293358ac02d19ed1bfe2b1bf73305fd9a77267e49e7a060,www.gemeinde-merching.de_wpvivid-b8981f085de20_2026-10-10-16-11_backup_uploads.part001.zip,.jpg,original/referenced,True,False,1
wp-content/uploads/2020/06/Beitragsbild_Logo_Merching-2-150x150-1.jpg,9430,81bd8c115adccd3212edcd40f4cec285878a1d9c58c08bcdc5a6ff3fb5ed00a4,www.gemeinde-merching.de_wpvivid-b8981f085de20_2026-10-10-16-11_backup_uploads.part001.zip,.jpg,original/referenced,True,False,4
wp-content/uploads/2020/06/cropped-Wappen-alternativ.png,26050,1d33913b8e72c2e247dd8343a4eebf54616e1e69fc155008341cf0a440fdbdd7,www.gemeinde-merching.de_wpvivid-b8981f085de20_2026-10-10-16-11_backup_uploads.part001.zip,.png,original/referenced,True,False,2
wp-content/uploads/2020/06/collage-merching.jpg,125014,85017548064688166239d3e3e1bafd446c317c65d923fb7563db52f4282c54a2,www.gemeinde-merching.de_wpvivid-b8981f085de20_2026-10-10-16-11_backup_uploads.part001.zip,.jpg,original/referenced,True,False,0
wp-content/uploads/2020/06/Schulungsflyer_Mandichosee-pdf-106x150.jpg,6709,52cba86f46acdb895508ebfe554998cbf6b688284fccd396306f58d6eecca4d8,www.gemeinde-merching.de_wpvivid-b8981f085de20_2026-10-10-16-11_backup_uploads.part001.zip,.jpg,generated thumbnail,False,True,0
wp-content/uploads/2020/06/collage-merching-8-300x133.jpg,11948,e4f93b4de531b0059dce9a33da2da8fecdbf5f7d2e660fcfbac4f17d5117eb58,www.gemeinde-merching.de_wpvivid-b8981f085de20_2026-10-10-16-11_backup_uploads.part001.zip,.jpg,generated thumbnail,False,True,0
wp-content/uploads/2020/06/collage-merching-300x134.jpg,13744,f2f41da25e0461561d74429cb2230fab4422785d9080207296a57b61738d93ed,www.gemeinde-merching.de_wpvivid-b8981f085de20_2026-10-10-16-11_backup_uploads.part001.zip,.jpg,generated thumbnail,False,True,0
wp-content/uploads/2020/06/Schulungsflyer_Mandichosee-pdf.jpg,283449,60caec544bea8cd23d3a227cfcaf99261a6870e987d13d6bfe7b07ebe5a599a7,www.gemeinde-merching.de_wpvivid-b8981f085de20_2026-10-10-16-11_backup_uploads.part001.zip,.jpg,generated thumbnail,False,False,0
wp-content/uploads/2020/06/splashing-165192_640.jpg,70538,830cb355260c70af40f30d9f1a32a199b860d6170cc882be9871dec53d60ee80,www.gemeinde-merching.de_wpvivid-b8981f085de20_2026-10-10-16-11_backup_uploads.part001.zip,.jpg,original/referenced,True,False,0
wp-content/uploads/2020/06/Schulungsflyer_Mandichosee-pdf-212x300.jpg,17417,d21db283d75f73efc700ede7c509f46a33e0c230a5ad89f15525304c8bdcc3de,www.gemeinde-merching.de_wpvivid-b8981f085de20_2026-10-10-16-11_backup_uploads.part001.zip,.jpg,generated thumbnail,False,True,0
wp-content/uploads/2020/06/Beitragsbild_Logo_Merching-2-150x150-1-150x150.jpg,5526,f553de044cb0199b60eddd5873f21b402e0c9a74ae96c767613c08206879cecd,www.gemeinde-merching.de_wpvivid-b8981f085de20_2026-10-10-16-11_backup_uploads.part001.zip,.jpg,generated thumbnail,False,True,0
wp-content/uploads/2020/06/collage-merching-8.jpg,148238,79ea3effab69d8302d75f791c0eed46b0f0b8ccf5d6711f0ec6f7f916db23418,www.gemeinde-merching.de_wpvivid-b8981f085de20_2026-10-10-16-11_backup_uploads.part001.zip,.jpg,original/referenced,True,False,0
wp-content/uploads/2020/06/cropped-cropped-Wappen-alternativ-32x32.png,2598,08e8ba113a29d56207199f3ae86d4704014c838c123287b904cc2dad9a564fb7,www.gemeinde-merching.de_wpvivid-b8981f085de20_2026-10-10-16-11_backup_uploads.part001.zip,.png,generated thumbnail,False,True,0
wp-content/uploads/2020/06/cropped-cropped-Wappen-alternativ.png,194479,04c3e501d2a0cc74c1554ac1755486a603269a6193fca47203faddab840bdd6f,www.gemeinde-merching.de_wpvivid-b8981f085de20_2026-10-10-16-11_backup_uploads.part001.zip,.png,original/referenced,True,False,0
wp-content/uploads/2020/06/collage-merching-8-150x150.jpg,6366,7690392d7272cf0aeec777a2538f15487869f63626b39c3df6a38160c7f6357c,www.gemeinde-merching.de_wpvivid-b8981f085de20_2026-10-10-16-11_backup_uploads.part001.zip,.jpg,generated thumbnail,False,True,0
wp-content/uploads/2020/06/Fahrrad.png,5630,e70f72cef11054a6f4f3c1b7dc4de42b9b58a44bc210849c4468f144b1c7cbe9,www.gemeinde-merching.de_wpvivid-b8981f085de20_2026-10-10-16-11_backup_uploads.part001.zip,.png,original/referenced,True,False,3
wp-content/uploads/2020/06/cropped-cropped-Wappen-alternativ-150x150.png,32476,82b8dac8a747049a354f6bd72854b48449d1989e0a28b6aedb2213a348f54cd1,www.gemeinde-merching.de_wpvivid-b8981f085de20_2026-10-10-16-11_backup_uploads.part001.zip,.png,generated thumbnail,False,True,0
wp-content/uploads/2020/06/rain-455124_640-150x150.jpg,7505,e3391e3854cb61b9f3737f1e3c6d5d6e3e757132cf4f0f2e1ff168752140b76a,www.gemeinde-merching.de_wpvivid-b8981f085de20_2026-10-10-16-11_backup_uploads.part001.zip,.jpg,generated thumbnail,False,True,0
wp-content/uploads/2020/06/splashing-165192_640-150x150.jpg,6991,75a7e730d9c9da21e1ae61d4ce64e6c29ac2ab4bd69e04e94896939e7c1d17ba,www.gemeinde-merching.de_wpvivid-b8981f085de20_2026-10-10-16-11_backup_uploads.part001.zip,.jpg,generated thumbnail,False,True,0
wp-content/uploads/2020/06/fund-office-2516068_640-150x150.jpg,6234,430a33b9e44e316f23825af0cd92846e33c88d73cd29b0efdceba5e409c40c92,www.gemeinde-merching.de_wpvivid-b8981f085de20_2026-10-10-16-11_backup_uploads.part001.zip,.jpg,generated thumbnail,False,True,0
wp-content/uploads/2020/07/Ferienprogramm-2016-012.jpg,2826847,4ec0908d846a854dfd4179fa4c929d393385e2c4682d2aaa1f4d89291d185668,www.gemeinde-merching.de_wpvivid-b8981f085de20_2026-10-10-16-11_backup_uploads.part001.zip,.jpg,unreferenced candidate (not proven orphan),False,False,0
wp-content/uploads/2020/07/Ferienprogramm-2016-012-scaled.jpg,719663,4afa0257dc894d2c689456cd4ab3432be1be5287f71e415c93f264b5cfd0e06a,www.gemeinde-merching.de_wpvivid-b8981f085de20_2026-10-10-16-11_backup_uploads.part001.zip,.jpg,original/referenced,True,False,0
wp-content/uploads/2020/07/Ferienprogramm-2016-012-1024x682.jpg,182635,60c497eb36b14db7842e45b7a9d81c43b6ee1a6318c5afbc2f9a8245216378bf,www.gemeinde-merching.de_wpvivid-b8981f085de20_2026-10-10-16-11_backup_uploads.part001.zip,.jpg,generated thumbnail,False,True,0
wp-content/uploads/2020/07/Dominikus-u.-Lorena-bei-der-Schnitzeljagd.png,1053727,94e700100e7fba9ba96f9461d462127d277175fad8a6079a795362b02b7fe504,www.gemeinde-merching.de_wpvivid-b8981f085de20_2026-10-10-16-11_backup_uploads.part001.zip,.png,original/referenced,True,False,0
wp-content/uploads/2020/07/Rathaus-2020-1536x1065.jpg,235142,06e0d871a07b9179b9a194e7fa596a74949584b699f5888f0eb9aef9f6dd1625,www.gemeinde-merching.de_wpvivid-b8981f085de20_2026-10-10-16-11_backup_uploads.part001.zip,.jpg,generated thumbnail,False,True,0
wp-content/uploads/2020/07/Rathaus-2020-150x150.jpg,31919,7da046d17d0d3073aa6fb1c22f13e9b7d395beadadba50ce5144bc708a318737,www.gemeinde-merching.de_wpvivid-b8981f085de20_2026-10-10-16-11_backup_uploads.part001.zip,.jpg,generated thumbnail,False,True,0
wp-content/uploads/2020/07/Rathaus-2020-1024x710.jpg,127970,d8aa9305ee310c800f75f9c722f915e9bd03d4793c8ae2a7cdb64a7cf37d29d4,www.gemeinde-merching.de_wpvivid-b8981f085de20_2026-10-10-16-11_backup_uploads.part001.zip,.jpg,generated thumbnail,False,True,0
wp-content/uploads/2020/07/Ferienprogramm-2016-012-300x200.jpg,40968,f9f37377ee615c760341a5e5e5669e75f2326d00a4dba221d70305f05ff842b1,www.gemeinde-merching.de_wpvivid-b8981f085de20_2026-10-10-16-11_backup_uploads.part001.zip,.jpg,generated thumbnail,False,True,0
wp-content/uploads/2020/07/Ferienprogramm-2016-012-1536x1023.jpg,336640,feb7027efb08d3dc7b7791d365d2f36a2cc6d6a68fc66951c3d8fdce53293100,www.gemeinde-merching.de_wpvivid-b8981f085de20_2026-10-10-16-11_backup_uploads.part001.zip,.jpg,generated thumbnail,False,True,0
wp-content/uploads/2020/07/Ferienprogramm-2016-012-768x511.jpg,119704,03e4628c49f31903de2652b3255268d934eb9ae0e6fc3dbbd806fe3794cd34b3,www.gemeinde-merching.de_wpvivid-b8981f085de20_2026-10-10-16-11_backup_uploads.part001.zip,.jpg,generated thumbnail,False,True,0
wp-content/uploads/2020/07/Ferienprogramm-2016-012-150x150.jpg,30677,421ae2e74d194accb21967d59c2039f975c2789919f1bfe8d31d904604c57bc5,www.gemeinde-merching.de_wpvivid-b8981f085de20_2026-10-10-16-11_backup_uploads.part001.zip,.jpg,generated thumbnail,False,True,0
wp-content/uploads/2020/07/Rathaus-2020-768x532.jpg,87920,029431ebafbce4a6adb5bbd92fdc6e3ac7546d02a2b75c9f2e205ea59d50c04e,www.gemeinde-merching.de_wpvivid-b8981f085de20_2026-10-10-16-11_backup_uploads.part001.zip,.jpg,generated thumbnail,False,True,0
wp-content/uploads/2020/07/collage-merching-9.jpg,128494,50eef4132936d171b52aa250eb33bb2abf4c04c43253545b1f1c4e312eaad257,www.gemeinde-merching.de_wpvivid-b8981f085de20_2026-10-10-16-11_backup_uploads.part001.zip,.jpg,original/referenced,True,False,0
wp-content/uploads/2020/07/collage-merching-9-150x150.jpg,6497,c73d45a8a035ecb9b2a422cc12b4c401d97f227e6b8e4fe23c22a1f6d5e768e3,www.gemeinde-merching.de_wpvivid-b8981f085de20_2026-10-10-16-11_backup_uploads.part001.zip,.jpg,generated thumbnail,False,True,0
wp-content/uploads/2020/07/Ferienprogramm-2016-012-2048x1364.jpg,518136,9a1418c179c0e27c0d6168fed3a873ffcc0d58c06b1642d4c5a13ee3ec901abd,www.gemeinde-merching.de_wpvivid-b8981f085de20_2026-10-10-16-11_backup_uploads.part001.zip,.jpg,generated thumbnail,False,True,0
wp-content/uploads/2020/07/Dominikus-u.-Lorena-bei-der-Schnitzeljagd-300x232.png,125143,a5fa75cfa1dea24089ccfbb88d9c401287fc2978fd32f10a457a280ee2259467,www.gemeinde-merching.de_wpvivid-b8981f085de20_2026-10-10-16-11_backup_uploads.part001.zip,.png,generated thumbnail,False,True,0
wp-content/uploads/2020/07/Dominikus-u.-Lorena-bei-der-Schnitzeljagd-150x150.png,41231,9822ffd4d6dafa891b42e819cc98b1b0f1d57660a036d6c3d1c55cc16e92c5c6,www.gemeinde-merching.de_wpvivid-b8981f085de20_2026-10-10-16-11_backup_uploads.part001.zip,.png,generated thumbnail,False,True,0
wp-content/uploads/2020/07/Rathaus-2020.jpg,573306,f4f29add3a77c01e478a864358c17503b1d699cb430faf08e86ab1cc67106f8f,www.gemeinde-merching.de_wpvivid-b8981f085de20_2026-10-10-16-11_backup_uploads.part001.zip,.jpg,original/referenced,True,False,0
wp-content/uploads/2020/07/collage-merching-9-300x133.jpg,12248,ee7a9ea6acecf349cfba5b8a1f034f89a75e198296c3827cd675e8fbe2b99c7f,www.gemeinde-merching.de_wpvivid-b8981f085de20_2026-10-10-16-11_backup_uploads.part001.zip,.jpg,generated thumbnail,False,True,0
wp-content/uploads/2020/07/Rathaus-2020-300x208.jpg,38688,b9f173aad193ac69aeeae87dbf2bff95e694544494ecdb565f64d1f09a821f93,www.gemeinde-merching.de_wpvivid-b8981f085de20_2026-10-10-16-11_backup_uploads.part001.zip,.jpg,generated thumbnail,False,True,0
wp-content/uploads/2020/12/nature-3294632_1920-150x150.jpg,5299,ae5d91931293913040230c89a7bbf2543f265dd198ceccb65826916a0cb415bc,www.gemeinde-merching.de_wpvivid-b8981f085de20_2026-10-10-16-11_backup_uploads.part001.zip,.jpg,generated thumbnail,False,True,0
wp-content/uploads/2020/12/Limmer-Markus.jpg,50389,e7d35497809541c4f2c02ed9861ab34311c0d7f12ef6b659bcda7a7b327279bb,www.gemeinde-merching.de_wpvivid-b8981f085de20_2026-10-10-16-11_backup_uploads.part001.zip,.jpg,original/referenced,True,False,1
wp-content/uploads/2020/12/Beitragsbild-Volkshochschule-f.-Homepage-150x150.jpg,5287,125d24bb45f55ee8de02121f17e20483370299d4ec91d9a5b8d6281d91167de2,www.gemeinde-merching.de_wpvivid-b8981f085de20_2026-10-10-16-11_backup_uploads.part001.zip,.jpg,generated thumbnail,False,True,0
wp-content/uploads/2020/12/Beitragsbild-Volkshochschule-f.-Homepage-1-300x213.jpg,9338,265dff28aa2533fac98e3e505f8250d1db87f56b7adc00bc1275982f9da2f368,www.gemeinde-merching.de_wpvivid-b8981f085de20_2026-10-10-16-11_backup_uploads.part001.zip,.jpg,generated thumbnail,False,True,0
wp-content/uploads/2020/12/Beitragsbild-Volkshochschule-f.-Homepage-300x213.jpg,9338,265dff28aa2533fac98e3e505f8250d1db87f56b7adc00bc1275982f9da2f368,www.gemeinde-merching.de_wpvivid-b8981f085de20_2026-10-10-16-11_backup_uploads.part001.zip,.jpg,generated thumbnail,False,True,0
wp-content/uploads/2020/12/Steinhart-Andreas.jpg,48729,856371bc31b31322cebd743e201ef9b483df4745e8f618cb91334ab5d189d662,www.gemeinde-merching.de_wpvivid-b8981f085de20_2026-10-10-16-11_backup_uploads.part001.zip,.jpg,original/referenced,True,False,1
wp-content/uploads/2020/12/nature-3294632_1920-768x512.jpg,40917,531f03ee5ae58ce728c087495f8a12fcfc0a0008e934caeb050212aa5d547907,www.gemeinde-merching.de_wpvivid-b8981f085de20_2026-10-10-16-11_backup_uploads.part001.zip,.jpg,generated thumbnail,False,True,0
wp-content/uploads/2020/12/nature-3294632_1920.jpg,330991,f7dbaa0b3d6da65c9ddb0d386c21718ddcb91beed3150a2eb8554dc100f6f04e,www.gemeinde-merching.de_wpvivid-b8981f085de20_2026-10-10-16-11_backup_uploads.part001.zip,.jpg,original/referenced,True,False,0
wp-content/uploads/2020/12/Beitragsbild-Volkshochschule-f.-Homepage-1.jpg,19445,b9b52a5f5203e74a371811858e659992f17a9bcb14f752bf3269d57632e354e4,www.gemeinde-merching.de_wpvivid-b8981f085de20_2026-10-10-16-11_backup_uploads.part001.zip,.jpg,original/referenced,True,False,0
wp-content/uploads/2020/12/nature-3294632_1920-300x200.jpg,9889,1ebfcd9846737ae4fe415283472d51663e21307c785b0e224af81d2933a922aa,www.gemeinde-merching.de_wpvivid-b8981f085de20_2026-10-10-16-11_backup_uploads.part001.zip,.jpg,generated thumbnail,False,True,0
wp-content/uploads/2020/12/Beitragsbild-Volkshochschule-f.-Homepage-1-150x150.jpg,5287,125d24bb45f55ee8de02121f17e20483370299d4ec91d9a5b8d6281d91167de2,www.gemeinde-merching.de_wpvivid-b8981f085de20_2026-10-10-16-11_backup_uploads.part001.zip,.jpg,generated thumbnail,False,True,0
wp-content/uploads/2020/12/nature-3294632_1920-1024x682.jpg,65281,236f4c777a91b40909cf2b20d390874735ec25dfc7b358e2500139e87fecb523,www.gemeinde-merching.de_wpvivid-b8981f085de20_2026-10-10-16-11_backup_uploads.part001.zip,.jpg,generated thumbnail,False,True,0
wp-content/uploads/2020/12/Jocher-Andreas.jpg,49368,2bfedbafc96a6ff492193fd643ff564c94e9073df152eac99a3925a178a390eb,www.gemeinde-merching.de_wpvivid-b8981f085de20_2026-10-10-16-11_backup_uploads.part001.zip,.jpg,original/referenced,True,False,1
wp-content/uploads/2020/12/nature-3294632_1920-1536x1023.jpg,128813,7a1d03a4e8fa9237c438f8bb5d24d59a54b81c6a76c04da7dbf789efa20c1f53,www.gemeinde-merching.de_wpvivid-b8981f085de20_2026-10-10-16-11_backup_uploads.part001.zip,.jpg,generated thumbnail,False,True,0
wp-content/uploads/2020/12/Beitragsbild-Volkshochschule-f.-Homepage.jpg,19445,b9b52a5f5203e74a371811858e659992f17a9bcb14f752bf3269d57632e354e4,www.gemeinde-merching.de_wpvivid-b8981f085de20_2026-10-10-16-11_backup_uploads.part001.zip,.jpg,original/referenced,True,False,0
wp-content/uploads/2020/12/Mueller-Albert.jpg,50727,5ed05db420c58b3a6710f4b841ff120be71275fa2c93c60a3ddb4022bd2c8a54,www.gemeinde-merching.de_wpvivid-b8981f085de20_2026-10-10-16-11_backup_uploads.part001.zip,.jpg,original/referenced,True,False,1
wp-content/uploads/2020/05/barrier-4967989_1280-300x200.jpg,11403,0ba122fb55cdd31d3981bbe6ac8cf339fc7878c60f29a6551467fd94cacb1117,www.gemeinde-merching.de_wpvivid-b8981f085de20_2026-10-10-16-11_backup_uploads.part001.zip,.jpg,generated thumbnail,False,True,0
wp-content/uploads/2020/05/6-Greipel2.jpg,29267,fdd60af4ad381a0a835ac976586da9df42be745fcaba2553ca1031d6eece764d,www.gemeinde-merching.de_wpvivid-b8981f085de20_2026-10-10-16-11_backup_uploads.part001.zip,.jpg,original/referenced,True,False,0
wp-content/uploads/2020/05/barrier-4968021_1280-300x200.jpg,17539,62a769f166d95612d660af376abc5c3bd0f6eee6a2f77452d7f92e9d13c8ffc8,www.gemeinde-merching.de_wpvivid-b8981f085de20_2026-10-10-16-11_backup_uploads.part001.zip,.jpg,generated thumbnail,False,True,0
wp-content/uploads/2020/05/1_Robert_Graf_400-150x150.jpg,17592,059445b7f0c916e6935b809e6d648cce9ee8bcb4e4e8ade329d8ff17519213da,www.gemeinde-merching.de_wpvivid-b8981f085de20_2026-10-10-16-11_backup_uploads.part001.zip,.jpg,generated thumbnail,False,True,0
wp-content/uploads/2020/05/Kategorien-mit-iDs-1024x599.jpg,50968,6de12d7d2200a72139e9108d96d31fd520a8917788e837aaf0e79c491fc2a049,www.gemeinde-merching.de_wpvivid-b8981f085de20_2026-10-10-16-11_backup_uploads.part001.zip,.jpg,generated thumbnail,False,True,0
wp-content/uploads/2020/05/15-Dittebrand2-216x300.jpg,9352,257541e536b3949bba4af26ad45b1948c3e95d35aba2240070c309cbedfc67bd,www.gemeinde-merching.de_wpvivid-b8981f085de20_2026-10-10-16-11_backup_uploads.part001.zip,.jpg,generated thumbnail,False,True,0
wp-content/uploads/2020/05/1-Luichtl2-micro.jpg,7245,e2b6413e6f343988ce01559a36a6cfe141a09ca300b2ec6cf24ac4a4b5013aca,www.gemeinde-merching.de_wpvivid-b8981f085de20_2026-10-10-16-11_backup_uploads.part001.zip,.jpg,original/referenced,True,False,0
wp-content/uploads/2020/05/stocking-1701768_640-150x150.jpg,6610,621f12147eec5403d9d9725921c7cd779258953ee6713647f96b2380d2befa3c,www.gemeinde-merching.de_wpvivid-b8981f085de20_2026-10-10-16-11_backup_uploads.part001.zip,.jpg,generated thumbnail,False,True,0
wp-content/uploads/2020/05/room-2365613_640.jpg,75186,23991240fc66ec393ba8340323e8ba8dc6f83c16c6b0819b40f354fd3c8e0eee,www.gemeinde-merching.de_wpvivid-b8981f085de20_2026-10-10-16-11_backup_uploads.part001.zip,.jpg,original/referenced,True,False,2
wp-content/uploads/2020/05/7_14Waitzmann_klein-127x150.jpg,4590,0877aaed867ea8e8ca33bd5b3c764cee49e733cb86cf70b0413ff5fc4970a3fa,www.gemeinde-merching.de_wpvivid-b8981f085de20_2026-10-10-16-11_backup_uploads.part001.zip,.jpg,generated thumbnail,False,True,0
wp-content/uploads/2020/05/Huber_klein-150x150.jpg,5671,6ab817ddb390d9d9b360ce6cd5eab93be60eaaa453ffa03dabfe5be54de4b83b,www.gemeinde-merching.de_wpvivid-b8981f085de20_2026-10-10-16-11_backup_uploads.part001.zip,.jpg,generated thumbnail,False,True,0
wp-content/uploads/2020/05/1-Luichtl-768x1063.jpg,158531,8f3d9c3911f91b91832a88716397440cf7273db02b95e837ab48fcc36e938032,www.gemeinde-merching.de_wpvivid-b8981f085de20_2026-10-10-16-11_backup_uploads.part001.zip,.jpg,generated thumbnail,False,True,0
wp-content/uploads/2020/05/kalender-5-1024x741.jpg,71499,e3fffd42eca184d695e2c403b856663d65852ee98971f7e85157148db401b5bc,www.gemeinde-merching.de_wpvivid-b8981f085de20_2026-10-10-16-11_backup_uploads.part001.zip,.jpg,generated thumbnail,False,True,0
wp-content/uploads/2020/05/barrier-4967989_1280-150x150.jpg,5290,612f22480b070cc7db2ec431bc9d9bd22e454330180586b7de8383d6e66b3309,www.gemeinde-merching.de_wpvivid-b8981f085de20_2026-10-10-16-11_backup_uploads.part001.zip,.jpg,generated thumbnail,False,True,0
wp-content/uploads/2020/05/1-Luichtl2_klein-127x150.jpg,5427,7229303f3f29ac550dd6d715227dd6366f6070a2a29e58d0344e915fd4825072,www.gemeinde-merching.de_wpvivid-b8981f085de20_2026-10-10-16-11_backup_uploads.part001.zip,.jpg,generated thumbnail,False,True,0
wp-content/uploads/2020/05/Huber_klein-1-149x150.jpg,5723,3957c43601130e30eebe15e3019d38c4fd147ecb7157f4242c504dc45dd695ca,www.gemeinde-merching.de_wpvivid-b8981f085de20_2026-10-10-16-11_backup_uploads.part001.zip,.jpg,generated thumbnail,False,True,0
wp-content/uploads/2020/05/7_2Eckmann_klein-134x150.jpg,4842,5910472156ccb4f9b6002c8c717a4d3f2719889428d0e06627fb89b338a76635,www.gemeinde-merching.de_wpvivid-b8981f085de20_2026-10-10-16-11_backup_uploads.part001.zip,.jpg,generated thumbnail,False,True,0
wp-content/uploads/2020/05/4-Mayr2-216x300.jpg,11319,e1c601f2de06ceca9ca3e227a1d57b461ddabb322caa977bc20038e5febe3074,www.gemeinde-merching.de_wpvivid-b8981f085de20_2026-10-10-16-11_backup_uploads.part001.zip,.jpg,generated thumbnail,False,True,0
wp-content/uploads/2020/05/1-Luichtl2-216x300.jpg,13375,d42c5757a703a09c5b8830eaef29b6a0c1d9cca4e394b782a2c7ac217288bf77,www.gemeinde-merching.de_wpvivid-b8981f085de20_2026-10-10-16-11_backup_uploads.part001.zip,.jpg,generated thumbnail,False,True,0
wp-content/uploads/2020/05/Fragebogen_Gemeinde_Selbstauskunft-pdf-106x150.jpg,6483,ef52a507e7c8d067a153f8481ef531cd62ebce3293d961019631784d2ed1a58f,www.gemeinde-merching.de_wpvivid-b8981f085de20_2026-10-10-16-11_backup_uploads.part001.zip,.jpg,generated thumbnail,False,True,0
wp-content/uploads/2020/05/rails-3309912_640-150x150.jpg,10427,9e22727dafbfb170ef94b7a2a750cd5c581da76048cf6534c61dd843b745a762,www.gemeinde-merching.de_wpvivid-b8981f085de20_2026-10-10-16-11_backup_uploads.part001.zip,.jpg,generated thumbnail,False,True,0
wp-content/uploads/2020/05/7_4Failer_Christian-150x150.jpg,4842,ad18f3702d73bf89c7834672c6ecdbed5a8d87a042146780a064fe67f1fe3c3f,www.gemeinde-merching.de_wpvivid-b8981f085de20_2026-10-10-16-11_backup_uploads.part001.zip,.jpg,generated thumbnail,False,True,0
wp-content/uploads/2020/05/kalender-4-768x445.jpg,30880,81d5359dc0bc81bb1cd653fa3c48081952cb0c2778c709812e940d97ef6e36e0,www.gemeinde-merching.de_wpvivid-b8981f085de20_2026-10-10-16-11_backup_uploads.part001.zip,.jpg,generated thumbnail,False,True,0
wp-content/uploads/2020/05/7_14Waitzmann-150x150.jpg,4950,efe97e10b18850b75c2d7769f3e27094274f0810d295db8d17cafe8f952c593d,www.gemeinde-merching.de_wpvivid-b8981f085de20_2026-10-10-16-11_backup_uploads.part001.zip,.jpg,generated thumbnail,False,True,0
wp-content/uploads/2020/05/kalender-3-150x150.jpg,1731,91930aef5451c5a28a55f17ad2ad8bbf75f8295191a6ada847da8de8839dc2f5,www.gemeinde-merching.de_wpvivid-b8981f085de20_2026-10-10-16-11_backup_uploads.part001.zip,.jpg,generated thumbnail,False,True,0
wp-content/uploads/2020/05/1-Luichtl-150x150.jpg,15437,1f92b22f6c8c04b77d3014869c5aea7f304174c90bb70efc74e22d2fb412d1d3,www.gemeinde-merching.de_wpvivid-b8981f085de20_2026-10-10-16-11_backup_uploads.part001.zip,.jpg,generated thumbnail,False,True,0
wp-content/uploads/2020/05/rails-3309912_640-300x200.jpg,26558,b4e19544c55cada083722d824f1729cf8abee49aa0d13d7398132d5b49748e13,www.gemeinde-merching.de_wpvivid-b8981f085de20_2026-10-10-16-11_backup_uploads.part001.zip,.jpg,original/referenced,False,True,3
wp-content/uploads/2020/05/kalender-1-150x150.jpg,3578,449bfb8f2e4507624708981347b551c02cddd3cb23365bf1ed9376b982355dd0,www.gemeinde-merching.de_wpvivid-b8981f085de20_2026-10-10-16-11_backup_uploads.part001.zip,.jpg,generated thumbnail,False,True,0
wp-content/uploads/2020/05/kalender-5-300x217.jpg,8644,7550f78681e1784fa512c578f94aac3d3db3cc96b4afb16371241c70b74640ae,www.gemeinde-merching.de_wpvivid-b8981f085de20_2026-10-10-16-11_backup_uploads.part001.zip,.jpg,generated thumbnail,False,True,0
wp-content/uploads/2020/05/sewer-pipes-2259514_640.jpg,53930,148839b4976a578fc9f44027e5f561701f2e23bd194f379108f244b2c0de7b79,www.gemeinde-merching.de_wpvivid-b8981f085de20_2026-10-10-16-11_backup_uploads.part001.zip,.jpg,original/referenced,True,False,1
wp-content/uploads/2020/05/kalender-6-1024x105.jpg,15877,d4c3cf7b5038acda646464a105c6b89e05e7cc7f26b85a90b10c55b9f47a637e,www.gemeinde-merching.de_wpvivid-b8981f085de20_2026-10-10-16-11_backup_uploads.part001.zip,.jpg,generated thumbnail,False,True,0
wp-content/uploads/2020/05/4-Mayr2-150x150.jpg,5285,ffa3e94ca2ed04f4d20cbe746e00755bb45c967856a086c4f5d6be4e800e781b,www.gemeinde-merching.de_wpvivid-b8981f085de20_2026-10-10-16-11_backup_uploads.part001.zip,.jpg,generated thumbnail,False,True,0
wp-content/uploads/2020/05/7_15Wecker_Martin_klein.jpg,4712,41e1850e8a91ef6dd3eefe15a09220d418391d0b3eaed9ec39b2c2a06682282c,www.gemeinde-merching.de_wpvivid-b8981f085de20_2026-10-10-16-11_backup_uploads.part001.zip,.jpg,original/referenced,True,False,0
wp-content/uploads/2020/05/kalender-1-1024x471.jpg,55647,e9f2712d63bae63950b69db43b2550853453a3f227285ec9056cb8e78dec6da9,www.gemeinde-merching.de_wpvivid-b8981f085de20_2026-10-10-16-11_backup_uploads.part001.zip,.jpg,generated thumbnail,False,True,0
wp-content/uploads/2020/05/7_14Waitzmann-214x300.jpg,9758,249e23be561c79e5d08c12fa997067e1ef1a6e4e342cf66cb5c34424e3ce1e8a,www.gemeinde-merching.de_wpvivid-b8981f085de20_2026-10-10-16-11_backup_uploads.part001.zip,.jpg,generated thumbnail,False,True,0
wp-content/uploads/2020/05/7_0Storch-150x150.jpg,5434,7270447f250210218615300de5fef3c3d88898d4be55a607c37950118615304c,www.gemeinde-merching.de_wpvivid-b8981f085de20_2026-10-10-16-11_backup_uploads.part001.zip,.jpg,generated thumbnail,False,True,0
wp-content/uploads/2020/05/kalender-6-768x79.jpg,10456,02bc1d5c35259892e09e8b786fa8ccc852d9d87bd2aba1df5eb849ec88d9ebad,www.gemeinde-merching.de_wpvivid-b8981f085de20_2026-10-10-16-11_backup_uploads.part001.zip,.jpg,generated thumbnail,False,True,0
wp-content/uploads/2020/05/barrier-4967989_1280-768x512.jpg,47595,d8358c239ab84d1d38c0da4cb41497ec33ca1be25f0b05340288bf1ccc8fecf1,www.gemeinde-merching.de_wpvivid-b8981f085de20_2026-10-10-16-11_backup_uploads.part001.zip,.jpg,generated thumbnail,False,True,0
wp-content/uploads/2020/05/7_2Eckmann.jpg,34532,68755e7ae7e11e2de71de2f9198995727ee4efa0bb200e484950b87c2518bb9e,www.gemeinde-merching.de_wpvivid-b8981f085de20_2026-10-10-16-11_backup_uploads.part001.zip,.jpg,original/referenced,True,False,0
wp-content/uploads/2020/05/kalender-3-1536x447.jpg,59205,939e72c4d1e72a40aae98668dbac8c536a9bdcbb272881b7f5e93aa27991bb9a,www.gemeinde-merching.de_wpvivid-b8981f085de20_2026-10-10-16-11_backup_uploads.part001.zip,.jpg,generated thumbnail,False,True,0
wp-content/uploads/2020/05/7_3Failer-Josef_klein.jpg,4207,589c87f5d88b8bb8f92eb721b52d41c67d6a347c4238eab93665ee737cdb16b4,www.gemeinde-merching.de_wpvivid-b8981f085de20_2026-10-10-16-11_backup_uploads.part001.zip,.jpg,original/referenced,True,False,0
wp-content/uploads/2020/05/rad-3553814_640-300x200.jpg,10613,1f56cb028fe4eaf80f1d96a593133fe35be45711583d6eaff2eb9bc863d039f0,www.gemeinde-merching.de_wpvivid-b8981f085de20_2026-10-10-16-11_backup_uploads.part001.zip,.jpg,original/referenced,False,True,2
wp-content/uploads/2020/05/kalender-4-2048x1186.jpg,161722,57c7260814b172ff5065db04a35c6039ca7af5a4cc7e971bcec1cac098cfe271,www.gemeinde-merching.de_wpvivid-b8981f085de20_2026-10-10-16-11_backup_uploads.part001.zip,.jpg,generated thumbnail,False,True,0
wp-content/uploads/2020/05/7_12Scheibenbogen.jpg,38767,d2b408f05abf2cb6cd1eb58577d7759af4ec858fd0620c8c3b224472845da6da,www.gemeinde-merching.de_wpvivid-b8981f085de20_2026-10-10-16-11_backup_uploads.part001.zip,.jpg,original/referenced,True,False,0
wp-content/uploads/2020/05/Bäcker-2561_640-300x200.jpg,16587,01b3bb2ef456347c14a0cd2b98edd73a19050ab563bc6024f36abe3e42c8e2ba,www.gemeinde-merching.de_wpvivid-b8981f085de20_2026-10-10-16-11_backup_uploads.part001.zip,.jpg,generated thumbnail,False,True,1
wp-content/uploads/2020/05/1-Luichtl-217x300.jpg,23187,a7b0f5c57e22a3a5268877f35a91d8826784d49daab712815bfe43b59926f0d5,www.gemeinde-merching.de_wpvivid-b8981f085de20_2026-10-10-16-11_backup_uploads.part001.zip,.jpg,original/referenced,False,True,0
wp-content/uploads/2020/05/7_9Natalie-Lang_klein-127x150.jpg,4332,5004d628469e53be0c72b29b5e77e1769b2f7351069cda00b82e37f7a6d057a4,www.gemeinde-merching.de_wpvivid-b8981f085de20_2026-10-10-16-11_backup_uploads.part001.zip,.jpg,generated thumbnail,False,True,0
wp-content/uploads/2020/05/6-Greipel2_klein.jpg,5361,e67930c513942f5703f752a979b6e5be08c535acd836d433742f0123561bb095,www.gemeinde-merching.de_wpvivid-b8981f085de20_2026-10-10-16-11_backup_uploads.part001.zip,.jpg,original/referenced,True,False,1
wp-content/uploads/2020/05/kalender-5.jpg,151250,d6aa16fd1fdd4173878a248e485607624b793dfbab835c21b4a73416231ee416,www.gemeinde-merching.de_wpvivid-b8981f085de20_2026-10-10-16-11_backup_uploads.part001.zip,.jpg,original/referenced,True,False,0
wp-content/uploads/2020/05/network-cable-2245837_640-150x150.jpg,3653,23efd20eddbb9a8b7cd5068612121f482a8b7ebc405cd054b26525f231213b43,www.gemeinde-merching.de_wpvivid-b8981f085de20_2026-10-10-16-11_backup_uploads.part001.zip,.jpg,generated thumbnail,False,True,0
wp-content/uploads/2020/05/7_12Scheibenbogen-150x150.jpg,5783,b376fc9f85cb6ce05558086933abe94b57b67a7b8042589ba1be4fa875b1745f,www.gemeinde-merching.de_wpvivid-b8981f085de20_2026-10-10-16-11_backup_uploads.part001.zip,.jpg,generated thumbnail,False,True,0
wp-content/uploads/2020/05/3_Wolfgang_Schlagenhauf_400-150x150.jpg,14654,7d9c3ec6f998bc111234532c2c5c8f64a4e2917b8b2b288ce2d1bb771a7ab083,www.gemeinde-merching.de_wpvivid-b8981f085de20_2026-10-10-16-11_backup_uploads.part001.zip,.jpg,generated thumbnail,False,True,0
wp-content/uploads/2020/05/kalender-2-150x150.jpg,4055,3d5bca487eba403e608ac23cff13c98bd158457e15160528557be2a47e170af5,www.gemeinde-merching.de_wpvivid-b8981f085de20_2026-10-10-16-11_backup_uploads.part001.zip,.jpg,generated thumbnail,False,True,0
wp-content/uploads/2020/05/Huber_klein.jpg,9292,d3dbbfdb69d3a0c1f803cd0e5818ef6d4265c242fc85ef317824617a48bfb3d8,www.gemeinde-merching.de_wpvivid-b8981f085de20_2026-10-10-16-11_backup_uploads.part001.zip,.jpg,original/referenced,True,False,0
wp-content/uploads/2020/05/6-Greipel2_klein-127x150.jpg,5124,e9748a8d7a84b3318f61a3cc45e9d53914974440ffa3c392c225150af0973953,www.gemeinde-merching.de_wpvivid-b8981f085de20_2026-10-10-16-11_backup_uploads.part001.zip,.jpg,generated thumbnail,False,True,0
wp-content/uploads/2020/05/3_Wolfgang_Schlagenhauf_400.jpg,165401,4e62dd050d18228c44bf8b8a836e9a649a4c54e2a798e99f12fb8a3afb6c07a3,www.gemeinde-merching.de_wpvivid-b8981f085de20_2026-10-10-16-11_backup_uploads.part001.zip,.jpg,original/referenced,True,False,0
wp-content/uploads/2020/05/child-1864718_640-300x200.jpg,11596,8e1a1c6f5d6b85f0899747e24d69016f7c0a958ef3c1a6a9bc39527d7e86532b,www.gemeinde-merching.de_wpvivid-b8981f085de20_2026-10-10-16-11_backup_uploads.part001.zip,.jpg,original/referenced,False,True,1
wp-content/uploads/2020/05/1-Luichtl.jpg,2899348,9d80c906c3e2eb02edc3fd4b09686e35c5e14266136766df928d2b0796df272f,www.gemeinde-merching.de_wpvivid-b8981f085de20_2026-10-10-16-11_backup_uploads.part001.zip,.jpg,unreferenced candidate (not proven orphan),False,False,0
wp-content/uploads/2020/05/barrier-4968021_1280-768x512.jpg,97626,3224a2571e10d94f1933aab25d6c8aba8939df5ed6a6dd892e0456b00d35e855,www.gemeinde-merching.de_wpvivid-b8981f085de20_2026-10-10-16-11_backup_uploads.part001.zip,.jpg,generated thumbnail,False,True,0
wp-content/uploads/2020/05/kalender-2-1024x548.jpg,51910,9b10a81283a7f8d54ccdb342900f6a692792c469d2101e19af3620c3f25d04b6,www.gemeinde-merching.de_wpvivid-b8981f085de20_2026-10-10-16-11_backup_uploads.part001.zip,.jpg,generated thumbnail,False,True,0
wp-content/uploads/2020/05/2-Teifelhart2_klein-127x150.jpg,4560,d9ab47c3e516ac7c00dc512fcb44ba6e4ca806bcfc08c3b1f7e664cec80366af,www.gemeinde-merching.de_wpvivid-b8981f085de20_2026-10-10-16-11_backup_uploads.part001.zip,.jpg,generated thumbnail,False,True,0
wp-content/uploads/2020/05/kalender-7-300x104.jpg,3979,c574fb9d20269a856326db634e292bc00d2299bfcde7ea2a52d6b16889e5085e,www.gemeinde-merching.de_wpvivid-b8981f085de20_2026-10-10-16-11_backup_uploads.part001.zip,.jpg,generated thumbnail,False,True,0
wp-content/uploads/2020/05/kids-1093758_640-150x150.jpg,5453,3e415e300ce17f389bb66a347d842c70862702658a18e420100078fe4a06d585,www.gemeinde-merching.de_wpvivid-b8981f085de20_2026-10-10-16-11_backup_uploads.part001.zip,.jpg,generated thumbnail,False,True,0
wp-content/uploads/2020/05/sewer-pipes-2259514_640-150x150.jpg,5771,7bb4aeea551830f98ed69a0a4cd85c65d637acca99136fdb440fb5ec4beae868,www.gemeinde-merching.de_wpvivid-b8981f085de20_2026-10-10-16-11_backup_uploads.part001.zip,.jpg,generated thumbnail,False,True,0
wp-content/uploads/2020/05/15-Dittebrand2-150x150.jpg,4861,c6b2c70ee12ca31dbaff2dfac0061165f3d949a88a48e6713d00075390e548ec,www.gemeinde-merching.de_wpvivid-b8981f085de20_2026-10-10-16-11_backup_uploads.part001.zip,.jpg,generated thumbnail,False,True,0
wp-content/uploads/2020/05/2-Teifelhart2.jpg,28148,87162d525aba92e5a77b7c24f21fc4872f13eca353fe5691f3e9f7df079d65fd,www.gemeinde-merching.de_wpvivid-b8981f085de20_2026-10-10-16-11_backup_uploads.part001.zip,.jpg,original/referenced,True,False,0
wp-content/uploads/2020/05/dog-2561134_640-300x200.jpg,9098,30337e5885e7aef7e47d70345de1b22dbc79c11e70e684b41dbab9eb93efb230,www.gemeinde-merching.de_wpvivid-b8981f085de20_2026-10-10-16-11_backup_uploads.part001.zip,.jpg,original/referenced,False,True,1
wp-content/uploads/2020/05/child-1864718_640.jpg,42234,b7cb790c8b58267e8fb281f1bbdc0b7bfbe17e0e3918b9b856515ed366a4da37,www.gemeinde-merching.de_wpvivid-b8981f085de20_2026-10-10-16-11_backup_uploads.part001.zip,.jpg,original/referenced,True,False,1
wp-content/uploads/2020/05/kalender-2-300x160.jpg,7845,3b8b8a7a0a087df5e1b3923377e5bab6a0e00d9ac544fc149ad9a5cc588151ef,www.gemeinde-merching.de_wpvivid-b8981f085de20_2026-10-10-16-11_backup_uploads.part001.zip,.jpg,generated thumbnail,False,True,0
wp-content/uploads/2020/05/Fragebogen_Gemeinde_Selbstauskunft-pdf-724x1024.jpg,122933,b6d452ec28d4f7defbe0fa70c8de428593c7918566b56767d58d338d51b6d5f6,www.gemeinde-merching.de_wpvivid-b8981f085de20_2026-10-10-16-11_backup_uploads.part001.zip,.jpg,generated thumbnail,False,True,0
wp-content/uploads/2020/05/7_7Lutz_klein.jpg,4233,758e9f2c90fbe85cc3b42c90549c8569c502cbe41d3c7a2dbd76476c95881a00,www.gemeinde-merching.de_wpvivid-b8981f085de20_2026-10-10-16-11_backup_uploads.part001.zip,.jpg,original/referenced,True,False,0
wp-content/uploads/2020/05/kalender-7-2048x713.jpg,84420,834cbfd2b09ad85c869e8ea2fa3cf8119ac99099d4951e3f7ab6ed123ed900b0,www.gemeinde-merching.de_wpvivid-b8981f085de20_2026-10-10-16-11_backup_uploads.part001.zip,.jpg,generated thumbnail,False,True,0
wp-content/uploads/2020/05/15-Dittebrand2.jpg,28050,815cd4614bb2852f07ae83e7ba960ba06643ac01c113a4ed43deced49d7a5564,www.gemeinde-merching.de_wpvivid-b8981f085de20_2026-10-10-16-11_backup_uploads.part001.zip,.jpg,original/referenced,True,False,0
wp-content/uploads/2020/05/7_7Lutz.jpg,27383,7e2e4890b80e3d4e79fc8bd626772050bf6288fd14f2b71431c0fd616da85e5b,www.gemeinde-merching.de_wpvivid-b8981f085de20_2026-10-10-16-11_backup_uploads.part001.zip,.jpg,original/referenced,True,False,0
wp-content/uploads/2020/05/7_0Storch.jpg,43068,6029978377fb3bb53d537356352ab01cad699ab20ad4d0770c1c4457a87399b3,www.gemeinde-merching.de_wpvivid-b8981f085de20_2026-10-10-16-11_backup_uploads.part001.zip,.jpg,original/referenced,True,False,0
wp-content/uploads/2020/05/7_0Storch_klein.jpg,5487,b234fb4ba2816a0e15b0399195c7e29ad0edef28552b8a36d50972d98437a061,www.gemeinde-merching.de_wpvivid-b8981f085de20_2026-10-10-16-11_backup_uploads.part001.zip,.jpg,original/referenced,True,False,0
wp-content/uploads/2020/05/Huber_klein-1.jpg,7028,bcc5df864c6eb14a58326d60731056ac3d0f1206698ee50de1f87ef77a97b07e,www.gemeinde-merching.de_wpvivid-b8981f085de20_2026-10-10-16-11_backup_uploads.part001.zip,.jpg,original/referenced,True,False,0
wp-content/uploads/2020/05/kalender-sort.jpg,57077,c608ed1a839f4b5177495a6be1211bda6066bf4b3ca7104c032bb10460673a53,www.gemeinde-merching.de_wpvivid-b8981f085de20_2026-10-10-16-11_backup_uploads.part001.zip,.jpg,original/referenced,True,False,0
wp-content/uploads/2020/05/money-1005464_640-e1733740876650.jpg,14231,4124902e529f3caabacfd73332a97799233d634056098acf0a852b5f5101958a,www.gemeinde-merching.de_wpvivid-b8981f085de20_2026-10-10-16-11_backup_uploads.part001.zip,.jpg,unreferenced candidate (not proven orphan),False,False,0
wp-content/uploads/2020/05/kalender-6-300x31.jpg,1982,b73aa3a00ed5a0f92dcca1d4ab3402b7f2ee8b9af6c2b2610507dfba1201c186,www.gemeinde-merching.de_wpvivid-b8981f085de20_2026-10-10-16-11_backup_uploads.part001.zip,.jpg,generated thumbnail,False,True,0
wp-content/uploads/2020/05/1_Robert_Graf_400.jpg,166260,8f78653e365a8fb6476cfce52db0a889027ccbb1c59a1e782497fa9b03b4c523,www.gemeinde-merching.de_wpvivid-b8981f085de20_2026-10-10-16-11_backup_uploads.part001.zip,.jpg,original/referenced,True,False,0
wp-content/uploads/2020/05/7_2Eckmann-150x150.jpg,5059,e1482ab4d7e06956254de27e252b147e73521386492a87a3f3bf15da2cc1d394,www.gemeinde-merching.de_wpvivid-b8981f085de20_2026-10-10-16-11_backup_uploads.part001.zip,.jpg,generated thumbnail,False,True,0
wp-content/uploads/2020/05/kalender-4-1536x889.jpg,99062,9f0372fbe4ac94793d7daf95e5c5ffb104bb562469c1069ac16c29c636330718,www.gemeinde-merching.de_wpvivid-b8981f085de20_2026-10-10-16-11_backup_uploads.part001.zip,.jpg,generated thumbnail,False,True,0
wp-content/uploads/2020/05/Fragebogen_Gemeinde_Selbstauskunft.pdf,465875,6cfd362d1c23c5984402a992eaea3069d73f24b10d36dfeee3d52de66d674849,www.gemeinde-merching.de_wpvivid-b8981f085de20_2026-10-10-16-11_backup_uploads.part001.zip,.pdf,original/referenced,True,False,0
wp-content/uploads/2020/05/7_4Failer_Christian_klein-127x150.jpg,4575,1ffe218ec663b4b506ba49f5c277dbf29e23a36dd5599299f45bac3b0f76862c,www.gemeinde-merching.de_wpvivid-b8981f085de20_2026-10-10-16-11_backup_uploads.part001.zip,.jpg,generated thumbnail,False,True,0
wp-content/uploads/2020/05/14-Schwarz2.jpg,27612,f954f3e4f0e25f63ce3ff832ffa4bf553d74d5c58ea2ea9e32204df6c8fceb10,www.gemeinde-merching.de_wpvivid-b8981f085de20_2026-10-10-16-11_backup_uploads.part001.zip,.jpg,original/referenced,True,False,0
wp-content/uploads/2020/05/barrier-4968021_1280-150x150.jpg,7006,4e0e3f0cb2b0644c2b2d90861540b4d3ac98ee855599962e58b47f60937c827c,www.gemeinde-merching.de_wpvivid-b8981f085de20_2026-10-10-16-11_backup_uploads.part001.zip,.jpg,generated thumbnail,False,True,0
wp-content/uploads/2020/05/7_7Lutz_klein-127x150.jpg,4144,1a5e9be81507dafa1e65839117edb140fc06a33292c1fbf7011e14ede7035ccd,www.gemeinde-merching.de_wpvivid-b8981f085de20_2026-10-10-16-11_backup_uploads.part001.zip,.jpg,generated thumbnail,False,True,0
wp-content/uploads/2020/05/6-Greipel2-150x150.jpg,5284,35144f390de5913bbf2198e80aaded61366b8512b77c53eab65fc1ce04f0f272,www.gemeinde-merching.de_wpvivid-b8981f085de20_2026-10-10-16-11_backup_uploads.part001.zip,.jpg,generated thumbnail,False,True,0
wp-content/uploads/2020/05/kalender-7-1536x534.jpg,55007,a44c600c9a7fc65ec9b79f7a8f7d7678f3f95301350331d8b2df98acf17fb17c,www.gemeinde-merching.de_wpvivid-b8981f085de20_2026-10-10-16-11_backup_uploads.part001.zip,.jpg,generated thumbnail,False,True,0
wp-content/uploads/2020/05/stand-paddling-4517331_640.jpg,66639,1881c34705306b3781c1db4353b9cffd00472d1396b4aca57bec3eaee48437f5,www.gemeinde-merching.de_wpvivid-b8981f085de20_2026-10-10-16-11_backup_uploads.part001.zip,.jpg,original/referenced,True,False,2
wp-content/uploads/2020/05/kalender-3-768x223.jpg,17936,3c217db8a82a433aef44e2bcb3aae704a384dd286fb701811b731ca79fd0d8e1,www.gemeinde-merching.de_wpvivid-b8981f085de20_2026-10-10-16-11_backup_uploads.part001.zip,.jpg,generated thumbnail,False,True,0
wp-content/uploads/2020/05/1-Luichtl-scaled.jpg,693300,ebba443358acfc75dc58db47222042f996ee879635a77903d2ea9715e2bfb126,www.gemeinde-merching.de_wpvivid-b8981f085de20_2026-10-10-16-11_backup_uploads.part001.zip,.jpg,original/referenced,True,False,1
wp-content/uploads/2020/05/IMG_7090-mikro.jpg,12180,3715fc4e8cba402cf7787d9994b522899f316d2b6f75d43017424c668fd7c00b,www.gemeinde-merching.de_wpvivid-b8981f085de20_2026-10-10-16-11_backup_uploads.part001.zip,.jpg,original/referenced,True,False,0
wp-content/uploads/2020/05/1-Luichtl-740x1024.jpg,148511,a0e7e33c0171794f4770d522ceb7b339477969158dcdb732093a75edc5a523d9,www.gemeinde-merching.de_wpvivid-b8981f085de20_2026-10-10-16-11_backup_uploads.part001.zip,.jpg,generated thumbnail,False,True,0
wp-content/uploads/2020/05/coronavirus-4914026_1280.jpg,87041,e58621167bf4ed9024345609df1a56bbf03a7866e12a7b5ab365eb8e894753d9,www.gemeinde-merching.de_wpvivid-b8981f085de20_2026-10-10-16-11_backup_uploads.part001.zip,.jpg,unreferenced candidate (not proven orphan),False,False,0
wp-content/uploads/2020/05/kalender-3-1024x298.jpg,29389,5bd7ffc72e8c7b69db2a08bdbef6b9ca27a1000384d188d9b72dcb8d3fcae78e,www.gemeinde-merching.de_wpvivid-b8981f085de20_2026-10-10-16-11_backup_uploads.part001.zip,.jpg,generated thumbnail,False,True,0
wp-content/uploads/2020/05/Fragebogen_Gemeinde_Selbstauskunft-pdf.jpg,238935,9269366f854ab25c11321c7d5d6713ea724b08fdab82e596eaf0b3179abf3736,www.gemeinde-merching.de_wpvivid-b8981f085de20_2026-10-10-16-11_backup_uploads.part001.zip,.jpg,generated thumbnail,False,False,0
wp-content/uploads/2020/05/money-1005464_640-150x150.jpg,6080,1d1df360fb51d00624f682b68ead50cbb57cfaea5aa8b0cee94b1547b9c018bb,www.gemeinde-merching.de_wpvivid-b8981f085de20_2026-10-10-16-11_backup_uploads.part001.zip,.jpg,generated thumbnail,False,True,0
wp-content/uploads/2020/05/cutlery-1313930_640-300x225.jpg,11472,40feae655902504a4d87c0c0ec48eecdf14cdcf400904eeb73dc2ebca41ee68b,www.gemeinde-merching.de_wpvivid-b8981f085de20_2026-10-10-16-11_backup_uploads.part001.zip,.jpg,original/referenced,False,True,2
wp-content/uploads/2020/05/2-Teifelhart2-216x300.jpg,9764,b951024b1d0d8ef57a8b3a96cd84680aa3c748c68d6f237c195b2720d79dc868,www.gemeinde-merching.de_wpvivid-b8981f085de20_2026-10-10-16-11_backup_uploads.part001.zip,.jpg,generated thumbnail,False,True,0
wp-content/uploads/2020/05/7_3Failer-Josef-214x300.jpg,8553,d08af23d53a5cda7655589eae0635bfe924d328790d7f6f0c9efa8fc307ae972,www.gemeinde-merching.de_wpvivid-b8981f085de20_2026-10-10-16-11_backup_uploads.part001.zip,.jpg,generated thumbnail,False,True,0
wp-content/uploads/2020/05/14-Schwarz2_klein-127x150.jpg,4262,5472bc938b132ba1dbd4c4e64d5311cb692285dde41bb5cdce82817786f09d98,www.gemeinde-merching.de_wpvivid-b8981f085de20_2026-10-10-16-11_backup_uploads.part001.zip,.jpg,generated thumbnail,False,True,0
wp-content/uploads/2020/05/7_4Failer_Christian_klein.jpg,4819,861bd34865f55f9c6fe6287b5a641e4a830160fa51c04809aa4eb79e88ad8752,www.gemeinde-merching.de_wpvivid-b8981f085de20_2026-10-10-16-11_backup_uploads.part001.zip,.jpg,original/referenced,True,False,0
wp-content/uploads/2020/05/kalender-7.jpg,111794,9476bab993430c52ffa7e86f0e805e9358595a398aa195d8327f7fe3a455d938,www.gemeinde-merching.de_wpvivid-b8981f085de20_2026-10-10-16-11_backup_uploads.part001.zip,.jpg,original/referenced,True,False,0
wp-content/uploads/2020/05/drops-of-water-578897_640.jpg,40319,d493e3282ee1f2a25546ef67fbd762dbe9f808027aa7b77027e19a641d1f1308,www.gemeinde-merching.de_wpvivid-b8981f085de20_2026-10-10-16-11_backup_uploads.part001.zip,.jpg,original/referenced,True,False,3
wp-content/uploads/2020/05/rails-3309912_640.jpg,134799,18bef54be6872d70c9720e74e97e751997aaa708a3a777ef6c6da72c99e934a1,www.gemeinde-merching.de_wpvivid-b8981f085de20_2026-10-10-16-11_backup_uploads.part001.zip,.jpg,original/referenced,True,False,3
wp-content/uploads/2020/05/kalender-2-768x411.jpg,34607,a75b799e3f763716265120a32b102ea1ac1b8382893c6199c6c033026f7ab7cd,www.gemeinde-merching.de_wpvivid-b8981f085de20_2026-10-10-16-11_backup_uploads.part001.zip,.jpg,generated thumbnail,False,True,0
wp-content/uploads/2020/05/3_Wolfgang_Schlagenhauf_400-214x300.jpg,19953,7c67cf5fab83a274cf416c4598095bb9feb86546b95e97fc328db2c71d7788ca,www.gemeinde-merching.de_wpvivid-b8981f085de20_2026-10-10-16-11_backup_uploads.part001.zip,.jpg,generated thumbnail,False,True,0
wp-content/uploads/2020/05/7_15Wecker_Martin-150x150.jpg,4810,cd961d280fb8fae9235244b29c3a51d0fc649ce9d92daf04e85f9c81e48e7084,www.gemeinde-merching.de_wpvivid-b8981f085de20_2026-10-10-16-11_backup_uploads.part001.zip,.jpg,generated thumbnail,False,True,0
wp-content/uploads/2020/05/4-Mayr2_klein.jpg,5144,1ecb899baf5d270a93b3d320b10bd5c5056372b999b50e528c9fdced0ad36076,www.gemeinde-merching.de_wpvivid-b8981f085de20_2026-10-10-16-11_backup_uploads.part001.zip,.jpg,original/referenced,True,False,0
wp-content/uploads/2020/05/7_7Lutz-214x300.jpg,8320,7f12247f10af0bfb3fecf10ef3dc1fb8e929e1779704ffbf13f6160df0e79e2e,www.gemeinde-merching.de_wpvivid-b8981f085de20_2026-10-10-16-11_backup_uploads.part001.zip,.jpg,generated thumbnail,False,True,0
wp-content/uploads/2020/05/money-1005464_640.jpg,38050,90029c8a3435fbe1f8edf54f9d8696554af5e850ae5958e35d67fbfde9def746,www.gemeinde-merching.de_wpvivid-b8981f085de20_2026-10-10-16-11_backup_uploads.part001.zip,.jpg,original/referenced,True,False,6
wp-content/uploads/2020/05/Kategorien-mit-iDs-300x176.jpg,7024,8e1ca5dc9ff8852ca5f4b6f06294ed078df6c7aef6902665f72c113dbbd1c076,www.gemeinde-merching.de_wpvivid-b8981f085de20_2026-10-10-16-11_backup_uploads.part001.zip,.jpg,generated thumbnail,False,True,0
wp-content/uploads/2020/05/kalender-7-150x150.jpg,2164,69af8c5f708f507639b2fe18464ae3e173e1bbcf3254a9eb2ca11cc141cb67fa,www.gemeinde-merching.de_wpvivid-b8981f085de20_2026-10-10-16-11_backup_uploads.part001.zip,.jpg,generated thumbnail,False,True,0
wp-content/uploads/2020/05/15-Dittebrand2_klein.jpg,4600,793a6382b9e672c045eb0ef00023ae95240301b060fa5504f0e6db36ca37fb46,www.gemeinde-merching.de_wpvivid-b8981f085de20_2026-10-10-16-11_backup_uploads.part001.zip,.jpg,original/referenced,True,False,0
wp-content/uploads/2020/05/Huber_klein2-150x150.jpg,5599,e4907e2e6b54a553506fafc6e4020133cd5d1559b607fe05498f7a9124f2f8fb,www.gemeinde-merching.de_wpvivid-b8981f085de20_2026-10-10-16-11_backup_uploads.part001.zip,.jpg,generated thumbnail,False,True,0
wp-content/uploads/2020/05/Huber_klein2-1.jpg,6561,fa5b53ac5e34dafeb439c1d6143d918f798801ebc59fdabdbf5fd411cf0d8ca4,www.gemeinde-merching.de_wpvivid-b8981f085de20_2026-10-10-16-11_backup_uploads.part001.zip,.jpg,original/referenced,True,False,0
wp-content/uploads/2020/05/drops-of-water-578897_640-150x150.jpg,4619,b4023055fadab68197e83732df0a85d230350047d5ffbec0c704aee119fc550b,www.gemeinde-merching.de_wpvivid-b8981f085de20_2026-10-10-16-11_backup_uploads.part001.zip,.jpg,generated thumbnail,False,True,0
wp-content/uploads/2020/05/stocking-1701768_640-300x200.jpg,15355,ea31b3c3c62564d14b3613f6159654a6f4fa5595e8ce2a534abcdf9070468265,www.gemeinde-merching.de_wpvivid-b8981f085de20_2026-10-10-16-11_backup_uploads.part001.zip,.jpg,original/referenced,False,True,2
wp-content/uploads/2020/05/dog-2561134_640.jpg,42988,127c09300dafff5e374bcd025feba277f984cd60a3520a24ff0696f42b42eed4,www.gemeinde-merching.de_wpvivid-b8981f085de20_2026-10-10-16-11_backup_uploads.part001.zip,.jpg,original/referenced,True,False,1
wp-content/uploads/2020/05/kalender-5-768x555.jpg,46258,656db803407dc0e9214873e0249e23a638eb4d995cc7ae5ad13d88ed457b170e,www.gemeinde-merching.de_wpvivid-b8981f085de20_2026-10-10-16-11_backup_uploads.part001.zip,.jpg,generated thumbnail,False,True,0
wp-content/uploads/2020/05/7_3Failer-Josef_klein-127x150.jpg,4201,0a3e54027048f1a799cf6a7090228c5fc48d367230d92a0eb3654fa8d5155694,www.gemeinde-merching.de_wpvivid-b8981f085de20_2026-10-10-16-11_backup_uploads.part001.zip,.jpg,generated thumbnail,False,True,0
wp-content/uploads/2020/05/kalender-3-2048x596.jpg,89244,4db87ae58200a5e60588a703e54ebd26166c2c9707a0253913397a643d5cd7a8,www.gemeinde-merching.de_wpvivid-b8981f085de20_2026-10-10-16-11_backup_uploads.part001.zip,.jpg,generated thumbnail,False,True,0
wp-content/uploads/2020/05/7_12Scheibenbogen_klein.jpg,5409,8f009d1f0dbcb4a1094adde6b14c8e80bc590413b7c26e4feb1eefeec0e07435,www.gemeinde-merching.de_wpvivid-b8981f085de20_2026-10-10-16-11_backup_uploads.part001.zip,.jpg,original/referenced,True,False,0
wp-content/uploads/2020/05/stocking-1701768_640.jpg,84997,c6b84940b720a59cd3489e5f27b3333cfbcc1807ad88f3175a2253b7cf7a30d1,www.gemeinde-merching.de_wpvivid-b8981f085de20_2026-10-10-16-11_backup_uploads.part001.zip,.jpg,original/referenced,True,False,2
wp-content/uploads/2020/05/coronavirus-4914026_1280-e1601544660211.jpg,7477,cf503215924ab61ec532438fe29d9f344bcd6c029c7f9e14d787b58ef635895d,www.gemeinde-merching.de_wpvivid-b8981f085de20_2026-10-10-16-11_backup_uploads.part001.zip,.jpg,original/referenced,True,False,0
wp-content/uploads/2020/05/1-Luichtl2_klein.jpg,5727,ab83aadeda2ca764d494dc7027d9dc01f120ffbda7cf622d89dcfcb8c5bd92e1,www.gemeinde-merching.de_wpvivid-b8981f085de20_2026-10-10-16-11_backup_uploads.part001.zip,.jpg,original/referenced,True,False,0
wp-content/uploads/2020/05/7_3Failer-Josef.jpg,25011,037d02e972447be716de135997c8354240b07210d725c550a52f0da8c1021521,www.gemeinde-merching.de_wpvivid-b8981f085de20_2026-10-10-16-11_backup_uploads.part001.zip,.jpg,original/referenced,True,False,0
wp-content/uploads/2020/05/rad-3553814_640-150x150.jpg,4943,3531776f883d24606b731846f8264ce62c106a3fb17c7d833fbd747d5bdfa5f1,www.gemeinde-merching.de_wpvivid-b8981f085de20_2026-10-10-16-11_backup_uploads.part001.zip,.jpg,generated thumbnail,False,True,0
wp-content/uploads/2020/05/drops-of-water-578897_640-300x200.jpg,10052,6f877a97c025b6c4f8e2b8a26911fe70835008fa5ff4bbfb2220251cb363183a,www.gemeinde-merching.de_wpvivid-b8981f085de20_2026-10-10-16-11_backup_uploads.part001.zip,.jpg,original/referenced,False,True,3
wp-content/uploads/2020/05/Beitragsbild_Logo_Merching-2.jpg,10993,daadae9563a232b9871842e88e50e164224e96fcc7df5d2b4f6b57ec5535e80a,www.gemeinde-merching.de_wpvivid-b8981f085de20_2026-10-10-16-11_backup_uploads.part001.zip,.jpg,original/referenced,True,False,0
wp-content/uploads/2020/05/7_4Failer_Christian-214x300.jpg,9539,e7f620ee3909ac97cef5d60d0116d227e4b8b9a2333291dbb5483916ce503c83,www.gemeinde-merching.de_wpvivid-b8981f085de20_2026-10-10-16-11_backup_uploads.part001.zip,.jpg,generated thumbnail,False,True,0
wp-content/uploads/2020/05/kalender-7-768x267.jpg,17143,a49a8e1034ae84e0de8640e0bc4aefb1569934710b0f89af6516810b2659829c,www.gemeinde-merching.de_wpvivid-b8981f085de20_2026-10-10-16-11_backup_uploads.part001.zip,.jpg,generated thumbnail,False,True,0
wp-content/uploads/2020/05/7_2Eckmann-240x300.jpg,11481,cda418d5496f899631c1a6fb4a344ee0f8056009430af8ffd82c9aa62569e8bd,www.gemeinde-merching.de_wpvivid-b8981f085de20_2026-10-10-16-11_backup_uploads.part001.zip,.jpg,generated thumbnail,False,True,0
wp-content/uploads/2020/05/Wieja_klein-127x150.jpg,9675,e205fbe4e0fd03a4756542250a8ab09de1680e890ce65ca23894575dacf6ca6f,www.gemeinde-merching.de_wpvivid-b8981f085de20_2026-10-10-16-11_backup_uploads.part001.zip,.jpg,generated thumbnail,False,True,0
wp-content/uploads/2020/05/kalender-6.jpg,27026,305ffec12fae36ad0cff29eb7d3e9e290ed5e2fe2efa2ae6d05aa6d89895dadc,www.gemeinde-merching.de_wpvivid-b8981f085de20_2026-10-10-16-11_backup_uploads.part001.zip,.jpg,original/referenced,True,False,0
wp-content/uploads/2020/05/7_4Failer_Christian.jpg,52407,697940ffa13d97a906ec1df995d05e39b5c3ac62582af6cb1419c0c827c0f01c,www.gemeinde-merching.de_wpvivid-b8981f085de20_2026-10-10-16-11_backup_uploads.part001.zip,.jpg,original/referenced,True,False,0
wp-content/uploads/2020/05/children-3566360_640.jpg,63754,824eb04655695bf5362b28b09f507795673f1e93693915c4e661771f10945d45,www.gemeinde-merching.de_wpvivid-b8981f085de20_2026-10-10-16-11_backup_uploads.part001.zip,.jpg,original/referenced,True,False,0
wp-content/uploads/2020/05/room-2365613_640-150x150.jpg,5707,cd3081cf7e9be9e9ce25c6a02e282c76f887ec29fc8889db1e8700762b992bad,www.gemeinde-merching.de_wpvivid-b8981f085de20_2026-10-10-16-11_backup_uploads.part001.zip,.jpg,generated thumbnail,False,True,0
wp-content/uploads/2020/05/stand-paddling-4517331_640-150x150.jpg,6671,62797b4ee83e1b934226607408c6b4bf7d2e11052d1c6bf4ba4620f5f191b5a7,www.gemeinde-merching.de_wpvivid-b8981f085de20_2026-10-10-16-11_backup_uploads.part001.zip,.jpg,generated thumbnail,False,True,0
wp-content/uploads/2020/05/1-Luichtl2-150x150.jpg,5724,baac3cc39346ad93783d66d41ce4c0b0bf20cbceee05b6df13540306d933446f,www.gemeinde-merching.de_wpvivid-b8981f085de20_2026-10-10-16-11_backup_uploads.part001.zip,.jpg,generated thumbnail,False,True,0
wp-content/uploads/2020/05/7_14Waitzmann_klein.jpg,4767,2de1aa63455688bd0593e1c478b7f197f2410e7563bec217576ffbade7e6223f,www.gemeinde-merching.de_wpvivid-b8981f085de20_2026-10-10-16-11_backup_uploads.part001.zip,.jpg,original/referenced,True,False,0
wp-content/uploads/2020/05/kalender-sort-1024x328.jpg,20310,29c91b709684f6aee2f47d821977dff17da76efd380b7e62901916dd1bd637c9,www.gemeinde-merching.de_wpvivid-b8981f085de20_2026-10-10-16-11_backup_uploads.part001.zip,.jpg,generated thumbnail,False,True,0
wp-content/uploads/2020/05/stand-paddling-4517331_640-300x178.jpg,13483,53ab3ea847d53ca34b3b0ce74f93cc3655cd99d740ee5ef8903ee82eb24c70a3,www.gemeinde-merching.de_wpvivid-b8981f085de20_2026-10-10-16-11_backup_uploads.part001.zip,.jpg,original/referenced,False,True,2
wp-content/uploads/2020/05/kids-1093758_640.jpg,59113,61b2156fcf892a6336cee950320ab040615dc99473cf86b2e545137fe422a58a,www.gemeinde-merching.de_wpvivid-b8981f085de20_2026-10-10-16-11_backup_uploads.part001.zip,.jpg,original/referenced,True,False,1
wp-content/uploads/2020/05/network-cable-2245837_640.jpg,29786,e1c75a11d4c0f400a9f0e24da675253df9290b0b30a9042d787431524867fc49,www.gemeinde-merching.de_wpvivid-b8981f085de20_2026-10-10-16-11_backup_uploads.part001.zip,.jpg,original/referenced,True,False,1
wp-content/uploads/2020/05/kalender-sort-300x96.jpg,3038,78aed1b76ef183a0b26393e3ae5bd9e3ef6b5c7a86eb10f1faa7d8f199e41ea8,www.gemeinde-merching.de_wpvivid-b8981f085de20_2026-10-10-16-11_backup_uploads.part001.zip,.jpg,generated thumbnail,False,True,0
wp-content/uploads/2020/05/room-2365613_640-300x269.jpg,13552,9789dcfb5d305dfa97df9a770f7359b7463113f40a1e1b8e71098379098bc28c,www.gemeinde-merching.de_wpvivid-b8981f085de20_2026-10-10-16-11_backup_uploads.part001.zip,.jpg,generated thumbnail,False,True,2
wp-content/uploads/2020/05/barrier-4968021_1280.jpg,293287,1b6c331c9b0aad4e44f55b2bdb61924fb7adf6d835f67d45dc84c3fcb9b1a8bf,www.gemeinde-merching.de_wpvivid-b8981f085de20_2026-10-10-16-11_backup_uploads.part001.zip,.jpg,original/referenced,True,False,0
wp-content/uploads/2020/05/money-1005464_640-300x173.jpg,10423,9ede2dc55311463711adff0bd79210d4e0af4e46826f62321e7b9eaa07bc2038,www.gemeinde-merching.de_wpvivid-b8981f085de20_2026-10-10-16-11_backup_uploads.part001.zip,.jpg,original/referenced,False,True,2
wp-content/uploads/2020/05/kalender-4-300x174.jpg,6831,11adb3c193c9e58f4ebb11a9bef72eef4ff745f2db2cd7da51090008fdf2f7ac,www.gemeinde-merching.de_wpvivid-b8981f085de20_2026-10-10-16-11_backup_uploads.part001.zip,.jpg,generated thumbnail,False,True,0
wp-content/uploads/2020/05/children-3566360_640-300x200.jpg,12657,b9c9731e615bb2823b8bad8ef9748627fa8a344524017fbfbca8cc71f02e308f,www.gemeinde-merching.de_wpvivid-b8981f085de20_2026-10-10-16-11_backup_uploads.part001.zip,.jpg,generated thumbnail,False,True,0
wp-content/uploads/2020/05/1_Robert_Graf_400-214x300.jpg,24356,037b4a4d7bc5b0830af8104f6cd081943a209d6f9a28978d325e93a69d35d9f6,www.gemeinde-merching.de_wpvivid-b8981f085de20_2026-10-10-16-11_backup_uploads.part001.zip,.jpg,generated thumbnail,False,True,0
wp-content/uploads/2020/05/Kategorien-mit-iDs.jpg,109291,0825527d6a0a508dc1a7f332df0243d4a5e42687fe398b30f17b37fea765dd3c,www.gemeinde-merching.de_wpvivid-b8981f085de20_2026-10-10-16-11_backup_uploads.part001.zip,.jpg,original/referenced,True,False,0
wp-content/uploads/2020/05/sewer-pipes-2259514_640-300x200.jpg,13131,c4f129879dc2595c8915a33b70c65d50cdc0b039ceb05332ff1523ef319d17b6,www.gemeinde-merching.de_wpvivid-b8981f085de20_2026-10-10-16-11_backup_uploads.part001.zip,.jpg,original/referenced,False,True,1
wp-content/uploads/2020/05/child-1864718_640-150x150.jpg,5053,33839d41dca5909e8dec925bc6d5f4b9153075eaf5f6e78d4fde14ec897df626,www.gemeinde-merching.de_wpvivid-b8981f085de20_2026-10-10-16-11_backup_uploads.part001.zip,.jpg,generated thumbnail,False,True,0
wp-content/uploads/2020/05/cutlery-1313930_640.jpg,65113,0c08e9b42788fc42e363713975133d74237354c496d08685b9bad056e8c03ba6,www.gemeinde-merching.de_wpvivid-b8981f085de20_2026-10-10-16-11_backup_uploads.part001.zip,.jpg,original/referenced,True,False,2
wp-content/uploads/2020/05/Huber_klein2-1-137x150.jpg,5345,2287e8f67048f3684a593fe69ad3bd26426a992ff1a47cb363001d60442c162d,www.gemeinde-merching.de_wpvivid-b8981f085de20_2026-10-10-16-11_backup_uploads.part001.zip,.jpg,generated thumbnail,False,True,0
wp-content/uploads/2020/05/kalender-7-1024x356.jpg,29137,4550669eb545167b4f65abe4f48c3369f007d5011f77224660626aa9b4150384,www.gemeinde-merching.de_wpvivid-b8981f085de20_2026-10-10-16-11_backup_uploads.part001.zip,.jpg,generated thumbnail,False,True,0
wp-content/uploads/2020/05/7_12Scheibenbogen_klein-127x150.jpg,5175,35be2f487112443722adba678f208900f010378b84b16d484855f62614da30a4,www.gemeinde-merching.de_wpvivid-b8981f085de20_2026-10-10-16-11_backup_uploads.part001.zip,.jpg,generated thumbnail,False,True,0
wp-content/uploads/2020/05/6-Greipel2-216x300.jpg,10809,084ab631441dd087d8b2d898de81f4c43221346d153fd20d9523893ecbaa81e9,www.gemeinde-merching.de_wpvivid-b8981f085de20_2026-10-10-16-11_backup_uploads.part001.zip,.jpg,generated thumbnail,False,True,0
wp-content/uploads/2020/05/7_14Waitzmann.jpg,28253,b2fe7351babc1ab7d0e4cd7ff50f7c38b5ebfb376de988dc8249e87ca37619dd,www.gemeinde-merching.de_wpvivid-b8981f085de20_2026-10-10-16-11_backup_uploads.part001.zip,.jpg,original/referenced,True,False,0
wp-content/uploads/2020/05/kalender-1.jpg,64932,a87fcf0d1eeb5cc71c191d179d3b2aa3ce0cb730ac95af24b1c69cd1a7ed7710,www.gemeinde-merching.de_wpvivid-b8981f085de20_2026-10-10-16-11_backup_uploads.part001.zip,.jpg,original/referenced,True,False,0
wp-content/uploads/2020/05/kalender-6-150x137.jpg,2444,872e9f6d5f00b714ada72ae6d4d2506771984f121a867dcc67c5a15d6092d99b,www.gemeinde-merching.de_wpvivid-b8981f085de20_2026-10-10-16-11_backup_uploads.part001.zip,.jpg,generated thumbnail,False,True,0
wp-content/uploads/2020/05/7_7Lutz-150x150.jpg,4439,18f8f52bb024552cc202772be5ca78d3c6b0029dc41376f590ddab3791d40a81,www.gemeinde-merching.de_wpvivid-b8981f085de20_2026-10-10-16-11_backup_uploads.part001.zip,.jpg,generated thumbnail,False,True,0
wp-content/uploads/2020/05/7_3Failer-Josef-150x150.jpg,4587,839fca7a8aa7db53e7010dd72b167b420d0b9fd4de13700e7b46188bdc9ce3d3,www.gemeinde-merching.de_wpvivid-b8981f085de20_2026-10-10-16-11_backup_uploads.part001.zip,.jpg,generated thumbnail,False,True,0
wp-content/uploads/2020/05/coronavirus-4914026_1280-768x512.jpg,54109,cade048e527e7735075ff345dda57ff7ad7ef93d51a771edad491db336577958,www.gemeinde-merching.de_wpvivid-b8981f085de20_2026-10-10-16-11_backup_uploads.part001.zip,.jpg,generated thumbnail,False,True,0
wp-content/uploads/2020/05/Kategorien-mit-iDs-150x150.jpg,3563,c836e72ebd8d8d545513363800638435802ee8707cb554ef8da2643dcc33e76a,www.gemeinde-merching.de_wpvivid-b8981f085de20_2026-10-10-16-11_backup_uploads.part001.zip,.jpg,generated thumbnail,False,True,0
wp-content/uploads/2020/05/7_15Wecker_Martin-214x300.jpg,8971,4b5a6eead4fa81aed80c5290646292df9f2c4ed30e5e600f4f33840d17d2734f,www.gemeinde-merching.de_wpvivid-b8981f085de20_2026-10-10-16-11_backup_uploads.part001.zip,.jpg,generated thumbnail,False,True,0
wp-content/uploads/2020/05/coronavirus-4914026_1280-150x150.jpg,4667,5fa11872c1d5a80d91a27f418775d61427de206f304b307c97d26adeb6f028b4,www.gemeinde-merching.de_wpvivid-b8981f085de20_2026-10-10-16-11_backup_uploads.part001.zip,.jpg,generated thumbnail,False,True,0
wp-content/uploads/2020/05/kalender-1-768x354.jpg,36029,5201fc7a62bc2ce795ba299979f4571aaa89881789996d93c93e990aa44da69b,www.gemeinde-merching.de_wpvivid-b8981f085de20_2026-10-10-16-11_backup_uploads.part001.zip,.jpg,generated thumbnail,False,True,0
wp-content/uploads/2020/05/kalender-4-150x150.jpg,2681,32d1afeef13a5ceb938e1dc960c087a6a29e7dbeed1d626da158428610cda8d1,www.gemeinde-merching.de_wpvivid-b8981f085de20_2026-10-10-16-11_backup_uploads.part001.zip,.jpg,generated thumbnail,False,True,0
wp-content/uploads/2020/05/IMG_7090-mini-2.jpg,16267,02aa475b055d1a4e1b8351ba4df395e3457f725c80272d9e03db0fe4aff82f9e,www.gemeinde-merching.de_wpvivid-b8981f085de20_2026-10-10-16-11_backup_uploads.part001.zip,.jpg,original/referenced,True,False,0
wp-content/uploads/2020/05/IMG_7090-mini-2-150x150.jpg,13756,db67e2835e4de1d4ab489f21d81ba5d285a1cb67bcc4737c927e1a664c4ca8f6,www.gemeinde-merching.de_wpvivid-b8981f085de20_2026-10-10-16-11_backup_uploads.part001.zip,.jpg,generated thumbnail,False,True,0
wp-content/uploads/2020/05/3_Wolfgang_Schlagenhauf_400_klein-120x150.jpg,9893,356dfa74562193a3eeac95cc994c0707fa39ba913e863393a533580d87cf7cc9,www.gemeinde-merching.de_wpvivid-b8981f085de20_2026-10-10-16-11_backup_uploads.part001.zip,.jpg,generated thumbnail,False,True,0
wp-content/uploads/2020/05/cutlery-1313930_640-150x150.jpg,5037,a3721479349358bf9aa6b7d060ae1a89a6f51f5d28fe08c0c9ed249d9eace65d,www.gemeinde-merching.de_wpvivid-b8981f085de20_2026-10-10-16-11_backup_uploads.part001.zip,.jpg,generated thumbnail,False,True,0
wp-content/uploads/2020/05/2-Teifelhart2_klein.jpg,4754,6fadfde41ab9d5db23aa6f5eb829da5f0b05900216cc24fe33d7af4e6cf7a937,www.gemeinde-merching.de_wpvivid-b8981f085de20_2026-10-10-16-11_backup_uploads.part001.zip,.jpg,original/referenced,True,False,0
wp-content/uploads/2020/05/1-Luichtl-1109x1536.jpg,300255,69c7de8502f99812cb9ece0e6cbd1194ae4b8f603137832daf2851fd71aa8ef1,www.gemeinde-merching.de_wpvivid-b8981f085de20_2026-10-10-16-11_backup_uploads.part001.zip,.jpg,generated thumbnail,False,True,0
wp-content/uploads/2020/05/Fragebogen_Gemeinde_Selbstauskunft-pdf-212x300.jpg,15613,10e7e93f7e3a8db8dff11871d5833d4f8195da6c70d7826ddc1e2569e376294f,www.gemeinde-merching.de_wpvivid-b8981f085de20_2026-10-10-16-11_backup_uploads.part001.zip,.jpg,generated thumbnail,False,True,0
wp-content/uploads/2020/05/kalender-3-300x87.jpg,4092,8fc6aae8114ccbc93218a36f6598dbeb668519b3fc83c10b923645ec92589ceb,www.gemeinde-merching.de_wpvivid-b8981f085de20_2026-10-10-16-11_backup_uploads.part001.zip,.jpg,generated thumbnail,False,True,0
wp-content/uploads/2020/05/15-Dittebrand2_klein-127x150.jpg,4501,b2150123c7639506a90ce164aed3bb38296ab1a37f2ea7442148c42e74856841,www.gemeinde-merching.de_wpvivid-b8981f085de20_2026-10-10-16-11_backup_uploads.part001.zip,.jpg,generated thumbnail,False,True,0
wp-content/uploads/2020/05/kalender-sort-1536x492.jpg,38319,61b70d951efe455b575731efc843cd6b1c17970c7bebe4d6f01ba100b3fc6b6a,www.gemeinde-merching.de_wpvivid-b8981f085de20_2026-10-10-16-11_backup_uploads.part001.zip,.jpg,generated thumbnail,False,True,0
wp-content/uploads/2020/05/network-cable-2245837_640-300x199.jpg,6325,3347e17b988edac735b5138dabc259b401daadbb1032a4307ab4e9c5bccdadae,www.gemeinde-merching.de_wpvivid-b8981f085de20_2026-10-10-16-11_backup_uploads.part001.zip,.jpg,original/referenced,False,True,1
wp-content/uploads/2020/05/kalender-sort-150x150.jpg,1320,ec2415f336049443e9355cf591cb17147fd5c7d7d3cf1e745c2fb305da157d02,www.gemeinde-merching.de_wpvivid-b8981f085de20_2026-10-10-16-11_backup_uploads.part001.zip,.jpg,generated thumbnail,False,True,0
wp-content/uploads/2020/05/Bäcker-2561_640.jpg,76294,29545b0ac5f43cc84dcab2eebb9c914fba43ccb6e96cde8e7a9c67471b660a6e,www.gemeinde-merching.de_wpvivid-b8981f085de20_2026-10-10-16-11_backup_uploads.part001.zip,.jpg,original/referenced,True,False,1
wp-content/uploads/2020/05/kalender-2.jpg,65407,82f47ef8f770779ec59e2d06acebdcd49344dad8d1ba87b12d008717c528a181,www.gemeinde-merching.de_wpvivid-b8981f085de20_2026-10-10-16-11_backup_uploads.part001.zip,.jpg,original/referenced,True,False,0
wp-content/uploads/2020/05/kids-1093758_640-300x200.jpg,12945,ff3575b488dc9f6f3c487b849d802ed9910c2bb4c15850381c28c23bba0cf27d,www.gemeinde-merching.de_wpvivid-b8981f085de20_2026-10-10-16-11_backup_uploads.part001.zip,.jpg,original/referenced,False,True,1
wp-content/uploads/2020/05/kalender-3.jpg,135029,49121af68c4a0efc0d846cd23ce33e6d1382154c4f037591b2159cefc8f88e40,www.gemeinde-merching.de_wpvivid-b8981f085de20_2026-10-10-16-11_backup_uploads.part001.zip,.jpg,original/referenced,True,False,0
wp-content/uploads/2020/05/kalender-4.jpg,191379,3e5ccf191cd5869375054bd7050eecb7e3b6d8b214273a40e94d45c089983d07,www.gemeinde-merching.de_wpvivid-b8981f085de20_2026-10-10-16-11_backup_uploads.part001.zip,.jpg,original/referenced,True,False,0
wp-content/uploads/2020/05/4-Mayr2.jpg,44691,d7e53cb2dcd95d2f8956f5de2aa7fc8816791337ddcec11f14913399f16218b0,www.gemeinde-merching.de_wpvivid-b8981f085de20_2026-10-10-16-11_backup_uploads.part001.zip,.jpg,original/referenced,True,False,0
wp-content/uploads/2020/05/Bäcker-2561_640-150x150.jpg,6780,2b962b16d4a7261ab0e4cac329666f11a2f18d53409c233ab0f165ea69ef3263,www.gemeinde-merching.de_wpvivid-b8981f085de20_2026-10-10-16-11_backup_uploads.part001.zip,.jpg,generated thumbnail,False,True,0
wp-content/uploads/2020/05/14-Schwarz2_klein.jpg,4331,e55fad91119d368ed69eabca9dbe06ea063579a04da6aea6d061b828d61a1752,www.gemeinde-merching.de_wpvivid-b8981f085de20_2026-10-10-16-11_backup_uploads.part001.zip,.jpg,original/referenced,True,False,0
wp-content/uploads/2020/05/Beitragsbild_Logo_Merching-2-150x150.jpg,8267,376fb6bbffb39c983fe2963a76bfbc81deac47353f4ace49970104bb35a4f8e6,www.gemeinde-merching.de_wpvivid-b8981f085de20_2026-10-10-16-11_backup_uploads.part001.zip,.jpg,generated thumbnail,False,True,0
wp-content/uploads/2020/05/Huber_klein2.jpg,8885,243a85bd4bea80f4b2049d6ced8c4a625b1aa6b6ea0697c8b8bee32fbab1e11e,www.gemeinde-merching.de_wpvivid-b8981f085de20_2026-10-10-16-11_backup_uploads.part001.zip,.jpg,original/referenced,True,False,0
wp-content/uploads/2020/05/kalender-sort-768x246.jpg,13085,c6c96902f76e7edc7db43891cc172d3b072b9fe73c251aed4e6d1a21e2900752,www.gemeinde-merching.de_wpvivid-b8981f085de20_2026-10-10-16-11_backup_uploads.part001.zip,.jpg,generated thumbnail,False,True,0
wp-content/uploads/2020/05/1-Luichtl-1479x2048.jpg,483818,75c1125d095855d638e2a590ef68b1dd6d709fcc7346e88683e795c5c2277d0c,www.gemeinde-merching.de_wpvivid-b8981f085de20_2026-10-10-16-11_backup_uploads.part001.zip,.jpg,generated thumbnail,False,True,0
wp-content/uploads/2020/05/7_0Storch-214x300.jpg,11649,295ee7f90472f983f975c555c58e64f3394db7c660bb77985620cc7ca9dfca95,www.gemeinde-merching.de_wpvivid-b8981f085de20_2026-10-10-16-11_backup_uploads.part001.zip,.jpg,generated thumbnail,False,True,0
wp-content/uploads/2020/05/1-Luichtl2.jpg,50793,f0884345a64f3bd7d96c2d874dbff05b4e269445b12d56699a03a9be5045084f,www.gemeinde-merching.de_wpvivid-b8981f085de20_2026-10-10-16-11_backup_uploads.part001.zip,.jpg,original/referenced,True,False,0
wp-content/uploads/2020/05/7_9Natalie-Lang_klein.jpg,4609,a4f7baf34586337190ba2a07a96ec391ead6bd1ee19286a20ca6dd78ce86eb2f,www.gemeinde-merching.de_wpvivid-b8981f085de20_2026-10-10-16-11_backup_uploads.part001.zip,.jpg,original/referenced,True,False,1
wp-content/uploads/2020/05/1_Robert_Graf_400_klein-120x150.jpg,12781,13a6bab92723420ef51a7853114c4ca271dc626a1a21f03c74b358814af9cd73,www.gemeinde-merching.de_wpvivid-b8981f085de20_2026-10-10-16-11_backup_uploads.part001.zip,.jpg,generated thumbnail,False,True,0
wp-content/uploads/2020/05/rad-3553814_640.jpg,56783,80b4d288020f9098ab71c0592392c2057f11827b1fb791d729340e4262bf282d,www.gemeinde-merching.de_wpvivid-b8981f085de20_2026-10-10-16-11_backup_uploads.part001.zip,.jpg,original/referenced,True,False,2
wp-content/uploads/2020/05/7_15Wecker_Martin.jpg,24661,6d648f015baae9130a3da821ea2a0ceb0fd71cb7c615e50243581b812eccaf42,www.gemeinde-merching.de_wpvivid-b8981f085de20_2026-10-10-16-11_backup_uploads.part001.zip,.jpg,original/referenced,True,False,0
wp-content/uploads/2020/05/coronavirus-4914026_1280-300x200.jpg,11729,ada68a8d730c19ffd0c71ca13dd05563bc5d64cd7357840e1a04a62cd9fd20db,www.gemeinde-merching.de_wpvivid-b8981f085de20_2026-10-10-16-11_backup_uploads.part001.zip,.jpg,generated thumbnail,False,True,0
wp-content/uploads/2020/05/kalender-5-150x150.jpg,3652,1ee87d0602894c82bba1270f7b55b35305ac29bb98e03ee6610598de81a72cf0,www.gemeinde-merching.de_wpvivid-b8981f085de20_2026-10-10-16-11_backup_uploads.part001.zip,.jpg,generated thumbnail,False,True,0
wp-content/uploads/2020/05/Wieja_klein.jpg,14642,c8aac608c12753478363f257f44ce24245a227b5f1599f1b77215050a086056f,www.gemeinde-merching.de_wpvivid-b8981f085de20_2026-10-10-16-11_backup_uploads.part001.zip,.jpg,original/referenced,True,False,0
wp-content/uploads/2020/05/1_Robert_Graf_400_klein.jpg,12721,a347d97381aef1c41035f04bad8168757925fb531c1389fb33104e432298b08d,www.gemeinde-merching.de_wpvivid-b8981f085de20_2026-10-10-16-11_backup_uploads.part001.zip,.jpg,original/referenced,True,False,0
wp-content/uploads/2020/05/Kategorien-mit-iDs-768x450.jpg,31383,10fdd68c40e41da248fb0ea1c9df29293b35e12bf6a4eb1ed9c2822a3b591f29,www.gemeinde-merching.de_wpvivid-b8981f085de20_2026-10-10-16-11_backup_uploads.part001.zip,.jpg,generated thumbnail,False,True,0
wp-content/uploads/2020/05/14-Schwarz2-216x300.jpg,9034,e44d7654d2069d812dd6223fca333600c8f132fa1bd492a944e224f01ab3483a,www.gemeinde-merching.de_wpvivid-b8981f085de20_2026-10-10-16-11_backup_uploads.part001.zip,.jpg,generated thumbnail,False,True,0
wp-content/uploads/2020/05/3_Wolfgang_Schlagenhauf_400_klein.jpg,9901,0adef4a3eb0ac87c0a8b9d98f186a7162310146dd15b41dbfb4b56c74226d58f,www.gemeinde-merching.de_wpvivid-b8981f085de20_2026-10-10-16-11_backup_uploads.part001.zip,.jpg,original/referenced,True,False,0
wp-content/uploads/2020/05/4-Mayr2_klein-127x150.jpg,4972,bc62a93972b89b9a1b2af0e57b1faa8fef378d9d80d931b0aa5e8931bce05926,www.gemeinde-merching.de_wpvivid-b8981f085de20_2026-10-10-16-11_backup_uploads.part001.zip,.jpg,generated thumbnail,False,True,0
wp-content/uploads/2020/05/kalender-4-1024x593.jpg,53942,c472c1f4c0bcb03def48b5563ea2110e6eec7ca48721a2fde573629aaba9a61a,www.gemeinde-merching.de_wpvivid-b8981f085de20_2026-10-10-16-11_backup_uploads.part001.zip,.jpg,generated thumbnail,False,True,0
wp-content/uploads/2020/05/7_15Wecker_Martin_klein-127x150.jpg,4546,84fa409771f7862ded13f35ea40e65993c7d9a48bfac97d3be72ac6dc29a0b7b,www.gemeinde-merching.de_wpvivid-b8981f085de20_2026-10-10-16-11_backup_uploads.part001.zip,.jpg,generated thumbnail,False,True,0
wp-content/uploads/2020/05/barrier-4968021_1280-1024x682.jpg,163651,d3ca39a27fb769b1f1a4a86d4ef3ca5fd9c4e12fad01bf5bff91b5074b9b7e6b,www.gemeinde-merching.de_wpvivid-b8981f085de20_2026-10-10-16-11_backup_uploads.part001.zip,.jpg,generated thumbnail,False,True,0
wp-content/uploads/2020/05/2-Teifelhart2-150x150.jpg,4788,bdfa20afe99f20f9094ca839a5df63d4b1e33fb6a83cf124c17abd5b8e0580ad,www.gemeinde-merching.de_wpvivid-b8981f085de20_2026-10-10-16-11_backup_uploads.part001.zip,.jpg,generated thumbnail,False,True,0
wp-content/uploads/2020/05/children-3566360_640-150x150.jpg,5987,9e6ae1b6857760ff355258da6aaef2569f07f2e738d13dd678e5f5f8fce39cd0,www.gemeinde-merching.de_wpvivid-b8981f085de20_2026-10-10-16-11_backup_uploads.part001.zip,.jpg,generated thumbnail,False,True,0
wp-content/uploads/2020/05/7_12Scheibenbogen-214x300.jpg,11521,f3f977c4c43b5d112605989c8adb623d2d7b1a4d12d3a71ad573c97fe7371c12,www.gemeinde-merching.de_wpvivid-b8981f085de20_2026-10-10-16-11_backup_uploads.part001.zip,.jpg,generated thumbnail,False,True,0
wp-content/uploads/2020/05/barrier-4967989_1280.jpg,142531,0270be22c5c466baffe6a6bcac753f0613d99f3b00d68a726c06551166989257,www.gemeinde-merching.de_wpvivid-b8981f085de20_2026-10-10-16-11_backup_uploads.part001.zip,.jpg,original/referenced,True,False,0
wp-content/uploads/2020/05/7_2Eckmann_klein.jpg,4778,da37739e940a4b848203231e0a3e19c0941e4f7b6e40fa37f80c108efbb881f2,www.gemeinde-merching.de_wpvivid-b8981f085de20_2026-10-10-16-11_backup_uploads.part001.zip,.jpg,original/referenced,True,False,0
wp-content/uploads/2020/05/7_0Storch_klein-127x150.jpg,5099,d20063d1931a9d533ba7a24e902f215ffa1858be47f01d7e455eb657da670420,www.gemeinde-merching.de_wpvivid-b8981f085de20_2026-10-10-16-11_backup_uploads.part001.zip,.jpg,generated thumbnail,False,True,0
wp-content/uploads/2020/05/dog-2561134_640-150x150.jpg,4654,91785a7108b622f95ad352c5e0e37611eb1ce72f4ea9ac419967dee18bee6aae,www.gemeinde-merching.de_wpvivid-b8981f085de20_2026-10-10-16-11_backup_uploads.part001.zip,.jpg,generated thumbnail,False,True,0
wp-content/uploads/2020/05/kalender-1-300x138.jpg,7539,2fb8609b13c5c14910b8574737568e97908fdf0c2dbb2151433c0f7e6fcb5d39,www.gemeinde-merching.de_wpvivid-b8981f085de20_2026-10-10-16-11_backup_uploads.part001.zip,.jpg,generated thumbnail,False,True,0
wp-content/uploads/2020/05/14-Schwarz2-150x150.jpg,4559,b36b27878aec024818cfbcaa1b88911d77ae461b2f4a9c63222709ba02bc65b0,www.gemeinde-merching.de_wpvivid-b8981f085de20_2026-10-10-16-11_backup_uploads.part001.zip,.jpg,generated thumbnail,False,True,0
wp-content/uploads/2020/05/barrier-4967989_1280-1024x682.jpg,77408,ccfcde3d41956eb2f6d67af214a1fdfd41f65c8526170ee23a7cb87a1957e06f,www.gemeinde-merching.de_wpvivid-b8981f085de20_2026-10-10-16-11_backup_uploads.part001.zip,.jpg,generated thumbnail,False,True,0
wp-content/uploads/2020/10/Spielplatz_Holleraecker_bearb-150x150.jpg,31403,5c2f59914be5ff23be3b015826568c68a6c0439ecc755ed687a457f49e39e6f4,www.gemeinde-merching.de_wpvivid-b8981f085de20_2026-10-10-16-11_backup_uploads.part001.zip,.jpg,generated thumbnail,False,True,0
wp-content/uploads/2020/10/Heyer-Clarissa.jpg,49138,a92b8b4da7afb1c46b493063fb2743bbf373db499c0367c8248e21db848f9bf9,www.gemeinde-merching.de_wpvivid-b8981f085de20_2026-10-10-16-11_backup_uploads.part001.zip,.jpg,original/referenced,True,False,0
wp-content/uploads/2020/10/Spielplatz_Mandichosee-scaled.jpg,745548,1195ee231f8e5402a0d0b94ca6ec516320ef5265f2879fdd6bf7aa52d61f2229,www.gemeinde-merching.de_wpvivid-b8981f085de20_2026-10-10-16-11_backup_uploads.part001.zip,.jpg,original/referenced,True,False,0
wp-content/uploads/2020/10/Hagen-Alexandra.jpg,50079,6f0f212fc98ecd45d47b979d13569940c0b5bf69eebb6ce10da78bc30f0ac77d,www.gemeinde-merching.de_wpvivid-b8981f085de20_2026-10-10-16-11_backup_uploads.part001.zip,.jpg,original/referenced,True,False,1
wp-content/uploads/2020/10/Spielplatz_Holleraecker_bearb-805x1024.jpg,111562,ea95d447bcbe91cd5bd1c6e1c20519dae8fa1c927148f1b35063b37907c5a46b,www.gemeinde-merching.de_wpvivid-b8981f085de20_2026-10-10-16-11_backup_uploads.part001.zip,.jpg,generated thumbnail,False,True,2
wp-content/uploads/2020/10/Spielplatz_Holleraecker_bearb-1208x1536.jpg,200196,f3b6c14127eee80158478d0f9d9f0c0a3dce179cf8d540962859b9396f7d1c33,www.gemeinde-merching.de_wpvivid-b8981f085de20_2026-10-10-16-11_backup_uploads.part001.zip,.jpg,generated thumbnail,False,True,2
wp-content/uploads/2020/10/Spielplatz_Mandichosee-150x150.jpg,44148,98a8d477baf3186311d87737b48bfa13292608458c7fb5d125f3057b107621f2,www.gemeinde-merching.de_wpvivid-b8981f085de20_2026-10-10-16-11_backup_uploads.part001.zip,.jpg,generated thumbnail,False,True,0
wp-content/uploads/2020/10/Logo_Allianz_fuer_Cyber-Sicherheit_Teilnehmer-150x109.jpg,7094,3ed944f1debccfef41ea254b579f8aff42879c1ab2be057adff5853bd6c4813d,www.gemeinde-merching.de_wpvivid-b8981f085de20_2026-10-10-16-11_backup_uploads.part001.zip,.jpg,generated thumbnail,False,True,0
wp-content/uploads/2020/10/Spielplatz_Holleraecker_bearb-1611x2048.jpg,320495,818cefc71cc92bda939be7563cf659e4d1f08d3b8abab4a23776e21e58482926,www.gemeinde-merching.de_wpvivid-b8981f085de20_2026-10-10-16-11_backup_uploads.part001.zip,.jpg,generated thumbnail,False,True,2
wp-content/uploads/2020/10/Spielplatz_Mandichosee.jpg,4320207,06bb23f608f7521a3b0f9136a90f3c180414c34d0e2e887703ec753794d8c908,www.gemeinde-merching.de_wpvivid-b8981f085de20_2026-10-10-16-11_backup_uploads.part001.zip,.jpg,unreferenced candidate (not proven orphan),False,False,0
wp-content/uploads/2020/10/Spielplatz_Holleraecker_bearb.jpg,749173,60b9de9a1c4d5bea266ebcfff2ace89cb557b7eb157f56b98f477d83bc1bf987,www.gemeinde-merching.de_wpvivid-b8981f085de20_2026-10-10-16-11_backup_uploads.part001.zip,.jpg,original/referenced,True,False,2
wp-content/uploads/2020/10/Weyland-Hanna-1.jpg,51399,304fa63a081653d89346c9a44d82e6cc151bd7e0c19731880d0692a046fa1229,www.gemeinde-merching.de_wpvivid-b8981f085de20_2026-10-10-16-11_backup_uploads.part001.zip,.jpg,original/referenced,True,False,1
wp-content/uploads/2020/10/Spielplatz_Mandichosee-1024x768.jpg,188045,d8cf40e5eb3a77ebe0ec77ea8a8a4818dc79baf29bcb939d24e3c8f919c47d28,www.gemeinde-merching.de_wpvivid-b8981f085de20_2026-10-10-16-11_backup_uploads.part001.zip,.jpg,generated thumbnail,False,True,3
wp-content/uploads/2020/10/Spielplatz_Holleraecker_bearb-768x976.jpg,104690,74f1259e8a20608927490bbf25a57e48a23e3a4cd8141c6671ec82e7c14fab75,www.gemeinde-merching.de_wpvivid-b8981f085de20_2026-10-10-16-11_backup_uploads.part001.zip,.jpg,generated thumbnail,False,True,2
wp-content/uploads/2020/10/Spielplatz_Mandichosee-300x225.jpg,54116,595ac0939ee8e9946bcbc9f4b6b217231dd8a64e7913c2d78cab993c7377f9b1,www.gemeinde-merching.de_wpvivid-b8981f085de20_2026-10-10-16-11_backup_uploads.part001.zip,.jpg,original/referenced,False,True,3
wp-content/uploads/2020/10/Schimpfle-Thomas.jpg,50625,3fa88e052caf74b3fc860eb54fc811c60c848530807be4a0ba0209b5a19bc2f1,www.gemeinde-merching.de_wpvivid-b8981f085de20_2026-10-10-16-11_backup_uploads.part001.zip,.jpg,original/referenced,True,False,1
wp-content/uploads/2020/10/Spielplatz_Holleraecker_bearb-236x300.jpg,37380,ec34449914d71822c79be734504be821642a5856f3590a701d33ad3e3698704e,www.gemeinde-merching.de_wpvivid-b8981f085de20_2026-10-10-16-11_backup_uploads.part001.zip,.jpg,original/referenced,False,True,2
wp-content/uploads/2020/10/Krauser-Birgit.jpg,49331,f059d98c9ffe88a8f52def10e0d832c7f7a9db2d7a09318b4befce8e0f399fea,www.gemeinde-merching.de_wpvivid-b8981f085de20_2026-10-10-16-11_backup_uploads.part001.zip,.jpg,original/referenced,True,False,1
wp-content/uploads/2020/10/Mueller-Katharina-1.jpg,49680,aac8cd0263c886bcfe154f66895e4f69d47e5bd7dc57a00b9e6d98f2da3c88d4,www.gemeinde-merching.de_wpvivid-b8981f085de20_2026-10-10-16-11_backup_uploads.part001.zip,.jpg,original/referenced,True,False,1
wp-content/uploads/2020/10/Spielplatz_Mandichosee-768x576.jpg,128240,7b976991bfbf785979a2cc4cbf9f9f2bf8390057d171090d8ee63610e5b92485,www.gemeinde-merching.de_wpvivid-b8981f085de20_2026-10-10-16-11_backup_uploads.part001.zip,.jpg,generated thumbnail,False,True,3
wp-content/uploads/2020/10/Aumiller-Marianne.jpg,50064,42087e2217a778bcfb8f2df986ff07221d71366c200ab89fac6795be0066a790,www.gemeinde-merching.de_wpvivid-b8981f085de20_2026-10-10-16-11_backup_uploads.part001.zip,.jpg,original/referenced,True,False,1
wp-content/uploads/2020/10/Egenhofer-Christine.jpg,49810,8b933985150894ba908d29d367a3fcd30c09b9ed78bb8423c5b607e53365c945,www.gemeinde-merching.de_wpvivid-b8981f085de20_2026-10-10-16-11_backup_uploads.part001.zip,.jpg,original/referenced,True,False,1
wp-content/uploads/2020/10/Braendle-Susanne.jpg,51355,e38f8658c571a77367e3d1dd8ea03b382a9b8cd0e80fe3e003b42530a9916362,www.gemeinde-merching.de_wpvivid-b8981f085de20_2026-10-10-16-11_backup_uploads.part001.zip,.jpg,original/referenced,True,False,1
wp-content/uploads/2020/10/Logo_Allianz_fuer_Cyber-Sicherheit_Teilnehmer.jpg,13260,5f787c55cee2e828f2c04702e79c0532d5f0278b230b489be6c6c86623c7ad2b,www.gemeinde-merching.de_wpvivid-b8981f085de20_2026-10-10-16-11_backup_uploads.part001.zip,.jpg,original/referenced,True,False,0
wp-content/uploads/2020/10/Heyer-Clarissa-1.jpg,50042,79dff9cdaae6d83bf55a8e2eee026edae5ae3214e004f4db05898072c9b023e8,www.gemeinde-merching.de_wpvivid-b8981f085de20_2026-10-10-16-11_backup_uploads.part001.zip,.jpg,original/referenced,True,False,1
wp-content/uploads/2020/10/Stadtherr-Hans.jpg,49186,64498edc216015637ded0cac4738ff82a7d506efc0586bac6cbea06e1af08c7a,www.gemeinde-merching.de_wpvivid-b8981f085de20_2026-10-10-16-11_backup_uploads.part001.zip,.jpg,original/referenced,True,False,0
wp-content/uploads/2020/10/Spielplatz_Mandichosee-1536x1152.jpg,338462,08c73ea6099caa819539d91fa38d5e2141e1725574b1fee922ce9300ea3ac7e2,www.gemeinde-merching.de_wpvivid-b8981f085de20_2026-10-10-16-11_backup_uploads.part001.zip,.jpg,generated thumbnail,False,True,3
wp-content/uploads/2020/10/Fieber-Rainer.jpg,50075,4001b44773eb18833eb1932b8aed36778c8a80567d42d6b1cea7645b95ddb144,www.gemeinde-merching.de_wpvivid-b8981f085de20_2026-10-10-16-11_backup_uploads.part001.zip,.jpg,original/referenced,True,False,1
wp-content/uploads/2020/10/Mueller-Katharina.jpg,48725,f28c4bf92b97c28a496184ebb843f14d9f8c473ce2012373ecf6e52ef7f35ea3,www.gemeinde-merching.de_wpvivid-b8981f085de20_2026-10-10-16-11_backup_uploads.part001.zip,.jpg,original/referenced,True,False,0
wp-content/uploads/2020/10/Weyland-Hanna.jpg,48904,1fc36f5c11ca0381e8c62c5a5135e2d829c4d88ac686100fc972be3fc6308132,www.gemeinde-merching.de_wpvivid-b8981f085de20_2026-10-10-16-11_backup_uploads.part001.zip,.jpg,original/referenced,True,False,0
wp-content/uploads/2020/10/Spielplatz_Mandichosee-2048x1536.jpg,524001,96c9b918c924f4a9ea939358e6c21d4908dbad6f410a85315e0ae3477ad9b4ef,www.gemeinde-merching.de_wpvivid-b8981f085de20_2026-10-10-16-11_backup_uploads.part001.zip,.jpg,generated thumbnail,False,True,3
wp-content/uploads/2020/10/Geiger-Isabella.jpg,51078,d6ea0af2aaf7708a22a3e7ea1199c4eec6dd04547028f41b823132cc121a5582,www.gemeinde-merching.de_wpvivid-b8981f085de20_2026-10-10-16-11_backup_uploads.part001.zip,.jpg,original/referenced,True,False,1
wp-content/uploads/2014/11/Logo_Energieatlas.jpg,8681,2939c9c0462849b5eec1e2394178f2ecdec01943c173b7b6c9890723dba51f62,www.gemeinde-merching.de_wpvivid-b8981f085de20_2026-10-10-16-11_backup_uploads.part001.zip,.jpg,original/referenced,True,False,1
wp-content/uploads/2022/09/Programmuebersicht-LRA-pdf-724x1024.jpg,97409,4aa2e8a56a5d94c87bf47286107a4e808d2e7fea387eab39aa955d3310c5cc7f,www.gemeinde-merching.de_wpvivid-b8981f085de20_2026-10-10-16-11_backup_uploads.part001.zip,.jpg,generated thumbnail,False,True,0
wp-content/uploads/2022/09/Programmuebersicht-LRA-pdf-106x150.jpg,5901,0f18503bd8819f94fbb9a821aece12d3432b014a72c69cd4b05a43f4c0962a69,www.gemeinde-merching.de_wpvivid-b8981f085de20_2026-10-10-16-11_backup_uploads.part001.zip,.jpg,generated thumbnail,False,True,0
wp-content/uploads/2022/09/Programmuebersicht-LRA.pdf,365949,65cbf082b6f19ad79371c5d284caee609cc9b12a70dfee35c3e5bdb7d5ac025f,www.gemeinde-merching.de_wpvivid-b8981f085de20_2026-10-10-16-11_backup_uploads.part001.zip,.pdf,unreferenced candidate (not proven orphan),False,False,0
wp-content/uploads/2022/09/Programmuebersicht-LRA-pdf.jpg,205818,caafa4c048b7f1318db4fa594a40e4b432b85f6e28deb45c8351b46184810518,www.gemeinde-merching.de_wpvivid-b8981f085de20_2026-10-10-16-11_backup_uploads.part001.zip,.jpg,unreferenced candidate (not proven orphan),False,False,0
wp-content/uploads/2022/09/Programmuebersicht-LRA-pdf-212x300.jpg,13493,d129eee98d2183ebcc4b8d06d8f308d09ede80f63fe916d7f0ba84c993c3f905,www.gemeinde-merching.de_wpvivid-b8981f085de20_2026-10-10-16-11_backup_uploads.part001.zip,.jpg,generated thumbnail,False,True,0
wp-content/uploads/2022/11/Kommunale-IT-Sicherheit.png,44681,47e348d52586cb372ce9de2d1089f6a67136113cd212b0183f8064668b4ad066,www.gemeinde-merching.de_wpvivid-b8981f085de20_2026-10-10-16-11_backup_uploads.part001.zip,.png,original/referenced,True,False,0
wp-content/uploads/2022/11/Kommunale-IT-Sicherheit-150x150.png,20748,5dbe55ac38d4322876675744dd509e0ce1c93e411603fe06c81a68c5f5a4fd48,www.gemeinde-merching.de_wpvivid-b8981f085de20_2026-10-10-16-11_backup_uploads.part001.zip,.png,generated thumbnail,False,True,0
wp-content/uploads/2022/03/Landratsamt-AIC-FDB-1024x768.jpg,207922,107d2b986121820b194fd2bf9c33bc764b46d7359afe01ce0dc56cde1bd34c95,www.gemeinde-merching.de_wpvivid-b8981f085de20_2026-10-10-16-11_backup_uploads.part001.zip,.jpg,generated thumbnail,False,True,0
wp-content/uploads/2022/03/Landratsamt-AIC-FDB-150x150.jpg,14860,91d41dd5c3bcd5224ba2bdf366e2aae06a5d09ba4569531e330841fe726ce625,www.gemeinde-merching.de_wpvivid-b8981f085de20_2026-10-10-16-11_backup_uploads.part001.zip,.jpg,generated thumbnail,False,True,0
wp-content/uploads/2022/03/Landratsamt-AIC-FDB-2048x1536.jpg,717696,17d40b45edabf136ccaf5863134bcbf0da65789508d52a12a435c55500c4ff8e,www.gemeinde-merching.de_wpvivid-b8981f085de20_2026-10-10-16-11_backup_uploads.part001.zip,.jpg,generated thumbnail,False,True,0
wp-content/uploads/2022/03/Landratsamt-AIC-FDB.jpg,1630920,247a07215c8e6ba68e3c7f94d2dfd337f64f933510ef0106b8772eacb36842d3,www.gemeinde-merching.de_wpvivid-b8981f085de20_2026-10-10-16-11_backup_uploads.part001.zip,.jpg,unreferenced candidate (not proven orphan),False,False,0
wp-content/uploads/2022/03/Textbeitrag-fuer-kommunale-Veroeffentlichungen-pdf-212x300.jpg,18813,d1e1094f99e523cecde622e71dc68dc21da7c9b10b931c1a39dfe0a3a8f95f08,www.gemeinde-merching.de_wpvivid-b8981f085de20_2026-10-10-16-11_backup_uploads.part001.zip,.jpg,generated thumbnail,False,True,0
wp-content/uploads/2022/03/Landratsamt-AIC-FDB-1536x1152.jpg,433000,5b046468ea43cd0e1aa92eb8066235b3631518396c29b6cd2acd1136357eedc2,www.gemeinde-merching.de_wpvivid-b8981f085de20_2026-10-10-16-11_backup_uploads.part001.zip,.jpg,generated thumbnail,False,True,0
wp-content/uploads/2022/03/Textbeitrag-fuer-kommunale-Veroeffentlichungen.pdf,196927,1d996215fc9c005cb9d2d9d607d8800b5489f577ceaeee50396d7b654516aee7,www.gemeinde-merching.de_wpvivid-b8981f085de20_2026-10-10-16-11_backup_uploads.part001.zip,.pdf,original/referenced,True,False,0
wp-content/uploads/2022/03/Landratsamt-AIC-FDB-768x576.jpg,124690,e7948e9a21dee581ce5c26e7cf3225e2504314f8304052fe329b2181c1581bc6,www.gemeinde-merching.de_wpvivid-b8981f085de20_2026-10-10-16-11_backup_uploads.part001.zip,.jpg,generated thumbnail,False,True,0
wp-content/uploads/2022/03/Landratsamt-AIC-FDB-300x225.jpg,27535,9ba1f6c65fb5afad95ab7a54a1365af5c7f862ca2b280bb237878ec7ccbf2cca,www.gemeinde-merching.de_wpvivid-b8981f085de20_2026-10-10-16-11_backup_uploads.part001.zip,.jpg,generated thumbnail,False,True,0
wp-content/uploads/2022/03/Textbeitrag-fuer-kommunale-Veroeffentlichungen-pdf-724x1024.jpg,130490,dbad0e6f4a9a8912e597088846d8a9a1e705ab0d846ff2df8995e2dc08f58f5b,www.gemeinde-merching.de_wpvivid-b8981f085de20_2026-10-10-16-11_backup_uploads.part001.zip,.jpg,generated thumbnail,False,True,0
wp-content/uploads/2022/03/Landratsamt-AIC-FDB-scaled.jpg,1045878,5f02188802af4f2668f7787e1f7aa59e81a6db41fdced15f9fff1c30fc1f8145,www.gemeinde-merching.de_wpvivid-b8981f085de20_2026-10-10-16-11_backup_uploads.part001.zip,.jpg,unreferenced candidate (not proven orphan),False,False,0
wp-content/uploads/2022/03/Textbeitrag-fuer-kommunale-Veroeffentlichungen-pdf-106x150.jpg,7972,24e113188e4ee452f5fa827d0a45adbd0f00b8942fbe3b7d361e23d5ff583f52,www.gemeinde-merching.de_wpvivid-b8981f085de20_2026-10-10-16-11_backup_uploads.part001.zip,.jpg,generated thumbnail,False,True,0
wp-content/uploads/2022/03/Landratsamt-AIC-FDB-scaled-e1675763040684.jpg,13375,7c92754fb6fe26538af4293489b26efcc5a4b0b2cd7f06e0638a679bd9fda85b,www.gemeinde-merching.de_wpvivid-b8981f085de20_2026-10-10-16-11_backup_uploads.part001.zip,.jpg,original/referenced,True,False,0
wp-content/uploads/2022/03/Textbeitrag-fuer-kommunale-Veroeffentlichungen-pdf.jpg,259258,a9317d291821159a24c719098bf797a40509a3351dea75f3e45ea2a728967ebe,www.gemeinde-merching.de_wpvivid-b8981f085de20_2026-10-10-16-11_backup_uploads.part001.zip,.jpg,generated thumbnail,False,False,0
wp-content/uploads/2022/01/wappen-rvs-150x150.jpg,14407,42a53978222adf6a75487824a8a3c2baa0c8d4a871113b50dc7537ffad5f1439,www.gemeinde-merching.de_wpvivid-b8981f085de20_2026-10-10-16-11_backup_uploads.part001.zip,.jpg,generated thumbnail,False,True,4
wp-content/uploads/2022/01/wappen-rvs.jpg,17899,60e2c5dd19268d0dcc95812701ce3f5ab56ff81898f41087514dc490d209835d,www.gemeinde-merching.de_wpvivid-b8981f085de20_2026-10-10-16-11_backup_uploads.part001.zip,.jpg,original/referenced,True,False,4
wp-content/uploads/2022/06/Klose-Tanja-klein.jpg,3862,a8ef7f19a3fc06c4a649ec729366ae7825e10610c895c18360da976e5001864d,www.gemeinde-merching.de_wpvivid-b8981f085de20_2026-10-10-16-11_backup_uploads.part001.zip,.jpg,original/referenced,True,False,1
wp-content/uploads/2022/12/Rathaus-2020-neu-2048x1536.jpeg,600115,bd5776fa9a6fb13b3275deb4bb5e98c00e7a2b2f1daac9aaa1fb0d41106cedc1,www.gemeinde-merching.de_wpvivid-b8981f085de20_2026-10-10-16-11_backup_uploads.part001.zip,.jpeg,generated thumbnail,False,True,0
wp-content/uploads/2022/12/Gemeindekurier-Weihnachten-2022-f.-Homepage-pdf.jpg,490344,456851f5deee2a50ecfa600abfed9a2218cf19a146d16744db46264f4c799dfa,www.gemeinde-merching.de_wpvivid-b8981f085de20_2026-10-10-16-11_backup_uploads.part001.zip,.jpg,generated thumbnail,False,False,0
wp-content/uploads/2022/12/cropped-banner2-768x173.jpg,19030,c2605d91c0801243d07301af2df1c3b7899f71b44d561319b46661893172bf39,www.gemeinde-merching.de_wpvivid-b8981f085de20_2026-10-10-16-11_backup_uploads.part001.zip,.jpg,generated thumbnail,False,True,0
wp-content/uploads/2022/12/cropped-banner2-1536x346.jpg,60743,52c8ae03dbca8dce86018c0dc06fa1ba6e2311040b78fb4e8f8ee846d1d4968b,www.gemeinde-merching.de_wpvivid-b8981f085de20_2026-10-10-16-11_backup_uploads.part001.zip,.jpg,generated thumbnail,False,True,0
wp-content/uploads/2022/12/cropped-banner2-150x150.jpg,1893,993dd5abf1c2246b6db1be92e404ce2921cfef8fca371bb8a469918f38c1da47,www.gemeinde-merching.de_wpvivid-b8981f085de20_2026-10-10-16-11_backup_uploads.part001.zip,.jpg,generated thumbnail,False,True,0
wp-content/uploads/2022/12/Rathaus-2020-neu-300x225.jpeg,18588,be61f84d4e74804ca2da9eb4a720ef20d7b4528c9051dd83a9efc5245f856020,www.gemeinde-merching.de_wpvivid-b8981f085de20_2026-10-10-16-11_backup_uploads.part001.zip,.jpeg,original/referenced,False,True,7
wp-content/uploads/2022/12/Gemeindekurier-Weihnachten-2022-f.-Homepage-pdf-150x106.jpg,7846,9e82ada734fef9c0f670adef8f10f680e11db2517b10bbc1eafe65748623f311,www.gemeinde-merching.de_wpvivid-b8981f085de20_2026-10-10-16-11_backup_uploads.part001.zip,.jpg,generated thumbnail,False,True,0
wp-content/uploads/2022/12/banner2-300x68.jpg,4067,7d999aa65c3f1af3f2dfed932f3b5ac4c1469928c349da658e49c451e1742386,www.gemeinde-merching.de_wpvivid-b8981f085de20_2026-10-10-16-11_backup_uploads.part001.zip,.jpg,generated thumbnail,False,True,0
wp-content/uploads/2022/12/Rathaus-2020-neu.jpeg,2245115,4080a2ac53b8b09b0e9a6ddc417e759c2a5d6d0d29af3e07136553a9795d4832,www.gemeinde-merching.de_wpvivid-b8981f085de20_2026-10-10-16-11_backup_uploads.part001.zip,.jpeg,unreferenced candidate (not proven orphan),False,False,0
wp-content/uploads/2022/12/banner2.jpg,176754,e9e9c646e83e0961fb60098d21f566e10f45fca0ba5e2824544d953b751dfe2f,www.gemeinde-merching.de_wpvivid-b8981f085de20_2026-10-10-16-11_backup_uploads.part001.zip,.jpg,original/referenced,True,False,353
wp-content/uploads/2022/12/banner2-150x150.jpg,1844,4537cd688c8083cfa07b38939c537406c49fafbec7908a97cd1821660fec3b50,www.gemeinde-merching.de_wpvivid-b8981f085de20_2026-10-10-16-11_backup_uploads.part001.zip,.jpg,generated thumbnail,False,True,0
wp-content/uploads/2022/12/Startseite-Block-768x318.jpg,52134,65a4037366314f51dc3c5b052c4c672d8ed983e44bee66fa6e40edece1dfd39f,www.gemeinde-merching.de_wpvivid-b8981f085de20_2026-10-10-16-11_backup_uploads.part001.zip,.jpg,generated thumbnail,False,True,0
wp-content/uploads/2022/12/Gemeindekurier-Weihnachten-2022-f.-Homepage-pdf-300x212.jpg,18350,2ddda7ca0f9f4085094e378adbfcdd68d869ba050ce1ece20dd0653dd2c6c700,www.gemeinde-merching.de_wpvivid-b8981f085de20_2026-10-10-16-11_backup_uploads.part001.zip,.jpg,generated thumbnail,False,True,0
wp-content/uploads/2022/12/Startseite-Block-300x124.jpg,10226,5dec9c65ecf95739097d2f0f1279c960eabd3eb95663fef5e747ea05d2dc3eb1,www.gemeinde-merching.de_wpvivid-b8981f085de20_2026-10-10-16-11_backup_uploads.part001.zip,.jpg,generated thumbnail,False,True,0
wp-content/uploads/2022/12/cropped-banner2-1024x230.jpg,30353,910d91c0bca3bf2ec92fb0eeea3edfd39c2d7bd06c9101c72f3840a06c86b658,www.gemeinde-merching.de_wpvivid-b8981f085de20_2026-10-10-16-11_backup_uploads.part001.zip,.jpg,generated thumbnail,False,True,0
wp-content/uploads/2022/12/Rathaus-2020-neu-150x150.jpeg,6860,f6e461e28c740b62d187ec9b1592b684826876d95befa221787ed49a3e233651,www.gemeinde-merching.de_wpvivid-b8981f085de20_2026-10-10-16-11_backup_uploads.part001.zip,.jpeg,generated thumbnail,False,True,0
wp-content/uploads/2022/12/cropped-banner2-300x68.jpg,4066,633c0f49189671c6b4918c77ca991800ac10e07d2e0d73b661f6fc1a4d573186,www.gemeinde-merching.de_wpvivid-b8981f085de20_2026-10-10-16-11_backup_uploads.part001.zip,.jpg,generated thumbnail,False,True,0
wp-content/uploads/2022/12/Startseite-Block.jpg,466808,ab43f70703498b38027aac62643f72d3c5e30db7642c7948555d7d9f339cc56d,www.gemeinde-merching.de_wpvivid-b8981f085de20_2026-10-10-16-11_backup_uploads.part001.zip,.jpg,original/referenced,True,False,0
wp-content/uploads/2022/12/banner2-1024x230.jpg,29779,da55253cb5c8a1ee0c6ecc83d4fb2f1bd9d32deea1a616da5eb754801d56d8ee,www.gemeinde-merching.de_wpvivid-b8981f085de20_2026-10-10-16-11_backup_uploads.part001.zip,.jpg,generated thumbnail,False,True,0
wp-content/uploads/2022/12/Startseite-Block-1024x424.jpg,85751,e861aeac66c87c8d36f758aaa8145cd11f0d45c53b419d3aa39a114f2fe9fad1,www.gemeinde-merching.de_wpvivid-b8981f085de20_2026-10-10-16-11_backup_uploads.part001.zip,.jpg,generated thumbnail,False,True,0
wp-content/uploads/2022/12/Rathaus-2020-neu-768x576.jpeg,105579,9fc6a825132a4eace6d0b8bd6ad63715fa81d828d1364d4fd614839e615c80b8,www.gemeinde-merching.de_wpvivid-b8981f085de20_2026-10-10-16-11_backup_uploads.part001.zip,.jpeg,generated thumbnail,False,True,0
wp-content/uploads/2022/12/Rathaus-2020-neu-1536x1152.jpeg,366267,835fcc1e243530ccf03ff3de89ba87026413b084be4fa93d687978cdf364eb51,www.gemeinde-merching.de_wpvivid-b8981f085de20_2026-10-10-16-11_backup_uploads.part001.zip,.jpeg,generated thumbnail,False,True,0
wp-content/uploads/2022/12/cropped-banner2.jpg,89463,459dc7a4728ad948858deed1a7ebe53750f5e352e02de25137dfbc5a618a386e,www.gemeinde-merching.de_wpvivid-b8981f085de20_2026-10-10-16-11_backup_uploads.part001.zip,.jpg,original/referenced,True,False,0
wp-content/uploads/2022/12/banner2-1536x346.jpg,58998,78ac6a76650a6fba4e54bba0c9eb62d3a59a8a6f0279c77cfb464ffa9471d2cd,www.gemeinde-merching.de_wpvivid-b8981f085de20_2026-10-10-16-11_backup_uploads.part001.zip,.jpg,generated thumbnail,False,True,0
wp-content/uploads/2022/12/Startseite-Block-150x150.jpg,5222,297e3e5643c2bb92d91baaac57823090c7ccf486ba48a1cab21a99001a24414a,www.gemeinde-merching.de_wpvivid-b8981f085de20_2026-10-10-16-11_backup_uploads.part001.zip,.jpg,generated thumbnail,False,True,0
wp-content/uploads/2022/12/Gemeindekurier-Weihnachten-2022-f.-Homepage-pdf-1024x724.jpg,132855,0a436f5f76f59e589413051a1ecca4fbfc9dc7f2bd57caa6056550ed86a19bfe,www.gemeinde-merching.de_wpvivid-b8981f085de20_2026-10-10-16-11_backup_uploads.part001.zip,.jpg,generated thumbnail,False,True,0
wp-content/uploads/2022/12/Rathaus-2020-neu-1024x768.jpeg,177795,7974160b2e1099b5f1f40bced852ec2a44ce414f2807e3a254e90fa9686d1654,www.gemeinde-merching.de_wpvivid-b8981f085de20_2026-10-10-16-11_backup_uploads.part001.zip,.jpeg,generated thumbnail,False,True,0
wp-content/uploads/2022/12/banner2-768x173.jpg,18792,759cb1434c76c129b55c6348238e7e73011db66184fc22cfae12a32613a305e0,www.gemeinde-merching.de_wpvivid-b8981f085de20_2026-10-10-16-11_backup_uploads.part001.zip,.jpg,generated thumbnail,False,True,0
wp-content/uploads/2022/12/Gemeindekurier-Weihnachten-2022-f.-Homepage.pdf,1607063,bdbcaf045dc046e768bd9ee2f07791eb5c78f2a84d6733715cdd562251a4780d,www.gemeinde-merching.de_wpvivid-b8981f085de20_2026-10-10-16-11_backup_uploads.part001.zip,.pdf,original/referenced,True,False,0
wp-content/uploads/2022/12/Rathaus-2020-neu-scaled.jpeg,872147,033488eaba7c91131f5a96511a7880a2859956071c07f9a08e410f962c4aef0f,www.gemeinde-merching.de_wpvivid-b8981f085de20_2026-10-10-16-11_backup_uploads.part001.zip,.jpeg,original/referenced,True,False,0
wp-content/uploads/2022/10/evs-1024x1024.png,44912,d1b6e0cb56d6e952a470aafcffdc01461456416fb46a56b6ceae29e5079f88ec,www.gemeinde-merching.de_wpvivid-b8981f085de20_2026-10-10-16-11_backup_uploads.part001.zip,.png,generated thumbnail,False,True,0
wp-content/uploads/2022/10/BMWK_NKI_Gefoerdert_RGB_DE_2022_quer-768x398.jpg,47506,02c0c5ad98707d13cc2d7ec0011c63814aa561521b55b0714a925e2b0d487c55,www.gemeinde-merching.de_wpvivid-b8981f085de20_2026-10-10-16-11_backup_uploads.part001.zip,.jpg,generated thumbnail,False,True,0
wp-content/uploads/2022/10/evs-300x300.png,11584,a9c7e495a867fe60958f0446cf5a659a7cdd02a0e00253ecfefb91f8d2c0c453,www.gemeinde-merching.de_wpvivid-b8981f085de20_2026-10-10-16-11_backup_uploads.part001.zip,.png,generated thumbnail,False,True,0
wp-content/uploads/2022/10/BMWK_NKI_Gefoerdert_RGB_DE_2022_quer-150x150.jpg,22539,0ed0b9b4ffe54027ae78fb6deb00d44706c15bd26e5d31c769a400a1d0a27c10,www.gemeinde-merching.de_wpvivid-b8981f085de20_2026-10-10-16-11_backup_uploads.part001.zip,.jpg,generated thumbnail,False,True,0
wp-content/uploads/2022/10/evs-150x150.png,5721,975972e67a67b7ad292dd002b980ad0a6a1b3d1ca22a17e216b74f63f251676d,www.gemeinde-merching.de_wpvivid-b8981f085de20_2026-10-10-16-11_backup_uploads.part001.zip,.png,generated thumbnail,False,True,0
wp-content/uploads/2022/10/BMWK_NKI_Gefoerdert_RGB_DE_2022_quer-1024x531.jpg,63009,9904c87fc81a1baeb167fd3e87b56f74fd2afc535fb3cbb8e8c868fc3595b9be,www.gemeinde-merching.de_wpvivid-b8981f085de20_2026-10-10-16-11_backup_uploads.part001.zip,.jpg,generated thumbnail,False,True,0
wp-content/uploads/2022/10/BMWK_NKI_Gefoerdert_RGB_DE_2022_quer-300x156.jpg,26403,515f1c8c217add0c0d64116af07768e974ed8eb4c1449500c1d74840c94b470d,www.gemeinde-merching.de_wpvivid-b8981f085de20_2026-10-10-16-11_backup_uploads.part001.zip,.jpg,generated thumbnail,False,True,0
wp-content/uploads/2022/10/evs-768x768.png,32384,9e95683929fd0eaaa1b389d5a697cad17b3884590befdd5d62e870f31228515e,www.gemeinde-merching.de_wpvivid-b8981f085de20_2026-10-10-16-11_backup_uploads.part001.zip,.png,generated thumbnail,False,True,0
wp-content/uploads/2022/10/BMWK_NKI_Gefoerdert_RGB_DE_2022_quer.jpg,155867,bc8ef97acdcab31bbb38fb7a8c93085ffe33f73676125a989f665e9dee64f00d,www.gemeinde-merching.de_wpvivid-b8981f085de20_2026-10-10-16-11_backup_uploads.part001.zip,.jpg,original/referenced,True,False,0
wp-content/uploads/2022/10/evs.png,25450,54ec6dd9feec1f3406c79ac89387efa8aa7b35a1837d773bae808d9a3e8541fa,www.gemeinde-merching.de_wpvivid-b8981f085de20_2026-10-10-16-11_backup_uploads.part001.zip,.png,original/referenced,True,False,0
wp-content/uploads/2022/02/logo-fdpf-bayern-150x76.jpg,5606,b9900c05aff3328aa554ca6912c745ca730db897b541c42cfb64df237d648742,www.gemeinde-merching.de_wpvivid-b8981f085de20_2026-10-10-16-11_backup_uploads.part001.zip,.jpg,generated thumbnail,False,True,0
wp-content/uploads/2022/02/logo-fdpf-bayern-e1645716163382.jpg,1897,86db9a27cf7179b7be26248c6f5936f282f2adedb81b60d43e5b83cc53710282,www.gemeinde-merching.de_wpvivid-b8981f085de20_2026-10-10-16-11_backup_uploads.part001.zip,.jpg,unreferenced candidate (not proven orphan),False,False,0
wp-content/uploads/2022/02/logo-fdpf-bayern-e1645716454528.jpg,1894,55fbf36b51f535b6fb0d977f9464a90a5ead8c6cab21b34190907ba0a6ec8290,www.gemeinde-merching.de_wpvivid-b8981f085de20_2026-10-10-16-11_backup_uploads.part001.zip,.jpg,unreferenced candidate (not proven orphan),False,False,0
wp-content/uploads/2022/02/logo-fdpf-bayern-e1645716476986.jpg,740,8e4926958e6960b1253e6cc436bd93ae260747e517835ffd97ac900823363436,www.gemeinde-merching.de_wpvivid-b8981f085de20_2026-10-10-16-11_backup_uploads.part001.zip,.jpg,unreferenced candidate (not proven orphan),False,False,0
wp-content/uploads/2022/02/logo-fdpf-bayern.jpg,8739,fb50b1ab792b55ab5089a61b263d1b22a6497b55e2477ed8dbb98f58a9353750,www.gemeinde-merching.de_wpvivid-b8981f085de20_2026-10-10-16-11_backup_uploads.part001.zip,.jpg,original/referenced,True,False,0
wp-content/uploads/2022/02/logo-fdpf-bayern-e1645716024725.jpg,1910,f066468eaa415889eed37118d8edf05494494761b9e1df3454ca3620f5688eb2,www.gemeinde-merching.de_wpvivid-b8981f085de20_2026-10-10-16-11_backup_uploads.part001.zip,.jpg,unreferenced candidate (not proven orphan),False,False,0
wp-content/uploads/2022/02/logo-fdpf-bayern-e1645715889890.jpg,8645,1be67b3d66e5998ce03a1faef31f6e8ecf1be56870a716b219554bf8193e2346,www.gemeinde-merching.de_wpvivid-b8981f085de20_2026-10-10-16-11_backup_uploads.part001.zip,.jpg,unreferenced candidate (not proven orphan),False,False,0
wp-content/uploads/2022/02/wappen-rvs-150x150.jpg,14407,42a53978222adf6a75487824a8a3c2baa0c8d4a871113b50dc7537ffad5f1439,www.gemeinde-merching.de_wpvivid-b8981f085de20_2026-10-10-16-11_backup_uploads.part001.zip,.jpg,generated thumbnail,False,True,3
wp-content/uploads/2022/02/wappen-rvs.jpg,17899,60e2c5dd19268d0dcc95812701ce3f5ab56ff81898f41087514dc490d209835d,www.gemeinde-merching.de_wpvivid-b8981f085de20_2026-10-10-16-11_backup_uploads.part001.zip,.jpg,original/referenced,True,False,3
wp-content/uploads/2022/02/Beitragsbild_Logo_Merching-2-150x150-1.jpg,9430,81bd8c115adccd3212edcd40f4cec285878a1d9c58c08bcdc5a6ff3fb5ed00a4,www.gemeinde-merching.de_wpvivid-b8981f085de20_2026-10-10-16-11_backup_uploads.part001.zip,.jpg,original/referenced,True,False,53
wp-content/uploads/2022/02/logo-fdpf-bayern-e1645716118575.jpg,1895,7248737899ee87159610c3b7076b73b536f9e6495d1b3508035b5b2a7ed8efce,www.gemeinde-merching.de_wpvivid-b8981f085de20_2026-10-10-16-11_backup_uploads.part001.zip,.jpg,unreferenced candidate (not proven orphan),False,False,0
wp-content/uploads/2022/02/logo-fdpf-bayern-e1645715897110.jpg,3330,f95a39ace7f80ee6f2f7ee4d4085c3d9be6e61758d105a160af31178585067c9,www.gemeinde-merching.de_wpvivid-b8981f085de20_2026-10-10-16-11_backup_uploads.part001.zip,.jpg,unreferenced candidate (not proven orphan),False,False,0
wp-content/uploads/2022/02/Beitragsbild_Logo_Merching-2-150x150-1-150x150.jpg,5526,f553de044cb0199b60eddd5873f21b402e0c9a74ae96c767613c08206879cecd,www.gemeinde-merching.de_wpvivid-b8981f085de20_2026-10-10-16-11_backup_uploads.part001.zip,.jpg,generated thumbnail,False,True,0
wp-content/uploads/2015/08/Merching-Ablauf-3-150x150.jpg,4220,9269da07f0391373e37e0f9eb9394326c1085f6a7469663cda5b2b1b322ddd55,www.gemeinde-merching.de_wpvivid-b8981f085de20_2026-10-10-16-11_backup_uploads.part001.zip,.jpg,generated thumbnail,False,True,0
wp-content/uploads/2015/08/post-expirator-150x150.jpg,8395,a2888d028c0fdefc248bff4d96c663212648945c85716343f2a8748a452d4ccb,www.gemeinde-merching.de_wpvivid-b8981f085de20_2026-10-10-16-11_backup_uploads.part001.zip,.jpg,generated thumbnail,False,True,0
wp-content/uploads/2015/08/Merching-Ablauf-2-300x232.jpg,9495,5b08f6a07f69a7e32d4c47ebe3b798b916284a3426992bd616dc7aed1f605bdb,www.gemeinde-merching.de_wpvivid-b8981f085de20_2026-10-10-16-11_backup_uploads.part001.zip,.jpg,generated thumbnail,False,True,0
wp-content/uploads/2015/08/Merching-Ablauf-2.jpg,65591,a17024d21b72cbd444f8b021f9320834209280fd710a753edddde4fbcdc7b4b4,www.gemeinde-merching.de_wpvivid-b8981f085de20_2026-10-10-16-11_backup_uploads.part001.zip,.jpg,original/referenced,True,False,0
wp-content/uploads/2015/08/Merching-Ablauf-3-281x300.jpg,11548,25fde494aa9dcce33b65e192e8712c45b89cda818f31a365966b8808142266d1,www.gemeinde-merching.de_wpvivid-b8981f085de20_2026-10-10-16-11_backup_uploads.part001.zip,.jpg,generated thumbnail,False,True,0
wp-content/uploads/2015/08/post-expirator-300x280.jpg,20274,041ef57d12b3545412fc5802f40d4b7113f4b86a9986a863cb2586d93f877172,www.gemeinde-merching.de_wpvivid-b8981f085de20_2026-10-10-16-11_backup_uploads.part001.zip,.jpg,generated thumbnail,False,True,0
wp-content/uploads/2015/08/post-expirator2.jpg,42274,b595b3cc300b69bb498d212213c0f8fc857f09e7e7d7d6ab1381d8de56db0749,www.gemeinde-merching.de_wpvivid-b8981f085de20_2026-10-10-16-11_backup_uploads.part001.zip,.jpg,original/referenced,True,False,0
wp-content/uploads/2015/08/Merching-Ablauf-1-1024x720.jpg,63923,fffe061673e344a3efa35fbaa8149930287234545bb7b597766f341dd12e58ab,www.gemeinde-merching.de_wpvivid-b8981f085de20_2026-10-10-16-11_backup_uploads.part001.zip,.jpg,generated thumbnail,False,True,0
wp-content/uploads/2015/08/Merching-Ablauf-3.jpg,96514,c56ad82863af6bda221dd4e1eb7106903bf26b7b7b087e1a2b2b190711d64674,www.gemeinde-merching.de_wpvivid-b8981f085de20_2026-10-10-16-11_backup_uploads.part001.zip,.jpg,original/referenced,True,False,0
wp-content/uploads/2015/08/Merching-Ablauf-1-300x211.jpg,9917,946d3cdd59b231648222a4bda2e41f038a06c731fa35c801f747186c233e5a75,www.gemeinde-merching.de_wpvivid-b8981f085de20_2026-10-10-16-11_backup_uploads.part001.zip,.jpg,generated thumbnail,False,True,0
wp-content/uploads/2015/08/Merching-Ablauf-3-958x1024.jpg,70983,b2c174927b261ce21195ed94d5fc9ec0ac985d9d2c03ab4b91512f6f3d80fe23,www.gemeinde-merching.de_wpvivid-b8981f085de20_2026-10-10-16-11_backup_uploads.part001.zip,.jpg,generated thumbnail,False,True,0
wp-content/uploads/2015/08/Merching-Ablauf-1-150x150.jpg,3486,2fe91b07635e7253c77cd65a5d0a33ca37e6b340408a5ed27457032d18dc2aa2,www.gemeinde-merching.de_wpvivid-b8981f085de20_2026-10-10-16-11_backup_uploads.part001.zip,.jpg,generated thumbnail,False,True,0
wp-content/uploads/2015/08/Merching-Ablauf-2-768x595.jpg,40778,db883b785d4cfff4ad58d25fec3cfbc2caaeb77fd2bec289fa579f48331b4176,www.gemeinde-merching.de_wpvivid-b8981f085de20_2026-10-10-16-11_backup_uploads.part001.zip,.jpg,generated thumbnail,False,True,0
wp-content/uploads/2015/08/Merching-Ablauf-1.jpg,112250,f12ea094d9750db9b3d8f32b28151f9a6c431adb973b8626c9097f777cf28d64,www.gemeinde-merching.de_wpvivid-b8981f085de20_2026-10-10-16-11_backup_uploads.part001.zip,.jpg,original/referenced,True,False,0
wp-content/uploads/2015/08/Merching-Ablauf-1-768x540.jpg,42640,d94cc8538c641d1f5661d4c09c8942d75210d42f91a29c2015cfa00aa303373a,www.gemeinde-merching.de_wpvivid-b8981f085de20_2026-10-10-16-11_backup_uploads.part001.zip,.jpg,generated thumbnail,False,True,0
wp-content/uploads/2015/08/post-expirator.jpg,47663,19fd05136ff94946c6bd00ac6cfd63c9e94ffc8a6e617ba5a189e8262ba3f48a,www.gemeinde-merching.de_wpvivid-b8981f085de20_2026-10-10-16-11_backup_uploads.part001.zip,.jpg,original/referenced,True,False,0
wp-content/uploads/2015/08/Merching-Ablauf-3-768x821.jpg,53258,db5a1a75fa78615d0ac67d01ed942cd064eef3fd223c6351d683334fec9f9268,www.gemeinde-merching.de_wpvivid-b8981f085de20_2026-10-10-16-11_backup_uploads.part001.zip,.jpg,generated thumbnail,False,True,0
wp-content/uploads/2015/08/post-expirator2-150x150.jpg,7061,4488fceb51b0387fcdbc223d290857575cc6879256827ba46ad6f940a6176738,www.gemeinde-merching.de_wpvivid-b8981f085de20_2026-10-10-16-11_backup_uploads.part001.zip,.jpg,generated thumbnail,False,True,0
wp-content/uploads/2015/08/Merching-Ablauf-2-150x150.jpg,3697,601077d3226ab4c950bbe1532f9fbeda51ac21731ac5313b292cdc662ccb0d4f,www.gemeinde-merching.de_wpvivid-b8981f085de20_2026-10-10-16-11_backup_uploads.part001.zip,.jpg,generated thumbnail,False,True,0
wp-content/uploads/2025/09/Flyer-Vereinsforum-2025-2.-HJ-Version-EK-1.pdf,1582055,38bd4c97fc550a5efd410ad09bb9ab2667315c16c0d76641df01e375f20afe7d,www.gemeinde-merching.de_wpvivid-b8981f085de20_2026-10-10-16-11_backup_uploads.part001.zip,.pdf,original/referenced,True,False,0
wp-content/uploads/2025/09/Beitragsbild-Klimawoche-2025-150x150.jpg,5598,072c6c8246b2d4d44e1eba95e656123f0b40ecfcbb3043b1dd7a339acf5c699e,www.gemeinde-merching.de_wpvivid-b8981f085de20_2026-10-10-16-11_backup_uploads.part001.zip,.jpg,generated thumbnail,False,True,0
wp-content/uploads/2025/09/Stellplatzsatzung-der-Gemeinde-Merching-vom-08.09.2025.pdf,214194,d0d780303471d780210bdf3dad0a7b54d9ce01386a56cc3f12d074da956a195c,www.gemeinde-merching.de_wpvivid-b8981f085de20_2026-10-10-16-11_backup_uploads.part001.zip,.pdf,original/referenced,True,False,0
wp-content/uploads/2025/09/Hundesteuersatzung-2026-Homepage.pdf,128279,0699dcab98f643038826b779eedfc436e0b68ff0b26064c0bd052c06a0cc2172,www.gemeinde-merching.de_wpvivid-b8981f085de20_2026-10-10-16-11_backup_uploads.part001.zip,.pdf,original/referenced,True,False,0
wp-content/uploads/2025/09/Logo-Advent-947x1024.jpg,103711,32ad2650806886aa3c15b85e8096ba7b869c4170248bc17d6f6dbff0fc8f5968,www.gemeinde-merching.de_wpvivid-b8981f085de20_2026-10-10-16-11_backup_uploads.part001.zip,.jpg,generated thumbnail,False,True,0
wp-content/uploads/2025/09/Unternehmenssatzung-fuer-das-Kommunalunternemen-Merching-vom-16.09.2025.pdf,270903,a78cf90d46ef64e91693d5e63e3e895196a623cab7162ec49996bc45d111bd00,www.gemeinde-merching.de_wpvivid-b8981f085de20_2026-10-10-16-11_backup_uploads.part001.zip,.pdf,original/referenced,True,False,0
wp-content/uploads/2025/09/Logo-Advent-e1763638592743.jpg,27777,38fa6ee0afc4ea3ae492fad74b9b69f16d64077fcd1dd37814c88b0a13b14bb6,www.gemeinde-merching.de_wpvivid-b8981f085de20_2026-10-10-16-11_backup_uploads.part001.zip,.jpg,original/referenced,True,False,0
wp-content/uploads/2025/09/1.-JUP-Kongress-11-2025.pdf,383826,eb32c072b2abf0de88432a5beb296c865e8433f9d08a80a2471ac806329d05b1,www.gemeinde-merching.de_wpvivid-b8981f085de20_2026-10-10-16-11_backup_uploads.part001.zip,.pdf,original/referenced,True,False,0
wp-content/uploads/2025/09/Logo-Advent-150x150.jpg,30816,73527ccd5f32098a33feaccb59c0304f92627166a30946e8e1688114cf8f18de,www.gemeinde-merching.de_wpvivid-b8981f085de20_2026-10-10-16-11_backup_uploads.part001.zip,.jpg,generated thumbnail,False,True,0
wp-content/uploads/2025/09/Aufruf-Kunstfoerderpreis.pdf,333215,2da95dfe5889705e80b3e19f3ce7792d35958aac237ae228cf3d81c817644868,www.gemeinde-merching.de_wpvivid-b8981f085de20_2026-10-10-16-11_backup_uploads.part001.zip,.pdf,original/referenced,True,False,0
wp-content/uploads/2025/09/Merchinger-Advent-Logo-768x831.jpg,85639,39021de19af1a97d141e91954c1e748df708d6e7a1b947cee2accb79de662293,www.gemeinde-merching.de_wpvivid-b8981f085de20_2026-10-10-16-11_backup_uploads.part001.zip,.jpg,generated thumbnail,False,True,0
wp-content/uploads/2025/09/Logo-Advent-e1763638494777.jpg,31024,c9a82e5b3d535f733d643b5b79b40933f1dc97a65d7a65144ada66f016babd9d,www.gemeinde-merching.de_wpvivid-b8981f085de20_2026-10-10-16-11_backup_uploads.part001.zip,.jpg,unreferenced candidate (not proven orphan),False,False,0
wp-content/uploads/2025/09/Merchinger-Advent-Logo-947x1024.jpg,103711,32ad2650806886aa3c15b85e8096ba7b869c4170248bc17d6f6dbff0fc8f5968,www.gemeinde-merching.de_wpvivid-b8981f085de20_2026-10-10-16-11_backup_uploads.part001.zip,.jpg,generated thumbnail,False,True,0
wp-content/uploads/2025/09/Unternehmenssatzung-fuer-das-Kommunalunternehmen-Merching-vom-16.09.2025.pdf,270903,a78cf90d46ef64e91693d5e63e3e895196a623cab7162ec49996bc45d111bd00,www.gemeinde-merching.de_wpvivid-b8981f085de20_2026-10-10-16-11_backup_uploads.part001.zip,.pdf,original/referenced,True,False,0
wp-content/uploads/2025/09/Hundesteuer-Satzung-der-Gemeinde-Merching-fuer-die-Erhebung-einer-Hundesteuer-ab-2026.pdf,128279,0699dcab98f643038826b779eedfc436e0b68ff0b26064c0bd052c06a0cc2172,www.gemeinde-merching.de_wpvivid-b8981f085de20_2026-10-10-16-11_backup_uploads.part001.zip,.pdf,original/referenced,True,False,1
wp-content/uploads/2025/09/Logo-Advent-768x831.jpg,85639,39021de19af1a97d141e91954c1e748df708d6e7a1b947cee2accb79de662293,www.gemeinde-merching.de_wpvivid-b8981f085de20_2026-10-10-16-11_backup_uploads.part001.zip,.jpg,generated thumbnail,False,True,0
wp-content/uploads/2025/09/Logo-Advent.jpg,208174,914ecfe604b9bb4792707e856c214cd88530f4b82bc3be5126fed6adbe852d26,www.gemeinde-merching.de_wpvivid-b8981f085de20_2026-10-10-16-11_backup_uploads.part001.zip,.jpg,unreferenced candidate (not proven orphan),False,False,0
wp-content/uploads/2025/09/Beitragsbild-Klimawoche-2025-300x180.jpg,10655,265e9c8c9ff879409d8ec39e36fd70855dcd8b8e34f8668ae25876add835e0c1,www.gemeinde-merching.de_wpvivid-b8981f085de20_2026-10-10-16-11_backup_uploads.part001.zip,.jpg,generated thumbnail,False,True,0
wp-content/uploads/2025/09/Merchinger-Advent-Logo-277x300.jpg,40724,44642d1523810f076c6847f4ef62042a3248c007092a93d608904bf50331bba0,www.gemeinde-merching.de_wpvivid-b8981f085de20_2026-10-10-16-11_backup_uploads.part001.zip,.jpg,generated thumbnail,False,True,0
wp-content/uploads/2025/09/Beitragsbild-Klimawoche-2025.jpg,23965,dfe405184c9faa6f78e610c657f1ed84c5a7906b74786f1c7e6b6efbe176e783,www.gemeinde-merching.de_wpvivid-b8981f085de20_2026-10-10-16-11_backup_uploads.part001.zip,.jpg,original/referenced,True,False,0
wp-content/uploads/2025/09/Logo-Advent-277x300.jpg,40724,44642d1523810f076c6847f4ef62042a3248c007092a93d608904bf50331bba0,www.gemeinde-merching.de_wpvivid-b8981f085de20_2026-10-10-16-11_backup_uploads.part001.zip,.jpg,generated thumbnail,False,True,0
wp-content/uploads/2025/09/Merchinger-Advent-Logo-150x150.jpg,30816,73527ccd5f32098a33feaccb59c0304f92627166a30946e8e1688114cf8f18de,www.gemeinde-merching.de_wpvivid-b8981f085de20_2026-10-10-16-11_backup_uploads.part001.zip,.jpg,generated thumbnail,False,True,0
wp-content/uploads/2025/09/Stellplatzsatzung-ab-30.09.2025-.pdf,265526,389c16bad63164201e55367ac5416ee2147ffd82274091bf8d41b4a8954cefd5,www.gemeinde-merching.de_wpvivid-b8981f085de20_2026-10-10-16-11_backup_uploads.part001.zip,.pdf,original/referenced,True,False,1
wp-content/uploads/2025/09/Bekanntmachung-Stellplatzsatzung-vom-08.09.2025.pdf,120811,6968f504cf12dbf0a1253ac3f7d225022804f278f25d2c24874e83b4ac89ce24,www.gemeinde-merching.de_wpvivid-b8981f085de20_2026-10-10-16-11_backup_uploads.part001.zip,.pdf,original/referenced,True,False,1
wp-content/uploads/2025/09/Bekanntmachung-Satzung-fuer-das-Kommunalunternehmen-Merching-vom-16.09.2025.pdf,118919,8f11c2b87cf56ae5f9ea11ea86a815766651c4ed75f6c5d5aab0926737c50fbb,www.gemeinde-merching.de_wpvivid-b8981f085de20_2026-10-10-16-11_backup_uploads.part001.zip,.pdf,original/referenced,True,False,1
wp-content/uploads/2025/09/Merchinger-Advent-Logo.jpg,208174,914ecfe604b9bb4792707e856c214cd88530f4b82bc3be5126fed6adbe852d26,www.gemeinde-merching.de_wpvivid-b8981f085de20_2026-10-10-16-11_backup_uploads.part001.zip,.jpg,original/referenced,True,False,0
wp-content/uploads/2025/11/eyeglasses-35598_1280-e1762852888324.webp,1152,2223ecf93601e0de083a7c8298426d4c71a16e06a7c368800446c9f178a10d11,www.gemeinde-merching.de_wpvivid-b8981f085de20_2026-10-10-16-11_backup_uploads.part001.zip,.webp,unreferenced candidate (not proven orphan),False,False,0
wp-content/uploads/2025/11/Gemeindekurier-November-2025-1.pdf,798574,ee38dc476199920aa661c59569223a32dac2a49411e7ca04c31934d03a8d29a3,www.gemeinde-merching.de_wpvivid-b8981f085de20_2026-10-10-16-11_backup_uploads.part001.zip,.pdf,original/referenced,True,False,0
wp-content/uploads/2025/11/eyeglasses-35598_1280-300x150.webp,7998,7e14372c563a9ef65260171c03729fa57cdd8d31f08fcbbe37d23e1e5535fae4,www.gemeinde-merching.de_wpvivid-b8981f085de20_2026-10-10-16-11_backup_uploads.part001.zip,.webp,generated thumbnail,False,True,0
wp-content/uploads/2025/11/2025-10_Sound_Train_Anzeige-Narrneusia-Broschuere-2026-CMYK-1024x1024.jpg,952887,9f653cb07e2a9e91d7114e29cdb85338c478dbc98cc6c87602915ba32345573c,www.gemeinde-merching.de_wpvivid-b8981f085de20_2026-10-10-16-11_backup_uploads.part001.zip,.jpg,generated thumbnail,False,True,0
wp-content/uploads/2025/11/eyeglasses-35598_1280-768x385.webp,25490,e61a68cb0fe44800a5360e773eefc422bb44941e9c4f597a442cb218ff582aaa,www.gemeinde-merching.de_wpvivid-b8981f085de20_2026-10-10-16-11_backup_uploads.part001.zip,.webp,generated thumbnail,False,True,0
wp-content/uploads/2025/11/BekanntmachungRattenbekJan26.pdf,157747,3e0fb73801d8814f3cd2c359069bbf9890d353f1b46e931ea20975f37abff86b,www.gemeinde-merching.de_wpvivid-b8981f085de20_2026-10-10-16-11_backup_uploads.part001.zip,.pdf,original/referenced,True,False,0
wp-content/uploads/2025/11/eyeglasses-35598_1280-e1762440209139.webp,2628,eb2e74e3e2d77238c43d459fae52c7eba757dcc307522949b631ca6f5c3e4946,www.gemeinde-merching.de_wpvivid-b8981f085de20_2026-10-10-16-11_backup_uploads.part001.zip,.webp,unreferenced candidate (not proven orphan),False,False,0
wp-content/uploads/2025/11/20251016_Plakat_Solartreff_Steindorf-25.11.pdf,202904,2baa314061b70b5da83156bb82b5366809e377467d1d4afc6675ba3cdfcfa818,www.gemeinde-merching.de_wpvivid-b8981f085de20_2026-10-10-16-11_backup_uploads.part001.zip,.pdf,original/referenced,True,False,0
wp-content/uploads/2025/11/2025-10_Sound_Train_Anzeige-Narrneusia-Broschuere-2026-CMYK-scaled.jpg,1935706,9f042259293079190a7b35ce131680b0f7fbe2115b5af328500abddd0abcd2a7,www.gemeinde-merching.de_wpvivid-b8981f085de20_2026-10-10-16-11_backup_uploads.part001.zip,.jpg,original/referenced,True,False,0
wp-content/uploads/2025/11/November-2025-Anlage-1.pdf,610394,6df9ad3ffe8b572ee7db56d2b685bf3c5d51b2cf47716217acef8abe1e59bb07,www.gemeinde-merching.de_wpvivid-b8981f085de20_2026-10-10-16-11_backup_uploads.part001.zip,.pdf,original/referenced,True,False,0
wp-content/uploads/2025/11/2025-10_Sound_Train_Anzeige-Narrneusia-Broschuere-2026-CMYK.jpg,6586126,98695f1cae8c58941c89a008da08a6d1c00d47c4880525062c536c84a1578e6c,www.gemeinde-merching.de_wpvivid-b8981f085de20_2026-10-10-16-11_backup_uploads.part001.zip,.jpg,unreferenced candidate (not proven orphan),False,False,0
wp-content/uploads/2025/11/eyeglasses-35598_1280-150x150.webp,4248,e2216957c75ed3cca41e222e001b092a319f9dda6804991da5d4987f259b76f1,www.gemeinde-merching.de_wpvivid-b8981f085de20_2026-10-10-16-11_backup_uploads.part001.zip,.webp,generated thumbnail,False,True,0
wp-content/uploads/2025/11/2025-10_Sound_Train_Anzeige-Narrneusia-Broschuere-2026-CMYK-1536x1536.jpg,1206453,f20fe7e49e2c117835d8d4fa5e291426aaa25aaddd7b0b45a493a649ce171a7a,www.gemeinde-merching.de_wpvivid-b8981f085de20_2026-10-10-16-11_backup_uploads.part001.zip,.jpg,generated thumbnail,False,True,0
wp-content/uploads/2025/11/Gemeindekurier-November-2025.pdf,798574,ee38dc476199920aa661c59569223a32dac2a49411e7ca04c31934d03a8d29a3,www.gemeinde-merching.de_wpvivid-b8981f085de20_2026-10-10-16-11_backup_uploads.part001.zip,.pdf,original/referenced,True,False,0
wp-content/uploads/2025/11/Merkblatt-zum-richtigen-Verhalten-ggue.-Wasser-u.-Zugvoegeln-LRA-November-2025.pdf,194397,9a0fa7382a73e32d7bfa1d2256797cdc2d9ee5d450d011b5f45042a59b595390,www.gemeinde-merching.de_wpvivid-b8981f085de20_2026-10-10-16-11_backup_uploads.part001.zip,.pdf,original/referenced,True,False,1
wp-content/uploads/2025/11/eyeglasses-35598_1280-1024x513.webp,37646,3979fef3b22b8de74d0596da25bf794053e32f3404ac07bde0f0f4b6fab7ba23,www.gemeinde-merching.de_wpvivid-b8981f085de20_2026-10-10-16-11_backup_uploads.part001.zip,.webp,generated thumbnail,False,True,0
wp-content/uploads/2025/11/eyeglasses-35598_1280-e1762440037198.webp,3644,d9affca566179d9645ba38ccb51fa4d601e3229dfc5c96b1b0b7d691ac64b7da,www.gemeinde-merching.de_wpvivid-b8981f085de20_2026-10-10-16-11_backup_uploads.part001.zip,.webp,unreferenced candidate (not proven orphan),False,False,0
wp-content/uploads/2025/11/Merchinger-Advent-Programm_25_bearbeitet_-Plakat-Schule-Merching-F.-Lubetzki.pdf,717284,38530a7138dac40b132510a63609a85ed740f98a586e10fcf0aaf869fa771729,www.gemeinde-merching.de_wpvivid-b8981f085de20_2026-10-10-16-11_backup_uploads.part001.zip,.pdf,original/referenced,True,False,0
wp-content/uploads/2025/11/2025-10_Sound_Train_Anzeige-Narrneusia-Broschuere-2026-CMYK-300x300.jpg,700616,68c6f0d10e68af7d94fec204056592b11eef633c43f497b5ee4cc92680d94864,www.gemeinde-merching.de_wpvivid-b8981f085de20_2026-10-10-16-11_backup_uploads.part001.zip,.jpg,generated thumbnail,False,True,0
wp-content/uploads/2025/11/eyeglasses-35598_1280.webp,52406,d656f4948bbea021fead8546fb49afcaea3010b0ead441e88f6c2d48fcf2359f,www.gemeinde-merching.de_wpvivid-b8981f085de20_2026-10-10-16-11_backup_uploads.part001.zip,.webp,original/referenced,True,False,0
wp-content/uploads/2025/11/2025-10_Sound_Train_Anzeige-Narrneusia-Broschuere-2026-CMYK-150x150.jpg,669557,8593e81c16b0b2c8fce44eaf0e8401c11614b342e77956ccda7c82ff466f7d13,www.gemeinde-merching.de_wpvivid-b8981f085de20_2026-10-10-16-11_backup_uploads.part001.zip,.jpg,generated thumbnail,False,True,0
wp-content/uploads/2025/11/2025-10_Sound_Train_Anzeige-Narrneusia-Broschuere-2026-CMYK-768x768.jpg,845978,2c6007661ebfa48ff4ec7ddcca2bb82dfe5449fad0b4cc271e068aa652e8d819,www.gemeinde-merching.de_wpvivid-b8981f085de20_2026-10-10-16-11_backup_uploads.part001.zip,.jpg,generated thumbnail,False,True,0
wp-content/uploads/2025/11/November-2025-Anlage.pdf,610394,6df9ad3ffe8b572ee7db56d2b685bf3c5d51b2cf47716217acef8abe1e59bb07,www.gemeinde-merching.de_wpvivid-b8981f085de20_2026-10-10-16-11_backup_uploads.part001.zip,.pdf,original/referenced,True,False,0
wp-content/uploads/2025/11/2025-10_Sound_Train_Anzeige-Narrneusia-Broschuere-2026-CMYK-2048x2048.jpg,1539754,37d4dc5d841f181b6514aafbd8539bea07edb52fd5ea1e39fa1058aeff4865d0,www.gemeinde-merching.de_wpvivid-b8981f085de20_2026-10-10-16-11_backup_uploads.part001.zip,.jpg,generated thumbnail,False,True,0
wp-content/uploads/2025/04/8_Aend_FNP_Steinach_Ost_Begruendung_20240620.pdf,1001001,1f6cfdb9ee6f3426135f16fa945bedb4d44367e2f1e78d4fa0f0c1fef9f26a1d,www.gemeinde-merching.de_wpvivid-b8981f085de20_2026-10-10-16-11_backup_uploads.part001.zip,.pdf,original/referenced,True,False,0
wp-content/uploads/2025/04/8_Aend_FNP_Merching_Planzeichnung_Feststellung_2024-06-20.pdf,10002711,5b08675bff88f03f6f30b19ab29c821b4ed1389e29b96e39bd696d9c815a89de,www.gemeinde-merching.de_wpvivid-b8981f085de20_2026-10-10-16-11_backup_uploads.part001.zip,.pdf,original/referenced,True,False,0
wp-content/uploads/2025/04/8_Aend_FNP_Steinach_Ost_Bekanntmachung_Genehmigung_20250403.pdf,363119,dc0098dc6899c9b02c4cefd188640f1775e4cde74723c57dfb92a400e4f361bb,www.gemeinde-merching.de_wpvivid-b8981f085de20_2026-10-10-16-11_backup_uploads.part001.zip,.pdf,original/referenced,True,False,0
wp-content/uploads/2025/04/8_Aend_FNP_Steinach_Ost_zus_Erklaerung_20250403.pdf,1285886,a174a668f0a3808ed7c852b34cda1aeb8dff46b48406fed857a436eb098b9b6b,www.gemeinde-merching.de_wpvivid-b8981f085de20_2026-10-10-16-11_backup_uploads.part001.zip,.pdf,original/referenced,True,False,0
wp-content/uploads/2025/04/Kauth-Yvonne-kl.jpg,4852,df5c315409d77da824a2fff037f94081bdd86aeb277a32220398dded9f7c58f9,www.gemeinde-merching.de_wpvivid-b8981f085de20_2026-10-10-16-11_backup_uploads.part001.zip,.jpg,original/referenced,True,False,1
wp-content/uploads/2025/04/Gemeindekurier-Ostern-2025-endgueltig-f.-Homepage.pdf,1002401,cbeddf63270010f2a58d75ab21bcd7e8242648b97a3018a89559056581fa2e8a,www.gemeinde-merching.de_wpvivid-b8981f085de20_2026-10-10-16-11_backup_uploads.part001.zip,.pdf,original/referenced,True,False,0
wp-content/uploads/2025/03/Textteil_Entwurf_BP_Kirchenfeld_3_Aend_20250123.pdf,172567,0b865ef7eaa4fbcb8ae4bd4c91503719bb863780874fdb69672069e22a90eb62,www.gemeinde-merching.de_wpvivid-b8981f085de20_2026-10-10-16-11_backup_uploads.part001.zip,.pdf,original/referenced,True,False,0
wp-content/uploads/2025/03/Aushang-Homepage_2.pdf,98184,1dc645bfc09081f40ac132951d2f8ace6a2aa0367e9884e20872d444a7e9d844,www.gemeinde-merching.de_wpvivid-b8981f085de20_2026-10-10-16-11_backup_uploads.part001.zip,.pdf,original/referenced,True,False,0
wp-content/uploads/2025/03/Begruendung_Entwurf_BP_Kirchenfeld_3_Aend_20250123.pdf,528255,68c07f4d304aed12f695ae3a1d779224709fe7bdafbbfd21ebef2254e863ed64,www.gemeinde-merching.de_wpvivid-b8981f085de20_2026-10-10-16-11_backup_uploads.part001.zip,.pdf,original/referenced,True,False,0
wp-content/uploads/2025/03/Broschuere_Tag-der-Vereine_01.06.2025.pdf,15271786,1c9303a33a8f1c1807c538c744d5b0f7dd7b595c0f5c27b3b2bcdda31f668e9a,www.gemeinde-merching.de_wpvivid-b8981f085de20_2026-10-10-16-11_backup_uploads.part001.zip,.pdf,original/referenced,True,False,0
wp-content/uploads/2025/03/BekanntmachungRattenMai2025.pdf,83590,3cbc9c3744c963c04c3bafedc6c930b45ad4a13201d89562ae67daeccfe7b12a,www.gemeinde-merching.de_wpvivid-b8981f085de20_2026-10-10-16-11_backup_uploads.part001.zip,.pdf,original/referenced,True,False,0
wp-content/uploads/2025/03/Broschuere_Tag-der-Vereine_01.06.2025-1.pdf,15271786,1c9303a33a8f1c1807c538c744d5b0f7dd7b595c0f5c27b3b2bcdda31f668e9a,www.gemeinde-merching.de_wpvivid-b8981f085de20_2026-10-10-16-11_backup_uploads.part001.zip,.pdf,original/referenced,True,False,0
wp-content/uploads/2025/03/Artenschutz-Relevanzpruefung-23-02-10.pdf,1535691,90dc2a87d351403295e251e09db1c09a69f56f6c88744dbab0118a3f402a5817,www.gemeinde-merching.de_wpvivid-b8981f085de20_2026-10-10-16-11_backup_uploads.part001.zip,.pdf,original/referenced,True,False,0
wp-content/uploads/2025/03/Plakatierungsverordnung.pdf,1278593,519abbc54c68d5a9487e17a4756625737e0b2c1ed7226787235a7bb578c6761a,www.gemeinde-merching.de_wpvivid-b8981f085de20_2026-10-10-16-11_backup_uploads.part001.zip,.pdf,original/referenced,True,False,1
wp-content/uploads/2025/03/Planzeichnung_Entwurf_3_Aend_Kirchenfeld_2025-01-23.pdf,1620441,d6256b9f9f2c7e0ffcc213d126e4b1f621e75d867ed7dc2ab5d0b92d160b819d,www.gemeinde-merching.de_wpvivid-b8981f085de20_2026-10-10-16-11_backup_uploads.part001.zip,.pdf,original/referenced,True,False,0
wp-content/uploads/2025/01/Plakatierungsverordnung.pdf,1439303,6d7ad051d37b5e65796dc9fd73bcb3fd19aa25b795db8f2d49f030598838790f,www.gemeinde-merching.de_wpvivid-b8981f085de20_2026-10-10-16-11_backup_uploads.part001.zip,.pdf,original/referenced,True,False,0
wp-content/uploads/2025/01/015_2025_42_A_Mikrozensus.pdf,146980,5c996158f39247fd37aa9cf73b9d4d04d69a024c6e78ce0928520efb955117d3,www.gemeinde-merching.de_wpvivid-b8981f085de20_2026-10-10-16-11_backup_uploads.part001.zip,.pdf,original/referenced,True,False,0
wp-content/uploads/2025/06/Spielschiff-15-05-2025-1-150x150.jpg,7923,33ac8f304981ad025acd862fbbc5bffbe5d99d735fd524c50446849a92b9905b,www.gemeinde-merching.de_wpvivid-b8981f085de20_2026-10-10-16-11_backup_uploads.part001.zip,.jpg,generated thumbnail,False,True,0
wp-content/uploads/2025/06/PDF-Flyer-Merchinger-Ferienprogramm-2025.pdf,18025436,471ad9d37feafbbcc2e2aa815a740753dbd83f2ae6eba13be5c6675dcde6b4a9,www.gemeinde-merching.de_wpvivid-b8981f085de20_2026-10-10-16-11_backup_uploads.part001.zip,.pdf,original/referenced,True,False,0
wp-content/uploads/2025/06/2025-Sommerserenade-V1-2.pdf,3570993,2432a1f8280c20584ce7069c277cf86fb3504dad8a81097786cfa652cd7557f4,www.gemeinde-merching.de_wpvivid-b8981f085de20_2026-10-10-16-11_backup_uploads.part001.zip,.pdf,original/referenced,True,False,0
wp-content/uploads/2025/06/Spielschiff-15-05-2025-1-768x500.jpg,122157,28123d1f1373fbd184f32fa1ff0bda2eb06a91b1d17157b6afde5d8f2b2a03aa,www.gemeinde-merching.de_wpvivid-b8981f085de20_2026-10-10-16-11_backup_uploads.part001.zip,.jpg,generated thumbnail,False,True,5
wp-content/uploads/2025/06/2025-Sommerserenade-V1.pdf,3570993,2432a1f8280c20584ce7069c277cf86fb3504dad8a81097786cfa652cd7557f4,www.gemeinde-merching.de_wpvivid-b8981f085de20_2026-10-10-16-11_backup_uploads.part001.zip,.pdf,original/referenced,True,False,0
wp-content/uploads/2025/06/Fundsache-15-2025.pdf,371722,20b5c9a957ca96ee99e0775ab58254c255857468e6d62acfd66c4faca7e61d66,www.gemeinde-merching.de_wpvivid-b8981f085de20_2026-10-10-16-11_backup_uploads.part001.zip,.pdf,original/referenced,True,False,0
wp-content/uploads/2025/06/image1-231x300.jpeg,50032,5c2c57a4be7e5d038a613d509f2bcf7e6003cbb4a90de71e8ee52fb314b460f5,www.gemeinde-merching.de_wpvivid-b8981f085de20_2026-10-10-16-11_backup_uploads.part001.zip,.jpeg,generated thumbnail,False,True,0
wp-content/uploads/2025/06/Familienstuetzpunkt-Sued-Programm-Juli-bis-Sept.-2025.pdf,625939,a7eec054f5022ca7e61e0bd215fcddcc6ac21edc8c2aaec8b50aa3023ffdadf1,www.gemeinde-merching.de_wpvivid-b8981f085de20_2026-10-10-16-11_backup_uploads.part001.zip,.pdf,original/referenced,True,False,0
wp-content/uploads/2025/06/Screenshot-2025-06-25-103555-3-150x150.jpg,7755,16744b0af8d5a27bb770fbd0ebeca0c43e2ea4adfbdafae75184bd73b3ba2001,www.gemeinde-merching.de_wpvivid-b8981f085de20_2026-10-10-16-11_backup_uploads.part001.zip,.jpg,generated thumbnail,False,True,0
wp-content/uploads/2025/06/image0-150x150.jpeg,76432,bd91e2a91d77de861748b686bc7115167f4738dfd31db3ddef648c4f020a325f,www.gemeinde-merching.de_wpvivid-b8981f085de20_2026-10-10-16-11_backup_uploads.part001.zip,.jpeg,generated thumbnail,False,True,0
wp-content/uploads/2025/06/image0.jpeg,1406188,474d2aa9aeef5fe2f694a46178399afe134b080eb5d9df12b9e54424786a0159,www.gemeinde-merching.de_wpvivid-b8981f085de20_2026-10-10-16-11_backup_uploads.part001.zip,.jpeg,original/referenced,True,False,0
wp-content/uploads/2025/06/image1-150x150.jpeg,37832,5dd326e8ef2a5f205f615961518f5c2b50a05c5902006c69797393e69a5efa62,www.gemeinde-merching.de_wpvivid-b8981f085de20_2026-10-10-16-11_backup_uploads.part001.zip,.jpeg,generated thumbnail,False,True,0
wp-content/uploads/2025/06/Bundesagentur.png,3244,ce21bd3fb30c8832646c524ca209d79e3d17a62f6499a16d9e1eeeca5c1620f1,www.gemeinde-merching.de_wpvivid-b8981f085de20_2026-10-10-16-11_backup_uploads.part001.zip,.png,original/referenced,True,False,0
wp-content/uploads/2025/06/image1.jpeg,368233,5f7e0cb0d655f8b1cf3cb7aba98807f9b333a6901894a9405887005a914113bb,www.gemeinde-merching.de_wpvivid-b8981f085de20_2026-10-10-16-11_backup_uploads.part001.zip,.jpeg,original/referenced,True,False,0
wp-content/uploads/2025/06/Screenshot-2025-06-25-103555-4.jpg,3252,60ff693b2ae5b16e8f27adf4fca67008f799f6ca2352efdf6308ef7323b56e13,www.gemeinde-merching.de_wpvivid-b8981f085de20_2026-10-10-16-11_backup_uploads.part001.zip,.jpg,original/referenced,True,False,0
wp-content/uploads/2025/06/Spielschiff-15-05-2025-1-300x195.jpg,18747,25eefe001582d0451678d8a5029aa5684d6027f6517eaa12bf94d6bbd7b38ef6,www.gemeinde-merching.de_wpvivid-b8981f085de20_2026-10-10-16-11_backup_uploads.part001.zip,.jpg,generated thumbnail,False,True,5
wp-content/uploads/2025/06/image0-300x225.jpeg,87253,786359542ac30bb4023f24fff2b5d5227454867d1f2162b9935dc453a453e0c1,www.gemeinde-merching.de_wpvivid-b8981f085de20_2026-10-10-16-11_backup_uploads.part001.zip,.jpeg,generated thumbnail,False,True,0
wp-content/uploads/2025/06/Screenshot-2025-06-25-103555-3-214x300.jpg,17693,a64a14c63eee49142638fa941ce0933228cc13d4b15322832124face0d202602,www.gemeinde-merching.de_wpvivid-b8981f085de20_2026-10-10-16-11_backup_uploads.part001.zip,.jpg,generated thumbnail,False,True,0
wp-content/uploads/2025/06/image1-789x1024.jpeg,181138,9f8652a72f509cd18401e50e7dfb25e3ec5b21e4f43da12785dda79df633ebb1,www.gemeinde-merching.de_wpvivid-b8981f085de20_2026-10-10-16-11_backup_uploads.part001.zip,.jpeg,generated thumbnail,False,True,0
wp-content/uploads/2025/06/image0-768x576.jpeg,169724,ea3ef56cf369b51d5cc1b2b4f383db7428fb7ee13bff3300d1db9114ebafde33,www.gemeinde-merching.de_wpvivid-b8981f085de20_2026-10-10-16-11_backup_uploads.part001.zip,.jpeg,generated thumbnail,False,True,0
wp-content/uploads/2025/06/image1-768x997.jpeg,175728,7f9fddd72145d57801308402e6c3a75bb74c84f7a54c463d2fcf5ef2463ea753,www.gemeinde-merching.de_wpvivid-b8981f085de20_2026-10-10-16-11_backup_uploads.part001.zip,.jpeg,generated thumbnail,False,True,0
wp-content/uploads/2025/06/image0-1024x768.jpeg,244885,49aae34b033011601a1b9eaebe1e71d0d8a138eff3d04b2c88dfc70e8a308196,www.gemeinde-merching.de_wpvivid-b8981f085de20_2026-10-10-16-11_backup_uploads.part001.zip,.jpeg,generated thumbnail,False,True,0
wp-content/uploads/2025/06/2025-Sommerserenade-V1-1.pdf,3570993,2432a1f8280c20584ce7069c277cf86fb3504dad8a81097786cfa652cd7557f4,www.gemeinde-merching.de_wpvivid-b8981f085de20_2026-10-10-16-11_backup_uploads.part001.zip,.pdf,original/referenced,True,False,0
wp-content/uploads/2025/06/Spielschiff-15-05-2025-1.jpg,285129,5e65532423f217f7b96d2897aeff14126ea298c013175ee355aee1b553b5d757,www.gemeinde-merching.de_wpvivid-b8981f085de20_2026-10-10-16-11_backup_uploads.part001.zip,.jpg,original/referenced,True,False,5
wp-content/uploads/2025/06/image0-1536x1152.jpeg,449927,a9bd2482bb9ba0fe6d595d5759eecc4ba1cd8fcbfadcf9edb809af937ea678c3,www.gemeinde-merching.de_wpvivid-b8981f085de20_2026-10-10-16-11_backup_uploads.part001.zip,.jpeg,generated thumbnail,False,True,0
wp-content/uploads/2025/07/Geldbeutel-8821920_1280-150x150.png,3954,1af618a6b34005951661b9d3b898b6f2401643a744c9048229d2db6dd0e999aa,www.gemeinde-merching.de_wpvivid-b8981f085de20_2026-10-10-16-11_backup_uploads.part001.zip,.png,generated thumbnail,False,True,0
wp-content/uploads/2025/07/Tierpfoten-809773_640-150x150.jpg,4927,4a6fb714c7e61fe0c486549651408cd61501a8d1f8bf5c1c58d95b28d16157a5,www.gemeinde-merching.de_wpvivid-b8981f085de20_2026-10-10-16-11_backup_uploads.part001.zip,.jpg,generated thumbnail,False,True,0
wp-content/uploads/2025/07/Entfaellt.jpg,201521,9aa45d31708be7e09db65e573319c93eca79fe59c7571cb0dded209ac9de40cc,www.gemeinde-merching.de_wpvivid-b8981f085de20_2026-10-10-16-11_backup_uploads.part001.zip,.jpg,original/referenced,True,False,0
wp-content/uploads/2025/07/Sonstige-Fundsache-2747288_1280-768x384.png,11503,c76009f1fdc22f4bd0ea93aa1e584e42f9085796050eead35d478fc4c0607762,www.gemeinde-merching.de_wpvivid-b8981f085de20_2026-10-10-16-11_backup_uploads.part001.zip,.png,generated thumbnail,False,True,2
wp-content/uploads/2025/07/Sonstige-Fundsache-2747288_1280-150x150.png,1397,c96bf9562192b237aab1298b2f5d0720714c92b9852dc12d03b3a103385a7122,www.gemeinde-merching.de_wpvivid-b8981f085de20_2026-10-10-16-11_backup_uploads.part001.zip,.png,generated thumbnail,False,True,0
wp-content/uploads/2025/07/Antrag_Fahrkarte_2025_2026.pdf,137171,7d10ea8f7d6706b35e08e07918c4fbda415ad5857fc107f387c721f150c8c755,www.gemeinde-merching.de_wpvivid-b8981f085de20_2026-10-10-16-11_backup_uploads.part001.zip,.pdf,original/referenced,True,False,1
wp-content/uploads/2025/07/Sonstige-Fundsache-2747288_1280-300x150.png,2494,b8ed626bb4edcc28b60cf346336505e20164f84dde691814266ea207dcec8f40,www.gemeinde-merching.de_wpvivid-b8981f085de20_2026-10-10-16-11_backup_uploads.part001.zip,.png,generated thumbnail,False,True,2
wp-content/uploads/2025/07/Gemeindekurier-Sommer-2025-V1-PDF-fuer-Druckerei-Richter.pdf,1080940,5b9c999f4d8fa7a348b7c7a1b29489086356a5cdb04ffe27145440f765b086e8,www.gemeinde-merching.de_wpvivid-b8981f085de20_2026-10-10-16-11_backup_uploads.part001.zip,.pdf,original/referenced,True,False,0
wp-content/uploads/2025/07/Geldbeutel-8821920_1280-300x300.png,8096,2681151fa02df34c0fb51b79dd6d1a77dd1afa7d6c7c22248000fa9230935b33,www.gemeinde-merching.de_wpvivid-b8981f085de20_2026-10-10-16-11_backup_uploads.part001.zip,.png,generated thumbnail,False,True,0
wp-content/uploads/2025/07/Tierpfoten-809773_640.jpg,109790,ce26e579d5b40e71b3f065d394153f0f557fb470ff6f62ebbaf197b082c94583,www.gemeinde-merching.de_wpvivid-b8981f085de20_2026-10-10-16-11_backup_uploads.part001.zip,.jpg,original/referenced,True,False,0
wp-content/uploads/2025/07/Nachhaltigkeitstag-2025_Plakat_A3.pdf,147660,5a85694486c1d7d69615f69e04a6cd06cce82e7dcaa3087f38d65c3a3714bdef,www.gemeinde-merching.de_wpvivid-b8981f085de20_2026-10-10-16-11_backup_uploads.part001.zip,.pdf,original/referenced,True,False,0
wp-content/uploads/2025/07/Smartphone-153650_1280-3-661x1024.png,38207,5029905e30a1f6882c4a836dd821c04b6b0135437b4d47fd4f30a4a165fd06ba,www.gemeinde-merching.de_wpvivid-b8981f085de20_2026-10-10-16-11_backup_uploads.part001.zip,.png,generated thumbnail,False,True,0
wp-content/uploads/2025/07/Absage.png,668747,39867cd35ff4ccb60344bfb40b70441b9b6131b4658f362837e76f5cc161a468,www.gemeinde-merching.de_wpvivid-b8981f085de20_2026-10-10-16-11_backup_uploads.part001.zip,.png,original/referenced,True,False,0
wp-content/uploads/2025/07/Entfaellt-724x1024.jpg,129678,75dc3f2bba7d08694c98d85451aff09238fba89b39d84bb3b4778ea8fa9a6bc3,www.gemeinde-merching.de_wpvivid-b8981f085de20_2026-10-10-16-11_backup_uploads.part001.zip,.jpg,generated thumbnail,False,True,0
wp-content/uploads/2025/07/Informationsflyer_Mandichosee.pdf,774771,187b00d3d377bc8eaca0ead999c2208840bfdcac007de66340aa63f409f21304,www.gemeinde-merching.de_wpvivid-b8981f085de20_2026-10-10-16-11_backup_uploads.part001.zip,.pdf,original/referenced,True,False,1
wp-content/uploads/2025/07/Entfaellt-150x150.jpg,8157,1e4e5e3b7fc0ce40997d22c1955ab9afbf1ba4dfcd7869bb3e1d4c4a6e412e24,www.gemeinde-merching.de_wpvivid-b8981f085de20_2026-10-10-16-11_backup_uploads.part001.zip,.jpg,generated thumbnail,False,True,0
wp-content/uploads/2025/07/Geldbeutel-8821920_1280-1024x1024.png,40034,d410f3e12a5121a3573f8ff8d113aaa8e749097ef15dccf1d0a0dde0f2fe4750,www.gemeinde-merching.de_wpvivid-b8981f085de20_2026-10-10-16-11_backup_uploads.part001.zip,.png,generated thumbnail,False,True,0
wp-content/uploads/2025/07/Tierpfoten-809773_640-300x300.jpg,16651,bbd1bab935d1531456488a71bef7d3c65cd00f53e80bfc296712af7a9aa79923,www.gemeinde-merching.de_wpvivid-b8981f085de20_2026-10-10-16-11_backup_uploads.part001.zip,.jpg,generated thumbnail,False,True,0
wp-content/uploads/2025/07/Nachhaltigkeitstag-2025_Plakat_A3-1.pdf,147660,5a85694486c1d7d69615f69e04a6cd06cce82e7dcaa3087f38d65c3a3714bdef,www.gemeinde-merching.de_wpvivid-b8981f085de20_2026-10-10-16-11_backup_uploads.part001.zip,.pdf,original/referenced,True,False,0
wp-content/uploads/2025/07/Smartphone-153650_1280-3.png,200172,10ca9ea37dc006ca3c857c9369f46da67659dad7893f14bfdd8c5a6019c91461,www.gemeinde-merching.de_wpvivid-b8981f085de20_2026-10-10-16-11_backup_uploads.part001.zip,.png,original/referenced,True,False,0
wp-content/uploads/2025/07/Absage-1024x681.png,131446,c1aa3636e58878878537f7e9edda3b6ffa47ff661808152d3e7890244c899bbd,www.gemeinde-merching.de_wpvivid-b8981f085de20_2026-10-10-16-11_backup_uploads.part001.zip,.png,generated thumbnail,False,True,0
wp-content/uploads/2025/07/Absage-300x199.png,18659,c2f8f81a8e9c24e2f7b163235a010ec40c5d7f8623c5dce0bc9caa6bd9afbcff,www.gemeinde-merching.de_wpvivid-b8981f085de20_2026-10-10-16-11_backup_uploads.part001.zip,.png,generated thumbnail,False,True,0
wp-content/uploads/2025/07/Entfaellt-212x300.jpg,18311,3728684d726836c3ff58e04048c348ee61f14374e4ca4036e68b78e63a9dc24d,www.gemeinde-merching.de_wpvivid-b8981f085de20_2026-10-10-16-11_backup_uploads.part001.zip,.jpg,generated thumbnail,False,True,0
wp-content/uploads/2025/07/Smartphone-153650_1280-3-194x300.png,8353,de7ed892ec296f0f265a52fbacc88bc7c1fcb7cc06a9afb0e0334aaea3814908,www.gemeinde-merching.de_wpvivid-b8981f085de20_2026-10-10-16-11_backup_uploads.part001.zip,.png,generated thumbnail,False,True,0
wp-content/uploads/2025/07/Sonstige-Fundsache-2747288_1280-1024x512.png,17896,5644bfcf642f3b3793213ae241ef9b0d078828979c43c3c2e46e352de3f52205,www.gemeinde-merching.de_wpvivid-b8981f085de20_2026-10-10-16-11_backup_uploads.part001.zip,.png,generated thumbnail,False,True,2
wp-content/uploads/2025/07/Nachhaltigkeitstag-2025_Plakat_A3-2.pdf,147660,5a85694486c1d7d69615f69e04a6cd06cce82e7dcaa3087f38d65c3a3714bdef,www.gemeinde-merching.de_wpvivid-b8981f085de20_2026-10-10-16-11_backup_uploads.part001.zip,.pdf,original/referenced,True,False,0
wp-content/uploads/2025/07/Absage-768x511.png,82839,244b88ea0cb5dceba8c7fd4ee99f568c392a6ec5ed0a2c5ae8860b983328500b,www.gemeinde-merching.de_wpvivid-b8981f085de20_2026-10-10-16-11_backup_uploads.part001.zip,.png,generated thumbnail,False,True,0
wp-content/uploads/2025/07/Smartphone-153650_1280-3-768x1190.png,50057,7c4536bbccd8a9a4da6e6bfd30aabc5f31965f07bbf2870223d072716a90b903,www.gemeinde-merching.de_wpvivid-b8981f085de20_2026-10-10-16-11_backup_uploads.part001.zip,.png,generated thumbnail,False,True,0
wp-content/uploads/2025/07/175_2025_42_A_Mikrozensus_Halbzeit.pdf,197058,e45585f9669a94f0f340150b26ecb582fe2134277f06c5fcad4a81ce715985ea,www.gemeinde-merching.de_wpvivid-b8981f085de20_2026-10-10-16-11_backup_uploads.part001.zip,.pdf,original/referenced,True,False,0
wp-content/uploads/2025/07/Geldbeutel-8821920_1280.png,206196,60f92c21f3d1d06bec8cec2510b30c13592f965c28111a9c50b4c6b80950dd67,www.gemeinde-merching.de_wpvivid-b8981f085de20_2026-10-10-16-11_backup_uploads.part001.zip,.png,original/referenced,True,False,0
wp-content/uploads/2025/07/Geldbeutel-8821920_1280-768x768.png,25264,39c89945b52ff0a2cfd04342c8a77ca23c0b56f8ccc8edf4ba2e23a86693ae53,www.gemeinde-merching.de_wpvivid-b8981f085de20_2026-10-10-16-11_backup_uploads.part001.zip,.png,generated thumbnail,False,True,0
wp-content/uploads/2025/07/Smartphone-153650_1280-3-150x150.png,3620,d0c54bb527b1c45ec1a3c3f29db21311a15b00d068a3cb54c21de14fcbae6ffd,www.gemeinde-merching.de_wpvivid-b8981f085de20_2026-10-10-16-11_backup_uploads.part001.zip,.png,generated thumbnail,False,True,0
wp-content/uploads/2025/07/Absage-150x150.png,6548,dcf0dcc928998040b2ebd682b91c7ab746aa35377ec5a4cf06cc442ab05bb46e,www.gemeinde-merching.de_wpvivid-b8981f085de20_2026-10-10-16-11_backup_uploads.part001.zip,.png,generated thumbnail,False,True,0
wp-content/uploads/2025/07/Sonstige-Fundsache-2747288_1280.png,149121,c1024a290139fff01e6f16ecd56e89d9959b60691a4452fea1a18310540d9da8,www.gemeinde-merching.de_wpvivid-b8981f085de20_2026-10-10-16-11_backup_uploads.part001.zip,.png,original/referenced,True,False,2
wp-content/uploads/2025/12/Gemeindekurier-Weihnachten-2025-f.-Homepage.pdf,1662816,e91eeaa57b3a58311a6fab56cbca788241ef373670167439a9432d60164cd0b8,www.gemeinde-merching.de_wpvivid-b8981f085de20_2026-10-10-16-11_backup_uploads.part002.zip,.pdf,original/referenced,True,False,0
wp-content/uploads/2025/12/Bekanntmachung-Beschwerdeausschusssitzung.pdf,93082,92a497e286c8fe1c1cea8da0a21c1a6496190610fab0fd12a1e416cdb054e02d,www.gemeinde-merching.de_wpvivid-b8981f085de20_2026-10-10-16-11_backup_uploads.part002.zip,.pdf,original/referenced,True,False,1
wp-content/uploads/2025/05/a44955c3-7ddb-4b8d-ac70-5887973f301e-169x300.jpg,15245,f742943b067919a79cf4bc1de8fabd81c6c369e5c2d62b039fd997e1b207ae41,www.gemeinde-merching.de_wpvivid-b8981f085de20_2026-10-10-16-11_backup_uploads.part002.zip,.jpg,generated thumbnail,False,True,0
wp-content/uploads/2025/05/BP35_Steinach_Ost_Begruendung_20240620.pdf,1141988,ad1d3aef20bafb860cd29377debe68f7c8b1c9afe07a5d9d6d62d05dc0541938,www.gemeinde-merching.de_wpvivid-b8981f085de20_2026-10-10-16-11_backup_uploads.part002.zip,.pdf,original/referenced,True,False,0
wp-content/uploads/2025/05/Bekanntmachung-Kostensatzung-1.docx,53667,15d95edd0e034e0621163f49b04bee31b7117d032b9c0d8f3965a4379b764869,www.gemeinde-merching.de_wpvivid-b8981f085de20_2026-10-10-16-11_backup_uploads.part002.zip,.docx,original/referenced,True,False,0
wp-content/uploads/2025/05/871b0a73-8034-47e4-80ac-ea20ad13f29e-1536x864.jpg,400374,65ee77aa42ca434e0e720769f851d79431612d6c86d9d1cb91a11f455bd516e0,www.gemeinde-merching.de_wpvivid-b8981f085de20_2026-10-10-16-11_backup_uploads.part002.zip,.jpg,generated thumbnail,False,True,0
wp-content/uploads/2025/05/a44955c3-7ddb-4b8d-ac70-5887973f301e.jpg,529724,1fa9456580c37e3e7ac51f13ea93c9777e5944e307b3e6eee8a80c1867fc85b2,www.gemeinde-merching.de_wpvivid-b8981f085de20_2026-10-10-16-11_backup_uploads.part002.zip,.jpg,original/referenced,True,False,0
wp-content/uploads/2025/05/Fundanzeige-12-2025.pdf,350257,aed1ebf1f7d224db635a4bc12d9f16a65b379a7212163302817f79b7b869b6fc,www.gemeinde-merching.de_wpvivid-b8981f085de20_2026-10-10-16-11_backup_uploads.part002.zip,.pdf,original/referenced,True,False,0
wp-content/uploads/2025/05/871b0a73-8034-47e4-80ac-ea20ad13f29e-1024x576.jpg,186931,299eaa619eeec59abaffc2b67e7ead400d62f6fbcc38956208bffc5448e50e8f,www.gemeinde-merching.de_wpvivid-b8981f085de20_2026-10-10-16-11_backup_uploads.part002.zip,.jpg,generated thumbnail,False,True,0
wp-content/uploads/2025/05/a44955c3-7ddb-4b8d-ac70-5887973f301e-576x1024.jpg,180722,013411cb45c8cdb55cd537f6691f0ef81919be2a3bd59dae194cae751528e455,www.gemeinde-merching.de_wpvivid-b8981f085de20_2026-10-10-16-11_backup_uploads.part002.zip,.jpg,generated thumbnail,False,True,0
wp-content/uploads/2025/05/BP35_Steinach_Ost_Textteil_20240620.pdf,207366,21cc0113dd9163305a6c1188b4a4917662836c2dc77314b79afb0f57f29d5a29,www.gemeinde-merching.de_wpvivid-b8981f085de20_2026-10-10-16-11_backup_uploads.part002.zip,.pdf,original/referenced,True,False,0
wp-content/uploads/2025/05/Bekanntmachung-Kostensatzung.pdf,54558,74d1399b7844f93ea883c8c104e26eee269a51d42ff38d46cebc625928b10762,www.gemeinde-merching.de_wpvivid-b8981f085de20_2026-10-10-16-11_backup_uploads.part002.zip,.pdf,original/referenced,True,False,1
wp-content/uploads/2025/05/871b0a73-8034-47e4-80ac-ea20ad13f29e-150x150.jpg,7565,1e809dd12f68f42798f086533626ec185e5c45adb5298fe6a355fb56198089a6,www.gemeinde-merching.de_wpvivid-b8981f085de20_2026-10-10-16-11_backup_uploads.part002.zip,.jpg,generated thumbnail,False,True,0
wp-content/uploads/2025/05/Fundanzeige-13-2025.pdf,345453,ce2a3d8ad201d3c71050200b25e389c701e3e4f6c39689bf2fc650a3448e5868,www.gemeinde-merching.de_wpvivid-b8981f085de20_2026-10-10-16-11_backup_uploads.part002.zip,.pdf,original/referenced,True,False,0
wp-content/uploads/2025/05/BP35_Geruchsprognose_230714.pdf,3318700,ca4745806b100b3c41e156ba5f0774c6f695054fbca4d4743a75e122def83976,www.gemeinde-merching.de_wpvivid-b8981f085de20_2026-10-10-16-11_backup_uploads.part002.zip,.pdf,original/referenced,True,False,0
wp-content/uploads/2025/05/Mack-Petra.jpg,5255,6eb9c1cc26dae1239253900f57a353c2f25faf3645fb8795da15698c768af917,www.gemeinde-merching.de_wpvivid-b8981f085de20_2026-10-10-16-11_backup_uploads.part002.zip,.jpg,original/referenced,True,False,1
wp-content/uploads/2025/05/Fundanzeige-14-2025.pdf,350455,bc702d767f9aacbe97295fcbf9dcc85497f450e3011c6c6e672da45608608a86,www.gemeinde-merching.de_wpvivid-b8981f085de20_2026-10-10-16-11_backup_uploads.part002.zip,.pdf,original/referenced,True,False,0
wp-content/uploads/2025/05/871b0a73-8034-47e4-80ac-ea20ad13f29e-300x169.jpg,15826,90238785ee672a57df403bc2bbe42b66882e5ae8857db62923d03a80468450c3,www.gemeinde-merching.de_wpvivid-b8981f085de20_2026-10-10-16-11_backup_uploads.part002.zip,.jpg,generated thumbnail,False,True,0
wp-content/uploads/2025/05/871b0a73-8034-47e4-80ac-ea20ad13f29e.jpg,546212,adc48c2722d6c2e9262c95801541289fafb4f7880dd3c17902075e40dc59b0a7,www.gemeinde-merching.de_wpvivid-b8981f085de20_2026-10-10-16-11_backup_uploads.part002.zip,.jpg,original/referenced,True,False,1
wp-content/uploads/2025/05/a44955c3-7ddb-4b8d-ac70-5887973f301e-150x150.jpg,7562,8c2957bca579001f200598728bf5434d09fe11e49b8ef6a2374e03ee0449273b,www.gemeinde-merching.de_wpvivid-b8981f085de20_2026-10-10-16-11_backup_uploads.part002.zip,.jpg,generated thumbnail,False,True,0
wp-content/uploads/2025/05/Huster-Christian.jpg,2825,df605bdd1078b2ebda11d228e4418cc4f100e2fe6f1c3b1b3e878b71bb0fbc25,www.gemeinde-merching.de_wpvivid-b8981f085de20_2026-10-10-16-11_backup_uploads.part002.zip,.jpg,original/referenced,True,False,1
wp-content/uploads/2025/05/a44955c3-7ddb-4b8d-ac70-5887973f301e-768x1365.jpg,313502,302ee1e7e64d9132e69f2872c713cb5fb03fed9cdd02e728232697b361849665,www.gemeinde-merching.de_wpvivid-b8981f085de20_2026-10-10-16-11_backup_uploads.part002.zip,.jpg,generated thumbnail,False,True,0
wp-content/uploads/2025/05/871b0a73-8034-47e4-80ac-ea20ad13f29e-768x432.jpg,104741,bcb9b90bb6bde708e9a4a245bec59073ef66ae7aae75c24814f9f2e17c478ca6,www.gemeinde-merching.de_wpvivid-b8981f085de20_2026-10-10-16-11_backup_uploads.part002.zip,.jpg,generated thumbnail,False,True,0
wp-content/uploads/2025/05/BP35_Steinach_Ost_Bekanntmachung_Satzungsbeschluss.pdf,397288,55395d47c43ee4c4565aa7911d5d1b489d6598a9549054d97d4858619379bd5a,www.gemeinde-merching.de_wpvivid-b8981f085de20_2026-10-10-16-11_backup_uploads.part002.zip,.pdf,original/referenced,True,False,0
wp-content/uploads/2025/05/Bekanntmachung-Kostensatzung.docx,33807,5f1f6a6f495a997776ca6ad02c0aafa6892f8f329b332dc43b1c88cd4d00c06c,www.gemeinde-merching.de_wpvivid-b8981f085de20_2026-10-10-16-11_backup_uploads.part002.zip,.docx,original/referenced,True,False,1
wp-content/uploads/2025/05/BP35_Steinach_Ost_Planzeichnung_2024-06-20.pdf,747473,e238646587b83db46900bf6326ad6612a75f99312fe1575508ced93659cac8f1,www.gemeinde-merching.de_wpvivid-b8981f085de20_2026-10-10-16-11_backup_uploads.part002.zip,.pdf,original/referenced,True,False,0
wp-content/uploads/2025/05/BP35_Steinach_Ost_Zusammenfassende_Erklaerung.pdf,1759168,78a6ca373f05b7e577d73aa3aa144ea2b7e7f9e405a0a4081a1cef364c4222fe,www.gemeinde-merching.de_wpvivid-b8981f085de20_2026-10-10-16-11_backup_uploads.part002.zip,.pdf,original/referenced,True,False,0
wp-content/uploads/2025/05/a44955c3-7ddb-4b8d-ac70-5887973f301e-864x1536.jpg,387060,08c0f3a87c42aee1eff197fd8f158f57b01c09ffe9d01a0257ecea4023218467,www.gemeinde-merching.de_wpvivid-b8981f085de20_2026-10-10-16-11_backup_uploads.part002.zip,.jpg,generated thumbnail,False,True,0
wp-content/uploads/2025/08/Ausschreibung-Architekturpreis.pdf,228980,65ce6d0de24a0d1a7e488b97e04efa67251bc5e4198b42f358b9907a41eead7e,www.gemeinde-merching.de_wpvivid-b8981f085de20_2026-10-10-16-11_backup_uploads.part002.zip,.pdf,original/referenced,True,False,0
wp-content/uploads/2025/08/Ehrungen-Satzung-ueber-die-Verleihung-von-Ehrungen-durch-die-Gemeinde-Merching-ab-07.08.2025.pdf,137566,65593ac86ec4b5966141997075a5124726d855c0ca1c45b4fc2e11d875b219f7,www.gemeinde-merching.de_wpvivid-b8981f085de20_2026-10-10-16-11_backup_uploads.part002.zip,.pdf,original/referenced,True,False,1
wp-content/uploads/2025/08/Feuerwehr-Satzung-ueber-Aufwendungd-und-Kostenersatz-fuer-Einsaetze-und-andere-Leistungen-gem.-Feuehrwehren-ab-01.01.2026.pdf,202955,134655e0a3070abef24b4b659019fce08361d41b93e0014fb5a9ad651c71d817,www.gemeinde-merching.de_wpvivid-b8981f085de20_2026-10-10-16-11_backup_uploads.part002.zip,.pdf,original/referenced,True,False,1
wp-content/uploads/2025/08/Ausschreibung-Architekturpreis-1.pdf,228980,65ce6d0de24a0d1a7e488b97e04efa67251bc5e4198b42f358b9907a41eead7e,www.gemeinde-merching.de_wpvivid-b8981f085de20_2026-10-10-16-11_backup_uploads.part002.zip,.pdf,original/referenced,True,False,1
wp-content/uploads/2025/08/2025-08-13_Bekanntmachung_Satzung_Aufwendungs-u.-Kostenersatz_f_Einsaetze_u_andere_Leistungen_gemeindlicher_Feuerwehren_ab_01-01-2026.pdf,153552,1df156e333937f18348e925654fbbd1e9e1d23378d023fad54732979bb9658dc,www.gemeinde-merching.de_wpvivid-b8981f085de20_2026-10-10-16-11_backup_uploads.part002.zip,.pdf,original/referenced,True,False,0
wp-content/uploads/2025/08/BGS_EWS_2026-Homepage-NEU.pdf,189362,359da421f1d62b9d19f6d1c1297edc265ca58267b955d5e79d66df7f505ae930,www.gemeinde-merching.de_wpvivid-b8981f085de20_2026-10-10-16-11_backup_uploads.part002.zip,.pdf,original/referenced,True,False,0
wp-content/uploads/2025/08/Feuerwehr-Satzung-ueber-Aufwendungd-und-Kostenersatz-fuer-Einsaetze-und-andere-Leistungen-gem.-Feuehrwehren-ab-01.01.2026-1.pdf,202955,134655e0a3070abef24b4b659019fce08361d41b93e0014fb5a9ad651c71d817,www.gemeinde-merching.de_wpvivid-b8981f085de20_2026-10-10-16-11_backup_uploads.part002.zip,.pdf,original/referenced,True,False,1
wp-content/uploads/2025/08/Spielplatzsatzung-ab-09.08.2025.pdf,157751,816a4eae32de71ef2b4eb463aff75573d3bde0d81956dd2e24436c8c1c8cc4f5,www.gemeinde-merching.de_wpvivid-b8981f085de20_2026-10-10-16-11_backup_uploads.part002.zip,.pdf,original/referenced,True,False,0
wp-content/uploads/2025/08/Entwaesserung-Beitrags-und-Gebuehrensatzung-zur-Entwaesserungssatzung-ab-01.01.2026_NEU.pdf,189362,359da421f1d62b9d19f6d1c1297edc265ca58267b955d5e79d66df7f505ae930,www.gemeinde-merching.de_wpvivid-b8981f085de20_2026-10-10-16-11_backup_uploads.part002.zip,.pdf,original/referenced,True,False,1
wp-content/uploads/2025/08/Wasser-Beitrags-und-Gebuehrensatzung-zur-Wasserabgabesatzung-ab-01.01.2026-1.pdf,191291,bb3e0050e15d4c61e1fcf3e0afda354809cf5e07a3dadda7a4e8e5d0d591431a,www.gemeinde-merching.de_wpvivid-b8981f085de20_2026-10-10-16-11_backup_uploads.part002.zip,.pdf,original/referenced,True,False,1
wp-content/uploads/2025/08/Entwaesserung-Beitrags-und-Gebuehrensatzung-zur-Entwaesserungssatzung-ab-01.01.20262026.pdf,190447,c726db841f37ca331bc5025e08fed6a90bdad070fdec9c596ae75d525cf3925d,www.gemeinde-merching.de_wpvivid-b8981f085de20_2026-10-10-16-11_backup_uploads.part002.zip,.pdf,original/referenced,True,False,0
wp-content/uploads/2025/08/Feuerwehrkostensatzung_ab_01-01-2026.pdf,202515,e853f0573e15bcd9b404623eb30c22c3470d38b70ec6be183a58c54ee79c313a,www.gemeinde-merching.de_wpvivid-b8981f085de20_2026-10-10-16-11_backup_uploads.part002.zip,.pdf,original/referenced,True,False,0
wp-content/uploads/2025/08/Wasser-Beitrags-und-Gebuehrensatzung-zur-Wasserabgabesatzung-ab-01.01.2026.pdf,189096,8653a6dcd13bb47a751402fa4d188c8b16954a5fa06e6880eed50450d5940417,www.gemeinde-merching.de_wpvivid-b8981f085de20_2026-10-10-16-11_backup_uploads.part002.zip,.pdf,original/referenced,True,False,0
wp-content/uploads/2025/10/Spielplatzsatzung-der-Gemeinde-Merching-vom-01.10.2025.pdf,157738,0e445511fff55ff72139a686d34c5175e2f457c1b4b047270cf26de9ecfbec2a,www.gemeinde-merching.de_wpvivid-b8981f085de20_2026-10-10-16-11_backup_uploads.part002.zip,.pdf,original/referenced,True,False,1
wp-content/uploads/2025/10/2025_Plakat_Waermepumpe_Althegnenberg.pdf,785491,b73d502efeb54b1fa16200b34f44fbbacfe1890908d2ed590c129b3ba5fd41fd,www.gemeinde-merching.de_wpvivid-b8981f085de20_2026-10-10-16-11_backup_uploads.part002.zip,.pdf,original/referenced,True,False,0
wp-content/uploads/2025/02/B-Plan-Nr.-11-Datenschutzinformationspflicht.pdf,1558973,011965d8b4682b5e8d1a131cbad4450b84c33fc6de4983b0404b580c2b30f101,www.gemeinde-merching.de_wpvivid-b8981f085de20_2026-10-10-16-11_backup_uploads.part002.zip,.pdf,original/referenced,True,False,0
wp-content/uploads/2025/02/Bekanntm._ern_oeff_Ausl_3_Aend_BPNr11_Kirchenfeld_20250228.pdf,568119,2b134e80f3d1187096580571e2e4fe4f6d839e6c2480edaff8cfddbef5eef501,www.gemeinde-merching.de_wpvivid-b8981f085de20_2026-10-10-16-11_backup_uploads.part002.zip,.pdf,original/referenced,True,False,0
wp-content/uploads/2025/02/Aushang.pdf,34713,ddee2a62c73e52674b5e22db68f3a4613c4e97f2b6a289e43677b0bd1566a9eb,www.gemeinde-merching.de_wpvivid-b8981f085de20_2026-10-10-16-11_backup_uploads.part002.zip,.pdf,original/referenced,True,False,0
wp-content/uploads/2025/02/Aushang-Homepage.pdf,97622,3d0fd56b309d4e6e03b4e51efbcdf2b6f143155c04ac8f13b440df6bd0810a13,www.gemeinde-merching.de_wpvivid-b8981f085de20_2026-10-10-16-11_backup_uploads.part002.zip,.pdf,original/referenced,True,False,0
wp-content/uploads/download-manager-files/Textteil_Entwurf_BP_Kirchenfeld_3_Aend_20250123.pdf,172567,0b865ef7eaa4fbcb8ae4bd4c91503719bb863780874fdb69672069e22a90eb62,www.gemeinde-merching.de_wpvivid-b8981f085de20_2026-10-10-16-11_backup_uploads.part002.zip,.pdf,unreferenced candidate (not proven orphan),False,False,0
wp-content/uploads/download-manager-files/Satzung-Gemeideverfassunsrechts-Homepage.pdf,145848,b40b243d0f4e5338cae1c8cfb97e2a71f6394287799c25e1eb14acc8d440bdf5,www.gemeinde-merching.de_wpvivid-b8981f085de20_2026-10-10-16-11_backup_uploads.part002.zip,.pdf,original/referenced,False,False,0
wp-content/uploads/download-manager-files/B-Plan-Nr.-35-Datenschutzinformationspflicht.pdf,1559003,fd6f9ab793cb7ac3361b2bc8831666c443ce3691b4f593c634d42cbc95839f35,www.gemeinde-merching.de_wpvivid-b8981f085de20_2026-10-10-16-11_backup_uploads.part002.zip,.pdf,unreferenced candidate (not proven orphan),False,False,0
wp-content/uploads/download-manager-files/Amtsblatt-03-2023Jahrg.-78-Nr.-3.pdf,543671,2cd96f3a1f2a55c62db0a6b05656d92c36eddcae04af4825b10d8fefc4793751,www.gemeinde-merching.de_wpvivid-b8981f085de20_2026-10-10-16-11_backup_uploads.part002.zip,.pdf,unreferenced candidate (not proven orphan),False,False,0
wp-content/uploads/download-manager-files/BP34_Oestl_Nebelhornstrasse_Begruendung_20240620.pdf,1126642,89f851bd2ff837b9c08f768651f77cc670d6bf81c97ab9562a4693eb09fe7679,www.gemeinde-merching.de_wpvivid-b8981f085de20_2026-10-10-16-11_backup_uploads.part002.zip,.pdf,unreferenced candidate (not proven orphan),False,False,0
wp-content/uploads/download-manager-files/2026-03-02-Lili-I-EOeT-Bekanntmachungstext.pdf,95241,9df084ba6d5f93f57640e3bab42cd90fe6689b40530422cf1d79ed521b7f7d13,www.gemeinde-merching.de_wpvivid-b8981f085de20_2026-10-10-16-11_backup_uploads.part002.zip,.pdf,original/referenced,False,False,0
wp-content/uploads/download-manager-files/Aushang-Homepage_2.pdf,98184,1dc645bfc09081f40ac132951d2f8ace6a2aa0367e9884e20872d444a7e9d844,www.gemeinde-merching.de_wpvivid-b8981f085de20_2026-10-10-16-11_backup_uploads.part002.zip,.pdf,unreferenced candidate (not proven orphan),False,False,0
wp-content/uploads/download-manager-files/Begruendung_Entwurf_BP_Kirchenfeld_3_Aend_20250123.pdf,528255,68c07f4d304aed12f695ae3a1d779224709fe7bdafbbfd21ebef2254e863ed64,www.gemeinde-merching.de_wpvivid-b8981f085de20_2026-10-10-16-11_backup_uploads.part002.zip,.pdf,unreferenced candidate (not proven orphan),False,False,0
wp-content/uploads/download-manager-files/B-Plan-Nr.-34-oestlich-der-Nebelhornstr.-Datenschutzinformationspflicht.pdf,1559001,c0b693a6dcead5b82979c85039a0c4370cefaf111e1522cc94eb6e6b8a4e4416,www.gemeinde-merching.de_wpvivid-b8981f085de20_2026-10-10-16-11_backup_uploads.part002.zip,.pdf,unreferenced candidate (not proven orphan),False,False,0
wp-content/uploads/download-manager-files/Gemeindekurier-Sommer-2023-f.-Homepage.pdf,718611,dc4c748c9c8bec14f7e5a05788f9e137c9801b8c320414c43f1f3491e5da4c14,www.gemeinde-merching.de_wpvivid-b8981f085de20_2026-10-10-16-11_backup_uploads.part002.zip,.pdf,unreferenced candidate (not proven orphan),False,False,0
wp-content/uploads/download-manager-files/8_Aend_FNP_Steinach_Ost_Begruendung_20240620.pdf,1001001,1f6cfdb9ee6f3426135f16fa945bedb4d44367e2f1e78d4fa0f0c1fef9f26a1d,www.gemeinde-merching.de_wpvivid-b8981f085de20_2026-10-10-16-11_backup_uploads.part002.zip,.pdf,unreferenced candidate (not proven orphan),False,False,0
wp-content/uploads/download-manager-files/Strassenreinigung-Herbst-2024.pdf,95586,f1f36a1e81e5057c9bb0e237fb53c2139183e19e8627bfa2747876b4c2003eae,www.gemeinde-merching.de_wpvivid-b8981f085de20_2026-10-10-16-11_backup_uploads.part002.zip,.pdf,unreferenced candidate (not proven orphan),False,False,0
wp-content/uploads/download-manager-files/HH-Entwurf-Stand-26-11-2024-GSV.pdf,12783083,5e9e679963ada5460767d75806f6ff7072976f99b94e432553876c3f24c4768c,www.gemeinde-merching.de_wpvivid-b8981f085de20_2026-10-10-16-11_backup_uploads.part002.zip,.pdf,unreferenced candidate (not proven orphan),False,False,0
wp-content/uploads/download-manager-files/Oeff.-Bekanntmachung_GR25052023.pdf,135612,180d91d529abfad1ba45e36ce155ed894772b4896ee270ced55bb83c7dc9eec0,www.gemeinde-merching.de_wpvivid-b8981f085de20_2026-10-10-16-11_backup_uploads.part002.zip,.pdf,unreferenced candidate (not proven orphan),False,False,0
wp-content/uploads/download-manager-files/BP35_Steinach_Ost_Begruendung_20240620.pdf,1141988,ad1d3aef20bafb860cd29377debe68f7c8b1c9afe07a5d9d6d62d05dc0541938,www.gemeinde-merching.de_wpvivid-b8981f085de20_2026-10-10-16-11_backup_uploads.part002.zip,.pdf,unreferenced candidate (not proven orphan),False,False,0
wp-content/uploads/download-manager-files/Schalltechnische-Untersuchung-11-05.2023.pdf,1049308,766f5d6c7614aa88336b5572aa98753c9bddbc52feb9ded56080c286b09290ab,www.gemeinde-merching.de_wpvivid-b8981f085de20_2026-10-10-16-11_backup_uploads.part002.zip,.pdf,unreferenced candidate (not proven orphan),False,False,0
wp-content/uploads/download-manager-files/Bekanntmachung-7.Aenderung-FNP-BP-40-Photovoltaik-Mandichosee.pdf,1140885,e71e8e806d9145347ed7aa47676b721a9c4065f52b6ef886d9a031f7184d5af3,www.gemeinde-merching.de_wpvivid-b8981f085de20_2026-10-10-16-11_backup_uploads.part002.zip,.pdf,unreferenced candidate (not proven orphan),False,False,0
wp-content/uploads/download-manager-files/1683279025wpdm_Bekanntmachung-ueber-oeffentl.-Auflegung-der-Vorschlagsliste.pdf,144833,4906819932debae70879a974f6c8bc02728050b560a85e0b8b8c790be713c49e,www.gemeinde-merching.de_wpvivid-b8981f085de20_2026-10-10-16-11_backup_uploads.part002.zip,.pdf,unreferenced candidate (not proven orphan),False,False,0
wp-content/uploads/download-manager-files/Bekanntmachung-Terminbestimmung-Vollstreckungsgericht-15.05.2025.pdf,201845,017fbdafa50050dc934fff2db5c9291be0ad57868588332255f4644953d929ad,www.gemeinde-merching.de_wpvivid-b8981f085de20_2026-10-10-16-11_backup_uploads.part002.zip,.pdf,unreferenced candidate (not proven orphan),False,False,0
wp-content/uploads/download-manager-files/Gemeindekurier-Ostern-2024-f.-Homepage.pdf,788154,f5e9b337d93edf5c3e43cef4cf500dee400c19e242b44d1cadd0889b869e36a0,www.gemeinde-merching.de_wpvivid-b8981f085de20_2026-10-10-16-11_backup_uploads.part002.zip,.pdf,unreferenced candidate (not proven orphan),False,False,0
wp-content/uploads/download-manager-files/Stellenausschreibung_Bote_Aushang_Homepage.pdf,136440,c2c0f8fd1d1291cc9dc1786f07975bc93a97eacf2abbeea3ace945dec8e3a26b,www.gemeinde-merching.de_wpvivid-b8981f085de20_2026-10-10-16-11_backup_uploads.part002.zip,.pdf,unreferenced candidate (not proven orphan),False,False,0
wp-content/uploads/download-manager-files/Bekanntmachung-Aufforderung-zur-Einreichung-von-Wahlvorschlaegen.pdf,1348948,ed320778d3e824f5e3fac87ab586eb589ecccd8507a7f68a944fe43e1552c2bf,www.gemeinde-merching.de_wpvivid-b8981f085de20_2026-10-10-16-11_backup_uploads.part002.zip,.pdf,unreferenced candidate (not proven orphan),False,False,0
wp-content/uploads/download-manager-files/Amtsblatt-03-2024Jahrg.-79-Nr.-03.pdf,307885,6945f9af4898bc3d0be22ce1062686acc444d1801477b00393d84e9ec95a2da1,www.gemeinde-merching.de_wpvivid-b8981f085de20_2026-10-10-16-11_backup_uploads.part002.zip,.pdf,unreferenced candidate (not proven orphan),False,False,0
wp-content/uploads/download-manager-files/Gde-6-HH-Haushaltsplan-mit-Finanzplan-und-Deckungsringen.pdf,1597725,965045c14cfb3bda3daa887ef653be4807fb1595d55daded7643e2d9e40d4849,www.gemeinde-merching.de_wpvivid-b8981f085de20_2026-10-10-16-11_backup_uploads.part002.zip,.pdf,original/referenced,False,False,0
wp-content/uploads/download-manager-files/Amtsblatt-10-202378-Nr.-10-entfaellt.pdf,25342,0da27d1aa9c8b6c9035ae9c272ecc1f65b50d8def5d333e9ec5e955defcc08c0,www.gemeinde-merching.de_wpvivid-b8981f085de20_2026-10-10-16-11_backup_uploads.part002.zip,.pdf,unreferenced candidate (not proven orphan),False,False,0
wp-content/uploads/download-manager-files/Spielplatzsatzung-der-Gemeinde-Merching-vom-01.10.2025.pdf,157738,0e445511fff55ff72139a686d34c5175e2f457c1b4b047270cf26de9ecfbec2a,www.gemeinde-merching.de_wpvivid-b8981f085de20_2026-10-10-16-11_backup_uploads.part002.zip,.pdf,original/referenced,False,False,0
wp-content/uploads/download-manager-files/Oeffentl-Bekanntmachung_GR16022023.pdf,127955,13c2086b63227a462df07aa606ebde8e8b0867aef4a1c55335cd4828da13d8b5,www.gemeinde-merching.de_wpvivid-b8981f085de20_2026-10-10-16-11_backup_uploads.part002.zip,.pdf,unreferenced candidate (not proven orphan),False,False,0
wp-content/uploads/download-manager-files/Bekanntmachung_WSST_Schulung_23_03_2024.pdf,90895,9c341296e6f5723b174ed93da30e364157db810cac38217594996fa06a875038,www.gemeinde-merching.de_wpvivid-b8981f085de20_2026-10-10-16-11_backup_uploads.part002.zip,.pdf,unreferenced candidate (not proven orphan),False,False,0
wp-content/uploads/download-manager-files/Ausschreibung-Architekturpreis.pdf,228980,65ce6d0de24a0d1a7e488b97e04efa67251bc5e4198b42f358b9907a41eead7e,www.gemeinde-merching.de_wpvivid-b8981f085de20_2026-10-10-16-11_backup_uploads.part002.zip,.pdf,original/referenced,False,False,0
wp-content/uploads/download-manager-files/8_Aend_FNP_Merching_Planzeichnung_Feststellung_2024-06-20.pdf,10002711,5b08675bff88f03f6f30b19ab29c821b4ed1389e29b96e39bd696d9c815a89de,www.gemeinde-merching.de_wpvivid-b8981f085de20_2026-10-10-16-11_backup_uploads.part002.zip,.pdf,unreferenced candidate (not proven orphan),False,False,0
wp-content/uploads/download-manager-files/Spielschiff-15-05-2025.jpg,285129,5e65532423f217f7b96d2897aeff14126ea298c013175ee355aee1b553b5d757,www.gemeinde-merching.de_wpvivid-b8981f085de20_2026-10-10-16-11_backup_uploads.part002.zip,.jpg,unreferenced candidate (not proven orphan),False,False,0
wp-content/uploads/download-manager-files/3.Aenderung-B-Plan-Nr.-11-Datenschutzinformationspflicht.pdf,1558977,6912fc67212f795614871833257ce09f27ecb73d5f89b14847d00ad7e285f512,www.gemeinde-merching.de_wpvivid-b8981f085de20_2026-10-10-16-11_backup_uploads.part002.zip,.pdf,unreferenced candidate (not proven orphan),False,False,0
wp-content/uploads/download-manager-files/Bekanntmachung-Brennholz-vom-16.09.2025.pdf,112664,51ffeb18493321bcf7482642f26fcf58375c36d97a01ea5661508faa9ff68847,www.gemeinde-merching.de_wpvivid-b8981f085de20_2026-10-10-16-11_backup_uploads.part002.zip,.pdf,unreferenced candidate (not proven orphan),False,False,0
wp-content/uploads/download-manager-files/1706178418wpdm_Plakatierungsverordnung.pdf,1439303,6d7ad051d37b5e65796dc9fd73bcb3fd19aa25b795db8f2d49f030598838790f,www.gemeinde-merching.de_wpvivid-b8981f085de20_2026-10-10-16-11_backup_uploads.part002.zip,.pdf,unreferenced candidate (not proven orphan),False,False,0
wp-content/uploads/download-manager-files/Plakat-Umfrage-Nachhaltigkeit.pdf,682266,283079befef0491c4069d1959293c808eaa8de05e180ac77ff4b3a148ea6795f,www.gemeinde-merching.de_wpvivid-b8981f085de20_2026-10-10-16-11_backup_uploads.part002.zip,.pdf,unreferenced candidate (not proven orphan),False,False,0
wp-content/uploads/download-manager-files/Planzeichnung_3_Aend_Kirchenfeld_2025-07-10.pdf,1633353,d632f086c86072c4fea200c42209a36986a2fabab2926a5ac8e04cd4b9211db2,www.gemeinde-merching.de_wpvivid-b8981f085de20_2026-10-10-16-11_backup_uploads.part002.zip,.pdf,unreferenced candidate (not proven orphan),False,False,0
wp-content/uploads/download-manager-files/HH-Entwurf-Stand-26-11-2024.pdf,1354225,ece84c108b26e8dbc451311722dfc3efe4876cbec72ccd649946b7780e5c3dd3,www.gemeinde-merching.de_wpvivid-b8981f085de20_2026-10-10-16-11_backup_uploads.part002.zip,.pdf,unreferenced candidate (not proven orphan),False,False,0
wp-content/uploads/download-manager-files/Bekanntmachung_8_Aend_FNP_Merching_2023-01-29.pdf,611927,d2bef5dc3ba96af4bff04b26e4b534e5662d9e94fff6960ba7de8ba525077b29,www.gemeinde-merching.de_wpvivid-b8981f085de20_2026-10-10-16-11_backup_uploads.part002.zip,.pdf,unreferenced candidate (not proven orphan),False,False,0
wp-content/uploads/download-manager-files/BekanntmachungRattenbekJan26.pdf,157747,3e0fb73801d8814f3cd2c359069bbf9890d353f1b46e931ea20975f37abff86b,www.gemeinde-merching.de_wpvivid-b8981f085de20_2026-10-10-16-11_backup_uploads.part002.zip,.pdf,unreferenced candidate (not proven orphan),False,False,0
wp-content/uploads/download-manager-files/Abschaffung-des-Kinderreisepasses-zum-01.01.2024.pdf,134976,7cecbb849025cc06fcf9380dfd3cfe856df0f7bca6f12a0fcb857badd106c673,www.gemeinde-merching.de_wpvivid-b8981f085de20_2026-10-10-16-11_backup_uploads.part002.zip,.pdf,original/referenced,False,False,0
wp-content/uploads/download-manager-files/HH-Anlagen.pdf,63669,0861165c91d375cbd554938ce44bc429421840918c147bb60af2b67902cae909,www.gemeinde-merching.de_wpvivid-b8981f085de20_2026-10-10-16-11_backup_uploads.part002.zip,.pdf,unreferenced candidate (not proven orphan),False,False,0
wp-content/uploads/download-manager-files/Broschuere_Tag-der-Vereine_01.06.2025.pdf,15271786,1c9303a33a8f1c1807c538c744d5b0f7dd7b595c0f5c27b3b2bcdda31f668e9a,www.gemeinde-merching.de_wpvivid-b8981f085de20_2026-10-10-16-11_backup_uploads.part002.zip,.pdf,unreferenced candidate (not proven orphan),False,False,0
wp-content/uploads/download-manager-files/Pruefbericht-2022.pdf,900657,7c3f13b02c0217454b91a5aea7281d518cf0cef7645f1cf1a379daeb30b1fcdb,www.gemeinde-merching.de_wpvivid-b8981f085de20_2026-10-10-16-11_backup_uploads.part002.zip,.pdf,unreferenced candidate (not proven orphan),False,False,0
wp-content/uploads/download-manager-files/BP35_Steinach_Ost_Planzeichnung_Entwurf_2023-12-14.pdf,746275,f92ed4dc084b8c47b9773405db3237a72173cc81f859d2fe4354365d88fd99a6,www.gemeinde-merching.de_wpvivid-b8981f085de20_2026-10-10-16-11_backup_uploads.part002.zip,.pdf,unreferenced candidate (not proven orphan),False,False,0
wp-content/uploads/download-manager-files/Infoblatt-Hochwasser-2024.pdf,98580,bf100e0f70dc0cdf7b129ee1dba49ac6510003714c5fff74104d1e3e77302e4a,www.gemeinde-merching.de_wpvivid-b8981f085de20_2026-10-10-16-11_backup_uploads.part002.zip,.pdf,original/referenced,False,False,0
wp-content/uploads/download-manager-files/Textteil_BP_Kirchenfeld_3_Aend_20250710.pdf,172336,fcf410f2e75cd68c0c9639b1ff00c51de0c236a35c1e04697e2c5488f0ce47f9,www.gemeinde-merching.de_wpvivid-b8981f085de20_2026-10-10-16-11_backup_uploads.part002.zip,.pdf,unreferenced candidate (not proven orphan),False,False,0
wp-content/uploads/download-manager-files/Stellplatzsatzung-der-Gemeinde-Merching-vom-08.09.2025.pdf,214194,d0d780303471d780210bdf3dad0a7b54d9ce01386a56cc3f12d074da956a195c,www.gemeinde-merching.de_wpvivid-b8981f085de20_2026-10-10-16-11_backup_uploads.part002.zip,.pdf,unreferenced candidate (not proven orphan),False,False,0
wp-content/uploads/download-manager-files/BP34_Oestl_Nebelhornstrasse_Textteil_20240620.pdf,880573,c748ff94e85e87dfb7eab43d505c335cbf2f17321a8dfe089ca1b1c16b7b2a06,www.gemeinde-merching.de_wpvivid-b8981f085de20_2026-10-10-16-11_backup_uploads.part002.zip,.pdf,unreferenced candidate (not proven orphan),False,False,0
wp-content/uploads/download-manager-files/1732000425wpdm_Schallschutztechnische-Untersuchung-Anlagen.pdf,1700627,882eb45d383acae8ebfc942772332f66776286a23054a90a5a6f91cf2c1623df,www.gemeinde-merching.de_wpvivid-b8981f085de20_2026-10-10-16-11_backup_uploads.part002.zip,.pdf,unreferenced candidate (not proven orphan),False,False,0
wp-content/uploads/download-manager-files/8_Aend_FNP_Steinach_Ost_Bekanntmachung_Genehmigung_20250403.pdf,363119,dc0098dc6899c9b02c4cefd188640f1775e4cde74723c57dfb92a400e4f361bb,www.gemeinde-merching.de_wpvivid-b8981f085de20_2026-10-10-16-11_backup_uploads.part002.zip,.pdf,unreferenced candidate (not proven orphan),False,False,0
wp-content/uploads/download-manager-files/010203-Programm-FSP-Sued-2026.pdf,163547,2f8293e481f726e9081d11cace24312880eedb9b700ffe7a923ca9bdcd701c96,www.gemeinde-merching.de_wpvivid-b8981f085de20_2026-10-10-16-11_backup_uploads.part002.zip,.pdf,unreferenced candidate (not proven orphan),False,False,0
wp-content/uploads/download-manager-files/Pruefbericht-Trinkwasser-2023.pdf,871815,e260e3ed04b98d16e740eecb06c9602ef280c7fe3ff24605ab5484314808242e,www.gemeinde-merching.de_wpvivid-b8981f085de20_2026-10-10-16-11_backup_uploads.part002.zip,.pdf,unreferenced candidate (not proven orphan),False,False,0
wp-content/uploads/download-manager-files/Stellungnahme-fruehz.-Beteiligung_Regierung-v.-Schwaben_Abwaegung-29.06.2023.pdf,624376,d67639d39646af760f93682d66a56ed7b6723cf7e200dd4e7e21027a04dfa91b,www.gemeinde-merching.de_wpvivid-b8981f085de20_2026-10-10-16-11_backup_uploads.part002.zip,.pdf,unreferenced candidate (not proven orphan),False,False,0
wp-content/uploads/download-manager-files/1_Aenderung_BP_26_Entwurf_2023-01-19.pdf,3180665,8eefc7cfb72120968f7aba22013df751e4c73332525b958889560bf3acd3e742,www.gemeinde-merching.de_wpvivid-b8981f085de20_2026-10-10-16-11_backup_uploads.part002.zip,.pdf,unreferenced candidate (not proven orphan),False,False,0
wp-content/uploads/download-manager-files/5-HH-Kreditermaechtigungen-Uebersicht.pdf,29859,fe6bf82b3b32bf975b28268e8a6f6fad5af657029deb7edd1a30bdaba5d57509,www.gemeinde-merching.de_wpvivid-b8981f085de20_2026-10-10-16-11_backup_uploads.part002.zip,.pdf,unreferenced candidate (not proven orphan),False,False,0
wp-content/uploads/download-manager-files/oeffentl.-BekanntmachungGR13.04.23.pdf,132425,9170c840b554fe372c77a045606a462c8249921e38fc009012b9d391a27880da,www.gemeinde-merching.de_wpvivid-b8981f085de20_2026-10-10-16-11_backup_uploads.part002.zip,.pdf,unreferenced candidate (not proven orphan),False,False,0
wp-content/uploads/download-manager-files/004_2026_42_A_Mikrozensus.pdf,186075,7d5f62f71127a0d4c0c445e8bfae4f36de4d3f9bafb6efa7fd77821d50dfe61b,www.gemeinde-merching.de_wpvivid-b8981f085de20_2026-10-10-16-11_backup_uploads.part002.zip,.pdf,original/referenced,False,False,0
wp-content/uploads/download-manager-files/Oeffentl.-Bekanntmachung_GR-22.02.2024.pdf,134863,566b5a94a3a18991dc0ab705a4608a844c182b816262871805c8fb773ebb08b3,www.gemeinde-merching.de_wpvivid-b8981f085de20_2026-10-10-16-11_backup_uploads.part002.zip,.pdf,unreferenced candidate (not proven orphan),False,False,0
wp-content/uploads/download-manager-files/BekanntmachungRattenMai2025.pdf,83590,3cbc9c3744c963c04c3bafedc6c930b45ad4a13201d89562ae67daeccfe7b12a,www.gemeinde-merching.de_wpvivid-b8981f085de20_2026-10-10-16-11_backup_uploads.part002.zip,.pdf,unreferenced candidate (not proven orphan),False,False,0
wp-content/uploads/download-manager-files/GSV-2-HH-Haushaltssatzung.pdf,64911,dc5a7127e8ec014c390f7d021c015f5de8fa730b0f43d1c996e16bc0ac3f9936,www.gemeinde-merching.de_wpvivid-b8981f085de20_2026-10-10-16-11_backup_uploads.part002.zip,.pdf,original/referenced,False,False,0
wp-content/uploads/download-manager-files/BP_Nr34_Oestl._der_Nebelhornstrasse_1Aend_Textteil_m_VV_20251211.pdf,172353,370a099e6ecf7b0386d61471a207751ec2a72a8710ab6ba5fb439c6d0f27d5de,www.gemeinde-merching.de_wpvivid-b8981f085de20_2026-10-10-16-11_backup_uploads.part002.zip,.pdf,unreferenced candidate (not proven orphan),False,False,0
wp-content/uploads/download-manager-files/HH-Stellenplan.pdf,19372,b2d369fa27ab8196a00f86b639b9da23be7ef409be885cd35493260cabcc23ee,www.gemeinde-merching.de_wpvivid-b8981f085de20_2026-10-10-16-11_backup_uploads.part002.zip,.pdf,unreferenced candidate (not proven orphan),False,False,0
wp-content/uploads/download-manager-files/Ehrungen-Satzung-ueber-die-Verleihung-von-Ehrungen-durch-die-Gemeinde-Merching-ab-07.08.2025.pdf,137566,65593ac86ec4b5966141997075a5124726d855c0ca1c45b4fc2e11d875b219f7,www.gemeinde-merching.de_wpvivid-b8981f085de20_2026-10-10-16-11_backup_uploads.part002.zip,.pdf,original/referenced,False,False,0
wp-content/uploads/download-manager-files/Wahlbekanntmachung.pdf,254757,65aa68e48039dc7d23110d0e3121cf8643081ac25e82a0ec56ec7cc0876d7db3,www.gemeinde-merching.de_wpvivid-b8981f085de20_2026-10-10-16-11_backup_uploads.part002.zip,.pdf,unreferenced candidate (not proven orphan),False,False,0
wp-content/uploads/download-manager-files/BP-PV-Merching-Planzeichnung-Teil-A-29.06.2023.pdf,451408,065eb0a29ab88f7ef83c670dcb26a30a791ff19dbd08d5a5e1c1e41ea88ed409,www.gemeinde-merching.de_wpvivid-b8981f085de20_2026-10-10-16-11_backup_uploads.part002.zip,.pdf,unreferenced candidate (not proven orphan),False,False,0
wp-content/uploads/download-manager-files/Disco_Flyer_03_2023.pdf,195682,8b1ac6a2c11ebfffc2753bd540a4db2d4f69dbe52cdfce8711b50ade4219edc4,www.gemeinde-merching.de_wpvivid-b8981f085de20_2026-10-10-16-11_backup_uploads.part002.zip,.pdf,unreferenced candidate (not proven orphan),False,False,0
wp-content/uploads/download-manager-files/GSV-4-HH-Vorbericht.pdf,78810,adb3193bd1c097da33bc6ea0e89af7a6bebe3e3389da4650def4fe236b8db31a,www.gemeinde-merching.de_wpvivid-b8981f085de20_2026-10-10-16-11_backup_uploads.part002.zip,.pdf,original/referenced,False,False,0
wp-content/uploads/download-manager-files/Stellungnahme-fruehz.-Beteiligung_LRA-fuer-BP_Abwaegung-29.06.2023.pdf,1962458,9a188a418399bed4a0aba2632e4f7766e0c7b7cd5e3a6fe3e142ae24620ea6c4,www.gemeinde-merching.de_wpvivid-b8981f085de20_2026-10-10-16-11_backup_uploads.part002.zip,.pdf,unreferenced candidate (not proven orphan),False,False,0
wp-content/uploads/download-manager-files/Rattenbekaempfung-Bekanntmachung-Maerz-2023.pdf,83087,cd8f8eef7d30216934ff98186a20680cc27b02ed1cb8cbaf4f01d77fe506380d,www.gemeinde-merching.de_wpvivid-b8981f085de20_2026-10-10-16-11_backup_uploads.part002.zip,.pdf,unreferenced candidate (not proven orphan),False,False,0
wp-content/uploads/download-manager-files/BP37_Suedlich_Nebelhornstrasse_Begruendung_2023-01-19.pdf,1301921,8611a570e58c4c378a64d9b13fbbd9f58ef99b78c68994b00410cb89cef11a20,www.gemeinde-merching.de_wpvivid-b8981f085de20_2026-10-10-16-11_backup_uploads.part002.zip,.pdf,unreferenced candidate (not proven orphan),False,False,0
wp-content/uploads/download-manager-files/BZKF_BuergerTelefonKrebs-v.-F.-Hagen.pdf,1318574,1e38f4a41d7ae954f4f9f668ee2a5a8de403ddf1dd067e638b2070784ca63df4,www.gemeinde-merching.de_wpvivid-b8981f085de20_2026-10-10-16-11_backup_uploads.part002.zip,.pdf,original/referenced,False,False,0
wp-content/uploads/download-manager-files/Hundesteuersatzung-2026-Homepage.pdf,128279,0699dcab98f643038826b779eedfc436e0b68ff0b26064c0bd052c06a0cc2172,www.gemeinde-merching.de_wpvivid-b8981f085de20_2026-10-10-16-11_backup_uploads.part002.zip,.pdf,unreferenced candidate (not proven orphan),False,False,0
wp-content/uploads/download-manager-files/PDF-Flyer-Merchinger-Ferienprogramm-2025.pdf,18025436,471ad9d37feafbbcc2e2aa815a740753dbd83f2ae6eba13be5c6675dcde6b4a9,www.gemeinde-merching.de_wpvivid-b8981f085de20_2026-10-10-16-11_backup_uploads.part002.zip,.pdf,unreferenced candidate (not proven orphan),False,False,0
wp-content/uploads/download-manager-files/Bekanntmachung-ueber-die-Eintragungsmoeglichkeiten-in-Unterstuetzungslisten_Homepage.pdf,286590,3fac81c0e8d23de590813810cdf950a61f21ceab7d8686635836a413d2c9f6fb,www.gemeinde-merching.de_wpvivid-b8981f085de20_2026-10-10-16-11_backup_uploads.part002.zip,.pdf,unreferenced candidate (not proven orphan),False,False,0
wp-content/uploads/download-manager-files/Stellungnahme-fruehz.-Beteiligung_Denkmalpflege_Abwaegung-29.06.2023.pdf,334830,2982616f1f01916907c91c1dc9416bdd84fa798a545642341d134e38af9a9b54,www.gemeinde-merching.de_wpvivid-b8981f085de20_2026-10-10-16-11_backup_uploads.part002.zip,.pdf,unreferenced candidate (not proven orphan),False,False,0
wp-content/uploads/download-manager-files/BP-PV-Merching_Festsetzungen-Teil-B-29.06.2023.pdf,400664,bb159bfa07785a397119c80038566cf2387a3c178a2ef119858b5afbf87c8553,www.gemeinde-merching.de_wpvivid-b8981f085de20_2026-10-10-16-11_backup_uploads.part002.zip,.pdf,unreferenced candidate (not proven orphan),False,False,0
wp-content/uploads/download-manager-files/BP-Nr.-39-PV-Merching-Teil-C-Begruendung-mit-Umweltbericht-2023-10-26.pdf,849731,9391f3eb7ec0a224d38e8fbf73d9e8a8271cf42fe9974f1b37f7757667130e16,www.gemeinde-merching.de_wpvivid-b8981f085de20_2026-10-10-16-11_backup_uploads.part002.zip,.pdf,unreferenced candidate (not proven orphan),False,False,0
wp-content/uploads/download-manager-files/oeffentl.-Bekanntmachung_GR-04.05.23.pdf,132285,55755e8646bbf44d85968b2679482d75ae623e6581af838efd10002fa43212fa,www.gemeinde-merching.de_wpvivid-b8981f085de20_2026-10-10-16-11_backup_uploads.part002.zip,.pdf,unreferenced candidate (not proven orphan),False,False,0
wp-content/uploads/download-manager-files/1737459345wpdm_Plakatierungsverordnung.pdf,1439303,6d7ad051d37b5e65796dc9fd73bcb3fd19aa25b795db8f2d49f030598838790f,www.gemeinde-merching.de_wpvivid-b8981f085de20_2026-10-10-16-11_backup_uploads.part002.zip,.pdf,unreferenced candidate (not proven orphan),False,False,0
wp-content/uploads/download-manager-files/Merchinger-Ramadama-2026-PDF.pdf,360699,12707a9b09b64b3464db744c8cc123244fba838845fb522cd9ed8e55ca4d9583,www.gemeinde-merching.de_wpvivid-b8981f085de20_2026-10-10-16-11_backup_uploads.part002.zip,.pdf,unreferenced candidate (not proven orphan),False,False,0
wp-content/uploads/download-manager-files/1736245640wpdm_HH-Haushaltssatzung.pdf,65423,9f0efbbd1d63731f93106cb020d56963f868b8cc27acb0745a8eb7981ef0bfbe,www.gemeinde-merching.de_wpvivid-b8981f085de20_2026-10-10-16-11_backup_uploads.part002.zip,.pdf,unreferenced candidate (not proven orphan),False,False,0
wp-content/uploads/download-manager-files/Oeffentliche-Bekanntmachung.pdf,440936,9d4b23459e9f0d57e934253d4e0b90adf2eec00026faf45db38e602a05f3f70b,www.gemeinde-merching.de_wpvivid-b8981f085de20_2026-10-10-16-11_backup_uploads.part002.zip,.pdf,unreferenced candidate (not proven orphan),False,False,0
wp-content/uploads/download-manager-files/Einsicht-in-das-WV-mit-Oeffnungszeiten_Homepage.pdf,7328137,dd1ce46cac24d3bd64ef57b75b7984fb746e2991c74125ccc60851ff5299263a,www.gemeinde-merching.de_wpvivid-b8981f085de20_2026-10-10-16-11_backup_uploads.part002.zip,.pdf,unreferenced candidate (not proven orphan),False,False,0
wp-content/uploads/download-manager-files/1-HH-Inhaltsverzeichnis.pdf,23267,d895ff88727e74e9d3d5f6340cdb120837aaad9f0a5aca18fe5fe5ac385f8d3f,www.gemeinde-merching.de_wpvivid-b8981f085de20_2026-10-10-16-11_backup_uploads.part002.zip,.pdf,unreferenced candidate (not proven orphan),False,False,0
wp-content/uploads/download-manager-files/Oeffentl.-Bekanntmachung_GR_27.07.2023.pdf,131163,ccd0eb31ec161109a535fd3c90f45e5886f7a35baa098a0eeda9289991050da1,www.gemeinde-merching.de_wpvivid-b8981f085de20_2026-10-10-16-11_backup_uploads.part002.zip,.pdf,unreferenced candidate (not proven orphan),False,False,0
wp-content/uploads/download-manager-files/Abschaffung-Kinderreisepass.pdf,1201178,232576d2e1acd5117366a035129ccddca1d94bcabdf983a8743712f27a0c9c82,www.gemeinde-merching.de_wpvivid-b8981f085de20_2026-10-10-16-11_backup_uploads.part002.zip,.pdf,unreferenced candidate (not proven orphan),False,False,0
wp-content/uploads/download-manager-files/1685441735wpdm_Satzung-30.05.2023.pdf,677983,81a9602951a4d47090e05bd57376487ed994f9a64e097a104e8d621159e5b5b5,www.gemeinde-merching.de_wpvivid-b8981f085de20_2026-10-10-16-11_backup_uploads.part002.zip,.pdf,unreferenced candidate (not proven orphan),False,False,0
wp-content/uploads/download-manager-files/Merchinger-Ramadama-2025-PDF-Plakat.pdf,364760,8eea0159799b1cb6d26fdb969aa5c90ddf3a968a646068673129a2d2a9a82f4b,www.gemeinde-merching.de_wpvivid-b8981f085de20_2026-10-10-16-11_backup_uploads.part002.zip,.pdf,unreferenced candidate (not proven orphan),False,False,0
wp-content/uploads/download-manager-files/8_Aend_FNP_Steinach_Ost_zus_Erklaerung_20250403.pdf,1285886,a174a668f0a3808ed7c852b34cda1aeb8dff46b48406fed857a436eb098b9b6b,www.gemeinde-merching.de_wpvivid-b8981f085de20_2026-10-10-16-11_backup_uploads.part002.zip,.pdf,unreferenced candidate (not proven orphan),False,False,0
wp-content/uploads/download-manager-files/MSV-1-HH-Inhaltsverzeichnis.pdf,13123,8b02d499ab33ce7dc8cb2916ca5f95f2563ade1dc7b0f06a9157f6b219cbc08b,www.gemeinde-merching.de_wpvivid-b8981f085de20_2026-10-10-16-11_backup_uploads.part002.zip,.pdf,original/referenced,False,False,0
wp-content/uploads/download-manager-files/Feuerwehr-Satzung-ueber-Aufwendungd-und-Kostenersatz-fuer-Einsaetze-und-andere-Leistungen-gem.-Feuehrwehren-ab-01.01.2026.pdf,202955,134655e0a3070abef24b4b659019fce08361d41b93e0014fb5a9ad651c71d817,www.gemeinde-merching.de_wpvivid-b8981f085de20_2026-10-10-16-11_backup_uploads.part002.zip,.pdf,original/referenced,False,False,0
wp-content/uploads/download-manager-files/BP-PV-Mandichosee_Teil-A_Planzeichnung-2023-10-26.pdf,1902070,2af2890e0feeddb189c3b5e862bb1c328ec79b23c01ac986b1279198188a2e95,www.gemeinde-merching.de_wpvivid-b8981f085de20_2026-10-10-16-11_backup_uploads.part002.zip,.pdf,unreferenced candidate (not proven orphan),False,False,0
wp-content/uploads/download-manager-files/Rattenbekaempfung22Jan2025.pdf,83529,841a9b56d3090f2a28f9fe054f6fdce7403d2d0db939d8ebbf36e5a729acd0a8,www.gemeinde-merching.de_wpvivid-b8981f085de20_2026-10-10-16-11_backup_uploads.part002.zip,.pdf,unreferenced candidate (not proven orphan),False,False,0
wp-content/uploads/download-manager-files/BP-PV-Mandichosee_Teil-C_Begruendung-mit-Umweltbericht-2023-10-26.pdf,2249782,6703ca695912b19b0994738c6c2b92b1fc89b6b12a8905ccb2864e2271be9e3c,www.gemeinde-merching.de_wpvivid-b8981f085de20_2026-10-10-16-11_backup_uploads.part002.zip,.pdf,unreferenced candidate (not proven orphan),False,False,0
wp-content/uploads/download-manager-files/1732000536wpdm_Schalltechnische-Untersuchung-11-05.2023.pdf,1034020,b6e55be82dd6a044b7df2672037adc76bd82db720d3a82776daa7221f01c010b,www.gemeinde-merching.de_wpvivid-b8981f085de20_2026-10-10-16-11_backup_uploads.part002.zip,.pdf,unreferenced candidate (not proven orphan),False,False,0
wp-content/uploads/download-manager-files/Jugenddisco-Herbst-2024-Flyer.jpg,275074,1ada6ad889a5ed5d4a22713afd6257978262cc1bc9af70ce20049981d763770a,www.gemeinde-merching.de_wpvivid-b8981f085de20_2026-10-10-16-11_backup_uploads.part002.zip,.jpg,unreferenced candidate (not proven orphan),False,False,0
wp-content/uploads/download-manager-files/Unternehmenssatzung-fuer-das-Kommunalunternemen-Merching-vom-16.09.2025.pdf,270903,a78cf90d46ef64e91693d5e63e3e895196a623cab7162ec49996bc45d111bd00,www.gemeinde-merching.de_wpvivid-b8981f085de20_2026-10-10-16-11_backup_uploads.part002.zip,.pdf,unreferenced candidate (not proven orphan),False,False,0
wp-content/uploads/download-manager-files/Gemeinderatswahl-Bekanntmachung_Wahlergebnis_Anl_17_Homepage.pdf,191805,611f20c6be98f680e15c45f037ecfc3dc9778c7721ca18749c467e1e2fb0d6e8,www.gemeinde-merching.de_wpvivid-b8981f085de20_2026-10-10-16-11_backup_uploads.part002.zip,.pdf,original/referenced,False,False,0
wp-content/uploads/download-manager-files/Buergerball-2025-Fett.jpg,78162,3debd590f729f335fc37a2a72820c0d41ad01b2e4fd197ba7c340176360ca58b,www.gemeinde-merching.de_wpvivid-b8981f085de20_2026-10-10-16-11_backup_uploads.part002.zip,.jpg,unreferenced candidate (not proven orphan),False,False,0
wp-content/uploads/download-manager-files/HH-Vorbericht.pdf,77931,9db7ffe2f7faf3dd1c03f8f6eb3f5c591b5fedf7d5bbba8cec6d9d7ef26cbb51,www.gemeinde-merching.de_wpvivid-b8981f085de20_2026-10-10-16-11_backup_uploads.part002.zip,.pdf,unreferenced candidate (not proven orphan),False,False,0
wp-content/uploads/download-manager-files/1747054785wpdm_Bekanntmachung-Kostensatzung.pdf,54558,74d1399b7844f93ea883c8c104e26eee269a51d42ff38d46cebc625928b10762,www.gemeinde-merching.de_wpvivid-b8981f085de20_2026-10-10-16-11_backup_uploads.part002.zip,.pdf,original/referenced,False,False,0
wp-content/uploads/download-manager-files/1736245676wpdm_HH-Schulverbandsumlage.pdf,90298,05cd015c6aa12754bc8df943bb770a588c6261b17f6ec300899dd9ae7463a88b,www.gemeinde-merching.de_wpvivid-b8981f085de20_2026-10-10-16-11_backup_uploads.part002.zip,.pdf,unreferenced candidate (not proven orphan),False,False,0
wp-content/uploads/download-manager-files/Satzung_WAS_2022.pdf,8568526,358f0ab7e83a2500d4aeed06d3ba104a01bc71b053b44fc8e3b4c2465275fa8a,www.gemeinde-merching.de_wpvivid-b8981f085de20_2026-10-10-16-11_backup_uploads.part002.zip,.pdf,original/referenced,False,False,0
wp-content/uploads/download-manager-files/Sommerserenade-2024.png-f.-Homepage-u.-soziale-Medien.png,1708108,a57faac9596417ad730f112ae2c1af571a88fad91464931f152832fa7c62b244,www.gemeinde-merching.de_wpvivid-b8981f085de20_2026-10-10-16-11_backup_uploads.part002.zip,.png,unreferenced candidate (not proven orphan),False,False,0
wp-content/uploads/download-manager-files/1710920962wpdm_Bekanntmachung_Wahlhelfer_Aufforderung.pdf,164803,2b4dfc59940455bf7120f3302bc5c0c46330fae5cca28cfa0563ab0f157bcacb,www.gemeinde-merching.de_wpvivid-b8981f085de20_2026-10-10-16-11_backup_uploads.part002.zip,.pdf,unreferenced candidate (not proven orphan),False,False,0
wp-content/uploads/download-manager-files/BP-PV-Mandichosee_Teil-B_Festsetzungen-2023-10-26.pdf,421565,863e363308794577c7423a944524cfe4a7317bad764d89f344211bf7000e2f21,www.gemeinde-merching.de_wpvivid-b8981f085de20_2026-10-10-16-11_backup_uploads.part002.zip,.pdf,unreferenced candidate (not proven orphan),False,False,0
wp-content/uploads/download-manager-files/Aushang-Homepage.docx,225487,22a092cf844f69974f95aa8fc46d6c38ee36f9cba70830ae92156bdf8e155f69,www.gemeinde-merching.de_wpvivid-b8981f085de20_2026-10-10-16-11_backup_uploads.part002.zip,.docx,unreferenced candidate (not proven orphan),False,False,0
wp-content/uploads/download-manager-files/Satzung-30.05.2023.pdf,677983,81a9602951a4d47090e05bd57376487ed994f9a64e097a104e8d621159e5b5b5,www.gemeinde-merching.de_wpvivid-b8981f085de20_2026-10-10-16-11_backup_uploads.part002.zip,.pdf,unreferenced candidate (not proven orphan),False,False,0
wp-content/uploads/download-manager-files/BP-Nr.-39-PV-Merching-Bekanntmachung-Satzungsbeschluss.pdf,764029,4ab440942408b90cf192864bd21ecebefed0d40837c2a904f1c09256e04237a6,www.gemeinde-merching.de_wpvivid-b8981f085de20_2026-10-10-16-11_backup_uploads.part002.zip,.pdf,unreferenced candidate (not proven orphan),False,False,0
wp-content/uploads/download-manager-files/6-HH-Entwurf-14-01-2025.pdf,1670327,e0a11e58a445c01b7a23be9505958e6064d76e062938670704199358184ceebe,www.gemeinde-merching.de_wpvivid-b8981f085de20_2026-10-10-16-11_backup_uploads.part002.zip,.pdf,unreferenced candidate (not proven orphan),False,False,0
wp-content/uploads/download-manager-files/Gde-0-HH-Deckblatt.pdf,70694,09408b1fd96c211328c9c2f4ee190fe2a33cb3753db610c859f6f8930db933f0,www.gemeinde-merching.de_wpvivid-b8981f085de20_2026-10-10-16-11_backup_uploads.part002.zip,.pdf,original/referenced,False,False,0
wp-content/uploads/download-manager-files/1.Aenderung-BP-34-oestl.-Nebelhornstr.-Bekanntmachung-Satzungsbeschluss.pdf,490714,d404152a623063d54dc84f06c3f8736e79a4b40bac024fcbd16a22abf581bae2,www.gemeinde-merching.de_wpvivid-b8981f085de20_2026-10-10-16-11_backup_uploads.part002.zip,.pdf,unreferenced candidate (not proven orphan),False,False,0
wp-content/uploads/download-manager-files/BP-Nr.-39-PV-Merching-Teil-A-Planzeichnung-2023-10-26.pdf,495995,fe614c8f43b4069e708b6a08073e0ad336cb369e7acd95bd77ccee904f9b7c87,www.gemeinde-merching.de_wpvivid-b8981f085de20_2026-10-10-16-11_backup_uploads.part002.zip,.pdf,unreferenced candidate (not proven orphan),False,False,0
wp-content/uploads/download-manager-files/1682325696wpdm_Amtsblatt-04-2023Jahrg.-78-Nr.-4a.pdf,290829,0c36b3c3b18d6c7c09b0fe9548487a798550e1a4642d42bedd6295284d70447a,www.gemeinde-merching.de_wpvivid-b8981f085de20_2026-10-10-16-11_backup_uploads.part002.zip,.pdf,unreferenced candidate (not proven orphan),False,False,0
wp-content/uploads/download-manager-files/Landratswahl-Bekanntmachung_zugelassener_Wahlvorschlaege.pdf,133126,de33cb54bc3fa0912a8c9647fff13eca7a9fc6d94c7bfc3cd84b2589c7345777,www.gemeinde-merching.de_wpvivid-b8981f085de20_2026-10-10-16-11_backup_uploads.part002.zip,.pdf,unreferenced candidate (not proven orphan),False,False,0
wp-content/uploads/download-manager-files/6.-Aenderung-FNP-Bekanntmachung_fruehz_Beteiligung.pdf,882751,13af68db446b0e107a90cf8d0d519396ad15743f9bfe2d437bf6075b2f3fdc33,www.gemeinde-merching.de_wpvivid-b8981f085de20_2026-10-10-16-11_backup_uploads.part002.zip,.pdf,unreferenced candidate (not proven orphan),False,False,0
wp-content/uploads/download-manager-files/Amtsblatt-08-2023Jahrg.-78-Nr.-08.pdf,407535,feee7188f902fa64a85bcac25474f7a61ad4c9c4f85489c094e9466455ba1b8a,www.gemeinde-merching.de_wpvivid-b8981f085de20_2026-10-10-16-11_backup_uploads.part002.zip,.pdf,unreferenced candidate (not proven orphan),False,False,0
wp-content/uploads/download-manager-files/Bekanntmachung_oeff_Ausl_BP35_Steinach_Ost_2023-01-29.pdf,585472,5896586c41f20c0983aedc19cfd5661f342d5bfcf556f3059ffc134ec8c63b41,www.gemeinde-merching.de_wpvivid-b8981f085de20_2026-10-10-16-11_backup_uploads.part002.zip,.pdf,unreferenced candidate (not proven orphan),False,False,0
wp-content/uploads/download-manager-files/BP34_Oestl_Nebelhornstrasse_Planzeichnung_Entwurf_2023-12-14.pdf,1279476,7951559c15a6a8e03b96ec9dd43075c43a8091fc180b88d139d29f19ebea693b,www.gemeinde-merching.de_wpvivid-b8981f085de20_2026-10-10-16-11_backup_uploads.part002.zip,.pdf,unreferenced candidate (not proven orphan),False,False,0
wp-content/uploads/download-manager-files/HH-Inhaltsverzeichnis.pdf,12929,1f37ad8fddae79c8474a85452166add79685596fb26720459d4c2cd5045fbf83,www.gemeinde-merching.de_wpvivid-b8981f085de20_2026-10-10-16-11_backup_uploads.part002.zip,.pdf,unreferenced candidate (not proven orphan),False,False,0
wp-content/uploads/download-manager-files/8_Aend_FNP_Merching_Planzeichnung_Entwurf_2023-12-14.pdf,10008630,c807f88508412da65d4b6a5e7174ef39308f60ae66fdd6e9ddc1f20b4d4946f0,www.gemeinde-merching.de_wpvivid-b8981f085de20_2026-10-10-16-11_backup_uploads.part002.zip,.pdf,unreferenced candidate (not proven orphan),False,False,0
wp-content/uploads/download-manager-files/BP-Nr.-39-PV-Merching-Teil-B-Festsetzungen-2023-10-26.pdf,388016,f2b46c7c441ea5efec67f601fd2ecdb9ada22b92b8620ac2ff6f9230dcf92a33,www.gemeinde-merching.de_wpvivid-b8981f085de20_2026-10-10-16-11_backup_uploads.part002.zip,.pdf,unreferenced candidate (not proven orphan),False,False,0
wp-content/uploads/download-manager-files/1688034797wpdm_FNP-PV-Merching_Begruendung-mit-Umweltbericht-Teil-B_03-29.06.2023.pdf,680255,5b4e7c6627c9115a56ba18d6849f612f78a7a10f9ad7bf8e0edb22d86975661c,www.gemeinde-merching.de_wpvivid-b8981f085de20_2026-10-10-16-11_backup_uploads.part002.zip,.pdf,unreferenced candidate (not proven orphan),False,False,0
wp-content/uploads/download-manager-files/Stellungnahme-fruehz.-Beteiligung_WWA_Abwaegung-29.06.2023.pdf,687973,b61ab77d78ddf6027282103104744598b18fef8d26288d51b2d5f5e9e1f28af0,www.gemeinde-merching.de_wpvivid-b8981f085de20_2026-10-10-16-11_backup_uploads.part002.zip,.pdf,unreferenced candidate (not proven orphan),False,False,0
wp-content/uploads/download-manager-files/2025-08-13_Bekanntmachung_Satzung_Aufwendungs-u.-Kostenersatz_f_Einsaetze_u_andere_Leistungen_gemeindlicher_Feuerwehren_ab_01-01-2026.pdf,153552,1df156e333937f18348e925654fbbd1e9e1d23378d023fad54732979bb9658dc,www.gemeinde-merching.de_wpvivid-b8981f085de20_2026-10-10-16-11_backup_uploads.part002.zip,.pdf,unreferenced candidate (not proven orphan),False,False,0
wp-content/uploads/download-manager-files/2023_01_19_Bekanntmachung_Oeffentliche_Gemeinderatssitzung.pdf,137403,42c12a5c69fdf4cb88cc366f04b4a102d14081d176bc8676c1a181b3dd2d8aae,www.gemeinde-merching.de_wpvivid-b8981f085de20_2026-10-10-16-11_backup_uploads.part002.zip,.pdf,unreferenced candidate (not proven orphan),False,False,0
wp-content/uploads/download-manager-files/7-HH-Stellenplan.pdf,68723,a57efe1edd14ebefc8c58c9a6f515870be72d0579d20017023cc89f86c000dc0,www.gemeinde-merching.de_wpvivid-b8981f085de20_2026-10-10-16-11_backup_uploads.part002.zip,.pdf,unreferenced candidate (not proven orphan),False,False,0
wp-content/uploads/download-manager-files/1736245745wpdm_HH-Vorbericht.pdf,361850,984120353a88efa0c9683f3fe323c6812f22e15e3849af8e6195fcce0dcc2d03,www.gemeinde-merching.de_wpvivid-b8981f085de20_2026-10-10-16-11_backup_uploads.part002.zip,.pdf,unreferenced candidate (not proven orphan),False,False,0
wp-content/uploads/download-manager-files/Informationen-zur-Wahlwerbung_Europawahl_2024.pdf,138940,c20c468be0edf48a45fa610ec26185206c0985456a384709389001117bbb9a4c,www.gemeinde-merching.de_wpvivid-b8981f085de20_2026-10-10-16-11_backup_uploads.part002.zip,.pdf,unreferenced candidate (not proven orphan),False,False,0
wp-content/uploads/download-manager-files/Amtsblatt-04-2023Jahrg.-78-Nr.-4.pdf,337503,8e64e50856bc369ff8dc86fcd31022853aa0a5ae7b10daf24ab8d54b70463f6e,www.gemeinde-merching.de_wpvivid-b8981f085de20_2026-10-10-16-11_backup_uploads.part002.zip,.pdf,unreferenced candidate (not proven orphan),False,False,0
wp-content/uploads/download-manager-files/Aufhebung_BP_Nr3a_Planzeichnung_2023-12-14.pdf,283783,4ef2a46ae7eb8db24dd6ce86df2c1d8462aafe841919ff40056c71493a59f7b5,www.gemeinde-merching.de_wpvivid-b8981f085de20_2026-10-10-16-11_backup_uploads.part002.zip,.pdf,unreferenced candidate (not proven orphan),False,False,0
wp-content/uploads/download-manager-files/Amtsblatt-11-2023Jahrg.-78-Nr.-11.pdf,158823,a2060a28b92511cd14c96066811421b024048574cf52f1ad8cffa35e623b7865,www.gemeinde-merching.de_wpvivid-b8981f085de20_2026-10-10-16-11_backup_uploads.part002.zip,.pdf,unreferenced candidate (not proven orphan),False,False,0
wp-content/uploads/download-manager-files/EWS_Satzung_2022.pdf,9853787,461fe0fafac1f431b8149ef124203214258a6bceb6009f62b233ced68365649f,www.gemeinde-merching.de_wpvivid-b8981f085de20_2026-10-10-16-11_backup_uploads.part002.zip,.pdf,original/referenced,False,False,0
wp-content/uploads/download-manager-files/Amtsblatt-01-2024Jahrg.-79-Nr.-01.pdf,385740,c3790e4469977cb6d634774fe6bff9ca4ab167ca2924cab9d597e19200c57438,www.gemeinde-merching.de_wpvivid-b8981f085de20_2026-10-10-16-11_backup_uploads.part002.zip,.pdf,unreferenced candidate (not proven orphan),False,False,0
wp-content/uploads/download-manager-files/Familienstuetzpunkt-Sued-Programm-Juli-bis-Sept.-2025.pdf,625939,a7eec054f5022ca7e61e0bd215fcddcc6ac21edc8c2aaec8b50aa3023ffdadf1,www.gemeinde-merching.de_wpvivid-b8981f085de20_2026-10-10-16-11_backup_uploads.part002.zip,.pdf,unreferenced candidate (not proven orphan),False,False,0
wp-content/uploads/download-manager-files/Bekanntmachung-Schoeffenwahl-2023.pdf,1481743,4abea6bc9d979b7981080179bea1aae96a27d9e80098eb5f590ef00d90652a72,www.gemeinde-merching.de_wpvivid-b8981f085de20_2026-10-10-16-11_backup_uploads.part002.zip,.pdf,unreferenced candidate (not proven orphan),False,False,0
wp-content/uploads/download-manager-files/Amtsblatt-06a-2023Jahrg.-78-Nr.-06a.pdf,220156,9b2f75ac7d2ccc47301f76660f1e63a731ce70e1801f3ce2c222a59d6878ff97,www.gemeinde-merching.de_wpvivid-b8981f085de20_2026-10-10-16-11_backup_uploads.part002.zip,.pdf,unreferenced candidate (not proven orphan),False,False,0
wp-content/uploads/download-manager-files/Wahlbekanntmachung-Homepage.pdf,7583030,d654413a4b6ff9b0743b88411866013737c3071a22bd225c292daf067614cf1a,www.gemeinde-merching.de_wpvivid-b8981f085de20_2026-10-10-16-11_backup_uploads.part002.zip,.pdf,unreferenced candidate (not proven orphan),False,False,0
wp-content/uploads/download-manager-files/Bekanntmachung-Satzungsbeschluss.pdf,943588,716258ffda8e4f63398676fa3dd1f9c89c241dae96d82d11731a7ff1a69c5516,www.gemeinde-merching.de_wpvivid-b8981f085de20_2026-10-10-16-11_backup_uploads.part002.zip,.pdf,unreferenced candidate (not proven orphan),False,False,0
wp-content/uploads/download-manager-files/5.-Aenderung-FNP-PV-Merching_Begruendung-mit-Umweltbericht-Teil-B.pdf,679822,379c2fd6a7604b5bc35d568213886b8c50e61110bca023a20f5b62a19461029a,www.gemeinde-merching.de_wpvivid-b8981f085de20_2026-10-10-16-11_backup_uploads.part002.zip,.pdf,unreferenced candidate (not proven orphan),False,False,0
wp-content/uploads/download-manager-files/Begruendung_BP_Kirchenfeld_3_Aend_20250710.pdf,536269,c13247edd787d80a743daa2aac5f025fb09452cb63f2cd6b9eeebde4c79c9c2a,www.gemeinde-merching.de_wpvivid-b8981f085de20_2026-10-10-16-11_backup_uploads.part002.zip,.pdf,unreferenced candidate (not proven orphan),False,False,0
wp-content/uploads/download-manager-files/Bekanntmachung-Gebuehren-fuer-die-Benutzung-Obdachlosenunterkuenftepdf.pdf,386322,6f27e908cf1b4aaa840035218a7edc5f2b5fe58fd3d9f9c3d2f26c92ed150d72,www.gemeinde-merching.de_wpvivid-b8981f085de20_2026-10-10-16-11_backup_uploads.part002.zip,.pdf,unreferenced candidate (not proven orphan),False,False,0
wp-content/uploads/download-manager-files/Rama-Dama-2023-Rathaus.pdf,274882,009a9627463fe52a297c86813cd334d7dc782f46d74ca26f38c08e276ae0fecb,www.gemeinde-merching.de_wpvivid-b8981f085de20_2026-10-10-16-11_backup_uploads.part002.zip,.pdf,unreferenced candidate (not proven orphan),False,False,0
wp-content/uploads/download-manager-files/1740068696wpdm_Aushang-Homepage.pdf,97622,3d0fd56b309d4e6e03b4e51efbcdf2b6f143155c04ac8f13b440df6bd0810a13,www.gemeinde-merching.de_wpvivid-b8981f085de20_2026-10-10-16-11_backup_uploads.part002.zip,.pdf,unreferenced candidate (not proven orphan),False,False,0
wp-content/uploads/download-manager-files/BP-Nr.-39-PV-Merching-zusammenfassende-Erklaerung.pdf,1653494,fe47291e961a69a4764e4f9ae96810d7e01e7764cdbcfed65dd0889b3066fe91,www.gemeinde-merching.de_wpvivid-b8981f085de20_2026-10-10-16-11_backup_uploads.part002.zip,.pdf,unreferenced candidate (not proven orphan),False,False,0
wp-content/uploads/download-manager-files/1713433166wpdm_Informationen-zur-Wahlwerbung_Europawahl_2024.pdf,138940,c20c468be0edf48a45fa610ec26185206c0985456a384709389001117bbb9a4c,www.gemeinde-merching.de_wpvivid-b8981f085de20_2026-10-10-16-11_backup_uploads.part002.zip,.pdf,unreferenced candidate (not proven orphan),False,False,0
wp-content/uploads/download-manager-files/1731597404wpdm_Strassenreinigung-Herbst-2024.pdf,95586,f1f36a1e81e5057c9bb0e237fb53c2139183e19e8627bfa2747876b4c2003eae,www.gemeinde-merching.de_wpvivid-b8981f085de20_2026-10-10-16-11_backup_uploads.part002.zip,.pdf,unreferenced candidate (not proven orphan),False,False,0
wp-content/uploads/download-manager-files/Gemeindekurier-Weihnachten-2025-f.-Homepage.pdf,1662816,e91eeaa57b3a58311a6fab56cbca788241ef373670167439a9432d60164cd0b8,www.gemeinde-merching.de_wpvivid-b8981f085de20_2026-10-10-16-11_backup_uploads.part002.zip,.pdf,unreferenced candidate (not proven orphan),False,False,0
wp-content/uploads/download-manager-files/Bekanntmachung-der-zugelassenen-Wahlvorschlaege-GR-Teil2-2.pdf,1837243,fe26124e6e6ee5ec2f3d49b4090f5883420676c52ea681a217865942f58810c7,www.gemeinde-merching.de_wpvivid-b8981f085de20_2026-10-10-16-11_backup_uploads.part002.zip,.pdf,unreferenced candidate (not proven orphan),False,False,0
wp-content/uploads/download-manager-files/0-HH-Deckblatt.pdf,20026,e6eef046cac57ec8d25d2de1aa873c7f2b412f026b6ce6e95c82a2325b7de7d2,www.gemeinde-merching.de_wpvivid-b8981f085de20_2026-10-10-16-11_backup_uploads.part002.zip,.pdf,unreferenced candidate (not proven orphan),False,False,0
wp-content/uploads/download-manager-files/1762446036wpdm_November-2025-Anlage.pdf,610394,6df9ad3ffe8b572ee7db56d2b685bf3c5d51b2cf47716217acef8abe1e59bb07,www.gemeinde-merching.de_wpvivid-b8981f085de20_2026-10-10-16-11_backup_uploads.part002.zip,.pdf,unreferenced candidate (not proven orphan),False,False,0
wp-content/uploads/download-manager-files/OeffentlBekanntmachung_GR6_20.06.24.pdf,133798,0930c83ea53995d0f6f8f73b98ad242a32729af3f803359fff0b20488d7be0c8,www.gemeinde-merching.de_wpvivid-b8981f085de20_2026-10-10-16-11_backup_uploads.part002.zip,.pdf,unreferenced candidate (not proven orphan),False,False,0
wp-content/uploads/download-manager-files/Bekanntmachung_Geschaeftsordnung_Homepage.pdf,115730,3fe1f242908a4785bfecb42c055c675aff6412807e8cd1600c72c1cb1de98308,www.gemeinde-merching.de_wpvivid-b8981f085de20_2026-10-10-16-11_backup_uploads.part002.zip,.pdf,unreferenced candidate (not proven orphan),False,False,0
wp-content/uploads/download-manager-files/Flyer_DVS_Schoeffenwahl_sw23.pdf,519874,cdd0d4536a746490384c06208228e177785b0304d7d83e45a765ca9529fc4b43,www.gemeinde-merching.de_wpvivid-b8981f085de20_2026-10-10-16-11_backup_uploads.part002.zip,.pdf,unreferenced candidate (not proven orphan),False,False,0
wp-content/uploads/download-manager-files/8.-Aenderung-FNP-Datenschutzinformationspflicht.pdf,1559175,bcd6799e9dd25debf505806f28a69e65879d499af595f473b15ade2de914c2e4,www.gemeinde-merching.de_wpvivid-b8981f085de20_2026-10-10-16-11_backup_uploads.part002.zip,.pdf,unreferenced candidate (not proven orphan),False,False,0
wp-content/uploads/download-manager-files/1_Aenderung_BP_26_Begruendung_2023-01-19.pdf,393411,aeb8988faccefc086a28c408284f9e35e5bbffa2ee9582e4ae7d5a3101db3496,www.gemeinde-merching.de_wpvivid-b8981f085de20_2026-10-10-16-11_backup_uploads.part002.zip,.pdf,unreferenced candidate (not proven orphan),False,False,0
wp-content/uploads/download-manager-files/Bekanntmachung-Auflegung-der-Vorschlagsliste.pdf,144833,4906819932debae70879a974f6c8bc02728050b560a85e0b8b8c790be713c49e,www.gemeinde-merching.de_wpvivid-b8981f085de20_2026-10-10-16-11_backup_uploads.part002.zip,.pdf,unreferenced candidate (not proven orphan),False,False,0
wp-content/uploads/download-manager-files/8_Aend_FNP_Steinach_Ost_Begruendung_Entwurf_20231214.pdf,1021304,8cc56f5b54a282ca5c297e5e7d8ab95b50e6599068b4ffd02519704ac19dd6ea,www.gemeinde-merching.de_wpvivid-b8981f085de20_2026-10-10-16-11_backup_uploads.part002.zip,.pdf,unreferenced candidate (not proven orphan),False,False,0
wp-content/uploads/download-manager-files/oeffentl.-Bekanntmachung_GR14.09.23.pdf,134973,a8c76d69249ee9c2451960c0d667f0343eea1c8e74633ac7729fdd359c25d4eb,www.gemeinde-merching.de_wpvivid-b8981f085de20_2026-10-10-16-11_backup_uploads.part002.zip,.pdf,unreferenced candidate (not proven orphan),False,False,0
wp-content/uploads/download-manager-files/Flyer-Kinderdisco-2025.pdf,125398,ae9620d51a902cb53d345c515c236fda6a88397e5a99b33ee7a876fd3a73945c,www.gemeinde-merching.de_wpvivid-b8981f085de20_2026-10-10-16-11_backup_uploads.part002.zip,.pdf,unreferenced candidate (not proven orphan),False,False,0
wp-content/uploads/download-manager-files/Oeffentl.-Bekanntmachung_GR16Mai24.pdf,130794,98720de1fb76ff1336db89c3d60feca27cd9bda35c10e756372b214f7da81995,www.gemeinde-merching.de_wpvivid-b8981f085de20_2026-10-10-16-11_backup_uploads.part002.zip,.pdf,unreferenced candidate (not proven orphan),False,False,0
wp-content/uploads/download-manager-files/Bekanntmachung-Friedhofs-und-Bestattungssatzung-ab-01.01.2027.pdf,130330,94a8f1d2aad8a89024aee15e30a989338bb8ea10a96ff4f4e0897c1e18037982,www.gemeinde-merching.de_wpvivid-b8981f085de20_2026-10-10-16-11_backup_uploads.part002.zip,.pdf,original/referenced,False,False,0
wp-content/uploads/download-manager-files/eingereichte-Wahlvorschlaege-BGM.pdf,2211652,3ee58e389c5665ac0a59e74a4a8f3a620e7513109d1c1eaf7cf9a30895d8c4fe,www.gemeinde-merching.de_wpvivid-b8981f085de20_2026-10-10-16-11_backup_uploads.part002.zip,.pdf,unreferenced candidate (not proven orphan),False,False,0
wp-content/uploads/download-manager-files/Buergermeisterwahl-Bekanntmachung_Wahlergebnis_Anl_18-Direktwahl_Homepage.pdf,188319,40cbcf0cde15d9ad2fe62bf4ad0d51a902e1f10931ceb57fc31d8d4652e94563,www.gemeinde-merching.de_wpvivid-b8981f085de20_2026-10-10-16-11_backup_uploads.part002.zip,.pdf,original/referenced,False,False,0
wp-content/uploads/download-manager-files/1685442520wpdm_Vorkaufsrechtssatzung.pdf,932934,4517b288837120f53475109ecdbb322c23d44b116d6d453f5ed1aaae72dd0f4f,www.gemeinde-merching.de_wpvivid-b8981f085de20_2026-10-10-16-11_backup_uploads.part002.zip,.pdf,original/referenced,False,False,0
wp-content/uploads/download-manager-files/Datenschutzrechtliche-Informationspflichten-nach-Art.-13-und-14-DSGVO-29.06.2023.pdf,892060,502317377dd9b1096c26ac7c0fded2fd0a52b39e21b99b7335a62f9dc79643d3,www.gemeinde-merching.de_wpvivid-b8981f085de20_2026-10-10-16-11_backup_uploads.part002.zip,.pdf,unreferenced candidate (not proven orphan),False,False,0
wp-content/uploads/download-manager-files/Flyer-Jugenddisco-2025.pdf,206442,2e1fe65e4a22235652deb02ec848ed678154526a418b2be63b4933cd58c5c142,www.gemeinde-merching.de_wpvivid-b8981f085de20_2026-10-10-16-11_backup_uploads.part002.zip,.pdf,unreferenced candidate (not proven orphan),False,False,0
wp-content/uploads/download-manager-files/FLY_Stromausfall_LAF_99x210mm_Merching_web.pdf,321903,923355ae5a1fd0d23c7ee9aa3ea28b308917b58fd134d4e7c29984f9d2b7857e,www.gemeinde-merching.de_wpvivid-b8981f085de20_2026-10-10-16-11_backup_uploads.part002.zip,.pdf,original/referenced,False,False,0
wp-content/uploads/download-manager-files/oeffentliche-Bekanntmachung_GSVV24.01.2023.pdf,115833,00e2b9688cad7230dabc15c18f4971043d1fba9d4d6b03480b89feed2ed6aa27,www.gemeinde-merching.de_wpvivid-b8981f085de20_2026-10-10-16-11_backup_uploads.part002.zip,.pdf,unreferenced candidate (not proven orphan),False,False,0
wp-content/uploads/download-manager-files/Gemeindekurier-Sommer-2025-V1-PDF-fuer-Druckerei-Richter.pdf,1080940,5b9c999f4d8fa7a348b7c7a1b29489086356a5cdb04ffe27145440f765b086e8,www.gemeinde-merching.de_wpvivid-b8981f085de20_2026-10-10-16-11_backup_uploads.part002.zip,.pdf,unreferenced candidate (not proven orphan),False,False,0
wp-content/uploads/download-manager-files/FNP-PV-Mandichosee_Teil-A_Planzeichnung-2023-10-26.pdf,2693384,df7cca7b5a1a0ac83b1a83c6e5f5bf237cbc19ad722947b3ee38bf5ebc2c4af6,www.gemeinde-merching.de_wpvivid-b8981f085de20_2026-10-10-16-11_backup_uploads.part003.zip,.pdf,unreferenced candidate (not proven orphan),False,False,0
wp-content/uploads/download-manager-files/BGS_EWS_2026-Homepage-NEU.pdf,189362,359da421f1d62b9d19f6d1c1297edc265ca58267b955d5e79d66df7f505ae930,www.gemeinde-merching.de_wpvivid-b8981f085de20_2026-10-10-16-11_backup_uploads.part003.zip,.pdf,unreferenced candidate (not proven orphan),False,False,0
wp-content/uploads/download-manager-files/Gemeindekurier-Ostern-2026-f.-Homepage.pdf,1663303,56452b2a2bda833b63516f0e22b72da5b8c7a3c87afd710e05517d0ae830ac9e,www.gemeinde-merching.de_wpvivid-b8981f085de20_2026-10-10-16-11_backup_uploads.part003.zip,.pdf,original/referenced,False,False,0
wp-content/uploads/download-manager-files/Planzeichnung_Vorentwurf_6_Aend_FNP_Merching_2023-01-19.pdf,1443086,396d92a6e62bdb502a3782b17b17b3cb58cf84dedb6f9744be44e2361709b2b4,www.gemeinde-merching.de_wpvivid-b8981f085de20_2026-10-10-16-11_backup_uploads.part003.zip,.pdf,unreferenced candidate (not proven orphan),False,False,0
wp-content/uploads/download-manager-files/Verkuendung-des-Wahlergebnisses-OT-Hochdorf.pdf,117014,b7bea03722052c9fb8fa8fdd2e7df90911752df57207f4d6138552c88fb7f23c,www.gemeinde-merching.de_wpvivid-b8981f085de20_2026-10-10-16-11_backup_uploads.part003.zip,.pdf,original/referenced,False,False,0
wp-content/uploads/download-manager-files/BPlanNr35_Geruchsprognose_230714.pdf,3318700,ca4745806b100b3c41e156ba5f0774c6f695054fbca4d4743a75e122def83976,www.gemeinde-merching.de_wpvivid-b8981f085de20_2026-10-10-16-11_backup_uploads.part003.zip,.pdf,unreferenced candidate (not proven orphan),False,False,0
wp-content/uploads/download-manager-files/1787207868wpdm_Friedhofs-und-Bestattungssatzung-ab-01.01.2027-Homepage.pdf,297746,00872094066f7e59f3e262bbd43e36b30258b4e4746d5f1d5deab073b0a979a6,www.gemeinde-merching.de_wpvivid-b8981f085de20_2026-10-10-16-11_backup_uploads.part003.zip,.pdf,unreferenced candidate (not proven orphan),False,False,0
wp-content/uploads/download-manager-files/BP35_Steinach_Ost_Textteil_Entwurf_2023-12-14.pdf,207887,177661623938c3440bf2259828f2497d43f242b14ad72a5d990f91cb545e0c23,www.gemeinde-merching.de_wpvivid-b8981f085de20_2026-10-10-16-11_backup_uploads.part003.zip,.pdf,unreferenced candidate (not proven orphan),False,False,0
wp-content/uploads/download-manager-files/Oeffentl.Bekanntmachung_GR1_Jan24.pdf,126997,1ed4ae074b3ab6db52519e28ee87e440d34ea8b9d57f3cdff1a90b51f24839ad,www.gemeinde-merching.de_wpvivid-b8981f085de20_2026-10-10-16-11_backup_uploads.part003.zip,.pdf,unreferenced candidate (not proven orphan),False,False,0
wp-content/uploads/download-manager-files/1736245575wpdm_HH-Deckblatt-HH.pdf,8981,cfc9a1807668e8bc6240482123ae2f0708512cfeab5772da96f5e56dfa6b90d0,www.gemeinde-merching.de_wpvivid-b8981f085de20_2026-10-10-16-11_backup_uploads.part003.zip,.pdf,unreferenced candidate (not proven orphan),False,False,0
wp-content/uploads/download-manager-files/1768291253wpdm_BP_Nr34_Oestl._der_Nebelhornstrasse_1Aend_Begruendung_20251211.pdf,412709,3c59ff6e49f0d20ad236987f9fcaacf98510b470908f92c076e71e3d27d55a15,www.gemeinde-merching.de_wpvivid-b8981f085de20_2026-10-10-16-11_backup_uploads.part003.zip,.pdf,unreferenced candidate (not proven orphan),False,False,0
wp-content/uploads/download-manager-files/Amtsblatt-08a-2023Jahrg.-78-Nr.-08a.pdf,158428,2dde34ea664cbfe32c9e144d43022d4bccd04ff34d5c405541631d3816c38eec,www.gemeinde-merching.de_wpvivid-b8981f085de20_2026-10-10-16-11_backup_uploads.part003.zip,.pdf,unreferenced candidate (not proven orphan),False,False,0
wp-content/uploads/download-manager-files/1680160897wpdm_Rama-Dama-Hochdorf.pdf,394644,e83dc099af088919d9bf34af4018c89dab7e070be002e5330059ecf28d15c59c,www.gemeinde-merching.de_wpvivid-b8981f085de20_2026-10-10-16-11_backup_uploads.part003.zip,.pdf,unreferenced candidate (not proven orphan),False,False,0
wp-content/uploads/download-manager-files/B-Plan-Nr.-11-Datenschutzinformationspflicht.pdf,1558973,011965d8b4682b5e8d1a131cbad4450b84c33fc6de4983b0404b580c2b30f101,www.gemeinde-merching.de_wpvivid-b8981f085de20_2026-10-10-16-11_backup_uploads.part003.zip,.pdf,unreferenced candidate (not proven orphan),False,False,0
wp-content/uploads/download-manager-files/Bekanntmachung_Satzungsbeschluss_3_Aend_BP_Nr_11_Kirchenfeld_20250725.pdf,514337,1c4bddf799796c87890baec00d49c5bb612ce9f91f5cf46db48fb7c5d3c5d1d0,www.gemeinde-merching.de_wpvivid-b8981f085de20_2026-10-10-16-11_backup_uploads.part003.zip,.pdf,unreferenced candidate (not proven orphan),False,False,0
wp-content/uploads/download-manager-files/Flyer-Merchinger-Ferienprogramm-2024-PDF-neu.pdf,493702,60050ad34309ec2c8ec0c502bda1147935e699b5333021bfcf645cd2b3208659,www.gemeinde-merching.de_wpvivid-b8981f085de20_2026-10-10-16-11_backup_uploads.part003.zip,.pdf,unreferenced candidate (not proven orphan),False,False,0
wp-content/uploads/download-manager-files/BP35_Steinach_Ost_Textteil_20240620.pdf,207366,21cc0113dd9163305a6c1188b4a4917662836c2dc77314b79afb0f57f29d5a29,www.gemeinde-merching.de_wpvivid-b8981f085de20_2026-10-10-16-11_backup_uploads.part003.zip,.pdf,unreferenced candidate (not proven orphan),False,False,0
wp-content/uploads/download-manager-files/Amtsblatt-02-2023Jahrg.-78-Nr.-02.pdf,499475,ebe332fdb0dfcd33f9ea199ab4ceef7877690f2b3e53a14503f41eff6409e590,www.gemeinde-merching.de_wpvivid-b8981f085de20_2026-10-10-16-11_backup_uploads.part003.zip,.pdf,unreferenced candidate (not proven orphan),False,False,0
wp-content/uploads/download-manager-files/Nachhaltigkeitstag-2025_Plakat_A3.pdf,147660,5a85694486c1d7d69615f69e04a6cd06cce82e7dcaa3087f38d65c3a3714bdef,www.gemeinde-merching.de_wpvivid-b8981f085de20_2026-10-10-16-11_backup_uploads.part003.zip,.pdf,unreferenced candidate (not proven orphan),False,False,0
wp-content/uploads/download-manager-files/1680160837wpdm_Rama-Dama-2023-Rathaus.pdf,274882,009a9627463fe52a297c86813cd334d7dc782f46d74ca26f38c08e276ae0fecb,www.gemeinde-merching.de_wpvivid-b8981f085de20_2026-10-10-16-11_backup_uploads.part003.zip,.pdf,unreferenced candidate (not proven orphan),False,False,0
wp-content/uploads/download-manager-files/Bekanntm._ern_oeff_Ausl_3_Aend_BPNr11_Kirchenfeld_20250228.pdf,568119,2b134e80f3d1187096580571e2e4fe4f6d839e6c2480edaff8cfddbef5eef501,www.gemeinde-merching.de_wpvivid-b8981f085de20_2026-10-10-16-11_backup_uploads.part003.zip,.pdf,unreferenced candidate (not proven orphan),False,False,0
wp-content/uploads/download-manager-files/Leseclub-Merching.pdf,725638,52bcccee654fad1a8618a4c5ff2764737d89f2791f41c244d6ea8fc4ad34341a,www.gemeinde-merching.de_wpvivid-b8981f085de20_2026-10-10-16-11_backup_uploads.part003.zip,.pdf,unreferenced candidate (not proven orphan),False,False,0
wp-content/uploads/download-manager-files/8-HH-Anlagen.pdf,84785,b0d045dea6282b875aea262b2c0843ac0a44733101fdc52a7d0a8ac82025ccec,www.gemeinde-merching.de_wpvivid-b8981f085de20_2026-10-10-16-11_backup_uploads.part003.zip,.pdf,unreferenced candidate (not proven orphan),False,False,0
wp-content/uploads/download-manager-files/Gde-4-HH-Uebersicht-Darlehen.pdf,135076,e6538752d45d17d4d2a087e187e7512ddf4f01512800a1728e164d88167c67f7,www.gemeinde-merching.de_wpvivid-b8981f085de20_2026-10-10-16-11_backup_uploads.part003.zip,.pdf,original/referenced,False,False,0
wp-content/uploads/download-manager-files/Bekanntmachung-Kostensatzung.pdf,196251,d1991e355031f26ab357654e5c3868728597d189bdc090cf9b5747d7872ec082,www.gemeinde-merching.de_wpvivid-b8981f085de20_2026-10-10-16-11_backup_uploads.part003.zip,.pdf,unreferenced candidate (not proven orphan),False,False,0
wp-content/uploads/download-manager-files/MSV-2-HH-Haushaltssatzung.pdf,65576,c01c5eec58e9fe4176bfdca613ca90d12402421aaed1e4054c6d8c4d17826519,www.gemeinde-merching.de_wpvivid-b8981f085de20_2026-10-10-16-11_backup_uploads.part003.zip,.pdf,original/referenced,False,False,0
wp-content/uploads/download-manager-files/1736245894wpdm_HH-Anlagen.pdf,73305,baab8309fe59837813a2e95317cb545723de7588320c169f16559bcaeab2540e,www.gemeinde-merching.de_wpvivid-b8981f085de20_2026-10-10-16-11_backup_uploads.part003.zip,.pdf,unreferenced candidate (not proven orphan),False,False,0
wp-content/uploads/download-manager-files/1753426789wpdm_B-Plan-Nr.-34-Datenschutzinformationspflicht.pdf,1559003,eac7ceee06fa5933522af94607ab45536608a924394f1a16833e9ac7d59a5b39,www.gemeinde-merching.de_wpvivid-b8981f085de20_2026-10-10-16-11_backup_uploads.part003.zip,.pdf,unreferenced candidate (not proven orphan),False,False,0
wp-content/uploads/download-manager-files/Aufhebung_BP_Nr3a_Bekanntmachung_Satzungsbeschluss_20240129.pdf,553504,df1106211c745660e80c6886de45eb924b177c55f43ddc055a2d094c2d3cde75,www.gemeinde-merching.de_wpvivid-b8981f085de20_2026-10-10-16-11_backup_uploads.part003.zip,.pdf,unreferenced candidate (not proven orphan),False,False,0
wp-content/uploads/download-manager-files/BP-PV-Merching_Begruendung-mit-Umweltbericht-Teil-C_07-29.06.2023.pdf,902125,06dcf1f7437a04fce5fc43df501d75a995bc081fdf8ecaffcc6875ee30417e87,www.gemeinde-merching.de_wpvivid-b8981f085de20_2026-10-10-16-11_backup_uploads.part003.zip,.pdf,unreferenced candidate (not proven orphan),False,False,0
wp-content/uploads/download-manager-files/1685441615wpdm_Satzung-30.05.2023.pdf,677983,81a9602951a4d47090e05bd57376487ed994f9a64e097a104e8d621159e5b5b5,www.gemeinde-merching.de_wpvivid-b8981f085de20_2026-10-10-16-11_backup_uploads.part003.zip,.pdf,unreferenced candidate (not proven orphan),False,False,0
wp-content/uploads/download-manager-files/5.-Aenderung-FNP-PV-Merching-Teil-A_Planzeichnung.pdf,2671173,130e2d9cf8ec2a027d3076c7f0670fa92cfeabbd4d2213ad3cc6a0fb602b919e,www.gemeinde-merching.de_wpvivid-b8981f085de20_2026-10-10-16-11_backup_uploads.part003.zip,.pdf,unreferenced candidate (not proven orphan),False,False,0
wp-content/uploads/download-manager-files/eingereichte-Wahlvorschlaege-GR.pdf,2137151,01a696980bcbb912dd07eab0d1b005acf12280f2d7fec008f3f16b56af93b58f,www.gemeinde-merching.de_wpvivid-b8981f085de20_2026-10-10-16-11_backup_uploads.part003.zip,.pdf,unreferenced candidate (not proven orphan),False,False,0
wp-content/uploads/download-manager-files/Merchinger-Ramadama-2023-PDF.pdf,4209568,6ede7e0ffa4d1a8983911eb96d81eff6d0cdf8d141f9dd0311d708b905857fa3,www.gemeinde-merching.de_wpvivid-b8981f085de20_2026-10-10-16-11_backup_uploads.part003.zip,.pdf,unreferenced candidate (not proven orphan),False,False,0
wp-content/uploads/download-manager-files/Oeffentl.-Bekanntmachung_GR14Nov2024.pdf,128799,b5b3f120903bd85b6139cd451fd3e99dd6e9b2e90eaf2e9a1c2e06b9e971ecc6,www.gemeinde-merching.de_wpvivid-b8981f085de20_2026-10-10-16-11_backup_uploads.part003.zip,.pdf,unreferenced candidate (not proven orphan),False,False,0
wp-content/uploads/download-manager-files/Gde-7-HH-Stellenplan.pdf,177996,94a071eec12e81b35992fcb29bd15b55b9007ea273f5549c69d6c12b5ae1f346,www.gemeinde-merching.de_wpvivid-b8981f085de20_2026-10-10-16-11_backup_uploads.part003.zip,.pdf,original/referenced,False,False,0
wp-content/uploads/download-manager-files/Bekanntmachung_Ratten_Mai24.pdf,83123,abad2c0fc5a686a6203138c81bd7e84a37cd2a0b8a22467cbd2d6fdf92cdcfee,www.gemeinde-merching.de_wpvivid-b8981f085de20_2026-10-10-16-11_backup_uploads.part003.zip,.pdf,unreferenced candidate (not proven orphan),False,False,0
wp-content/uploads/download-manager-files/Gde-3-HH-Vorbericht.pdf,235906,065e7d7b9e5bcccfe9ce89401f864f920ac29ad2e9ec14b280d621006f44b59d,www.gemeinde-merching.de_wpvivid-b8981f085de20_2026-10-10-16-11_backup_uploads.part003.zip,.pdf,original/referenced,False,False,0
wp-content/uploads/download-manager-files/MSV-0-HH-Deckblatt.pdf,61673,1602c3a054005a291caf8b305270fd424c40a2c657b2bcba785fadd392ed5ca1,www.gemeinde-merching.de_wpvivid-b8981f085de20_2026-10-10-16-11_backup_uploads.part003.zip,.pdf,original/referenced,False,False,0
wp-content/uploads/download-manager-files/1762445713wpdm_November-2025-Anlage.pdf,610394,6df9ad3ffe8b572ee7db56d2b685bf3c5d51b2cf47716217acef8abe1e59bb07,www.gemeinde-merching.de_wpvivid-b8981f085de20_2026-10-10-16-11_backup_uploads.part003.zip,.pdf,unreferenced candidate (not proven orphan),False,False,0
wp-content/uploads/download-manager-files/PV-Merching_Kartierung-2023-04-27-29.06.2023.pdf,60897,df4e2d3911baacbe4f8d2fc36c0a4f8b6bc09df4782b9037c2d9b308082e8f93,www.gemeinde-merching.de_wpvivid-b8981f085de20_2026-10-10-16-11_backup_uploads.part003.zip,.pdf,unreferenced candidate (not proven orphan),False,False,0
wp-content/uploads/download-manager-files/BP_Nr34_Oestl._der_Nebelhornstrasse_1Aend_Begruendung_20251211.pdf,412709,3c59ff6e49f0d20ad236987f9fcaacf98510b470908f92c076e71e3d27d55a15,www.gemeinde-merching.de_wpvivid-b8981f085de20_2026-10-10-16-11_backup_uploads.part003.zip,.pdf,unreferenced candidate (not proven orphan),False,False,0
wp-content/uploads/download-manager-files/MSV-3-HH-Schulverbandsumlage.pdf,91676,911a28095d9cfd386bc9b3a295134f2747a54250ff73d468af665ad2601ee62c,www.gemeinde-merching.de_wpvivid-b8981f085de20_2026-10-10-16-11_backup_uploads.part003.zip,.pdf,original/referenced,False,False,0
wp-content/uploads/download-manager-files/BP37-suedl.-Nebelhornstr.-Bekanntmachung-Satzungsbeschluss-.pdf,941142,5dd40f5276f7e74c5966ece2df33e13c65c1ae193b994264763af2768d4769f5,www.gemeinde-merching.de_wpvivid-b8981f085de20_2026-10-10-16-11_backup_uploads.part003.zip,.pdf,unreferenced candidate (not proven orphan),False,False,0
wp-content/uploads/download-manager-files/Artenschutz-Relevanzpruefung-23-02-10.pdf,1535691,90dc2a87d351403295e251e09db1c09a69f56f6c88744dbab0118a3f402a5817,www.gemeinde-merching.de_wpvivid-b8981f085de20_2026-10-10-16-11_backup_uploads.part003.zip,.pdf,unreferenced candidate (not proven orphan),False,False,0
wp-content/uploads/download-manager-files/Gemeindekurier-November-2025.pdf,798574,ee38dc476199920aa661c59569223a32dac2a49411e7ca04c31934d03a8d29a3,www.gemeinde-merching.de_wpvivid-b8981f085de20_2026-10-10-16-11_backup_uploads.part003.zip,.pdf,unreferenced candidate (not proven orphan),False,False,0
wp-content/uploads/download-manager-files/oeffentl.Bekanntmachung-GSVV28.11.23.pdf,115745,1f8b1f7d2d90a9b5aeb3afc18bef85e3f6a9b6b2efec5dd0eb968976e99ba617,www.gemeinde-merching.de_wpvivid-b8981f085de20_2026-10-10-16-11_backup_uploads.part003.zip,.pdf,unreferenced candidate (not proven orphan),False,False,0
wp-content/uploads/download-manager-files/HH-Deckblatt-HH.pdf,8949,a00494443356d59b0f3260277a5fcd7b40a4d3aa30af060bd0ab4d54b3108fd0,www.gemeinde-merching.de_wpvivid-b8981f085de20_2026-10-10-16-11_backup_uploads.part003.zip,.pdf,unreferenced candidate (not proven orphan),False,False,0
wp-content/uploads/download-manager-files/GSV-5-HH-Haushaltsplan-mit-Finanzplanung.pdf,1101172,0d00e4213c3bb0ecfa5b4860d0eaa43ad0f0ee279bb48a758596958b96a35956,www.gemeinde-merching.de_wpvivid-b8981f085de20_2026-10-10-16-11_backup_uploads.part003.zip,.pdf,original/referenced,False,False,0
wp-content/uploads/download-manager-files/Bekanntmachung_Satzung-Gemeindeverfassungsrechts_Homepage.pdf,115745,0b98be66cde35c57786bbd6c6e790ca1ba0bb867fcc5170b4a8ca035ad9c44ae,www.gemeinde-merching.de_wpvivid-b8981f085de20_2026-10-10-16-11_backup_uploads.part003.zip,.pdf,unreferenced candidate (not proven orphan),False,False,0
wp-content/uploads/download-manager-files/Bekanntmachung-Eroeffnung-Vergabeverfahren-BG-34.pdf,203895,351e3d52fd08a60f7f48fb2131b527489a6ff209660d8e918ccd42027d60ea88,www.gemeinde-merching.de_wpvivid-b8981f085de20_2026-10-10-16-11_backup_uploads.part003.zip,.pdf,original/referenced,False,False,0
wp-content/uploads/download-manager-files/image0.jpeg,1406188,474d2aa9aeef5fe2f694a46178399afe134b080eb5d9df12b9e54424786a0159,www.gemeinde-merching.de_wpvivid-b8981f085de20_2026-10-10-16-11_backup_uploads.part003.zip,.jpeg,unreferenced candidate (not proven orphan),False,False,0
wp-content/uploads/download-manager-files/OeffentlBekanntmachung_GR9_17Okt24.pdf,130105,56c1ef15fb3dd281d04086eab17388f003967f30e9084317115883fb8c741bdd,www.gemeinde-merching.de_wpvivid-b8981f085de20_2026-10-10-16-11_backup_uploads.part003.zip,.pdf,unreferenced candidate (not proven orphan),False,False,0
wp-content/uploads/download-manager-files/Bekanntmachung-31-01-2023.pdf,406559,9c3e4730fa7a80b312defe8090fb482fa8b2ab291ee1ef23a8edc32ea5b19fbb,www.gemeinde-merching.de_wpvivid-b8981f085de20_2026-10-10-16-11_backup_uploads.part003.zip,.pdf,unreferenced candidate (not proven orphan),False,False,0
wp-content/uploads/download-manager-files/Faschingsdienstag-nachmittag-WSST-geschlossen_2025.pdf,24588,faa09fcc0e84aa46d50f75da0f12fe834b421d320d1245a1b24db65ca4592ae8,www.gemeinde-merching.de_wpvivid-b8981f085de20_2026-10-10-16-11_backup_uploads.part003.zip,.pdf,unreferenced candidate (not proven orphan),False,False,0
wp-content/uploads/download-manager-files/Bekanntmachung-der-zugelassenen-Wahlvorschlaege-GR-Teil2-3_.pdf,3796053,166d9f2b74316a2e2609421fe6161bcd4c0038c32c327e0dd320e40690fed985,www.gemeinde-merching.de_wpvivid-b8981f085de20_2026-10-10-16-11_backup_uploads.part003.zip,.pdf,unreferenced candidate (not proven orphan),False,False,0
wp-content/uploads/download-manager-files/Amtsblatt-08b-2023Jahrg.-78-Nr.-08b.pdf,262389,fa60528a7886e1644a4ea8f25bcdd7635d000b32ba2b2e8eb2d50e9aec02016c,www.gemeinde-merching.de_wpvivid-b8981f085de20_2026-10-10-16-11_backup_uploads.part003.zip,.pdf,unreferenced candidate (not proven orphan),False,False,0
wp-content/uploads/download-manager-files/2-HH-Haushaltssatzung.pdf,106486,c5e77ffeeb38416eb00090a86f715e2ee7bb86158966598fa707e1748170a4aa,www.gemeinde-merching.de_wpvivid-b8981f085de20_2026-10-10-16-11_backup_uploads.part003.zip,.pdf,unreferenced candidate (not proven orphan),False,False,0
wp-content/uploads/download-manager-files/Merkblatt-zum-richtigen-Verhalten-ggue.-Wasser-u.-Zugvoegeln-LRA-November-2025.pdf,194397,9a0fa7382a73e32d7bfa1d2256797cdc2d9ee5d450d011b5f45042a59b595390,www.gemeinde-merching.de_wpvivid-b8981f085de20_2026-10-10-16-11_backup_uploads.part003.zip,.pdf,original/referenced,False,False,0
wp-content/uploads/download-manager-files/Spielplatzsatzung-ab-09.08.2025.pdf,157751,816a4eae32de71ef2b4eb463aff75573d3bde0d81956dd2e24436c8c1c8cc4f5,www.gemeinde-merching.de_wpvivid-b8981f085de20_2026-10-10-16-11_backup_uploads.part003.zip,.pdf,unreferenced candidate (not proven orphan),False,False,0
wp-content/uploads/download-manager-files/Jugenddisco_Flyer_03_2024.pdf,217720,10889534c4153e81a7775be6cdcc088bc11a3b0c34b6ab1c4aa958d4222ab257,www.gemeinde-merching.de_wpvivid-b8981f085de20_2026-10-10-16-11_backup_uploads.part003.zip,.pdf,unreferenced candidate (not proven orphan),False,False,0
wp-content/uploads/download-manager-files/Kreistagswahl-Bekanntmachung-Zugelassene-Wahlvorschlaege_Anl_14_T2.pdf,237887,c245808cb87ceb2632fc5f323dd41c8e5a1da5e387e7492fa3f42cd83d76f0cc,www.gemeinde-merching.de_wpvivid-b8981f085de20_2026-10-10-16-11_backup_uploads.part003.zip,.pdf,unreferenced candidate (not proven orphan),False,False,0
wp-content/uploads/download-manager-files/Flyer-Vereinsforum-2025-2.-HJ-Version-EK.pdf,1582055,38bd4c97fc550a5efd410ad09bb9ab2667315c16c0d76641df01e375f20afe7d,www.gemeinde-merching.de_wpvivid-b8981f085de20_2026-10-10-16-11_backup_uploads.part003.zip,.pdf,unreferenced candidate (not proven orphan),False,False,0
wp-content/uploads/download-manager-files/Unternehmenssatzung-fuer-das-Kommunalunternehmen-Merching-vom-16.09.2025.pdf,270903,a78cf90d46ef64e91693d5e63e3e895196a623cab7162ec49996bc45d111bd00,www.gemeinde-merching.de_wpvivid-b8981f085de20_2026-10-10-16-11_backup_uploads.part003.zip,.pdf,original/referenced,False,False,0
wp-content/uploads/download-manager-files/4-HH-Darlehen.pdf,200332,40182a3a8534098ccc5792bd2cedf64b65d2169789bcccbd22963f8c369e0ea0,www.gemeinde-merching.de_wpvivid-b8981f085de20_2026-10-10-16-11_backup_uploads.part003.zip,.pdf,unreferenced candidate (not proven orphan),False,False,0
wp-content/uploads/download-manager-files/Bestattungsgebuehrensatzung-ab-01.01.2027-_Homepage.pdf,327834,0ca20b09a840fba66a137bea5e11d029d8440991786adfae6f3408a7d7a4264d,www.gemeinde-merching.de_wpvivid-b8981f085de20_2026-10-10-16-11_backup_uploads.part003.zip,.pdf,unreferenced candidate (not proven orphan),False,False,0
wp-content/uploads/download-manager-files/Bekanntmachung-ueber-Wahlkreisvorschlaege.pdf,99889,2f306c747ba4c14583c395489769d5318edac049de7a198cd7f1c98c4cc48ddc,www.gemeinde-merching.de_wpvivid-b8981f085de20_2026-10-10-16-11_backup_uploads.part003.zip,.pdf,unreferenced candidate (not proven orphan),False,False,0
wp-content/uploads/download-manager-files/Aushang.pdf,34713,ddee2a62c73e52674b5e22db68f3a4613c4e97f2b6a289e43677b0bd1566a9eb,www.gemeinde-merching.de_wpvivid-b8981f085de20_2026-10-10-16-11_backup_uploads.part003.zip,.pdf,unreferenced candidate (not proven orphan),False,False,0
wp-content/uploads/download-manager-files/1747290899wpdm_BP35_Geruchsprognose_230714.pdf,3318700,ca4745806b100b3c41e156ba5f0774c6f695054fbca4d4743a75e122def83976,www.gemeinde-merching.de_wpvivid-b8981f085de20_2026-10-10-16-11_backup_uploads.part003.zip,.pdf,unreferenced candidate (not proven orphan),False,False,0
wp-content/uploads/download-manager-files/1693901378wpdm_Amtsblatt-08-2023Jahrg.-78-Nr.-08.pdf,407535,feee7188f902fa64a85bcac25474f7a61ad4c9c4f85489c094e9466455ba1b8a,www.gemeinde-merching.de_wpvivid-b8981f085de20_2026-10-10-16-11_backup_uploads.part003.zip,.pdf,unreferenced candidate (not proven orphan),False,False,0
wp-content/uploads/download-manager-files/BP35_Geruchsprognose_230714.pdf,3318700,ca4745806b100b3c41e156ba5f0774c6f695054fbca4d4743a75e122def83976,www.gemeinde-merching.de_wpvivid-b8981f085de20_2026-10-10-16-11_backup_uploads.part003.zip,.pdf,unreferenced candidate (not proven orphan),False,False,0
wp-content/uploads/download-manager-files/5.-Aend.-Flaechennutzunngs-u.-Landschaftsplan-u.-Aufstell.-d.-vorhabensbez.-BP-Nr.-39-SG-Photovoltaikanl.-oestl.-der-Schmiechach.pdf,1344547,b6d4c16c021bbd41ae48403d72dcef6958bf4de5543dd1510dc1be62d1ca8f4f,www.gemeinde-merching.de_wpvivid-b8981f085de20_2026-10-10-16-11_backup_uploads.part003.zip,.pdf,unreferenced candidate (not proven orphan),False,False,0
wp-content/uploads/download-manager-files/oeffentl.BekanntmachungGR_26.10.23.pdf,86664,89b975e42830390742b307634fe578ba1b0e3be17fb6ea6633a96ddf6460cd81,www.gemeinde-merching.de_wpvivid-b8981f085de20_2026-10-10-16-11_backup_uploads.part003.zip,.pdf,unreferenced candidate (not proven orphan),False,False,0
wp-content/uploads/download-manager-files/1742283080wpdm_Plakatierungsverordnung.pdf,1278593,519abbc54c68d5a9487e17a4756625737e0b2c1ed7226787235a7bb578c6761a,www.gemeinde-merching.de_wpvivid-b8981f085de20_2026-10-10-16-11_backup_uploads.part003.zip,.pdf,original/referenced,False,False,0
wp-content/uploads/download-manager-files/Bekanntmachung-Einsicht-in-das-Waehlerverzeichnis.pdf,125496,2c05e50079512b304d7ea2de7bb3dc61657882e1aa8e5005e20b16a7f9ff31af,www.gemeinde-merching.de_wpvivid-b8981f085de20_2026-10-10-16-11_backup_uploads.part003.zip,.pdf,unreferenced candidate (not proven orphan),False,False,0
wp-content/uploads/download-manager-files/Bekanntmachung_oeff_Ausl_BP_Nr34_Oestlich_der_Nebelhornstrasse_1Aend_20250725.pdf,564756,ee8e63f8f2354a3a123cdf148df24c7c81e8e65eb7f567d890ab7bff1e146cce,www.gemeinde-merching.de_wpvivid-b8981f085de20_2026-10-10-16-11_backup_uploads.part003.zip,.pdf,unreferenced candidate (not proven orphan),False,False,0
wp-content/uploads/download-manager-files/Kinderdisco_Flyer_03_2024.pdf,234296,0d65421a2cc710a0cdda8631029a727d49a4e12c9d81b0ba4568251be430d03b,www.gemeinde-merching.de_wpvivid-b8981f085de20_2026-10-10-16-11_backup_uploads.part003.zip,.pdf,unreferenced candidate (not proven orphan),False,False,0
wp-content/uploads/download-manager-files/Aushang-Homepage.pdf,138328,e058eb490ba19088c98594651c2fc204011956b3a8969e00935a23bc9ec79364,www.gemeinde-merching.de_wpvivid-b8981f085de20_2026-10-10-16-11_backup_uploads.part003.zip,.pdf,unreferenced candidate (not proven orphan),False,False,0
wp-content/uploads/download-manager-files/Textteil_BPNr36_Freizeitanlage_Bauhof_2023-01-19.pdf,366175,196c6f9ba7cf9d19e804b65f926adaae819de5b857fc80e4e5b90629034c753d,www.gemeinde-merching.de_wpvivid-b8981f085de20_2026-10-10-16-11_backup_uploads.part003.zip,.pdf,unreferenced candidate (not proven orphan),False,False,0
wp-content/uploads/download-manager-files/Plakatierungsverordnung.pdf,2128374,9e0147abc6f5f2c96885439d528f0edc036425679fc5dc8b328e2c01f12cf2c6,www.gemeinde-merching.de_wpvivid-b8981f085de20_2026-10-10-16-11_backup_uploads.part003.zip,.pdf,unreferenced candidate (not proven orphan),False,False,0
wp-content/uploads/download-manager-files/Bekanntmachung-Abwasserzweckverband-Obere-Paar-Haushalt-2024.doc,636928,5ff8137914e95e7593e0469406e967eed8ea772fceaa3dbefcd685044eefa523,www.gemeinde-merching.de_wpvivid-b8981f085de20_2026-10-10-16-11_backup_uploads.part003.zip,.doc,unreferenced candidate (not proven orphan),False,False,0
wp-content/uploads/download-manager-files/1.-Aenderung-B-Plan-Nr.-34-Datenschutzinformationspflicht.pdf,1559065,686f755cee14c8f04a2e00c64d5b7cb1e8521be7451970c1c341798f0e31aaab,www.gemeinde-merching.de_wpvivid-b8981f085de20_2026-10-10-16-11_backup_uploads.part003.zip,.pdf,unreferenced candidate (not proven orphan),False,False,0
wp-content/uploads/download-manager-files/BP34_Oestl_Nebelhornstrasse_Textteil_Entwurf_2023-12-14.pdf,880216,ce0419ccabdcd67ef375261fc38045c7642406f1bbcc61f591c401ff329a6766,www.gemeinde-merching.de_wpvivid-b8981f085de20_2026-10-10-16-11_backup_uploads.part003.zip,.pdf,unreferenced candidate (not proven orphan),False,False,0
wp-content/uploads/download-manager-files/HH-Haushaltssatzung.pdf,64231,7620b47126a3bcb46d000151aaf627e93e99dfce2692ac989ddeaa53b66fe8db,www.gemeinde-merching.de_wpvivid-b8981f085de20_2026-10-10-16-11_backup_uploads.part003.zip,.pdf,unreferenced candidate (not proven orphan),False,False,0
wp-content/uploads/download-manager-files/Bestattungsgebuehrensatzung-ab-2027_Homepage.pdf,329534,3d950ca70e85d3f9ad02cb31dd1845ef50509b93329a523b2678ef434933a456,www.gemeinde-merching.de_wpvivid-b8981f085de20_2026-10-10-16-11_backup_uploads.part003.zip,.pdf,original/referenced,False,False,0
wp-content/uploads/download-manager-files/MSV-6-HH-Stellenplan.pdf,19369,286fa34fe513a7fae0fd9fab7576f55436f1006417a7a53326a07e8c2b437a04,www.gemeinde-merching.de_wpvivid-b8981f085de20_2026-10-10-16-11_backup_uploads.part003.zip,.pdf,original/referenced,False,False,0
wp-content/uploads/download-manager-files/Steinach-Hochdorf-Bodenrichtwerte-2026.pdf,407581,e6949b3fc338dc1d5401f6a04c2c24d482df4a269a1b6c44769899290efdd7a1,www.gemeinde-merching.de_wpvivid-b8981f085de20_2026-10-10-16-11_backup_uploads.part003.zip,.pdf,original/referenced,False,False,0
wp-content/uploads/download-manager-files/oeffentl.-Bekanntmachung_GR16.03.23.pdf,128250,cd76b016485767dbb23d087a9e35b1cea7a2d83c2242d02df122cd4a2aba2de3,www.gemeinde-merching.de_wpvivid-b8981f085de20_2026-10-10-16-11_backup_uploads.part003.zip,.pdf,unreferenced candidate (not proven orphan),False,False,0
wp-content/uploads/download-manager-files/Pruefberichrt-Trinkwasser-2024.pdf,848714,eeb9f42b22f1989d6bdc0b339159f2b8506809564c0caa9e5d408557bb81d6e7,www.gemeinde-merching.de_wpvivid-b8981f085de20_2026-10-10-16-11_backup_uploads.part003.zip,.pdf,unreferenced candidate (not proven orphan),False,False,0
wp-content/uploads/download-manager-files/image1.jpeg,368233,5f7e0cb0d655f8b1cf3cb7aba98807f9b333a6901894a9405887005a914113bb,www.gemeinde-merching.de_wpvivid-b8981f085de20_2026-10-10-16-11_backup_uploads.part003.zip,.jpeg,unreferenced candidate (not proven orphan),False,False,0
wp-content/uploads/download-manager-files/Sitzung-des-Wahlausschusses-zur-Feststellung-der-Wahlergebnisse_Homepage.pdf,2929519,6a25cdf57d29dc6ee7316711a2c5c22ad6f813f7b97ccdbef11c1cd41c4575c5,www.gemeinde-merching.de_wpvivid-b8981f085de20_2026-10-10-16-11_backup_uploads.part003.zip,.pdf,unreferenced candidate (not proven orphan),False,False,0
wp-content/uploads/download-manager-files/Begruendung_Vorentwurf_2023-01-19.pdf,904846,0e2bd196463d7ab616f12c2ed4c15b8f2dd093b3602f42b869ad7c174989eef5,www.gemeinde-merching.de_wpvivid-b8981f085de20_2026-10-10-16-11_backup_uploads.part003.zip,.pdf,unreferenced candidate (not proven orphan),False,False,0
wp-content/uploads/download-manager-files/GSV-0-HH-Deckblatt.pdf,61634,08edecee0ecca50b5f6ad038c100a67dce4617fa927f12fa2109de919c51309c,www.gemeinde-merching.de_wpvivid-b8981f085de20_2026-10-10-16-11_backup_uploads.part003.zip,.pdf,original/referenced,False,False,0
wp-content/uploads/download-manager-files/GSV-1-HH-Inhaltsverzeichnis.pdf,12967,b0abb0095af889154cb6d11d49e806ca6ebf2c0b9d40aefdb0b730a93bd6ac45,www.gemeinde-merching.de_wpvivid-b8981f085de20_2026-10-10-16-11_backup_uploads.part003.zip,.pdf,original/referenced,False,False,0
wp-content/uploads/download-manager-files/Bekanntmachung-Satzung-GBS_BES-ab-01.01.2027.pdf,119389,e39cd6da359c05755fa6752db7cd19e83d1c8698c6dece5657b9ef3c5bffbb6d,www.gemeinde-merching.de_wpvivid-b8981f085de20_2026-10-10-16-11_backup_uploads.part003.zip,.pdf,original/referenced,False,False,0
wp-content/uploads/download-manager-files/Begruendung_BPNr36_Freizeitanlage_Bauhof_2023-01-19ue.pdf,998657,3cd65f303d3c3d5f2746750a3f36e353b3948defa70579f66c22d101384c8e06,www.gemeinde-merching.de_wpvivid-b8981f085de20_2026-10-10-16-11_backup_uploads.part003.zip,.pdf,unreferenced candidate (not proven orphan),False,False,0
wp-content/uploads/download-manager-files/Bekanntmachung-Satzungsbeschluss-B-Plan-Nr.-36-Freizeitanlage.pdf,933035,a9dba65f91c92a1e51b817e08abda0521a99cbbbcebf01b382555836b2b12f54,www.gemeinde-merching.de_wpvivid-b8981f085de20_2026-10-10-16-11_backup_uploads.part003.zip,.pdf,unreferenced candidate (not proven orphan),False,False,0
wp-content/uploads/download-manager-files/Entwaesserung-Beitrags-und-Gebuehrensatzung-zur-Entwaesserungssatzung-ab-01.01.2026_NEU.pdf,189362,359da421f1d62b9d19f6d1c1297edc265ca58267b955d5e79d66df7f505ae930,www.gemeinde-merching.de_wpvivid-b8981f085de20_2026-10-10-16-11_backup_uploads.part003.zip,.pdf,original/referenced,False,False,0
wp-content/uploads/download-manager-files/Merchinger-Advent-Programm_25_bearbeitet_-Plakat-Schule-Merching-F.-Lubetzki.pdf,717284,38530a7138dac40b132510a63609a85ed740f98a586e10fcf0aaf869fa771729,www.gemeinde-merching.de_wpvivid-b8981f085de20_2026-10-10-16-11_backup_uploads.part003.zip,.pdf,unreferenced candidate (not proven orphan),False,False,0
wp-content/uploads/download-manager-files/Pressebericht-Landratsamt-Juni-2023-f.-Homepage.pdf,158583,d913228fc24a13dac22630c5800ba32aff8ae04950a0f71b117eaac780d617a3,www.gemeinde-merching.de_wpvivid-b8981f085de20_2026-10-10-16-11_backup_uploads.part003.zip,.pdf,unreferenced candidate (not proven orphan),False,False,0
wp-content/uploads/download-manager-files/BP_Nr34_Oestlich_der_Nebelhornstrasse_1Aend_Begruendung_Entwurf_20250710GR.pdf,409921,9a61f4e881c0f92b191bc826a559473025c310c23a752a0d54715eb9445c2386,www.gemeinde-merching.de_wpvivid-b8981f085de20_2026-10-10-16-11_backup_uploads.part003.zip,.pdf,unreferenced candidate (not proven orphan),False,False,0
wp-content/uploads/download-manager-files/BP_Nr34_Oestlich_der_Nebelhornstrasse_1Aend_Textteil_m_VV_Entwurf_20250710GR.pdf,170228,3c7d1eb7f2108917b2e772151aa36e3bc0bfff92181d197cdd5f4e62d1bce558,www.gemeinde-merching.de_wpvivid-b8981f085de20_2026-10-10-16-11_backup_uploads.part003.zip,.pdf,unreferenced candidate (not proven orphan),False,False,0
wp-content/uploads/download-manager-files/G-011_BTW2025_Wahlbekanntmachung.pdf,289280,41e0d174c7dd17a67c63610df32e47fcea5673cf0f798987901a128b1f48ed62,www.gemeinde-merching.de_wpvivid-b8981f085de20_2026-10-10-16-11_backup_uploads.part003.zip,.pdf,unreferenced candidate (not proven orphan),False,False,0
wp-content/uploads/download-manager-files/plakat-.pdf,66501,d72c0529d710f301cf3604f2987b8c67d98471595409ea48d61ae08f50fcce05,www.gemeinde-merching.de_wpvivid-b8981f085de20_2026-10-10-16-11_backup_uploads.part003.zip,.pdf,unreferenced candidate (not proven orphan),False,False,0
wp-content/uploads/download-manager-files/1691747473wpdm_Bekanntmachung-Satzungsbeschluss.pdf,943588,716258ffda8e4f63398676fa3dd1f9c89c241dae96d82d11731a7ff1a69c5516,www.gemeinde-merching.de_wpvivid-b8981f085de20_2026-10-10-16-11_backup_uploads.part003.zip,.pdf,unreferenced candidate (not proven orphan),False,False,0
wp-content/uploads/download-manager-files/Antrag-Fahrkarte.pdf,116296,74db8e3459571191ec2dad224277e738db3de5a50e9723ce59c7702dac8bd734,www.gemeinde-merching.de_wpvivid-b8981f085de20_2026-10-10-16-11_backup_uploads.part003.zip,.pdf,unreferenced candidate (not proven orphan),False,False,0
wp-content/uploads/download-manager-files/G-010_BTW2025_Einsicht-in-das-WVZ.pdf,7561546,91a56542d711d00c3ccf95acda64e808483519884c1c4be7c6a59540af203c0f,www.gemeinde-merching.de_wpvivid-b8981f085de20_2026-10-10-16-11_backup_uploads.part003.zip,.pdf,unreferenced candidate (not proven orphan),False,False,0
wp-content/uploads/download-manager-files/Bekanntmachung-Abschlussbericht-Kommunale-Waermeplanung-PDF.pdf,189672,a9b6b8787702c657d5f9d0a64d8164c84fe63f6eb1d7559fde54ae5bd1f73c29,www.gemeinde-merching.de_wpvivid-b8981f085de20_2026-10-10-16-11_backup_uploads.part003.zip,.pdf,original/referenced,False,False,0
wp-content/uploads/download-manager-files/BP34_Oestl_Nebelhornstrasse_Planzeichnung_Satzung_2024-06-20.pdf,1312878,cfca1ddb0ce6f623ae41fd77dd9cb58ab5f88c204e83351769abefc4b19b7fbd,www.gemeinde-merching.de_wpvivid-b8981f085de20_2026-10-10-16-11_backup_uploads.part003.zip,.pdf,unreferenced candidate (not proven orphan),False,False,0
wp-content/uploads/download-manager-files/B-Plan-Nr.-34-Datenschutzinformationspflicht.pdf,1559043,c7907c0947a622e85c5016a1d28a29ad7cb087ea70d4433dc84c3ae001ac2691,www.gemeinde-merching.de_wpvivid-b8981f085de20_2026-10-10-16-11_backup_uploads.part003.zip,.pdf,unreferenced candidate (not proven orphan),False,False,0
wp-content/uploads/download-manager-files/Formblatt-Datenschutzinformationspflicht.pdf,1559134,2f72849d229c1d3ea4cbbeaf49255811d73cd8f1fd54b3512895fa8a11e2b81a,www.gemeinde-merching.de_wpvivid-b8981f085de20_2026-10-10-16-11_backup_uploads.part003.zip,.pdf,unreferenced candidate (not proven orphan),False,False,0
wp-content/uploads/download-manager-files/Gemeindekurier-Ostern-2023-f.-Homepage.pdf,1148176,cb8763994b3bbc2a2b8c74a918b4d1d545938a2dae12b3aa05299e19ebec91ab,www.gemeinde-merching.de_wpvivid-b8981f085de20_2026-10-10-16-11_backup_uploads.part003.zip,.pdf,unreferenced candidate (not proven orphan),False,False,0
wp-content/uploads/download-manager-files/Aufhebung_BP_Nr3a_Begruendung_20231214.pdf,311711,2e5aa3c3222945b79bcbed9ab8488fe337b5459012bbe0fd996e68b666a544bc,www.gemeinde-merching.de_wpvivid-b8981f085de20_2026-10-10-16-11_backup_uploads.part003.zip,.pdf,unreferenced candidate (not proven orphan),False,False,0
wp-content/uploads/download-manager-files/FNP-PV-Merching-Entwurf-Teil-A-29.06.2023.pdf,793024,3e29bb49b2d587dfbe68fdc40f02274875bb73f885276f81ec9e5ea828d5a9af,www.gemeinde-merching.de_wpvivid-b8981f085de20_2026-10-10-16-11_backup_uploads.part003.zip,.pdf,unreferenced candidate (not proven orphan),False,False,0
wp-content/uploads/download-manager-files/Grundschulverbandsversammlung-18.06.24.pdf,66294,3895d1c27585f2e7857453c34bb0da7d0d654af4828520b9d9ee1c350835f9da,www.gemeinde-merching.de_wpvivid-b8981f085de20_2026-10-10-16-11_backup_uploads.part003.zip,.pdf,unreferenced candidate (not proven orphan),False,False,0
wp-content/uploads/download-manager-files/Aufruf-fuer-Wahlhelfer-.pdf,166064,60b541d209ace970c2f94e06a55fd95d4fe6949e6758e3955c4ec7e8cb297565,www.gemeinde-merching.de_wpvivid-b8981f085de20_2026-10-10-16-11_backup_uploads.part003.zip,.pdf,unreferenced candidate (not proven orphan),False,False,0
wp-content/uploads/download-manager-files/Oeffentl.-Bekanntmachung_GR_16.11.2023.pdf,138015,737068a4bcd065267eb013d3d4c95a553e3c498d5116a6333bb1a5367c878006,www.gemeinde-merching.de_wpvivid-b8981f085de20_2026-10-10-16-11_backup_uploads.part003.zip,.pdf,unreferenced candidate (not proven orphan),False,False,0
wp-content/uploads/download-manager-files/1736245596wpdm_HH-Inhaltsverzeichnis.pdf,13064,758fb97a68ea3c7e338e1143b231a1372564d4ae734c25977991e4d6c86ebd00,www.gemeinde-merching.de_wpvivid-b8981f085de20_2026-10-10-16-11_backup_uploads.part003.zip,.pdf,unreferenced candidate (not proven orphan),False,False,0
wp-content/uploads/download-manager-files/Netzwerk-Familie-AELF-Kurse.pdf,1526291,e101395740a7d4721ed440f29bd818966dcc4c3478b85dae4fab6d711838def0,www.gemeinde-merching.de_wpvivid-b8981f085de20_2026-10-10-16-11_backup_uploads.part003.zip,.pdf,unreferenced candidate (not proven orphan),False,False,0
wp-content/uploads/download-manager-files/2024-1-HJ.pdf,1582979,d6c7d2b3962004613736211589722e1bafee16c81a846dfcbfdbb6da09e89276,www.gemeinde-merching.de_wpvivid-b8981f085de20_2026-10-10-16-11_backup_uploads.part003.zip,.pdf,unreferenced candidate (not proven orphan),False,False,0
wp-content/uploads/download-manager-files/OeffentlBekanntmachungBA31Okt24.pdf,123945,11784bdc5328611d5d701b83516f41b637d6056e5710ce3d1bc55de7420aa807,www.gemeinde-merching.de_wpvivid-b8981f085de20_2026-10-10-16-11_backup_uploads.part003.zip,.pdf,unreferenced candidate (not proven orphan),False,False,0
wp-content/uploads/download-manager-files/Gemeindekurier-Sommer-2024-f.-Homepage.pdf,1394093,acc70968b65dff30929ead92baf45fb00b5e9c2471624543710261577973e937,www.gemeinde-merching.de_wpvivid-b8981f085de20_2026-10-10-16-11_backup_uploads.part003.zip,.pdf,unreferenced candidate (not proven orphan),False,False,0
wp-content/uploads/download-manager-files/1681206059wpdm_Aushang-Homepage.pdf,139976,6f9a5b21d40a8a9e41368863202e509308a1459b4b76f9fc2524661fe7be37e4,www.gemeinde-merching.de_wpvivid-b8981f085de20_2026-10-10-16-11_backup_uploads.part003.zip,.pdf,unreferenced candidate (not proven orphan),False,False,0
wp-content/uploads/download-manager-files/Merchinger-Rama-Dama-2026.pdf,272121,016fc55082f8cd3ddcda477ffd8d4331ca4214b95199c50316f8290e741a67c8,www.gemeinde-merching.de_wpvivid-b8981f085de20_2026-10-10-16-11_backup_uploads.part003.zip,.pdf,unreferenced candidate (not proven orphan),False,False,0
wp-content/uploads/download-manager-files/Gemeindekurier-Ostern-2025-endgueltig-f.-Homepage.pdf,1002401,cbeddf63270010f2a58d75ab21bcd7e8242648b97a3018a89559056581fa2e8a,www.gemeinde-merching.de_wpvivid-b8981f085de20_2026-10-10-16-11_backup_uploads.part003.zip,.pdf,unreferenced candidate (not proven orphan),False,False,0
wp-content/uploads/download-manager-files/Bekanntmachung-Vergabe-von-gemeindlichen-Wohnbaugrundstuecken.pdf,189269,02d3421c118ef839aa2dbafc2fd9214f0a4f8dc7d8ecde9451335e1e4167aee6,www.gemeinde-merching.de_wpvivid-b8981f085de20_2026-10-10-16-11_backup_uploads.part003.zip,.pdf,original/referenced,False,False,0
wp-content/uploads/download-manager-files/Friedhofs-und-Bestattungssatzung-ab-01.01.2027-Homepage.pdf,313490,9a42e19b00993f678944c69a92f8c2e2800ff37b119a27b2a6db05b09a04bd69,www.gemeinde-merching.de_wpvivid-b8981f085de20_2026-10-10-16-11_backup_uploads.part003.zip,.pdf,unreferenced candidate (not proven orphan),False,False,0
wp-content/uploads/download-manager-files/Schallschutztechnische-Untersuchung-Anlagen.pdf,1700627,882eb45d383acae8ebfc942772332f66776286a23054a90a5a6f91cf2c1623df,www.gemeinde-merching.de_wpvivid-b8981f085de20_2026-10-10-16-11_backup_uploads.part003.zip,.pdf,unreferenced candidate (not proven orphan),False,False,0
wp-content/uploads/download-manager-files/762_STFNP-Windkraft-Merching-Fassung-15-04-16_Planzeichnung.pdf,18350352,1761f1737188a99c4a474eb2dc475b2480b9943009c421d7ef814619ee63d714,www.gemeinde-merching.de_wpvivid-b8981f085de20_2026-10-10-16-11_backup_uploads.part003.zip,.pdf,original/referenced,False,False,0
wp-content/uploads/download-manager-files/Gde-9-HH-VMH-Finanzplan-Einzelaufstellung.pdf,181238,43f4515b04df92509ae2aca0857b534ba47e073f492332fa9c980641f1f40aa4,www.gemeinde-merching.de_wpvivid-b8981f085de20_2026-10-10-16-11_backup_uploads.part003.zip,.pdf,original/referenced,False,False,0
wp-content/uploads/download-manager-files/3-HH-Vorbericht.pdf,231152,a6e5013a91895218e81e527db296eaf2f621db681a116683ca4ea67d97f9d62f,www.gemeinde-merching.de_wpvivid-b8981f085de20_2026-10-10-16-11_backup_uploads.part003.zip,.pdf,unreferenced candidate (not proven orphan),False,False,0
wp-content/uploads/download-manager-files/BP34_Oestl_Nebelhornstrasse_Begruendung_Entwurf_2023-12-14.pdf,1118453,972409334e81fb174a16537fc230b42f6bd281cc66d19c9ce69f5317ce621897,www.gemeinde-merching.de_wpvivid-b8981f085de20_2026-10-10-16-11_backup_uploads.part003.zip,.pdf,unreferenced candidate (not proven orphan),False,False,0
wp-content/uploads/download-manager-files/Vorkaufsrechtssatzung.pdf,932934,4517b288837120f53475109ecdbb322c23d44b116d6d453f5ed1aaae72dd0f4f,www.gemeinde-merching.de_wpvivid-b8981f085de20_2026-10-10-16-11_backup_uploads.part003.zip,.pdf,unreferenced candidate (not proven orphan),False,False,0
wp-content/uploads/download-manager-files/5.-Aenderung-FNP-PV-Schmiechach-zusammenfassende-Erklaerung.pdf,1663064,5a7006c33fc169d1067a5c5b42165e28360d2826aaf1b67d5f8d68a732a43bfc,www.gemeinde-merching.de_wpvivid-b8981f085de20_2026-10-10-16-11_backup_uploads.part003.zip,.pdf,unreferenced candidate (not proven orphan),False,False,0
wp-content/uploads/download-manager-files/Bekanntmachung-Jugendschoeffenwahl-2023.pdf,330003,08ee612944f597ae3b5fb1d1d4ddf8314760c906f61e7ddf1c52e4be9e0aa67e,www.gemeinde-merching.de_wpvivid-b8981f085de20_2026-10-10-16-11_backup_uploads.part003.zip,.pdf,unreferenced candidate (not proven orphan),False,False,0
wp-content/uploads/download-manager-files/Plakat-2024-f.-Homepage.pdf,93014,752fb60c9d820ea99fbf9e541907cbf5373561c330579cd9cb2800700ab91e5f,www.gemeinde-merching.de_wpvivid-b8981f085de20_2026-10-10-16-11_backup_uploads.part003.zip,.pdf,unreferenced candidate (not proven orphan),False,False,0
wp-content/uploads/download-manager-files/Plakat-2024-DIN-A4.pdf,156407,287a96587dd3a901276b18b115d3113a67e4110b57d0999094fb49abd99bc7eb,www.gemeinde-merching.de_wpvivid-b8981f085de20_2026-10-10-16-11_backup_uploads.part003.zip,.pdf,unreferenced candidate (not proven orphan),False,False,0
wp-content/uploads/download-manager-files/FNP-PV-Mandichosee_Teil-B_Begruendung-m.-Umweltbericht-2023-10-26.pdf,1414844,c07afddc2276a1a7243b32d4a60815fcf1128381041de8e2644393d6b7a31947,www.gemeinde-merching.de_wpvivid-b8981f085de20_2026-10-10-16-11_backup_uploads.part003.zip,.pdf,unreferenced candidate (not proven orphan),False,False,0
wp-content/uploads/download-manager-files/Merching-Bodenrichtwerte-2026.pdf,434433,498330d34a55cc3e9087ed870d01d315b1f6d0670d6f1844b77978a8ffb5c7d1,www.gemeinde-merching.de_wpvivid-b8981f085de20_2026-10-10-16-11_backup_uploads.part003.zip,.pdf,original/referenced,False,False,0
wp-content/uploads/download-manager-files/1700725440wpdm_oeffentl.Bekanntmachung-GSVV28.11.23.pdf,115745,1f8b1f7d2d90a9b5aeb3afc18bef85e3f6a9b6b2efec5dd0eb968976e99ba617,www.gemeinde-merching.de_wpvivid-b8981f085de20_2026-10-10-16-11_backup_uploads.part003.zip,.pdf,unreferenced candidate (not proven orphan),False,False,0
wp-content/uploads/download-manager-files/Hundesteuer-Satzung-der-Gemeinde-Merching-fuer-die-Erhebung-einer-Hundesteuer-ab-2026.pdf,128279,0699dcab98f643038826b779eedfc436e0b68ff0b26064c0bd052c06a0cc2172,www.gemeinde-merching.de_wpvivid-b8981f085de20_2026-10-10-16-11_backup_uploads.part003.zip,.pdf,original/referenced,False,False,0
wp-content/uploads/download-manager-files/MSV-7-HH-Anlagen.pdf,76997,69477c3f7eebd50d392d8db7efee6c64db4f31803225286f971bf9e6d349b1ae,www.gemeinde-merching.de_wpvivid-b8981f085de20_2026-10-10-16-11_backup_uploads.part003.zip,.pdf,original/referenced,False,False,0
wp-content/uploads/download-manager-files/Amtsblatt-04-2023Jahrg.-78-Nr.-4a.pdf,290829,0c36b3c3b18d6c7c09b0fe9548487a798550e1a4642d42bedd6295284d70447a,www.gemeinde-merching.de_wpvivid-b8981f085de20_2026-10-10-16-11_backup_uploads.part003.zip,.pdf,unreferenced candidate (not proven orphan),False,False,0
wp-content/uploads/download-manager-files/Bekanntmachung-Plakatierungsverordnung.pdf,43422,cf287c1cde86a3e27640e005949c65917580c5356dfda2a7d0a38df641691efa,www.gemeinde-merching.de_wpvivid-b8981f085de20_2026-10-10-16-11_backup_uploads.part003.zip,.pdf,unreferenced candidate (not proven orphan),False,False,0
wp-content/uploads/download-manager-files/doc00268420240910131618.pdf,522916,49791878877c7eee046e133a7c75354a17c79538670a9b37678c9827efc4832e,www.gemeinde-merching.de_wpvivid-b8981f085de20_2026-10-10-16-11_backup_uploads.part003.zip,.pdf,unreferenced candidate (not proven orphan),False,False,0
wp-content/uploads/download-manager-files/Rattenbekaempfung-_Sept.23_Bekanntmachung.pdf,83157,0b1b58036c0b8b20e3240968a3309b58106ae1a1e0ff097672dc1954f7624102,www.gemeinde-merching.de_wpvivid-b8981f085de20_2026-10-10-16-11_backup_uploads.part003.zip,.pdf,unreferenced candidate (not proven orphan),False,False,0
wp-content/uploads/download-manager-files/Gde-5-HH-Darlehensermaechtigungen.pdf,142954,7c737779abdddbb2f1a13324b936da56188acb8caf66eed77a4de8d047a5a2c9,www.gemeinde-merching.de_wpvivid-b8981f085de20_2026-10-10-16-11_backup_uploads.part003.zip,.pdf,original/referenced,False,False,0
wp-content/uploads/download-manager-files/Bekanntmachung-der-Sitzung-des-Wahlausschusses-zur-Beschluss-ueber-eingereichten-Wahlvorschlaege.pdf,2072457,1d6c647ca886f7faccd70f43cf181b517441a6af5fdb4435396a941e975c8bf0,www.gemeinde-merching.de_wpvivid-b8981f085de20_2026-10-10-16-11_backup_uploads.part003.zip,.pdf,unreferenced candidate (not proven orphan),False,False,0
wp-content/uploads/download-manager-files/Flyer-Merchinger-Ferienprogramm-2023-PDF.pdf,12576484,199660c79342c2dab010eaea012252ad4b3935d537187b50d59d938123552c5b,www.gemeinde-merching.de_wpvivid-b8981f085de20_2026-10-10-16-11_backup_uploads.part003.zip,.pdf,unreferenced candidate (not proven orphan),False,False,0
wp-content/uploads/download-manager-files/Amtsblatt-05-2023Jahrg.-78-Nr.-05.pdf,386721,7c369b51035b39d6f002c97b815f9b30e710adf31b966552b0d6ccbe017a6767,www.gemeinde-merching.de_wpvivid-b8981f085de20_2026-10-10-16-11_backup_uploads.part003.zip,.pdf,unreferenced candidate (not proven orphan),False,False,0
wp-content/uploads/download-manager-files/BP37_Suedlich_der_Nebelhornstrasse_Plan_2023-01-19.pdf,866705,c4e108ef313e1ad54232eaa51a220c9ce9ac4b8a2b0a637719b21a9c3bcb5977,www.gemeinde-merching.de_wpvivid-b8981f085de20_2026-10-10-16-11_backup_uploads.part003.zip,.pdf,unreferenced candidate (not proven orphan),False,False,0
wp-content/uploads/download-manager-files/BP-PV-Mandichosees-Fachbeitrag-Artenschutz.pdf,2493347,24ef4260ebf6ad40ca2411bca03c1af58e780ba517be80e15a254f60a37af273,www.gemeinde-merching.de_wpvivid-b8981f085de20_2026-10-10-16-11_backup_uploads.part003.zip,.pdf,unreferenced candidate (not proven orphan),False,False,0
wp-content/uploads/download-manager-files/Gemeindekurier-Weihnachten-2023-f.-Homepage.pdf,1128188,8e0b5ddd65d6ec423c4e56c7a47deea0452449b2cce96621f3fc5744097e9317,www.gemeinde-merching.de_wpvivid-b8981f085de20_2026-10-10-16-11_backup_uploads.part003.zip,.pdf,unreferenced candidate (not proven orphan),False,False,0
wp-content/uploads/download-manager-files/1698057852wpdm_oeffentl.BekanntmachungGR_26.10.23.pdf,86664,89b975e42830390742b307634fe578ba1b0e3be17fb6ea6633a96ddf6460cd81,www.gemeinde-merching.de_wpvivid-b8981f085de20_2026-10-10-16-11_backup_uploads.part003.zip,.pdf,unreferenced candidate (not proven orphan),False,False,0
wp-content/uploads/download-manager-files/Bekanntmachung-Grd.St_HundeSt.-2025.pdf,91000,9480d86c4210f2f2a758cd077c373577845a952c513aafa3b63ca78cb5866764,www.gemeinde-merching.de_wpvivid-b8981f085de20_2026-10-10-16-11_backup_uploads.part003.zip,.pdf,original/referenced,False,False,0
wp-content/uploads/download-manager-files/Bekanntmachung.pdf,93987,edb9782649f54e2c53a4c12ce2c6f0aa03747709bf7f72c120e7ad6d98699ba0,www.gemeinde-merching.de_wpvivid-b8981f085de20_2026-10-10-16-11_backup_uploads.part003.zip,.pdf,unreferenced candidate (not proven orphan),False,False,0
wp-content/uploads/download-manager-files/Oeffentl_Bekanntmachung_GR18-04-24.pdf,131276,957d7fff702d58acea447c4307ca6ba819c1a972d6c1489de940aac7b8a7e98c,www.gemeinde-merching.de_wpvivid-b8981f085de20_2026-10-10-16-11_backup_uploads.part003.zip,.pdf,unreferenced candidate (not proven orphan),False,False,0
wp-content/uploads/download-manager-files/Bekanntmachung-der-zugelassenen-Wahlvorschlaege-BGM-Homepage.pdf,2065416,8a110a02b74bd4a4388ce8f1f976ae8b3426cd6fd046d4b1c0dba1c554da8efb,www.gemeinde-merching.de_wpvivid-b8981f085de20_2026-10-10-16-11_backup_uploads.part003.zip,.pdf,unreferenced candidate (not proven orphan),False,False,0
wp-content/uploads/download-manager-files/9-HH-VMH-Finanzplan.pdf,169955,3cb22d9c587ae80463d68b0c8de98b3d494f5227a26e51d206c6ab0609ab048b,www.gemeinde-merching.de_wpvivid-b8981f085de20_2026-10-10-16-11_backup_uploads.part003.zip,.pdf,unreferenced candidate (not proven orphan),False,False,0
wp-content/uploads/download-manager-files/oeffentl.-Bekanntmachung_GR06072023.pdf,134573,edde2deac3fe975b6d1086b271b073e750793f3fb4bc8de503120d3eb1a49032,www.gemeinde-merching.de_wpvivid-b8981f085de20_2026-10-10-16-11_backup_uploads.part003.zip,.pdf,unreferenced candidate (not proven orphan),False,False,0
wp-content/uploads/download-manager-files/Gemeindekurier-Weihnachten-2024-f.-Homepage.pdf,1485081,2afdcea3c87d92c2b21caf13bcd3580664a6e5d7d746bb534b7c8ac043d9894b,www.gemeinde-merching.de_wpvivid-b8981f085de20_2026-10-10-16-11_backup_uploads.part003.zip,.pdf,unreferenced candidate (not proven orphan),False,False,0
wp-content/uploads/download-manager-files/OeffentlBekanntmachungGR8Sep24.pdf,135014,bdd1e197c6475021a05bd948fb8101cb4f7bb1995003abba9951935a457008d8,www.gemeinde-merching.de_wpvivid-b8981f085de20_2026-10-10-16-11_backup_uploads.part003.zip,.pdf,unreferenced candidate (not proven orphan),False,False,0
wp-content/uploads/download-manager-files/Planzeichnung_BPNr36_Freizeitanlage_Bauhof_2023-01-19.pdf,1205167,9f8b727aa4a1c1869768f2c501ea034e0036ea6c4e32b68e5997cc32b162a039,www.gemeinde-merching.de_wpvivid-b8981f085de20_2026-10-10-16-11_backup_uploads.part003.zip,.pdf,unreferenced candidate (not proven orphan),False,False,0
wp-content/uploads/download-manager-files/Wahlbekanntmachung-zur-Europawahl.pdf,526412,296301efd3aa84b5b911d64dfd937e2eb12b544ccdb180c42e0d32b2e096f47e,www.gemeinde-merching.de_wpvivid-b8981f085de20_2026-10-10-16-11_backup_uploads.part003.zip,.pdf,unreferenced candidate (not proven orphan),False,False,0
wp-content/uploads/download-manager-files/OeffentlBekanntmachung_GR7_18Jul24.pdf,130750,5a1a2f45807dd8e9511e07e980a87843de072e3e91b644c110d34d6fadb2998a,www.gemeinde-merching.de_wpvivid-b8981f085de20_2026-10-10-16-11_backup_uploads.part003.zip,.pdf,unreferenced candidate (not proven orphan),False,False,0
wp-content/uploads/download-manager-files/Anzeige-Nachwuchswerbung-2024.pdf,134555,4eb02832b07886fdc6d9be21ce542ec462b70a18b6825792eb093b303e70f198,www.gemeinde-merching.de_wpvivid-b8981f085de20_2026-10-10-16-11_backup_uploads.part003.zip,.pdf,original/referenced,False,False,0
wp-content/uploads/download-manager-files/Bekanntmachung-ueber-oeffentl.-Auflegung-der-Vorschlagsliste.pdf,144833,4906819932debae70879a974f6c8bc02728050b560a85e0b8b8c790be713c49e,www.gemeinde-merching.de_wpvivid-b8981f085de20_2026-10-10-16-11_backup_uploads.part003.zip,.pdf,unreferenced candidate (not proven orphan),False,False,0
wp-content/uploads/download-manager-files/Rathaus-wegen-Brueckentag_2.10.2023.pdf,90861,14bfa0b0271924475033b1c6440fd8cc14b439aa4f55c9c41a6505bcf9184e1c,www.gemeinde-merching.de_wpvivid-b8981f085de20_2026-10-10-16-11_backup_uploads.part003.zip,.pdf,unreferenced candidate (not proven orphan),False,False,0
wp-content/uploads/download-manager-files/1688033834wpdm_BP-PV-Merching-Planzeichnung-Teil-A-29.06.2023.pdf,451408,065eb0a29ab88f7ef83c670dcb26a30a791ff19dbd08d5a5e1c1e41ea88ed409,www.gemeinde-merching.de_wpvivid-b8981f085de20_2026-10-10-16-11_backup_uploads.part003.zip,.pdf,unreferenced candidate (not proven orphan),False,False,0
wp-content/uploads/download-manager-files/Mikrozensus-2024.pdf,502061,41efc15947c04e1f61e776f345b8978f0fbf6b4943bf48370c3bb6a0606de1cc,www.gemeinde-merching.de_wpvivid-b8981f085de20_2026-10-10-16-11_backup_uploads.part003.zip,.pdf,unreferenced candidate (not proven orphan),False,False,0
wp-content/uploads/download-manager-files/Amtsblatt-02-2024Jahrg.-79-Nr.-02.pdf,274047,832ba4d780a0ce0d18ad455dba77e2f5e93d06f9212187deee3038bf9294f98f,www.gemeinde-merching.de_wpvivid-b8981f085de20_2026-10-10-16-11_backup_uploads.part003.zip,.pdf,unreferenced candidate (not proven orphan),False,False,0
wp-content/uploads/download-manager-files/oeffentl.-Bekanntmachung_MSVV28.11.23.pdf,116246,e99d08ccc4564eb7fc3c8924e44d00225158490e7d4905077e77c9bea08f7ef7,www.gemeinde-merching.de_wpvivid-b8981f085de20_2026-10-10-16-11_backup_uploads.part003.zip,.pdf,unreferenced candidate (not proven orphan),False,False,0
wp-content/uploads/download-manager-files/1683279278wpdm_Bekanntmachung-ueber-oeffentl.-Auflegung-der-Vorschlagsliste.pdf,144833,4906819932debae70879a974f6c8bc02728050b560a85e0b8b8c790be713c49e,www.gemeinde-merching.de_wpvivid-b8981f085de20_2026-10-10-16-11_backup_uploads.part003.zip,.pdf,unreferenced candidate (not proven orphan),False,False,0
wp-content/uploads/download-manager-files/175_2025_42_A_Mikrozensus_Halbzeit.pdf,197058,e45585f9669a94f0f340150b26ecb582fe2134277f06c5fcad4a81ce715985ea,www.gemeinde-merching.de_wpvivid-b8981f085de20_2026-10-10-16-11_backup_uploads.part003.zip,.pdf,unreferenced candidate (not proven orphan),False,False,0
wp-content/uploads/download-manager-files/101112-2023-Programm-FSP-Sued.pdf,611110,271829f34f5c0ff77cffd62cae2e033cb63256713ccaf5293aec515b96e782fa,www.gemeinde-merching.de_wpvivid-b8981f085de20_2026-10-10-16-11_backup_uploads.part003.zip,.pdf,unreferenced candidate (not proven orphan),False,False,0
wp-content/uploads/download-manager-files/BGS_WAS_Satzung_2022.pdf,4957219,8a4b70338b0ac256c760e6e57343256b8b1fe395c37a2b3e12473c9051a17f6f,www.gemeinde-merching.de_wpvivid-b8981f085de20_2026-10-10-16-11_backup_uploads.part003.zip,.pdf,unreferenced candidate (not proven orphan),False,False,0
wp-content/uploads/download-manager-files/Planzeichnung_Entwurf_3_Aend_Kirchenfeld_2025-01-23.pdf,1620441,d6256b9f9f2c7e0ffcc213d126e4b1f621e75d867ed7dc2ab5d0b92d160b819d,www.gemeinde-merching.de_wpvivid-b8981f085de20_2026-10-10-16-11_backup_uploads.part003.zip,.pdf,unreferenced candidate (not proven orphan),False,False,0
wp-content/uploads/download-manager-files/Heizung-entlueften-Hintergrundinfos-Schritt-fuer-Schritt-Anleitung-mit-Bildern.pdf,2695679,190401686fd75a7838f9515bd1cd96a4a05005d8d9f96b04b3d35facbad2d913,www.gemeinde-merching.de_wpvivid-b8981f085de20_2026-10-10-16-11_backup_uploads.part003.zip,.pdf,unreferenced candidate (not proven orphan),False,False,0
wp-content/uploads/download-manager-files/Gemeindekurier-November-2023-f.-Homepage.pdf,1105097,d31f6e964b7fe308abf343883c5ea387211993c3202b34f8cd229c15301c7fce,www.gemeinde-merching.de_wpvivid-b8981f085de20_2026-10-10-16-11_backup_uploads.part003.zip,.pdf,unreferenced candidate (not proven orphan),False,False,0
wp-content/uploads/download-manager-files/Rechtsverordnung-ueber-die-Zulassung-des-Betriebs-von-Autowaschanlagen-an-Sonn-und-Feiertagen.pdf,166514,ddace3ad558f22c5923e9808e228e5feadf2334c3594cf8cabca0160b2dd0ff6,www.gemeinde-merching.de_wpvivid-b8981f085de20_2026-10-10-16-11_backup_uploads.part003.zip,.pdf,original/referenced,False,False,0
wp-content/uploads/download-manager-files/Rama-Dama-Hochdorf.pdf,394644,e83dc099af088919d9bf34af4018c89dab7e070be002e5330059ecf28d15c59c,www.gemeinde-merching.de_wpvivid-b8981f085de20_2026-10-10-16-11_backup_uploads.part003.zip,.pdf,unreferenced candidate (not proven orphan),False,False,0
wp-content/uploads/download-manager-files/1709650242wpdm_BP-Nr.-39-PV-Merching-zusammenfassende-Erklaerung.pdf,1653494,fe47291e961a69a4764e4f9ae96810d7e01e7764cdbcfed65dd0889b3066fe91,www.gemeinde-merching.de_wpvivid-b8981f085de20_2026-10-10-16-11_backup_uploads.part003.zip,.pdf,unreferenced candidate (not proven orphan),False,False,0
wp-content/uploads/download-manager-files/Bekanntmachung-der-zugelassenen-Wahlvorschlaege-GR-Teil2-1_.pdf,3770945,314d061909d712986a093dd7aca49ebe28ab9ef25c993f256728946f03d13447,www.gemeinde-merching.de_wpvivid-b8981f085de20_2026-10-10-16-11_backup_uploads.part003.zip,.pdf,unreferenced candidate (not proven orphan),False,False,0
wp-content/uploads/download-manager-files/Bekanntmachung_oeff_Ausl_BP34_Oestl_Nebelhornstrasse_2024-01-26.pdf,627335,d206155d05f2443228a7d1d257511d89c42c5f84601402ba228ed730778a9856,www.gemeinde-merching.de_wpvivid-b8981f085de20_2026-10-10-16-11_backup_uploads.part003.zip,.pdf,unreferenced candidate (not proven orphan),False,False,0
wp-content/uploads/download-manager-files/23-02-10-Merching-Artenschutz-Relevanzpruefung-Entwurf.pdf,1535691,90dc2a87d351403295e251e09db1c09a69f56f6c88744dbab0118a3f402a5817,www.gemeinde-merching.de_wpvivid-b8981f085de20_2026-10-10-16-11_backup_uploads.part003.zip,.pdf,unreferenced candidate (not proven orphan),False,False,0
wp-content/uploads/download-manager-files/1768291132wpdm_1.-Aenderung-B-Plan-Nr.-34-Datenschutzinformationspflicht.pdf,1559065,686f755cee14c8f04a2e00c64d5b7cb1e8521be7451970c1c341798f0e31aaab,www.gemeinde-merching.de_wpvivid-b8981f085de20_2026-10-10-16-11_backup_uploads.part003.zip,.pdf,unreferenced candidate (not proven orphan),False,False,0
wp-content/uploads/download-manager-files/Zusammenfassende-Erklaerung.pdf,1174688,47b32f822cfabb1e68c9d39055d67a4e96c594390a9bea53a44ee90736c5ce4e,www.gemeinde-merching.de_wpvivid-b8981f085de20_2026-10-10-16-11_backup_uploads.part003.zip,.pdf,unreferenced candidate (not proven orphan),False,False,0
wp-content/uploads/download-manager-files/1689056111wpdm_Stellenausschreibung-Bauhof-Bekanntmachung.pdf,45873,6ccba4257be734188352484c093615f613d853525d4eb69a135cb56e71dc5a54,www.gemeinde-merching.de_wpvivid-b8981f085de20_2026-10-10-16-11_backup_uploads.part003.zip,.pdf,unreferenced candidate (not proven orphan),False,False,0
wp-content/uploads/download-manager-files/Gemeindekurier-Herbst-2024-f.-Homepage.pdf,768884,f1a2fb10265e525b058f0984ae10ddb25453a0370e2482c9f68291677f0f34f4,www.gemeinde-merching.de_wpvivid-b8981f085de20_2026-10-10-16-11_backup_uploads.part003.zip,.pdf,unreferenced candidate (not proven orphan),False,False,0
wp-content/uploads/download-manager-files/Stellplatzsatzung-ab-30.09.2025-.pdf,265526,389c16bad63164201e55367ac5416ee2147ffd82274091bf8d41b4a8954cefd5,www.gemeinde-merching.de_wpvivid-b8981f085de20_2026-10-10-16-11_backup_uploads.part003.zip,.pdf,original/referenced,False,False,0
wp-content/uploads/download-manager-files/Trinkwasserwerte-f.-Homepage-vom-Bauhof-26.02.26.pdf,275151,2b17873cb822cc92684041a773de9595af9856521942a55e510da16840f751fe,www.gemeinde-merching.de_wpvivid-b8981f085de20_2026-10-10-16-11_backup_uploads.part003.zip,.pdf,original/referenced,False,False,0
wp-content/uploads/download-manager-files/Oeffentl.-Bekanntmachung_GR-21.03.2024.pdf,132455,5506c4a97fa870bb7965507723900e7498360b9851c005c995f18674e301fb4d,www.gemeinde-merching.de_wpvivid-b8981f085de20_2026-10-10-16-11_backup_uploads.part003.zip,.pdf,unreferenced candidate (not proven orphan),False,False,0
wp-content/uploads/download-manager-files/1762445984wpdm_Gemeindekurier-November-2025.pdf,798574,ee38dc476199920aa661c59569223a32dac2a49411e7ca04c31934d03a8d29a3,www.gemeinde-merching.de_wpvivid-b8981f085de20_2026-10-10-16-11_backup_uploads.part003.zip,.pdf,unreferenced candidate (not proven orphan),False,False,0
wp-content/uploads/download-manager-files/Stromunterbrechung-Westendstrasse.pdf,148367,71993f5f5c9e203444d321a0a724f2ec3108e9983c6ff1267d397ed5f697c944,www.gemeinde-merching.de_wpvivid-b8981f085de20_2026-10-10-16-11_backup_uploads.part003.zip,.pdf,unreferenced candidate (not proven orphan),False,False,0
wp-content/uploads/download-manager-files/Verordnung-der-Gemeinde-Merching-ueber-das-Anbringen-von-Anschlaegen-u.-Plakaten.pdf,748752,c364a0a53cf41c50be1ec4a47d01e551887ff0b277e71e11cbb49974c14a445b,www.gemeinde-merching.de_wpvivid-b8981f085de20_2026-10-10-16-11_backup_uploads.part003.zip,.pdf,unreferenced candidate (not proven orphan),False,False,0
wp-content/uploads/download-manager-files/1736245870wpdm_HH-Stellenplan.pdf,19372,b2d369fa27ab8196a00f86b639b9da23be7ef409be885cd35493260cabcc23ee,www.gemeinde-merching.de_wpvivid-b8981f085de20_2026-10-10-16-11_backup_uploads.part003.zip,.pdf,unreferenced candidate (not proven orphan),False,False,0
wp-content/uploads/download-manager-files/GSV-6-HH-Anlagen.pdf,77009,4a15db5d60bf33d9ca5645b64ed6652339698d1f2de74e4249e4d13d8ca27e9c,www.gemeinde-merching.de_wpvivid-b8981f085de20_2026-10-10-16-11_backup_uploads.part003.zip,.pdf,original/referenced,False,False,0
wp-content/uploads/download-manager-files/Gemeindekurier-April-2023-f.-Homepage-neu.pdf,488586,ba4b9776950b7aacde842f9599c97ba5491dc3dff310f89c5a5ce4a33912b390,www.gemeinde-merching.de_wpvivid-b8981f085de20_2026-10-10-16-11_backup_uploads.part003.zip,.pdf,unreferenced candidate (not proven orphan),False,False,0
wp-content/uploads/download-manager-files/Stellenausschreibung-Bauhof-Bekanntmachung.pdf,45873,6ccba4257be734188352484c093615f613d853525d4eb69a135cb56e71dc5a54,www.gemeinde-merching.de_wpvivid-b8981f085de20_2026-10-10-16-11_backup_uploads.part003.zip,.pdf,unreferenced candidate (not proven orphan),False,False,0
wp-content/uploads/download-manager-files/015_2025_42_A_Mikrozensus.pdf,146980,5c996158f39247fd37aa9cf73b9d4d04d69a024c6e78ce0928520efb955117d3,www.gemeinde-merching.de_wpvivid-b8981f085de20_2026-10-10-16-11_backup_uploads.part003.zip,.pdf,unreferenced candidate (not proven orphan),False,False,0
wp-content/uploads/download-manager-files/oeffentliche-Bekanntmachung_GR_14122023.pdf,142110,6adb2e926b738cb5f15223964ec69bfaf8436abf82191a96493e0b25d126809c,www.gemeinde-merching.de_wpvivid-b8981f085de20_2026-10-10-16-11_backup_uploads.part003.zip,.pdf,unreferenced candidate (not proven orphan),False,False,0
wp-content/uploads/download-manager-files/Amtsblatt-07-2023Jahrg.-78-Nr.-07.pdf,235960,e8cc97d4c4c32df0ff114072e6a167f88c9a5a99c07903543e1cf24462f29d50,www.gemeinde-merching.de_wpvivid-b8981f085de20_2026-10-10-16-11_backup_uploads.part003.zip,.pdf,unreferenced candidate (not proven orphan),False,False,0
wp-content/uploads/download-manager-files/Kreistagswahl-Bekanntmachung-Zugelassene-Wahlvorschlaege_Anl_14_T1.pdf,152571,211b492ac4d51a411df3277f588af54b478ee9817c62297d559dab27e18db720,www.gemeinde-merching.de_wpvivid-b8981f085de20_2026-10-10-16-11_backup_uploads.part003.zip,.pdf,unreferenced candidate (not proven orphan),False,False,0
wp-content/uploads/download-manager-files/Anmeldeformular-2024-1-HJ.pdf,153159,bf6984d2f9071c33ac37fc1c785c5255c2a5090ab1371c1e66e1e739b829b5ce,www.gemeinde-merching.de_wpvivid-b8981f085de20_2026-10-10-16-11_backup_uploads.part003.zip,.pdf,unreferenced candidate (not proven orphan),False,False,0
wp-content/uploads/download-manager-files/BP35_Steinach_Ost_Bekanntmachung_Satzungsbeschluss.pdf,397288,55395d47c43ee4c4565aa7911d5d1b489d6598a9549054d97d4858619379bd5a,www.gemeinde-merching.de_wpvivid-b8981f085de20_2026-10-10-16-11_backup_uploads.part003.zip,.pdf,unreferenced candidate (not proven orphan),False,False,0
wp-content/uploads/download-manager-files/1706800483wpdm_BP35_Steinach_Ost_Planzeichnung_Entwurf_2023-12-14.pdf,746275,f92ed4dc084b8c47b9773405db3237a72173cc81f859d2fe4354365d88fd99a6,www.gemeinde-merching.de_wpvivid-b8981f085de20_2026-10-10-16-11_backup_uploads.part003.zip,.pdf,unreferenced candidate (not proven orphan),False,False,0
wp-content/uploads/download-manager-files/Gde-8-HH-Anlagen.pdf,141381,10de938b0d1f9ec150cd711e279252a945958fe4e544a095d8be33bfb1f3d2eb,www.gemeinde-merching.de_wpvivid-b8981f085de20_2026-10-10-16-11_backup_uploads.part003.zip,.pdf,original/referenced,False,False,0
wp-content/uploads/download-manager-files/November-2025-Anlage.pdf,610394,6df9ad3ffe8b572ee7db56d2b685bf3c5d51b2cf47716217acef8abe1e59bb07,www.gemeinde-merching.de_wpvivid-b8981f085de20_2026-10-10-16-11_backup_uploads.part003.zip,.pdf,unreferenced candidate (not proven orphan),False,False,0
wp-content/uploads/download-manager-files/Amtsblatt-12-2023Jahrg.-78-Nr.-12.pdf,154336,ab0329efdf734e0a5639a36e97fc524ed8f0b30822c9b1f95cb440b06bbed052,www.gemeinde-merching.de_wpvivid-b8981f085de20_2026-10-10-16-11_backup_uploads.part003.zip,.pdf,unreferenced candidate (not proven orphan),False,False,0
wp-content/uploads/download-manager-files/Hebesatzsatzung_2025.pdf,430068,f35f81c296e422c459bc14fce66d3355e46ff115742165fbbc5616c8f9da7784,www.gemeinde-merching.de_wpvivid-b8981f085de20_2026-10-10-16-11_backup_uploads.part003.zip,.pdf,unreferenced candidate (not proven orphan),False,False,0
wp-content/uploads/download-manager-files/Amtsblatt-10a-2023Jahrg.-78-Nr.-10a.pdf,553075,15f3310cd7c01742f63f8e74a720d6717004a2eb970d890e1751da759e896565,www.gemeinde-merching.de_wpvivid-b8981f085de20_2026-10-10-16-11_backup_uploads.part003.zip,.pdf,unreferenced candidate (not proven orphan),False,False,0
wp-content/uploads/download-manager-files/landwirtschaftliche-Flaechen-Bodenrichtwerte-2026.pdf,632423,fe7a2ed0aabcfd0c245d02fab4f3c1cf9557b5c30401ad4298b9b370b01bc035,www.gemeinde-merching.de_wpvivid-b8981f085de20_2026-10-10-16-11_backup_uploads.part003.zip,.pdf,original/referenced,False,False,0
wp-content/uploads/download-manager-files/Stellenausschreibung-Hausmeister.pdf,102695,86e1de5123d64327a2bc2ee521ff1f4673bd2c62fae4d10ce7600a28292829c6,www.gemeinde-merching.de_wpvivid-b8981f085de20_2026-10-10-16-11_backup_uploads.part003.zip,.pdf,unreferenced candidate (not proven orphan),False,False,0
wp-content/uploads/download-manager-files/Kinderdisco-Herbst-2024-Flyer.jpg,293335,543d669b92b2a05b1b5af87c9127a9e7825deeac8ed718dac8284207e51d4a91,www.gemeinde-merching.de_wpvivid-b8981f085de20_2026-10-10-16-11_backup_uploads.part003.zip,.jpg,unreferenced candidate (not proven orphan),False,False,0
wp-content/uploads/download-manager-files/Information-Ortssprecherwahl-Steinach-u.-Hochdorf_Beilage-Kurier-Ostern-2026-f.-Hochdorf-u.-Steinach-f.-Homepage.pdf,90272,c2f8cd7ddb59734fea86aaf3aebb9719fcccf3f1c5eb995d1baf6ba52f199f18,www.gemeinde-merching.de_wpvivid-b8981f085de20_2026-10-10-16-11_backup_uploads.part003.zip,.pdf,original/referenced,False,False,0
wp-content/uploads/download-manager-files/Bekanntmachung_Wahlhelfer_Aufforderung.pdf,155530,2cd1f6434c11d4e2b64ba1da737cb8b1b6275d57c58d7396e964d6ab1e9d6bc9,www.gemeinde-merching.de_wpvivid-b8981f085de20_2026-10-10-16-11_backup_uploads.part003.zip,.pdf,unreferenced candidate (not proven orphan),False,False,0
wp-content/uploads/download-manager-files/1714477967wpdm_Informationen-zur-Wahlwerbung_Europawahl_2024.pdf,137569,fbba50657cdd718a266f737e1ffb990e5bc73ef8a50361839392f6febfd1ecd2,www.gemeinde-merching.de_wpvivid-b8981f085de20_2026-10-10-16-11_backup_uploads.part003.zip,.pdf,unreferenced candidate (not proven orphan),False,False,0
wp-content/uploads/download-manager-files/Oeffentl.-Bekanntmachg.2_MSVV28.11.23.pdf,117513,a0ef0045e77b24d02c3b69c918632ebcc6f1414512438f44dafbd153fa0639a1,www.gemeinde-merching.de_wpvivid-b8981f085de20_2026-10-10-16-11_backup_uploads.part003.zip,.pdf,unreferenced candidate (not proven orphan),False,False,0
wp-content/uploads/download-manager-files/Oeffentl.-Bekanntmachung-MSVV-24.01.2023.pdf,116896,6055e2596a2f6cce2c98620e31f272d2d1d2b1bb59cf3a5cc1ba2c4b6a743feb,www.gemeinde-merching.de_wpvivid-b8981f085de20_2026-10-10-16-11_backup_uploads.part003.zip,.pdf,unreferenced candidate (not proven orphan),False,False,0
wp-content/uploads/download-manager-files/Bekanntmachung-ueber-das-Recht-auf-Einsicht.pdf,256079,3556d2cf9d4d683469f038ef2e16157c6ef8697d5eccb1d5127c2357a536adb3,www.gemeinde-merching.de_wpvivid-b8981f085de20_2026-10-10-16-11_backup_uploads.part003.zip,.pdf,unreferenced candidate (not proven orphan),False,False,0
wp-content/uploads/download-manager-files/MSV-5-HH-Haushaltsplan-mit-Finanzplan-und-Deckungsringen.pdf,1282390,9e04d967ee631d0f7af373cb265a364657a23ed6098762362ed3906a2d08070e,www.gemeinde-merching.de_wpvivid-b8981f085de20_2026-10-10-16-11_backup_uploads.part003.zip,.pdf,original/referenced,False,False,0
wp-content/uploads/download-manager-files/1690187880wpdm_Oeffentl.-Bekanntmachung_GR_27.07.2023.pdf,131163,ccd0eb31ec161109a535fd3c90f45e5886f7a35baa098a0eeda9289991050da1,www.gemeinde-merching.de_wpvivid-b8981f085de20_2026-10-10-16-11_backup_uploads.part003.zip,.pdf,unreferenced candidate (not proven orphan),False,False,0
wp-content/uploads/download-manager-files/Gemeindekurier-Sommer-2026-f.-Homepage.pdf,850144,eb177dcdc8b1bae65b180be1de3eb67331b42a282e682c37e31426a97878ced3,www.gemeinde-merching.de_wpvivid-b8981f085de20_2026-10-10-16-11_backup_uploads.part003.zip,.pdf,original/referenced,False,False,0
wp-content/uploads/download-manager-files/Amtsblatt-06-2026Jahrg.-81-Nr.-06.pdf,1165763,fdf6e7b4ec61b9c64aef3ef7bc250a06d55538ed2bb2def4334879d4836a9d9e,www.gemeinde-merching.de_wpvivid-b8981f085de20_2026-10-10-16-11_backup_uploads.part003.zip,.pdf,original/referenced,False,False,0
wp-content/uploads/download-manager-files/1775727067wpdm_Wahlbekanntmachung-Homepage.pdf,129284,e19654e68d930b3f8d4f1770799449438c00ad7cae5c12bfe9ec5a16475f63c5,www.gemeinde-merching.de_wpvivid-b8981f085de20_2026-10-10-16-11_backup_uploads.part003.zip,.pdf,unreferenced candidate (not proven orphan),False,False,0
wp-content/uploads/download-manager-files/Bekanntmachung_Auslegung-der-Planunterlagen-Licca-liber-Abschnitt-I.pdf,222901,13dc5f12ac522ff92f74a556b184e2943e3bb1864e875b6cc5cf33e7c8d24b88,www.gemeinde-merching.de_wpvivid-b8981f085de20_2026-10-10-16-11_backup_uploads.part003.zip,.pdf,unreferenced candidate (not proven orphan),False,False,0
wp-content/uploads/download-manager-files/1678698284wpdm_Rattenbekaempfung-Bekanntmachung-Maerz-2023.pdf,83087,cd8f8eef7d30216934ff98186a20680cc27b02ed1cb8cbaf4f01d77fe506380d,www.gemeinde-merching.de_wpvivid-b8981f085de20_2026-10-10-16-11_backup_uploads.part003.zip,.pdf,unreferenced candidate (not proven orphan),False,False,0
wp-content/uploads/download-manager-files/1787207996wpdm_Friedhofs-und-Bestattungssatzung-ab-01.01.2027-Homepage.pdf,297695,790a1fbbf9d2c5ff39ebc99b3aaa318b06df1ea7c571e8729d603d6188ad0e97,www.gemeinde-merching.de_wpvivid-b8981f085de20_2026-10-10-16-11_backup_uploads.part003.zip,.pdf,original/referenced,False,False,0
wp-content/uploads/download-manager-files/Stellungnahme-fruehz.-Beteiligung_LRA-fuer-FNP_Abwaegung-29.06.2023.pdf,2208018,35fecc7978a040eae2e30b8b3a0b9ec3b45309c85199bab4854ae28d2c15d534,www.gemeinde-merching.de_wpvivid-b8981f085de20_2026-10-10-16-11_backup_uploads.part003.zip,.pdf,unreferenced candidate (not proven orphan),False,False,0
wp-content/uploads/download-manager-files/1706800511wpdm_BP35_Steinach_Ost_Textteil_Entwurf_2023-12-14.pdf,207887,177661623938c3440bf2259828f2497d43f242b14ad72a5d990f91cb545e0c23,www.gemeinde-merching.de_wpvivid-b8981f085de20_2026-10-10-16-11_backup_uploads.part003.zip,.pdf,unreferenced candidate (not proven orphan),False,False,0
wp-content/uploads/download-manager-files/Gde-1-HH-Inhaltsverzeichnis.pdf,101470,3a325f90a678dc54e3852124e7535a6823b150243b8526460e0af8a5e617ebd1,www.gemeinde-merching.de_wpvivid-b8981f085de20_2026-10-10-16-11_backup_uploads.part003.zip,.pdf,original/referenced,False,False,0
wp-content/uploads/download-manager-files/Bekanntmachung-Stellplatzsatzung-vom-08.09.2025.pdf,120811,6968f504cf12dbf0a1253ac3f7d225022804f278f25d2c24874e83b4ac89ce24,www.gemeinde-merching.de_wpvivid-b8981f085de20_2026-10-10-16-11_backup_uploads.part003.zip,.pdf,original/referenced,False,False,0
wp-content/uploads/download-manager-files/MSV-4-HH-Vorbericht.pdf,365520,f99ab8957c886dd49930b0a864a1ead1c9c284a24731b2efe29a3e9fb4a98007,www.gemeinde-merching.de_wpvivid-b8981f085de20_2026-10-10-16-11_backup_uploads.part003.zip,.pdf,original/referenced,False,False,0
wp-content/uploads/download-manager-files/1765778685wpdm_Feuerwehr-Satzung-ueber-Aufwendungd-und-Kostenersatz-fuer-Einsaetze-und-andere-Leistungen-gem.-Feuehrwehren-ab-01.01.2026.pdf,202955,134655e0a3070abef24b4b659019fce08361d41b93e0014fb5a9ad651c71d817,www.gemeinde-merching.de_wpvivid-b8981f085de20_2026-10-10-16-11_backup_uploads.part003.zip,.pdf,original/referenced,False,False,0
wp-content/uploads/download-manager-files/Entwaesserung-Beitrags-und-Gebuehrensatzung-zur-Entwaesserungssatzung-ab-01.01.20262026.pdf,190447,c726db841f37ca331bc5025e08fed6a90bdad070fdec9c596ae75d525cf3925d,www.gemeinde-merching.de_wpvivid-b8981f085de20_2026-10-10-16-11_backup_uploads.part003.zip,.pdf,unreferenced candidate (not proven orphan),False,False,0
wp-content/uploads/download-manager-files/FNP-PV-Merching_Begruendung-mit-Umweltbericht-Teil-B_03-29.06.2023.pdf,680255,5b4e7c6627c9115a56ba18d6849f612f78a7a10f9ad7bf8e0edb22d86975661c,www.gemeinde-merching.de_wpvivid-b8981f085de20_2026-10-10-16-11_backup_uploads.part003.zip,.pdf,unreferenced candidate (not proven orphan),False,False,0
wp-content/uploads/download-manager-files/1765777579wpdm_Wasser-Beitrags-und-Gebuehrensatzung-zur-Wasserabgabesatzung-ab-01.01.2026.pdf,191291,bb3e0050e15d4c61e1fcf3e0afda354809cf5e07a3dadda7a4e8e5d0d591431a,www.gemeinde-merching.de_wpvivid-b8981f085de20_2026-10-10-16-11_backup_uploads.part003.zip,.pdf,original/referenced,False,False,0
wp-content/uploads/download-manager-files/Flyer-Foto-Raetselrallye-Ostern-2023.pdf,625456,3a6c64df36395faaa180e466b5ec3102d2c0f1e260c204f02c91ae7da8e7e3de,www.gemeinde-merching.de_wpvivid-b8981f085de20_2026-10-10-16-11_backup_uploads.part003.zip,.pdf,unreferenced candidate (not proven orphan),False,False,0
wp-content/uploads/download-manager-files/Faschingsdienstag-Rathaus_Bauhof-2026.pdf,176592,8c5d07b2ccff615001cf33beadef47758e84c98a4dcf6377f032a1b569789a5f,www.gemeinde-merching.de_wpvivid-b8981f085de20_2026-10-10-16-11_backup_uploads.part003.zip,.pdf,unreferenced candidate (not proven orphan),False,False,0
wp-content/uploads/download-manager-files/BP37_Suedlich_Nebelhornstrasse_Textteil_2023-01-19.pdf,298262,f929aaa219d3389ddfc12ae3521420a6a6351eff003052c57d7cc84925a0acbd,www.gemeinde-merching.de_wpvivid-b8981f085de20_2026-10-10-16-11_backup_uploads.part003.zip,.pdf,unreferenced candidate (not proven orphan),False,False,0
wp-content/uploads/download-manager-files/Bekanntmachung-Obdachlosenunterkunftssatzung.pdf,396190,78bf32f1773f776703ead39be8bb1f2c4dd292fc7d8d1cee483449c1523a5819,www.gemeinde-merching.de_wpvivid-b8981f085de20_2026-10-10-16-11_backup_uploads.part003.zip,.pdf,unreferenced candidate (not proven orphan),False,False,0
wp-content/uploads/download-manager-files/Amtsblatt-12a-2023Jahrg.-78-Nr.-12a.pdf,645003,66ced8a7a9a2eb3e0ddc3926697631c27cd0b54ab19bc6f376f750a5c6edb75c,www.gemeinde-merching.de_wpvivid-b8981f085de20_2026-10-10-16-11_backup_uploads.part003.zip,.pdf,unreferenced candidate (not proven orphan),False,False,0
wp-content/uploads/download-manager-files/1706017422wpdm_Amtsblatt-01-2024Jahrg.-79-Nr.-01.pdf,384441,6ad0301b9507ba2a8ab4edb3e199f49f3ac0cbe0b526e867ed888f27026e40e0,www.gemeinde-merching.de_wpvivid-b8981f085de20_2026-10-10-16-11_backup_uploads.part003.zip,.pdf,unreferenced candidate (not proven orphan),False,False,0
wp-content/uploads/download-manager-files/Bekanntmachung-der-zugelassenen-Wahlvorschlaege-GR-Teil1-Homepage.pdf,1757476,d0c74a6a304cd8fa0a3ef80f5485ea5dd9f16e62f52d018f232557465eee8559,www.gemeinde-merching.de_wpvivid-b8981f085de20_2026-10-10-16-11_backup_uploads.part003.zip,.pdf,unreferenced candidate (not proven orphan),False,False,0
wp-content/uploads/download-manager-files/BP35_Steinach_Ost_Planzeichnung_2024-06-20.pdf,747473,e238646587b83db46900bf6326ad6612a75f99312fe1575508ced93659cac8f1,www.gemeinde-merching.de_wpvivid-b8981f085de20_2026-10-10-16-11_backup_uploads.part003.zip,.pdf,unreferenced candidate (not proven orphan),False,False,0
wp-content/uploads/download-manager-files/Bekanntmachung-Beschwerdeausschusssitzung.pdf,93082,92a497e286c8fe1c1cea8da0a21c1a6496190610fab0fd12a1e416cdb054e02d,www.gemeinde-merching.de_wpvivid-b8981f085de20_2026-10-10-16-11_backup_uploads.part003.zip,.pdf,original/referenced,False,False,0
wp-content/uploads/download-manager-files/Geschaeftsordnung-Unterschrieben-2026.pdf,9651113,d176ecab04eb40f31e07c636ba99892c388edecaa850678b1abfe5902921964b,www.gemeinde-merching.de_wpvivid-b8981f085de20_2026-10-10-16-11_backup_uploads.part003.zip,.pdf,original/referenced,False,False,0
wp-content/uploads/download-manager-files/Amtsblatt-09-2023Jahrg.-78-Nr.-09.pdf,233992,7030076fbefc1a22028970226ed29b10fc6c460d426f22021c63500723fe227f,www.gemeinde-merching.de_wpvivid-b8981f085de20_2026-10-10-16-11_backup_uploads.part003.zip,.pdf,unreferenced candidate (not proven orphan),False,False,0
wp-content/uploads/download-manager-files/Bekanntmachung-Satzung-fuer-das-Kommunalunternehmen-Merching-vom-16.09.2025.pdf,118919,8f11c2b87cf56ae5f9ea11ea86a815766651c4ed75f6c5d5aab0926737c50fbb,www.gemeinde-merching.de_wpvivid-b8981f085de20_2026-10-10-16-11_backup_uploads.part003.zip,.pdf,original/referenced,False,False,0
wp-content/uploads/download-manager-files/Mittelschulverbandsversammlung-18.06.24.pdf,298319,3ec76ae09df9d9f0bdc05aadb8d3d403aa56aa4c676f07274767764e5cd49ac2,www.gemeinde-merching.de_wpvivid-b8981f085de20_2026-10-10-16-11_backup_uploads.part003.zip,.pdf,unreferenced candidate (not proven orphan),False,False,0
wp-content/uploads/download-manager-files/Gde-2-HH-Haushaltssatzung.pdf,141557,b8ce66d88bc5a05a4998c52babe5ce5e9f9ca539bf2924de7c5f6f873ded10b2,www.gemeinde-merching.de_wpvivid-b8981f085de20_2026-10-10-16-11_backup_uploads.part003.zip,.pdf,original/referenced,False,False,0
wp-content/uploads/download-manager-files/Amtsblatt-06-2023Jahrg.-78-Nr.-06.pdf,237003,ac0dfae1db9254946c9ac7d86e184c10b2e7a6f1e1f2f0601e6c7861ac7ee1ff,www.gemeinde-merching.de_wpvivid-b8981f085de20_2026-10-10-16-11_backup_uploads.part003.zip,.pdf,unreferenced candidate (not proven orphan),False,False,0
wp-content/uploads/download-manager-files/1_Aenderung_BP_26_Bekanntmachung-Satzungsbeschluss.pdf,1040068,95d7b40e196f4e4a44f81ba51a1999e3d340e4fd7fd3218236e727d1dcf2de16,www.gemeinde-merching.de_wpvivid-b8981f085de20_2026-10-10-16-11_backup_uploads.part003.zip,.pdf,unreferenced candidate (not proven orphan),False,False,0
wp-content/uploads/download-manager-files/Bekanntmachung-Verbandsversammlung-24.06.2026.pdf,189444,d67393cf4013806ef9f07f9eee1be1383e3be179e4354f440c448832e775a057,www.gemeinde-merching.de_wpvivid-b8981f085de20_2026-10-10-16-11_backup_uploads.part003.zip,.pdf,original/referenced,False,False,0
wp-content/uploads/download-manager-files/Feuerwehrkostensatzung_ab_01-01-2026.pdf,202515,e853f0573e15bcd9b404623eb30c22c3470d38b70ec6be183a58c54ee79c313a,www.gemeinde-merching.de_wpvivid-b8981f085de20_2026-10-10-16-11_backup_uploads.part003.zip,.pdf,unreferenced candidate (not proven orphan),False,False,0
wp-content/uploads/download-manager-files/Wasser-Beitrags-und-Gebuehrensatzung-zur-Wasserabgabesatzung-ab-01.01.2026.pdf,189096,8653a6dcd13bb47a751402fa4d188c8b16954a5fa06e6880eed50450d5940417,www.gemeinde-merching.de_wpvivid-b8981f085de20_2026-10-10-16-11_backup_uploads.part003.zip,.pdf,unreferenced candidate (not proven orphan),False,False,0
wp-content/uploads/download-manager-files/GSV-3-HH-Schulverbandsumlage.pdf,80664,30c61ffed31192cc6a3ffd76a4a3d2bce20aeccb689252a1d2e51847dcfcbd67,www.gemeinde-merching.de_wpvivid-b8981f085de20_2026-10-10-16-11_backup_uploads.part003.zip,.pdf,original/referenced,False,False,0
wp-content/uploads/download-manager-files/1706178687wpdm_Plakatierungsverordnung.pdf,1439303,6d7ad051d37b5e65796dc9fd73bcb3fd19aa25b795db8f2d49f030598838790f,www.gemeinde-merching.de_wpvivid-b8981f085de20_2026-10-10-16-11_backup_uploads.part003.zip,.pdf,unreferenced candidate (not proven orphan),False,False,0
wp-content/uploads/download-manager-files/HH-Schulverbandsumlage.pdf,79588,b2cc1dae665ed70e897453e0b40c9be51e5b9bbaef643f969a73942a2c802b54,www.gemeinde-merching.de_wpvivid-b8981f085de20_2026-10-10-16-11_backup_uploads.part003.zip,.pdf,unreferenced candidate (not proven orphan),False,False,0
wp-content/uploads/download-manager-files/Modernisierungsbuendnis-2026_vhs-Kurs-Merching.pdf,1639792,30c94a6ade1747dbe40ca83b2343b67dd03ce7189264c4a5a575054264dff7b2,www.gemeinde-merching.de_wpvivid-b8981f085de20_2026-10-10-16-11_backup_uploads.part004.zip,.pdf,unreferenced candidate (not proven orphan),False,False,0
wp-content/uploads/download-manager-files/BP35_Steinach_Ost_Begruendung_Entwurf_2023-12-14.pdf,1136336,206b81c87314100fee219e3b3f98887fdef50f188d32e0d1988c50ec321a7db8,www.gemeinde-merching.de_wpvivid-b8981f085de20_2026-10-10-16-11_backup_uploads.part004.zip,.pdf,unreferenced candidate (not proven orphan),False,False,0
wp-content/uploads/download-manager-files/BP35_Steinach_Ost_Zusammenfassende_Erklaerung.pdf,1759168,78a6ca373f05b7e577d73aa3aa144ea2b7e7f9e405a0a4081a1cef364c4222fe,www.gemeinde-merching.de_wpvivid-b8981f085de20_2026-10-10-16-11_backup_uploads.part004.zip,.pdf,unreferenced candidate (not proven orphan),False,False,0
wp-content/uploads/download-manager-files/5.-Aenderung-FNP-PV-Schmiechach-Bekanntmachung-Genehmigung.pdf,733159,7beee925e42a99f2ed6fae9ecec073fbf644b3fa0ac4548cdb36889a523e716c,www.gemeinde-merching.de_wpvivid-b8981f085de20_2026-10-10-16-11_backup_uploads.part004.zip,.pdf,unreferenced candidate (not proven orphan),False,False,0
wp-content/uploads/2024/09/doc00268420240910131618-pdf-106x150.jpg,3958,04713df545b7e4958d7836491ed7f0e94ccace8fc7acc492b2bb205618209b1a,www.gemeinde-merching.de_wpvivid-b8981f085de20_2026-10-10-16-11_backup_uploads.part004.zip,.jpg,generated thumbnail,False,True,0
wp-content/uploads/2024/09/doc00268420240910131618-pdf-724x1024.jpg,146128,98880e9d2ecb1b7d801d3db36ce3b7e901fb2d1abbcfca7341e35355944c1d03,www.gemeinde-merching.de_wpvivid-b8981f085de20_2026-10-10-16-11_backup_uploads.part004.zip,.jpg,generated thumbnail,False,True,0
wp-content/uploads/2024/09/doc00268420240910131618-pdf-212x300.jpg,14126,350c306c4e74a5a4d3766885a80a62523ee41ea2bb285258fd8d565123b5eadb,www.gemeinde-merching.de_wpvivid-b8981f085de20_2026-10-10-16-11_backup_uploads.part004.zip,.jpg,generated thumbnail,False,True,0
wp-content/uploads/2024/09/doc00268420240910131618.pdf,522916,49791878877c7eee046e133a7c75354a17c79538670a9b37678c9827efc4832e,www.gemeinde-merching.de_wpvivid-b8981f085de20_2026-10-10-16-11_backup_uploads.part004.zip,.pdf,original/referenced,True,False,0
wp-content/uploads/2024/09/doc00268420240910131618-pdf.jpg,304074,ef444e365ae40f74abecfb4a06e933bae827d8d6bf36de95ef7ba4d5a6508c0d,www.gemeinde-merching.de_wpvivid-b8981f085de20_2026-10-10-16-11_backup_uploads.part004.zip,.jpg,generated thumbnail,False,False,0
wp-content/uploads/2024/11/BP34_Oestl_Nebelhornstrasse_Begruendung_20240620.pdf,1126642,89f851bd2ff837b9c08f768651f77cc670d6bf81c97ab9562a4693eb09fe7679,www.gemeinde-merching.de_wpvivid-b8981f085de20_2026-10-10-16-11_backup_uploads.part004.zip,.pdf,original/referenced,True,False,0
wp-content/uploads/2024/11/842_Gemeinde-Merching-150x150.png,23568,01da031e206d1fc7fcb5d596a6257d3009042bbbedc1304388a27b14865dcc9c,www.gemeinde-merching.de_wpvivid-b8981f085de20_2026-10-10-16-11_backup_uploads.part004.zip,.png,generated thumbnail,False,True,0
wp-content/uploads/2024/11/Schalltechnische-Untersuchung-11-05.2023.pdf,1034020,b6e55be82dd6a044b7df2672037adc76bd82db720d3a82776daa7221f01c010b,www.gemeinde-merching.de_wpvivid-b8981f085de20_2026-10-10-16-11_backup_uploads.part004.zip,.pdf,original/referenced,True,False,0
wp-content/uploads/2024/11/Schalltechnische-Untersuchung-11-05.2023-pdf-106x150.jpg,4934,8dd99a6d51049ea885ecddefacbef2f24fc0164d98230f34d3da42b2585d8f7c,www.gemeinde-merching.de_wpvivid-b8981f085de20_2026-10-10-16-11_backup_uploads.part004.zip,.jpg,generated thumbnail,False,True,0
wp-content/uploads/2024/11/Oeffentliche-Bekanntmachung-pdf-106x150.jpg,6940,2c7ad1e9e8594430c995f7e381a8b68b019902a64230a7eee3c6deabcbb53f33,www.gemeinde-merching.de_wpvivid-b8981f085de20_2026-10-10-16-11_backup_uploads.part004.zip,.jpg,generated thumbnail,False,True,0
wp-content/uploads/2024/11/Schallschutztechnische-Untersuchung-Anlagen-pdf-212x300.jpg,10873,0f52230ceb90b026da21e54fee4d0b49bd5fd02b0c4e1e296063faa8200caf76,www.gemeinde-merching.de_wpvivid-b8981f085de20_2026-10-10-16-11_backup_uploads.part004.zip,.jpg,generated thumbnail,False,True,0
wp-content/uploads/2024/11/Fundsache-Geldschein-am-16.11.2024-pdf-106x150.jpg,3033,60c7f76b0b979baa019ec9e99bb560c1562d2a47538a91f387fd5db97dc2aa15,www.gemeinde-merching.de_wpvivid-b8981f085de20_2026-10-10-16-11_backup_uploads.part004.zip,.jpg,generated thumbnail,False,True,0
wp-content/uploads/2024/11/BP34_Oestl_Nebelhornstrasse_Textteil_20240620-pdf-212x300.jpg,8841,b8d27c7c6a3a69dc92a4197ba53a678db71a6ef17b50120cf9d7680a964ca490,www.gemeinde-merching.de_wpvivid-b8981f085de20_2026-10-10-16-11_backup_uploads.part004.zip,.jpg,generated thumbnail,False,True,0
wp-content/uploads/2024/11/BP34_Oestl_Nebelhornstrasse_Textteil_20240620.pdf,880573,c748ff94e85e87dfb7eab43d505c335cbf2f17321a8dfe089ca1b1c16b7b2a06,www.gemeinde-merching.de_wpvivid-b8981f085de20_2026-10-10-16-11_backup_uploads.part004.zip,.pdf,original/referenced,True,False,0
wp-content/uploads/2024/11/842_Gemeinde-Merching-300x292.png,64125,628061c54dd52636df5f1ad08520e618147c4d5622cd238d2581ee541e7c1ef6,www.gemeinde-merching.de_wpvivid-b8981f085de20_2026-10-10-16-11_backup_uploads.part004.zip,.png,generated thumbnail,False,True,4
wp-content/uploads/2024/11/Bekanntmachung-Grd.St_HundeSt.-2025-pdf.jpg,273631,69c259d443c66051fb09f0dbbd609a5df4380bbfc225176a919630699316fe31,www.gemeinde-merching.de_wpvivid-b8981f085de20_2026-10-10-16-11_backup_uploads.part004.zip,.jpg,generated thumbnail,False,False,0
wp-content/uploads/2024/11/Schallschutztechnische-Untersuchung-Anlagen-pdf-724x1024.jpg,93475,af025688419da7b626e5a24e4e6169f262232166933d30a110e0fbf32fffc61d,www.gemeinde-merching.de_wpvivid-b8981f085de20_2026-10-10-16-11_backup_uploads.part004.zip,.jpg,generated thumbnail,False,True,0
wp-content/uploads/2024/11/Oeffentliche-Bekanntmachung.pdf,440936,9d4b23459e9f0d57e934253d4e0b90adf2eec00026faf45db38e602a05f3f70b,www.gemeinde-merching.de_wpvivid-b8981f085de20_2026-10-10-16-11_backup_uploads.part004.zip,.pdf,original/referenced,True,False,0
wp-content/uploads/2024/11/B-Plan-Nr.-34-Datenschutzinformationspflicht-pdf.jpg,240315,0b8e530ce04640da99236319941ce14e518a22513d779233f9f82407b2a9489e,www.gemeinde-merching.de_wpvivid-b8981f085de20_2026-10-10-16-11_backup_uploads.part004.zip,.jpg,generated thumbnail,False,False,0
wp-content/uploads/2024/11/BP34_Oestl_Nebelhornstrasse_Textteil_20240620-pdf-724x1024.jpg,36915,16a27188ac40428da3b8bae3150ab6c0ecff00a1c976255bcd3b82a5d27be194,www.gemeinde-merching.de_wpvivid-b8981f085de20_2026-10-10-16-11_backup_uploads.part004.zip,.jpg,generated thumbnail,False,True,0
wp-content/uploads/2024/11/BP34_Oestl_Nebelhornstrasse_Textteil_20240620-pdf.jpg,69287,c1a6ca5dae977fcb86aa27cf0faa0702b1341d8b46e801d2cf5e8f07e4316e4b,www.gemeinde-merching.de_wpvivid-b8981f085de20_2026-10-10-16-11_backup_uploads.part004.zip,.jpg,generated thumbnail,False,False,0
wp-content/uploads/2024/11/Bekanntmachung-Grd.St_HundeSt.-2025-pdf-724x1024.jpg,142929,37beb5ce532504dead192444fc17cfd43ff47dfe3cec4aba4dda80f8aaffda21,www.gemeinde-merching.de_wpvivid-b8981f085de20_2026-10-10-16-11_backup_uploads.part004.zip,.jpg,generated thumbnail,False,True,0
wp-content/uploads/2024/11/Fundsache-Geldschein-am-16.11.2024.pdf,374836,3fb536f9c902adb701e1f5cb617621c2303e004a7983498fa52b22949156fcf2,www.gemeinde-merching.de_wpvivid-b8981f085de20_2026-10-10-16-11_backup_uploads.part004.zip,.pdf,original/referenced,True,False,0
wp-content/uploads/2024/11/BP34_Oestl_Nebelhornstrasse_Planzeichnung_Satzung_2024-06-20-pdf-300x157.jpg,14533,8c836f6f2ea35e36ab491de45559a9d563e92b051337bb640f56223ef71e15f2,www.gemeinde-merching.de_wpvivid-b8981f085de20_2026-10-10-16-11_backup_uploads.part004.zip,.jpg,generated thumbnail,False,True,0
wp-content/uploads/2024/11/Zusammenfassende-Erklaerung-pdf-212x300.jpg,14175,fda975e01be2fdcabe9b9253a62b2f03a6531498d8cb498e09ab755323385686,www.gemeinde-merching.de_wpvivid-b8981f085de20_2026-10-10-16-11_backup_uploads.part004.zip,.jpg,generated thumbnail,False,True,0
wp-content/uploads/2024/11/Fundsache-Geldschein-am-16.11.2024-pdf-724x1024.jpg,91715,382eee8b6e4626c8c3044b270a39535a83c41607586dd5c554eba07885954ffa,www.gemeinde-merching.de_wpvivid-b8981f085de20_2026-10-10-16-11_backup_uploads.part004.zip,.jpg,generated thumbnail,False,True,0
wp-content/uploads/2024/11/BP34_Oestl_Nebelhornstrasse_Textteil_20240620-pdf-106x150.jpg,5077,78193e1eab07ffdbae2879850c352b779e298c6172d8eacc3e855139396b70a1,www.gemeinde-merching.de_wpvivid-b8981f085de20_2026-10-10-16-11_backup_uploads.part004.zip,.jpg,generated thumbnail,False,True,0
wp-content/uploads/2024/11/BP34_Oestl_Nebelhornstrasse_Planzeichnung_Satzung_2024-06-20-pdf-1024x536.jpg,93529,12846ad3907b0aca894443fde2a850398b54f8e755919cb5ca2f0b6f10ed8a7b,www.gemeinde-merching.de_wpvivid-b8981f085de20_2026-10-10-16-11_backup_uploads.part004.zip,.jpg,generated thumbnail,False,True,0
wp-content/uploads/2024/11/842_Gemeinde-Merching.png,390597,65f32d810cf599dbe040775d5db4100d75c51cb2f2187a7f931952d071fce531,www.gemeinde-merching.de_wpvivid-b8981f085de20_2026-10-10-16-11_backup_uploads.part004.zip,.png,original/referenced,True,False,4
wp-content/uploads/2024/11/Bekanntmachung-Grd.St_HundeSt.-2025-pdf-212x300.jpg,16713,f328d4fbeffe2f694a9163db71bb24411ab508b927e01abe0587794b80bd4fb1,www.gemeinde-merching.de_wpvivid-b8981f085de20_2026-10-10-16-11_backup_uploads.part004.zip,.jpg,generated thumbnail,False,True,0
wp-content/uploads/2024/11/BP34_Oestl_Nebelhornstrasse_Begruendung_20240620-pdf-724x1024.jpg,40471,2161a9a6fa7cc5a2225773d23e79828a3217428e2072de4867858043a24f0141,www.gemeinde-merching.de_wpvivid-b8981f085de20_2026-10-10-16-11_backup_uploads.part004.zip,.jpg,generated thumbnail,False,True,0
wp-content/uploads/2024/11/BP34_Oestl_Nebelhornstrasse_Planzeichnung_Satzung_2024-06-20-pdf-150x79.jpg,6597,7f35202d7d950a1f21facdd30c7c383d83a1c1f219d4ad6c569f48d541017c7d,www.gemeinde-merching.de_wpvivid-b8981f085de20_2026-10-10-16-11_backup_uploads.part004.zip,.jpg,generated thumbnail,False,True,0
wp-content/uploads/2024/11/842_Gemeinde-Merching-768x748.png,237192,dbdba0e4635a9d834c327ee0663c71fb52f454cd63c5c070cf63e6275ac7ab33,www.gemeinde-merching.de_wpvivid-b8981f085de20_2026-10-10-16-11_backup_uploads.part004.zip,.png,generated thumbnail,False,True,4
wp-content/uploads/2024/11/Schallschutztechnische-Untersuchung-Anlagen-pdf.jpg,203148,6a75d6068461966b5c6e8f73536691b70e8f6e65abac775a40502efe18d4c14d,www.gemeinde-merching.de_wpvivid-b8981f085de20_2026-10-10-16-11_backup_uploads.part004.zip,.jpg,generated thumbnail,False,False,0
wp-content/uploads/2024/11/Bekanntmachung-Grd.St_HundeSt.-2025-pdf-106x150.jpg,6915,3edbfbbe3551a7cb6dd2c8b4be3ae532b2b433e947af0d003e463922d38a8db1,www.gemeinde-merching.de_wpvivid-b8981f085de20_2026-10-10-16-11_backup_uploads.part004.zip,.jpg,generated thumbnail,False,True,0
wp-content/uploads/2024/11/Zusammenfassende-Erklaerung-pdf-724x1024.jpg,120966,873c66a7a1e57e7ed95681116d44f73566452e83c8d5f105296f6ff527f65ace,www.gemeinde-merching.de_wpvivid-b8981f085de20_2026-10-10-16-11_backup_uploads.part004.zip,.jpg,generated thumbnail,False,True,0
wp-content/uploads/2024/11/BP34_Oestl_Nebelhornstrasse_Begruendung_20240620-pdf-106x150.jpg,5321,c2c511def43c7ad6bc3da3dd13a4e696c2cdfab4f4ea2608b49a62d216891891,www.gemeinde-merching.de_wpvivid-b8981f085de20_2026-10-10-16-11_backup_uploads.part004.zip,.jpg,generated thumbnail,False,True,0
wp-content/uploads/2024/11/BP34_Oestl_Nebelhornstrasse_Planzeichnung_Satzung_2024-06-20-pdf.jpg,1498386,bb55c7e6b481ef7111b1586885d7ce22be474a51c7b9596a986a7a14fa8363a2,www.gemeinde-merching.de_wpvivid-b8981f085de20_2026-10-10-16-11_backup_uploads.part004.zip,.jpg,generated thumbnail,False,False,0
wp-content/uploads/2024/11/Schalltechnische-Untersuchung-11-05.2023-pdf.jpg,54882,0907fba4130b250cd5eef11931288112dd8c075b7d9592d2bfd84f158b63ff36,www.gemeinde-merching.de_wpvivid-b8981f085de20_2026-10-10-16-11_backup_uploads.part004.zip,.jpg,generated thumbnail,False,False,0
wp-content/uploads/2024/11/Oeffentliche-Bekanntmachung-pdf-724x1024.jpg,134331,6637b352e0be9e4f8225d6088c453472d4e59963e3f38ef9abe39ef684a35521,www.gemeinde-merching.de_wpvivid-b8981f085de20_2026-10-10-16-11_backup_uploads.part004.zip,.jpg,generated thumbnail,False,True,0
wp-content/uploads/2024/11/BP34_Oestl_Nebelhornstrasse_Begruendung_20240620-pdf.jpg,75704,a3f2c0971bf6b36cbf3cc8ef7b9ad5f8938346f166b75f236fc62a39c09bbc83,www.gemeinde-merching.de_wpvivid-b8981f085de20_2026-10-10-16-11_backup_uploads.part004.zip,.jpg,generated thumbnail,False,False,0
wp-content/uploads/2024/11/Oeffentliche-Bekanntmachung-pdf-212x300.jpg,16675,9bdc1f64ac5bfc340181a958d48ef50136de7fef5754251218ff134fe2504d20,www.gemeinde-merching.de_wpvivid-b8981f085de20_2026-10-10-16-11_backup_uploads.part004.zip,.jpg,generated thumbnail,False,True,0
wp-content/uploads/2024/11/BP34_Oestl_Nebelhornstrasse_Planzeichnung_Satzung_2024-06-20.pdf,1312878,cfca1ddb0ce6f623ae41fd77dd9cb58ab5f88c204e83351769abefc4b19b7fbd,www.gemeinde-merching.de_wpvivid-b8981f085de20_2026-10-10-16-11_backup_uploads.part004.zip,.pdf,original/referenced,True,False,0
wp-content/uploads/2024/11/B-Plan-Nr.-34-Datenschutzinformationspflicht.pdf,1559043,c7907c0947a622e85c5016a1d28a29ad7cb087ea70d4433dc84c3ae001ac2691,www.gemeinde-merching.de_wpvivid-b8981f085de20_2026-10-10-16-11_backup_uploads.part004.zip,.pdf,original/referenced,True,False,0
wp-content/uploads/2024/11/Fundsache-Geldschein-am-16.11.2024-pdf.jpg,181255,900c9faa7ae83c7a2867bd939cd8f462af3d9cf21b6913293fbe935cdf893a08,www.gemeinde-merching.de_wpvivid-b8981f085de20_2026-10-10-16-11_backup_uploads.part004.zip,.jpg,generated thumbnail,False,False,0
wp-content/uploads/2024/11/BP34_Oestl_Nebelhornstrasse_Begruendung_20240620-pdf-212x300.jpg,9118,35c93e9774efdd6e8da2a016882ddccfc245c6760a54e709c5e2e8d9753bbf81,www.gemeinde-merching.de_wpvivid-b8981f085de20_2026-10-10-16-11_backup_uploads.part004.zip,.jpg,generated thumbnail,False,True,0
wp-content/uploads/2024/11/B-Plan-Nr.-34-Datenschutzinformationspflicht-pdf-106x150.jpg,13455,c0f4cdfcb150a73d6119a1f1d952b907aa7f26864edbe80f5809e52a8daf0e20,www.gemeinde-merching.de_wpvivid-b8981f085de20_2026-10-10-16-11_backup_uploads.part004.zip,.jpg,generated thumbnail,False,True,0
wp-content/uploads/2024/11/Schalltechnische-Untersuchung-11-05.2023-pdf-212x300.jpg,7011,1f864177494576c48d5466f4260bae12e2bcb80e3ddc13e633a3f416f65ffad4,www.gemeinde-merching.de_wpvivid-b8981f085de20_2026-10-10-16-11_backup_uploads.part004.zip,.jpg,generated thumbnail,False,True,0
wp-content/uploads/2024/11/Schallschutztechnische-Untersuchung-Anlagen.pdf,1700627,882eb45d383acae8ebfc942772332f66776286a23054a90a5a6f91cf2c1623df,www.gemeinde-merching.de_wpvivid-b8981f085de20_2026-10-10-16-11_backup_uploads.part004.zip,.pdf,original/referenced,True,False,0
wp-content/uploads/2024/11/Schallschutztechnische-Untersuchung-Anlagen-pdf-106x150.jpg,3372,1f65a6b809c65bfaf08f12a5de277990714fbbd9d3a96f3e7cfc3d79a4ca6fcc,www.gemeinde-merching.de_wpvivid-b8981f085de20_2026-10-10-16-11_backup_uploads.part004.zip,.jpg,generated thumbnail,False,True,0
wp-content/uploads/2024/11/Schalltechnische-Untersuchung-11-05.2023-pdf-724x1024.jpg,30061,70abe7901e4574756804dde60a5682366579d347654c4e2316d762fbc5c6483a,www.gemeinde-merching.de_wpvivid-b8981f085de20_2026-10-10-16-11_backup_uploads.part004.zip,.jpg,generated thumbnail,False,True,0
wp-content/uploads/2024/11/Oeffentliche-Bekanntmachung-pdf.jpg,284947,99415bb912ecdef174d4661247805c122600963b671422af16af463eed260aac,www.gemeinde-merching.de_wpvivid-b8981f085de20_2026-10-10-16-11_backup_uploads.part004.zip,.jpg,generated thumbnail,False,False,0
wp-content/uploads/2024/11/B-Plan-Nr.-34-Datenschutzinformationspflicht-pdf-212x300.jpg,22073,9f1141c150f35cf02449d641dd083edcf8941efd4b9499fa48294219a1d4ff72,www.gemeinde-merching.de_wpvivid-b8981f085de20_2026-10-10-16-11_backup_uploads.part004.zip,.jpg,generated thumbnail,False,True,0
wp-content/uploads/2024/11/Bekanntmachung-Grd.St_HundeSt.-2025.pdf,91000,9480d86c4210f2f2a758cd077c373577845a952c513aafa3b63ca78cb5866764,www.gemeinde-merching.de_wpvivid-b8981f085de20_2026-10-10-16-11_backup_uploads.part004.zip,.pdf,original/referenced,True,False,1
wp-content/uploads/2024/11/B-Plan-Nr.-34-Datenschutzinformationspflicht-pdf-724x1024.jpg,131390,865e23c8c4b91136e8c3e05f4039e111826ba156fd8ae03c80e12d503e5e5cbd,www.gemeinde-merching.de_wpvivid-b8981f085de20_2026-10-10-16-11_backup_uploads.part004.zip,.jpg,generated thumbnail,False,True,0
wp-content/uploads/2024/11/Zusammenfassende-Erklaerung.pdf,1174688,47b32f822cfabb1e68c9d39055d67a4e96c594390a9bea53a44ee90736c5ce4e,www.gemeinde-merching.de_wpvivid-b8981f085de20_2026-10-10-16-11_backup_uploads.part004.zip,.pdf,original/referenced,True,False,0
wp-content/uploads/2024/11/Zusammenfassende-Erklaerung-pdf-106x150.jpg,6131,b5fa4beb482899f5266bdf7ac832a5e63b203993540183ca173041be7d4d8d5b,www.gemeinde-merching.de_wpvivid-b8981f085de20_2026-10-10-16-11_backup_uploads.part004.zip,.jpg,generated thumbnail,False,True,0
wp-content/uploads/2024/11/Zusammenfassende-Erklaerung-pdf.jpg,240289,f0134fac52f204300444cd1592b44bf74e29328aa2b1f25d99dd2ac60a04384a,www.gemeinde-merching.de_wpvivid-b8981f085de20_2026-10-10-16-11_backup_uploads.part004.zip,.jpg,generated thumbnail,False,False,0
wp-content/uploads/2024/11/Fundsache-Geldschein-am-16.11.2024-pdf-212x300.jpg,10463,f45cb99ceca1b01de30dca4ae3ffabb727492e9e9b7260877785787da6e65db0,www.gemeinde-merching.de_wpvivid-b8981f085de20_2026-10-10-16-11_backup_uploads.part004.zip,.jpg,generated thumbnail,False,True,0
wp-content/uploads/2024/04/miteinand-und-fuereinand-150x150.png,26425,2f8d3a0385b25288a39494da9a4d723c61d954cc0911614a7f8a4034fa8541b9,www.gemeinde-merching.de_wpvivid-b8981f085de20_2026-10-10-16-11_backup_uploads.part004.zip,.png,generated thumbnail,False,True,0
wp-content/uploads/2024/04/Anmeldeformular-2024-1-HJ-pdf.jpg,167115,cbaa475177257ae50c9ce80e2dec93f26c9d055a81700bbbf5d331d45304b4af,www.gemeinde-merching.de_wpvivid-b8981f085de20_2026-10-10-16-11_backup_uploads.part004.zip,.jpg,generated thumbnail,False,False,0
wp-content/uploads/2024/04/miteinand-und-fuereinand.png,77342,ef1f2426ce9d77aec80b181cd9395c9a5dc909add2d8d107a1c00406d6811616,www.gemeinde-merching.de_wpvivid-b8981f085de20_2026-10-10-16-11_backup_uploads.part004.zip,.png,unreferenced candidate (not proven orphan),False,False,0
wp-content/uploads/2024/04/miteinand-und-fuereinand-300x190.png,49325,241b7a499764f30a9fc26ba36351bc81b3c80886112c8aae1374f0eda1b351a1,www.gemeinde-merching.de_wpvivid-b8981f085de20_2026-10-10-16-11_backup_uploads.part004.zip,.png,generated thumbnail,False,True,0
wp-content/uploads/2024/04/miteinand-und-fuereinand-e1712736410427.png,32691,e99fc7d58244ff2aeddb8f9916ec5ad502a1749cc6c2392629c456689c2385c0,www.gemeinde-merching.de_wpvivid-b8981f085de20_2026-10-10-16-11_backup_uploads.part004.zip,.png,unreferenced candidate (not proven orphan),False,False,0
wp-content/uploads/2024/04/Anmeldeformular-2024-1-HJ-pdf-212x300.jpg,13094,c232ed548ca95063bfdb54613b6f41498d588bce6181978cf32d2ea1aaa24a8d,www.gemeinde-merching.de_wpvivid-b8981f085de20_2026-10-10-16-11_backup_uploads.part004.zip,.jpg,generated thumbnail,False,True,0
wp-content/uploads/2024/04/Anmeldeformular-2024-1-HJ-pdf-106x150.jpg,6259,f63549ff92add06249ea7420e00df0f58acc7b42184ed131032037970ce9c3f8,www.gemeinde-merching.de_wpvivid-b8981f085de20_2026-10-10-16-11_backup_uploads.part004.zip,.jpg,generated thumbnail,False,True,0
wp-content/uploads/2024/04/miteinand-und-fuereinand-e1712737064492.png,15841,c2f36c09822cc64b1779e6c5e9fa54ea64c86a95df837429dcca1317dfd6f89c,www.gemeinde-merching.de_wpvivid-b8981f085de20_2026-10-10-16-11_backup_uploads.part004.zip,.png,original/referenced,True,False,4
wp-content/uploads/2024/04/Anmeldeformular-2024-1-HJ.pdf,153159,bf6984d2f9071c33ac37fc1c785c5255c2a5090ab1371c1e66e1e739b829b5ce,www.gemeinde-merching.de_wpvivid-b8981f085de20_2026-10-10-16-11_backup_uploads.part004.zip,.pdf,original/referenced,True,False,0
wp-content/uploads/2024/04/Anmeldeformular-2024-1-HJ-pdf-724x1024.jpg,87451,b4e0a263277a23faf477f6ff150d2b39e1e9cb73f74961af1b6cae75667e0b2f,www.gemeinde-merching.de_wpvivid-b8981f085de20_2026-10-10-16-11_backup_uploads.part004.zip,.jpg,generated thumbnail,False,True,0
wp-content/uploads/2024/03/5.-Aenderung-FNP-PV-Merching_Begruendung-mit-Umweltbericht-Teil-B-pdf-724x1024.jpg,98763,daefe96ac30006eb3995ef96f5df39010abacba3747b109418d2f6107bcf5932,www.gemeinde-merching.de_wpvivid-b8981f085de20_2026-10-10-16-11_backup_uploads.part004.zip,.jpg,generated thumbnail,False,True,0
wp-content/uploads/2024/03/Gemeindekurier-Ostern-2024-f.-Homepage.pdf,788154,f5e9b337d93edf5c3e43cef4cf500dee400c19e242b44d1cadd0889b869e36a0,www.gemeinde-merching.de_wpvivid-b8981f085de20_2026-10-10-16-11_backup_uploads.part004.zip,.pdf,original/referenced,True,False,0
wp-content/uploads/2024/03/Gemeindekurier-Ostern-2024-f.-Homepage-pdf-150x106.jpg,7662,4a9c3144a6c10c114ef09c2638a942b0a025c34bb35df34cb5cf37e3056cfee5,www.gemeinde-merching.de_wpvivid-b8981f085de20_2026-10-10-16-11_backup_uploads.part004.zip,.jpg,generated thumbnail,False,True,0
wp-content/uploads/2024/03/Amtsblatt-03-2024Jahrg.-79-Nr.-03.pdf,307885,6945f9af4898bc3d0be22ce1062686acc444d1801477b00393d84e9ec95a2da1,www.gemeinde-merching.de_wpvivid-b8981f085de20_2026-10-10-16-11_backup_uploads.part004.zip,.pdf,original/referenced,True,False,0
wp-content/uploads/2024/03/Amtsblatt-03-2024Jahrg.-79-Nr.-03-pdf-106x150.jpg,6164,c2c4c0eb3a8917e75874e9d0012b7c88bb22ccd619730ebeede3c612ad1fd0f5,www.gemeinde-merching.de_wpvivid-b8981f085de20_2026-10-10-16-11_backup_uploads.part004.zip,.jpg,generated thumbnail,False,True,0
wp-content/uploads/2024/03/5.-Aenderung-FNP-PV-Merching-Teil-A_Planzeichnung-pdf-300x92.jpg,10885,c248522517fa37868fe7b4ab5c0f8cf0e73d4cffc4f4a0b90508c681358cd688,www.gemeinde-merching.de_wpvivid-b8981f085de20_2026-10-10-16-11_backup_uploads.part004.zip,.jpg,generated thumbnail,False,True,0
wp-content/uploads/2024/03/5.-Aenderung-FNP-PV-Merching_Begruendung-mit-Umweltbericht-Teil-B-pdf.jpg,190713,ec097ebe000e7fbf2bdabd2d2c7f47a3e58dd972c98e6a37fc46811b6b43d5e2,www.gemeinde-merching.de_wpvivid-b8981f085de20_2026-10-10-16-11_backup_uploads.part004.zip,.jpg,generated thumbnail,False,False,0
wp-content/uploads/2024/03/BP-Nr.-39-PV-Merching-Teil-A-Planzeichnung-2023-10-26-pdf-1016x1024.jpg,181225,0406ea811c208c8870e8de71edea4939011a27d35a6799a77677380ef7cb73c6,www.gemeinde-merching.de_wpvivid-b8981f085de20_2026-10-10-16-11_backup_uploads.part004.zip,.jpg,generated thumbnail,False,True,0
wp-content/uploads/2024/03/BP-Nr.-39-PV-Merching-Teil-A-Planzeichnung-2023-10-26-pdf.jpg,1124233,27068f1589271c9d53f181f40865949eb0e7f32192e067b8b50d6b95657089c9,www.gemeinde-merching.de_wpvivid-b8981f085de20_2026-10-10-16-11_backup_uploads.part004.zip,.jpg,generated thumbnail,False,False,0
wp-content/uploads/2024/03/Gemeindekurier-Ostern-2024-f.-Homepage-pdf-300x212.jpg,18397,c8c9be30b100b6f2c6673b681fbb7f844b372deba739186beae32d226d316442,www.gemeinde-merching.de_wpvivid-b8981f085de20_2026-10-10-16-11_backup_uploads.part004.zip,.jpg,generated thumbnail,False,True,0
wp-content/uploads/2024/03/BP-Nr.-39-PV-Merching-Teil-A-Planzeichnung-2023-10-26.pdf,495995,fe614c8f43b4069e708b6a08073e0ad336cb369e7acd95bd77ccee904f9b7c87,www.gemeinde-merching.de_wpvivid-b8981f085de20_2026-10-10-16-11_backup_uploads.part004.zip,.pdf,original/referenced,True,False,0
wp-content/uploads/2024/03/Amtsblatt-03-2024Jahrg.-79-Nr.-03-pdf-212x300.jpg,11905,546077b1a0d158f11cf8f347d82ea39640274a5dc6434ce9e485750fa6eed32b,www.gemeinde-merching.de_wpvivid-b8981f085de20_2026-10-10-16-11_backup_uploads.part004.zip,.jpg,generated thumbnail,False,True,0
wp-content/uploads/2024/03/5.-Aenderung-FNP-PV-Merching_Begruendung-mit-Umweltbericht-Teil-B.pdf,679822,379c2fd6a7604b5bc35d568213886b8c50e61110bca023a20f5b62a19461029a,www.gemeinde-merching.de_wpvivid-b8981f085de20_2026-10-10-16-11_backup_uploads.part004.zip,.pdf,original/referenced,True,False,0
wp-content/uploads/2024/03/5.-Aenderung-FNP-PV-Merching_Begruendung-mit-Umweltbericht-Teil-B-pdf-106x150.jpg,6547,c3583c3b78cc4f16b6200840f6c00dc76c02f0c8e1f6aa9ed2494da7ee5c689a,www.gemeinde-merching.de_wpvivid-b8981f085de20_2026-10-10-16-11_backup_uploads.part004.zip,.jpg,generated thumbnail,False,True,0
wp-content/uploads/2024/03/5.-Aenderung-FNP-PV-Merching-Teil-A_Planzeichnung-pdf.jpg,1168056,70e1f296f537348b487640e5e87b373bbe0cd9fd44426f73360d064060eaa131,www.gemeinde-merching.de_wpvivid-b8981f085de20_2026-10-10-16-11_backup_uploads.part004.zip,.jpg,generated thumbnail,False,False,0
wp-content/uploads/2024/03/Amtsblatt-03-2024Jahrg.-79-Nr.-03-pdf.jpg,140591,54a66e7e5a471f440f70bdb21615d51d8073c483e7f2ad760d8424cfd9045787,www.gemeinde-merching.de_wpvivid-b8981f085de20_2026-10-10-16-11_backup_uploads.part004.zip,.jpg,generated thumbnail,False,False,0
wp-content/uploads/2024/03/BP-Nr.-39-PV-Merching-Teil-A-Planzeichnung-2023-10-26-pdf-150x150.jpg,8942,98a4d6c9e9d7edd8abc765ecfe7d0986ab1b9ea6496d94a7552e21f46d53e1a2,www.gemeinde-merching.de_wpvivid-b8981f085de20_2026-10-10-16-11_backup_uploads.part004.zip,.jpg,generated thumbnail,False,True,0
wp-content/uploads/2024/03/5.-Aenderung-FNP-PV-Merching-Teil-A_Planzeichnung.pdf,2671173,130e2d9cf8ec2a027d3076c7f0670fa92cfeabbd4d2213ad3cc6a0fb602b919e,www.gemeinde-merching.de_wpvivid-b8981f085de20_2026-10-10-16-11_backup_uploads.part004.zip,.pdf,original/referenced,True,False,0
wp-content/uploads/2024/03/Amtsblatt-03-2024Jahrg.-79-Nr.-03-pdf-724x1024.jpg,72722,b03630a0338d7abd41a9147c73a3fa57a68c3e1170cd5289fee642d94c7669cc,www.gemeinde-merching.de_wpvivid-b8981f085de20_2026-10-10-16-11_backup_uploads.part004.zip,.jpg,generated thumbnail,False,True,0
wp-content/uploads/2024/03/Gemeindekurier-Ostern-2024-f.-Homepage-pdf.jpg,526571,d9ff6bb03dfd77aee41e6f421b2fc9d6b763bcf35c23dcb1fd4085bdf99e5cb8,www.gemeinde-merching.de_wpvivid-b8981f085de20_2026-10-10-16-11_backup_uploads.part004.zip,.jpg,generated thumbnail,False,False,0
wp-content/uploads/2024/03/5.-Aenderung-FNP-PV-Merching_Begruendung-mit-Umweltbericht-Teil-B-pdf-212x300.jpg,14549,4f25cd78d48186ed60d77a41bacbc523b06578a81093cf74a34d178c0cbe75e0,www.gemeinde-merching.de_wpvivid-b8981f085de20_2026-10-10-16-11_backup_uploads.part004.zip,.jpg,generated thumbnail,False,True,0
wp-content/uploads/2024/03/BP-Nr.-39-PV-Merching-Teil-A-Planzeichnung-2023-10-26-pdf-298x300.jpg,22695,fc13ca86b68b8de64ea3a19b796cb6e3ce020abb6547f246c90e6406f86ccc34,www.gemeinde-merching.de_wpvivid-b8981f085de20_2026-10-10-16-11_backup_uploads.part004.zip,.jpg,generated thumbnail,False,True,0
wp-content/uploads/2024/03/Gemeindekurier-Ostern-2024-f.-Homepage-pdf-1024x724.jpg,145519,699d9ed28ed28bfa25e816a3ec40ab2e60de98c341b93ce7ed1ccbd8b6318a6f,www.gemeinde-merching.de_wpvivid-b8981f085de20_2026-10-10-16-11_backup_uploads.part004.zip,.jpg,generated thumbnail,False,True,0
wp-content/uploads/2024/03/5.-Aenderung-FNP-PV-Merching-Teil-A_Planzeichnung-pdf-1024x314.jpg,79848,697c372e374e898f6c0c42324afc7150da423ea389e098db193d68efdcf4419a,www.gemeinde-merching.de_wpvivid-b8981f085de20_2026-10-10-16-11_backup_uploads.part004.zip,.jpg,generated thumbnail,False,True,0
wp-content/uploads/2024/03/5.-Aenderung-FNP-PV-Merching-Teil-A_Planzeichnung-pdf-150x46.jpg,5032,74cf80980ef92bf57e88fe36afd4a40fb104f2e2ada169b838e3f98b05f4c189,www.gemeinde-merching.de_wpvivid-b8981f085de20_2026-10-10-16-11_backup_uploads.part004.zip,.jpg,generated thumbnail,False,True,0
wp-content/uploads/2024/01/Plakatierungsverordnung-1-pdf-106x150.jpg,6338,e1cb5c7ce3ef30d082e65e125cfe7abcd1f35045f448e23ddba3f0ae4def2045,www.gemeinde-merching.de_wpvivid-b8981f085de20_2026-10-10-16-11_backup_uploads.part004.zip,.jpg,generated thumbnail,False,True,0
wp-content/uploads/2024/01/Amtsblatt-01-2024Jahrg.-79-Nr.-01-pdf-106x150.jpg,5439,ff004dce422b7aeda5bb11a634ad67b9a4a4ad1909f342c343858ea8ce8c20ff,www.gemeinde-merching.de_wpvivid-b8981f085de20_2026-10-10-16-11_backup_uploads.part004.zip,.jpg,generated thumbnail,False,True,0
wp-content/uploads/2024/01/Amtsblatt-01-2024Jahrg.-79-Nr.-01-pdf-212x300.jpg,11999,e7a156abbff7e1a7b20e291f3101b320ce84112e353cd96fed892992ed29c030,www.gemeinde-merching.de_wpvivid-b8981f085de20_2026-10-10-16-11_backup_uploads.part004.zip,.jpg,generated thumbnail,False,True,0
wp-content/uploads/2024/01/Oeffentl.Bekanntmachung_GR1_Jan24-pdf-724x1024.jpg,69255,ddc04890e4e5b87bd5d1b12946f72100d75898daf2897ef5320f93730a060de9,www.gemeinde-merching.de_wpvivid-b8981f085de20_2026-10-10-16-11_backup_uploads.part004.zip,.jpg,generated thumbnail,False,True,0
wp-content/uploads/2024/01/Oeffentl.Bekanntmachung_GR1_Jan24-pdf-212x300.jpg,9764,bccaacf57922bd85195615e1bd4838d4172a421df57a74d5c588ad86d7790a64,www.gemeinde-merching.de_wpvivid-b8981f085de20_2026-10-10-16-11_backup_uploads.part004.zip,.jpg,generated thumbnail,False,True,0
wp-content/uploads/2024/01/Plakatierungsverordnung-pdf-724x1024.jpg,125969,cef63803f4f8bf76ff39a1b57f0fed97992ec7fbafe674efe016e6e3cfaa8e9e,www.gemeinde-merching.de_wpvivid-b8981f085de20_2026-10-10-16-11_backup_uploads.part004.zip,.jpg,generated thumbnail,False,True,0
wp-content/uploads/2024/01/Plakatierungsverordnung-pdf-212x300.jpg,14848,077a1c1d1f75d4511dcc7d5473502eb7898858058730d70ff927bd1fe2592248,www.gemeinde-merching.de_wpvivid-b8981f085de20_2026-10-10-16-11_backup_uploads.part004.zip,.jpg,generated thumbnail,False,True,0
wp-content/uploads/2024/01/Amtsblatt-01-2024Jahrg.-79-Nr.-01.pdf,385740,c3790e4469977cb6d634774fe6bff9ca4ab167ca2924cab9d597e19200c57438,www.gemeinde-merching.de_wpvivid-b8981f085de20_2026-10-10-16-11_backup_uploads.part004.zip,.pdf,original/referenced,True,False,0
wp-content/uploads/2024/01/Plakatierungsverordnung-1-pdf-724x1024.jpg,127279,d94b79497d014215a5210568ae28e6745feca96937073bf67ac03401ed5f4a71,www.gemeinde-merching.de_wpvivid-b8981f085de20_2026-10-10-16-11_backup_uploads.part004.zip,.jpg,generated thumbnail,False,True,0
wp-content/uploads/2024/01/Oeffentl.Bekanntmachung_GR1_Jan24-pdf-106x150.jpg,4847,8d8468e399563966b62da5134a78a7fe04a630dd021046f9bed1c8afb0d60cc5,www.gemeinde-merching.de_wpvivid-b8981f085de20_2026-10-10-16-11_backup_uploads.part004.zip,.jpg,generated thumbnail,False,True,0
wp-content/uploads/2024/01/Oeffentl.Bekanntmachung_GR1_Jan24.pdf,126997,1ed4ae074b3ab6db52519e28ee87e440d34ea8b9d57f3cdff1a90b51f24839ad,www.gemeinde-merching.de_wpvivid-b8981f085de20_2026-10-10-16-11_backup_uploads.part004.zip,.pdf,original/referenced,True,False,0
wp-content/uploads/2024/01/Plakatierungsverordnung-1.pdf,1439303,6d7ad051d37b5e65796dc9fd73bcb3fd19aa25b795db8f2d49f030598838790f,www.gemeinde-merching.de_wpvivid-b8981f085de20_2026-10-10-16-11_backup_uploads.part004.zip,.pdf,original/referenced,True,False,0
wp-content/uploads/2024/01/Oeffentl.Bekanntmachung_GR1_Jan24-pdf.jpg,128350,3b9b51c8e6ae13e831878644af3478398df0227238916bc736e977d54f799fb6,www.gemeinde-merching.de_wpvivid-b8981f085de20_2026-10-10-16-11_backup_uploads.part004.zip,.jpg,generated thumbnail,False,False,0
wp-content/uploads/2024/01/Plakatierungsverordnung.pdf,2128374,9e0147abc6f5f2c96885439d528f0edc036425679fc5dc8b328e2c01f12cf2c6,www.gemeinde-merching.de_wpvivid-b8981f085de20_2026-10-10-16-11_backup_uploads.part004.zip,.pdf,original/referenced,True,False,0
wp-content/uploads/2024/01/Plakatierungsverordnung-1-pdf-212x300.jpg,14599,3cbf00953ed4d62d04ae29ee5065f9e3ecc24c9919a38f0891b222b33eb5c2d9,www.gemeinde-merching.de_wpvivid-b8981f085de20_2026-10-10-16-11_backup_uploads.part004.zip,.jpg,generated thumbnail,False,True,0
wp-content/uploads/2024/01/Amtsblatt-01-2024Jahrg.-79-Nr.-01-pdf.jpg,171837,1146cae48e82ad267d90cf7b61643e0b5d397ec0c79251748ac0430403958a70,www.gemeinde-merching.de_wpvivid-b8981f085de20_2026-10-10-16-11_backup_uploads.part004.zip,.jpg,generated thumbnail,False,False,0
wp-content/uploads/2024/01/Plakatierungsverordnung-1-pdf.jpg,266926,e6f847f25cf5e746c2aa5a3b81e1566f5204294adc6965296f319b722de77bb2,www.gemeinde-merching.de_wpvivid-b8981f085de20_2026-10-10-16-11_backup_uploads.part004.zip,.jpg,generated thumbnail,False,False,0
wp-content/uploads/2024/01/Plakatierungsverordnung-pdf.jpg,269353,693f6b9576fe6ee805d83ddf098c17f5f8ec915010dadc97a9082152054136d4,www.gemeinde-merching.de_wpvivid-b8981f085de20_2026-10-10-16-11_backup_uploads.part004.zip,.jpg,generated thumbnail,False,False,0
wp-content/uploads/2024/01/Plakatierungsverordnung-pdf-106x150.jpg,6355,65c97ecfdeef7bf979c27eede3153d3e9330328ca803467ac03c6dbae5319a1a,www.gemeinde-merching.de_wpvivid-b8981f085de20_2026-10-10-16-11_backup_uploads.part004.zip,.jpg,generated thumbnail,False,True,0
wp-content/uploads/2024/01/Amtsblatt-01-2024Jahrg.-79-Nr.-01-pdf-724x1024.jpg,87470,7fcad795b2d169ee8c31c3f3d3c98b849e56b5547d6370bcf4546f722b7992f9,www.gemeinde-merching.de_wpvivid-b8981f085de20_2026-10-10-16-11_backup_uploads.part004.zip,.jpg,generated thumbnail,False,True,0
wp-content/uploads/2024/06/Infoblatt-Hochwasser-2024.pdf,98580,bf100e0f70dc0cdf7b129ee1dba49ac6510003714c5fff74104d1e3e77302e4a,www.gemeinde-merching.de_wpvivid-b8981f085de20_2026-10-10-16-11_backup_uploads.part004.zip,.pdf,original/referenced,True,False,1
wp-content/uploads/2024/06/Energieberatung-Landkreis-Aichach-Friedberg-Typo-schwarz-RGB-scaled-e1629102681482-300x86.jpg,5236,ad99a2f648ac9113a04b7637a85dec4fedd4ba18fe838294d463aa32e10cb086,www.gemeinde-merching.de_wpvivid-b8981f085de20_2026-10-10-16-11_backup_uploads.part004.zip,.jpg,generated thumbnail,False,True,0
wp-content/uploads/2024/06/Infoblatt-Hochwasser-2024-pdf.jpg,200368,a6985b1ddfed40a24309bc11afa0155278fee3f0c9357fe3f2740852ccde795c,www.gemeinde-merching.de_wpvivid-b8981f085de20_2026-10-10-16-11_backup_uploads.part004.zip,.jpg,generated thumbnail,False,False,0
wp-content/uploads/2024/06/Infoblatt-Hochwasser-2024-pdf-106x150.jpg,5837,bec878162e65e5af624bdb876332a5c486924e3390f877196a9886539cf53f33,www.gemeinde-merching.de_wpvivid-b8981f085de20_2026-10-10-16-11_backup_uploads.part004.zip,.jpg,generated thumbnail,False,True,0
wp-content/uploads/2024/06/Energieberatung-Landkreis-Aichach-Friedberg-Typo-schwarz-RGB-scaled-e1719300013415.jpg,1489,06de107dd4f1c0472b23ccf78001742acacda6e60b1e5e990720237037c785d9,www.gemeinde-merching.de_wpvivid-b8981f085de20_2026-10-10-16-11_backup_uploads.part004.zip,.jpg,original/referenced,True,False,2
wp-content/uploads/2024/06/Infoblatt-Hochwasser-2024-pdf-724x1024.jpg,102516,3cc2dc6d6aaf6016910eab811d06f49de041992cdf144da0679aebce8413851d,www.gemeinde-merching.de_wpvivid-b8981f085de20_2026-10-10-16-11_backup_uploads.part004.zip,.jpg,generated thumbnail,False,True,0
wp-content/uploads/2024/06/Energieberatung-Landkreis-Aichach-Friedberg-Typo-schwarz-RGB-scaled-e1719299989335.jpg,1482,52b09b8c782a37b8bb1a94a870acaad56c2c877b006ae2e52b9e4e7fdadd6a3a,www.gemeinde-merching.de_wpvivid-b8981f085de20_2026-10-10-16-11_backup_uploads.part004.zip,.jpg,unreferenced candidate (not proven orphan),False,False,0
wp-content/uploads/2024/06/Energieberatung-Landkreis-Aichach-Friedberg-Typo-schwarz-RGB-scaled-e1629102681482.jpg,33927,140db27485f0218e7ff8ccb407bc3f2b680394aba7d873adbe27cccdfc3dab79,www.gemeinde-merching.de_wpvivid-b8981f085de20_2026-10-10-16-11_backup_uploads.part004.zip,.jpg,unreferenced candidate (not proven orphan),False,False,0
wp-content/uploads/2024/06/Infoblatt-Hochwasser-2024-pdf-212x300.jpg,12758,3e2f907f1b43e9759b411118b33312eb0d212074c2b6232cdd6d0666f8684bcf,www.gemeinde-merching.de_wpvivid-b8981f085de20_2026-10-10-16-11_backup_uploads.part004.zip,.jpg,generated thumbnail,False,True,0
wp-content/uploads/2024/06/Energieberatung-Landkreis-Aichach-Friedberg-Typo-schwarz-RGB-scaled-e1629102681482-1024x292.jpg,26494,d013b2e3e780b8d10e922d0cc8b87722d7a342612eb977dbef11b57f89050762,www.gemeinde-merching.de_wpvivid-b8981f085de20_2026-10-10-16-11_backup_uploads.part004.zip,.jpg,generated thumbnail,False,True,0
wp-content/uploads/2024/06/Energieberatung-Landkreis-Aichach-Friedberg-Typo-schwarz-RGB-scaled-e1629102681482-768x219.jpg,17729,1baa1e850c698daddef96b6aba98a2214a88ee5f57d7c9e9ed8e7989a85dfac8,www.gemeinde-merching.de_wpvivid-b8981f085de20_2026-10-10-16-11_backup_uploads.part004.zip,.jpg,generated thumbnail,False,True,0
wp-content/uploads/2024/06/Energieberatung-Landkreis-Aichach-Friedberg-Typo-schwarz-RGB-scaled-e1629102681482-150x150.jpg,3762,2949f8344b5ba0b394957c4ddd156fb3653c6195fcdbc7484f64d815dcfa5d2f,www.gemeinde-merching.de_wpvivid-b8981f085de20_2026-10-10-16-11_backup_uploads.part004.zip,.jpg,generated thumbnail,False,True,0
wp-content/uploads/2024/07/Antrag_Fahrkarte_2024_2025-1.pdf,71409,a916f5567feeb17ba369d0e9d0fb48ff4783046b6eba77f0c928f332858b85a6,www.gemeinde-merching.de_wpvivid-b8981f085de20_2026-10-10-16-11_backup_uploads.part004.zip,.pdf,original/referenced,True,False,0
wp-content/uploads/2024/07/Antrag_Fahrkarte_2024_2025-1-pdf-106x150.jpg,6366,1781e109674180bc03b42df2f9d155c70ad0123470d73461e5f6e9819e9b0a63,www.gemeinde-merching.de_wpvivid-b8981f085de20_2026-10-10-16-11_backup_uploads.part004.zip,.jpg,generated thumbnail,False,True,0
wp-content/uploads/2024/07/Antrag_Fahrkarte_2024_2025-1-pdf.jpg,179868,6523e026019efbe01c0a97c51a6fcd9dd56fa442942aeca1e669f0bf27ba9ae4,www.gemeinde-merching.de_wpvivid-b8981f085de20_2026-10-10-16-11_backup_uploads.part004.zip,.jpg,generated thumbnail,False,False,0
wp-content/uploads/2024/07/Gemeindekurier-Sommer-2024-f.-Homepage.pdf,1394093,acc70968b65dff30929ead92baf45fb00b5e9c2471624543710261577973e937,www.gemeinde-merching.de_wpvivid-b8981f085de20_2026-10-10-16-11_backup_uploads.part004.zip,.pdf,original/referenced,True,False,0
wp-content/uploads/2024/07/Antrag_Fahrkarte_2024_2025-1-pdf-212x300.jpg,13281,3d082865a456aa2e5bc07d090b56c99c8c4d2643217b9876fc46a96d3eef3c01,www.gemeinde-merching.de_wpvivid-b8981f085de20_2026-10-10-16-11_backup_uploads.part004.zip,.jpg,generated thumbnail,False,True,0
wp-content/uploads/2024/07/Antrag_Fahrkarte_2024_2025-1-pdf-724x1024.jpg,89201,30430fbd36b6255a8b432bc6e0db810c1ff35530ca638e224fceb5fa02b808ad,www.gemeinde-merching.de_wpvivid-b8981f085de20_2026-10-10-16-11_backup_uploads.part004.zip,.jpg,generated thumbnail,False,True,0
wp-content/uploads/2024/12/Gemeindekurier-Weihnachten-2024-f.-Homepage-pdf.jpg,482522,6747d6a4fc927d94a873712bebe24a42bccd8c957ae5b6be1cc73d00351af840,www.gemeinde-merching.de_wpvivid-b8981f085de20_2026-10-10-16-11_backup_uploads.part004.zip,.jpg,generated thumbnail,False,False,0
wp-content/uploads/2024/12/Gemeindekurier-Weihnachten-2024-f.-Homepage-pdf-150x106.jpg,7605,d263806d41490c62991f19417168666d711e92473cd51893e8a886bfd67f1d22,www.gemeinde-merching.de_wpvivid-b8981f085de20_2026-10-10-16-11_backup_uploads.part004.zip,.jpg,generated thumbnail,False,True,0
wp-content/uploads/2024/12/Gemeindekurier-Weihnachten-2024-f.-Homepage-pdf-1024x724.jpg,137624,c338c80e0e5b9f36163388b60d21167438f9f4068520d1806b9101d851b854a3,www.gemeinde-merching.de_wpvivid-b8981f085de20_2026-10-10-16-11_backup_uploads.part004.zip,.jpg,generated thumbnail,False,True,0
wp-content/uploads/2024/12/Korrektur_Formular_zur_GrSt_Auslage_in_Gemeinde_und_SZ_04.12.2024-pdf-212x300.jpg,10583,c3d9997a6e1dfe132cad1fbe49757eebdb58f40ae25715958cf55381d682276d,www.gemeinde-merching.de_wpvivid-b8981f085de20_2026-10-10-16-11_backup_uploads.part004.zip,.jpg,generated thumbnail,False,True,0
wp-content/uploads/2024/12/Plakat-2024.doc,273920,51501ad9b4fd3ef9007f9a0c905b4c5d160b79cab231d4ea1815e93f3621f67a,www.gemeinde-merching.de_wpvivid-b8981f085de20_2026-10-10-16-11_backup_uploads.part004.zip,.doc,original/referenced,True,False,0
wp-content/uploads/2024/12/Korrektur_Formular_zur_GrSt_Auslage_in_Gemeinde_und_SZ_04.12.2024-pdf.jpg,118089,541309dde89c9be95c82c40971c15fa6e8efe33a31d3d9ca58586d5f2155a546,www.gemeinde-merching.de_wpvivid-b8981f085de20_2026-10-10-16-11_backup_uploads.part004.zip,.jpg,generated thumbnail,False,False,0
wp-content/uploads/2024/12/Gemeindekurier-Weihnachten-2024-f.-Homepage-pdf-300x212.jpg,17653,12bd90b89deead7e6293a56a2ac7312279cd0996825a6a93ffe02fbf87383110,www.gemeinde-merching.de_wpvivid-b8981f085de20_2026-10-10-16-11_backup_uploads.part004.zip,.jpg,generated thumbnail,False,True,0
wp-content/uploads/2024/12/Korrektur_Formular_zur_GrSt_Auslage_in_Gemeinde_und_SZ_04.12.2024.pdf,25539,66fe51cf80f844ef7096e5730d415e4ce2c1ceca8f15817b230c10d244a2fe1d,www.gemeinde-merching.de_wpvivid-b8981f085de20_2026-10-10-16-11_backup_uploads.part004.zip,.pdf,original/referenced,True,False,1
wp-content/uploads/2024/12/Gemeindekurier-Weihnachten-2024-f.-Homepage.pdf,1485081,2afdcea3c87d92c2b21caf13bcd3580664a6e5d7d746bb534b7c8ac043d9894b,www.gemeinde-merching.de_wpvivid-b8981f085de20_2026-10-10-16-11_backup_uploads.part004.zip,.pdf,original/referenced,True,False,0
wp-content/uploads/2024/12/Korrektur_Formular_zur_GrSt_Auslage_in_Gemeinde_und_SZ_04.12.2024-pdf-724x1024.jpg,63599,f53251651e7fa08e40e361727f12f54528af985df9a6deaea33eff7e7f8604f0,www.gemeinde-merching.de_wpvivid-b8981f085de20_2026-10-10-16-11_backup_uploads.part004.zip,.jpg,generated thumbnail,False,True,0
wp-content/uploads/2024/12/Korrektur_Formular_zur_GrSt_Auslage_in_Gemeinde_und_SZ_04.12.2024-pdf-106x150.jpg,5578,09a9c9d422b9f21d976f13e23d4a1de2c438c429c4ab7ed3073e18e540a9b75d,www.gemeinde-merching.de_wpvivid-b8981f085de20_2026-10-10-16-11_backup_uploads.part004.zip,.jpg,generated thumbnail,False,True,0
wp-content/uploads/2024/05/QRCode_StoermelderApp_Merching_210602.png,1192,5de81fdeeee5d29eeded858f9910e3390bc479fdc285fcc7c1098a62973804a7,www.gemeinde-merching.de_wpvivid-b8981f085de20_2026-10-10-16-11_backup_uploads.part004.zip,.png,original/referenced,True,False,1
wp-content/uploads/2024/05/EnergiePortal_Veroeffentltext_SchadensMelder_Dez23-pdf-106x150.jpg,7343,cf0f762f335d1e497504a32b37f039bcd8992b9f2aaf5085e9968b6e9bf360b1,www.gemeinde-merching.de_wpvivid-b8981f085de20_2026-10-10-16-11_backup_uploads.part004.zip,.jpg,generated thumbnail,False,True,0
wp-content/uploads/2024/05/EnergiePortal_Veroeffentltext_SchadensMelder_Dez23.pdf,158629,a6494aae19b45e5e8ec4e0b9c633f0972bccaa099dcd31303c0c1b629e119deb,www.gemeinde-merching.de_wpvivid-b8981f085de20_2026-10-10-16-11_backup_uploads.part004.zip,.pdf,original/referenced,True,False,1
wp-content/uploads/2024/05/QRCode_StoermelderApp_Merching_210602-300x300.png,3969,7cd7753b861c7ec260dca9346b36f584205957e1a5c3ad1b841b35c5bde16af4,www.gemeinde-merching.de_wpvivid-b8981f085de20_2026-10-10-16-11_backup_uploads.part004.zip,.png,original/referenced,False,True,1
wp-content/uploads/2024/05/QRCode_StoermelderApp_Merching_210602-150x150.png,3704,353b0a031f8264009c238d371ecb117f2d2390e7d910a4ff1a52a0d4e78036d4,www.gemeinde-merching.de_wpvivid-b8981f085de20_2026-10-10-16-11_backup_uploads.part004.zip,.png,generated thumbnail,False,True,1
wp-content/uploads/2024/05/QRCode_StoermelderApp_Merching_210602-768x768.png,6755,05c73caa0bfde974fb23dd34930122512e0aadec111b37cb02125dc52e35fa77,www.gemeinde-merching.de_wpvivid-b8981f085de20_2026-10-10-16-11_backup_uploads.part004.zip,.png,generated thumbnail,False,True,1
wp-content/uploads/2024/05/EnergiePortal_Veroeffentltext_SchadensMelder_Dez23-pdf-212x300.jpg,15781,54e16fadbf27ad1931ce463c3d800a9026e2b8d6738dfb23abc89082912063fb,www.gemeinde-merching.de_wpvivid-b8981f085de20_2026-10-10-16-11_backup_uploads.part004.zip,.jpg,generated thumbnail,False,True,0
wp-content/uploads/2024/05/EnergiePortal_Veroeffentltext_SchadensMelder_Dez23-pdf-724x1024.jpg,114906,ba93a14df2898349f040a8a1463d46d021d8328bd49e68519cdc3b364e9e9b20,www.gemeinde-merching.de_wpvivid-b8981f085de20_2026-10-10-16-11_backup_uploads.part004.zip,.jpg,generated thumbnail,False,True,0
wp-content/uploads/2024/05/EnergiePortal_Veroeffentltext_SchadensMelder_Dez23-pdf.jpg,215927,bc03942d7a97e6084f249f4cfd4d5c2bc586b859d3aecd0c88fe06f59befbcc2,www.gemeinde-merching.de_wpvivid-b8981f085de20_2026-10-10-16-11_backup_uploads.part004.zip,.jpg,generated thumbnail,False,False,0
wp-content/uploads/2024/08/Fundanzeige-24-2024-pdf.jpg,289997,8000eceb7b36b12d79fdae351df6997c1658831b7dedf17b1899ca54a4099d57,www.gemeinde-merching.de_wpvivid-b8981f085de20_2026-10-10-16-11_backup_uploads.part004.zip,.jpg,generated thumbnail,False,False,0
wp-content/uploads/2024/08/Fundanzeige-24-2024-pdf-212x300.jpg,14079,32ffe8c5b2c02202004b41c5c58b945cadce3f50f2e6f1a5af9c492339558dcb,www.gemeinde-merching.de_wpvivid-b8981f085de20_2026-10-10-16-11_backup_uploads.part004.zip,.jpg,generated thumbnail,False,True,0
wp-content/uploads/2024/08/Fundanzeige-24-2024.pdf,560826,a09f3fc02212dfaa7401fc4b3124de90588aea70b67deaa10f2bbfff9b6c8e4d,www.gemeinde-merching.de_wpvivid-b8981f085de20_2026-10-10-16-11_backup_uploads.part004.zip,.pdf,original/referenced,True,False,0
wp-content/uploads/2024/08/Fundanzeige-24-2024-pdf-724x1024.jpg,135822,c0ced6dac4c70b7344ab945ff53699f3522dd2328118290f71848353915f662f,www.gemeinde-merching.de_wpvivid-b8981f085de20_2026-10-10-16-11_backup_uploads.part004.zip,.jpg,generated thumbnail,False,True,0
wp-content/uploads/2024/08/Fundanzeige-24-2024-pdf-106x150.jpg,4222,18e680efcaa727199f47f53db62f5a94c05b710b6ee679e66a1b834bcdb2b057,www.gemeinde-merching.de_wpvivid-b8981f085de20_2026-10-10-16-11_backup_uploads.part004.zip,.jpg,generated thumbnail,False,True,0
wp-content/uploads/2024/10/Buergerbefragung_Druckformat.pdf,335972,37153dc6e27aa7afcafd3d95f229a42fc916300f4f788a5c3e7a771e09c97b1f,www.gemeinde-merching.de_wpvivid-b8981f085de20_2026-10-10-16-11_backup_uploads.part004.zip,.pdf,original/referenced,True,False,0
wp-content/uploads/2024/10/Buergerbefragung_Druckformat-pdf.jpg,259701,94a6b16fd6ffde0971d313b7708debb6a30a418b93c340eb6ad0debaf4875de7,www.gemeinde-merching.de_wpvivid-b8981f085de20_2026-10-10-16-11_backup_uploads.part004.zip,.jpg,generated thumbnail,False,False,0
wp-content/uploads/2024/10/Gemeindekurier-Herbst-2024-f.-Homepage-pdf.jpg,634802,3a4ac4480989c290e596924d8e2fd4f7602c3b66ba635200a0b136b3865f686c,www.gemeinde-merching.de_wpvivid-b8981f085de20_2026-10-10-16-11_backup_uploads.part004.zip,.jpg,generated thumbnail,False,False,0
wp-content/uploads/2024/10/Buergerbefragung_Druckformat-pdf-106x150.jpg,6742,753d5f5810a4f97c1e7b5406b0374938d5549f2222758ee86985e8ef27cdcb54,www.gemeinde-merching.de_wpvivid-b8981f085de20_2026-10-10-16-11_backup_uploads.part004.zip,.jpg,generated thumbnail,False,True,0
wp-content/uploads/2024/10/Hebesatzsatzung_2025-pdf-724x1024.jpg,110090,a256bd1020ccadb1de07afff1d2938f9559ebe8c10280404627195969b5bcbeb,www.gemeinde-merching.de_wpvivid-b8981f085de20_2026-10-10-16-11_backup_uploads.part004.zip,.jpg,generated thumbnail,False,True,0
wp-content/uploads/2024/10/Hebesatzsatzung_2025-pdf-106x150.jpg,6246,29403040856057ad248e3a4dd9fb26cceede1e1e09c11377302d55e86b61f3da,www.gemeinde-merching.de_wpvivid-b8981f085de20_2026-10-10-16-11_backup_uploads.part004.zip,.jpg,generated thumbnail,False,True,0
wp-content/uploads/2024/10/Gemeindekurier-Herbst-2024-f.-Homepage-pdf-150x106.jpg,7718,52a1cc45d858dcf311b60a4cd36389e6558f08b48c41a12947ad85191f03e2f8,www.gemeinde-merching.de_wpvivid-b8981f085de20_2026-10-10-16-11_backup_uploads.part004.zip,.jpg,generated thumbnail,False,True,0
wp-content/uploads/2024/10/Heimatprojekt_Textvorschlag_Website-pdf-212x300.jpg,15101,cd2d8a3b75ebd5e6fc0f73d387634ae3d64a517f8e9dbf1cdc88f7b9461a895e,www.gemeinde-merching.de_wpvivid-b8981f085de20_2026-10-10-16-11_backup_uploads.part004.zip,.jpg,generated thumbnail,False,True,0
wp-content/uploads/2024/10/Heimatprojekt_Textvorschlag_Website.pdf,138508,b427ba21cbcedc3dd97be0eea8592cf41d93e33645f6f120ecc6f5e3cd2a5f8b,www.gemeinde-merching.de_wpvivid-b8981f085de20_2026-10-10-16-11_backup_uploads.part004.zip,.pdf,original/referenced,True,False,0
wp-content/uploads/2024/10/Buergerbefragung_Druckformat-pdf-212x300.jpg,15981,14ac02277c70eec3796e496f12548ce76d60310cbcddfaedc8a7e7fae21692f5,www.gemeinde-merching.de_wpvivid-b8981f085de20_2026-10-10-16-11_backup_uploads.part004.zip,.jpg,generated thumbnail,False,True,0
wp-content/uploads/2024/10/Heimatprojekt_Textvorschlag_Website-pdf.jpg,250247,71582220dc079df6f099f0297e350db5fe5c1919750501a1504ee9b950e5acc6,www.gemeinde-merching.de_wpvivid-b8981f085de20_2026-10-10-16-11_backup_uploads.part004.zip,.jpg,generated thumbnail,False,False,0
wp-content/uploads/2024/10/Buergerbefragung_Druckformat-pdf-725x1024.jpg,129773,47ed6370b73a9a430a0565c990e858f947832ed379aeb0c161dc77aa11bdccd4,www.gemeinde-merching.de_wpvivid-b8981f085de20_2026-10-10-16-11_backup_uploads.part004.zip,.jpg,generated thumbnail,False,True,0
wp-content/uploads/2024/10/Heimatprojekt_Textvorschlag_Website-pdf-106x150.jpg,6385,23dc658870d639bba92d3ec22d0ae29578e8fbdf1f5480a8fa3bb0df7a58120b,www.gemeinde-merching.de_wpvivid-b8981f085de20_2026-10-10-16-11_backup_uploads.part004.zip,.jpg,generated thumbnail,False,True,0
wp-content/uploads/2024/10/Heimatprojekt_Textvorschlag_Website-pdf-725x1024.jpg,130713,b1d1db4b7c031ae2836e7ad385f336a1d1d740177436d5adc9f2802a8456468a,www.gemeinde-merching.de_wpvivid-b8981f085de20_2026-10-10-16-11_backup_uploads.part004.zip,.jpg,generated thumbnail,False,True,0
wp-content/uploads/2024/10/Gemeindekurier-Herbst-2024-f.-Homepage-pdf-1024x724.jpg,171495,c6bff50da0aa0c120c4ef9c2ae1a4f3240b29d16316fc89c83ddfaa29dc2a7ef,www.gemeinde-merching.de_wpvivid-b8981f085de20_2026-10-10-16-11_backup_uploads.part004.zip,.jpg,generated thumbnail,False,True,0
wp-content/uploads/2024/10/Gemeindekurier-Herbst-2024-f.-Homepage.pdf,768884,f1a2fb10265e525b058f0984ae10ddb25453a0370e2482c9f68291677f0f34f4,www.gemeinde-merching.de_wpvivid-b8981f085de20_2026-10-10-16-11_backup_uploads.part004.zip,.pdf,original/referenced,True,False,0
wp-content/uploads/2024/10/Hebesatzsatzung_2025.pdf,430068,f35f81c296e422c459bc14fce66d3355e46ff115742165fbbc5616c8f9da7784,www.gemeinde-merching.de_wpvivid-b8981f085de20_2026-10-10-16-11_backup_uploads.part004.zip,.pdf,original/referenced,True,False,0
wp-content/uploads/2024/10/Hebesatzsatzung_2025-pdf-212x300.jpg,14033,b2f6ea227464a8885441926946156288b0d8f1e754a16b4644438787bd0e49b9,www.gemeinde-merching.de_wpvivid-b8981f085de20_2026-10-10-16-11_backup_uploads.part004.zip,.jpg,generated thumbnail,False,True,0
wp-content/uploads/2024/10/Gemeindekurier-Herbst-2024-f.-Homepage-pdf-300x212.jpg,19439,2387e56c28ad61f377a2a8568af4387ae47f958182bcfb3b96baddc27f6c787e,www.gemeinde-merching.de_wpvivid-b8981f085de20_2026-10-10-16-11_backup_uploads.part004.zip,.jpg,generated thumbnail,False,True,0
wp-content/uploads/2024/10/Hebesatzsatzung_2025-pdf.jpg,227894,f4ae45f996cd095c759d950512175c82d07d607b1adf55dfe059bad37cc97c85,www.gemeinde-merching.de_wpvivid-b8981f085de20_2026-10-10-16-11_backup_uploads.part004.zip,.jpg,generated thumbnail,False,False,0
wp-content/uploads/2024/02/Amtsblatt-02-2024Jahrg.-79-Nr.-02-pdf-724x1024.jpg,58282,33384a248439c3a0a08b1a55344e9ef77f20738c98b2c8f8c6d4d7ebfd968242,www.gemeinde-merching.de_wpvivid-b8981f085de20_2026-10-10-16-11_backup_uploads.part004.zip,.jpg,generated thumbnail,False,True,0
wp-content/uploads/2024/02/240208_E-Mail-Abbinder_Ukraine-2Jahrestag.jpg,102745,b4b2df2a2c843e6124d692dad662008a38111905e70b055b1c52b93b78fd0474,www.gemeinde-merching.de_wpvivid-b8981f085de20_2026-10-10-16-11_backup_uploads.part004.zip,.jpg,original/referenced,True,False,0
wp-content/uploads/2024/02/240208_E-Mail-Abbinder_Ukraine-2Jahrestag-150x150.jpg,10920,563d64ec2556ee86b64c7185f5a0c1a8ab8df1e222a4578a2f7ba5a4770d415d,www.gemeinde-merching.de_wpvivid-b8981f085de20_2026-10-10-16-11_backup_uploads.part004.zip,.jpg,generated thumbnail,False,True,0
wp-content/uploads/2024/02/Amtsblatt-02-2024Jahrg.-79-Nr.-02-pdf-212x300.jpg,9340,efa5c98adff329195bcd2600f5bf9d4206672203727f9289961323a1a91b0c92,www.gemeinde-merching.de_wpvivid-b8981f085de20_2026-10-10-16-11_backup_uploads.part004.zip,.jpg,generated thumbnail,False,True,0
wp-content/uploads/2024/02/240208_E-Mail-Abbinder_Ukraine-2Jahrestag-300x177.jpg,18100,45c2b147b42e072940fa48aa968a4110c4202a562fab03af0e5fa3a5c0b59b49,www.gemeinde-merching.de_wpvivid-b8981f085de20_2026-10-10-16-11_backup_uploads.part004.zip,.jpg,generated thumbnail,False,True,0
wp-content/uploads/2024/02/Amtsblatt-02-2024Jahrg.-79-Nr.-02-pdf-106x150.jpg,4832,e2436980fd27edbee38528b9f3049638230d54f221aaf50f59f5bdf40e355f2d,www.gemeinde-merching.de_wpvivid-b8981f085de20_2026-10-10-16-11_backup_uploads.part004.zip,.jpg,generated thumbnail,False,True,0
wp-content/uploads/2024/02/Amtsblatt-02-2024Jahrg.-79-Nr.-02.pdf,274047,832ba4d780a0ce0d18ad455dba77e2f5e93d06f9212187deee3038bf9294f98f,www.gemeinde-merching.de_wpvivid-b8981f085de20_2026-10-10-16-11_backup_uploads.part004.zip,.pdf,original/referenced,True,False,0
wp-content/uploads/2024/02/Amtsblatt-02-2024Jahrg.-79-Nr.-02-pdf.jpg,112205,b47f58fe3f500d67ec047457c01863eeeec9a22c6ed36acc3739ad0accf96a4c,www.gemeinde-merching.de_wpvivid-b8981f085de20_2026-10-10-16-11_backup_uploads.part004.zip,.jpg,generated thumbnail,False,False,0
wp-content/uploads/link-library-images/67.jpg,1079,d8d0164ea8a8b5b4ac4ba54afe168b17c7123c3bf047c040340ae091eea462c1,www.gemeinde-merching.de_wpvivid-b8981f085de20_2026-10-10-16-11_backup_uploads.part004.zip,.jpg,unreferenced candidate (not proven orphan),False,False,1
wp-content/uploads/link-library-images/68.jpg,2456,a04a12475cd106777eaf7dc1eaba0c7115fa52db5c6b5998f397e852816f1ae1,www.gemeinde-merching.de_wpvivid-b8981f085de20_2026-10-10-16-11_backup_uploads.part004.zip,.jpg,original/referenced,True,False,0
wp-content/uploads/link-library-images/9.jpg,8046,095ea0b28f7fd4394f5cf8b0def805acbeacdf3d5e83b566be2a99d8ed4102fb,www.gemeinde-merching.de_wpvivid-b8981f085de20_2026-10-10-16-11_backup_uploads.part004.zip,.jpg,original/referenced,True,False,0
wp-content/uploads/link-library-images/14.jpg,12410,d45cd862a898ec4185a9b43f22f58d7a36240365be707ec0d04df8d178c07b9d,www.gemeinde-merching.de_wpvivid-b8981f085de20_2026-10-10-16-11_backup_uploads.part004.zip,.jpg,original/referenced,True,False,2
wp-content/uploads/link-library-images/64.jpg,1682,f0b54571f5d48c0e435b3aa9bbf2e0f0637cffe8e22e07785951be6b3b4a3d07,www.gemeinde-merching.de_wpvivid-b8981f085de20_2026-10-10-16-11_backup_uploads.part004.zip,.jpg,unreferenced candidate (not proven orphan),False,False,1
wp-content/uploads/link-library-images/69.jpg,5702,b2c6f7c2329c81552880602f2c55ef9abe7bbb1b2913ef8d09887bae8847ba7f,www.gemeinde-merching.de_wpvivid-b8981f085de20_2026-10-10-16-11_backup_uploads.part004.zip,.jpg,unreferenced candidate (not proven orphan),False,False,1
wp-content/uploads/link-library-images/15.jpg,2381,9df21aae5993ca48e2c91230f0f33111713a1ff8bd74c8576215025a12f4243e,www.gemeinde-merching.de_wpvivid-b8981f085de20_2026-10-10-16-11_backup_uploads.part004.zip,.jpg,unreferenced candidate (not proven orphan),False,False,0
wp-content/uploads/link-library-images/66.jpg,2307,829a8f9ae4c51b5c7ceb402331ca2473e1b22832cd8866f6369932c5e25e6cfa,www.gemeinde-merching.de_wpvivid-b8981f085de20_2026-10-10-16-11_backup_uploads.part004.zip,.jpg,unreferenced candidate (not proven orphan),False,False,1
wp-content/uploads/link-library-images/10.jpg,2505,d6b272a4b8249105e886db3e2099ffba447b770fbc17052a5c2a447ade1f8a9c,www.gemeinde-merching.de_wpvivid-b8981f085de20_2026-10-10-16-11_backup_uploads.part004.zip,.jpg,unreferenced candidate (not proven orphan),False,False,1
wp-content/uploads/link-library-images/5607.png,9216,7491b8f92a6aa1b7770bdbf032b111e0b16cfa416572370ce588c45c2ef90f7c,www.gemeinde-merching.de_wpvivid-b8981f085de20_2026-10-10-16-11_backup_uploads.part004.zip,.png,unreferenced candidate (not proven orphan),False,False,0
wp-content/uploads/link-library-images/65.jpg,2898,40826f344bd4b987c93c1c1004fc50c2353c937fd2c800d7029a971847c1192e,www.gemeinde-merching.de_wpvivid-b8981f085de20_2026-10-10-16-11_backup_uploads.part004.zip,.jpg,unreferenced candidate (not proven orphan),False,False,1
wp-content/uploads/filebase/Bekanntmachung-GBS_BES-Satzung.pdf,388792,cadcbe0cdc3904b24fdcb50ee31abdb19cc8c6a83906e1f09fa80276054748ac,www.gemeinde-merching.de_wpvivid-b8981f085de20_2026-10-10-16-11_backup_uploads.part004.zip,.pdf,unreferenced candidate (not proven orphan),False,False,0
wp-content/uploads/filebase/MandatGemeindeMerchingab2016.pdf,13270,f8660a5dfd6ee164a38896b059ac76f24b6bcd2adbe32a2b5e30e68277199fa8,www.gemeinde-merching.de_wpvivid-b8981f085de20_2026-10-10-16-11_backup_uploads.part004.zip,.pdf,original/referenced,False,False,0
wp-content/uploads/filebase/gemeinderat/Oeffentl.-BekanntmachungGR_15122022.pdf,130655,914dfd375d627274e25413be988c4261aa9905ea6e67dfe46ce0e731956cf831,www.gemeinde-merching.de_wpvivid-b8981f085de20_2026-10-10-16-11_backup_uploads.part004.zip,.pdf,unreferenced candidate (not proven orphan),False,False,0
wp-content/uploads/filebase/satzungen-verordnungen-schulverbaende-merching/GSV Verbandssatzung Entwurf 2014.pdf,15890,188393cb25b7a89194a40ec7add50ff7d1be1813e88e918b0f8aec523a8963ac,www.gemeinde-merching.de_wpvivid-b8981f085de20_2026-10-10-16-11_backup_uploads.part004.zip,.pdf,unreferenced candidate (not proven orphan),False,False,0
wp-content/uploads/filebase/satzungen-verordnungen-schulverbaende-merching/MSV Verbandssatzung Muster 2014.pdf,16055,0e88cbfe0450fd3274e35aef930813f6a1f9b75c9497e85d473570f8945cf342,www.gemeinde-merching.de_wpvivid-b8981f085de20_2026-10-10-16-11_backup_uploads.part004.zip,.pdf,unreferenced candidate (not proven orphan),False,False,0
wp-content/uploads/filebase/satzungen-verordnungen-gemeinde-merching/Friedhofs-und-Bestattungssatzung-ab-01.01.2023.pdf,3539182,041a0455697bb585bab3457ad19d4373f125318f079cb4cae226ecd607a892fe,www.gemeinde-merching.de_wpvivid-b8981f085de20_2026-10-10-16-11_backup_uploads.part004.zip,.pdf,original/referenced,False,False,0
wp-content/uploads/filebase/satzungen-verordnungen-gemeinde-merching/BES-2011-f.-homepage.pdf,142545,98cf0270479a3ec94795cf466943369726130cb676051ffd7a7209093f9a852c,www.gemeinde-merching.de_wpvivid-b8981f085de20_2026-10-10-16-11_backup_uploads.part004.zip,.pdf,unreferenced candidate (not proven orphan),False,False,0
wp-content/uploads/filebase/satzungen-verordnungen-gemeinde-merching/web_kostensatzung_2002.pdf,22559,7a5de96ac4ea773c6108b8c502158ed17e5901d5ec4c01e273d0111e03994f33,www.gemeinde-merching.de_wpvivid-b8981f085de20_2026-10-10-16-11_backup_uploads.part004.zip,.pdf,original/referenced,False,False,0
wp-content/uploads/filebase/satzungen-verordnungen-gemeinde-merching/Bestattungsgebuehrensatzung-ab-2019-Anlage_2.pdf,533040,b76064ac70483c8687e1e9f35fe26aba6621be2e00f5928c25afac980e4a447e,www.gemeinde-merching.de_wpvivid-b8981f085de20_2026-10-10-16-11_backup_uploads.part004.zip,.pdf,unreferenced candidate (not proven orphan),False,False,0
wp-content/uploads/filebase/satzungen-verordnungen-gemeinde-merching/Reinigungs-und-Winterdienstverordnung.pdf,2447960,f5bf90932b107c6f37a1557cb115e367ed14cc07ea12492d8fdf00d374d26af6,www.gemeinde-merching.de_wpvivid-b8981f085de20_2026-10-10-16-11_backup_uploads.part004.zip,.pdf,original/referenced,False,False,0
wp-content/uploads/filebase/satzungen-verordnungen-gemeinde-merching/web_ausbaubeitragssatzung_22102002.pdf,34559,cc790d9a1ad9b881e52708eb8e95788e4040e644dec694e34779c3e60f149f80,www.gemeinde-merching.de_wpvivid-b8981f085de20_2026-10-10-16-11_backup_uploads.part004.zip,.pdf,unreferenced candidate (not proven orphan),False,False,0
wp-content/uploads/filebase/satzungen-verordnungen-gemeinde-merching/Satzung_WAS_2022.pdf,8568526,358f0ab7e83a2500d4aeed06d3ba104a01bc71b053b44fc8e3b4c2465275fa8a,www.gemeinde-merching.de_wpvivid-b8981f085de20_2026-10-10-16-11_backup_uploads.part004.zip,.pdf,unreferenced candidate (not proven orphan),False,False,0
wp-content/uploads/filebase/satzungen-verordnungen-gemeinde-merching/GeschO_Satzung-2018.PDF,289142,944e923f0af4c063235fe455a00126a15a2408c7c0c8fa1ecad60c1d98938c21,www.gemeinde-merching.de_wpvivid-b8981f085de20_2026-10-10-16-11_backup_uploads.part004.zip,.pdf,unreferenced candidate (not proven orphan),False,False,0
wp-content/uploads/filebase/satzungen-verordnungen-gemeinde-merching/EWS_Satzung_2022.pdf,9853787,461fe0fafac1f431b8149ef124203214258a6bceb6009f62b233ced68365649f,www.gemeinde-merching.de_wpvivid-b8981f085de20_2026-10-10-16-11_backup_uploads.part004.zip,.pdf,unreferenced candidate (not proven orphan),False,False,0
wp-content/uploads/filebase/satzungen-verordnungen-gemeinde-merching/web_kleineinleitersatzung_09082005.pdf,15911,2b64eede2291421cb23658cba87f88ab9b1662c08f92d66ea2ad5ecd4aa22abe,www.gemeinde-merching.de_wpvivid-b8981f085de20_2026-10-10-16-11_backup_uploads.part004.zip,.pdf,original/referenced,False,False,0
wp-content/uploads/filebase/satzungen-verordnungen-gemeinde-merching/Feuerwehrkostensatzung-2019.pdf,409770,4410559d70d3a55b5c83e302e8419440aa1300ce3df019733ddfc1b037449746,www.gemeinde-merching.de_wpvivid-b8981f085de20_2026-10-10-16-11_backup_uploads.part004.zip,.pdf,unreferenced candidate (not proven orphan),False,False,0
wp-content/uploads/filebase/satzungen-verordnungen-gemeinde-merching/Bestattungsgebuehrensatzung-ab-2019.pdf,977600,0a9a49c7016be543fd49c9d619fc8a5a9f0ab860c7524609a4fad51306b5432b,www.gemeinde-merching.de_wpvivid-b8981f085de20_2026-10-10-16-11_backup_uploads.part004.zip,.pdf,unreferenced candidate (not proven orphan),False,False,0
wp-content/uploads/filebase/satzungen-verordnungen-gemeinde-merching/Feuerwehrkostensatzung-2021.pdf,420778,31948f9304db74b0d8603cf5db0d9b9e89229f60780de21771a6561943606036,www.gemeinde-merching.de_wpvivid-b8981f085de20_2026-10-10-16-11_backup_uploads.part004.zip,.pdf,unreferenced candidate (not proven orphan),False,False,0
wp-content/uploads/filebase/satzungen-verordnungen-gemeinde-merching/Satzung-Gemeindeverf.pdf,736324,909a046e66f2fc0e7aca0749e45df6acf3d16d2c53cc816b8b4a51384af345d7,www.gemeinde-merching.de_wpvivid-b8981f085de20_2026-10-10-16-11_backup_uploads.part004.zip,.pdf,original/referenced,False,False,0
wp-content/uploads/filebase/satzungen-verordnungen-gemeinde-merching/Bestattungsgebuehrensatzung-ab-01.01.2023.pdf,1528360,ac5188be30f836cf37749f53253d3c7553f96b3e9c2e006aa8442c782d9ff45a,www.gemeinde-merching.de_wpvivid-b8981f085de20_2026-10-10-16-11_backup_uploads.part004.zip,.pdf,original/referenced,False,False,0
wp-content/uploads/filebase/satzungen-verordnungen-gemeinde-merching/web_ehrenordung_vom_30012002.pdf,20245,8dd1ce89263c2c8bfc95bab59a029971e297bf9977eb12b65070816db648cd3e,www.gemeinde-merching.de_wpvivid-b8981f085de20_2026-10-10-16-11_backup_uploads.part004.zip,.pdf,unreferenced candidate (not proven orphan),False,False,0
wp-content/uploads/filebase/satzungen-verordnungen-gemeinde-merching/GeschO.pdf,417648,da4ab61c6c507dd50f1763f556d049071dc089b70270a1cb89100f6782b13fe3,www.gemeinde-merching.de_wpvivid-b8981f085de20_2026-10-10-16-11_backup_uploads.part004.zip,.pdf,original/referenced,False,False,0
wp-content/uploads/filebase/satzungen-verordnungen-gemeinde-merching/Hundesteuersatzung-2021-ausgefertigt.pdf,1788376,f2079e556de1af3d4ed4f0ba4ebc5acb2cff7b7de5665851f20439329b55c155,www.gemeinde-merching.de_wpvivid-b8981f085de20_2026-10-10-16-11_backup_uploads.part004.zip,.pdf,unreferenced candidate (not proven orphan),False,False,0
wp-content/uploads/filebase/satzungen-verordnungen-gemeinde-merching/Microsoft-Word-Satzung-ueber-die-Hoehe-von-Einfriedungen.PDF,24642,9049c59d69d765428df222ac97db7f837693e01f070b899b3cc52cce37cfda6d,www.gemeinde-merching.de_wpvivid-b8981f085de20_2026-10-10-16-11_backup_uploads.part004.zip,.pdf,original/referenced,False,False,0
wp-content/uploads/filebase/satzungen-verordnungen-gemeinde-merching/BGS_EWS-Satzung_2022.pdf,5522618,2306d67fce3697f2cdc42189d55eeff6e40c241f4b37fb3686c903dd1fc7291e,www.gemeinde-merching.de_wpvivid-b8981f085de20_2026-10-10-16-11_backup_uploads.part004.zip,.pdf,unreferenced candidate (not proven orphan),False,False,0
wp-content/uploads/filebase/satzungen-verordnungen-gemeinde-merching/BGS_WAS_Satzung_2022.pdf,4957219,8a4b70338b0ac256c760e6e57343256b8b1fe395c37a2b3e12473c9051a17f6f,www.gemeinde-merching.de_wpvivid-b8981f085de20_2026-10-10-16-11_backup_uploads.part004.zip,.pdf,unreferenced candidate (not proven orphan),False,False,0
wp-content/uploads/filebase/satzungen-verordnungen-gemeinde-merching/Stellplatzsatzung_18-03-2021.pdf,1780746,9a1230b971f1b3ceca972831cf7988753e01a5211e837bd3aad9d541f3ecad0f,www.gemeinde-merching.de_wpvivid-b8981f085de20_2026-10-10-16-11_backup_uploads.part004.zip,.pdf,unreferenced candidate (not proven orphan),False,False,0
wp-content/uploads/filebase/satzungen-verordnungen-gemeinde-merching/web_erschliessungsbeitragssatzung_fassung_2_aend_15051992.pdf,19938,a98ea9f3a4dd33c246b68d25fe504264ad6b46e149adaaf204c007323bd63bca,www.gemeinde-merching.de_wpvivid-b8981f085de20_2026-10-10-16-11_backup_uploads.part004.zip,.pdf,original/referenced,False,False,0
wp-content/uploads/filebase/satzungen-verordnungen-gemeinde-merching/web_hausnummerierungssatzung_13021995.pdf,16713,6c5c322ce2ef35ba402e82336044e9a9049f412a3beaa0ba2a502fa0770cf06f,www.gemeinde-merching.de_wpvivid-b8981f085de20_2026-10-10-16-11_backup_uploads.part004.zip,.pdf,original/referenced,False,False,0
wp-content/uploads/filebase/wasserversorgung/Anmeldung_eines_Gartenwasserzaehlers_NEU_ab_2022.pdf,426162,07d54f5e29cd4ce4be904c2ceda0922db271d3aa4d03fbabadea479060ae241b,www.gemeinde-merching.de_wpvivid-b8981f085de20_2026-10-10-16-11_backup_uploads.part004.zip,.pdf,original/referenced,False,False,0
wp-content/uploads/filebase/wasserversorgung/Antrag_fuer_Wasserbezug.pdf,302289,bb9710ae591f7b472beaa85041f432d9d72660dc74bb4a0a641d26660be1ad5c,www.gemeinde-merching.de_wpvivid-b8981f085de20_2026-10-10-16-11_backup_uploads.part004.zip,.pdf,original/referenced,False,False,0
wp-content/uploads/filebase/wasserversorgung/Bauwasserbezugsvertrag.pdf,293577,17231749753d7bf3f384acc4d29b16f7b51f9f15c5f351dec4c7c0d45d3d4400,www.gemeinde-merching.de_wpvivid-b8981f085de20_2026-10-10-16-11_backup_uploads.part004.zip,.pdf,original/referenced,False,False,0
wp-content/uploads/filebase/richtlinien-gemeinde-merching/Vereinsförderrichtlinien 2013.pdf,41828,cd974e098dfa5bd25961f3a5fc49676a3ca0bb76cf10461d7e910e5dcd7174d9,www.gemeinde-merching.de_wpvivid-b8981f085de20_2026-10-10-16-11_backup_uploads.part004.zip,.pdf,original/referenced,False,False,0
wp-content/uploads/filebase/BGS_WAS_Satzung-2018.PDF,127673,dbea0df842a8795f08aadb0f5bd237bc4d54578bef7a3228ce752ac2c8b2d188,www.gemeinde-merching.de_wpvivid-b8981f085de20_2026-10-10-16-11_backup_uploads.part004.zip,.pdf,unreferenced candidate (not proven orphan),False,False,0
wp-content/uploads/filebase/bebauungsplaene/Bebauungsplan-27-mit-Gruenordnungsplan.pdf,687225,21e4801aa7bbb9180dd05ca4342002f487661016b4904146636e79b76be2cf42,www.gemeinde-merching.de_wpvivid-b8981f085de20_2026-10-10-16-11_backup_uploads.part004.zip,.pdf,unreferenced candidate (not proven orphan),False,False,0
wp-content/uploads/filebase/Satzung-2022_BES.docx,52394,de0cf03be0558708c7333f9688a19979af55fa183b96478059948ae7ccaf5d96,www.gemeinde-merching.de_wpvivid-b8981f085de20_2026-10-10-16-11_backup_uploads.part004.zip,.docx,unreferenced candidate (not proven orphan),False,False,0
wp-content/uploads/filebase/Informationsmaterial/Mitteilung-Landesamt-f.-Digitalisierung-Juli-2018.pdf,453732,6e2c8257d42d8a1e1d1e1fd5731a14defdc110efcad2e0baa32d83b40910cc43,www.gemeinde-merching.de_wpvivid-b8981f085de20_2026-10-10-16-11_backup_uploads.part004.zip,.pdf,unreferenced candidate (not proven orphan),False,False,0
wp-content/uploads/filebase/Informationsmaterial/Amtsblatt-12-2022Jahrg.-77-Nr.-12-ohne-Anlage.pdf,287174,918868d37eb7eac2ed8d1b61b6c82fb77a244446cb735a76974f6e4ca12dc20f,www.gemeinde-merching.de_wpvivid-b8981f085de20_2026-10-10-16-11_backup_uploads.part004.zip,.pdf,unreferenced candidate (not proven orphan),False,False,0
wp-content/uploads/filebase/Informationsmaterial/Amtsblatt-04b-202075-Nr.-04b-002-Blauzungenkrankheit.pdf,98986,2c1b5f695a3bee88f5cb2115dbdc6747a34161c3c5548fcb9db34d75f9a5eb53,www.gemeinde-merching.de_wpvivid-b8981f085de20_2026-10-10-16-11_backup_uploads.part004.zip,.pdf,original/referenced,False,False,0
wp-content/uploads/filebase/Informationsmaterial/GrSt_Info_Gemeinden_14.12.2022.pdf,237885,81922e2e68490126de0c5c134565f680247db0cec69b6d4ff0879b0b2dc82534,www.gemeinde-merching.de_wpvivid-b8981f085de20_2026-10-10-16-11_backup_uploads.part004.zip,.pdf,original/referenced,False,False,0
wp-content/uploads/filebase/Informationsmaterial/Grundsteuerreform-Textbeitrag-fuer-kommunale-Veroeffentlichungen.pdf,196927,1d996215fc9c005cb9d2d9d607d8800b5489f577ceaeee50396d7b654516aee7,www.gemeinde-merching.de_wpvivid-b8981f085de20_2026-10-10-16-11_backup_uploads.part004.zip,.pdf,original/referenced,False,False,0
wp-content/uploads/filebase/Informationsmaterial/20210805_Landespflegegeld-2.pdf,225545,c5045009ee0d877b7727cb174fb909a58e1637224d5781d5e710346d6b4a0451,www.gemeinde-merching.de_wpvivid-b8981f085de20_2026-10-10-16-11_backup_uploads.part004.zip,.pdf,original/referenced,False,False,0
wp-content/uploads/filebase/Informationsmaterial/elektronische Lohnsteuerkarte.pdf,932317,bcd2ca7bd3a962ef439448b179065c407eb8e321901ab462d389bb7758930442,www.gemeinde-merching.de_wpvivid-b8981f085de20_2026-10-10-16-11_backup_uploads.part004.zip,.pdf,original/referenced,False,False,0
wp-content/uploads/filebase/gemeinde-kurier-merching/Gemeindekurier-Sommer-2022.pdf,716881,94c219fc8d0b0276b09545bf90f601e4fb5a1f0babef962233379fd33589a4c3,www.gemeinde-merching.de_wpvivid-b8981f085de20_2026-10-10-16-11_backup_uploads.part004.zip,.pdf,unreferenced candidate (not proven orphan),False,False,0
wp-content/uploads/filebase/gemeinde-kurier-merching/Gemeindekurier-November-2022-neu.pdf,654782,969de1e5c8906ac3015a9503690b9e8d46ebf3735a68dc1de803493ad7948dad,www.gemeinde-merching.de_wpvivid-b8981f085de20_2026-10-10-16-11_backup_uploads.part004.zip,.pdf,unreferenced candidate (not proven orphan),False,False,0
wp-content/uploads/filebase/gemeinde-kurier-merching/Gemeindekurier-Ostern-2022-f.-Homepage.pdf,1130871,294bf167d56bbf8d89a3a03e145246b43a05ccde732669c53da0e6bd35038b56,www.gemeinde-merching.de_wpvivid-b8981f085de20_2026-10-10-16-11_backup_uploads.part004.zip,.pdf,unreferenced candidate (not proven orphan),False,False,0
wp-content/uploads/filebase/gemeinde-kurier-merching/Gemeindekurier-Weihnachten-2022-f.-Homepage.pdf,1607063,bdbcaf045dc046e768bd9ee2f07791eb5c78f2a84d6733715cdd562251a4780d,www.gemeinde-merching.de_wpvivid-b8981f085de20_2026-10-10-16-11_backup_uploads.part004.zip,.pdf,unreferenced candidate (not proven orphan),False,False,0
wp-content/uploads/filebase/oeffentliche-bekannmachungen/Bekanntmachung-Bodenrichtwerte-31.12.2021.pdf,352247,db83da00795bf7c261c5eda795f9e614fc297b98f10d3e3d6003bb4dde48314d,www.gemeinde-merching.de_wpvivid-b8981f085de20_2026-10-10-16-11_backup_uploads.part004.zip,.pdf,unreferenced candidate (not proven orphan),False,False,0
wp-content/uploads/filebase/oeffentliche-bekannmachungen/Bekanntmachung-Flurneuord.-Lechhausen.pdf,388101,6a942030dac11ec7b0e1a57b6c923bde3c07bead7ca07df36c2dadee12329202,www.gemeinde-merching.de_wpvivid-b8981f085de20_2026-10-10-16-11_backup_uploads.part004.zip,.pdf,unreferenced candidate (not proven orphan),False,False,0
wp-content/uploads/filebase/oeffentliche-bekannmachungen/Bekanntmachung_Friedhofs-und-Bestattungssatzung.pdf,386083,cf0e4c27f70d804a7fa4cb432c74a2f39e061f700834a7efe257d9bab0c553ca,www.gemeinde-merching.de_wpvivid-b8981f085de20_2026-10-10-16-11_backup_uploads.part004.zip,.pdf,unreferenced candidate (not proven orphan),False,False,0
wp-content/uploads/filebase/oeffentliche-bekannmachungen/Bekanntmachung-Ueberschwemmungsgebiet-der-Paar-und-der-Steinach-07.12.22.pdf,301980,b6959bc166e204789db52ac299741012846180a4ee91bd682d1de07245edad68,www.gemeinde-merching.de_wpvivid-b8981f085de20_2026-10-10-16-11_backup_uploads.part004.zip,.pdf,unreferenced candidate (not proven orphan),False,False,0
wp-content/uploads/filebase/oeffentliche-bekannmachungen/Bekanntmachung-GBS_BES-Satzung_2_2.pdf,388792,cadcbe0cdc3904b24fdcb50ee31abdb19cc8c6a83906e1f09fa80276054748ac,www.gemeinde-merching.de_wpvivid-b8981f085de20_2026-10-10-16-11_backup_uploads.part004.zip,.pdf,unreferenced candidate (not proven orphan),False,False,0
wp-content/uploads/2026/09/20260915_Uebernahme-Papiertonne-durch-den-Landkreis_Pressemitteilung-LRA-pdf-106x150.jpg,6727,efc3cfe2a65265a5849649b9746518bb1fdc8907b473eb192699bc47734cab93,www.gemeinde-merching.de_wpvivid-b8981f085de20_2026-10-10-16-11_backup_uploads.part004.zip,.jpg,generated thumbnail,False,True,0
wp-content/uploads/2026/09/PRESSEMITTEILUNG-Nachhaltigkeitstag-18.09.2026-Infos-ueber-das-Programm-pdf.jpg,192464,56b833e448a36c85cb1df8c23564e68e4ffba7acdc0c18a72c47826dee93a3a5,www.gemeinde-merching.de_wpvivid-b8981f085de20_2026-10-10-16-11_backup_uploads.part004.zip,.jpg,generated thumbnail,False,False,0
wp-content/uploads/2026/09/20260909_Badeseenbeprobung.pdf,173816,89dcf2e001684c9c6662c578eaf810bf23c1f670a7f15ff582f58651f0bf25e4,www.gemeinde-merching.de_wpvivid-b8981f085de20_2026-10-10-16-11_backup_uploads.part004.zip,.pdf,original/referenced,True,False,1
wp-content/uploads/2026/09/landwirtschaftliche-Flaechen-Bodenrichtwerte-2026-pdf-1024x724.jpg,169124,76f53d687260e34c97488391cf287bcfeefbac19d740a2688ec1058bfe6a9b54,www.gemeinde-merching.de_wpvivid-b8981f085de20_2026-10-10-16-11_backup_uploads.part004.zip,.jpg,generated thumbnail,False,True,0
wp-content/uploads/2026/09/20260908_Warntag-pdf-724x1024.jpg,110133,3ed789e3f5634207034dab3678d89ab28e70ffd2dc90c8dd6a0989ee64e36f77,www.gemeinde-merching.de_wpvivid-b8981f085de20_2026-10-10-16-11_backup_uploads.part004.zip,.jpg,generated thumbnail,False,True,0
wp-content/uploads/2026/09/20260903_DB-InfraGO-Augsburg-Muenchen_Pressemitteilung-LRA-09.2026-pdf-724x1024.jpg,124031,2b0cadecf2d01fdd6ba65e05b1a318af3d57f97da3e860b2bf583369d9918e2a,www.gemeinde-merching.de_wpvivid-b8981f085de20_2026-10-10-16-11_backup_uploads.part004.zip,.jpg,generated thumbnail,False,True,0
wp-content/uploads/2026/09/20260908_Warntag-pdf-106x150.jpg,6309,b375bb9cf9ba1c3ce6f305a355c9a16fa2e5759e1316d014b504886c5784e96d,www.gemeinde-merching.de_wpvivid-b8981f085de20_2026-10-10-16-11_backup_uploads.part004.zip,.jpg,generated thumbnail,False,True,0
wp-content/uploads/2026/09/20260915_Blaualgen-Auensee-Kissing-003-pdf-212x300.jpg,8065,28d40c52c972012fbf68c2a29e9f402f0d3cbbf986d9aa5245c527c8d92edf61,www.gemeinde-merching.de_wpvivid-b8981f085de20_2026-10-10-16-11_backup_uploads.part004.zip,.jpg,generated thumbnail,False,True,0
wp-content/uploads/2026/09/20260909_Badeseenbeprobung-pdf.jpg,145381,0b47d71f89b39e27e6fd9ff65b40ec90d3f0a812040b3b5b88d4a86e8d571ad9,www.gemeinde-merching.de_wpvivid-b8981f085de20_2026-10-10-16-11_backup_uploads.part004.zip,.jpg,generated thumbnail,False,False,0
wp-content/uploads/2026/09/20260915_Uebernahme-Papiertonne-durch-den-Landkreis_Pressemitteilung-LRA-pdf.jpg,221337,aca9c7cffa4c627c999a9025e31f53bd691769d48ece0bc960614e167e2eb7dd,www.gemeinde-merching.de_wpvivid-b8981f085de20_2026-10-10-16-11_backup_uploads.part004.zip,.jpg,generated thumbnail,False,False,0
wp-content/uploads/2026/09/landwirtschaftliche-Flaechen-Bodenrichtwerte-2026-pdf-300x212.jpg,20085,40e1bc38a16ff2bf9ddc30d295f7f475d340396609f093215b92d9b73c6bc46f,www.gemeinde-merching.de_wpvivid-b8981f085de20_2026-10-10-16-11_backup_uploads.part004.zip,.jpg,generated thumbnail,False,True,0
wp-content/uploads/2026/09/20260915_Uebernahme-Papiertonne-durch-den-Landkreis_Pressemitteilung-LRA-pdf-724x1024.jpg,118380,6cb0db131b5a17c3b1b2c9a1bb1c896bacae3cddbe9883dc64882387e3c419f6,www.gemeinde-merching.de_wpvivid-b8981f085de20_2026-10-10-16-11_backup_uploads.part004.zip,.jpg,generated thumbnail,False,True,0
wp-content/uploads/2026/09/3.-PM-triathlon.de-CUP-Koenigsbrunn-Sperrungen-Anwohnerinformationen.pdf,272085,1dc4b398db6d3fde7d83c6c6d51d200d03adbd0341277793d5d959428c2aa608,www.gemeinde-merching.de_wpvivid-b8981f085de20_2026-10-10-16-11_backup_uploads.part004.zip,.pdf,original/referenced,True,False,0
wp-content/uploads/2026/09/Logo-Bayer.-Staatsministerium-f.-Gesundheit-Pflege-u.-Praevention-e1788338968120.png,4782,9da53e8ed2e677e5c4c21d46d567934f19369c7070e2b8904b7ed586836c481c,www.gemeinde-merching.de_wpvivid-b8981f085de20_2026-10-10-16-11_backup_uploads.part004.zip,.png,original/referenced,True,False,4
wp-content/uploads/2026/09/Plakat-Tag-der-offenen-Tueren_Demenzwoche-2026-pdf-106x150.jpg,7790,f4de7152b81d73e151e48782c31ab1babb481191456ab07519a163ed34652183,www.gemeinde-merching.de_wpvivid-b8981f085de20_2026-10-10-16-11_backup_uploads.part004.zip,.jpg,generated thumbnail,False,True,0
wp-content/uploads/2026/09/TRICUP_KOEB_Flyer_Anwohner_2026-08-21-pdf.jpg,247090,a259e247c27c21631488367129d92f6e60f852476f31c4749b69c9a6d304e512,www.gemeinde-merching.de_wpvivid-b8981f085de20_2026-10-10-16-11_backup_uploads.part004.zip,.jpg,generated thumbnail,False,False,0
wp-content/uploads/2026/09/3.-PM-triathlon.de-CUP-Koenigsbrunn-Sperrungen-Anwohnerinformationen-pdf-106x150.jpg,3310,f8fe9d13505554372507318fddbd9219ca34528c3af310a7d22f94bbc857889a,www.gemeinde-merching.de_wpvivid-b8981f085de20_2026-10-10-16-11_backup_uploads.part004.zip,.jpg,generated thumbnail,False,True,0
wp-content/uploads/2026/09/Plakat-Tag-der-offenen-Tueren_Demenzwoche-2026-pdf-724x1024.jpg,122821,2859d89db7384fbd0e109ec42589c4bc3ae5727b651b121f9707f73e3f873fce,www.gemeinde-merching.de_wpvivid-b8981f085de20_2026-10-10-16-11_backup_uploads.part004.zip,.jpg,generated thumbnail,False,True,0
wp-content/uploads/2026/09/Steinach-Hochdorf-Bodenrichtwerte-2026-pdf-150x106.jpg,6920,37b0db8fe3fa15b5841a6a2e7573088460d110f0cf203bc64bbd9113efcc6814,www.gemeinde-merching.de_wpvivid-b8981f085de20_2026-10-10-16-11_backup_uploads.part004.zip,.jpg,generated thumbnail,False,True,0
wp-content/uploads/2026/09/TRICUP_KOEB_Flyer_Anwohner_2026-08-21-pdf-212x300.jpg,19903,f2ca0015741a3e63f604c95373fc755f6e1436299529b0740d11860446bd5952,www.gemeinde-merching.de_wpvivid-b8981f085de20_2026-10-10-16-11_backup_uploads.part004.zip,.jpg,generated thumbnail,False,True,0
wp-content/uploads/2026/09/3.-PM-triathlon.de-CUP-Koenigsbrunn-Sperrungen-Anwohnerinformationen-pdf-725x1024.jpg,93065,f97b0a9f61f3f9c2d41fd2e364ff2e7147d041b2f97e6edefcb82c85dd79b9ee,www.gemeinde-merching.de_wpvivid-b8981f085de20_2026-10-10-16-11_backup_uploads.part004.zip,.jpg,generated thumbnail,False,True,0
wp-content/uploads/2026/09/Merching-Bodenrichtwerte-2026-pdf-300x212.jpg,16188,2bb49c4cd5cd883a47e38a8acdce56525f1a7053ff5e105cf13316356f5c8d76,www.gemeinde-merching.de_wpvivid-b8981f085de20_2026-10-10-16-11_backup_uploads.part004.zip,.jpg,generated thumbnail,False,True,0
wp-content/uploads/2026/09/Plakat-Tag-der-offenen-Tueren_Demenzwoche-2026.pdf,4306369,d23220114f230618ca7b25f6693c2863de66b6ac3e0fc8d0e1cecbd354d003f9,www.gemeinde-merching.de_wpvivid-b8981f085de20_2026-10-10-16-11_backup_uploads.part004.zip,.pdf,original/referenced,True,False,0
wp-content/uploads/2026/09/20260903_DB-InfraGO-Augsburg-Muenchen_Pressemitteilung-LRA-09.2026-pdf-212x300.jpg,14906,b7238f0b10703b9e9a460f2f1836cbd4e2a58eca10fee4d8c65bdebd0e2fa3d8,www.gemeinde-merching.de_wpvivid-b8981f085de20_2026-10-10-16-11_backup_uploads.part004.zip,.jpg,generated thumbnail,False,True,0
wp-content/uploads/2026/09/20260915_Uebernahme-Papiertonne-durch-den-Landkreis_Pressemitteilung-LRA-pdf-212x300.jpg,14914,00c32b409e777e9f17497ddecb4bf66260c20d3afa3326573f0c7d3a63f3a715,www.gemeinde-merching.de_wpvivid-b8981f085de20_2026-10-10-16-11_backup_uploads.part004.zip,.jpg,generated thumbnail,False,True,0
wp-content/uploads/2026/09/20260819-Badeseen-Beprobung-Tychonema-pdf-106x150.jpg,5735,eefc4badcb5de809e7bca165c181bb3d78363cac78b2e9aab646479102ce9ebb,www.gemeinde-merching.de_wpvivid-b8981f085de20_2026-10-10-16-11_backup_uploads.part004.zip,.jpg,generated thumbnail,False,True,0
wp-content/uploads/2026/09/TRICUP_KOEB_Flyer_Anwohner_2026-08-21-pdf-724x1024.jpg,124142,2bfffdc50a0d02e6d75ce13ca01857309be0300b360a51457fb60e13713c47f8,www.gemeinde-merching.de_wpvivid-b8981f085de20_2026-10-10-16-11_backup_uploads.part004.zip,.jpg,generated thumbnail,False,True,0
wp-content/uploads/2026/09/20260903_DB-InfraGO-Augsburg-Muenchen_Pressemitteilung-LRA-09.2026-pdf-106x150.jpg,6475,55b62ec32150a31ca48abbcd05941fab37b378b551f00d7d022a275c851cb288,www.gemeinde-merching.de_wpvivid-b8981f085de20_2026-10-10-16-11_backup_uploads.part004.zip,.jpg,generated thumbnail,False,True,0
wp-content/uploads/2026/09/20260819-Badeseen-Beprobung-Tychonema.pdf,159707,e46b0c8a4e60f114111c0920729e98478e708e5f1c0d911717f17b32ba46c546,www.gemeinde-merching.de_wpvivid-b8981f085de20_2026-10-10-16-11_backup_uploads.part004.zip,.pdf,original/referenced,True,False,0
wp-content/uploads/2026/09/Kurs-ehrenamtlich-taetige-Einzelperson-27.10.2026-LRA_Flyer-pdf-966x1024.jpg,131638,428492fc1bcc671b4369f8e4224c89d64a19b16ae568db763c3b6b597b87a0d5,www.gemeinde-merching.de_wpvivid-b8981f085de20_2026-10-10-16-11_backup_uploads.part004.zip,.jpg,generated thumbnail,False,True,0
wp-content/uploads/2026/09/Plakat-Tag-der-offenen-Tueren_Demenzwoche-2026-pdf-212x300.jpg,18835,891c08e87e043bf11939499c0d3e37d0cdbac0ae948354fb82110a1ff7f3796c,www.gemeinde-merching.de_wpvivid-b8981f085de20_2026-10-10-16-11_backup_uploads.part004.zip,.jpg,generated thumbnail,False,True,0
wp-content/uploads/2026/09/Kurs-ehrenamtlich-taetige-Einzelperson-27.10.2026-LRA_Flyer-pdf-141x150.jpg,18172,9b3c21b113dedaa4759d570d647dc01a3a33a6c54274f3218f0963dba8bb0649,www.gemeinde-merching.de_wpvivid-b8981f085de20_2026-10-10-16-11_backup_uploads.part004.zip,.jpg,generated thumbnail,False,True,0
wp-content/uploads/2026/09/Logo-Bayer.-Staatsministerium-f.-Gesundheit-Pflege-u.-Praevention-300x105.png,21420,b4f608b01d9b3e304e1e5e11697a2da1483e354461120475935842375fe9b17f,www.gemeinde-merching.de_wpvivid-b8981f085de20_2026-10-10-16-11_backup_uploads.part004.zip,.png,generated thumbnail,False,True,0
wp-content/uploads/2026/09/Steinach-Hochdorf-Bodenrichtwerte-2026-pdf-300x212.jpg,15765,cd9fd60a397c549b2a6e48d19f4a195cd06a6955a24b612c55f21099aa46d5e5,www.gemeinde-merching.de_wpvivid-b8981f085de20_2026-10-10-16-11_backup_uploads.part004.zip,.jpg,generated thumbnail,False,True,0
wp-content/uploads/2026/09/landwirtschaftliche-Flaechen-Bodenrichtwerte-2026-pdf.jpg,387068,9406767d3e71cda7e376ef44c24d2ae3f23dfb1fefa4520b7ffc4093c1df3e19,www.gemeinde-merching.de_wpvivid-b8981f085de20_2026-10-10-16-11_backup_uploads.part004.zip,.jpg,generated thumbnail,False,False,0
wp-content/uploads/2026/09/PRESSEMITTEILUNG-Nachhaltigkeitstag-18.09.2026-Infos-ueber-das-Programm.pdf,226423,c9144163f52a2a65cf7ed98c385c2cded8fdf6d3c47bf97c73af000528127a50,www.gemeinde-merching.de_wpvivid-b8981f085de20_2026-10-10-16-11_backup_uploads.part004.zip,.pdf,original/referenced,True,False,0
wp-content/uploads/2026/09/PRESSEMITTEILUNG-Nachhaltigkeitstag-18.09.2026-Infos-ueber-das-Programm-pdf-724x1024.jpg,98120,e53ba2525c591ba830a6b52ef46da95aea85b00e9349180b783456fd3901e46d,www.gemeinde-merching.de_wpvivid-b8981f085de20_2026-10-10-16-11_backup_uploads.part004.zip,.jpg,generated thumbnail,False,True,0
wp-content/uploads/2026/09/20260819-Badeseen-Beprobung-Tychonema-pdf-724x1024.jpg,85022,23105a28d2cf60da7111ee2fb6d5047c7aa2e1da9dbe121281dfd82fc7e03e3d,www.gemeinde-merching.de_wpvivid-b8981f085de20_2026-10-10-16-11_backup_uploads.part004.zip,.jpg,generated thumbnail,False,True,0
wp-content/uploads/2026/09/20260903_DB-InfraGO-Augsburg-Muenchen_Pressemitteilung-LRA-09.2026-pdf.jpg,242852,a441050b5490637c770141451e805536c69d2bcc48289c2f11b5772291215ca9,www.gemeinde-merching.de_wpvivid-b8981f085de20_2026-10-10-16-11_backup_uploads.part004.zip,.jpg,generated thumbnail,False,False,0
wp-content/uploads/2026/09/20260908_Warntag.pdf,205311,b86966e46e6215ae8a60f466ba5c5ae98370b9e0f54cdf98bfe2620a15134cc9,www.gemeinde-merching.de_wpvivid-b8981f085de20_2026-10-10-16-11_backup_uploads.part004.zip,.pdf,original/referenced,True,False,0
wp-content/uploads/2026/09/20260909_Badeseenbeprobung-pdf-106x150.jpg,5723,23f3d73e6cdf3d163d4eefbe3293876090877bed1e1256ca4911bbe82333fb3a,www.gemeinde-merching.de_wpvivid-b8981f085de20_2026-10-10-16-11_backup_uploads.part004.zip,.jpg,generated thumbnail,False,True,0
wp-content/uploads/2026/09/PRESSEMITTEILUNG-Nachhaltigkeitstag-18.09.2026-Infos-ueber-das-Programm-pdf-106x150.jpg,6220,9bfa7a1774cc46a87aa129a85c1f8a279d498a55bf7f3bca413555193ec251de,www.gemeinde-merching.de_wpvivid-b8981f085de20_2026-10-10-16-11_backup_uploads.part004.zip,.jpg,generated thumbnail,False,True,0
wp-content/uploads/2026/09/20260915_Blaualgen-Auensee-Kissing-003.pdf,154473,7437697a48e76a0c2983e26a43faf9300cb1d22a4b3a5b398f31e93fa94addd0,www.gemeinde-merching.de_wpvivid-b8981f085de20_2026-10-10-16-11_backup_uploads.part004.zip,.pdf,original/referenced,True,False,1
wp-content/uploads/2026/09/20260908_Warntag-pdf.jpg,200747,fd188367c10971d4b928014ff1e18ffaa090ccf8bdfdf8d477a13da50eea079f,www.gemeinde-merching.de_wpvivid-b8981f085de20_2026-10-10-16-11_backup_uploads.part004.zip,.jpg,generated thumbnail,False,False,0
wp-content/uploads/2026/09/3.-PM-triathlon.de-CUP-Koenigsbrunn-Sperrungen-Anwohnerinformationen-pdf.jpg,182650,dc8073a66f2769363cdeea8702399f6d20dea7e57cdf3298db046f6121c924a6,www.gemeinde-merching.de_wpvivid-b8981f085de20_2026-10-10-16-11_backup_uploads.part004.zip,.jpg,generated thumbnail,False,False,0
wp-content/uploads/2026/09/Merching-Bodenrichtwerte-2026-pdf-150x106.jpg,7040,35620d4bc6cbadb80288ec12ca45ef98347cfdf7ffbaadb6c810b7e97dd1bac4,www.gemeinde-merching.de_wpvivid-b8981f085de20_2026-10-10-16-11_backup_uploads.part004.zip,.jpg,generated thumbnail,False,True,0
wp-content/uploads/2026/09/Steinach-Hochdorf-Bodenrichtwerte-2026.pdf,407581,e6949b3fc338dc1d5401f6a04c2c24d482df4a269a1b6c44769899290efdd7a1,www.gemeinde-merching.de_wpvivid-b8981f085de20_2026-10-10-16-11_backup_uploads.part004.zip,.pdf,original/referenced,True,False,1
wp-content/uploads/2026/09/20260819-Badeseen-Beprobung-Tychonema-pdf.jpg,162607,93d84ab64f77c3ebf846a8911a73920723ddfc28c536ec4fd5346663a0479bd2,www.gemeinde-merching.de_wpvivid-b8981f085de20_2026-10-10-16-11_backup_uploads.part004.zip,.jpg,generated thumbnail,False,False,0
wp-content/uploads/2026/09/20260910_Welttag-Suizidpraevention.docx,148440,a924c0b7b0a996a11ed3fcc6cb0a41f6f34a2c61bb225629fd7aa18792f655ed,www.gemeinde-merching.de_wpvivid-b8981f085de20_2026-10-10-16-11_backup_uploads.part004.zip,.docx,original/referenced,True,False,1
wp-content/uploads/2026/09/20260819-Badeseen-Beprobung-Tychonema-pdf-212x300.jpg,11473,52b56f648cd269b818343a9165261c37c848d279582e63926499431c7e864b29,www.gemeinde-merching.de_wpvivid-b8981f085de20_2026-10-10-16-11_backup_uploads.part004.zip,.jpg,generated thumbnail,False,True,0
wp-content/uploads/2026/09/20260915_Blaualgen-Auensee-Kissing-003-pdf.jpg,92474,f00e7b6d5960bad72657f349a228d6ef2ba158012dedd42406e79d49a4c001a0,www.gemeinde-merching.de_wpvivid-b8981f085de20_2026-10-10-16-11_backup_uploads.part004.zip,.jpg,generated thumbnail,False,False,0
wp-content/uploads/2026/09/TRICUP_KOEB_Flyer_Anwohner_2026-08-21-pdf-106x150.jpg,8628,c82d9bd778dbf33f19c43c74242de41a3a1ea04235b4b9881bbabd7e13574f15,www.gemeinde-merching.de_wpvivid-b8981f085de20_2026-10-10-16-11_backup_uploads.part004.zip,.jpg,generated thumbnail,False,True,0
wp-content/uploads/2026/09/20260908_Warntag-pdf-212x300.jpg,14280,7f6d63f1378a7f498ef5199e67f4c6943b50d2a313efa04c3825613cfd1b9ce1,www.gemeinde-merching.de_wpvivid-b8981f085de20_2026-10-10-16-11_backup_uploads.part004.zip,.jpg,generated thumbnail,False,True,0
wp-content/uploads/2026/09/Triathlon.png,13139,8f9a5f216a093ac692033b55b0682053b39444641b575a215aa3ecbc3391eae0,www.gemeinde-merching.de_wpvivid-b8981f085de20_2026-10-10-16-11_backup_uploads.part004.zip,.png,original/referenced,True,False,0
wp-content/uploads/2026/09/Plakat-Tag-der-offenen-Tueren_Demenzwoche-2026-pdf.jpg,231040,6a3a1525857128214457550c19d01fc677d19746ea0d197988e18f89a75cf810,www.gemeinde-merching.de_wpvivid-b8981f085de20_2026-10-10-16-11_backup_uploads.part004.zip,.jpg,generated thumbnail,False,False,0
wp-content/uploads/2026/09/Steinach-Hochdorf-Bodenrichtwerte-2026-pdf.jpg,241053,c263ac4317f30e24e9bdc514910945624387fc21c0f091e242ff5aeab3070b15,www.gemeinde-merching.de_wpvivid-b8981f085de20_2026-10-10-16-11_backup_uploads.part004.zip,.jpg,generated thumbnail,False,False,0
wp-content/uploads/2026/09/20260903_DB-InfraGO-Augsburg-Muenchen_Pressemitteilung-LRA-09.2026.pdf,165457,a06fe5e6c49b9e633072acac7db7c663ef1b8665290be3aca676ac34c722cc29,www.gemeinde-merching.de_wpvivid-b8981f085de20_2026-10-10-16-11_backup_uploads.part004.zip,.pdf,original/referenced,True,False,1
wp-content/uploads/2026/09/Logo-Bayer.-Staatsministerium-f.-Gesundheit-Pflege-u.-Praevention-150x150.png,16276,5c61ef4c6f4076dba41eb44a6d9d912c4525891c0f5881acebb8a025905acf98,www.gemeinde-merching.de_wpvivid-b8981f085de20_2026-10-10-16-11_backup_uploads.part004.zip,.png,generated thumbnail,False,True,0
wp-content/uploads/2026/09/Merching-Bodenrichtwerte-2026.pdf,434433,498330d34a55cc3e9087ed870d01d315b1f6d0670d6f1844b77978a8ffb5c7d1,www.gemeinde-merching.de_wpvivid-b8981f085de20_2026-10-10-16-11_backup_uploads.part004.zip,.pdf,original/referenced,True,False,1
wp-content/uploads/2026/09/20260909_Badeseenbeprobung-pdf-212x300.jpg,10838,4dc955d4f16de4209f45eb65c9f8cab9b5b56ad6cd6672b7dfe19efb80c4f5f1,www.gemeinde-merching.de_wpvivid-b8981f085de20_2026-10-10-16-11_backup_uploads.part004.zip,.jpg,generated thumbnail,False,True,0
wp-content/uploads/2026/09/Kurs-ehrenamtlich-taetige-Einzelperson-27.10.2026-LRA_Flyer-pdf-283x300.jpg,29287,77d4b603a2583ec73f868f52934c3ee3befa1410ac0e6620a1be30fd427cc62d,www.gemeinde-merching.de_wpvivid-b8981f085de20_2026-10-10-16-11_backup_uploads.part004.zip,.jpg,generated thumbnail,False,True,0
wp-content/uploads/2026/09/Kurs-ehrenamtlich-taetige-Einzelperson-27.10.2026-LRA_Flyer.pdf,316836,076e946c88721059efb221fb7d383a1ec2fba894c1e8418f32b0c2aed447bb3f,www.gemeinde-merching.de_wpvivid-b8981f085de20_2026-10-10-16-11_backup_uploads.part004.zip,.pdf,original/referenced,True,False,1
wp-content/uploads/2026/09/20260915_Blaualgen-Auensee-Kissing-003-pdf-106x150.jpg,4835,08f9a7d4d4afb7e3c2f645634c1dde2f4a0aed6c9f77f8330c8a3043d7a34051,www.gemeinde-merching.de_wpvivid-b8981f085de20_2026-10-10-16-11_backup_uploads.part004.zip,.jpg,generated thumbnail,False,True,0
wp-content/uploads/2026/09/Logo-Bayer.-Staatsministerium-f.-Gesundheit-Pflege-u.-Praevention.png,22818,54cc97d90d0336c330f2de1abbc4949e13e7dfd965b0d35a2e206e81159b8dbd,www.gemeinde-merching.de_wpvivid-b8981f085de20_2026-10-10-16-11_backup_uploads.part004.zip,.png,unreferenced candidate (not proven orphan),False,False,0
wp-content/uploads/2026/09/landwirtschaftliche-Flaechen-Bodenrichtwerte-2026-pdf-150x106.jpg,7923,d3315d60df20df53fc90f37c837399141aca7f2f81823f44584bb75face6b046,www.gemeinde-merching.de_wpvivid-b8981f085de20_2026-10-10-16-11_backup_uploads.part004.zip,.jpg,generated thumbnail,False,True,0
wp-content/uploads/2026/09/20260915_Uebernahme-Papiertonne-durch-den-Landkreis_Pressemitteilung-LRA.pdf,210554,d317ede77df394174d932f04ea3c72752ef7b2604a04651f57ecf48bf3a28a9e,www.gemeinde-merching.de_wpvivid-b8981f085de20_2026-10-10-16-11_backup_uploads.part004.zip,.pdf,original/referenced,True,False,1
wp-content/uploads/2026/09/Kurs-ehrenamtlich-taetige-Einzelperson-27.10.2026-LRA_Flyer-pdf.jpg,152776,84dcdd9d1b7edb90d03e2715dca364583694eed02211b0ab49be6cf479c68443,www.gemeinde-merching.de_wpvivid-b8981f085de20_2026-10-10-16-11_backup_uploads.part004.zip,.jpg,generated thumbnail,False,False,0
wp-content/uploads/2026/09/PRESSEMITTEILUNG-Nachhaltigkeitstag-18.09.2026-Infos-ueber-das-Programm-pdf-212x300.jpg,13559,17a5141285116fd59351f7d1b032be567b0e5ed67edc1ff648081c47f37883ef,www.gemeinde-merching.de_wpvivid-b8981f085de20_2026-10-10-16-11_backup_uploads.part004.zip,.jpg,generated thumbnail,False,True,0
wp-content/uploads/2026/09/Triathlon-150x150.png,11761,d9176e1904bbe19f1c2114f8b17d004f521e6185b1b05c030c93b7e151f82b33,www.gemeinde-merching.de_wpvivid-b8981f085de20_2026-10-10-16-11_backup_uploads.part004.zip,.png,generated thumbnail,False,True,0
wp-content/uploads/2026/09/3.-PM-triathlon.de-CUP-Koenigsbrunn-Sperrungen-Anwohnerinformationen-pdf-212x300.jpg,10546,e3c02a361e2bd6bce407281228db1c58240b6acb7bf9b9403199b309535b1cbf,www.gemeinde-merching.de_wpvivid-b8981f085de20_2026-10-10-16-11_backup_uploads.part004.zip,.jpg,generated thumbnail,False,True,0
wp-content/uploads/2026/09/landwirtschaftliche-Flaechen-Bodenrichtwerte-2026.pdf,632423,fe7a2ed0aabcfd0c245d02fab4f3c1cf9557b5c30401ad4298b9b370b01bc035,www.gemeinde-merching.de_wpvivid-b8981f085de20_2026-10-10-16-11_backup_uploads.part004.zip,.pdf,original/referenced,True,False,1
wp-content/uploads/2026/09/20260909_Badeseenbeprobung-pdf-724x1024.jpg,76011,dcd4483e1c7a04abf66595b17a206888a56a6b11e484a3c62f107f0e086063b5,www.gemeinde-merching.de_wpvivid-b8981f085de20_2026-10-10-16-11_backup_uploads.part004.zip,.jpg,generated thumbnail,False,True,0
wp-content/uploads/2026/09/TRICUP_KOEB_Flyer_Anwohner_2026-08-21.pdf,1370785,d46d9a3c437d65e89b25e3f81981b8714c0e1fc553dfa2971dafc2b2e80187d6,www.gemeinde-merching.de_wpvivid-b8981f085de20_2026-10-10-16-11_backup_uploads.part004.zip,.pdf,original/referenced,True,False,0
wp-content/uploads/2026/09/Merching-Bodenrichtwerte-2026-pdf.jpg,255038,d0b3323e4f41c208eb0b5207c4b5aabf65cf3edd83639307d4e62021ac5c7fd5,www.gemeinde-merching.de_wpvivid-b8981f085de20_2026-10-10-16-11_backup_uploads.part004.zip,.jpg,generated thumbnail,False,False,0
wp-content/uploads/2026/09/Steinach-Hochdorf-Bodenrichtwerte-2026-pdf-1024x724.jpg,110880,40ee2a47ea5e2e11247be3c45c67bab3005b53e1786d75455d11403cd0f8f4b9,www.gemeinde-merching.de_wpvivid-b8981f085de20_2026-10-10-16-11_backup_uploads.part004.zip,.jpg,generated thumbnail,False,True,0
wp-content/uploads/2026/09/20260915_Blaualgen-Auensee-Kissing-003-pdf-724x1024.jpg,49255,df889c3b3ef840b4db5fdbb558bea2d6b5c8328b911e3c5ca95cfa3079e8b2eb,www.gemeinde-merching.de_wpvivid-b8981f085de20_2026-10-10-16-11_backup_uploads.part004.zip,.jpg,generated thumbnail,False,True,0
wp-content/uploads/2026/09/Merching-Bodenrichtwerte-2026-pdf-1024x724.jpg,116484,b6b23da13322068989781107d2fd911d3b407ef342ccd1af0d9451b0a8622983,www.gemeinde-merching.de_wpvivid-b8981f085de20_2026-10-10-16-11_backup_uploads.part004.zip,.jpg,generated thumbnail,False,True,0
wp-content/uploads/2026/04/Wahlbekanntmachung-Homepage-pdf.jpg,191141,0dff6cb5ed40423051312f9b2a9d1e0cdfd506c54babb4a44c27f7dd3fef9aa2,www.gemeinde-merching.de_wpvivid-b8981f085de20_2026-10-10-16-11_backup_uploads.part004.zip,.jpg,generated thumbnail,False,False,0
wp-content/uploads/2026/04/26-04-16-PM-Anzeigepflicht-Aenderungen-Grundbesitz.docx-pdf-106x150.jpg,5812,1580beaa650d727bca18d1b932acae989aabd38363dc4a51553b7d5d44dccf21,www.gemeinde-merching.de_wpvivid-b8981f085de20_2026-10-10-16-11_backup_uploads.part004.zip,.jpg,generated thumbnail,False,True,0
wp-content/uploads/2026/04/2026031Anzeige-Solaroffensive-und-Energieberatung-04_26-f.-Homepage.pdf,1138110,e54ae9bccbd0ee53ee7c6c9e68f8c82462c2ce70073abaa49d12b094c9016eaf,www.gemeinde-merching.de_wpvivid-b8981f085de20_2026-10-10-16-11_backup_uploads.part004.zip,.pdf,original/referenced,True,False,1
wp-content/uploads/2026/04/26-04-16-PM-Anzeigepflicht-Aenderungen-Grundbesitz.docx-pdf.jpg,143742,e95b436f5049a6e8a44a079b8d00f7dc544598e9eeae10e4de6fd53da59ec570,www.gemeinde-merching.de_wpvivid-b8981f085de20_2026-10-10-16-11_backup_uploads.part004.zip,.jpg,generated thumbnail,False,False,0
wp-content/uploads/2026/04/Logo-Solaroffensive.png,21106,6245e8231d313dab0eecd74920cae7855535a576d47d88bdc5f7651fa1124a81,www.gemeinde-merching.de_wpvivid-b8981f085de20_2026-10-10-16-11_backup_uploads.part004.zip,.png,original/referenced,True,False,5
wp-content/uploads/2026/04/Verkuendung-des-Wahlergebnisses-OT-Hochdorf-pdf-106x150.jpg,5887,2822c0859f4d6af8da50a4c668aa419c65079a606444036f93d4de3b64db5ab0,www.gemeinde-merching.de_wpvivid-b8981f085de20_2026-10-10-16-11_backup_uploads.part004.zip,.jpg,generated thumbnail,False,True,0
wp-content/uploads/2026/04/2026031Anzeige-Solaroffensive-und-Energieberatung-04_26-f.-Homepage-pdf.jpg,187974,8698535f5b5e42a2123e6ad12f053561332d7db27aa5ddc6f7dd2c6d9f6c310e,www.gemeinde-merching.de_wpvivid-b8981f085de20_2026-10-10-16-11_backup_uploads.part004.zip,.jpg,generated thumbnail,False,False,0
wp-content/uploads/2026/04/Screenshot-2026-04-08-095702-Solaroffensive-LRA-04_26.jpg,33972,1d24ea0cb7056768ad57cd4a3d563b7f814c7811b960a412462f03b4130c4fe2,www.gemeinde-merching.de_wpvivid-b8981f085de20_2026-10-10-16-11_backup_uploads.part004.zip,.jpg,original/referenced,True,False,1
wp-content/uploads/2026/04/Helmut-Luichtl-kl.jpg,4070,b13ec06d2f6dbb92f778066a6846aff3a7c832ee19a5620f4e33ccc485a698ee,www.gemeinde-merching.de_wpvivid-b8981f085de20_2026-10-10-16-11_backup_uploads.part004.zip,.jpg,original/referenced,True,False,7
wp-content/uploads/2026/04/Screenshot-2026-04-08-095702-Solaroffensive-LRA-04_26-150x150.jpg,2889,51746e07fa3a67c6d888df6a3a25b46eca4bd0bbde73d56b9746cbff25616a03,www.gemeinde-merching.de_wpvivid-b8981f085de20_2026-10-10-16-11_backup_uploads.part004.zip,.jpg,generated thumbnail,False,True,0
wp-content/uploads/2026/04/20260413-AV-Gefluegelpest-aufgehoben_LRA-AIC-FDB-f.-Homepage-u.-Aushang-pdf-106x150.jpg,5444,8b7a5f30fc6fc0d5bc7a8c1a8046c768961035a4b031e36ddd59fdd28b6652be,www.gemeinde-merching.de_wpvivid-b8981f085de20_2026-10-10-16-11_backup_uploads.part004.zip,.jpg,generated thumbnail,False,True,0
wp-content/uploads/2026/04/20260413-AV-Gefluegelpest-aufgehoben_LRA-AIC-FDB-f.-Homepage-u.-Aushang-pdf.jpg,161016,8cf525cf58b18a04754945f73ba6807cd745127fa7a2f79557825107ae0f318c,www.gemeinde-merching.de_wpvivid-b8981f085de20_2026-10-10-16-11_backup_uploads.part004.zip,.jpg,generated thumbnail,False,False,0
wp-content/uploads/2026/04/Wahlbekanntmachung-Homepage-pdf-724x1024.jpg,98894,c89ca97a21787d4c65788d338f6064dd9e10718811de14d50bc85690d37ade27,www.gemeinde-merching.de_wpvivid-b8981f085de20_2026-10-10-16-11_backup_uploads.part004.zip,.jpg,generated thumbnail,False,True,0
wp-content/uploads/2026/04/Logo-Solaroffensive-150x86.png,9788,544459bba58eef616e51974ad5251ca151a11fcb1bdbce57614c08ce30178b8e,www.gemeinde-merching.de_wpvivid-b8981f085de20_2026-10-10-16-11_backup_uploads.part004.zip,.png,generated thumbnail,False,True,0
wp-content/uploads/2026/04/Wahlbekanntmachung-Homepage.pdf,129284,e19654e68d930b3f8d4f1770799449438c00ad7cae5c12bfe9ec5a16475f63c5,www.gemeinde-merching.de_wpvivid-b8981f085de20_2026-10-10-16-11_backup_uploads.part004.zip,.pdf,original/referenced,True,False,0
wp-content/uploads/2026/04/20260414_Sitzung-Buendnis-fuer-Demokratie-f.-Homepage-pdf-106x150.jpg,6473,47139a6462accc0aea462f0f5a4817e996dcb465448353631e76b671d8d47a18,www.gemeinde-merching.de_wpvivid-b8981f085de20_2026-10-10-16-11_backup_uploads.part004.zip,.jpg,generated thumbnail,False,True,0
wp-content/uploads/2026/04/Wahlbekanntmachung-Homepage-pdf-106x150.jpg,6475,af65e0c59ec768fbb587f541c99961cfb5c3f4d1b336f507d6bcfcf47d2ee533,www.gemeinde-merching.de_wpvivid-b8981f085de20_2026-10-10-16-11_backup_uploads.part004.zip,.jpg,generated thumbnail,False,True,0
wp-content/uploads/2026/04/Verkuendung-des-Wahlergebnisses-OT-Hochdorf.pdf,117014,b7bea03722052c9fb8fa8fdd2e7df90911752df57207f4d6138552c88fb7f23c,www.gemeinde-merching.de_wpvivid-b8981f085de20_2026-10-10-16-11_backup_uploads.part004.zip,.pdf,original/referenced,True,False,1
wp-content/uploads/2026/04/20260414_Sitzung-Buendnis-fuer-Demokratie-f.-Homepage-pdf-724x1024.jpg,135807,d4552daab21d37335021b5dce540e538b9de71bf2aded0251090e945ec8e1152,www.gemeinde-merching.de_wpvivid-b8981f085de20_2026-10-10-16-11_backup_uploads.part004.zip,.jpg,generated thumbnail,False,True,0
wp-content/uploads/2026/04/Wahlbekanntmachung-Homepage-pdf-212x300.jpg,14705,7c3cecf91bd1dcbdda81eebf354a06e5580feac34e4a72df423aad3c07913929,www.gemeinde-merching.de_wpvivid-b8981f085de20_2026-10-10-16-11_backup_uploads.part004.zip,.jpg,generated thumbnail,False,True,0
wp-content/uploads/2026/04/Verkuendung-des-Wahlergebnisses-OT-Hochdorf-pdf-212x300.jpg,12022,3b5d10ed1b68b0a573dc0707878e615eff73bd9e5b588427aac948d3e3ce28a0,www.gemeinde-merching.de_wpvivid-b8981f085de20_2026-10-10-16-11_backup_uploads.part004.zip,.jpg,generated thumbnail,False,True,0
wp-content/uploads/2026/04/20260414_Sitzung-Buendnis-fuer-Demokratie-f.-Homepage-pdf.jpg,254062,a7b95934ff1715e56a215b37355c0dcf516ad09af23ed93dd281c8421f4ac539,www.gemeinde-merching.de_wpvivid-b8981f085de20_2026-10-10-16-11_backup_uploads.part004.zip,.jpg,generated thumbnail,False,False,0
wp-content/uploads/2026/04/26-04-16-PM-Anzeigepflicht-Aenderungen-Grundbesitz.docx-pdf-212x300.jpg,11810,763284d8f60461d5d6851086cb3b116a1bd09547dfee9251e0edf8a82631e703,www.gemeinde-merching.de_wpvivid-b8981f085de20_2026-10-10-16-11_backup_uploads.part004.zip,.jpg,generated thumbnail,False,True,0
wp-content/uploads/2026/04/Verkuendung-des-Wahlergebnisses-OT-Hochdorf-pdf.jpg,130509,26acb1140400e958792a9e0ffeb920755b182470fb8c782e5da583dc6333d049,www.gemeinde-merching.de_wpvivid-b8981f085de20_2026-10-10-16-11_backup_uploads.part004.zip,.jpg,generated thumbnail,False,False,0
wp-content/uploads/2026/04/20260413-AV-Gefluegelpest-aufgehoben_LRA-AIC-FDB-f.-Homepage-u.-Aushang-pdf-212x300.jpg,10619,9e4c1bc43cbd8a2141cfdd280890047910040127d90b3645a38c2d503a3fdd24,www.gemeinde-merching.de_wpvivid-b8981f085de20_2026-10-10-16-11_backup_uploads.part004.zip,.jpg,generated thumbnail,False,True,0
wp-content/uploads/2026/04/Logo-Solaroffensive-300x80.png,22654,56b564ed95e161dddccb46bcf35385089c83550fd4c09d46bf6c815a19f5c371,www.gemeinde-merching.de_wpvivid-b8981f085de20_2026-10-10-16-11_backup_uploads.part004.zip,.png,generated thumbnail,False,True,5
wp-content/uploads/2026/04/20260413-AV-Gefluegelpest-aufgehoben_LRA-AIC-FDB-f.-Homepage-u.-Aushang-pdf-724x1024.jpg,80455,277734a375468ff1f72e58d9bcb43622236e5ba42cd530e76c30cd51edee9547,www.gemeinde-merching.de_wpvivid-b8981f085de20_2026-10-10-16-11_backup_uploads.part004.zip,.jpg,generated thumbnail,False,True,0
wp-content/uploads/2026/04/Verkuendung-des-Wahlergebnisses-OT-Hochdorf-pdf-724x1024.jpg,70929,e45b3e460cdd9e563564a3d9115f8b666ca28c476ec125c043f0db0adb97a31c,www.gemeinde-merching.de_wpvivid-b8981f085de20_2026-10-10-16-11_backup_uploads.part004.zip,.jpg,generated thumbnail,False,True,0
wp-content/uploads/2026/04/20260414_Sitzung-Buendnis-fuer-Demokratie-f.-Homepage.pdf,180261,c52dff18068d95649f0a8853edc75cdc721206a3b281832aff60445f323906d3,www.gemeinde-merching.de_wpvivid-b8981f085de20_2026-10-10-16-11_backup_uploads.part004.zip,.pdf,original/referenced,True,False,1
wp-content/uploads/2026/04/20260414_Sitzung-Buendnis-fuer-Demokratie-f.-Homepage-pdf-212x300.jpg,15738,5fc9d8c1118a240b2e2e7c02b3ada37ea1b6c2790ef256659c9aad8478358c45,www.gemeinde-merching.de_wpvivid-b8981f085de20_2026-10-10-16-11_backup_uploads.part004.zip,.jpg,generated thumbnail,False,True,0
wp-content/uploads/2026/04/Screenshot-2026-04-08-095702-Solaroffensive-LRA-04_26-300x192.jpg,7224,caf77d0eb4676a4b6c2580812e22767ae22a67bf0af382e978ea85c2a1edde41,www.gemeinde-merching.de_wpvivid-b8981f085de20_2026-10-10-16-11_backup_uploads.part004.zip,.jpg,original/referenced,False,True,1
wp-content/uploads/2026/04/26-04-16-PM-Anzeigepflicht-Aenderungen-Grundbesitz.docx.pdf,103700,b6d397e59f5a02a8145e103675b1af3d1bef7927f680e6a3a10695a518e85d6f,www.gemeinde-merching.de_wpvivid-b8981f085de20_2026-10-10-16-11_backup_uploads.part004.zip,.pdf,original/referenced,True,False,1
wp-content/uploads/2026/04/26-04-16-PM-Anzeigepflicht-Aenderungen-Grundbesitz.docx-pdf-724x1024.jpg,77722,6dcb27b74400d80a1cde1be509b5f8295021aef5b4a3b745cb13a761c2054c1e,www.gemeinde-merching.de_wpvivid-b8981f085de20_2026-10-10-16-11_backup_uploads.part004.zip,.jpg,generated thumbnail,False,True,0
wp-content/uploads/2026/04/2026031Anzeige-Solaroffensive-und-Energieberatung-04_26-f.-Homepage-pdf-77x150.jpg,10633,e1693024ec561d9303889859ca53c84534b3a1cf3687f5d3490e9d3cdc92fc12,www.gemeinde-merching.de_wpvivid-b8981f085de20_2026-10-10-16-11_backup_uploads.part004.zip,.jpg,generated thumbnail,False,True,0
wp-content/uploads/2026/04/20260413-AV-Gefluegelpest-aufgehoben_LRA-AIC-FDB-f.-Homepage-u.-Aushang.pdf,170098,875dd064933c71d3de1274042c134bb46e77f97cd6a25750ae62991c1b2464b7,www.gemeinde-merching.de_wpvivid-b8981f085de20_2026-10-10-16-11_backup_uploads.part004.zip,.pdf,original/referenced,True,False,1
wp-content/uploads/2026/04/2026031Anzeige-Solaroffensive-und-Energieberatung-04_26-f.-Homepage-pdf-153x300.jpg,28219,715e05c0b4734a0df5429e8df771629965c68ddebaa97086a8b0bc8dc6ced466,www.gemeinde-merching.de_wpvivid-b8981f085de20_2026-10-10-16-11_backup_uploads.part004.zip,.jpg,generated thumbnail,False,True,0
wp-content/uploads/2026/03/2026-03-02-Lili-I-EOeT-Bekanntmachungstext.pdf,95241,9df084ba6d5f93f57640e3bab42cd90fe6689b40530422cf1d79ed521b7f7d13,www.gemeinde-merching.de_wpvivid-b8981f085de20_2026-10-10-16-11_backup_uploads.part004.zip,.pdf,original/referenced,True,False,1
wp-content/uploads/2026/03/Buergermeisterwahl-Bekanntmachung_Wahlergebnis_Anl_18-Direktwahl_Homepage-pdf-724x1024.jpg,79693,c8cb3d1bd2efd2a6844f9b77ad8341f0be70cae67d66747bd9ff178dfe7cc4fc,www.gemeinde-merching.de_wpvivid-b8981f085de20_2026-10-10-16-11_backup_uploads.part004.zip,.jpg,generated thumbnail,False,True,0
wp-content/uploads/2026/03/Modernisierungsbuendnis-2026_vhs-Kurs-Merching-pdf-212x300.jpg,19791,5791220f99b92e20699f572e978c912fe36f99de6e969963c2f5d1acfcaec097,www.gemeinde-merching.de_wpvivid-b8981f085de20_2026-10-10-16-11_backup_uploads.part004.zip,.jpg,generated thumbnail,False,True,0
wp-content/uploads/2026/03/Logo-Ambulante-Snipping-Tool-1.jpg,7406,1b1867ca1d2f3d9b3f87b57d0f2fd376bc9b6d613adefd13e7b10204284bb19e,www.gemeinde-merching.de_wpvivid-b8981f085de20_2026-10-10-16-11_backup_uploads.part004.zip,.jpg,original/referenced,True,False,0
wp-content/uploads/2026/03/Plakat-Benefizkonzert-05.05.2026-in-Merching-pdf.jpg,440544,5d342713b11f5584f2cea0a53cb21953ea842c007ffaf88f71e723d69eb1c7d2,www.gemeinde-merching.de_wpvivid-b8981f085de20_2026-10-10-16-11_backup_uploads.part004.zip,.jpg,generated thumbnail,False,False,0
wp-content/uploads/2026/03/Gemeinderatswahl-Bekanntmachung_Wahlergebnis_Anl_17_Homepage-pdf.jpg,122299,b78cb6533a1f1026fe4a1b980e8016fc0039b7d900c05e85a5ee3e11dfe275e6,www.gemeinde-merching.de_wpvivid-b8981f085de20_2026-10-10-16-11_backup_uploads.part004.zip,.jpg,generated thumbnail,False,False,0
wp-content/uploads/2026/03/Modernisierungsbuendnis-2026_vhs-Kurs-Merching-pdf-724x1024.jpg,134178,0516fde416e27f9c3ae06ce1f4639d761c6635369e755ca1bae108058b62f5fd,www.gemeinde-merching.de_wpvivid-b8981f085de20_2026-10-10-16-11_backup_uploads.part004.zip,.jpg,generated thumbnail,False,True,0
wp-content/uploads/2026/03/Gemeindekurier-Ostern-2026-f.-Homepage-pdf-150x106.jpg,7726,9fba9c4f8d818f09e873f1b81b23fb4e2920f9d0d2902c1f7516f5e88113f987,www.gemeinde-merching.de_wpvivid-b8981f085de20_2026-10-10-16-11_backup_uploads.part004.zip,.jpg,generated thumbnail,False,True,0
wp-content/uploads/2026/03/Logo-Ambulante-Snipping-Tool-150x54.jpg,2201,8cd656b2617a470fc387f0804edd42393c571f8b03f8da619f9ebf5ea6dfb9ff,www.gemeinde-merching.de_wpvivid-b8981f085de20_2026-10-10-16-11_backup_uploads.part004.zip,.jpg,generated thumbnail,False,True,0
wp-content/uploads/2026/03/Merchinger-Ramadama-2026-PDF.pdf,360699,12707a9b09b64b3464db744c8cc123244fba838845fb522cd9ed8e55ca4d9583,www.gemeinde-merching.de_wpvivid-b8981f085de20_2026-10-10-16-11_backup_uploads.part004.zip,.pdf,original/referenced,True,False,0
wp-content/uploads/2026/03/Gemeinderatswahl-Bekanntmachung_Wahlergebnis_Anl_17_Homepage-pdf-724x1024.jpg,62812,6dd8b0336f494f824fd1857ad95a688873ee9e7bd8186f884555ea1b58ed6a9d,www.gemeinde-merching.de_wpvivid-b8981f085de20_2026-10-10-16-11_backup_uploads.part004.zip,.jpg,generated thumbnail,False,True,0
wp-content/uploads/2026/03/Buergermeisterwahl-Bekanntmachung_Wahlergebnis_Anl_18-Direktwahl_Homepage-pdf-106x150.jpg,5881,ace5832c94c596f6198bc869f926a3896ea55bb6fb482de50b90927f7c2805b5,www.gemeinde-merching.de_wpvivid-b8981f085de20_2026-10-10-16-11_backup_uploads.part004.zip,.jpg,generated thumbnail,False,True,0
wp-content/uploads/2026/03/Gemeinderatswahl-Bekanntmachung_Wahlergebnis_Anl_17_Homepage-pdf-106x150.jpg,5332,20086559bb39dd05b4a3819336cb655984cb879ec44d787dc65339732ec9535a,www.gemeinde-merching.de_wpvivid-b8981f085de20_2026-10-10-16-11_backup_uploads.part004.zip,.jpg,generated thumbnail,False,True,0
wp-content/uploads/2026/03/Gemeinderatswahl-Bekanntmachung_Wahlergebnis_Anl_17_Homepage.pdf,191805,611f20c6be98f680e15c45f037ecfc3dc9778c7721ca18749c467e1e2fb0d6e8,www.gemeinde-merching.de_wpvivid-b8981f085de20_2026-10-10-16-11_backup_uploads.part004.zip,.pdf,original/referenced,True,False,1
wp-content/uploads/2026/03/2026-03-02-Lili-I-EOeT-Bekanntmachungstext-pdf.jpg,199646,775328d53f15972b2f17cedc045fc4065fb8a43ffe17eb51e2d803a847ee11b1,www.gemeinde-merching.de_wpvivid-b8981f085de20_2026-10-10-16-11_backup_uploads.part004.zip,.jpg,generated thumbnail,False,False,0
wp-content/uploads/2026/03/Information-Ortssprecherwahl-Steinach-u.-Hochdorf_Beilage-Kurier-Ostern-2026-f.-Hochdorf-u.-Steinach-f.-Homepage-pdf-212x300.jpg,17490,4c9f53644b3b1bf68b13b1a337db85f190e7ca699b3ac923ffdb4296c9d70023,www.gemeinde-merching.de_wpvivid-b8981f085de20_2026-10-10-16-11_backup_uploads.part004.zip,.jpg,generated thumbnail,False,True,0
wp-content/uploads/2026/03/Buergermeisterwahl-Bekanntmachung_Wahlergebnis_Anl_18-Direktwahl_Homepage-pdf-212x300.jpg,12170,2b70f6a5e65bdcb9d867c6fa9ee3a90a98d4caec8d6b40ad20ee0bfbeb151f5f,www.gemeinde-merching.de_wpvivid-b8981f085de20_2026-10-10-16-11_backup_uploads.part004.zip,.jpg,generated thumbnail,False,True,0
wp-content/uploads/2026/03/Plakat-Benefizkonzert-05.05.2026-in-Merching-pdf-210x300.jpg,23040,171c2fac8a491140c4ed18036814463d1ae895c5f6317d907e01a103cc61174e,www.gemeinde-merching.de_wpvivid-b8981f085de20_2026-10-10-16-11_backup_uploads.part004.zip,.jpg,generated thumbnail,False,True,0
wp-content/uploads/2026/03/2026-03-02-Lili-I-EOeT-Bekanntmachungstext-pdf-724x1024.jpg,97234,8206fa5cd92c956d385b1d2d7a4b152ffa6e06d8afe403e2b113fcef1e1dd954,www.gemeinde-merching.de_wpvivid-b8981f085de20_2026-10-10-16-11_backup_uploads.part004.zip,.jpg,generated thumbnail,False,True,0
wp-content/uploads/2026/03/Merchinger-Ramadama-2026-PDF-pdf-724x1024.jpg,123530,f17a49098a1ad0677012028cd4cbc9720ba1a5b67c708b1e7f57bec1cf717042,www.gemeinde-merching.de_wpvivid-b8981f085de20_2026-10-10-16-11_backup_uploads.part004.zip,.jpg,generated thumbnail,False,True,0
wp-content/uploads/2026/03/Gemeindekurier-Ostern-2026-f.-Homepage-pdf.jpg,541828,079d18c0ecb9008efd8e779c27c2b693549b80f93369ebdc53a79639a9b1c0db,www.gemeinde-merching.de_wpvivid-b8981f085de20_2026-10-10-16-11_backup_uploads.part004.zip,.jpg,generated thumbnail,False,False,0
wp-content/uploads/2026/03/2026-03-02-Lili-I-EOeT-Bekanntmachungstext-pdf-212x300.jpg,12826,779b9cd60ba1b6dbe6e9414321327a7336ac2f5d87ae3137ed51f1ab0a098d01,www.gemeinde-merching.de_wpvivid-b8981f085de20_2026-10-10-16-11_backup_uploads.part004.zip,.jpg,generated thumbnail,False,True,0
wp-content/uploads/2026/03/Buergermeisterwahl-Bekanntmachung_Wahlergebnis_Anl_18-Direktwahl_Homepage-pdf.jpg,157080,5bfd8aac4c4186eef66a88b858c130b0765a4071bcb8846c5477e66a372d4974,www.gemeinde-merching.de_wpvivid-b8981f085de20_2026-10-10-16-11_backup_uploads.part004.zip,.jpg,generated thumbnail,False,False,0
wp-content/uploads/2026/03/Buergermeisterwahl-Bekanntmachung_Wahlergebnis_Anl_18-Direktwahl_Homepage.pdf,188319,40cbcf0cde15d9ad2fe62bf4ad0d51a902e1f10931ceb57fc31d8d4652e94563,www.gemeinde-merching.de_wpvivid-b8981f085de20_2026-10-10-16-11_backup_uploads.part004.zip,.pdf,original/referenced,True,False,1
wp-content/uploads/2026/03/20260226_PM_VHS-Kurs-Merching-Gebaeude.pdf,179016,b8853d1ee330f2a74f47427c52b70ff656e087098d627db1f5615e19ab9aeecd,www.gemeinde-merching.de_wpvivid-b8981f085de20_2026-10-10-16-11_backup_uploads.part004.zip,.pdf,original/referenced,True,False,0
wp-content/uploads/2026/03/Plakat-Benefizkonzert-05.05.2026-in-Merching-pdf-715x1024.jpg,194910,02c0767b106011049d18e009765cb88c9d2a3ffe55b6c55d0e2139326e99e3f2,www.gemeinde-merching.de_wpvivid-b8981f085de20_2026-10-10-16-11_backup_uploads.part004.zip,.jpg,generated thumbnail,False,True,0
wp-content/uploads/2026/03/Gemeindekurier-Ostern-2026-f.-Homepage.pdf,1663303,56452b2a2bda833b63516f0e22b72da5b8c7a3c87afd710e05517d0ae830ac9e,www.gemeinde-merching.de_wpvivid-b8981f085de20_2026-10-10-16-11_backup_uploads.part004.zip,.pdf,original/referenced,True,False,1
wp-content/uploads/2026/03/DEU_Augsburg_COA_1811.svg_-150x150.png,22398,9dffabfac5cfd4cb983591a2f55c6698dc12c963d218bac605b2665425862b3a,www.gemeinde-merching.de_wpvivid-b8981f085de20_2026-10-10-16-11_backup_uploads.part004.zip,.png,generated thumbnail,False,True,0
wp-content/uploads/2026/03/Gemeindekurier-Ostern-2026-f.-Homepage-pdf-300x212.jpg,18366,4216f80950f0e34a0e1e9d4df2f76dea81b8820b362ee4e88db32e3cd2ec1735,www.gemeinde-merching.de_wpvivid-b8981f085de20_2026-10-10-16-11_backup_uploads.part004.zip,.jpg,generated thumbnail,False,True,0
wp-content/uploads/2026/03/Gemeinderatswahl-Bekanntmachung_Wahlergebnis_Anl_17_Homepage-pdf-212x300.jpg,10302,21d560ff7a6f810d7840343eae13b1108364a8c64fc3d801fdbb00c99418db61,www.gemeinde-merching.de_wpvivid-b8981f085de20_2026-10-10-16-11_backup_uploads.part004.zip,.jpg,generated thumbnail,False,True,0
wp-content/uploads/2026/03/DEU_Augsburg_COA_1811.svg_-768x841.png,193120,5a7485c1b734532c8eaa629301148c027013d362051834f8d756fbf5f7e1e85f,www.gemeinde-merching.de_wpvivid-b8981f085de20_2026-10-10-16-11_backup_uploads.part004.zip,.png,generated thumbnail,False,True,0
wp-content/uploads/2026/03/Plakat-Benefizkonzert-05.05.2026-in-Merching-pdf-105x150.jpg,6889,eacd39ae8d422b33cb987bb8402c47315971f861b42bb6286a74fdb001127726,www.gemeinde-merching.de_wpvivid-b8981f085de20_2026-10-10-16-11_backup_uploads.part004.zip,.jpg,generated thumbnail,False,True,0
wp-content/uploads/2026/03/DEU_Augsburg_COA_1811.svg_-935x1024.png,237846,e7b114a36a2781ad32ea45ff7625f536ac5be32d6b4207079cde7e8b9fb99a51,www.gemeinde-merching.de_wpvivid-b8981f085de20_2026-10-10-16-11_backup_uploads.part004.zip,.png,generated thumbnail,False,True,0
wp-content/uploads/2026/03/Logo-Ambulante-Snipping-Tool.jpg,7406,1b1867ca1d2f3d9b3f87b57d0f2fd376bc9b6d613adefd13e7b10204284bb19e,www.gemeinde-merching.de_wpvivid-b8981f085de20_2026-10-10-16-11_backup_uploads.part004.zip,.jpg,unreferenced candidate (not proven orphan),False,False,0
wp-content/uploads/2026/03/DEU_Augsburg_COA_1811.svg_.png,179363,f053a6706fd246554bf141cca67039f924fd97cdf9f7767fdc85e07c823ffec0,www.gemeinde-merching.de_wpvivid-b8981f085de20_2026-10-10-16-11_backup_uploads.part004.zip,.png,original/referenced,True,False,0
wp-content/uploads/2026/03/Logo-Ambulante-Snipping-Tool-e1772613884523.jpg,2288,9e696dcfa8fd523aa1c9403d3f809035df971e4225ea2295cb060d20cb0b18f0,www.gemeinde-merching.de_wpvivid-b8981f085de20_2026-10-10-16-11_backup_uploads.part004.zip,.jpg,original/referenced,True,False,0
wp-content/uploads/2026/03/Information-Ortssprecherwahl-Steinach-u.-Hochdorf_Beilage-Kurier-Ostern-2026-f.-Hochdorf-u.-Steinach-f.-Homepage-pdf-106x150.jpg,6856,a9c01410723a100251224485d4feb28d67519fca1c799d8a35ee8e2011b4e6cd,www.gemeinde-merching.de_wpvivid-b8981f085de20_2026-10-10-16-11_backup_uploads.part004.zip,.jpg,generated thumbnail,False,True,0
wp-content/uploads/2026/03/DEU_Augsburg_COA_klein.png,18049,dd458d43bc1f834fbbf8d107dc540be6879a711ea554f962af5c749baa1e226b,www.gemeinde-merching.de_wpvivid-b8981f085de20_2026-10-10-16-11_backup_uploads.part004.zip,.png,original/referenced,True,False,2
wp-content/uploads/2026/03/Logo-Ambulante-Snipping-Tool-300x45.jpg,3586,1f48f1aa48aa4321c2cf0c45b59685b1b0322fa996b5a5471c69e4416d6690aa,www.gemeinde-merching.de_wpvivid-b8981f085de20_2026-10-10-16-11_backup_uploads.part004.zip,.jpg,generated thumbnail,False,True,0
wp-content/uploads/2026/03/Gemeindekurier-Ostern-2026-f.-Homepage-pdf-1024x724.jpg,149171,fd4a7a08885f94c3a5b077e1ff4391a84bf71f64904d293e77b82d0e462c6901,www.gemeinde-merching.de_wpvivid-b8981f085de20_2026-10-10-16-11_backup_uploads.part004.zip,.jpg,generated thumbnail,False,True,0
wp-content/uploads/2026/03/Merchinger-Ramadama-2026-PDF-pdf-212x300.jpg,19403,4e772f3840ac05b4508b4ab5ffa5bf71b9cbc1fa7a70259e217927ddd19b3010,www.gemeinde-merching.de_wpvivid-b8981f085de20_2026-10-10-16-11_backup_uploads.part004.zip,.jpg,generated thumbnail,False,True,0
wp-content/uploads/2026/03/DEU_Augsburg_COA_1811.svg_-274x300.png,54217,f1640975217fad0b63733ef1bd34951e591d563ccf0f0b6590b5411dce348396,www.gemeinde-merching.de_wpvivid-b8981f085de20_2026-10-10-16-11_backup_uploads.part004.zip,.png,generated thumbnail,False,True,0
wp-content/uploads/2026/03/Logo-Ambulante-Snipping-Tool-1-150x54.jpg,2201,8cd656b2617a470fc387f0804edd42393c571f8b03f8da619f9ebf5ea6dfb9ff,www.gemeinde-merching.de_wpvivid-b8981f085de20_2026-10-10-16-11_backup_uploads.part004.zip,.jpg,generated thumbnail,False,True,0
wp-content/uploads/2026/03/Modernisierungsbuendnis-2026_vhs-Kurs-Merching-pdf.jpg,290699,ab892cfffab81ca02aac6c1b3b02aeb68dcb3c2dba6de9ebfb396a8a96e726bb,www.gemeinde-merching.de_wpvivid-b8981f085de20_2026-10-10-16-11_backup_uploads.part004.zip,.jpg,generated thumbnail,False,False,0
wp-content/uploads/2026/03/20260226_PM_VHS-Kurs-Merching-Gebaeude-pdf.jpg,154603,445c03fe73ce46f3e90ab588848c4409d13c96daa64d519b75249a81cd85d01b,www.gemeinde-merching.de_wpvivid-b8981f085de20_2026-10-10-16-11_backup_uploads.part004.zip,.jpg,generated thumbnail,False,False,0
wp-content/uploads/2026/03/20260226_PM_VHS-Kurs-Merching-Gebaeude-pdf-724x1024.jpg,81986,ab77a1987b7be6bbfe1698ddf43fccec08d67ebe3be557ac50d4b871e0eacd37,www.gemeinde-merching.de_wpvivid-b8981f085de20_2026-10-10-16-11_backup_uploads.part004.zip,.jpg,generated thumbnail,False,True,0
wp-content/uploads/2026/03/2026-03-02-Lili-I-EOeT-Bekanntmachungstext-pdf-106x150.jpg,6117,c082b0774463c9d4681579d6431623dcb135cd97fc662e265e0eea53a67f6902,www.gemeinde-merching.de_wpvivid-b8981f085de20_2026-10-10-16-11_backup_uploads.part004.zip,.jpg,generated thumbnail,False,True,0
wp-content/uploads/2026/03/20260226_PM_VHS-Kurs-Merching-Gebaeude-pdf-106x150.jpg,5853,f8d4a1ddcd994359ef33d77aca24d864e85910adbf95211b117116342227de64,www.gemeinde-merching.de_wpvivid-b8981f085de20_2026-10-10-16-11_backup_uploads.part004.zip,.jpg,generated thumbnail,False,True,0
wp-content/uploads/2026/03/Information-Ortssprecherwahl-Steinach-u.-Hochdorf_Beilage-Kurier-Ostern-2026-f.-Hochdorf-u.-Steinach-f.-Homepage-pdf.jpg,314057,98fc19fd913f34a5d0f6af30cdfae5eff5fe1be13f6617d02888cbc7e4045741,www.gemeinde-merching.de_wpvivid-b8981f085de20_2026-10-10-16-11_backup_uploads.part004.zip,.jpg,generated thumbnail,False,False,0
wp-content/uploads/2026/03/Plakat-Benefizkonzert-05.05.2026-in-Merching.pdf,496068,5d9007a6eae053a5e7df6c22de076ea062086b8cbe121b192552ebee9ac05b05,www.gemeinde-merching.de_wpvivid-b8981f085de20_2026-10-10-16-11_backup_uploads.part004.zip,.pdf,original/referenced,True,False,0
wp-content/uploads/2026/03/Merchinger-Ramadama-2026-PDF-pdf.jpg,239188,8e025580b756b99fc49c150b8002a49fefcdb9d2f9029f2829acf46543482306,www.gemeinde-merching.de_wpvivid-b8981f085de20_2026-10-10-16-11_backup_uploads.part004.zip,.jpg,generated thumbnail,False,False,0
wp-content/uploads/2026/03/20260226_PM_VHS-Kurs-Merching-Gebaeude-pdf-212x300.jpg,12150,308cc4beeebf288fa4891c05331019bfe8f4782c0bb60b149c42953e6bf34cda,www.gemeinde-merching.de_wpvivid-b8981f085de20_2026-10-10-16-11_backup_uploads.part004.zip,.jpg,generated thumbnail,False,True,0
wp-content/uploads/2026/03/Modernisierungsbuendnis-2026_vhs-Kurs-Merching-pdf-106x150.jpg,8356,0ae1721a908470e907d8927057c615ff7e59a760e15754b4bae1d702590b02ec,www.gemeinde-merching.de_wpvivid-b8981f085de20_2026-10-10-16-11_backup_uploads.part004.zip,.jpg,generated thumbnail,False,True,0
wp-content/uploads/2026/03/Information-Ortssprecherwahl-Steinach-u.-Hochdorf_Beilage-Kurier-Ostern-2026-f.-Hochdorf-u.-Steinach-f.-Homepage.pdf,90272,c2f8cd7ddb59734fea86aaf3aebb9719fcccf3f1c5eb995d1baf6ba52f199f18,www.gemeinde-merching.de_wpvivid-b8981f085de20_2026-10-10-16-11_backup_uploads.part004.zip,.pdf,original/referenced,True,False,1
wp-content/uploads/2026/03/Information-Ortssprecherwahl-Steinach-u.-Hochdorf_Beilage-Kurier-Ostern-2026-f.-Hochdorf-u.-Steinach-f.-Homepage-pdf-724x1024.jpg,163382,0afdae1a4fea7388c65a6d446a1025eb9e1049f6bf9fa6b56823bd63f575d574,www.gemeinde-merching.de_wpvivid-b8981f085de20_2026-10-10-16-11_backup_uploads.part004.zip,.jpg,generated thumbnail,False,True,0
wp-content/uploads/2026/03/Logo-Ambulante-Snipping-Tool-1-300x45.jpg,3586,1f48f1aa48aa4321c2cf0c45b59685b1b0322fa996b5a5471c69e4416d6690aa,www.gemeinde-merching.de_wpvivid-b8981f085de20_2026-10-10-16-11_backup_uploads.part004.zip,.jpg,generated thumbnail,False,True,0
wp-content/uploads/2026/03/Modernisierungsbuendnis-2026_vhs-Kurs-Merching.pdf,1639792,30c94a6ade1747dbe40ca83b2343b67dd03ce7189264c4a5a575054264dff7b2,www.gemeinde-merching.de_wpvivid-b8981f085de20_2026-10-10-16-11_backup_uploads.part004.zip,.pdf,original/referenced,True,False,0
wp-content/uploads/2026/03/Merchinger-Ramadama-2026-PDF-pdf-106x150.jpg,8149,94caccfe4d76a14d5d857ded4dc7034bb9eae9d0f443c9001926e1efa64b9656,www.gemeinde-merching.de_wpvivid-b8981f085de20_2026-10-10-16-11_backup_uploads.part004.zip,.jpg,generated thumbnail,False,True,0
wp-content/uploads/2026/01/Bekanntmachung-Abschlussbericht-Kommunale-Waermeplanung-PDF-1-pdf-106x150.jpg,5138,9e4db43cd1d9e89cc8db33aef0c0fa5a9677ba86ef4b9355e41a75615c2065b0,www.gemeinde-merching.de_wpvivid-b8981f085de20_2026-10-10-16-11_backup_uploads.part004.zip,.jpg,generated thumbnail,False,True,0
wp-content/uploads/2026/01/010203-Programm-FSP-Sued-2026.pdf,163547,2f8293e481f726e9081d11cace24312880eedb9b700ffe7a923ca9bdcd701c96,www.gemeinde-merching.de_wpvivid-b8981f085de20_2026-10-10-16-11_backup_uploads.part004.zip,.pdf,original/referenced,True,False,0
wp-content/uploads/2026/01/004_2026_42_A_Mikrozensus.pdf,186075,7d5f62f71127a0d4c0c445e8bfae4f36de4d3f9bafb6efa7fd77821d50dfe61b,www.gemeinde-merching.de_wpvivid-b8981f085de20_2026-10-10-16-11_backup_uploads.part004.zip,.pdf,original/referenced,True,False,1
wp-content/uploads/2026/01/BP_Nr34_Oestl._der_Nebelhornstrasse_1Aend_Textteil_m_VV_20251211.pdf,172353,370a099e6ecf7b0386d61471a207751ec2a72a8710ab6ba5fb439c6d0f27d5de,www.gemeinde-merching.de_wpvivid-b8981f085de20_2026-10-10-16-11_backup_uploads.part004.zip,.pdf,original/referenced,True,False,0
wp-content/uploads/2026/01/004_2026_42_A_Mikrozensus-pdf.jpg,339024,dfb3cd082ac3cc8e3af2aeb892eafdc0d6847804bda8b0f0b5bc1761453925a9,www.gemeinde-merching.de_wpvivid-b8981f085de20_2026-10-10-16-11_backup_uploads.part004.zip,.jpg,generated thumbnail,False,False,0
wp-content/uploads/2026/01/BZKF_BuergerTelefonKrebs-v.-F.-Hagen.pdf,1318574,1e38f4a41d7ae954f4f9f668ee2a5a8de403ddf1dd067e638b2070784ca63df4,www.gemeinde-merching.de_wpvivid-b8981f085de20_2026-10-10-16-11_backup_uploads.part004.zip,.pdf,original/referenced,True,False,1
wp-content/uploads/2026/01/Bekanntmachung-Abschlussbericht-Kommunale-Waermeplanung-PDF-1-pdf.jpg,85709,b565ad4767d5ee827150eea66b8e8adce4f700fc5e75509277a6878578c381ea,www.gemeinde-merching.de_wpvivid-b8981f085de20_2026-10-10-16-11_backup_uploads.part004.zip,.jpg,generated thumbnail,False,False,0
wp-content/uploads/2026/01/004_2026_42_A_Mikrozensus-pdf-724x1024.jpg,172846,15909f4e6ce6ebcf15b6cefd37d537bfa6f5dcabbc250e676b526d1297ed728d,www.gemeinde-merching.de_wpvivid-b8981f085de20_2026-10-10-16-11_backup_uploads.part004.zip,.jpg,generated thumbnail,False,True,0
wp-content/uploads/2026/01/004_2026_42_A_Mikrozensus-pdf-212x300.jpg,18697,26bc32eb828c0b9f65b366dd40d8515c7738f6ae21ad2e0a1de949e40e6cfb8e,www.gemeinde-merching.de_wpvivid-b8981f085de20_2026-10-10-16-11_backup_uploads.part004.zip,.jpg,generated thumbnail,False,True,0
wp-content/uploads/2026/01/1.Aenderung-BP-34-oestl.-Nebelhornstr.-Bekanntmachung-Satzungsbeschluss.pdf,490714,d404152a623063d54dc84f06c3f8736e79a4b40bac024fcbd16a22abf581bae2,www.gemeinde-merching.de_wpvivid-b8981f085de20_2026-10-10-16-11_backup_uploads.part004.zip,.pdf,original/referenced,True,False,0
wp-content/uploads/2026/01/Bekanntmachung-Abschlussbericht-Kommunale-Waermeplanung-PDF-pdf-212x300.jpg,8815,ef6c405b585a9f92f0eb7736c379bb0107d188c05b9ddcb7942b9d9074680e35,www.gemeinde-merching.de_wpvivid-b8981f085de20_2026-10-10-16-11_backup_uploads.part004.zip,.jpg,generated thumbnail,False,True,0
wp-content/uploads/2026/01/Bekanntmachung-Abschlussbericht-Kommunale-Waermeplanung-PDF-1.pdf,189672,a9b6b8787702c657d5f9d0a64d8164c84fe63f6eb1d7559fde54ae5bd1f73c29,www.gemeinde-merching.de_wpvivid-b8981f085de20_2026-10-10-16-11_backup_uploads.part004.zip,.pdf,original/referenced,True,False,1
wp-content/uploads/2026/01/BP_Nr34_Oestl._der_Nebelhornstrasse_1Aend_Begruendung_20251211.pdf,412709,3c59ff6e49f0d20ad236987f9fcaacf98510b470908f92c076e71e3d27d55a15,www.gemeinde-merching.de_wpvivid-b8981f085de20_2026-10-10-16-11_backup_uploads.part004.zip,.pdf,original/referenced,True,False,0
wp-content/uploads/2026/01/Bekanntmachung-Abschlussbericht-Kommunale-Waermeplanung-PDF-pdf-106x150.jpg,5138,9e4db43cd1d9e89cc8db33aef0c0fa5a9677ba86ef4b9355e41a75615c2065b0,www.gemeinde-merching.de_wpvivid-b8981f085de20_2026-10-10-16-11_backup_uploads.part004.zip,.jpg,generated thumbnail,False,True,0
wp-content/uploads/2026/01/Bekanntmachung-Abschlussbericht-Kommunale-Waermeplanung-PDF-pdf-724x1024.jpg,48278,3e98c60e5f423c3a3debb4548e0a940e7d83709efe4f4344aa579e94df6179f0,www.gemeinde-merching.de_wpvivid-b8981f085de20_2026-10-10-16-11_backup_uploads.part004.zip,.jpg,generated thumbnail,False,True,0
wp-content/uploads/2026/01/Bekanntmachung-Abschlussbericht-Kommunale-Waermeplanung-PDF.pdf,189672,a9b6b8787702c657d5f9d0a64d8164c84fe63f6eb1d7559fde54ae5bd1f73c29,www.gemeinde-merching.de_wpvivid-b8981f085de20_2026-10-10-16-11_backup_uploads.part004.zip,.pdf,original/referenced,True,False,0
wp-content/uploads/2026/01/Bekanntmachung-Abschlussbericht-Kommunale-Waermeplanung-PDF-1-pdf-724x1024.jpg,48278,3e98c60e5f423c3a3debb4548e0a940e7d83709efe4f4344aa579e94df6179f0,www.gemeinde-merching.de_wpvivid-b8981f085de20_2026-10-10-16-11_backup_uploads.part004.zip,.jpg,generated thumbnail,False,True,0
wp-content/uploads/2026/01/004_2026_42_A_Mikrozensus-pdf-106x150.jpg,7447,3a955ccb3760c3e4d5c8b14a95aed63df4dcba3ffa889e7ca851c006ee01c2df,www.gemeinde-merching.de_wpvivid-b8981f085de20_2026-10-10-16-11_backup_uploads.part004.zip,.jpg,generated thumbnail,False,True,0
wp-content/uploads/2026/01/Bekanntmachung-Abschlussbericht-Kommunale-Waermeplanung-PDF-1-pdf-212x300.jpg,8815,ef6c405b585a9f92f0eb7736c379bb0107d188c05b9ddcb7942b9d9074680e35,www.gemeinde-merching.de_wpvivid-b8981f085de20_2026-10-10-16-11_backup_uploads.part004.zip,.jpg,generated thumbnail,False,True,0
wp-content/uploads/2026/01/Bekanntmachung-Abschlussbericht-Kommunale-Waermeplanung-PDF-pdf.jpg,85709,b565ad4767d5ee827150eea66b8e8adce4f700fc5e75509277a6878578c381ea,www.gemeinde-merching.de_wpvivid-b8981f085de20_2026-10-10-16-11_backup_uploads.part004.zip,.jpg,generated thumbnail,False,False,0
wp-content/uploads/2026/06/Bekanntmachung-Eroeffnung-Vergabeverfahren-BG-34-pdf.jpg,188089,04538d14f5d1adc6c8579a091ac461d7e6ae59783fc384e6eb3dd2a601bee44a,www.gemeinde-merching.de_wpvivid-b8981f085de20_2026-10-10-16-11_backup_uploads.part004.zip,.jpg,generated thumbnail,False,False,0
wp-content/uploads/2026/06/Bekanntmachung-Verbandsversammlung-24.06.2026-1.pdf,189444,d67393cf4013806ef9f07f9eee1be1383e3be179e4354f440c448832e775a057,www.gemeinde-merching.de_wpvivid-b8981f085de20_2026-10-10-16-11_backup_uploads.part004.zip,.pdf,original/referenced,True,False,1
wp-content/uploads/2026/06/20260625_Badeseen_Beprobung-LRA-25.06.2026-pdf-724x1024.jpg,90162,098d19835b49bb1a8ce3523e1e3d3ce74731e17e65b80908039c950767c0123a,www.gemeinde-merching.de_wpvivid-b8981f085de20_2026-10-10-16-11_backup_uploads.part004.zip,.jpg,generated thumbnail,False,True,0
wp-content/uploads/2026/06/Rechtsverordnung-ueber-die-Zulassung-des-Betriebs-von-Autowaschanlagen-an-Sonn-und-Feiertagen-pdf-724x1024.jpg,71057,5ca804db56d913c0b3a1f3be8c82b3085e9512eafe51ec7d17df1d05b89ce949,www.gemeinde-merching.de_wpvivid-b8981f085de20_2026-10-10-16-11_backup_uploads.part004.zip,.jpg,generated thumbnail,False,True,0
wp-content/uploads/2026/06/20260625_Badeseen_Beprobung-LRA-25.06.2026-pdf.jpg,176636,43a2bebc5b43582bf1aa687e39d21067b2a56149e0ac2d22cb3511cb92ae24a4,www.gemeinde-merching.de_wpvivid-b8981f085de20_2026-10-10-16-11_backup_uploads.part004.zip,.jpg,generated thumbnail,False,False,0
wp-content/uploads/2026/06/Bekanntmachung-Verbandsversammlung-24.06.2026-pdf.jpg,116788,3cb8e48e8a7bad7184a9a01d39d91a0765b8b434bec8448c43df8a938ad91a26,www.gemeinde-merching.de_wpvivid-b8981f085de20_2026-10-10-16-11_backup_uploads.part004.zip,.jpg,generated thumbnail,False,False,0
wp-content/uploads/2026/06/Bekanntmachung-Verbandsversammlung-24.06.2026-pdf-106x150.jpg,5409,63149a38b9692ab5121f4d9e015ebaa8badcc252f0c87a0b3e10a9ee782ec62a,www.gemeinde-merching.de_wpvivid-b8981f085de20_2026-10-10-16-11_backup_uploads.part004.zip,.jpg,generated thumbnail,False,True,0
wp-content/uploads/2026/06/20260625_Badeseen_Beprobung-LRA-25.06.2026.pdf,174908,2c260ae8f2eb511aaf138697164fcf1b0f973c67740139a2e3ef70270b53d504,www.gemeinde-merching.de_wpvivid-b8981f085de20_2026-10-10-16-11_backup_uploads.part004.zip,.pdf,original/referenced,True,False,0
wp-content/uploads/2026/06/Juergens-Friedrich-kl-129x150.jpg,5677,fcbb9aa0f2e686577b53c259aa5cbb87a2687042cf3b60b6eb352f739598b6ce,www.gemeinde-merching.de_wpvivid-b8981f085de20_2026-10-10-16-11_backup_uploads.part004.zip,.jpg,generated thumbnail,False,True,0
wp-content/uploads/2026/06/20260625_Badeseen_Beprobung-LRA-25.06.2026-pdf-106x150.jpg,5760,338382f2cbf7f6028fd2c4c20ece7e11665935552cfc89edc17f90b40262607d,www.gemeinde-merching.de_wpvivid-b8981f085de20_2026-10-10-16-11_backup_uploads.part004.zip,.jpg,generated thumbnail,False,True,0
wp-content/uploads/2026/06/Failer-Christian-kl-129x150.jpg,4172,070efb13247a41c573e642f36752bea43d1d837cdca3ea41d25633a989328663,www.gemeinde-merching.de_wpvivid-b8981f085de20_2026-10-10-16-11_backup_uploads.part004.zip,.jpg,generated thumbnail,False,True,0
wp-content/uploads/2026/06/20260623_Tonnenleerung-ab-5-Uhr-wegen-Hitze-pdf-724x1024.jpg,73790,a422648f4f79d3725d6d127c86274482597d009f5ae97b50300eb101a1b15ecf,www.gemeinde-merching.de_wpvivid-b8981f085de20_2026-10-10-16-11_backup_uploads.part004.zip,.jpg,generated thumbnail,False,True,0
wp-content/uploads/2026/06/Plakatvorlage-Sommerserenade-2026_Stand-26.05.26-pdf-106x150.jpg,8406,f16161b783bcf87ad882264e2c3028531a0a4d21881f18c7fe65d80fadbccd72,www.gemeinde-merching.de_wpvivid-b8981f085de20_2026-10-10-16-11_backup_uploads.part004.zip,.jpg,generated thumbnail,False,True,0
wp-content/uploads/2026/06/Bekanntmachung-Eroeffnung-Vergabeverfahren-BG-34-pdf-106x150.jpg,3233,6d77299829afea3e0d9a7e8a5b7978835017d8e278d22c14da0393427b0a5b9c,www.gemeinde-merching.de_wpvivid-b8981f085de20_2026-10-10-16-11_backup_uploads.part004.zip,.jpg,generated thumbnail,False,True,0
wp-content/uploads/2026/06/Amtsblatt-06-2026Jahrg.-81-Nr.-06-pdf-724x1024.jpg,87611,6c52041e7aba6259bf148826c90ed9b725713dd84735fe4997b027fb869336a9,www.gemeinde-merching.de_wpvivid-b8981f085de20_2026-10-10-16-11_backup_uploads.part004.zip,.jpg,generated thumbnail,False,True,0
wp-content/uploads/2026/06/Plakatvorlage-Sommerserenade-2026_Stand-26.05.26.pdf,3321841,508d4b247c49ef8f82c955aef2338e369f1cc1d19c280c817e0d0449942e5f80,www.gemeinde-merching.de_wpvivid-b8981f085de20_2026-10-10-16-11_backup_uploads.part004.zip,.pdf,original/referenced,True,False,0
wp-content/uploads/2026/06/Rechtsverordnung-ueber-die-Zulassung-des-Betriebs-von-Autowaschanlagen-an-Sonn-und-Feiertagen-pdf-106x150.jpg,5310,e927257b793dc43658313a366b33ba667ae7b410c6f6dbd2f3b6a2c3bfaa0e6a,www.gemeinde-merching.de_wpvivid-b8981f085de20_2026-10-10-16-11_backup_uploads.part004.zip,.jpg,generated thumbnail,False,True,0
wp-content/uploads/2026/06/Amtsblatt-06-2026Jahrg.-81-Nr.-06-pdf-212x300.jpg,12323,e94f03b895998b0e06738f650e398746424a5817914e46bca8fbe4fb90ce7acc,www.gemeinde-merching.de_wpvivid-b8981f085de20_2026-10-10-16-11_backup_uploads.part004.zip,.jpg,generated thumbnail,False,True,0
wp-content/uploads/2026/06/20260625_Badeseen_Beprobung-LRA-25.06.2026-pdf-212x300.jpg,11791,f02e88b223eb36709b71f89b65dadd2bd507a8338ddbc7f96f8c964000f282ed,www.gemeinde-merching.de_wpvivid-b8981f085de20_2026-10-10-16-11_backup_uploads.part004.zip,.jpg,generated thumbnail,False,True,0
wp-content/uploads/2026/06/Storch-Markus-kl.jpg,8792,ea33b6d32ee7d4f185e9c2f090485242ef6f05268b1a5800b4b55c83bcdd3d24,www.gemeinde-merching.de_wpvivid-b8981f085de20_2026-10-10-16-11_backup_uploads.part004.zip,.jpg,original/referenced,True,False,1
wp-content/uploads/2026/06/Failer-Christian-kl.jpg,7095,c2c03d5b8ab4baf1c3f6893c3d7a76c40a20e76fb00e072861d98b7a67c41336,www.gemeinde-merching.de_wpvivid-b8981f085de20_2026-10-10-16-11_backup_uploads.part004.zip,.jpg,original/referenced,True,False,1
wp-content/uploads/2026/06/Bekanntmachung-Eroeffnung-Vergabeverfahren-BG-34.pdf,203895,351e3d52fd08a60f7f48fb2131b527489a6ff209660d8e918ccd42027d60ea88,www.gemeinde-merching.de_wpvivid-b8981f085de20_2026-10-10-16-11_backup_uploads.part004.zip,.pdf,original/referenced,True,False,1
wp-content/uploads/2026/06/Scheibenbogen-Monika-kl-129x150.jpg,6331,bd8347159032a0186074667f716333b49a5e92fbfd282b98c9fe23c161c3e5c9,www.gemeinde-merching.de_wpvivid-b8981f085de20_2026-10-10-16-11_backup_uploads.part004.zip,.jpg,generated thumbnail,False,True,0
wp-content/uploads/2026/06/Scheibenbogen-Monika-kl.jpg,10373,215016113d7f29b28b971c3e0f48f5539cea1b9eccce09d2674cfa97b15346fc,www.gemeinde-merching.de_wpvivid-b8981f085de20_2026-10-10-16-11_backup_uploads.part004.zip,.jpg,original/referenced,True,False,1
wp-content/uploads/2026/06/Bekanntmachung-Verbandsversammlung-24.06.2026-1-pdf.jpg,116788,3cb8e48e8a7bad7184a9a01d39d91a0765b8b434bec8448c43df8a938ad91a26,www.gemeinde-merching.de_wpvivid-b8981f085de20_2026-10-10-16-11_backup_uploads.part004.zip,.jpg,generated thumbnail,False,False,0
wp-content/uploads/2026/06/Bekanntmachung-Schliessung-Rathaus-01.07.-bis-03.07.2026-pdf.jpg,121803,2c28b1cfe1dacb3558fcddd13b04f8c927b3875092e88c7ad315d19b6e052f06,www.gemeinde-merching.de_wpvivid-b8981f085de20_2026-10-10-16-11_backup_uploads.part004.zip,.jpg,generated thumbnail,False,False,0
wp-content/uploads/2026/06/Plakatvorlage-Sommerserenade-2026_Stand-26.05.26-pdf.jpg,261128,0efde35fb61c21ca07c199939eab9bc29fe6aed392614715ce3493cc68875203,www.gemeinde-merching.de_wpvivid-b8981f085de20_2026-10-10-16-11_backup_uploads.part004.zip,.jpg,generated thumbnail,False,False,0
wp-content/uploads/2026/06/Bekanntmachung-Verbandsversammlung-24.06.2026-1-pdf-212x300.jpg,9611,10f3013dd5d67de3ae5641c1fbe89ffa2b17ead36c9c5d3212976be5a6a178eb,www.gemeinde-merching.de_wpvivid-b8981f085de20_2026-10-10-16-11_backup_uploads.part004.zip,.jpg,generated thumbnail,False,True,0
wp-content/uploads/2026/06/20260623_Tonnenleerung-ab-5-Uhr-wegen-Hitze-pdf.jpg,144208,55a3e1e275274ce8564bdcb6db366e81c494582af305d423fcbb7ac16aab5cc5,www.gemeinde-merching.de_wpvivid-b8981f085de20_2026-10-10-16-11_backup_uploads.part004.zip,.jpg,generated thumbnail,False,False,0
wp-content/uploads/2026/06/Bekanntmachung-Verbandsversammlung-24.06.2026-pdf-724x1024.jpg,63191,89e5a84ffba427d585b85bd1c62b345d0ceccc6af9ad7932d3951e7305e4c255,www.gemeinde-merching.de_wpvivid-b8981f085de20_2026-10-10-16-11_backup_uploads.part004.zip,.jpg,generated thumbnail,False,True,0
wp-content/uploads/2026/06/Wecker-Martin-kl.jpg,8154,53f9dddf4c40fdae79fffa795df8b66631431904e4d6aacbd39ff6258babcd48,www.gemeinde-merching.de_wpvivid-b8981f085de20_2026-10-10-16-11_backup_uploads.part004.zip,.jpg,original/referenced,True,False,1
wp-content/uploads/2026/06/Bekanntmachung-Verbandsversammlung-24.06.2026-pdf-212x300.jpg,9611,10f3013dd5d67de3ae5641c1fbe89ffa2b17ead36c9c5d3212976be5a6a178eb,www.gemeinde-merching.de_wpvivid-b8981f085de20_2026-10-10-16-11_backup_uploads.part004.zip,.jpg,generated thumbnail,False,True,0
wp-content/uploads/2026/06/Bekanntmachung-Schliessung-Rathaus-01.07.-bis-03.07.2026-pdf-212x300.jpg,10553,096714fca526388304f359b551c758854f8cc7e82ae6b2cb953a874fe935fc8b,www.gemeinde-merching.de_wpvivid-b8981f085de20_2026-10-10-16-11_backup_uploads.part004.zip,.jpg,generated thumbnail,False,True,0
wp-content/uploads/2026/06/Plakatvorlage-Sommerserenade-2026_Stand-26.05.26-pdf-724x1024.jpg,131654,dc5f91a32021cc27ad6b9ce84e983e16fdfd18dc1dcf5735b298483f09bf472d,www.gemeinde-merching.de_wpvivid-b8981f085de20_2026-10-10-16-11_backup_uploads.part004.zip,.jpg,generated thumbnail,False,True,0
wp-content/uploads/2026/06/Waitzmann-Bernd-kl-129x150.jpg,5225,8a2b9e19c2548838b0aa2200f27655a43f8832b75a775e95d53147b84a138c67,www.gemeinde-merching.de_wpvivid-b8981f085de20_2026-10-10-16-11_backup_uploads.part004.zip,.jpg,generated thumbnail,False,True,0
wp-content/uploads/2026/06/Eckmann-Christian-kl-129x150.jpg,5424,c8762fa618b2496fa680308aa54f238d6a97ec14e9c744dbe5449193708a81ef,www.gemeinde-merching.de_wpvivid-b8981f085de20_2026-10-10-16-11_backup_uploads.part004.zip,.jpg,generated thumbnail,False,True,0
wp-content/uploads/2026/06/Juergens-Friedrich-kl.jpg,8228,d7122bbfab206b3910bd14a05dbbab6bd4f4eda5e406f38862347f123ba6c1d6,www.gemeinde-merching.de_wpvivid-b8981f085de20_2026-10-10-16-11_backup_uploads.part004.zip,.jpg,original/referenced,True,False,1
wp-content/uploads/2026/06/Bekanntmachung-Schliessung-Rathaus-01.07.-bis-03.07.2026.pdf,179095,31d07bd93d3e640126c59de705748685987165a125ae3ce6935d0482eb9c4a87,www.gemeinde-merching.de_wpvivid-b8981f085de20_2026-10-10-16-11_backup_uploads.part004.zip,.pdf,original/referenced,True,False,0
wp-content/uploads/2026/06/Bekanntmachung-Verbandsversammlung-24.06.2026-1-pdf-106x150.jpg,5409,63149a38b9692ab5121f4d9e015ebaa8badcc252f0c87a0b3e10a9ee782ec62a,www.gemeinde-merching.de_wpvivid-b8981f085de20_2026-10-10-16-11_backup_uploads.part004.zip,.jpg,generated thumbnail,False,True,0
wp-content/uploads/2026/06/Amtsblatt-06-2026Jahrg.-81-Nr.-06-pdf-106x150.jpg,5872,e708bb0b18591e9cc46b29b17f86473a0db5034335ccd29b458dfad2704b911a,www.gemeinde-merching.de_wpvivid-b8981f085de20_2026-10-10-16-11_backup_uploads.part004.zip,.jpg,generated thumbnail,False,True,0
wp-content/uploads/2026/06/Bekanntmachung-Schliessung-Rathaus-01.07.-bis-03.07.2026-pdf-106x150.jpg,5466,5636b6b889493fc047af0bafdb7d5994dd1bb88b15b26cfbda64a6f543b2664c,www.gemeinde-merching.de_wpvivid-b8981f085de20_2026-10-10-16-11_backup_uploads.part004.zip,.jpg,generated thumbnail,False,True,0
wp-content/uploads/2026/06/Plakatvorlage-Sommerserenade-2026_Stand-26.05.26-pdf-212x300.jpg,20609,5230eca824e029cf97c2c915a70c0270091d0aaba1c29772434fdc646509a8cc,www.gemeinde-merching.de_wpvivid-b8981f085de20_2026-10-10-16-11_backup_uploads.part004.zip,.jpg,generated thumbnail,False,True,0
wp-content/uploads/2026/06/Amtsblatt-06-2026Jahrg.-81-Nr.-06-pdf.jpg,169863,0004a0d87fb731aa473a58506fdc860b835cf4f3f0ce6d1157de4bec22fb1528,www.gemeinde-merching.de_wpvivid-b8981f085de20_2026-10-10-16-11_backup_uploads.part004.zip,.jpg,generated thumbnail,False,False,0
wp-content/uploads/2026/06/Bekanntmachung-Eroeffnung-Vergabeverfahren-BG-34-pdf-724x1024.jpg,92528,5cb475d67414a144da2fea4efa4a3daa84bd1f3eabeab31b3f202faa23d3a94f,www.gemeinde-merching.de_wpvivid-b8981f085de20_2026-10-10-16-11_backup_uploads.part004.zip,.jpg,generated thumbnail,False,True,0
wp-content/uploads/2026/06/Rechtsverordnung-ueber-die-Zulassung-des-Betriebs-von-Autowaschanlagen-an-Sonn-und-Feiertagen.pdf,166514,ddace3ad558f22c5923e9808e228e5feadf2334c3594cf8cabca0160b2dd0ff6,www.gemeinde-merching.de_wpvivid-b8981f085de20_2026-10-10-16-11_backup_uploads.part004.zip,.pdf,original/referenced,True,False,1
wp-content/uploads/2026/06/Rechtsverordnung-ueber-die-Zulassung-des-Betriebs-von-Autowaschanlagen-an-Sonn-und-Feiertagen-pdf.jpg,141852,c603e305807a86d9127e739a934fe164b029836380ed152b66c0eec7cba9ac78,www.gemeinde-merching.de_wpvivid-b8981f085de20_2026-10-10-16-11_backup_uploads.part004.zip,.jpg,generated thumbnail,False,False,0
wp-content/uploads/2026/06/Eckmann-Christian-kl.jpg,8815,b1f7da307dea904ec099aecbbb689fea5d85541d47de9bd9a027fadd8b3549f3,www.gemeinde-merching.de_wpvivid-b8981f085de20_2026-10-10-16-11_backup_uploads.part004.zip,.jpg,original/referenced,True,False,1
wp-content/uploads/2026/06/Bekanntmachung-Verbandsversammlung-24.06.2026-1-pdf-724x1024.jpg,63191,89e5a84ffba427d585b85bd1c62b345d0ceccc6af9ad7932d3951e7305e4c255,www.gemeinde-merching.de_wpvivid-b8981f085de20_2026-10-10-16-11_backup_uploads.part004.zip,.jpg,generated thumbnail,False,True,0
wp-content/uploads/2026/06/Amtsblatt-06-2026Jahrg.-81-Nr.-06.pdf,1165763,fdf6e7b4ec61b9c64aef3ef7bc250a06d55538ed2bb2def4334879d4836a9d9e,www.gemeinde-merching.de_wpvivid-b8981f085de20_2026-10-10-16-11_backup_uploads.part004.zip,.pdf,original/referenced,True,False,1
wp-content/uploads/2026/06/20260623_Tonnenleerung-ab-5-Uhr-wegen-Hitze-pdf-212x300.jpg,9919,fdcc4797365d3ce328a23169eae35db1ec1518068939a696eb946a419884feb2,www.gemeinde-merching.de_wpvivid-b8981f085de20_2026-10-10-16-11_backup_uploads.part004.zip,.jpg,generated thumbnail,False,True,0
wp-content/uploads/2026/06/Rechtsverordnung-ueber-die-Zulassung-des-Betriebs-von-Autowaschanlagen-an-Sonn-und-Feiertagen-pdf-212x300.jpg,10780,cad55afe49bfb4b9aa4035ccfb2197caef41e89523797e128961963a60df240d,www.gemeinde-merching.de_wpvivid-b8981f085de20_2026-10-10-16-11_backup_uploads.part004.zip,.jpg,generated thumbnail,False,True,0
wp-content/uploads/2026/06/Wecker-Martin-kl-129x150.jpg,4944,94743ac561ead69baede5766147d6e870d415a6c6b338332bbf6aefe1f46c02d,www.gemeinde-merching.de_wpvivid-b8981f085de20_2026-10-10-16-11_backup_uploads.part004.zip,.jpg,generated thumbnail,False,True,0
wp-content/uploads/2026/06/Bekanntmachung-Schliessung-Rathaus-01.07.-bis-03.07.2026-pdf-724x1024.jpg,66682,94ddab8289d6bc6e46b182c094cdcf4b00bf5ca8ef94edd54a256f0c32d21bf4,www.gemeinde-merching.de_wpvivid-b8981f085de20_2026-10-10-16-11_backup_uploads.part004.zip,.jpg,generated thumbnail,False,True,0
wp-content/uploads/2026/06/Bekanntmachung-Eroeffnung-Vergabeverfahren-BG-34-pdf-212x300.jpg,10618,f0c85bb781c16fa856602b720d5f7210a3974ff952519aff663442bccd999808,www.gemeinde-merching.de_wpvivid-b8981f085de20_2026-10-10-16-11_backup_uploads.part004.zip,.jpg,generated thumbnail,False,True,0
wp-content/uploads/2026/06/Waitzmann-Bernd-kl.jpg,8623,e5afc3f68628edd18e0910674e5e4b2dab83ad56a3b712e0794117afcea38751,www.gemeinde-merching.de_wpvivid-b8981f085de20_2026-10-10-16-11_backup_uploads.part004.zip,.jpg,original/referenced,True,False,1
wp-content/uploads/2026/06/Storch-Markus-kl-129x150.jpg,5354,b897a19f423758cb66084bf90f40dfbcd7bb2e89f5d32549dfc703d051ff033f,www.gemeinde-merching.de_wpvivid-b8981f085de20_2026-10-10-16-11_backup_uploads.part004.zip,.jpg,generated thumbnail,False,True,0
wp-content/uploads/2026/06/Bekanntmachung-Verbandsversammlung-24.06.2026.pdf,189444,d67393cf4013806ef9f07f9eee1be1383e3be179e4354f440c448832e775a057,www.gemeinde-merching.de_wpvivid-b8981f085de20_2026-10-10-16-11_backup_uploads.part004.zip,.pdf,original/referenced,True,False,0
wp-content/uploads/2026/06/20260623_Tonnenleerung-ab-5-Uhr-wegen-Hitze-pdf-106x150.jpg,5306,f039f97942605482a167a3416958057761c56b83ce12a52ed1d09d15b7050bb0,www.gemeinde-merching.de_wpvivid-b8981f085de20_2026-10-10-16-11_backup_uploads.part004.zip,.jpg,generated thumbnail,False,True,0
wp-content/uploads/2026/06/20260623_Tonnenleerung-ab-5-Uhr-wegen-Hitze.pdf,161968,e0c58af8bd72ec1648d3ff599ae7a92a3f08fcdd86ba22c121b56d76a355a482,www.gemeinde-merching.de_wpvivid-b8981f085de20_2026-10-10-16-11_backup_uploads.part004.zip,.pdf,original/referenced,True,False,0
wp-content/uploads/2026/07/Bestattungsgebuehrensatzung-ab-2027_Homepage-pdf-106x150.jpg,6384,e7d12bf374e50d8ec7b7f910dd0779b5c86191ec056164f7e0916bbfdcf5f4ab,www.gemeinde-merching.de_wpvivid-b8981f085de20_2026-10-10-16-11_backup_uploads.part004.zip,.jpg,generated thumbnail,False,True,0
wp-content/uploads/2026/07/Screenshot-2026-07-30-144027-150x112.png,10657,c43dbefcbf603ed8b25419bea8c2ad98461022435d92d69e36ebf073f5105487,www.gemeinde-merching.de_wpvivid-b8981f085de20_2026-10-10-16-11_backup_uploads.part004.zip,.png,generated thumbnail,False,True,0
wp-content/uploads/2026/07/Bestattungsgebuehrensatzung-ab-2027_Homepage-pdf-724x1024.jpg,98119,57249eab3f8a7222718a751aee155a88e00ec9a10ef25c89c2beadec0a5c5f6c,www.gemeinde-merching.de_wpvivid-b8981f085de20_2026-10-10-16-11_backup_uploads.part004.zip,.jpg,generated thumbnail,False,True,0
wp-content/uploads/2026/07/Bestattungsgebuehrensatzung-ab-2027_Homepage-pdf.jpg,185304,e67f9c479a596646193e1621b51e8a5da52f728e0549933c8c390a41a936c215,www.gemeinde-merching.de_wpvivid-b8981f085de20_2026-10-10-16-11_backup_uploads.part004.zip,.jpg,generated thumbnail,False,False,0
wp-content/uploads/2026/07/Friedhofs-und-Bestattungssatzung-ab-01.01.2027-Homepage-pdf-106x150.jpg,5642,1a504b30b5fb85f9273e155e6d335da2bd522d45926d19c8b4829549890f2c97,www.gemeinde-merching.de_wpvivid-b8981f085de20_2026-10-10-16-11_backup_uploads.part004.zip,.jpg,generated thumbnail,False,True,0
wp-content/uploads/2026/07/Bekanntmachung-Satzung-GBS_BES-ab-01.01.2027-pdf.jpg,174807,dcd9e51500b142126d502a12783ee9237d5ec0e98cf8442009422a209fc68fe5,www.gemeinde-merching.de_wpvivid-b8981f085de20_2026-10-10-16-11_backup_uploads.part004.zip,.jpg,generated thumbnail,False,False,0
wp-content/uploads/2026/07/Gemeindekurier-Sommer-2026-f.-Kurier-pdf-1024x724.jpg,146414,cad78d9f45b8643be3ea5c50c3f02c698ed9a274cb3641e9e2b8fd02f7df9049,www.gemeinde-merching.de_wpvivid-b8981f085de20_2026-10-10-16-11_backup_uploads.part004.zip,.jpg,generated thumbnail,False,True,0
wp-content/uploads/2026/07/Bekanntmachung-Satzung-GBS_BES-ab-01.01.2027-pdf-724x1024.jpg,95772,d7712fd8d48443a397854b6d43733f794eca946af2c871bfefcc1bcf135024dd,www.gemeinde-merching.de_wpvivid-b8981f085de20_2026-10-10-16-11_backup_uploads.part004.zip,.jpg,generated thumbnail,False,True,0
wp-content/uploads/2026/07/Bestattungsgebuehrensatzung-ab-01.01.2027-_Homepage-pdf-724x1024.jpg,98119,fff34429fffeb0714d186b3c526c97bb560334488d621d4d7a8528ebc0506fa0,www.gemeinde-merching.de_wpvivid-b8981f085de20_2026-10-10-16-11_backup_uploads.part004.zip,.jpg,generated thumbnail,False,True,0
wp-content/uploads/2026/07/Friedhofs-und-Bestattungssatzung-ab-01.01.2027-Homepage-2-pdf-212x300.jpg,11030,60117f944399c801951b43b09b118fb4ef357f355e44a31445a0f49419774737,www.gemeinde-merching.de_wpvivid-b8981f085de20_2026-10-10-16-11_backup_uploads.part004.zip,.jpg,generated thumbnail,False,True,0
wp-content/uploads/2026/07/Friedhofs-und-Bestattungssatzung-ab-01.01.2027-Homepage-1-pdf-212x300.jpg,11030,e3456cdbadb8e0d07faff905099cab59e21aacbec1920dd6dc004d3993831e5f,www.gemeinde-merching.de_wpvivid-b8981f085de20_2026-10-10-16-11_backup_uploads.part004.zip,.jpg,generated thumbnail,False,True,0
wp-content/uploads/2026/07/Gemeindekurier-Sommer-2026-f.-Kurier.pdf,850144,eb177dcdc8b1bae65b180be1de3eb67331b42a282e682c37e31426a97878ced3,www.gemeinde-merching.de_wpvivid-b8981f085de20_2026-10-10-16-11_backup_uploads.part004.zip,.pdf,original/referenced,True,False,1
wp-content/uploads/2026/07/Friedhofs-und-Bestattungssatzung-ab-01.01.2027-Homepage-1-pdf-724x1024.jpg,84825,f6298d1313d01de88690a21d9d5f69370b39d58bc03b354f6cf09beb0857143d,www.gemeinde-merching.de_wpvivid-b8981f085de20_2026-10-10-16-11_backup_uploads.part004.zip,.jpg,generated thumbnail,False,True,0
wp-content/uploads/2026/07/Gemeindekurier-Sommer-2026-f.-Kurier-pdf-150x106.jpg,8170,581e01e23e950df6a64e3a5023304fffcd763ef34d9bcd84924f54d2ca982a26,www.gemeinde-merching.de_wpvivid-b8981f085de20_2026-10-10-16-11_backup_uploads.part004.zip,.jpg,generated thumbnail,False,True,0
wp-content/uploads/2026/07/Friedhofs-und-Bestattungssatzung-ab-01.01.2027-Homepage-1.pdf,297746,00872094066f7e59f3e262bbd43e36b30258b4e4746d5f1d5deab073b0a979a6,www.gemeinde-merching.de_wpvivid-b8981f085de20_2026-10-10-16-11_backup_uploads.part004.zip,.pdf,original/referenced,True,False,0
wp-content/uploads/2026/07/Bekanntmachung-Satzung-GBS_BES-ab-01.01.2027-pdf-106x150.jpg,6483,5bb3e75f6d0b93c61cb8979ab365534994a7e26754bcd49be42c95be04788e43,www.gemeinde-merching.de_wpvivid-b8981f085de20_2026-10-10-16-11_backup_uploads.part004.zip,.jpg,generated thumbnail,False,True,0
wp-content/uploads/2026/07/Friedhofs-und-Bestattungssatzung-ab-01.01.2027-Homepage-2.pdf,297695,790a1fbbf9d2c5ff39ebc99b3aaa318b06df1ea7c571e8729d603d6188ad0e97,www.gemeinde-merching.de_wpvivid-b8981f085de20_2026-10-10-16-11_backup_uploads.part004.zip,.pdf,original/referenced,True,False,1
wp-content/uploads/2026/07/Bekanntmachung-Friedhofs-und-Bestattungssatzung-ab-01.01.2027.pdf,130330,94a8f1d2aad8a89024aee15e30a989338bb8ea10a96ff4f4e0897c1e18037982,www.gemeinde-merching.de_wpvivid-b8981f085de20_2026-10-10-16-11_backup_uploads.part004.zip,.pdf,original/referenced,True,False,1
wp-content/uploads/2026/07/Bekanntmachung-Friedhofs-und-Bestattungssatzung-ab-01.01.2027-pdf-106x150.jpg,6395,8d0fd23d585a9bb7c10e7658a250ca6de5cd7c95067c3b76e4ae8e13facfcb9d,www.gemeinde-merching.de_wpvivid-b8981f085de20_2026-10-10-16-11_backup_uploads.part004.zip,.jpg,generated thumbnail,False,True,0
wp-content/uploads/2026/07/Screenshot-2026-07-30-144027.png,11725,d235fa99d93b3e7f3b7ebdcdf90c1873e00077b362b61289e0e2efe7ad1c76bd,www.gemeinde-merching.de_wpvivid-b8981f085de20_2026-10-10-16-11_backup_uploads.part004.zip,.png,original/referenced,True,False,4
wp-content/uploads/2026/07/Bestattungsgebuehrensatzung-ab-01.01.2027-_Homepage-pdf-106x150.jpg,6384,b88c99232a43c5465af2c4f9a4307a48cef7d781da64b4ffeb22e3663cd00005,www.gemeinde-merching.de_wpvivid-b8981f085de20_2026-10-10-16-11_backup_uploads.part004.zip,.jpg,generated thumbnail,False,True,0
wp-content/uploads/2026/07/Gemeindekurier-Sommer-2026-f.-Kurier-pdf-300x212.jpg,19392,089aa311d7f6be7ee33930f6dcd5820b92638fa436716afe4e2f90dac843abf0,www.gemeinde-merching.de_wpvivid-b8981f085de20_2026-10-10-16-11_backup_uploads.part004.zip,.jpg,generated thumbnail,False,True,0
wp-content/uploads/2026/07/Bestattungsgebuehrensatzung-ab-01.01.2027-_Homepage.pdf,327834,0ca20b09a840fba66a137bea5e11d029d8440991786adfae6f3408a7d7a4264d,www.gemeinde-merching.de_wpvivid-b8981f085de20_2026-10-10-16-11_backup_uploads.part004.zip,.pdf,original/referenced,True,False,0
wp-content/uploads/2026/07/Landratsamt.docx,25796,6fac4f66ce458cbea9576e58e09b4c70f8d64bff1d624b62ce0b128d618631ae,www.gemeinde-merching.de_wpvivid-b8981f085de20_2026-10-10-16-11_backup_uploads.part004.zip,.docx,original/referenced,True,False,0
wp-content/uploads/2026/07/Friedhofs-und-Bestattungssatzung-ab-01.01.2027-Homepage-pdf.jpg,168922,d6ab4434d18ac6e4d4804f3f298bff4a91d84755a3ac6fd93000d4b408e7eec9,www.gemeinde-merching.de_wpvivid-b8981f085de20_2026-10-10-16-11_backup_uploads.part004.zip,.jpg,generated thumbnail,False,False,0
wp-content/uploads/2026/07/Bestattungsgebuehrensatzung-ab-2027_Homepage.pdf,329534,3d950ca70e85d3f9ad02cb31dd1845ef50509b93329a523b2678ef434933a456,www.gemeinde-merching.de_wpvivid-b8981f085de20_2026-10-10-16-11_backup_uploads.part004.zip,.pdf,original/referenced,True,False,1
wp-content/uploads/2026/07/Bestattungsgebuehrensatzung-ab-01.01.2027-_Homepage-pdf.jpg,185304,198b740a7467819877e52ee158cb2a216c0a201d59a97b8fff4adfb8b4af3ab5,www.gemeinde-merching.de_wpvivid-b8981f085de20_2026-10-10-16-11_backup_uploads.part004.zip,.jpg,generated thumbnail,False,False,0
wp-content/uploads/2026/07/Bekanntmachung-Satzung-GBS_BES-ab-01.01.2027.pdf,119389,e39cd6da359c05755fa6752db7cd19e83d1c8698c6dece5657b9ef3c5bffbb6d,www.gemeinde-merching.de_wpvivid-b8981f085de20_2026-10-10-16-11_backup_uploads.part004.zip,.pdf,original/referenced,True,False,1
wp-content/uploads/2026/07/Friedhofs-und-Bestattungssatzung-ab-01.01.2027-Homepage-pdf-724x1024.jpg,84825,8cb056c101c671f5bbda7dc283ff1cb8fa6a00a141add835a3a2b7c25ec73b9a,www.gemeinde-merching.de_wpvivid-b8981f085de20_2026-10-10-16-11_backup_uploads.part004.zip,.jpg,generated thumbnail,False,True,0
wp-content/uploads/2026/07/Friedhofs-und-Bestattungssatzung-ab-01.01.2027-Homepage-1-pdf-106x150.jpg,5642,6a45a16c8f223735bef9fde00767df14f4511adb7551e34f9021e517492d47e5,www.gemeinde-merching.de_wpvivid-b8981f085de20_2026-10-10-16-11_backup_uploads.part004.zip,.jpg,generated thumbnail,False,True,0
wp-content/uploads/2026/07/Friedhofs-und-Bestattungssatzung-ab-01.01.2027-Homepage-2-pdf-106x150.jpg,5642,cb488fdf28eb9b9f94e57bdacc79be1b305023a37849d539cfeafbcd6a956134,www.gemeinde-merching.de_wpvivid-b8981f085de20_2026-10-10-16-11_backup_uploads.part004.zip,.jpg,generated thumbnail,False,True,0
wp-content/uploads/2026/07/Bekanntmachung-Friedhofs-und-Bestattungssatzung-ab-01.01.2027-pdf.jpg,169445,1023c58b69f8b547db245f8c9f7c8a73085ff59a5ce2d2d71b9a279b63e58558,www.gemeinde-merching.de_wpvivid-b8981f085de20_2026-10-10-16-11_backup_uploads.part004.zip,.jpg,generated thumbnail,False,False,0
wp-content/uploads/2026/07/Friedhofs-und-Bestattungssatzung-ab-01.01.2027-Homepage.pdf,313490,9a42e19b00993f678944c69a92f8c2e2800ff37b119a27b2a6db05b09a04bd69,www.gemeinde-merching.de_wpvivid-b8981f085de20_2026-10-10-16-11_backup_uploads.part004.zip,.pdf,original/referenced,True,False,0
wp-content/uploads/2026/07/Bestattungsgebuehrensatzung-ab-2027_Homepage-pdf-212x300.jpg,14090,09db97e9ddbf442874364a15c6539a50c4c00235aa78175110d0ac0b7336d2ed,www.gemeinde-merching.de_wpvivid-b8981f085de20_2026-10-10-16-11_backup_uploads.part004.zip,.jpg,generated thumbnail,False,True,0
wp-content/uploads/2026/07/Friedhofs-und-Bestattungssatzung-ab-01.01.2027-Homepage-1-pdf.jpg,168922,3a59fa8d6c4b5c3aed6cfa713392717b3cbca04ef4fb843b1799934bdb6d4b37,www.gemeinde-merching.de_wpvivid-b8981f085de20_2026-10-10-16-11_backup_uploads.part004.zip,.jpg,generated thumbnail,False,False,0
wp-content/uploads/2026/07/Bekanntmachung-Friedhofs-und-Bestattungssatzung-ab-01.01.2027-pdf-724x1024.jpg,92866,794c75c7ce9f7550c80787de1e0d12bb8b15235fb606ed6d407d4a073bbe61f1,www.gemeinde-merching.de_wpvivid-b8981f085de20_2026-10-10-16-11_backup_uploads.part004.zip,.jpg,generated thumbnail,False,True,0
wp-content/uploads/2026/07/Bekanntmachung-Friedhofs-und-Bestattungssatzung-ab-01.01.2027-pdf-212x300.jpg,14126,3333d0eeb24db3caad0221f580714dbe724b3232efe0f8a423a0a2e52f5b74a6,www.gemeinde-merching.de_wpvivid-b8981f085de20_2026-10-10-16-11_backup_uploads.part004.zip,.jpg,generated thumbnail,False,True,0
wp-content/uploads/2026/07/Friedhofs-und-Bestattungssatzung-ab-01.01.2027-Homepage-2-pdf-724x1024.jpg,84825,d86577acfaafdb57131a040af36408f01b4a436f69821ce3a8775d085c245644,www.gemeinde-merching.de_wpvivid-b8981f085de20_2026-10-10-16-11_backup_uploads.part004.zip,.jpg,generated thumbnail,False,True,0
wp-content/uploads/2026/07/Gemeindekurier-Sommer-2026-f.-Kurier-pdf.jpg,502225,0ac9409eb4ef3bfe92589841abfa025fa7f647d410bf18292ec46471b28900a1,www.gemeinde-merching.de_wpvivid-b8981f085de20_2026-10-10-16-11_backup_uploads.part004.zip,.jpg,generated thumbnail,False,False,0
wp-content/uploads/2026/07/Bestattungsgebuehrensatzung-ab-01.01.2027-_Homepage-pdf-212x300.jpg,14090,05f47311423d401e4564109cd5d70634badba98c626c4efc8b965591091ef52e,www.gemeinde-merching.de_wpvivid-b8981f085de20_2026-10-10-16-11_backup_uploads.part004.zip,.jpg,generated thumbnail,False,True,0
wp-content/uploads/2026/07/Bekanntmachung-Satzung-GBS_BES-ab-01.01.2027-pdf-212x300.jpg,14276,2538b94b12a16bd8eeac23ac5971007ca26090a259cbcd44daf14294aed203bc,www.gemeinde-merching.de_wpvivid-b8981f085de20_2026-10-10-16-11_backup_uploads.part004.zip,.jpg,generated thumbnail,False,True,0
wp-content/uploads/2026/07/Friedhofs-und-Bestattungssatzung-ab-01.01.2027-Homepage-2-pdf.jpg,168922,7cf3055f7d56dd2638f2b40815b76771e1a436fc9655f0d35b151af75499df32,www.gemeinde-merching.de_wpvivid-b8981f085de20_2026-10-10-16-11_backup_uploads.part004.zip,.jpg,generated thumbnail,False,False,0
wp-content/uploads/2026/07/Friedhofs-und-Bestattungssatzung-ab-01.01.2027-Homepage-pdf-212x300.jpg,11030,08473faf8e2f697a6a43ebc17349da3dd178ea1325a9497b161f9b92231017cd,www.gemeinde-merching.de_wpvivid-b8981f085de20_2026-10-10-16-11_backup_uploads.part004.zip,.jpg,generated thumbnail,False,True,0
wp-content/uploads/2026/05/Mueller-Martin-klein-126x150.jpg,5078,e39fdbbdbe31821c531feeef63db56a1c3ee61510df368fc72f77d8b8a82099d,www.gemeinde-merching.de_wpvivid-b8981f085de20_2026-10-10-16-11_backup_uploads.part004.zip,.jpg,generated thumbnail,False,True,0
wp-content/uploads/2026/05/Satzung-Gemeideverfassunsrechts-Homepage.pdf,145848,b40b243d0f4e5338cae1c8cfb97e2a71f6394287799c25e1eb14acc8d440bdf5,www.gemeinde-merching.de_wpvivid-b8981f085de20_2026-10-10-16-11_backup_uploads.part004.zip,.pdf,original/referenced,True,False,1
wp-content/uploads/2026/05/Schwarz-Thomas-klein.jpg,6955,91b4b29b99f47c805e67af0e6e64cbc1686f2ecd4d6ad62aca0b4ad13a5965b2,www.gemeinde-merching.de_wpvivid-b8981f085de20_2026-10-10-16-11_backup_uploads.part004.zip,.jpg,original/referenced,True,False,1
wp-content/uploads/2026/05/Flyer-SR-2026_AIC-FDB_klein-pdf.jpg,321434,d50f73b271ce35e060062847be4fa1fdaf379079b2b1c1043bd5d136c5d566b4,www.gemeinde-merching.de_wpvivid-b8981f085de20_2026-10-10-16-11_backup_uploads.part004.zip,.jpg,generated thumbnail,False,False,0
wp-content/uploads/2026/05/Flyer-SR-2026_AIC-FDB_klein-pdf-1024x725.jpg,153138,80edc20b9c3fd33f026925ee25dc31249d4fbbb3a13ddeddb6f5647a787cd75e,www.gemeinde-merching.de_wpvivid-b8981f085de20_2026-10-10-16-11_backup_uploads.part004.zip,.jpg,generated thumbnail,False,True,0
wp-content/uploads/2026/05/Geschaeftsordnung_Homepage_ab-Mai_2026-pdf.jpg,117231,9a7c8d9bb4eaf358db3a4d0d51e633f4a742860b571c2d4ad9d3e20015ffd922,www.gemeinde-merching.de_wpvivid-b8981f085de20_2026-10-10-16-11_backup_uploads.part004.zip,.jpg,generated thumbnail,False,False,0
wp-content/uploads/2026/05/Helfer-Markus-klein-126x150.jpg,7044,d141b92141fe7873288589041c2dc034ac0930a1abbe43ca6a075fcbab1fafad,www.gemeinde-merching.de_wpvivid-b8981f085de20_2026-10-10-16-11_backup_uploads.part004.zip,.jpg,generated thumbnail,False,True,0
wp-content/uploads/2026/05/Dittebrand-Martin-klein-127x150.jpg,5340,682f472b46ce4eb3b32b64747771d5e07cf53c6eba5958a6b8c722013c154efd,www.gemeinde-merching.de_wpvivid-b8981f085de20_2026-10-10-16-11_backup_uploads.part004.zip,.jpg,generated thumbnail,False,True,0
wp-content/uploads/2026/05/logo-quadratisch-e1779349230105.png,893,42bad3e8cab461f7e92e97987198cc811b7372accb8faef5a605ca2ad8640691,www.gemeinde-merching.de_wpvivid-b8981f085de20_2026-10-10-16-11_backup_uploads.part004.zip,.png,original/referenced,True,False,0
wp-content/uploads/2026/05/Kurzversion_Erinnerung-an-Steuervorauszahlung.docx-pdf-724x1024.jpg,51065,5d2dd6b674d5403ced1a8358126f36230ecbd723653b973a119a8a33572d95ea,www.gemeinde-merching.de_wpvivid-b8981f085de20_2026-10-10-16-11_backup_uploads.part004.zip,.jpg,generated thumbnail,False,True,0
wp-content/uploads/2026/05/Bekanntmachung_Geschaeftsordnung_Homepage-pdf-724x1024.jpg,67367,d908cbf770775ee7ca5e0a6ac9f979bfb3facd7c16924aeb28078dfe6c684823,www.gemeinde-merching.de_wpvivid-b8981f085de20_2026-10-10-16-11_backup_uploads.part004.zip,.jpg,generated thumbnail,False,True,0
wp-content/uploads/2026/05/Bekanntmachung_Satzung-Gemeindeverfassungsrechts_Homepage-pdf-724x1024.jpg,68334,64ad874cdc9596f7717d5dc61d4a31f22ee4c4583f103e83c6e1c53ab9153f44,www.gemeinde-merching.de_wpvivid-b8981f085de20_2026-10-10-16-11_backup_uploads.part004.zip,.jpg,generated thumbnail,False,True,0
wp-content/uploads/2026/05/logo-quadratisch-300x300.png,3186,60c4385ec0f3cee1bc67f18b56106631413f56b3d73425a28180ee5b9bb9613e,www.gemeinde-merching.de_wpvivid-b8981f085de20_2026-10-10-16-11_backup_uploads.part004.zip,.png,generated thumbnail,False,True,0
wp-content/uploads/2026/05/Luichtl-Tobias-klein-126x150.jpg,4074,29b8f66a1caac7b62c1cda5a5d68ef8d3c1a01c338107df7305250037ae84bdc,www.gemeinde-merching.de_wpvivid-b8981f085de20_2026-10-10-16-11_backup_uploads.part004.zip,.jpg,generated thumbnail,False,True,0
wp-content/uploads/2026/05/logo-quadratisch-1-300x300.png,3186,880855d6965ae2d4245031b62d2630a28b9a1ccd5f5d08a23dda1b6e9f1ef7e3,www.gemeinde-merching.de_wpvivid-b8981f085de20_2026-10-10-16-11_backup_uploads.part004.zip,.png,generated thumbnail,False,True,0
wp-content/uploads/2026/05/Flyer-SR-2026_AIC-FDB_klein.pdf,2072239,59d8cb48acb54cb5322ca64832892f53670d797a96c60373babd9f753619c9e5,www.gemeinde-merching.de_wpvivid-b8981f085de20_2026-10-10-16-11_backup_uploads.part004.zip,.pdf,original/referenced,True,False,0
wp-content/uploads/2026/05/Dittebrand-Martin-klein.jpg,7455,753bff389d2e8028891073309d3f973e7d02532c65baab15fb5eb9e4cfbc6d1d,www.gemeinde-merching.de_wpvivid-b8981f085de20_2026-10-10-16-11_backup_uploads.part004.zip,.jpg,original/referenced,True,False,1
wp-content/uploads/2026/05/Kurzversion_Erinnerung-an-Steuervorauszahlung.docx-pdf.jpg,95923,bf11904de1a6bc48d80fcf33e60cdde9ba89d20264888aeae4b83f6ceaed0f51,www.gemeinde-merching.de_wpvivid-b8981f085de20_2026-10-10-16-11_backup_uploads.part004.zip,.jpg,generated thumbnail,False,False,0
wp-content/uploads/2026/05/logo-quadratisch-e1779348290169.png,1767,49f955a2281f825e976cb43fd1d0f741e1b777b97c92b598fa1e788eece44e63,www.gemeinde-merching.de_wpvivid-b8981f085de20_2026-10-10-16-11_backup_uploads.part004.zip,.png,unreferenced candidate (not proven orphan),False,False,0
wp-content/uploads/2026/05/logo-quadratisch-1-e1779349796180.png,1460,f1a154885d94987d9b64de3ee03d2a9d93da8a403da72f6300e2988398b5c8da,www.gemeinde-merching.de_wpvivid-b8981f085de20_2026-10-10-16-11_backup_uploads.part004.zip,.png,original/referenced,True,False,0
wp-content/uploads/2026/05/logo-quadratisch-150x150.png,1897,9eda66502bf052f5eaeff9622285c73d37d661b3a62533eff622e160622e8031,www.gemeinde-merching.de_wpvivid-b8981f085de20_2026-10-10-16-11_backup_uploads.part004.zip,.png,generated thumbnail,False,True,0
wp-content/uploads/2026/05/Flyer-SR-2026_AIC-FDB_klein-pdf-300x212.jpg,19953,16dcf8d470362828aca1e71cf30926b9c9e4e6ddf666f309b18b02a5d449e30e,www.gemeinde-merching.de_wpvivid-b8981f085de20_2026-10-10-16-11_backup_uploads.part004.zip,.jpg,generated thumbnail,False,True,0
wp-content/uploads/2026/05/Bekanntmachung-Vergabe-von-gemeindlichen-Wohnbaugrundstuecken-pdf-724x1024.jpg,84871,bbdd966562ed5797720a899cad029aee6651e0cb55a2e7a880ff8d6b2701c63c,www.gemeinde-merching.de_wpvivid-b8981f085de20_2026-10-10-16-11_backup_uploads.part004.zip,.jpg,generated thumbnail,False,True,0
wp-content/uploads/2026/05/Grabmann-klein-127x150.jpg,5140,d386faeae7cd767d7c25b1d6875f4216f6ca9ed370e64c6414ba0a87ecfd9c9d,www.gemeinde-merching.de_wpvivid-b8981f085de20_2026-10-10-16-11_backup_uploads.part004.zip,.jpg,generated thumbnail,False,True,0
wp-content/uploads/2026/05/Lang-klein.jpg,6240,e211b016216af3231e2ccd81998e319f99add164e530c10c16ed21347fcfae75,www.gemeinde-merching.de_wpvivid-b8981f085de20_2026-10-10-16-11_backup_uploads.part004.zip,.jpg,original/referenced,True,False,1
wp-content/uploads/2026/05/Helmut-Luichtl-klein-127x150.jpg,4911,00e5e5be195769c4902fc7474afa44288d9b17dcbde9cc40beda84d27a5a5145,www.gemeinde-merching.de_wpvivid-b8981f085de20_2026-10-10-16-11_backup_uploads.part004.zip,.jpg,original/referenced,False,True,1
wp-content/uploads/2026/05/Luichtl-Tobias-klein.jpg,6141,b5b88f10de1be921d750990d6b2cefbd90b47a6061e05dca854b2a7ef0135181,www.gemeinde-merching.de_wpvivid-b8981f085de20_2026-10-10-16-11_backup_uploads.part004.zip,.jpg,original/referenced,True,False,1
wp-content/uploads/2026/05/Teifelhart-Wolfgang-klein.jpg,7475,f67c69e77793a7c77039c2f75f06d524fe13cb489094c2e7540d2894ef34867e,www.gemeinde-merching.de_wpvivid-b8981f085de20_2026-10-10-16-11_backup_uploads.part004.zip,.jpg,original/referenced,True,False,1
wp-content/uploads/2026/05/logo-quadratisch-1-768x768.png,9272,f573acad97752b5813726320c2e5531d18da2fdf7e24b6dfb0dd2c2c8caf4f58,www.gemeinde-merching.de_wpvivid-b8981f085de20_2026-10-10-16-11_backup_uploads.part004.zip,.png,generated thumbnail,False,True,0
wp-content/uploads/2026/05/20260430_LRA-beim-Marktsonntag-Mering-pdf.jpg,151596,69775c300810614720da93840fb48db38751bb26ca8baed7309aa8fbd25e4385,www.gemeinde-merching.de_wpvivid-b8981f085de20_2026-10-10-16-11_backup_uploads.part004.zip,.jpg,generated thumbnail,False,False,0
wp-content/uploads/2026/05/Ulrich-Kirstin-klein-126x150.jpg,4851,76a6d115a283aaf1a0b96f3a25ba4a7d813e0cd2eaa8e45cdae0806c9a16555b,www.gemeinde-merching.de_wpvivid-b8981f085de20_2026-10-10-16-11_backup_uploads.part004.zip,.jpg,generated thumbnail,False,True,0
wp-content/uploads/2026/05/Uthe-Tina-klein-127x150.jpg,5348,36dc51d5812e2c370a325b1ed696b8059a3bea1793ab8c3a43737e81e2da4720,www.gemeinde-merching.de_wpvivid-b8981f085de20_2026-10-10-16-11_backup_uploads.part004.zip,.jpg,generated thumbnail,False,True,0
wp-content/uploads/2026/05/Mueller-Martin-klein.jpg,7338,dd2057bf32479d999f44657de84bbd28b77037fb90c80954adc7a467f66302df,www.gemeinde-merching.de_wpvivid-b8981f085de20_2026-10-10-16-11_backup_uploads.part004.zip,.jpg,original/referenced,True,False,1
wp-content/uploads/2026/05/Bekanntmachung_Geschaeftsordnung_Homepage-pdf-106x150.jpg,5851,f2bbd5402ffb1bfd652029309c55423f24358d15d11a0c778d8b9522820f7a10,www.gemeinde-merching.de_wpvivid-b8981f085de20_2026-10-10-16-11_backup_uploads.part004.zip,.jpg,generated thumbnail,False,True,0
wp-content/uploads/2026/05/Bekanntmachung_Geschaeftsordnung_Homepage.pdf,115730,3fe1f242908a4785bfecb42c055c675aff6412807e8cd1600c72c1cb1de98308,www.gemeinde-merching.de_wpvivid-b8981f085de20_2026-10-10-16-11_backup_uploads.part004.zip,.pdf,original/referenced,True,False,0
wp-content/uploads/2026/05/20260430_LRA-beim-Marktsonntag-Mering.docx,108689,77725308e6a8630c9bbe7cc0a846a736f737b0013907bbd04032354e56ae930e,www.gemeinde-merching.de_wpvivid-b8981f085de20_2026-10-10-16-11_backup_uploads.part004.zip,.docx,original/referenced,True,False,0
wp-content/uploads/2026/05/Lang-klein-127x150.jpg,5575,175582022fc1f4eff0b291d64e03f8d7dee5e933d817af702249a24111dbe57f,www.gemeinde-merching.de_wpvivid-b8981f085de20_2026-10-10-16-11_backup_uploads.part004.zip,.jpg,generated thumbnail,False,True,0
wp-content/uploads/2026/05/Pressemitteilung-LRA-Wettbewerb_Wir-fuers-Wittelsbacher-Land-pdf-724x1024.jpg,155527,76e1da8e389e71b6657375aef480a2848779a9aafb6947fb1581800791584d19,www.gemeinde-merching.de_wpvivid-b8981f085de20_2026-10-10-16-11_backup_uploads.part004.zip,.jpg,generated thumbnail,False,True,0
wp-content/uploads/2026/05/Pressemitteilung-LRA-Wettbewerb_Wir-fuers-Wittelsbacher-Land.pdf,406167,6fd67b5416e5a2893156eafea68f0b336369b578c6009acbd1535ee0df66b274,www.gemeinde-merching.de_wpvivid-b8981f085de20_2026-10-10-16-11_backup_uploads.part004.zip,.pdf,original/referenced,True,False,0
wp-content/uploads/2026/05/Schwarz-Thomas-klein-127x150.jpg,5026,dacb13fdeae715ee09899b1b44783150972317057d73e1410ece5c2f3a17ef45,www.gemeinde-merching.de_wpvivid-b8981f085de20_2026-10-10-16-11_backup_uploads.part004.zip,.jpg,generated thumbnail,False,True,0
wp-content/uploads/2026/05/20260430_LRA-beim-Marktsonntag-Mering-pdf-106x150.jpg,5593,d5c095e20fce577d9dfdc574ecc7ab069bbd64d9ead997aa1f77d8ce18ca8a6b,www.gemeinde-merching.de_wpvivid-b8981f085de20_2026-10-10-16-11_backup_uploads.part004.zip,.jpg,generated thumbnail,False,True,0
wp-content/uploads/2026/05/logo-quadratisch-1-150x150.png,1897,4db31b04aa7ddc0141a8d612aecd8df937da993b71b5526463639884b5bfde54,www.gemeinde-merching.de_wpvivid-b8981f085de20_2026-10-10-16-11_backup_uploads.part004.zip,.png,generated thumbnail,False,True,0
wp-content/uploads/2026/05/Geschaeftsordnung_Homepage_ab-Mai_2026-pdf-106x150.jpg,5339,580b8722b7f7d5561d50d59a782979ed9d391402d96b28115c15262ee754d774,www.gemeinde-merching.de_wpvivid-b8981f085de20_2026-10-10-16-11_backup_uploads.part004.zip,.jpg,generated thumbnail,False,True,0
wp-content/uploads/2026/05/logo-quadratisch-768x768.png,9272,03c72b25f4587730b7470eed810eea81c243c1e66ce4c9c196676b4f176d01bf,www.gemeinde-merching.de_wpvivid-b8981f085de20_2026-10-10-16-11_backup_uploads.part004.zip,.png,generated thumbnail,False,True,0
wp-content/uploads/2026/05/Teifelhart-Wolfgang-klein-127x150.jpg,5352,ba5823110816d687bf46cf9a2112664833835e098940909ba384fdc440665e55,www.gemeinde-merching.de_wpvivid-b8981f085de20_2026-10-10-16-11_backup_uploads.part004.zip,.jpg,generated thumbnail,False,True,0
wp-content/uploads/2026/05/Bekanntmachung_Geschaeftsordnung_Homepage-pdf-212x300.jpg,11431,e259f8b0c382983fc8a6b736e42c9036072e6dadc23bb5fb66acb0158e7b0419,www.gemeinde-merching.de_wpvivid-b8981f085de20_2026-10-10-16-11_backup_uploads.part004.zip,.jpg,generated thumbnail,False,True,0
wp-content/uploads/2026/05/Mayr-Thomas-klein-127x150.jpg,5388,7c21ecfe0a8591944f43883908bac5e0f274ccfef404cbf8f9130c2cdd62f909,www.gemeinde-merching.de_wpvivid-b8981f085de20_2026-10-10-16-11_backup_uploads.part004.zip,.jpg,generated thumbnail,False,True,0
wp-content/uploads/2026/05/Helmut-Luichtl-klein.jpg,5107,612b376b0e2536412aba02fd7217635e017bd08cc73a17cd3ca246b8efabd010,www.gemeinde-merching.de_wpvivid-b8981f085de20_2026-10-10-16-11_backup_uploads.part004.zip,.jpg,original/referenced,True,False,1
wp-content/uploads/2026/05/Pressemitteilung-LRA-Wettbewerb_Wir-fuers-Wittelsbacher-Land-pdf-212x300.jpg,14087,da4d33cbe41b0ee0d9daedcc5562aef56ac6dd75f421d2017743e5f1b6f569b2,www.gemeinde-merching.de_wpvivid-b8981f085de20_2026-10-10-16-11_backup_uploads.part004.zip,.jpg,generated thumbnail,False,True,0
wp-content/uploads/2026/05/Satzung-Gemeideverfassunsrechts-Homepage-pdf-724x1024.jpg,86821,12f4cad44f480e589069721fdc9f7987422cee545d0e71ee316ea4f59e549865,www.gemeinde-merching.de_wpvivid-b8981f085de20_2026-10-10-16-11_backup_uploads.part004.zip,.jpg,generated thumbnail,False,True,0
wp-content/uploads/2026/05/Bekanntmachung_Satzung-Gemeindeverfassungsrechts_Homepage.pdf,115745,0b98be66cde35c57786bbd6c6e790ca1ba0bb867fcc5170b4a8ca035ad9c44ae,www.gemeinde-merching.de_wpvivid-b8981f085de20_2026-10-10-16-11_backup_uploads.part004.zip,.pdf,original/referenced,True,False,0
wp-content/uploads/2026/05/Uthe-Tina-klein.jpg,7099,b299b38c4662dc779ebac3c8b650e3428c8a309fe8dbc5818174e4319dd14e34,www.gemeinde-merching.de_wpvivid-b8981f085de20_2026-10-10-16-11_backup_uploads.part004.zip,.jpg,original/referenced,True,False,1
wp-content/uploads/2026/05/Bekanntmachung-Vergabe-von-gemeindlichen-Wohnbaugrundstuecken-pdf.jpg,171307,dd4ed65f735946a0b986311743a26b336b783b70149cb30cc30e47d9627ae9a4,www.gemeinde-merching.de_wpvivid-b8981f085de20_2026-10-10-16-11_backup_uploads.part004.zip,.jpg,generated thumbnail,False,False,0
wp-content/uploads/2026/05/Kurzversion_Erinnerung-an-Steuervorauszahlung.docx.pdf,52000,a960a8b4872682606b31e4a2ce983852cd5b7c5e11c6a7b9eb4e6616e4420e8e,www.gemeinde-merching.de_wpvivid-b8981f085de20_2026-10-10-16-11_backup_uploads.part004.zip,.pdf,original/referenced,True,False,1
wp-content/uploads/2026/05/Geschaeftsordnung_Homepage_ab-Mai_2026-pdf-212x300.jpg,10049,5dae17accccf9c555cd2f629eff44ec08f12902b7e4091f0bf0e9f0b9fd557d1,www.gemeinde-merching.de_wpvivid-b8981f085de20_2026-10-10-16-11_backup_uploads.part004.zip,.jpg,generated thumbnail,False,True,0
wp-content/uploads/2026/05/Pressemitteilung-LRA-Wettbewerb_Wir-fuers-Wittelsbacher-Land-pdf-106x150.jpg,3910,2c5c6857033c151ee062cd7cdcc3b0eddac331ed96b809f97447d601db8f63f0,www.gemeinde-merching.de_wpvivid-b8981f085de20_2026-10-10-16-11_backup_uploads.part004.zip,.jpg,generated thumbnail,False,True,0
wp-content/uploads/2026/05/Bekanntmachung_Satzung-Gemeindeverfassungsrechts_Homepage-pdf-212x300.jpg,11584,61f3e972690a9c5452b185790797bd98dbc16aecfe37a9686757326303e31ea6,www.gemeinde-merching.de_wpvivid-b8981f085de20_2026-10-10-16-11_backup_uploads.part004.zip,.jpg,generated thumbnail,False,True,0
wp-content/uploads/2026/05/Mayr-Thomas-klein.jpg,7404,aadbb7a2cbbe04a4f2db632aff0f21681d06fb9070658b20a9c77eebdd821abf,www.gemeinde-merching.de_wpvivid-b8981f085de20_2026-10-10-16-11_backup_uploads.part004.zip,.jpg,original/referenced,True,False,1
wp-content/uploads/2026/05/Bekanntmachung_Geschaeftsordnung_Homepage-pdf.jpg,128021,87b59c422e925d8f73440c95bf0e1dad8880ac6c8caf22ea4123dec8d30d9e43,www.gemeinde-merching.de_wpvivid-b8981f085de20_2026-10-10-16-11_backup_uploads.part004.zip,.jpg,generated thumbnail,False,False,0
wp-content/uploads/2026/05/Geschaeftsordnung_Homepage_ab-Mai_2026-pdf-724x1024.jpg,60813,1ffea06f1d5628461507319b50afca0f2c0e793b380fe6b83468799d387299df,www.gemeinde-merching.de_wpvivid-b8981f085de20_2026-10-10-16-11_backup_uploads.part004.zip,.jpg,generated thumbnail,False,True,0
wp-content/uploads/2026/05/Flyer-SR-2026_AIC-FDB_klein-pdf-150x106.jpg,6491,70257aaf0eced4cb7640cc471c21a786b2ba9ffdea593f48b89c362fc5d03df6,www.gemeinde-merching.de_wpvivid-b8981f085de20_2026-10-10-16-11_backup_uploads.part004.zip,.jpg,generated thumbnail,False,True,0
wp-content/uploads/2026/05/20260430_LRA-beim-Marktsonntag-Mering.pdf,186277,d9b219ae85935ba2d38302e7f2766a16765a2e8b13ea3c88818ecb4ac13b13e3,www.gemeinde-merching.de_wpvivid-b8981f085de20_2026-10-10-16-11_backup_uploads.part004.zip,.pdf,original/referenced,True,False,0
wp-content/uploads/2026/05/Satzung-Gemeideverfassunsrechts-Homepage-pdf.jpg,172694,810987e59a70f7b30b21a0090219fe0f68d946d2e65801c56fad517d7b06272a,www.gemeinde-merching.de_wpvivid-b8981f085de20_2026-10-10-16-11_backup_uploads.part004.zip,.jpg,generated thumbnail,False,False,0
wp-content/uploads/2026/05/Satzung-Gemeideverfassunsrechts-Homepage-pdf-106x150.jpg,5665,0bc584fded525f590ce3c379d3c22e2846d2eccc44682433372157493859eb68,www.gemeinde-merching.de_wpvivid-b8981f085de20_2026-10-10-16-11_backup_uploads.part004.zip,.jpg,generated thumbnail,False,True,0
wp-content/uploads/2026/05/Ulrich-Kirstin-klein.jpg,6748,aa060a8128e764d4dc04f1e86ec517912f48f47ffc88c0b8b0109365ee524061,www.gemeinde-merching.de_wpvivid-b8981f085de20_2026-10-10-16-11_backup_uploads.part004.zip,.jpg,original/referenced,True,False,1
wp-content/uploads/2026/05/logo-quadratisch-1024x1024.png,14680,a0c0e8d8f094468831a4252a629d235ad82dbefb0ec24aae4acef324369558e8,www.gemeinde-merching.de_wpvivid-b8981f085de20_2026-10-10-16-11_backup_uploads.part004.zip,.png,generated thumbnail,False,True,0
wp-content/uploads/2026/05/Bekanntmachung-Vergabe-von-gemeindlichen-Wohnbaugrundstuecken.pdf,189269,02d3421c118ef839aa2dbafc2fd9214f0a4f8dc7d8ecde9451335e1e4167aee6,www.gemeinde-merching.de_wpvivid-b8981f085de20_2026-10-10-16-11_backup_uploads.part004.zip,.pdf,original/referenced,True,False,2
wp-content/uploads/2026/05/Bekanntmachung_Satzung-Gemeindeverfassungsrechts_Homepage-pdf-106x150.jpg,5726,3ead089c71ee3b7dd7c670f39a67c3fb037e0ee5af56804c1228f7d50cc3664e,www.gemeinde-merching.de_wpvivid-b8981f085de20_2026-10-10-16-11_backup_uploads.part004.zip,.jpg,generated thumbnail,False,True,0
wp-content/uploads/2026/05/Geschaeftsordnung_Homepage_ab-Mai_2026-.pdf,263956,c6d77895b848b1b94494c02bff6c482d7ecaef3586acd03537379389b9b7907a,www.gemeinde-merching.de_wpvivid-b8981f085de20_2026-10-10-16-11_backup_uploads.part004.zip,.pdf,original/referenced,True,False,1
wp-content/uploads/2026/05/logo-quadratisch-1-e1779349741961.png,1205,7cab2d0717eaca9308652c71f93f62172b9821114ab22e7bc9e37d6fae05fd28,www.gemeinde-merching.de_wpvivid-b8981f085de20_2026-10-10-16-11_backup_uploads.part004.zip,.png,unreferenced candidate (not proven orphan),False,False,0
wp-content/uploads/2026/05/logo-quadratisch.png,14050,566765f0fecc2838670293c47c5cf2b6dd5a91fee056d510ee408326c298ebd1,www.gemeinde-merching.de_wpvivid-b8981f085de20_2026-10-10-16-11_backup_uploads.part004.zip,.png,unreferenced candidate (not proven orphan),False,False,0
wp-content/uploads/2026/05/Kobarschik-Jochen-kl.jpg,4707,ecf78ac5b9049266ee14b9a9202138d1eaefb7cd5fa2016e58a2873aa4155eb0,www.gemeinde-merching.de_wpvivid-b8981f085de20_2026-10-10-16-11_backup_uploads.part004.zip,.jpg,original/referenced,True,False,1
wp-content/uploads/2026/05/Bekanntmachung_Satzung-Gemeindeverfassungsrechts_Homepage-pdf.jpg,134462,423d29ddfcc5e5b24991a89a1f302a9ae0a536fbf34ace92ba65330e57b3c7e6,www.gemeinde-merching.de_wpvivid-b8981f085de20_2026-10-10-16-11_backup_uploads.part004.zip,.jpg,generated thumbnail,False,False,0
wp-content/uploads/2026/05/Grabmann-klein.jpg,5674,848d62534cd02b581422f61c04671aeb19a627cc69f29c983149d61419fcfc5b,www.gemeinde-merching.de_wpvivid-b8981f085de20_2026-10-10-16-11_backup_uploads.part004.zip,.jpg,original/referenced,True,False,1
wp-content/uploads/2026/05/Bekanntmachung-Vergabe-von-gemeindlichen-Wohnbaugrundstuecken-pdf-212x300.jpg,9441,45670dad4d6faa79c79b80a35fc263a00f2377ceb603fb988f7163744960a410,www.gemeinde-merching.de_wpvivid-b8981f085de20_2026-10-10-16-11_backup_uploads.part004.zip,.jpg,generated thumbnail,False,True,0
wp-content/uploads/2026/05/20260430_LRA-beim-Marktsonntag-Mering-pdf-724x1024.jpg,79173,7a3f9f6469babbd7fda2584719cc235fa5f19b11615f3d5c05dc72a722065635,www.gemeinde-merching.de_wpvivid-b8981f085de20_2026-10-10-16-11_backup_uploads.part004.zip,.jpg,generated thumbnail,False,True,0
wp-content/uploads/2026/05/Pressemitteilung-LRA-Wettbewerb_Wir-fuers-Wittelsbacher-Land-pdf.jpg,314021,838491f7f904cbd19e6bd5c30d2420b900168cf6c36d98fedf630e9c0d78b763,www.gemeinde-merching.de_wpvivid-b8981f085de20_2026-10-10-16-11_backup_uploads.part004.zip,.jpg,generated thumbnail,False,False,0
wp-content/uploads/2026/05/20260430_LRA-beim-Marktsonntag-Mering-pdf-212x300.jpg,11139,4ec436b1e3c3a16350212965e2b2c071ee31edc7986b92cccb004926ceb87675,www.gemeinde-merching.de_wpvivid-b8981f085de20_2026-10-10-16-11_backup_uploads.part004.zip,.jpg,generated thumbnail,False,True,0
wp-content/uploads/2026/05/Kurzversion_Erinnerung-an-Steuervorauszahlung.docx-pdf-106x150.jpg,4456,b977cbad7fb98be38af53d07ca36e3fe77b303f6eccf01a350c8d975ae1db3ff,www.gemeinde-merching.de_wpvivid-b8981f085de20_2026-10-10-16-11_backup_uploads.part004.zip,.jpg,generated thumbnail,False,True,0
wp-content/uploads/2026/05/logo-quadratisch-1-1024x1024.png,14680,d5bab92821ae99930d278c93c584d0d9202c203f6c6826e4af35acfd6f0fbff7,www.gemeinde-merching.de_wpvivid-b8981f085de20_2026-10-10-16-11_backup_uploads.part004.zip,.png,generated thumbnail,False,True,0
wp-content/uploads/2026/05/Helfer-Markus-klein.jpg,11024,67b648c28aace276f6f225585b5de9d9c6d639204697b518a8d0598ecfb9b724,www.gemeinde-merching.de_wpvivid-b8981f085de20_2026-10-10-16-11_backup_uploads.part004.zip,.jpg,original/referenced,True,False,1
wp-content/uploads/2026/05/logo-quadratisch-1.png,14050,566765f0fecc2838670293c47c5cf2b6dd5a91fee056d510ee408326c298ebd1,www.gemeinde-merching.de_wpvivid-b8981f085de20_2026-10-10-16-11_backup_uploads.part004.zip,.png,unreferenced candidate (not proven orphan),False,False,0
wp-content/uploads/2026/05/Satzung-Gemeideverfassunsrechts-Homepage-pdf-212x300.jpg,11785,592dc3658179aa958949dc00c454ab11c82b94dfa5f311f00fc60b7ff6f9f526,www.gemeinde-merching.de_wpvivid-b8981f085de20_2026-10-10-16-11_backup_uploads.part004.zip,.jpg,generated thumbnail,False,True,0
wp-content/uploads/2026/05/Bekanntmachung-Vergabe-von-gemeindlichen-Wohnbaugrundstuecken-pdf-106x150.jpg,3017,a50c5f5536f073e9c0165f14921ecf1bd15fbbd5f35896b4dcc654536a7762d0,www.gemeinde-merching.de_wpvivid-b8981f085de20_2026-10-10-16-11_backup_uploads.part004.zip,.jpg,generated thumbnail,False,True,0
wp-content/uploads/2026/05/Kurzversion_Erinnerung-an-Steuervorauszahlung.docx-pdf-212x300.jpg,7887,7e4284b749209b8f427673cb694419c314842b70c4287078116236e866b7b642,www.gemeinde-merching.de_wpvivid-b8981f085de20_2026-10-10-16-11_backup_uploads.part004.zip,.jpg,generated thumbnail,False,True,0
wp-content/uploads/2026/08/Logo-Amt-f.-Ernaehrung-Landwirtschaft-und-Forsten-150x78.jpg,1904,2f297a4dbac16e5aaa6c339b414585affd952a2744d8b2e71c2af8b3135cdfcf,www.gemeinde-merching.de_wpvivid-b8981f085de20_2026-10-10-16-11_backup_uploads.part004.zip,.jpg,generated thumbnail,False,True,0
wp-content/uploads/2026/08/20260825_Urlaub-trotz-Pflege-pdf-212x300.jpg,16199,6de2ef2220dfb6acc25d53202d8271f5ff10eb74d51e719fe34bde9ad86291a9,www.gemeinde-merching.de_wpvivid-b8981f085de20_2026-10-10-16-11_backup_uploads.part004.zip,.jpg,generated thumbnail,False,True,0
wp-content/uploads/2026/08/Sharepic_Ein-Herz-fuer-regionale-LM_1080x1920px-864x1536.jpg,160179,c04035d47840c4ec383a5839e59864176d2a530bb9f4cc15744ca3c79d236158,www.gemeinde-merching.de_wpvivid-b8981f085de20_2026-10-10-16-11_backup_uploads.part004.zip,.jpg,generated thumbnail,False,True,1
wp-content/uploads/2026/08/Sharepic_Ein-Herz-fuer-regionale-LM_1080x1920px-169x300.jpg,13513,0528fdbbe34c06a0ff88bd9b4b5621f07e3cba17cc5ffc8dd6819776673b1bc3,www.gemeinde-merching.de_wpvivid-b8981f085de20_2026-10-10-16-11_backup_uploads.part004.zip,.jpg,original/referenced,False,True,1
wp-content/uploads/2026/08/20260825_Urlaub-trotz-Pflege.pdf,250723,82c9b756c8a06567aa6fa695b185a716023bdc9e43dcf0885c9166aaff6a75be,www.gemeinde-merching.de_wpvivid-b8981f085de20_2026-10-10-16-11_backup_uploads.part004.zip,.pdf,original/referenced,True,False,1
wp-content/uploads/2026/08/Sharepic_Ein-Herz-fuer-regionale-LM_1080x1920px-576x1024.jpg,89989,3a9c4f37a4962fb07888e6af3ca54ceda75f4b1a97e56f0b39e19f297b5301d2,www.gemeinde-merching.de_wpvivid-b8981f085de20_2026-10-10-16-11_backup_uploads.part004.zip,.jpg,generated thumbnail,False,True,1
wp-content/uploads/2026/08/Sharepic_Ein-Herz-fuer-regionale-LM_1080x1920px-scaled.jpg,330091,1b0b0c82436a85caef5e79794e66cb364254aa39b86ed97cf0ed62bcc3ca9d35,www.gemeinde-merching.de_wpvivid-b8981f085de20_2026-10-10-16-11_backup_uploads.part004.zip,.jpg,original/referenced,True,False,1
wp-content/uploads/2026/08/Logo-Amt-f.-Ernaehrung-Landwirtschaft-und-Forsten.jpg,7898,814fa352dd0c2631c0ed6b74f2eca3c3d3c585e31fdc3dbaba6ae39ee38c3cab,www.gemeinde-merching.de_wpvivid-b8981f085de20_2026-10-10-16-11_backup_uploads.part004.zip,.jpg,unreferenced candidate (not proven orphan),False,False,0
wp-content/uploads/2026/08/20260825_Urlaub-trotz-Pflege-pdf.jpg,276254,e4577953442b071fd8a2b87c7ec5136434300a0567684c13e580f01a5f7a36fd,www.gemeinde-merching.de_wpvivid-b8981f085de20_2026-10-10-16-11_backup_uploads.part004.zip,.jpg,generated thumbnail,False,False,0
wp-content/uploads/2026/08/20260811_Pamira-Sammlung-2026-pdf-724x1024.jpg,122366,e35a5557fbea19e68413db6246275451adb30dd0277a37201a37575bef0fde52,www.gemeinde-merching.de_wpvivid-b8981f085de20_2026-10-10-16-11_backup_uploads.part004.zip,.jpg,generated thumbnail,False,True,0
wp-content/uploads/2026/08/20260825_Urlaub-trotz-Pflege-pdf-724x1024.jpg,141579,0366f5aed0cb5d0c85df80fc588d47268794f01bb031de518cef97866a054080,www.gemeinde-merching.de_wpvivid-b8981f085de20_2026-10-10-16-11_backup_uploads.part004.zip,.jpg,generated thumbnail,False,True,0
wp-content/uploads/2026/08/Sharepic_Ein-Herz-fuer-regionale-LM_1080x1920px.jpg,895615,d62485e972f8258cd3948b6259969640bdd11486d0347b5ce35249e7acb08e04,www.gemeinde-merching.de_wpvivid-b8981f085de20_2026-10-10-16-11_backup_uploads.part004.zip,.jpg,unreferenced candidate (not proven orphan),False,False,0
wp-content/uploads/2026/08/20260811_Pamira-Sammlung-2026.pdf,191772,67b352505c7557494993cf9d6874049263ad4bcc38003ce4ea54cedd7bfe5ccc,www.gemeinde-merching.de_wpvivid-b8981f085de20_2026-10-10-16-11_backup_uploads.part004.zip,.pdf,original/referenced,True,False,1
wp-content/uploads/2026/08/Logo-Amt-f.-Ernaehrung-Landwirtschaft-und-Forsten-300x60.jpg,3796,fd0cc71865e912ea14fbe5129b300fec633b9a38d697f1e446ff962b8f3197f8,www.gemeinde-merching.de_wpvivid-b8981f085de20_2026-10-10-16-11_backup_uploads.part004.zip,.jpg,generated thumbnail,False,True,0
wp-content/uploads/2026/08/Sharepic_Ein-Herz-fuer-regionale-LM_1080x1920px-150x150.jpg,7508,ac0b1f34d8f2f60976bcd7d9308e2e846b7a82b16a6c46fa3f652008ee80899c,www.gemeinde-merching.de_wpvivid-b8981f085de20_2026-10-10-16-11_backup_uploads.part004.zip,.jpg,generated thumbnail,False,True,0
wp-content/uploads/2026/08/20260811_Pamira-Sammlung-2026-pdf-212x300.jpg,15162,ff1d0cd13da95b018bbbf4e0451c5398d09d8870ab923ca502af8ff6db25f906,www.gemeinde-merching.de_wpvivid-b8981f085de20_2026-10-10-16-11_backup_uploads.part004.zip,.jpg,generated thumbnail,False,True,0
wp-content/uploads/2026/08/Sharepic_Ein-Herz-fuer-regionale-LM_1080x1920px-768x1365.jpg,137102,5b211fcd1f8b07e88ccd2a6b1f10a6ad9158f1b715beb4b88adf30847cb444ce,www.gemeinde-merching.de_wpvivid-b8981f085de20_2026-10-10-16-11_backup_uploads.part004.zip,.jpg,generated thumbnail,False,True,1
wp-content/uploads/2026/08/20260811_Pamira-Sammlung-2026-pdf-106x150.jpg,6652,b0deb98e44f738d1c90c63aae158f3e701ad13f9e05a01de51eae54dc41d7913,www.gemeinde-merching.de_wpvivid-b8981f085de20_2026-10-10-16-11_backup_uploads.part004.zip,.jpg,generated thumbnail,False,True,0
wp-content/uploads/2026/08/Logo-Amt-f.-Ernaehrung-Landwirtschaft-und-Forsten-e1786006927906-150x72.jpg,1722,86a167d9b7feb343c72a2854279490b94b1d4af0d20ab959678788529aee9836,www.gemeinde-merching.de_wpvivid-b8981f085de20_2026-10-10-16-11_backup_uploads.part004.zip,.jpg,generated thumbnail,False,True,0
wp-content/uploads/2026/08/Logo-Amt-f.-Ernaehrung-Landwirtschaft-und-Forsten-e1786006927906-300x56.jpg,2703,5d71db8b93f4f2ce998ce3efc11a91d62961f4cd3be10a7d3516bc5f30117e5d,www.gemeinde-merching.de_wpvivid-b8981f085de20_2026-10-10-16-11_backup_uploads.part004.zip,.jpg,generated thumbnail,False,True,4
wp-content/uploads/2026/08/20260825_Urlaub-trotz-Pflege-pdf-106x150.jpg,6838,af6533a9131d7a832782990afa0a2525166a6b61e566be1e2c457ad281acdb54,www.gemeinde-merching.de_wpvivid-b8981f085de20_2026-10-10-16-11_backup_uploads.part004.zip,.jpg,generated thumbnail,False,True,0
wp-content/uploads/2026/08/20260811_Pamira-Sammlung-2026-pdf.jpg,236903,592ab36c0bb28241c669a3a11d69ccb498a86b5a2da5b0189913430d1e448133,www.gemeinde-merching.de_wpvivid-b8981f085de20_2026-10-10-16-11_backup_uploads.part004.zip,.jpg,generated thumbnail,False,False,0
wp-content/uploads/2026/08/Sharepic_Ein-Herz-fuer-regionale-LM_1080x1920px-1152x2048.jpg,242957,3da6d53338a7ce773b1db4e95f5a6a6f25c010fa3a94ec9cdfa4d23590661d6e,www.gemeinde-merching.de_wpvivid-b8981f085de20_2026-10-10-16-11_backup_uploads.part004.zip,.jpg,generated thumbnail,False,True,1
wp-content/uploads/2026/08/Logo-Amt-f.-Ernaehrung-Landwirtschaft-und-Forsten-e1786006927906.jpg,4943,96ace5669b433ae8559fa6c1c98caa20cb5b93c6efbf8d40697253d18271354b,www.gemeinde-merching.de_wpvivid-b8981f085de20_2026-10-10-16-11_backup_uploads.part004.zip,.jpg,original/referenced,True,False,4
wp-content/uploads/2026/10/20260918_Workshop_Alle-im-Blick-Ehrenamt-neu-gestalten-pdf.jpg,217787,850cc2484d44613cc2ae48ace00b2a932b14149dc4fcfa7dc6f282ed4bb695cd,www.gemeinde-merching.de_wpvivid-b8981f085de20_2026-10-10-16-11_backup_uploads.part004.zip,.jpg,generated thumbnail,False,False,0
wp-content/uploads/2026/10/20260925_Vereinsforum-E-Rechnung_Online-Seminar-LRA.pdf,196791,ccf391abcf28fac3fa43a48996916cb9800a5549e5d0ab899744ffabdb69784a,www.gemeinde-merching.de_wpvivid-b8981f085de20_2026-10-10-16-11_backup_uploads.part004.zip,.pdf,original/referenced,True,False,1
wp-content/uploads/2026/10/20260918_Workshop_Alle-im-Blick-Ehrenamt-neu-gestalten-pdf-212x300.jpg,13888,294b91d6bcae19728349f5cac5723baa4e734628062dbce252ea885e28151dd0,www.gemeinde-merching.de_wpvivid-b8981f085de20_2026-10-10-16-11_backup_uploads.part004.zip,.jpg,generated thumbnail,False,True,0
wp-content/uploads/2026/10/20260928_Vorlage-PM_mehrere-SolarTreffs-pdf-106x150.jpg,5632,632f435372677787f709b72dbfc208b08a347b4263b31cd81d749e29f4bfd119,www.gemeinde-merching.de_wpvivid-b8981f085de20_2026-10-10-16-11_backup_uploads.part004.zip,.jpg,generated thumbnail,False,True,0
wp-content/uploads/2026/10/20260928_Vorlage-PM_mehrere-SolarTreffs-pdf-724x1024.jpg,94657,8f44f63a642d59b33ed7545d83e7185daf4ce788c72190c7240777ac95c73f2d,www.gemeinde-merching.de_wpvivid-b8981f085de20_2026-10-10-16-11_backup_uploads.part004.zip,.jpg,generated thumbnail,False,True,0
wp-content/uploads/2026/10/20260928_Vorlage-PM_mehrere-SolarTreffs-pdf.jpg,183294,92c13530cfbb69dcd0f08efc3bdfb81c14d9f057432297cf9abe77a4b0d330cd,www.gemeinde-merching.de_wpvivid-b8981f085de20_2026-10-10-16-11_backup_uploads.part004.zip,.jpg,generated thumbnail,False,False,0
wp-content/uploads/2026/10/20260918_Workshop_Alle-im-Blick-Ehrenamt-neu-gestalten-pdf-106x150.jpg,6562,9f06bf24858099058c72d3ab3832810d6b835b16882d4f81339210e01290aa60,www.gemeinde-merching.de_wpvivid-b8981f085de20_2026-10-10-16-11_backup_uploads.part004.zip,.jpg,generated thumbnail,False,True,0
wp-content/uploads/2026/10/20260918_Workshop_Alle-im-Blick-Ehrenamt-neu-gestalten.pdf,202975,5ae48e4a762521559bd5ada0dcbf1d4ac26a9918bcf6108f4dfd41be427b5fd7,www.gemeinde-merching.de_wpvivid-b8981f085de20_2026-10-10-16-11_backup_uploads.part004.zip,.pdf,original/referenced,True,False,1
wp-content/uploads/2026/10/20260925_Vereinsforum-E-Rechnung_Online-Seminar-LRA-pdf-724x1024.jpg,127318,be395e1c1a934ca8d25520dbc3c289ac0ef73792ce764f393e942adfc89db3f9,www.gemeinde-merching.de_wpvivid-b8981f085de20_2026-10-10-16-11_backup_uploads.part004.zip,.jpg,generated thumbnail,False,True,0
wp-content/uploads/2026/10/20260924_Tagesschulung-Ehrenamtlich-taetige-Einzelperson-pdf.jpg,303050,87e6d5858ab53a1be18106b4ebc62dea62e7e14c8788c3d7283d998902d97d20,www.gemeinde-merching.de_wpvivid-b8981f085de20_2026-10-10-16-11_backup_uploads.part004.zip,.jpg,generated thumbnail,False,False,0
wp-content/uploads/2026/10/20260918_Workshop_Alle-im-Blick-Ehrenamt-neu-gestalten-pdf-724x1024.jpg,111835,a3b9e47b8a78d46d7b7c8568fac0db5a1a5ccf52a7e2c6154f6b20c5c363a02b,www.gemeinde-merching.de_wpvivid-b8981f085de20_2026-10-10-16-11_backup_uploads.part004.zip,.jpg,generated thumbnail,False,True,0
wp-content/uploads/2026/10/20260924_Tagesschulung-Ehrenamtlich-taetige-Einzelperson-pdf-724x1024.jpg,158453,bf70582634bb295ed63883d8575135e37d1ae02c50d31c891413b49dc35f958f,www.gemeinde-merching.de_wpvivid-b8981f085de20_2026-10-10-16-11_backup_uploads.part004.zip,.jpg,generated thumbnail,False,True,0
wp-content/uploads/2026/10/20260924_Tagesschulung-Ehrenamtlich-taetige-Einzelperson.pdf,185580,c832b8bd07c49f2c283ccf39efd5740bc96e70794ce194afb8f3e2a4ab6e6b0b,www.gemeinde-merching.de_wpvivid-b8981f085de20_2026-10-10-16-11_backup_uploads.part004.zip,.pdf,original/referenced,True,False,1
wp-content/uploads/2026/10/20260928_Vorlage-PM_mehrere-SolarTreffs-pdf-212x300.jpg,11472,47801083a95d02d01b6974f3dc2ab27f1a38b453cdb9ae8e0068a6a0638f3888,www.gemeinde-merching.de_wpvivid-b8981f085de20_2026-10-10-16-11_backup_uploads.part004.zip,.jpg,generated thumbnail,False,True,0
wp-content/uploads/2026/10/20260924_Tagesschulung-Ehrenamtlich-taetige-Einzelperson-pdf-212x300.jpg,16996,c971184fc77f86ec056d6fa0b1d47cdf1374626f0dcc886f1169285cef2ba5ef,www.gemeinde-merching.de_wpvivid-b8981f085de20_2026-10-10-16-11_backup_uploads.part004.zip,.jpg,generated thumbnail,False,True,0
wp-content/uploads/2026/10/20260924_Tagesschulung-Ehrenamtlich-taetige-Einzelperson-pdf-106x150.jpg,6930,1af689444cf0bfb9ff41e43a531dc54ad2bd186dbbedc4fc0212825df5f5bc92,www.gemeinde-merching.de_wpvivid-b8981f085de20_2026-10-10-16-11_backup_uploads.part004.zip,.jpg,generated thumbnail,False,True,0
wp-content/uploads/2026/10/20260928_Vorlage-PM_mehrere-SolarTreffs.pdf,182897,8f5a905952894d57404de76ce74ce6b1ccad91a6ba10c5ecbe60f73919dafd96,www.gemeinde-merching.de_wpvivid-b8981f085de20_2026-10-10-16-11_backup_uploads.part004.zip,.pdf,original/referenced,True,False,1
wp-content/uploads/2026/10/20260925_Vereinsforum-E-Rechnung_Online-Seminar-LRA-pdf.jpg,245000,f1ad07de8ca16a81bfa0ba1a3867912cc45143e9b2dcd36d5e6739271a1ea4ef,www.gemeinde-merching.de_wpvivid-b8981f085de20_2026-10-10-16-11_backup_uploads.part004.zip,.jpg,generated thumbnail,False,False,0
wp-content/uploads/2026/10/20260925_Vereinsforum-E-Rechnung_Online-Seminar-LRA-pdf-212x300.jpg,15579,df16f62a4d9258cbed03b45fa8b3c85c5894f716fe2d419459814c1f306b69bf,www.gemeinde-merching.de_wpvivid-b8981f085de20_2026-10-10-16-11_backup_uploads.part004.zip,.jpg,generated thumbnail,False,True,0
wp-content/uploads/2026/10/20260925_Vereinsforum-E-Rechnung_Online-Seminar-LRA-pdf-106x150.jpg,6698,813dc038f35681c23e6ad75b01e1c11623ec96b5befe3eb35ff75026b2e5a8a5,www.gemeinde-merching.de_wpvivid-b8981f085de20_2026-10-10-16-11_backup_uploads.part004.zip,.jpg,generated thumbnail,False,True,0
wp-content/uploads/2026/02/Merchinger-Rama-Dama-2026-pdf-724x1024.jpg,137264,96d9759287d3cec6d5f2f272a947e1698ded2d1e2e8840fecf20e1784f9bd927,www.gemeinde-merching.de_wpvivid-b8981f085de20_2026-10-10-16-11_backup_uploads.part004.zip,.jpg,generated thumbnail,False,True,0
wp-content/uploads/2026/02/Merchinger-Ramadama-2026-PDF.pdf,360699,12707a9b09b64b3464db744c8cc123244fba838845fb522cd9ed8e55ca4d9583,www.gemeinde-merching.de_wpvivid-b8981f085de20_2026-10-10-16-11_backup_uploads.part004.zip,.pdf,original/referenced,True,False,0
wp-content/uploads/2026/02/Trinkwasserwerte-f.-Homepage-vom-Bauhof-26.02.26-pdf.jpg,261573,925a0c3a87c760c2371c1c8499231127aadac4de78fbb5d3914b929f6ccfb4d0,www.gemeinde-merching.de_wpvivid-b8981f085de20_2026-10-10-16-11_backup_uploads.part004.zip,.jpg,generated thumbnail,False,False,0
wp-content/uploads/2026/02/Merchinger-Ramadama-2026-PDF-pdf-724x1024.jpg,123530,f17a49098a1ad0677012028cd4cbc9720ba1a5b67c708b1e7f57bec1cf717042,www.gemeinde-merching.de_wpvivid-b8981f085de20_2026-10-10-16-11_backup_uploads.part004.zip,.jpg,generated thumbnail,False,True,0
wp-content/uploads/2026/02/Merchinger-Rama-Dama-2026-pdf-212x300.jpg,15759,e3514045a5e047ed6fcceb9660c4be6ead7533852cfbda2ac6b23cee42e8710a,www.gemeinde-merching.de_wpvivid-b8981f085de20_2026-10-10-16-11_backup_uploads.part004.zip,.jpg,generated thumbnail,False,True,0
wp-content/uploads/2026/02/Trinkwasserwerte-f.-Homepage-vom-Bauhof-26.02.26-pdf-106x150.jpg,6293,5297f67ffcfdf5fa57d15504f6cae813ddb9bb1e9ec7978602e62c74e01546e3,www.gemeinde-merching.de_wpvivid-b8981f085de20_2026-10-10-16-11_backup_uploads.part004.zip,.jpg,generated thumbnail,False,True,0
wp-content/uploads/2026/02/Trinkwasserwerte-f.-Homepage-vom-Bauhof-26.02.26-pdf-212x300.jpg,14716,011733737e18d26b13954bb95154eaf3c4c0bc57cee315d421fe5f0cc0704575,www.gemeinde-merching.de_wpvivid-b8981f085de20_2026-10-10-16-11_backup_uploads.part004.zip,.jpg,generated thumbnail,False,True,0
wp-content/uploads/2026/02/Merchinger-Ramadama-2026-PDF-pdf-212x300.jpg,19403,4e772f3840ac05b4508b4ab5ffa5bf71b9cbc1fa7a70259e217927ddd19b3010,www.gemeinde-merching.de_wpvivid-b8981f085de20_2026-10-10-16-11_backup_uploads.part004.zip,.jpg,generated thumbnail,False,True,0
wp-content/uploads/2026/02/Merchinger-Rama-Dama-2026.pdf,272121,016fc55082f8cd3ddcda477ffd8d4331ca4214b95199c50316f8290e741a67c8,www.gemeinde-merching.de_wpvivid-b8981f085de20_2026-10-10-16-11_backup_uploads.part004.zip,.pdf,original/referenced,True,False,0
wp-content/uploads/2026/02/Trinkwasserwerte-f.-Homepage-vom-Bauhof-26.02.26-pdf-724x1024.jpg,121621,ecae541cbb87d22936afa266ae41fd348c57881756b1f1e00ce9b4161f83bde3,www.gemeinde-merching.de_wpvivid-b8981f085de20_2026-10-10-16-11_backup_uploads.part004.zip,.jpg,generated thumbnail,False,True,0
wp-content/uploads/2026/02/Merchinger-Rama-Dama-2026-pdf.jpg,303685,b1bb3a0d06ff34b379788f17bb5e40927b458f410a30a4299244da0f79dfac5c,www.gemeinde-merching.de_wpvivid-b8981f085de20_2026-10-10-16-11_backup_uploads.part004.zip,.jpg,generated thumbnail,False,False,0
wp-content/uploads/2026/02/Merchinger-Ramadama-2026-PDF-pdf.jpg,239188,8e025580b756b99fc49c150b8002a49fefcdb9d2f9029f2829acf46543482306,www.gemeinde-merching.de_wpvivid-b8981f085de20_2026-10-10-16-11_backup_uploads.part004.zip,.jpg,generated thumbnail,False,False,0
wp-content/uploads/2026/02/Trinkwasserwerte-f.-Homepage-vom-Bauhof-26.02.26.pdf,275151,2b17873cb822cc92684041a773de9595af9856521942a55e510da16840f751fe,www.gemeinde-merching.de_wpvivid-b8981f085de20_2026-10-10-16-11_backup_uploads.part004.zip,.pdf,original/referenced,True,False,1
wp-content/uploads/2026/02/Merchinger-Rama-Dama-2026-pdf-106x150.jpg,4913,f59281bfe5531f64536d2ba298d0a6ba5bb199901d75a97ecb4f8612b3be7926,www.gemeinde-merching.de_wpvivid-b8981f085de20_2026-10-10-16-11_backup_uploads.part004.zip,.jpg,generated thumbnail,False,True,0
wp-content/uploads/2026/02/Merchinger-Ramadama-2026-PDF-pdf-106x150.jpg,8149,94caccfe4d76a14d5d857ded4dc7034bb9eae9d0f443c9001926e1efa64b9656,www.gemeinde-merching.de_wpvivid-b8981f085de20_2026-10-10-16-11_backup_uploads.part004.zip,.jpg,generated thumbnail,False,True,0
wp-content/uploads/2021/03/logo-Familienstuetzpunkt-pdf-106x150.jpg,3535,26408f859eb8adc6bed8d09f1911f8be218d71938de53dc1dfc931dea4322f7a,www.gemeinde-merching.de_wpvivid-b8981f085de20_2026-10-10-16-11_backup_uploads.part004.zip,.jpg,generated thumbnail,False,True,0
wp-content/uploads/2021/03/QR_Merching-768x768.png,6763,6c9e7e2c634e87d3c6c9bb6f4e4bb3552f3a9036c837ec45b0537689a54656fa,www.gemeinde-merching.de_wpvivid-b8981f085de20_2026-10-10-16-11_backup_uploads.part004.zip,.png,generated thumbnail,False,True,0
wp-content/uploads/2021/03/QRCode_StoermelderApp_Merching_210602.png,1192,5de81fdeeee5d29eeded858f9910e3390bc479fdc285fcc7c1098a62973804a7,www.gemeinde-merching.de_wpvivid-b8981f085de20_2026-10-10-16-11_backup_uploads.part004.zip,.png,original/referenced,True,False,0
wp-content/uploads/2021/03/logo-Familienstuetzpunkt-pdf-212x300.jpg,4906,4cdc26545bcc6a22b03ff0eed615734a1063cb17dd0193b3034fbfc3a76a8f3b,www.gemeinde-merching.de_wpvivid-b8981f085de20_2026-10-10-16-11_backup_uploads.part004.zip,.jpg,generated thumbnail,False,True,0
wp-content/uploads/2021/03/QR_Merching-e1615196274737.png,3487,e6826a95eb2c63b30eeba0f72dc4588c51f84606b89d4eb97f4a070eed907b4a,www.gemeinde-merching.de_wpvivid-b8981f085de20_2026-10-10-16-11_backup_uploads.part004.zip,.png,original/referenced,True,False,2
wp-content/uploads/2021/03/QR_Merching-300x300.png,3904,a392c431f66c2ab4eefd5c3867c1116a6457f849b71a317894ae1ef655938f0f,www.gemeinde-merching.de_wpvivid-b8981f085de20_2026-10-10-16-11_backup_uploads.part004.zip,.png,generated thumbnail,False,True,0
wp-content/uploads/2021/03/QR_Merching.png,1192,5de81fdeeee5d29eeded858f9910e3390bc479fdc285fcc7c1098a62973804a7,www.gemeinde-merching.de_wpvivid-b8981f085de20_2026-10-10-16-11_backup_uploads.part004.zip,.png,unreferenced candidate (not proven orphan),False,False,0
wp-content/uploads/2021/03/QR_Merching-150x150.png,3578,4e65aeec3017dbb41d88ad8d1c97b82ee43a21efe7ad23777ed5846f04667532,www.gemeinde-merching.de_wpvivid-b8981f085de20_2026-10-10-16-11_backup_uploads.part004.zip,.png,generated thumbnail,False,True,0
wp-content/uploads/2021/03/QRCode_StoermelderApp_Merching_210602-300x300.png,3904,a392c431f66c2ab4eefd5c3867c1116a6457f849b71a317894ae1ef655938f0f,www.gemeinde-merching.de_wpvivid-b8981f085de20_2026-10-10-16-11_backup_uploads.part004.zip,.png,generated thumbnail,False,True,0
wp-content/uploads/2021/03/QRCode_StoermelderApp_Merching_210602-150x150.png,3578,4e65aeec3017dbb41d88ad8d1c97b82ee43a21efe7ad23777ed5846f04667532,www.gemeinde-merching.de_wpvivid-b8981f085de20_2026-10-10-16-11_backup_uploads.part004.zip,.png,generated thumbnail,False,True,0
wp-content/uploads/2021/03/logo-Familienstuetzpunkt.pdf,191857,3cb68760cd72188820c6d87f1e95d1b07f98c7607673914b7a86ca5849d62c39,www.gemeinde-merching.de_wpvivid-b8981f085de20_2026-10-10-16-11_backup_uploads.part004.zip,.pdf,original/referenced,True,False,0
wp-content/uploads/2021/03/logo-Familienstuetzpunkt-1.pdf,191857,3cb68760cd72188820c6d87f1e95d1b07f98c7607673914b7a86ca5849d62c39,www.gemeinde-merching.de_wpvivid-b8981f085de20_2026-10-10-16-11_backup_uploads.part004.zip,.pdf,original/referenced,True,False,0
wp-content/uploads/2021/03/210309_corona_grafik_Oeffnungsstrategie_stufenmodell_maerz-1536x866.jpg,193351,f8f8a6f169a125e1bb655ddda5be9ed186832f388eb5cf4349b2d7ca51f5fb58,www.gemeinde-merching.de_wpvivid-b8981f085de20_2026-10-10-16-11_backup_uploads.part004.zip,.jpg,generated thumbnail,False,True,0
wp-content/uploads/2021/03/QRCode_StoermelderApp_Merching_210602-768x768.png,6763,6c9e7e2c634e87d3c6c9bb6f4e4bb3552f3a9036c837ec45b0537689a54656fa,www.gemeinde-merching.de_wpvivid-b8981f085de20_2026-10-10-16-11_backup_uploads.part004.zip,.png,generated thumbnail,False,True,0
wp-content/uploads/2021/03/210309_corona_grafik_Oeffnungsstrategie_stufenmodell_maerz-150x150.jpg,33448,56c1106a960db689e523891f30abab525a5a37645bce79b6d1d0d9314889bbc4,www.gemeinde-merching.de_wpvivid-b8981f085de20_2026-10-10-16-11_backup_uploads.part004.zip,.jpg,generated thumbnail,False,True,0
wp-content/uploads/2021/03/logo-Familienstuetzpunkt-pdf.jpg,29668,73cf76a234b52ecddb331ca0a1686cc042693b5f4570c1fb4579dc3c324e016e,www.gemeinde-merching.de_wpvivid-b8981f085de20_2026-10-10-16-11_backup_uploads.part004.zip,.jpg,generated thumbnail,False,False,0
wp-content/uploads/2021/03/210309_corona_grafik_Oeffnungsstrategie_stufenmodell_maerz-300x169.jpg,38581,cb7d335261d735fae2b56b71764313417b208f5fca7ec312a6538afcc70b90b0,www.gemeinde-merching.de_wpvivid-b8981f085de20_2026-10-10-16-11_backup_uploads.part004.zip,.jpg,generated thumbnail,False,True,0
wp-content/uploads/2021/03/collage-merching-9.jpg,128329,f6ba8277b8a2134ba961fb630b5db086e02f4c336445ccbe23edc53bc1b79de2,www.gemeinde-merching.de_wpvivid-b8981f085de20_2026-10-10-16-11_backup_uploads.part004.zip,.jpg,original/referenced,True,False,0
wp-content/uploads/2021/03/logo-Familienstuetzpunkt-1-pdf.jpg,29668,73cf76a234b52ecddb331ca0a1686cc042693b5f4570c1fb4579dc3c324e016e,www.gemeinde-merching.de_wpvivid-b8981f085de20_2026-10-10-16-11_backup_uploads.part004.zip,.jpg,generated thumbnail,False,False,0
wp-content/uploads/2021/03/collage-merching-9-150x150.jpg,6499,e8b9f5ec251994589a254601ccfca88c3365ab0f42e4d8a91edc9659f8662d09,www.gemeinde-merching.de_wpvivid-b8981f085de20_2026-10-10-16-11_backup_uploads.part004.zip,.jpg,generated thumbnail,False,True,0
wp-content/uploads/2021/03/210309_corona_grafik_Oeffnungsstrategie_stufenmodell_maerz-2048x1155.jpg,276367,d89c5bf700b9b752bc4cffc4fea1391f66c98fd372bebf7cbe33ac10b6e8b769,www.gemeinde-merching.de_wpvivid-b8981f085de20_2026-10-10-16-11_backup_uploads.part004.zip,.jpg,generated thumbnail,False,True,0
wp-content/uploads/2021/03/210309_corona_grafik_Oeffnungsstrategie_stufenmodell_maerz-1024x578.jpg,116819,82fc731d87c064ae2f99832ff0c3a4005ff1b76d6b02294648010ed3cd98048b,www.gemeinde-merching.de_wpvivid-b8981f085de20_2026-10-10-16-11_backup_uploads.part004.zip,.jpg,generated thumbnail,False,True,0
wp-content/uploads/2021/03/collage-merching-9-300x133.jpg,12236,355edb014f4098d6ad34bc24d8688aedf48c3a3d4116ab0f995c36c126e88c9a,www.gemeinde-merching.de_wpvivid-b8981f085de20_2026-10-10-16-11_backup_uploads.part004.zip,.jpg,generated thumbnail,False,True,0
wp-content/uploads/2021/03/logo-Familienstuetzpunkt-1-pdf-724x1024.jpg,16694,add6bb25d44baf0ea188d8d1b5dcd5fbdf20a4ccf6ceac09a0d013dc58f16056,www.gemeinde-merching.de_wpvivid-b8981f085de20_2026-10-10-16-11_backup_uploads.part004.zip,.jpg,generated thumbnail,False,True,0
wp-content/uploads/2021/03/logo-Familienstuetzpunkt-1-pdf-212x300.jpg,4906,4cdc26545bcc6a22b03ff0eed615734a1063cb17dd0193b3034fbfc3a76a8f3b,www.gemeinde-merching.de_wpvivid-b8981f085de20_2026-10-10-16-11_backup_uploads.part004.zip,.jpg,generated thumbnail,False,True,0
wp-content/uploads/2021/03/logo-Familienstuetzpunkt-1-pdf-106x150.jpg,3535,26408f859eb8adc6bed8d09f1911f8be218d71938de53dc1dfc931dea4322f7a,www.gemeinde-merching.de_wpvivid-b8981f085de20_2026-10-10-16-11_backup_uploads.part004.zip,.jpg,generated thumbnail,False,True,0
wp-content/uploads/2021/03/210309_corona_grafik_Oeffnungsstrategie_stufenmodell_maerz-768x433.jpg,82485,97cad4fd6e9b8cc44cfd2d168693128804400920f10afc74fbfd14f4ec00eac3,www.gemeinde-merching.de_wpvivid-b8981f085de20_2026-10-10-16-11_backup_uploads.part004.zip,.jpg,generated thumbnail,False,True,0
wp-content/uploads/2021/03/logo-Familienstuetzpunkt-pdf-724x1024.jpg,16694,add6bb25d44baf0ea188d8d1b5dcd5fbdf20a4ccf6ceac09a0d013dc58f16056,www.gemeinde-merching.de_wpvivid-b8981f085de20_2026-10-10-16-11_backup_uploads.part004.zip,.jpg,generated thumbnail,False,True,0
wp-content/uploads/2021/01/Vollbild-II-1-300x68.png,19077,56931296978bd1118d63ef9f2f7c1459c166b19e342b994ed010fa3ea345916d,www.gemeinde-merching.de_wpvivid-b8981f085de20_2026-10-10-16-11_backup_uploads.part004.zip,.png,generated thumbnail,False,True,1
wp-content/uploads/2021/01/istockphoto-1203931418-170667a.jpg,113913,237764cc1049a97b061072a20606f1e3e8dc38ce68110b1520e1dd1d52df9bdd,www.gemeinde-merching.de_wpvivid-b8981f085de20_2026-10-10-16-11_backup_uploads.part004.zip,.jpg,original/referenced,True,False,0
wp-content/uploads/2021/01/Vollbild.png,70156,8392561dec90f0332052f3c49bb5106f13f125af9c6fad5f79521e34c98e8539,www.gemeinde-merching.de_wpvivid-b8981f085de20_2026-10-10-16-11_backup_uploads.part004.zip,.png,original/referenced,True,False,0
wp-content/uploads/2021/01/Vollbild-II-1-150x144.png,3889,5c9f3ec3ffaea06538456395c6d83c9efdff7efff5c8c3ccdace3cfccd465498,www.gemeinde-merching.de_wpvivid-b8981f085de20_2026-10-10-16-11_backup_uploads.part004.zip,.png,generated thumbnail,False,True,0
wp-content/uploads/2021/01/istockphoto-1203931418-170667a-300x193.jpg,19852,fbac3a9200ef18a6fb967981f0d681c59dfaecaeaa13e52e5147e5bce907d92a,www.gemeinde-merching.de_wpvivid-b8981f085de20_2026-10-10-16-11_backup_uploads.part004.zip,.jpg,generated thumbnail,False,True,0
wp-content/uploads/2021/01/fire-4814115_1920-2-1536x864.jpg,156810,277b8c1f4e06575184c6cf14db1546eaedaebdecbf64b458df762bcdfd330b4a,www.gemeinde-merching.de_wpvivid-b8981f085de20_2026-10-10-16-11_backup_uploads.part004.zip,.jpg,generated thumbnail,False,True,0
wp-content/uploads/2021/01/corona-5174671_640-150x150.jpg,6881,e6d54c04886ee598bfb501006ed5481a52ddd3cac27870cd0404e9633ab8e7d2,www.gemeinde-merching.de_wpvivid-b8981f085de20_2026-10-10-16-11_backup_uploads.part004.zip,.jpg,generated thumbnail,False,True,0
wp-content/uploads/2021/01/corona-5174671_640-300x200.jpg,16411,03eb0df0b8be83f253c883ca068f8e83d00c5f425bfc65c8ac916be71fea0bc9,www.gemeinde-merching.de_wpvivid-b8981f085de20_2026-10-10-16-11_backup_uploads.part004.zip,.jpg,generated thumbnail,False,True,0
wp-content/uploads/2021/01/Vollbild-300x68.png,17018,bb17fb6f02869511ea6459538aedf5a453f4599e1af2ab87b3fd5cbd31e1ad5e,www.gemeinde-merching.de_wpvivid-b8981f085de20_2026-10-10-16-11_backup_uploads.part004.zip,.png,generated thumbnail,False,True,0
wp-content/uploads/2021/01/fire-4814115_1920-2-150x150.jpg,7197,077546c759379af4bf0d5ff4debdd82ca782244dc7a31e7629fc1d71b65405bf,www.gemeinde-merching.de_wpvivid-b8981f085de20_2026-10-10-16-11_backup_uploads.part004.zip,.jpg,generated thumbnail,False,True,0
wp-content/uploads/2021/01/corona-5174671_640.jpg,73772,67497aadfa0eff6b5cbf68cb4a6d0e0d65827099fe42e2465522cfe2e98b8f38,www.gemeinde-merching.de_wpvivid-b8981f085de20_2026-10-10-16-11_backup_uploads.part004.zip,.jpg,original/referenced,True,False,0
wp-content/uploads/2021/01/Vollbild-150x144.png,21463,a7e6f507cd16f28e3758a03b078e686167e741668b11002a88fba589ef530e81,www.gemeinde-merching.de_wpvivid-b8981f085de20_2026-10-10-16-11_backup_uploads.part004.zip,.png,generated thumbnail,False,True,0
wp-content/uploads/2021/01/Vollbild-II-1.png,28109,405b91c0558f658c768bfc063fc4fd196d808f18f6d7e3c181ca31d797f6cc88,www.gemeinde-merching.de_wpvivid-b8981f085de20_2026-10-10-16-11_backup_uploads.part004.zip,.png,original/referenced,True,False,1
wp-content/uploads/2021/01/fire-4814115_1920-2-1024x576.jpg,84859,a08c30473d31cb406dfe0500e32ae3e5e01f00d549d045c3e79c989cb78b3c8d,www.gemeinde-merching.de_wpvivid-b8981f085de20_2026-10-10-16-11_backup_uploads.part004.zip,.jpg,generated thumbnail,False,True,0
wp-content/uploads/2021/01/Deckblatt-150x150.jpg,14862,fea5549df36680e99fae72da107ddf72caddef2a0329fe5608354a42603e5842,www.gemeinde-merching.de_wpvivid-b8981f085de20_2026-10-10-16-11_backup_uploads.part004.zip,.jpg,generated thumbnail,False,True,0
wp-content/uploads/2021/01/Deckblatt-300x300.jpg,31972,405c1398742b67eea722813191f36351f781b503d8c27ff56f228a766c395061,www.gemeinde-merching.de_wpvivid-b8981f085de20_2026-10-10-16-11_backup_uploads.part004.zip,.jpg,generated thumbnail,False,True,0
wp-content/uploads/2021/01/Deckblatt.jpg,167294,422ff171a879ce40a356f486f262e3e43a1797ded03dd3393a7400c709ea730a,www.gemeinde-merching.de_wpvivid-b8981f085de20_2026-10-10-16-11_backup_uploads.part004.zip,.jpg,unreferenced candidate (not proven orphan),False,False,0
wp-content/uploads/2021/01/fire-4814115_1920-2-300x169.jpg,13735,706a91555c800c583b47de0566c58fe28d86cb59c8ad9336a83c86a1b4217a78,www.gemeinde-merching.de_wpvivid-b8981f085de20_2026-10-10-16-11_backup_uploads.part004.zip,.jpg,generated thumbnail,False,True,0
wp-content/uploads/2021/01/Deckblatt-768x769.jpg,132202,4264b774d49fe91da3892e07cac989c5f3f0e8339b21178b213bf7873c708367,www.gemeinde-merching.de_wpvivid-b8981f085de20_2026-10-10-16-11_backup_uploads.part004.zip,.jpg,generated thumbnail,False,True,0
wp-content/uploads/2021/01/istockphoto-1203931418-170667a-150x150.jpg,11065,ceb83a31ef83bcc10fd9869123a44fc7a817451652af516952abd4cbd9774bde,www.gemeinde-merching.de_wpvivid-b8981f085de20_2026-10-10-16-11_backup_uploads.part004.zip,.jpg,generated thumbnail,False,True,0
wp-content/uploads/2021/01/fire-4814115_1920-2-768x432.jpg,54115,c91f06c06db00a8dc53766b0c7959df969e13cb6bfb5bb3f5345fc506da91879,www.gemeinde-merching.de_wpvivid-b8981f085de20_2026-10-10-16-11_backup_uploads.part004.zip,.jpg,generated thumbnail,False,True,0
wp-content/uploads/2021/01/Deckblatt-e1610351802362.jpg,16801,bac2161148024ccd01b0eedb7bfd01e8b09aab806bee947a1efc91d550ab7baf,www.gemeinde-merching.de_wpvivid-b8981f085de20_2026-10-10-16-11_backup_uploads.part004.zip,.jpg,original/referenced,True,False,0
wp-content/uploads/2021/01/fire-4814115_1920-2.jpg,389351,f7c99d4523e9531002aecfedf8f93084ff27829b51ca675cfc4b6676fbc1cb17,www.gemeinde-merching.de_wpvivid-b8981f085de20_2026-10-10-16-11_backup_uploads.part004.zip,.jpg,original/referenced,True,False,0
wp-content/uploads/2021/12/Wappen-pdf-106x150.jpg,3566,f9281e401962660a1dff062db5ad1530566ef5698a07b3406568a38f1da89321,www.gemeinde-merching.de_wpvivid-b8981f085de20_2026-10-10-16-11_backup_uploads.part004.zip,.jpg,generated thumbnail,False,True,0
wp-content/uploads/2021/12/Wappen-Merching-ohne-Schrift-farbig-285x300.jpg,32021,2f5cf703c641a669c667b592808cf5451296ce489b49db4e7096cbb341e55759,www.gemeinde-merching.de_wpvivid-b8981f085de20_2026-10-10-16-11_backup_uploads.part004.zip,.jpg,generated thumbnail,False,True,0
wp-content/uploads/2021/12/Wappen-pdf.jpg,28918,9fdc9e1987297dabf80ac6ed1c4b9127aebc18552bc9ccdf139ee47531605e6d,www.gemeinde-merching.de_wpvivid-b8981f085de20_2026-10-10-16-11_backup_uploads.part004.zip,.jpg,generated thumbnail,False,False,0
wp-content/uploads/2021/12/Wappen.pdf,36776,7d3ce50e80b03b81fab6da9b2a1925a0725befb62685396337e5a0e955c4c6d7,www.gemeinde-merching.de_wpvivid-b8981f085de20_2026-10-10-16-11_backup_uploads.part004.zip,.pdf,original/referenced,True,False,0
wp-content/uploads/2021/12/Wappen-Merching-ohne-Schrift-farbig-150x150.jpg,12803,a7e4226734ce3e17f2fdfb1aeeb1ff8c507db3da56dc97313c4a31f6a32dc099,www.gemeinde-merching.de_wpvivid-b8981f085de20_2026-10-10-16-11_backup_uploads.part004.zip,.jpg,generated thumbnail,False,True,0
wp-content/uploads/2021/12/Wappen-Merching-ohne-Schrift-farbig.jpg,359663,3732fb2819dbccd88b9ff072a6499474a09a89c4ab5d4992b21090804f63fb04,www.gemeinde-merching.de_wpvivid-b8981f085de20_2026-10-10-16-11_backup_uploads.part004.zip,.jpg,original/referenced,True,False,0
wp-content/uploads/2021/12/Wappen-pdf-212x300.jpg,4970,329af0bed6aed4a1d3c09f9721ed31cbbf0f627330fd12164122d55d78f618e1,www.gemeinde-merching.de_wpvivid-b8981f085de20_2026-10-10-16-11_backup_uploads.part004.zip,.jpg,generated thumbnail,False,True,0
wp-content/uploads/2021/12/Wappen-pdf-724x1024.jpg,16518,604d375c849a39fd8da1dc2a5144d13ec96badcc02db79191c54e5b22f45dcd9,www.gemeinde-merching.de_wpvivid-b8981f085de20_2026-10-10-16-11_backup_uploads.part004.zip,.jpg,generated thumbnail,False,True,0
wp-content/uploads/2021/08/Energieberatung-Landkreis-Aichach-Friedberg-Typo-schwarz-RGB-300x85.jpg,5273,c635a950bcabcc00b8e464cf834c9471048c28f5b69d91eec05ce19e95e3d860,www.gemeinde-merching.de_wpvivid-b8981f085de20_2026-10-10-16-11_backup_uploads.part004.zip,.jpg,generated thumbnail,False,True,0
wp-content/uploads/2021/08/Wahlurne-221x300.png,28577,9be3fbe832c51d0373c384a0fff43a2fc32362663286557ae40832eb3ebb670c,www.gemeinde-merching.de_wpvivid-b8981f085de20_2026-10-10-16-11_backup_uploads.part004.zip,.png,generated thumbnail,False,True,7
wp-content/uploads/2021/08/Energieberatung-Landkreis-Aichach-Friedberg-Typo-schwarz-RGB-scaled-e1629100509828.jpg,18927,4fcaa2417942afdc556e0dcf6d1704241d887793ebb80dae118d8ef22bf2a955,www.gemeinde-merching.de_wpvivid-b8981f085de20_2026-10-10-16-11_backup_uploads.part004.zip,.jpg,unreferenced candidate (not proven orphan),False,False,0
wp-content/uploads/2021/08/Wahlurne-768x1042.png,205441,a939b641e43b737f7b48995c5b5a68f96aeb36b083b3ccd4f904c783942f66fd,www.gemeinde-merching.de_wpvivid-b8981f085de20_2026-10-10-16-11_backup_uploads.part004.zip,.png,generated thumbnail,False,True,7
wp-content/uploads/2021/08/Energieberatung-Landkreis-Aichach-Friedberg-Typo-schwarz-RGB-scaled.jpg,90848,4a13d8d04fe9806be3568e814a3582e687868a161408ac8ed423e8daeb7fe1f6,www.gemeinde-merching.de_wpvivid-b8981f085de20_2026-10-10-16-11_backup_uploads.part004.zip,.jpg,unreferenced candidate (not proven orphan),False,False,0
wp-content/uploads/2021/08/Energieberatung-Landkreis-Aichach-Friedberg-Typo-schwarz-RGB-150x150.jpg,3890,c8b96f7deb22785c6a4b8bf44321657bae47edf1f1946032bfd46a6c76f186d4,www.gemeinde-merching.de_wpvivid-b8981f085de20_2026-10-10-16-11_backup_uploads.part004.zip,.jpg,generated thumbnail,False,True,0
wp-content/uploads/2021/08/Energieberatung-Landkreis-Aichach-Friedberg-Typo-schwarz-RGB-scaled-e1629102157363.jpg,90863,b1acf072fb967377157d3e261b572236bdfa7d99cb0c09cd9658eaad72e50cd5,www.gemeinde-merching.de_wpvivid-b8981f085de20_2026-10-10-16-11_backup_uploads.part004.zip,.jpg,unreferenced candidate (not proven orphan),False,False,0
wp-content/uploads/2021/08/Wahlurne-754x1024.png,197687,7ac86193a144c085d39b77132150fb9249a1ac64633ff478a4b96db0aab94a45,www.gemeinde-merching.de_wpvivid-b8981f085de20_2026-10-10-16-11_backup_uploads.part004.zip,.png,generated thumbnail,False,True,7
wp-content/uploads/2021/08/Energieberatung-Landkreis-Aichach-Friedberg-Typo-schwarz-RGB-scaled-e1629102681482.jpg,33927,140db27485f0218e7ff8ccb407bc3f2b680394aba7d873adbe27cccdfc3dab79,www.gemeinde-merching.de_wpvivid-b8981f085de20_2026-10-10-16-11_backup_uploads.part004.zip,.jpg,original/referenced,True,False,1
wp-content/uploads/2021/08/Energieberatung-Landkreis-Aichach-Friedberg-Typo-schwarz-RGB-768x219.jpg,18227,9a69898087f0b7a6a10e8542948b0764b001c3d5e730a0d4db47266b012c7591,www.gemeinde-merching.de_wpvivid-b8981f085de20_2026-10-10-16-11_backup_uploads.part004.zip,.jpg,generated thumbnail,False,True,0
wp-content/uploads/2021/08/Energieberatung-Landkreis-Aichach-Friedberg-Typo-schwarz-RGB-2048x583.jpg,67450,1f81637f8823d71c7b20a2502c862e98c761e4a37ce053da70bf6b6c4ef26e43,www.gemeinde-merching.de_wpvivid-b8981f085de20_2026-10-10-16-11_backup_uploads.part004.zip,.jpg,generated thumbnail,False,True,0
wp-content/uploads/2021/08/Wahlurne.png,261347,41bd62d0ebd4c29cf0a2f903ff1a116f571cc270846db1618c07703b95b5abc0,www.gemeinde-merching.de_wpvivid-b8981f085de20_2026-10-10-16-11_backup_uploads.part004.zip,.png,original/referenced,True,False,7
wp-content/uploads/2021/08/Energieberatung-Landkreis-Aichach-Friedberg-Typo-schwarz-RGB-scaled-e1629099543609.jpg,27112,db8df41486513f6613f10ed13f211078bc73ad8b067bad5f85d3cfcaa3617e0b,www.gemeinde-merching.de_wpvivid-b8981f085de20_2026-10-10-16-11_backup_uploads.part004.zip,.jpg,unreferenced candidate (not proven orphan),False,False,0
wp-content/uploads/2021/08/Energieberatung-Landkreis-Aichach-Friedberg-Typo-schwarz-RGB-scaled-e1629100490921.jpg,27122,c28eb8fce82bf60a43b84c792b94078f59937e51d578a5b2d87a8a521d2adb08,www.gemeinde-merching.de_wpvivid-b8981f085de20_2026-10-10-16-11_backup_uploads.part004.zip,.jpg,unreferenced candidate (not proven orphan),False,False,0
wp-content/uploads/2021/08/Energieberatung-Landkreis-Aichach-Friedberg-Typo-schwarz-RGB-1536x438.jpg,46021,2482bf780d681b66dccf4c93d7124f14ec8d8c768e371a3183ae725d8d05c6ea,www.gemeinde-merching.de_wpvivid-b8981f085de20_2026-10-10-16-11_backup_uploads.part004.zip,.jpg,generated thumbnail,False,True,0
wp-content/uploads/2021/08/Wahlurne-150x150.png,12936,931ed98e2a69ce0210384ebc7ad0923686d8f65334f11ab399bfb00b733b4917,www.gemeinde-merching.de_wpvivid-b8981f085de20_2026-10-10-16-11_backup_uploads.part004.zip,.png,generated thumbnail,False,True,0
wp-content/uploads/2021/08/Energieberatung-Landkreis-Aichach-Friedberg-Typo-schwarz-RGB.jpg,398999,f88e3653fa9723903e9fae24fe28c5bd194ac19214a0121cf52bb8e03f6e7cca,www.gemeinde-merching.de_wpvivid-b8981f085de20_2026-10-10-16-11_backup_uploads.part004.zip,.jpg,unreferenced candidate (not proven orphan),False,False,0
wp-content/uploads/2021/08/Energieberatung-Landkreis-Aichach-Friedberg-Typo-schwarz-RGB-1024x292.jpg,27789,1de1b7dc14cfcca8112047d92510cd2da7e100dce4209da1e8d874e62d2aced4,www.gemeinde-merching.de_wpvivid-b8981f085de20_2026-10-10-16-11_backup_uploads.part004.zip,.jpg,generated thumbnail,False,True,0
wp-content/uploads/2021/02/Bild-Landratsamt-Hilfe-Corona-Feb.-2021-neu-1.pdf,461565,f2c5a1362b564076f91ca844fc9f19a31226959729bef2e8bcf44deb5cb7f065,www.gemeinde-merching.de_wpvivid-b8981f085de20_2026-10-10-16-11_backup_uploads.part004.zip,.pdf,original/referenced,True,False,0
wp-content/uploads/2021/02/Bild-Landratsamt-Hilfe-Corona-Feb.-2021-neu-1-pdf-106x150.jpg,6287,d5814156e4a7652efc59a7c50daa00113ab728b0c1f32bb5aff8b314cf471fcc,www.gemeinde-merching.de_wpvivid-b8981f085de20_2026-10-10-16-11_backup_uploads.part004.zip,.jpg,generated thumbnail,False,True,0
wp-content/uploads/2021/02/Bild-Landratsamt-Hilfe-Corona-Feb.-2021-neu.pdf,461565,f2c5a1362b564076f91ca844fc9f19a31226959729bef2e8bcf44deb5cb7f065,www.gemeinde-merching.de_wpvivid-b8981f085de20_2026-10-10-16-11_backup_uploads.part004.zip,.pdf,original/referenced,True,False,0
wp-content/uploads/2021/02/Bild-Landratsamt-Hilfe-Corona-Feb.-2021-neu-pdf-212x300.jpg,14916,8f9a17cfcebe6981f76348908fdd8c4b57f9da4db54291319b37e9c6b9b15f71,www.gemeinde-merching.de_wpvivid-b8981f085de20_2026-10-10-16-11_backup_uploads.part004.zip,.jpg,generated thumbnail,False,True,0
wp-content/uploads/2021/02/Bild-Landratsamt-Hilfe-Corona-Feb.-2021-neu-1-pdf-724x1024.jpg,134232,6f13e08677666d2cdf1e362a17b40f14e1f5eef8faf84a98ff9ef97bf74f8f5c,www.gemeinde-merching.de_wpvivid-b8981f085de20_2026-10-10-16-11_backup_uploads.part004.zip,.jpg,generated thumbnail,False,True,0
wp-content/uploads/2021/02/Bild-Landratsamt-Hilfe-Corona-Feb.-2021-neu-pdf.jpg,321848,97969a7edaebaaaf1a15ef40e94096fba20432c92c0bcdefed27669644ea90b9,www.gemeinde-merching.de_wpvivid-b8981f085de20_2026-10-10-16-11_backup_uploads.part004.zip,.jpg,generated thumbnail,False,False,0
wp-content/uploads/2021/02/Bild-Landratsamt-Hilfe-Corona-Feb.-2021-neu-pdf-724x1024.jpg,134232,6f13e08677666d2cdf1e362a17b40f14e1f5eef8faf84a98ff9ef97bf74f8f5c,www.gemeinde-merching.de_wpvivid-b8981f085de20_2026-10-10-16-11_backup_uploads.part004.zip,.jpg,generated thumbnail,False,True,0
wp-content/uploads/2021/02/Bild-Landratsamt-Hilfe-Corona-Feb.-2021-neu-1-pdf.jpg,321848,97969a7edaebaaaf1a15ef40e94096fba20432c92c0bcdefed27669644ea90b9,www.gemeinde-merching.de_wpvivid-b8981f085de20_2026-10-10-16-11_backup_uploads.part004.zip,.jpg,generated thumbnail,False,False,0
wp-content/uploads/2021/02/Bild-Landratsamt-Hilfe-Corona-Feb.-2021-neu-pdf-106x150.jpg,6287,d5814156e4a7652efc59a7c50daa00113ab728b0c1f32bb5aff8b314cf471fcc,www.gemeinde-merching.de_wpvivid-b8981f085de20_2026-10-10-16-11_backup_uploads.part004.zip,.jpg,generated thumbnail,False,True,0
wp-content/uploads/2021/02/Bild-Landratsamt-Hilfe-Corona-Feb.-2021-neu-1-pdf-212x300.jpg,14916,8f9a17cfcebe6981f76348908fdd8c4b57f9da4db54291319b37e9c6b9b15f71,www.gemeinde-merching.de_wpvivid-b8981f085de20_2026-10-10-16-11_backup_uploads.part004.zip,.jpg,generated thumbnail,False,True,0
wp-content/uploads/2023/09/Amtsblatt-08a-2023Jahrg.-78-Nr.-08a-pdf-106x150.jpg,4962,797ed78e420fcd927d0b46d15104aafb2a77d06a2a0ba365adab5b10b4dc6a42,www.gemeinde-merching.de_wpvivid-b8981f085de20_2026-10-10-16-11_backup_uploads.part004.zip,.jpg,generated thumbnail,False,True,0
wp-content/uploads/2023/09/Amtsblatt-08a-2023Jahrg.-78-Nr.-08a-pdf-724x1024.jpg,64948,4068522d8d9f611fefe2868a212dc53f25ff515925debca070dc08fadc8b7efb,www.gemeinde-merching.de_wpvivid-b8981f085de20_2026-10-10-16-11_backup_uploads.part004.zip,.jpg,generated thumbnail,False,True,0
wp-content/uploads/2023/09/Amtsblatt-08b-2023Jahrg.-78-Nr.-08b-pdf-724x1024.jpg,49140,bec4f520ec9092dc75c90bb408e1f7ade94e3308e5060c40f0010c7fca268571,www.gemeinde-merching.de_wpvivid-b8981f085de20_2026-10-10-16-11_backup_uploads.part004.zip,.jpg,generated thumbnail,False,True,0
wp-content/uploads/2023/09/Amtsblatt-08a-2023Jahrg.-78-Nr.-08a-pdf-212x300.jpg,10069,35867e904dba83d25f9fc066f5c3137cff8201b366cb5bae43e03251ae5d8931,www.gemeinde-merching.de_wpvivid-b8981f085de20_2026-10-10-16-11_backup_uploads.part004.zip,.jpg,generated thumbnail,False,True,0
wp-content/uploads/2023/09/Amtsblatt-08-2023Jahrg.-78-Nr.-08-pdf-724x1024.jpg,92305,3b70fe3c5c81eedfb3b3130c13c3a53110949a45f8d66eba86d3b7a6f85b7b04,www.gemeinde-merching.de_wpvivid-b8981f085de20_2026-10-10-16-11_backup_uploads.part004.zip,.jpg,generated thumbnail,False,True,0
wp-content/uploads/2023/09/Amtsblatt-09-2023Jahrg.-78-Nr.-09-pdf.jpg,111844,1c31b662e0b7057fc370376e2331c7ad12fcd990d81d6e16a418cd3b37000cb4,www.gemeinde-merching.de_wpvivid-b8981f085de20_2026-10-10-16-11_backup_uploads.part004.zip,.jpg,generated thumbnail,False,False,0
wp-content/uploads/2023/09/Netzwerk-Familie-AELF-Kurse-pdf.jpg,239462,fde866072110a4f86a23a4e1dcec4a3c9e97c9939c6ed1297d39d709945a65e1,www.gemeinde-merching.de_wpvivid-b8981f085de20_2026-10-10-16-11_backup_uploads.part004.zip,.jpg,generated thumbnail,False,False,0
wp-content/uploads/2023/09/Amtsblatt-09-2023Jahrg.-78-Nr.-09-pdf-724x1024.jpg,57910,b7c0828d155dab14f2ba6a13dcc72d66627d7dc881d937070fa4cda5fb66f6a1,www.gemeinde-merching.de_wpvivid-b8981f085de20_2026-10-10-16-11_backup_uploads.part004.zip,.jpg,generated thumbnail,False,True,0
wp-content/uploads/2023/09/Amtsblatt-09-2023Jahrg.-78-Nr.-09-pdf-212x300.jpg,9750,5f4bfeafae08a801a6201f9e8073f619f3b7ea2bb9f63b01d9c6d63bccf17b73,www.gemeinde-merching.de_wpvivid-b8981f085de20_2026-10-10-16-11_backup_uploads.part004.zip,.jpg,generated thumbnail,False,True,0
wp-content/uploads/2023/09/Amtsblatt-08-2023Jahrg.-78-Nr.-08-pdf-106x150.jpg,5700,443ff0850b3693e1966b111a53c4be1a56f3bd0a3cfe3295e80b264318c47787,www.gemeinde-merching.de_wpvivid-b8981f085de20_2026-10-10-16-11_backup_uploads.part004.zip,.jpg,generated thumbnail,False,True,0
wp-content/uploads/2023/09/Amtsblatt-08b-2023Jahrg.-78-Nr.-08b-pdf.jpg,94156,1b2c0b98abf74e0420a6e1a76c639fb48405cb6649c44163981cbe79db65eaf7,www.gemeinde-merching.de_wpvivid-b8981f085de20_2026-10-10-16-11_backup_uploads.part004.zip,.jpg,generated thumbnail,False,False,0
wp-content/uploads/2023/09/Amtsblatt-08-2023Jahrg.-78-Nr.-08.pdf,407535,feee7188f902fa64a85bcac25474f7a61ad4c9c4f85489c094e9466455ba1b8a,www.gemeinde-merching.de_wpvivid-b8981f085de20_2026-10-10-16-11_backup_uploads.part004.zip,.pdf,original/referenced,True,False,0
wp-content/uploads/2023/09/Amtsblatt-08a-2023Jahrg.-78-Nr.-08a-pdf.jpg,125809,c73df4fe7f28646ce2305d7a130ce89318f543913f52588e398b41dd8a868564,www.gemeinde-merching.de_wpvivid-b8981f085de20_2026-10-10-16-11_backup_uploads.part004.zip,.jpg,generated thumbnail,False,False,0
wp-content/uploads/2023/09/Amtsblatt-08a-2023Jahrg.-78-Nr.-08a.pdf,158428,2dde34ea664cbfe32c9e144d43022d4bccd04ff34d5c405541631d3816c38eec,www.gemeinde-merching.de_wpvivid-b8981f085de20_2026-10-10-16-11_backup_uploads.part004.zip,.pdf,original/referenced,True,False,0
wp-content/uploads/2023/09/Amtsblatt-08-2023Jahrg.-78-Nr.-08-pdf-212x300.jpg,12718,a60ddae57067cec035842c7a32bb3bbdde6d8240958ab89d24564f4cbc0373d2,www.gemeinde-merching.de_wpvivid-b8981f085de20_2026-10-10-16-11_backup_uploads.part004.zip,.jpg,generated thumbnail,False,True,0
wp-content/uploads/2023/09/Amtsblatt-08b-2023Jahrg.-78-Nr.-08b.pdf,262389,fa60528a7886e1644a4ea8f25bcdd7635d000b32ba2b2e8eb2d50e9aec02016c,www.gemeinde-merching.de_wpvivid-b8981f085de20_2026-10-10-16-11_backup_uploads.part004.zip,.pdf,original/referenced,True,False,0
wp-content/uploads/2023/09/Amtsblatt-08b-2023Jahrg.-78-Nr.-08b-pdf-106x150.jpg,4770,66b1276d773c23aed45159f921389669ee476f205545b22cb332742f5473650e,www.gemeinde-merching.de_wpvivid-b8981f085de20_2026-10-10-16-11_backup_uploads.part004.zip,.jpg,generated thumbnail,False,True,0
wp-content/uploads/2023/09/Netzwerk-Familie-AELF-Kurse-pdf-106x150.jpg,6356,45f87d1a7edfa92109310186e3c820fba2b563dfb9d93520fc720c920beb692c,www.gemeinde-merching.de_wpvivid-b8981f085de20_2026-10-10-16-11_backup_uploads.part004.zip,.jpg,generated thumbnail,False,True,0
wp-content/uploads/2023/09/Netzwerk-Familie-AELF-Kurse.pdf,1526291,e101395740a7d4721ed440f29bd818966dcc4c3478b85dae4fab6d711838def0,www.gemeinde-merching.de_wpvivid-b8981f085de20_2026-10-10-16-11_backup_uploads.part004.zip,.pdf,original/referenced,True,False,0
wp-content/uploads/2023/09/Netzwerk-Familie-AELF-Kurse-pdf-212x300.jpg,15407,22fcd670d9dd7f2294315e7068975b48757e13116e131201434a4fc25cb5c8c0,www.gemeinde-merching.de_wpvivid-b8981f085de20_2026-10-10-16-11_backup_uploads.part004.zip,.jpg,generated thumbnail,False,True,0
wp-content/uploads/2023/09/Amtsblatt-08b-2023Jahrg.-78-Nr.-08b-pdf-212x300.jpg,8787,99b89791fdaa2af9291fafe92714cbfc13d6f1ec6fae2100b3d592537db6d823,www.gemeinde-merching.de_wpvivid-b8981f085de20_2026-10-10-16-11_backup_uploads.part004.zip,.jpg,generated thumbnail,False,True,0
wp-content/uploads/2023/09/Netzwerk-Familie-AELF-Kurse-pdf-724x1024.jpg,116999,61df5cb916203650d6f0cf631063d74a601ec43812db3fe76d679a05e32804a8,www.gemeinde-merching.de_wpvivid-b8981f085de20_2026-10-10-16-11_backup_uploads.part004.zip,.jpg,generated thumbnail,False,True,0
wp-content/uploads/2023/09/Amtsblatt-08-2023Jahrg.-78-Nr.-08-pdf.jpg,188018,f13c24287d280cc3ac0e1c03ea9e18cf95a797ff9152e52281c8771093b081e0,www.gemeinde-merching.de_wpvivid-b8981f085de20_2026-10-10-16-11_backup_uploads.part004.zip,.jpg,generated thumbnail,False,False,0
wp-content/uploads/2023/09/Amtsblatt-09-2023Jahrg.-78-Nr.-09-pdf-106x150.jpg,4979,92c7752045a780f1a68f3e2a01296fd64b4937ef1e0bd6abf10c227dc18c9cdc,www.gemeinde-merching.de_wpvivid-b8981f085de20_2026-10-10-16-11_backup_uploads.part004.zip,.jpg,generated thumbnail,False,True,0
wp-content/uploads/2023/09/Amtsblatt-09-2023Jahrg.-78-Nr.-09.pdf,233992,7030076fbefc1a22028970226ed29b10fc6c460d426f22021c63500723fe227f,www.gemeinde-merching.de_wpvivid-b8981f085de20_2026-10-10-16-11_backup_uploads.part004.zip,.pdf,original/referenced,True,False,0
wp-content/uploads/2023/11/Abschaffung-des-Kinderreisepasses-zum-01.01.2024-1-pdf-106x150.jpg,6571,55fde2b2413df1676f277e2189c89f1b36b8a38850f43157b7d67fd12e2c2d73,www.gemeinde-merching.de_wpvivid-b8981f085de20_2026-10-10-16-11_backup_uploads.part004.zip,.jpg,generated thumbnail,False,True,0
wp-content/uploads/2023/11/BGS_WAS_Satzung_2022-pdf.jpg,157684,ec189e28aaaeaba416e34ccda6d2a6b80d010e70d5ae73bfe232897d0865caad,www.gemeinde-merching.de_wpvivid-b8981f085de20_2026-10-10-16-11_backup_uploads.part004.zip,.jpg,generated thumbnail,False,False,0
wp-content/uploads/2023/11/Satzung_WAS_2022-pdf-109x150.jpg,6086,9a5b594ad7e875644805bddc13da3f5844ef001a6704a289abd159eeed26b5d5,www.gemeinde-merching.de_wpvivid-b8981f085de20_2026-10-10-16-11_backup_uploads.part004.zip,.jpg,generated thumbnail,False,True,0
wp-content/uploads/2023/11/Abschaffung-des-Kinderreisepasses-zum-01.01.2024-1-pdf.jpg,199323,baea35d15968917e684075fbe2a8a8f32ae7a8831b56a53cb515b5c9cabded2b,www.gemeinde-merching.de_wpvivid-b8981f085de20_2026-10-10-16-11_backup_uploads.part004.zip,.jpg,generated thumbnail,False,False,0
wp-content/uploads/2023/11/BP-PV-Mandichosee_Teil-C_Begruendung-mit-Umweltbericht-2023-10-26-pdf-106x150.jpg,5795,e090b6d704ce4466a2907ce946ecefe1ad8f50ffce630caf68a3dd117b42ec4c,www.gemeinde-merching.de_wpvivid-b8981f085de20_2026-10-10-16-11_backup_uploads.part004.zip,.jpg,generated thumbnail,False,True,0
wp-content/uploads/2023/11/Satzung_WAS_2022-pdf.jpg,192413,7f5fe4c6f7d694d6a118e2d1161cf71db5ff46c1b4786acfa248b3ba1a100d21,www.gemeinde-merching.de_wpvivid-b8981f085de20_2026-10-10-16-11_backup_uploads.part004.zip,.jpg,generated thumbnail,False,False,0
wp-content/uploads/2023/11/BGS_WAS_Satzung_2022-pdf-109x150.jpg,5896,2ca36846f2af1422322c4f7dc577de66f073aedde87b3ac67824896167b3b4ac,www.gemeinde-merching.de_wpvivid-b8981f085de20_2026-10-10-16-11_backup_uploads.part004.zip,.jpg,generated thumbnail,False,True,0
wp-content/uploads/2023/11/BP-PV-Mandichosees-Fachbeitrag-Artenschutz-pdf-212x300.jpg,9515,ccaae438278ca78598c62370e0a94971c817a6631523492c03228e48f9161b61,www.gemeinde-merching.de_wpvivid-b8981f085de20_2026-10-10-16-11_backup_uploads.part004.zip,.jpg,generated thumbnail,False,True,0
wp-content/uploads/2023/11/Abschaffung-des-Kinderreisepasses-zum-01.01.2024-pdf-212x300.jpg,14148,004ace3cc6f041d1b17411bdfbe8cbb104145d76d5d322a06d138da88bf2f18d,www.gemeinde-merching.de_wpvivid-b8981f085de20_2026-10-10-16-11_backup_uploads.part004.zip,.jpg,generated thumbnail,False,True,0
wp-content/uploads/2023/11/Abschaffung-des-Kinderreisepasses-zum-01.01.2024.pdf,134976,7cecbb849025cc06fcf9380dfd3cfe856df0f7bca6f12a0fcb857badd106c673,www.gemeinde-merching.de_wpvivid-b8981f085de20_2026-10-10-16-11_backup_uploads.part004.zip,.pdf,original/referenced,True,False,1
wp-content/uploads/2023/11/Case.jpg,16683,e26a20ea31f5f12f5fc94a5369601962575959fde3f2becb2896bf9ca8283e62,www.gemeinde-merching.de_wpvivid-b8981f085de20_2026-10-10-16-11_backup_uploads.part004.zip,.jpg,original/referenced,True,False,0
wp-content/uploads/2023/11/Leseclub-Merching-pdf-212x300.jpg,13989,c64bcb15e388eccf29798c82b49085b67be411f54cce69f591d2e86ceade99ad,www.gemeinde-merching.de_wpvivid-b8981f085de20_2026-10-10-16-11_backup_uploads.part004.zip,.jpg,generated thumbnail,False,True,0
wp-content/uploads/2023/11/Amtsblatt-11-2023Jahrg.-78-Nr.-11-pdf.jpg,114464,2fd598104c0c33bd648bf3f1a7b91c71c712b668ab47bff174b17f526c2a7409,www.gemeinde-merching.de_wpvivid-b8981f085de20_2026-10-10-16-11_backup_uploads.part004.zip,.jpg,generated thumbnail,False,False,0
wp-content/uploads/2023/11/Abschaffung-des-Kinderreisepasses-zum-01.01.2024-pdf-106x150.jpg,6571,55fde2b2413df1676f277e2189c89f1b36b8a38850f43157b7d67fd12e2c2d73,www.gemeinde-merching.de_wpvivid-b8981f085de20_2026-10-10-16-11_backup_uploads.part004.zip,.jpg,generated thumbnail,False,True,0
wp-content/uploads/2023/11/BP-PV-Mandichosee_Teil-A_Planzeichnung-2023-10-26-pdf-1024x562.jpg,78723,223a7024c97abea89aacb7609a24ed1da33af5fa18d36d8dcc7010aee7c56315,www.gemeinde-merching.de_wpvivid-b8981f085de20_2026-10-10-16-11_backup_uploads.part004.zip,.jpg,generated thumbnail,False,True,0
wp-content/uploads/2023/11/Leseclub-Merching-pdf-106x150.jpg,6030,ed1bfb105a6bd63f26efdc549925fc5f9c81a38fa829adf2bfa90336aa69d086,www.gemeinde-merching.de_wpvivid-b8981f085de20_2026-10-10-16-11_backup_uploads.part004.zip,.jpg,generated thumbnail,False,True,0
wp-content/uploads/2023/11/Leseclub-Merching-pdf-724x1024.jpg,92376,5d280964363af4d69774cbcb7498d9437129e3ec7b794ce9a23655a5f62ddd0e,www.gemeinde-merching.de_wpvivid-b8981f085de20_2026-10-10-16-11_backup_uploads.part004.zip,.jpg,generated thumbnail,False,True,0
wp-content/uploads/2023/11/FNP-PV-Mandichosee_Teil-B_Begruendung-m.-Umweltbericht-2023-10-26-pdf-106x150.jpg,5816,21100556f8209570685534165fb8379bfee9706633cf4a1e2c13bf58a10bda3b,www.gemeinde-merching.de_wpvivid-b8981f085de20_2026-10-10-16-11_backup_uploads.part004.zip,.jpg,generated thumbnail,False,True,0
wp-content/uploads/2023/11/BP-PV-Mandichosee_Teil-A_Planzeichnung-2023-10-26-pdf.jpg,1879784,4ee4c700d6e798e102185e8c383f9385d9e1ac23efcf61a0583f1fda821358b3,www.gemeinde-merching.de_wpvivid-b8981f085de20_2026-10-10-16-11_backup_uploads.part004.zip,.jpg,generated thumbnail,False,False,0
wp-content/uploads/2023/11/BP-PV-Mandichosee_Teil-A_Planzeichnung-2023-10-26.pdf,1902070,2af2890e0feeddb189c3b5e862bb1c328ec79b23c01ac986b1279198188a2e95,www.gemeinde-merching.de_wpvivid-b8981f085de20_2026-10-10-16-11_backup_uploads.part004.zip,.pdf,original/referenced,True,False,0
wp-content/uploads/2023/11/BP-PV-Mandichosee_Teil-C_Begruendung-mit-Umweltbericht-2023-10-26.pdf,2249782,6703ca695912b19b0994738c6c2b92b1fc89b6b12a8905ccb2864e2271be9e3c,www.gemeinde-merching.de_wpvivid-b8981f085de20_2026-10-10-16-11_backup_uploads.part004.zip,.pdf,original/referenced,True,False,0
wp-content/uploads/2023/11/BP-PV-Mandichosee_Teil-C_Begruendung-mit-Umweltbericht-2023-10-26-pdf-724x1024.jpg,49828,85331963925b00044bb6ff92e27f841bc52f18ea1d46ec9cfe90a386a6e9ec04,www.gemeinde-merching.de_wpvivid-b8981f085de20_2026-10-10-16-11_backup_uploads.part004.zip,.jpg,generated thumbnail,False,True,0
wp-content/uploads/2023/11/BP-PV-Mandichosee_Teil-B_Festsetzungen-2023-10-26-pdf.jpg,100724,1cb808b5dbe1b7b20b0c6e44023d161ec790745724f558dc4524c2d0a231bc75,www.gemeinde-merching.de_wpvivid-b8981f085de20_2026-10-10-16-11_backup_uploads.part004.zip,.jpg,generated thumbnail,False,False,0
wp-content/uploads/2023/11/Satzung_WAS_2022.pdf,8568526,358f0ab7e83a2500d4aeed06d3ba104a01bc71b053b44fc8e3b4c2465275fa8a,www.gemeinde-merching.de_wpvivid-b8981f085de20_2026-10-10-16-11_backup_uploads.part004.zip,.pdf,original/referenced,True,False,1
wp-content/uploads/2023/11/BP-PV-Mandichosee_Teil-B_Festsetzungen-2023-10-26.pdf,421565,863e363308794577c7423a944524cfe4a7317bad764d89f344211bf7000e2f21,www.gemeinde-merching.de_wpvivid-b8981f085de20_2026-10-10-16-11_backup_uploads.part004.zip,.pdf,original/referenced,True,False,0
wp-content/uploads/2023/11/FNP-PV-Mandichosee_Teil-B_Begruendung-m.-Umweltbericht-2023-10-26-pdf.jpg,100868,85de7344773cedd50413a9db06a58e2618525d273ecd2c2d5c89b220e9622cd0,www.gemeinde-merching.de_wpvivid-b8981f085de20_2026-10-10-16-11_backup_uploads.part004.zip,.jpg,generated thumbnail,False,False,0
wp-content/uploads/2023/11/Amtsblatt-11-2023Jahrg.-78-Nr.-11.pdf,158823,a2060a28b92511cd14c96066811421b024048574cf52f1ad8cffa35e623b7865,www.gemeinde-merching.de_wpvivid-b8981f085de20_2026-10-10-16-11_backup_uploads.part004.zip,.pdf,original/referenced,True,False,0
wp-content/uploads/2023/11/EWS_Satzung_2022.pdf,9853787,461fe0fafac1f431b8149ef124203214258a6bceb6009f62b233ced68365649f,www.gemeinde-merching.de_wpvivid-b8981f085de20_2026-10-10-16-11_backup_uploads.part004.zip,.pdf,original/referenced,True,False,1
wp-content/uploads/2023/11/BP-PV-Mandichosees-Fachbeitrag-Artenschutz-pdf-724x1024.jpg,50643,34fe6187aad82adbe801a44463e187ff23672ebe1eb07528517648ef7a6f0970,www.gemeinde-merching.de_wpvivid-b8981f085de20_2026-10-10-16-11_backup_uploads.part004.zip,.jpg,generated thumbnail,False,True,0
wp-content/uploads/2023/11/BP-PV-Mandichosee_Teil-B_Festsetzungen-2023-10-26-pdf-106x150.jpg,5815,47ed2fa2c2ff30e3fd0df09a5d62263a4e2118a4a1c94325d1fe1ba85e3b55bd,www.gemeinde-merching.de_wpvivid-b8981f085de20_2026-10-10-16-11_backup_uploads.part004.zip,.jpg,generated thumbnail,False,True,0
wp-content/uploads/2023/11/FNP-PV-Mandichosee_Teil-A_Planzeichnung-2023-10-26.pdf,2693384,df7cca7b5a1a0ac83b1a83c6e5f5bf237cbc19ad722947b3ee38bf5ebc2c4af6,www.gemeinde-merching.de_wpvivid-b8981f085de20_2026-10-10-16-11_backup_uploads.part004.zip,.pdf,original/referenced,True,False,0
wp-content/uploads/2023/11/Case-300x225.jpg,7203,f4d42e09be3417d27510c242af55ced7861f0e2dd2b542dfd3442ed1bf0192b1,www.gemeinde-merching.de_wpvivid-b8981f085de20_2026-10-10-16-11_backup_uploads.part004.zip,.jpg,generated thumbnail,False,True,0
wp-content/uploads/2023/11/FNP-PV-Mandichosee_Teil-A_Planzeichnung-2023-10-26-pdf-300x264.jpg,17505,050f055fadc560cbd29cdfd00280536e3b4f9c79d0779bde43ca27733c96ce66,www.gemeinde-merching.de_wpvivid-b8981f085de20_2026-10-10-16-11_backup_uploads.part004.zip,.jpg,generated thumbnail,False,True,0
wp-content/uploads/2023/11/EWS_Satzung_2022-pdf-742x1024.jpg,98677,2fe5df5d7f447a2fc2bbb1fb458f7887cf203c8f8736c1d81d7d9ea72e034064,www.gemeinde-merching.de_wpvivid-b8981f085de20_2026-10-10-16-11_backup_uploads.part004.zip,.jpg,generated thumbnail,False,True,0
wp-content/uploads/2023/11/Abschaffung-des-Kinderreisepasses-zum-01.01.2024-1.pdf,134976,7cecbb849025cc06fcf9380dfd3cfe856df0f7bca6f12a0fcb857badd106c673,www.gemeinde-merching.de_wpvivid-b8981f085de20_2026-10-10-16-11_backup_uploads.part004.zip,.pdf,original/referenced,True,False,1
wp-content/uploads/2023/11/EWS_Satzung_2022-pdf.jpg,206472,168cec79f02c3f4ea548a2754bd3e0a252620d8a54e29863eac144067bc90f5d,www.gemeinde-merching.de_wpvivid-b8981f085de20_2026-10-10-16-11_backup_uploads.part004.zip,.jpg,generated thumbnail,False,False,0
wp-content/uploads/2023/11/Leseclub-Merching.pdf,725638,52bcccee654fad1a8618a4c5ff2764737d89f2791f41c244d6ea8fc4ad34341a,www.gemeinde-merching.de_wpvivid-b8981f085de20_2026-10-10-16-11_backup_uploads.part004.zip,.pdf,original/referenced,True,False,0
wp-content/uploads/2023/11/BP-PV-Mandichosees-Fachbeitrag-Artenschutz-pdf.jpg,98496,4b9206dceda8ead3bdecdc06fda3085f363acc1410de8ec6fd2da991f552f570,www.gemeinde-merching.de_wpvivid-b8981f085de20_2026-10-10-16-11_backup_uploads.part004.zip,.jpg,generated thumbnail,False,False,0
wp-content/uploads/2023/11/BP-PV-Mandichosee_Teil-C_Begruendung-mit-Umweltbericht-2023-10-26-pdf-212x300.jpg,9723,aeabf606369c324c3a4124657ab7666b55cc35986d0c4adc9ad5774ceb965461,www.gemeinde-merching.de_wpvivid-b8981f085de20_2026-10-10-16-11_backup_uploads.part004.zip,.jpg,generated thumbnail,False,True,0
wp-content/uploads/2023/11/FNP-PV-Mandichosee_Teil-A_Planzeichnung-2023-10-26-pdf-150x132.jpg,7931,ed3ae1ed50f5a4319b58190250a9d45dfb25dc0fca29454cfdff8946fec8c019,www.gemeinde-merching.de_wpvivid-b8981f085de20_2026-10-10-16-11_backup_uploads.part004.zip,.jpg,generated thumbnail,False,True,0
wp-content/uploads/2023/11/Case-150x150.jpg,3556,2fcb4d65fe272acc0646241e59f03a0a220d393ee889fac3dd159199a1c316f5,www.gemeinde-merching.de_wpvivid-b8981f085de20_2026-10-10-16-11_backup_uploads.part004.zip,.jpg,generated thumbnail,False,True,0
wp-content/uploads/2023/11/EWS_Satzung_2022-pdf-217x300.jpg,13280,4191f1b641d19c0dbb48997d77de3ca585062ddbe819160d299e56dd2a52c8b9,www.gemeinde-merching.de_wpvivid-b8981f085de20_2026-10-10-16-11_backup_uploads.part004.zip,.jpg,generated thumbnail,False,True,0
wp-content/uploads/2023/11/BP-PV-Mandichosee_Teil-B_Festsetzungen-2023-10-26-pdf-724x1024.jpg,49950,c9bb03916368b89ac2a1b418548a6d4377cf5e605fa0698bda1f268298be3653,www.gemeinde-merching.de_wpvivid-b8981f085de20_2026-10-10-16-11_backup_uploads.part004.zip,.jpg,generated thumbnail,False,True,0
wp-content/uploads/2023/11/FNP-PV-Mandichosee_Teil-B_Begruendung-m.-Umweltbericht-2023-10-26-pdf-724x1024.jpg,49852,8c34fd157866f9745a562ac6505e48243339707e97b0c66c07c77a983b0e8525,www.gemeinde-merching.de_wpvivid-b8981f085de20_2026-10-10-16-11_backup_uploads.part004.zip,.jpg,generated thumbnail,False,True,0
wp-content/uploads/2023/11/EWS_Satzung_2022-pdf-109x150.jpg,6274,3c5b1f8457d9ccf6cfdedf70cee672d709bf3f2e47d21326da7f281ee8830854,www.gemeinde-merching.de_wpvivid-b8981f085de20_2026-10-10-16-11_backup_uploads.part004.zip,.jpg,generated thumbnail,False,True,0
wp-content/uploads/2023/11/BP-PV-Mandichosee_Teil-C_Begruendung-mit-Umweltbericht-2023-10-26-pdf.jpg,97595,9a2b59f77d5a02b4429f4fc8aedf43087323dc492c19ed1040fe9ca5ee3e832c,www.gemeinde-merching.de_wpvivid-b8981f085de20_2026-10-10-16-11_backup_uploads.part004.zip,.jpg,generated thumbnail,False,False,0
wp-content/uploads/2023/11/Abschaffung-des-Kinderreisepasses-zum-01.01.2024-pdf.jpg,199323,baea35d15968917e684075fbe2a8a8f32ae7a8831b56a53cb515b5c9cabded2b,www.gemeinde-merching.de_wpvivid-b8981f085de20_2026-10-10-16-11_backup_uploads.part004.zip,.jpg,generated thumbnail,False,False,0
wp-content/uploads/2023/11/BP-PV-Mandichosee_Teil-A_Planzeichnung-2023-10-26-pdf-300x165.jpg,13351,607ff1b5beec885e4229855ee7cc03d5014060bd1de32bf1643da5e9ed83f62d,www.gemeinde-merching.de_wpvivid-b8981f085de20_2026-10-10-16-11_backup_uploads.part004.zip,.jpg,generated thumbnail,False,True,0
wp-content/uploads/2023/11/Abschaffung-des-Kinderreisepasses-zum-01.01.2024-1-pdf-724x1024.jpg,101476,1c6e248d57aafda7f79e20f4288405ae79afdffc060c929dfc03d39321751762,www.gemeinde-merching.de_wpvivid-b8981f085de20_2026-10-10-16-11_backup_uploads.part004.zip,.jpg,generated thumbnail,False,True,0
wp-content/uploads/2023/11/FNP-PV-Mandichosee_Teil-B_Begruendung-m.-Umweltbericht-2023-10-26.pdf,1414844,c07afddc2276a1a7243b32d4a60815fcf1128381041de8e2644393d6b7a31947,www.gemeinde-merching.de_wpvivid-b8981f085de20_2026-10-10-16-11_backup_uploads.part004.zip,.pdf,original/referenced,True,False,0
wp-content/uploads/2023/11/Leseclub-Merching-pdf.jpg,193154,651ae5772ac3870a865fb5b77121bdd38891d21806646ce83811216373baa373,www.gemeinde-merching.de_wpvivid-b8981f085de20_2026-10-10-16-11_backup_uploads.part004.zip,.jpg,generated thumbnail,False,False,0
wp-content/uploads/2023/11/BGS_WAS_Satzung_2022-pdf-743x1024.jpg,74270,024f430931da83ea2f1ceae6fc118f939eb1e53564076fffa8167dfb278d5404,www.gemeinde-merching.de_wpvivid-b8981f085de20_2026-10-10-16-11_backup_uploads.part004.zip,.jpg,generated thumbnail,False,True,0
wp-content/uploads/2023/11/BP-PV-Mandichosees-Fachbeitrag-Artenschutz.pdf,2493347,24ef4260ebf6ad40ca2411bca03c1af58e780ba517be80e15a254f60a37af273,www.gemeinde-merching.de_wpvivid-b8981f085de20_2026-10-10-16-11_backup_uploads.part004.zip,.pdf,original/referenced,True,False,0
wp-content/uploads/2023/11/FNP-PV-Mandichosee_Teil-A_Planzeichnung-2023-10-26-pdf.jpg,1172360,b560a31f93fd500728c24ea3fdecd4f1fe8edf9f1630b344717fc52f54574354,www.gemeinde-merching.de_wpvivid-b8981f085de20_2026-10-10-16-11_backup_uploads.part004.zip,.jpg,generated thumbnail,False,False,0
wp-content/uploads/2023/11/Satzung_WAS_2022-pdf-218x300.jpg,12283,1bc4cb100fc1329cc4d41794ad6faa75c31023d4ce257dca0974e67e7c9cec4e,www.gemeinde-merching.de_wpvivid-b8981f085de20_2026-10-10-16-11_backup_uploads.part004.zip,.jpg,generated thumbnail,False,True,0
wp-content/uploads/2023/11/Satzung_WAS_2022-pdf-743x1024.jpg,91502,7fa0d0f9cc21f1d993b0973a79c94c152241356f31b55e6c696be70028080d23,www.gemeinde-merching.de_wpvivid-b8981f085de20_2026-10-10-16-11_backup_uploads.part004.zip,.jpg,generated thumbnail,False,True,0
wp-content/uploads/2023/11/BGS_WAS_Satzung_2022.pdf,4957219,8a4b70338b0ac256c760e6e57343256b8b1fe395c37a2b3e12473c9051a17f6f,www.gemeinde-merching.de_wpvivid-b8981f085de20_2026-10-10-16-11_backup_uploads.part005.zip,.pdf,original/referenced,True,False,0
wp-content/uploads/2023/11/Amtsblatt-11-2023Jahrg.-78-Nr.-11-pdf-212x300.jpg,9744,9afd613e173a4efd46d077c153c65c1297ad18168c9761ee074aa698f9781a0a,www.gemeinde-merching.de_wpvivid-b8981f085de20_2026-10-10-16-11_backup_uploads.part005.zip,.jpg,generated thumbnail,False,True,0
wp-content/uploads/2023/11/BGS_WAS_Satzung_2022-pdf-218x300.jpg,11020,5ee8d89b9fbf7745efcc0866bf5ad08b41f03498cfdf53246727d8adb7eae20c,www.gemeinde-merching.de_wpvivid-b8981f085de20_2026-10-10-16-11_backup_uploads.part005.zip,.jpg,generated thumbnail,False,True,0
wp-content/uploads/2023/11/Amtsblatt-11-2023Jahrg.-78-Nr.-11-pdf-724x1024.jpg,59320,f5d69f63c611832ffc80f26d3b71f82fcc81e3629fb8c3297621a1016d3eefa6,www.gemeinde-merching.de_wpvivid-b8981f085de20_2026-10-10-16-11_backup_uploads.part005.zip,.jpg,generated thumbnail,False,True,0
wp-content/uploads/2023/11/FNP-PV-Mandichosee_Teil-B_Begruendung-m.-Umweltbericht-2023-10-26-pdf-212x300.jpg,9847,ba685edcbf1a0a7fb09fd024be698bfad893d812423026334022e4c3950cf9d5,www.gemeinde-merching.de_wpvivid-b8981f085de20_2026-10-10-16-11_backup_uploads.part005.zip,.jpg,generated thumbnail,False,True,0
wp-content/uploads/2023/11/Amtsblatt-11-2023Jahrg.-78-Nr.-11-pdf-106x150.jpg,4987,c71d6855ac7194c6bbbd46d19f76bf26945913bc5c1bebf76b53a2b39362ee89,www.gemeinde-merching.de_wpvivid-b8981f085de20_2026-10-10-16-11_backup_uploads.part005.zip,.jpg,generated thumbnail,False,True,0
wp-content/uploads/2023/11/Abschaffung-des-Kinderreisepasses-zum-01.01.2024-1-pdf-212x300.jpg,14148,004ace3cc6f041d1b17411bdfbe8cbb104145d76d5d322a06d138da88bf2f18d,www.gemeinde-merching.de_wpvivid-b8981f085de20_2026-10-10-16-11_backup_uploads.part005.zip,.jpg,generated thumbnail,False,True,0
wp-content/uploads/2023/11/Abschaffung-des-Kinderreisepasses-zum-01.01.2024-pdf-724x1024.jpg,101476,1c6e248d57aafda7f79e20f4288405ae79afdffc060c929dfc03d39321751762,www.gemeinde-merching.de_wpvivid-b8981f085de20_2026-10-10-16-11_backup_uploads.part005.zip,.jpg,generated thumbnail,False,True,0
wp-content/uploads/2023/11/BP-PV-Mandichosee_Teil-A_Planzeichnung-2023-10-26-pdf-150x82.jpg,6969,26cab6a178cbec9b41828061e1be11b863e45ccadf5fe7bb70004066571dea91,www.gemeinde-merching.de_wpvivid-b8981f085de20_2026-10-10-16-11_backup_uploads.part005.zip,.jpg,generated thumbnail,False,True,0
wp-content/uploads/2023/11/BP-PV-Mandichosee_Teil-B_Festsetzungen-2023-10-26-pdf-212x300.jpg,9709,bfa8bf26818adfb20e1fa4f10a25e35b4e797b88e74d3b130d48ae0fccef75bd,www.gemeinde-merching.de_wpvivid-b8981f085de20_2026-10-10-16-11_backup_uploads.part005.zip,.jpg,generated thumbnail,False,True,0
wp-content/uploads/2023/11/BP-PV-Mandichosees-Fachbeitrag-Artenschutz-pdf-106x150.jpg,5210,38fdc7836740a123f6c90fa3ec804347d3a1e1d9a4d78c0c47fc0200ef34c1f3,www.gemeinde-merching.de_wpvivid-b8981f085de20_2026-10-10-16-11_backup_uploads.part005.zip,.jpg,generated thumbnail,False,True,0
wp-content/uploads/2023/11/FNP-PV-Mandichosee_Teil-A_Planzeichnung-2023-10-26-pdf-1024x900.jpg,128427,5aa25626f1e958cd211fad88c13ae288746b4b548423c2ed4a786113cde4f7c4,www.gemeinde-merching.de_wpvivid-b8981f085de20_2026-10-10-16-11_backup_uploads.part005.zip,.jpg,generated thumbnail,False,True,0
wp-content/uploads/2023/04/Amtsblatt-04-2023Jahrg.-78-Nr.-4-pdf-212x300.jpg,11839,6f8e45bbeb83cfe1d7ddd82348dbf1bc88ed572b3798667f1079c7cd3e7a8f60,www.gemeinde-merching.de_wpvivid-b8981f085de20_2026-10-10-16-11_backup_uploads.part005.zip,.jpg,generated thumbnail,False,True,0
wp-content/uploads/2023/04/Amtsblatt-04-2023Jahrg.-78-Nr.-4-pdf-724x1024.jpg,77491,cef14b958fbed2841787833ccbc6e39e5d1445e8515cc78942c121bab2f84bde,www.gemeinde-merching.de_wpvivid-b8981f085de20_2026-10-10-16-11_backup_uploads.part005.zip,.jpg,generated thumbnail,False,True,0
wp-content/uploads/2023/04/Aushang-Homepage-pdf-212x300.jpg,5800,84eb26b0ba161ab649b207163483b9a68a33493642c2ce1c1f0c812574ad67bd,www.gemeinde-merching.de_wpvivid-b8981f085de20_2026-10-10-16-11_backup_uploads.part005.zip,.jpg,generated thumbnail,False,True,0
wp-content/uploads/2023/04/Aushang-Homepage.docx,225487,22a092cf844f69974f95aa8fc46d6c38ee36f9cba70830ae92156bdf8e155f69,www.gemeinde-merching.de_wpvivid-b8981f085de20_2026-10-10-16-11_backup_uploads.part005.zip,.docx,original/referenced,True,False,0
wp-content/uploads/2023/04/Amtsblatt-04-2023Jahrg.-78-Nr.-4.pdf,337503,8e64e50856bc369ff8dc86fcd31022853aa0a5ae7b10daf24ab8d54b70463f6e,www.gemeinde-merching.de_wpvivid-b8981f085de20_2026-10-10-16-11_backup_uploads.part005.zip,.pdf,original/referenced,True,False,0
wp-content/uploads/2023/04/Amtsblatt-04-2023Jahrg.-78-Nr.-4a-pdf-212x300.jpg,8768,4221b70cc1edf976efbd8950b07d99cfdbce9fc569a7f199e4b50d1fd6f2088d,www.gemeinde-merching.de_wpvivid-b8981f085de20_2026-10-10-16-11_backup_uploads.part005.zip,.jpg,generated thumbnail,False,True,0
wp-content/uploads/2023/04/Amtsblatt-04-2023Jahrg.-78-Nr.-4a-pdf.jpg,90007,6439e408efcc13c1ff7c6b60510a8b7d535aff17404a17b4b7e4e0ea046233c1,www.gemeinde-merching.de_wpvivid-b8981f085de20_2026-10-10-16-11_backup_uploads.part005.zip,.jpg,generated thumbnail,False,False,0
wp-content/uploads/2023/04/Aushang-Homepage.pdf,139976,6f9a5b21d40a8a9e41368863202e509308a1459b4b76f9fc2524661fe7be37e4,www.gemeinde-merching.de_wpvivid-b8981f085de20_2026-10-10-16-11_backup_uploads.part005.zip,.pdf,original/referenced,True,False,0
wp-content/uploads/2023/04/Aushang-Homepage-pdf-724x1024.jpg,16142,56104fd4c4f5c2ce35e223caa3918d045f7d040d06343802778840567e9de72a,www.gemeinde-merching.de_wpvivid-b8981f085de20_2026-10-10-16-11_backup_uploads.part005.zip,.jpg,generated thumbnail,False,True,0
wp-content/uploads/2023/04/Amtsblatt-04-2023Jahrg.-78-Nr.-4a.pdf,290829,0c36b3c3b18d6c7c09b0fe9548487a798550e1a4642d42bedd6295284d70447a,www.gemeinde-merching.de_wpvivid-b8981f085de20_2026-10-10-16-11_backup_uploads.part005.zip,.pdf,original/referenced,True,False,0
wp-content/uploads/2023/04/Aushang-Homepage-pdf-106x150.jpg,4528,1e4a7dcdb4251b7a19b90292097a580abd8aeb578f312f70bc69dd92dc5157e4,www.gemeinde-merching.de_wpvivid-b8981f085de20_2026-10-10-16-11_backup_uploads.part005.zip,.jpg,generated thumbnail,False,True,0
wp-content/uploads/2023/04/Amtsblatt-04-2023Jahrg.-78-Nr.-4-pdf-106x150.jpg,5528,4a95e92e25f54bfdaa34fa4a632a75189627679607ff674b5742b48ee2bd60b0,www.gemeinde-merching.de_wpvivid-b8981f085de20_2026-10-10-16-11_backup_uploads.part005.zip,.jpg,generated thumbnail,False,True,0
wp-content/uploads/2023/04/Amtsblatt-04-2023Jahrg.-78-Nr.-4-pdf.jpg,150807,59a8d264dd1e7ef95f75ff2a1b551dc34aa0e5ef161beb1514758efb92e8b5ca,www.gemeinde-merching.de_wpvivid-b8981f085de20_2026-10-10-16-11_backup_uploads.part005.zip,.jpg,generated thumbnail,False,False,0
wp-content/uploads/2023/04/Amtsblatt-04-2023Jahrg.-78-Nr.-4a-pdf-724x1024.jpg,47820,c1f60df48c776e94e5c7bb3052c8907df9587c1e9361a661717a240f8da81af8,www.gemeinde-merching.de_wpvivid-b8981f085de20_2026-10-10-16-11_backup_uploads.part005.zip,.jpg,generated thumbnail,False,True,0
wp-content/uploads/2023/04/Amtsblatt-04-2023Jahrg.-78-Nr.-4a-pdf-106x150.jpg,4768,b3b152d21c9cbca14f94849184664c92a78881f50aa5e72b99a122ec6df9eac3,www.gemeinde-merching.de_wpvivid-b8981f085de20_2026-10-10-16-11_backup_uploads.part005.zip,.jpg,generated thumbnail,False,True,0
wp-content/uploads/2023/04/Aushang-Homepage-pdf.jpg,28075,c69bf167fc83091df9440dd1732d6d47475893a4f5072fdc8244bdb70472742e,www.gemeinde-merching.de_wpvivid-b8981f085de20_2026-10-10-16-11_backup_uploads.part005.zip,.jpg,generated thumbnail,False,False,0
wp-content/uploads/2023/03/Rama-Dama-Hochdorf-pdf-106x150.jpg,5807,c851ae9596abcceb1e928248ee314f66906cff652e6882236a5f0091f5bb97cb,www.gemeinde-merching.de_wpvivid-b8981f085de20_2026-10-10-16-11_backup_uploads.part005.zip,.jpg,generated thumbnail,False,True,0
wp-content/uploads/2023/03/Rama-Dama-Hochdorf-pdf.jpg,158702,46eac7a4f29e96118ab1449c72314ff8704499ee53a83197bfb1881dd3c108ef,www.gemeinde-merching.de_wpvivid-b8981f085de20_2026-10-10-16-11_backup_uploads.part005.zip,.jpg,generated thumbnail,False,False,0
wp-content/uploads/2023/03/Rama-Dama-Hochdorf-pdf-212x300.jpg,11131,70d5d7eeb51d9dcf805ab6da08370d707e06b776665e7c7fd495241c35941221,www.gemeinde-merching.de_wpvivid-b8981f085de20_2026-10-10-16-11_backup_uploads.part005.zip,.jpg,generated thumbnail,False,True,0
wp-content/uploads/2023/03/Rama-Dama-Hochdorf-pdf-724x1024.jpg,72596,36d6baa034755de18b63ffc5e734d03ab1107b901a690d856f48b6e4697b2f72,www.gemeinde-merching.de_wpvivid-b8981f085de20_2026-10-10-16-11_backup_uploads.part005.zip,.jpg,generated thumbnail,False,True,0
wp-content/uploads/2023/03/Rama-Dama-Hochdorf.pdf,394644,e83dc099af088919d9bf34af4018c89dab7e070be002e5330059ecf28d15c59c,www.gemeinde-merching.de_wpvivid-b8981f085de20_2026-10-10-16-11_backup_uploads.part005.zip,.pdf,original/referenced,True,False,0
wp-content/uploads/2023/01/Vorkaufsrechtssatzung-31-01-2023.pdf,181616,7b6f665c82e0706c2e0858948d8bbcd0d1395f0a65bee5a08c6fe4d73ce07476,www.gemeinde-merching.de_wpvivid-b8981f085de20_2026-10-10-16-11_backup_uploads.part005.zip,.pdf,original/referenced,True,False,0
wp-content/uploads/2023/01/Vorkaufsrechtssatzung-31-01-2023-pdf-212x300.jpg,17864,73aac0d1fe83e28988fc63e27705ad24385cf1fe499706187801975d1d929847,www.gemeinde-merching.de_wpvivid-b8981f085de20_2026-10-10-16-11_backup_uploads.part005.zip,.jpg,generated thumbnail,False,True,0
wp-content/uploads/2023/01/Vorkaufsrechtssatzung-31-01-2023-pdf.jpg,245021,0e3238f23be799536a1750e742bfb3e9e22fe46cb6423d7bb4bc6086267908d4,www.gemeinde-merching.de_wpvivid-b8981f085de20_2026-10-10-16-11_backup_uploads.part005.zip,.jpg,generated thumbnail,False,False,0
wp-content/uploads/2023/01/Amtsblatt-01-2023Jahrg.-78-Nr.-01-pdf-212x300.jpg,11985,acf7919b75cd67871eb05f3e5e5b69155ec8dc3c97ac16bf85da76f5f870d09e,www.gemeinde-merching.de_wpvivid-b8981f085de20_2026-10-10-16-11_backup_uploads.part005.zip,.jpg,generated thumbnail,False,True,0
wp-content/uploads/2023/01/Amtsblatt-01-2023Jahrg.-78-Nr.-01-pdf.jpg,157967,1c495d466eda4577462940620ec7b1d4f4f68158bc76d8f5c6b2d1684b40ea9a,www.gemeinde-merching.de_wpvivid-b8981f085de20_2026-10-10-16-11_backup_uploads.part005.zip,.jpg,generated thumbnail,False,False,0
wp-content/uploads/2023/01/Amtsblatt-01-2023Jahrg.-78-Nr.-01.pdf,328515,039ccd1722c091a6c8bb47829656c44b5cfbd611893bceea6d7874d6cc226ff0,www.gemeinde-merching.de_wpvivid-b8981f085de20_2026-10-10-16-11_backup_uploads.part005.zip,.pdf,original/referenced,True,False,0
wp-content/uploads/2023/01/Amtsblatt-01-2023Jahrg.-78-Nr.-01-pdf-106x150.jpg,5576,f18e4b1dd11906b2eb25e7141f37e03d9ef6c3aaed48b6f44a30e600b819ac1a,www.gemeinde-merching.de_wpvivid-b8981f085de20_2026-10-10-16-11_backup_uploads.part005.zip,.jpg,generated thumbnail,False,True,0
wp-content/uploads/2023/01/Vorkaufsrechtssatzung-31-01-2023-pdf-724x1024.jpg,121639,e97f04822941425c2c7aed2916462ef037522e36a4a9457f16a5b7d6b02489fc,www.gemeinde-merching.de_wpvivid-b8981f085de20_2026-10-10-16-11_backup_uploads.part005.zip,.jpg,generated thumbnail,False,True,0
wp-content/uploads/2023/01/Vorkaufsrechtssatzung-31-01-2023-pdf-106x150.jpg,7511,769fb5d1c75a4c06ebb2a5ea929d7235f7e96a4fba46c1bcb6d39b2edbcdddd8,www.gemeinde-merching.de_wpvivid-b8981f085de20_2026-10-10-16-11_backup_uploads.part005.zip,.jpg,generated thumbnail,False,True,0
wp-content/uploads/2023/01/Amtsblatt-01-2023Jahrg.-78-Nr.-01-pdf-724x1024.jpg,80077,f57b245c05293a14426aec8a6f7b55b9562e00836d311cb7f7ef534d453da87f,www.gemeinde-merching.de_wpvivid-b8981f085de20_2026-10-10-16-11_backup_uploads.part005.zip,.jpg,generated thumbnail,False,True,0
wp-content/uploads/2023/06/Stellungnahme-fruehz.-Beteiligung_LRA-fuer-BP_Abwaegung-29.06.2023-pdf-107x150.jpg,5030,ccc214f736fb90f1e9733d867e12bbf4fb87576277672c5367025b6b13446234,www.gemeinde-merching.de_wpvivid-b8981f085de20_2026-10-10-16-11_backup_uploads.part005.zip,.jpg,generated thumbnail,False,True,0
wp-content/uploads/2023/06/Stellungnahme-fruehz.-Beteiligung_WWA_Abwaegung-29.06.2023-pdf.jpg,178782,85bcd575fe0bef43d4d30e48aac8c9b9c89b7b56667d507c454882ab2a2293a2,www.gemeinde-merching.de_wpvivid-b8981f085de20_2026-10-10-16-11_backup_uploads.part005.zip,.jpg,generated thumbnail,False,False,0
wp-content/uploads/2023/06/Aufhebung_BP_Nr3a_Begruendung_Entwurf_20230504-pdf-724x1024.jpg,13716,6c17d8807c47b8491dffd3c71f1b966b9c33504b541511675d54981e558c70ac,www.gemeinde-merching.de_wpvivid-b8981f085de20_2026-10-10-16-11_backup_uploads.part005.zip,.jpg,generated thumbnail,False,True,0
wp-content/uploads/2023/06/FNP-PV-Merching_Begruendung-mit-Umweltbericht-Teil-B_03-29.06.2023-pdf-212x300.jpg,11501,aa870456523368b4d73463bbda1f3e47b1247506005d374e97f791309135e8d1,www.gemeinde-merching.de_wpvivid-b8981f085de20_2026-10-10-16-11_backup_uploads.part005.zip,.jpg,generated thumbnail,False,True,0
wp-content/uploads/2023/06/Stellungnahme-fruehz.-Beteiligung_Regierung-v.-Schwaben_Abwaegung-29.06.2023-pdf.jpg,187133,6b2f3a7cc6108697686310d1cd0383ada7c12b34af6e806dd1d933c8d9c60ee4,www.gemeinde-merching.de_wpvivid-b8981f085de20_2026-10-10-16-11_backup_uploads.part005.zip,.jpg,generated thumbnail,False,False,0
wp-content/uploads/2023/06/Antrag-Fahrkarte-pdf-724x1024.jpg,98160,233debb3c9843831c159e26690d175d463d39671cf525d15344e8eb18ed7cb01,www.gemeinde-merching.de_wpvivid-b8981f085de20_2026-10-10-16-11_backup_uploads.part005.zip,.jpg,generated thumbnail,False,True,0
wp-content/uploads/2023/06/Stellungnahme-fruehz.-Beteiligung_Denkmalpflege_Abwaegung-29.06.2023-1-pdf-106x150.jpg,4538,a4cb27010d7bc0b747e946febb7330df13d9e07088c7dfc95e7eac815ffa9b8b,www.gemeinde-merching.de_wpvivid-b8981f085de20_2026-10-10-16-11_backup_uploads.part005.zip,.jpg,generated thumbnail,False,True,0
wp-content/uploads/2023/06/BP34_Oestl_Nebelhornstrasse_Begruendung_Entwurf_2023-05-04-pdf-724x1024.jpg,42390,8138219cbc7c075b59b221f0f08d3862ab41dfab83837ce1bce5ac51784b9b47,www.gemeinde-merching.de_wpvivid-b8981f085de20_2026-10-10-16-11_backup_uploads.part005.zip,.jpg,generated thumbnail,False,True,0
wp-content/uploads/2023/06/PV-Merching_Kartierung-2023-04-27-29.06.2023-pdf-106x150.jpg,6659,fcfa21bac68adebfa1a3c62015d0b1979182aa62815e83d46cd60d0ad5c51ae5,www.gemeinde-merching.de_wpvivid-b8981f085de20_2026-10-10-16-11_backup_uploads.part005.zip,.jpg,generated thumbnail,False,True,0
wp-content/uploads/2023/06/Stellungnahme-fruehz.-Beteiligung_LRA-fuer-BP_Abwaegung-29.06.2023-pdf-214x300.jpg,14457,ad15ef5cfb044f0592bb55fe9233bd9e26ca1c3521b097457660cc09be4721cd,www.gemeinde-merching.de_wpvivid-b8981f085de20_2026-10-10-16-11_backup_uploads.part005.zip,.jpg,generated thumbnail,False,True,0
wp-content/uploads/2023/06/PV-Merching_Kartierung-2023-04-27-29.06.2023-pdf-212x300.jpg,13308,7f52163cfafd762fc0b9e9252c2f18cac65789b87066b73f441bb11737b1571d,www.gemeinde-merching.de_wpvivid-b8981f085de20_2026-10-10-16-11_backup_uploads.part005.zip,.jpg,generated thumbnail,False,True,0
wp-content/uploads/2023/06/Wahlheler_Anmeldeformular-pdf-106x150.jpg,4210,e9cbc8e854be52d91be41fa05a362d7b53261ce2e122211651508336f20a5844,www.gemeinde-merching.de_wpvivid-b8981f085de20_2026-10-10-16-11_backup_uploads.part005.zip,.jpg,generated thumbnail,False,True,0
wp-content/uploads/2023/06/Stellungnahme-fruehz.-Beteiligung_Regierung-v.-Schwaben_Abwaegung-29.06.2023-pdf-212x300.jpg,12982,d3eb78315e3f3b76d6dacfb643b25d4293d041aa8a14ce6bb28816028a590001,www.gemeinde-merching.de_wpvivid-b8981f085de20_2026-10-10-16-11_backup_uploads.part005.zip,.jpg,generated thumbnail,False,True,0
wp-content/uploads/2023/06/Stellungnahme-fruehz.-Beteiligung_Regierung-v.-Schwaben_Abwaegung-29.06.2023.pdf,624376,d67639d39646af760f93682d66a56ed7b6723cf7e200dd4e7e21027a04dfa91b,www.gemeinde-merching.de_wpvivid-b8981f085de20_2026-10-10-16-11_backup_uploads.part005.zip,.pdf,original/referenced,True,False,0
wp-content/uploads/2023/06/Wahlheler_Anmeldeformular-pdf-724x1024.jpg,12559,cfc61ac5bf83e69473b015a073c824a9b81a88ee49825976f088e01e37f8689b,www.gemeinde-merching.de_wpvivid-b8981f085de20_2026-10-10-16-11_backup_uploads.part005.zip,.jpg,generated thumbnail,False,True,0
wp-content/uploads/2023/06/5.-Aend.-Flaechennutzunngs-u.-Landschaftsplan-u.-Aufstell.-d.-vorhabensbez.-BP-Nr.-39-SG-Photovoltaikanl.-oestl.-der-Schmiechach-pdf-724x1024.jpg,134657,c2ea894ed520096b23e2fd7a64c7b453599b4ad720197954665c7f6d418dc7b2,www.gemeinde-merching.de_wpvivid-b8981f085de20_2026-10-10-16-11_backup_uploads.part005.zip,.jpg,generated thumbnail,False,True,0
wp-content/uploads/2023/06/IMG_3237-300x225.jpg,30575,261b7c35470f6fd4bd12e7769bb69524c03f13069e2c9b658a694e094b07891b,www.gemeinde-merching.de_wpvivid-b8981f085de20_2026-10-10-16-11_backup_uploads.part005.zip,.jpg,original/referenced,False,True,1
wp-content/uploads/2023/06/Antrag-Fahrkarte-pdf-212x300.jpg,14911,0c3c2d17a947729c6ff6b121bf4f0467ffdda49ff34c83655b58a12d9910d200,www.gemeinde-merching.de_wpvivid-b8981f085de20_2026-10-10-16-11_backup_uploads.part005.zip,.jpg,generated thumbnail,False,True,0
wp-content/uploads/2023/06/IMG_3242-768x576.jpg,83904,1b95d693996662dcb3937d88762e91032e3648d95be8f85ac57e59f94b95d4d9,www.gemeinde-merching.de_wpvivid-b8981f085de20_2026-10-10-16-11_backup_uploads.part005.zip,.jpg,generated thumbnail,False,True,0
wp-content/uploads/2023/06/BP-PV-Merching-Planzeichnung-Teil-A-29.06.2023.pdf,451408,065eb0a29ab88f7ef83c670dcb26a30a791ff19dbd08d5a5e1c1e41ea88ed409,www.gemeinde-merching.de_wpvivid-b8981f085de20_2026-10-10-16-11_backup_uploads.part005.zip,.pdf,original/referenced,True,False,0
wp-content/uploads/2023/06/Aufhebung_BP_Nr3a_Anschreiben_TOeB_Bet_20230601-pdf.jpg,254918,b2736dd9d63c136fd7cdcbe507a5784348e4484c5715960dfaa475c8904fe8e6,www.gemeinde-merching.de_wpvivid-b8981f085de20_2026-10-10-16-11_backup_uploads.part005.zip,.jpg,generated thumbnail,False,False,0
wp-content/uploads/2023/06/Stellungnahme-fruehz.-Beteiligung_LRA-fuer-BP_Abwaegung-29.06.2023.pdf,1962458,9a188a418399bed4a0aba2632e4f7766e0c7b7cd5e3a6fe3e142ae24620ea6c4,www.gemeinde-merching.de_wpvivid-b8981f085de20_2026-10-10-16-11_backup_uploads.part005.zip,.pdf,original/referenced,True,False,0
wp-content/uploads/2023/06/BP34_Oestl_Nebelhornstrasse_Begruendung_Entwurf_2023-05-04-pdf-212x300.jpg,8932,0445e6a837e1daf5cf4a0306e0c829b5c9a457015b0c3c75d347718b665cf6cf,www.gemeinde-merching.de_wpvivid-b8981f085de20_2026-10-10-16-11_backup_uploads.part005.zip,.jpg,generated thumbnail,False,True,0
wp-content/uploads/2023/06/Stellungnahme-fruehz.-Beteiligung_Denkmalpflege_Abwaegung-29.06.2023.pdf,334830,2982616f1f01916907c91c1dc9416bdd84fa798a545642341d134e38af9a9b54,www.gemeinde-merching.de_wpvivid-b8981f085de20_2026-10-10-16-11_backup_uploads.part005.zip,.pdf,original/referenced,True,False,0
wp-content/uploads/2023/06/BP-PV-Merching_Festsetzungen-Teil-B-29.06.2023.pdf,400664,bb159bfa07785a397119c80038566cf2387a3c178a2ef119858b5afbf87c8553,www.gemeinde-merching.de_wpvivid-b8981f085de20_2026-10-10-16-11_backup_uploads.part005.zip,.pdf,original/referenced,True,False,0
wp-content/uploads/2023/06/BP-PV-Merching_Festsetzungen-Teil-B-29.06.2023-pdf.jpg,133760,95b13c4481d5da91dd65593f094faa12a1cdfa36e80573b5f2c87f1dd5e304a6,www.gemeinde-merching.de_wpvivid-b8981f085de20_2026-10-10-16-11_backup_uploads.part005.zip,.jpg,generated thumbnail,False,False,0
wp-content/uploads/2023/06/Wahlheler_Anmeldeformular.pdf,41549,ae10313f36285c3193e0eb30c66b666ac1a9a6ee627d188b7127c8f21d6b6bab,www.gemeinde-merching.de_wpvivid-b8981f085de20_2026-10-10-16-11_backup_uploads.part005.zip,.pdf,original/referenced,True,False,1
wp-content/uploads/2023/06/Aufhebung_BP_Nr3a_Begruendung_Entwurf_20230504-pdf-212x300.jpg,4791,b55d41cce0d711974435f3a25c48878090b82a5571987d5e9a84dafb6057f7f7,www.gemeinde-merching.de_wpvivid-b8981f085de20_2026-10-10-16-11_backup_uploads.part005.zip,.jpg,generated thumbnail,False,True,0
wp-content/uploads/2023/06/Stellungnahme-fruehz.-Beteiligung_Denkmalpflege_Abwaegung-29.06.2023-1-pdf.jpg,195730,a31e3c33d99739c6366301bb1fe4d8ae9ec6b8bfab2a12ea5022f9338a1f6127,www.gemeinde-merching.de_wpvivid-b8981f085de20_2026-10-10-16-11_backup_uploads.part005.zip,.jpg,generated thumbnail,False,False,0
wp-content/uploads/2023/06/FNP-PV-Merching_Begruendung-mit-Umweltbericht-Teil-B_03-29.06.2023-pdf-724x1024.jpg,71253,e85cbaaf12034619516c26284e801d7f23a11ba9263969048c15b3651255b4f5,www.gemeinde-merching.de_wpvivid-b8981f085de20_2026-10-10-16-11_backup_uploads.part005.zip,.jpg,generated thumbnail,False,True,0
wp-content/uploads/2023/06/Aufhebung_BP_Nr3a_Anschreiben_TOeB_Bet_20230601-pdf-212x300.jpg,13531,2b2f597bb18a6f6589000c78b1e9d7caa45c5c6bc622df18f92168ab5a230661,www.gemeinde-merching.de_wpvivid-b8981f085de20_2026-10-10-16-11_backup_uploads.part005.zip,.jpg,generated thumbnail,False,True,0
wp-content/uploads/2023/06/Aufhebung_BP_Nr3a_Begruendung_Entwurf_20230504-pdf-106x150.jpg,3697,c148e4c4530d9d763e695d477ba9edfd744cba3362c385983b38b8fee678ebf9,www.gemeinde-merching.de_wpvivid-b8981f085de20_2026-10-10-16-11_backup_uploads.part005.zip,.jpg,generated thumbnail,False,True,0
wp-content/uploads/2023/06/BP34_Oestl_Nebenhornstrasse_Planzeichnung_Entwurf_2023-05-04-pdf-300x157.jpg,14330,36ddd4d2d47be9e87b32ddba50f8a08e9b676a1b544a3085dad8fea37ab07b8a,www.gemeinde-merching.de_wpvivid-b8981f085de20_2026-10-10-16-11_backup_uploads.part005.zip,.jpg,generated thumbnail,False,True,0
wp-content/uploads/2023/06/Anschreiben_ToeB_ern_Bet_BP34_Oestl_Nebelhornstrasse_2023-06-01-pdf-212x300.jpg,13446,10ba5129e8f0c8db9e5485ee5fb08b0e799ed9c5382c93e6170c48216b9c04a4,www.gemeinde-merching.de_wpvivid-b8981f085de20_2026-10-10-16-11_backup_uploads.part005.zip,.jpg,generated thumbnail,False,True,0
wp-content/uploads/2023/06/BP-PV-Merching-Planzeichnung-Teil-A-29.06.2023-pdf-150x150.jpg,8816,d0ea3db3c7b5b402a3db03e5c484d9fa3d92bef569cbf0fcb0714f17d3b8a940,www.gemeinde-merching.de_wpvivid-b8981f085de20_2026-10-10-16-11_backup_uploads.part005.zip,.jpg,generated thumbnail,False,True,0
wp-content/uploads/2023/06/IMG_3237-1536x1152.jpg,308710,59c6078a8a50b45d83cd727d2a85eb9be7813730d41058be575b4124094d4b5f,www.gemeinde-merching.de_wpvivid-b8981f085de20_2026-10-10-16-11_backup_uploads.part005.zip,.jpg,generated thumbnail,False,True,1
wp-content/uploads/2023/06/Stellungnahme-fruehz.-Beteiligung_WWA_Abwaegung-29.06.2023.pdf,687973,b61ab77d78ddf6027282103104744598b18fef8d26288d51b2d5f5e9e1f28af0,www.gemeinde-merching.de_wpvivid-b8981f085de20_2026-10-10-16-11_backup_uploads.part005.zip,.pdf,original/referenced,True,False,0
wp-content/uploads/2023/06/Stellungnahme-fruehz.-Beteiligung_Regierung-v.-Schwaben_Abwaegung-29.06.2023-pdf-724x1024.jpg,96222,da6706b1d29ca42d7f3c7786fe8389a23cb441718e9c8c18b49fdfca03830b7a,www.gemeinde-merching.de_wpvivid-b8981f085de20_2026-10-10-16-11_backup_uploads.part005.zip,.jpg,generated thumbnail,False,True,0
wp-content/uploads/2023/06/IMG_3237-768x576.jpg,96169,c698d542fa82b99a1bb2b687c8ce30d69acbb6b992b49a0db19d34acb00982d9,www.gemeinde-merching.de_wpvivid-b8981f085de20_2026-10-10-16-11_backup_uploads.part005.zip,.jpg,generated thumbnail,False,True,1
wp-content/uploads/2023/06/Stellungnahme-fruehz.-Beteiligung_LRA-fuer-FNP_Abwaegung-29.06.2023-pdf-107x150.jpg,4776,b92763564acf7f242ab92aacf44341e4beaf7325fb294eedda6e49e98bd5a280,www.gemeinde-merching.de_wpvivid-b8981f085de20_2026-10-10-16-11_backup_uploads.part005.zip,.jpg,generated thumbnail,False,True,0
wp-content/uploads/2023/06/BP-PV-Merching_Begruendung-mit-Umweltbericht-Teil-C_07-29.06.2023-pdf.jpg,132410,719e1ec10b05828990feecb462b5025995096096d8b80ef0e227114c21df0855,www.gemeinde-merching.de_wpvivid-b8981f085de20_2026-10-10-16-11_backup_uploads.part005.zip,.jpg,generated thumbnail,False,False,0
wp-content/uploads/2023/06/Bekanntmachung_ern_oeff_Ausl_BPNr34_Oestl_Nebelhornstr-pdf-106x150.jpg,6570,6da7607f96c07706dd347b67a5b1f6d7f4495fecd6826645ea4658c5f02ec342,www.gemeinde-merching.de_wpvivid-b8981f085de20_2026-10-10-16-11_backup_uploads.part005.zip,.jpg,generated thumbnail,False,True,0
wp-content/uploads/2023/06/BP34_Oestl_Nebenhornstrasse_Planzeichnung_Entwurf_2023-05-04.pdf,897719,328758a3a98661adbb51f0a2bac41eb687507a69653972a02db965138cce3e88,www.gemeinde-merching.de_wpvivid-b8981f085de20_2026-10-10-16-11_backup_uploads.part005.zip,.pdf,original/referenced,True,False,0
wp-content/uploads/2023/06/IMG_3242-150x150.jpg,21243,1508a8ee38effd81696d8c0f6d81c37a1e389906ab967795dde7cdfec790349b,www.gemeinde-merching.de_wpvivid-b8981f085de20_2026-10-10-16-11_backup_uploads.part005.zip,.jpg,generated thumbnail,False,True,0
wp-content/uploads/2023/06/FNP-PV-Merching-Entwurf-Teil-A-29.06.2023-pdf-300x92.jpg,9837,60ce0b000c37c991bbd4075a4ae884472f26c427759705da3f586e5213ba2e2f,www.gemeinde-merching.de_wpvivid-b8981f085de20_2026-10-10-16-11_backup_uploads.part005.zip,.jpg,generated thumbnail,False,True,0
wp-content/uploads/2023/06/Datenschutzrechtliche-Informationspflichten-nach-Art.-13-und-14-DSGVO-29.06.2023-pdf-212x300.jpg,14371,1581b4f514287e188a23cef2706864c603426a66a6a47087fa1cb254157f2cc3,www.gemeinde-merching.de_wpvivid-b8981f085de20_2026-10-10-16-11_backup_uploads.part005.zip,.jpg,generated thumbnail,False,True,0
wp-content/uploads/2023/06/Amtsblatt-06-2023Jahrg.-78-Nr.-06-pdf.jpg,95664,29820fe2e31645487758621e40dbfcdee898a3755dc7d72c223a7477b71ca816,www.gemeinde-merching.de_wpvivid-b8981f085de20_2026-10-10-16-11_backup_uploads.part005.zip,.jpg,generated thumbnail,False,False,0
wp-content/uploads/2023/06/Stellungnahme-fruehz.-Beteiligung_Denkmalpflege_Abwaegung-29.06.2023-1-pdf-212x300.jpg,12276,5e42f2768931bac0488e12c20aa435003f2a0e7f32c0d9ab3be5bd4c6d729eab,www.gemeinde-merching.de_wpvivid-b8981f085de20_2026-10-10-16-11_backup_uploads.part005.zip,.jpg,generated thumbnail,False,True,0
wp-content/uploads/2023/06/Stellungnahme-fruehz.-Beteiligung_Regierung-v.-Schwaben_Abwaegung-29.06.2023-pdf-106x150.jpg,4939,bd1f663f74a6628a2eeab78c724f0fe205b248fe98220d0cdf3ed4c37d92be73,www.gemeinde-merching.de_wpvivid-b8981f085de20_2026-10-10-16-11_backup_uploads.part005.zip,.jpg,generated thumbnail,False,True,0
wp-content/uploads/2023/06/Datenschutzrechtliche-Informationspflichten-nach-Art.-13-und-14-DSGVO-29.06.2023-pdf-724x1024.jpg,124343,8b36fecea190a682477459145a582ff2e465262d01d3f5a8ea61627633da464b,www.gemeinde-merching.de_wpvivid-b8981f085de20_2026-10-10-16-11_backup_uploads.part005.zip,.jpg,generated thumbnail,False,True,0
wp-content/uploads/2023/06/FNP-PV-Merching_Begruendung-mit-Umweltbericht-Teil-B_03-29.06.2023-pdf.jpg,134660,11c14e28777d09a54888e230ca4f6065dc8c1d10422149bcb25615d14fbef804,www.gemeinde-merching.de_wpvivid-b8981f085de20_2026-10-10-16-11_backup_uploads.part005.zip,.jpg,generated thumbnail,False,False,0
wp-content/uploads/2023/06/Datenschutzrechtliche-Informationspflichten-nach-Art.-13-und-14-DSGVO-29.06.2023.pdf,892060,502317377dd9b1096c26ac7c0fded2fd0a52b39e21b99b7335a62f9dc79643d3,www.gemeinde-merching.de_wpvivid-b8981f085de20_2026-10-10-16-11_backup_uploads.part005.zip,.pdf,original/referenced,True,False,0
wp-content/uploads/2023/06/PV-Merching_Kartierung-2023-04-27-29.06.2023-pdf-724x1024.jpg,78237,675f623e29e7d5668b9410cd671488d523bbd42f51bfb01e275f085afa239663,www.gemeinde-merching.de_wpvivid-b8981f085de20_2026-10-10-16-11_backup_uploads.part005.zip,.jpg,generated thumbnail,False,True,0
wp-content/uploads/2023/06/Bekanntmachung_Wahlhelfer_Aufforderung-pdf-212x300.jpg,5233,7f298621e8d6593cc8cb577ab206bad48ccc339c6800b354d2901f85ce1c4fe8,www.gemeinde-merching.de_wpvivid-b8981f085de20_2026-10-10-16-11_backup_uploads.part005.zip,.jpg,generated thumbnail,False,True,0
wp-content/uploads/2023/06/IMG_3237-1024x768.jpg,153800,bef7affd9432b9db2082f92e7a180304424395469c208d46a0601e3fd3c0c3d1,www.gemeinde-merching.de_wpvivid-b8981f085de20_2026-10-10-16-11_backup_uploads.part005.zip,.jpg,generated thumbnail,False,True,1
wp-content/uploads/2023/06/BP34_Oestl_Nebelhornstrasse_Textteil_Entwurf_2023-05-04-pdf-212x300.jpg,8750,7800e6ecc52eef7355259cf2c0e0bea907bcdf8aa55cfb986057f929550e3886,www.gemeinde-merching.de_wpvivid-b8981f085de20_2026-10-10-16-11_backup_uploads.part005.zip,.jpg,generated thumbnail,False,True,0
wp-content/uploads/2023/06/Anschreiben_ToeB_ern_Bet_BP34_Oestl_Nebelhornstrasse_2023-06-01-pdf-724x1024.jpg,124932,7c3a8588bb8140d53652535315f30535686c27ca4fced2848ec2178c458e4f9e,www.gemeinde-merching.de_wpvivid-b8981f085de20_2026-10-10-16-11_backup_uploads.part005.zip,.jpg,generated thumbnail,False,True,0
wp-content/uploads/2023/06/BP34_Oestl_Nebenhornstrasse_Planzeichnung_Entwurf_2023-05-04-pdf-1024x536.jpg,90445,c9dfa37576aaceac7e6f33857d124d2c2a4fedeaf8ac4d1537663a5b49b66a6a,www.gemeinde-merching.de_wpvivid-b8981f085de20_2026-10-10-16-11_backup_uploads.part005.zip,.jpg,generated thumbnail,False,True,0
wp-content/uploads/2023/06/Stellungnahme-fruehz.-Beteiligung_LRA-fuer-BP_Abwaegung-29.06.2023-pdf.jpg,273976,7991369cdca6fe914c791b14b925ada05a087b7877a56ddd47d20637ba84d283,www.gemeinde-merching.de_wpvivid-b8981f085de20_2026-10-10-16-11_backup_uploads.part005.zip,.jpg,generated thumbnail,False,False,0
wp-content/uploads/2023/06/BP34_Oestl_Nebelhornstrasse_Begruendung_Entwurf_2023-05-04-pdf-106x150.jpg,4800,d250586e27a2940487c0e78c5661ab6e844d7b87a519e45b5619c5274031bebd,www.gemeinde-merching.de_wpvivid-b8981f085de20_2026-10-10-16-11_backup_uploads.part005.zip,.jpg,generated thumbnail,False,True,0
wp-content/uploads/2023/06/Aufhebung_BP_Nr3a_Planzeichnung_Entwurf_20230504-pdf-1024x437.jpg,76535,b023e0b200f0cd51aab3f4752ae8921e9a5aa8c9b9abd842db372e06d561e5c3,www.gemeinde-merching.de_wpvivid-b8981f085de20_2026-10-10-16-11_backup_uploads.part005.zip,.jpg,generated thumbnail,False,True,0
wp-content/uploads/2023/06/Stellungnahme-fruehz.-Beteiligung_Denkmalpflege_Abwaegung-29.06.2023-pdf-212x300.jpg,12276,5e42f2768931bac0488e12c20aa435003f2a0e7f32c0d9ab3be5bd4c6d729eab,www.gemeinde-merching.de_wpvivid-b8981f085de20_2026-10-10-16-11_backup_uploads.part005.zip,.jpg,generated thumbnail,False,True,0
wp-content/uploads/2023/06/Wahlheler_Anmeldeformular-pdf-212x300.jpg,5118,0a3f60ec41c3a18beb921cc181f7e1e38f4e0e82afab4518fc8a2dd027c9c8cc,www.gemeinde-merching.de_wpvivid-b8981f085de20_2026-10-10-16-11_backup_uploads.part005.zip,.jpg,generated thumbnail,False,True,0
wp-content/uploads/2023/06/IMG_3237.jpg,638189,4580217749a970a1cfaab7a7788a6ca57ca8143009d3b4c50c902468a8e2935a,www.gemeinde-merching.de_wpvivid-b8981f085de20_2026-10-10-16-11_backup_uploads.part005.zip,.jpg,original/referenced,True,False,1
wp-content/uploads/2023/06/Stellungnahme-fruehz.-Beteiligung_LRA-fuer-BP_Abwaegung-29.06.2023-pdf-730x1024.jpg,129945,bd1afb560a065161397f2685c58a5857b10d300d34201e5ea749ade77f02b294,www.gemeinde-merching.de_wpvivid-b8981f085de20_2026-10-10-16-11_backup_uploads.part005.zip,.jpg,generated thumbnail,False,True,0
wp-content/uploads/2023/06/Stellungnahme-fruehz.-Beteiligung_WWA_Abwaegung-29.06.2023-pdf-212x300.jpg,11672,d13ba811c94979c69415e52964f24cd32cfe3fc4f4299483d83c1c1f834cf9b4,www.gemeinde-merching.de_wpvivid-b8981f085de20_2026-10-10-16-11_backup_uploads.part005.zip,.jpg,generated thumbnail,False,True,0
wp-content/uploads/2023/06/Aufhebung_BP_Nr3a_Anschreiben_TOeB_Bet_20230601.pdf,348259,38b98320908b314f291664a06f0c6b3d6a34be855ef419832e8fe559c96eaedb,www.gemeinde-merching.de_wpvivid-b8981f085de20_2026-10-10-16-11_backup_uploads.part005.zip,.pdf,original/referenced,True,False,0
wp-content/uploads/2023/06/Stellungnahme-fruehz.-Beteiligung_Denkmalpflege_Abwaegung-29.06.2023-pdf-106x150.jpg,4538,a4cb27010d7bc0b747e946febb7330df13d9e07088c7dfc95e7eac815ffa9b8b,www.gemeinde-merching.de_wpvivid-b8981f085de20_2026-10-10-16-11_backup_uploads.part005.zip,.jpg,generated thumbnail,False,True,0
wp-content/uploads/2023/06/5.-Aend.-Flaechennutzunngs-u.-Landschaftsplan-u.-Aufstell.-d.-vorhabensbez.-BP-Nr.-39-SG-Photovoltaikanl.-oestl.-der-Schmiechach-pdf-106x150.jpg,6365,c6a6ee7ac0d914b3c994613e991a8d5a43ed843c92d17de18abb8f45ae26adbe,www.gemeinde-merching.de_wpvivid-b8981f085de20_2026-10-10-16-11_backup_uploads.part005.zip,.jpg,generated thumbnail,False,True,0
wp-content/uploads/2023/06/BP34_Oestl_Nebenhornstrasse_Planzeichnung_Entwurf_2023-05-04-pdf.jpg,1351136,71071447afeb5d71c479195d1fb5ef5025c6f24473c915fc1a87774bffa2ea68,www.gemeinde-merching.de_wpvivid-b8981f085de20_2026-10-10-16-11_backup_uploads.part005.zip,.jpg,generated thumbnail,False,False,0
wp-content/uploads/2023/06/BP-PV-Merching_Begruendung-mit-Umweltbericht-Teil-C_07-29.06.2023.pdf,902125,06dcf1f7437a04fce5fc43df501d75a995bc081fdf8ecaffcc6875ee30417e87,www.gemeinde-merching.de_wpvivid-b8981f085de20_2026-10-10-16-11_backup_uploads.part005.zip,.pdf,original/referenced,True,False,0
wp-content/uploads/2023/06/Amtsblatt-06-2023Jahrg.-78-Nr.-06-pdf-724x1024.jpg,49696,c8dea33fd4028ec7176fe477b8d3a570a4632f4996c4e60a8534720ec1ce9faa,www.gemeinde-merching.de_wpvivid-b8981f085de20_2026-10-10-16-11_backup_uploads.part005.zip,.jpg,generated thumbnail,False,True,0
wp-content/uploads/2023/06/Bekanntmachung_ern_oeff_Ausl_BPNr34_Oestl_Nebelhornstr-pdf-724x1024.jpg,179516,2f017aa220a8a0af55a9435edb84c07cb59a03b6ad41a40181a78ed84e3d05ed,www.gemeinde-merching.de_wpvivid-b8981f085de20_2026-10-10-16-11_backup_uploads.part005.zip,.jpg,generated thumbnail,False,True,0
wp-content/uploads/2023/06/BP34_Oestl_Nebelhornstrasse_Textteil_Entwurf_2023-05-04-pdf-724x1024.jpg,40973,bdd03169477ef22b520143837b62e60569766ae008f0c490f36fed1a8bd1dc2c,www.gemeinde-merching.de_wpvivid-b8981f085de20_2026-10-10-16-11_backup_uploads.part005.zip,.jpg,generated thumbnail,False,True,0
wp-content/uploads/2023/06/Stellungnahme-fruehz.-Beteiligung_Denkmalpflege_Abwaegung-29.06.2023-1.pdf,334830,2982616f1f01916907c91c1dc9416bdd84fa798a545642341d134e38af9a9b54,www.gemeinde-merching.de_wpvivid-b8981f085de20_2026-10-10-16-11_backup_uploads.part005.zip,.pdf,original/referenced,True,False,0
wp-content/uploads/2023/06/PV-Merching_Kartierung-2023-04-27-29.06.2023.pdf,60897,df4e2d3911baacbe4f8d2fc36c0a4f8b6bc09df4782b9037c2d9b308082e8f93,www.gemeinde-merching.de_wpvivid-b8981f085de20_2026-10-10-16-11_backup_uploads.part005.zip,.pdf,original/referenced,True,False,0
wp-content/uploads/2023/06/Anschreiben_ToeB_ern_Bet_BP34_Oestl_Nebelhornstrasse_2023-06-01-pdf-106x150.jpg,5870,e9fce14d40b47026c9411a921eb116839a47f5d2ccbc7d02ffb741767290c05d,www.gemeinde-merching.de_wpvivid-b8981f085de20_2026-10-10-16-11_backup_uploads.part005.zip,.jpg,generated thumbnail,False,True,0
wp-content/uploads/2023/06/BP-PV-Merching_Begruendung-mit-Umweltbericht-Teil-C_07-29.06.2023-pdf-212x300.jpg,11521,b16ec6a10c0743f7cb22497ef301b855153271d3003ddbc6f82931545b9c3c08,www.gemeinde-merching.de_wpvivid-b8981f085de20_2026-10-10-16-11_backup_uploads.part005.zip,.jpg,generated thumbnail,False,True,0
wp-content/uploads/2023/06/Aufhebung_BP_Nr3a_Planzeichnung_Entwurf_20230504-pdf-300x128.jpg,11677,574837f210707596196a73801a6966c157f41a6de4ad8f1d20c4bebb7d5163bd,www.gemeinde-merching.de_wpvivid-b8981f085de20_2026-10-10-16-11_backup_uploads.part005.zip,.jpg,generated thumbnail,False,True,0
wp-content/uploads/2023/06/Bekanntmachung_ern_oeff_Ausl_BPNr34_Oestl_Nebelhornstr-pdf-212x300.jpg,18641,8dd58de05c2eee7d30c3cb49109c4cd7930c93f511212b3cdde74622b5ee9c29,www.gemeinde-merching.de_wpvivid-b8981f085de20_2026-10-10-16-11_backup_uploads.part005.zip,.jpg,generated thumbnail,False,True,0
wp-content/uploads/2023/06/BP34_Oestl_Nebelhornstrasse_Begruendung_Entwurf_2023-05-04.pdf,1330051,39837960810ec0941b8009b27901efb2e96c4fe62b93d95cd2917bad5f20bdc5,www.gemeinde-merching.de_wpvivid-b8981f085de20_2026-10-10-16-11_backup_uploads.part005.zip,.pdf,original/referenced,True,False,0
wp-content/uploads/2023/06/Bekanntmachung_ern_oeff_Ausl_BPNr34_Oestl_Nebelhornstr-pdf.jpg,370074,bf9c50c3459516a028dddf0f1cf7e3765fdbc57aee7d89854606fd27f56bb8c2,www.gemeinde-merching.de_wpvivid-b8981f085de20_2026-10-10-16-11_backup_uploads.part005.zip,.jpg,generated thumbnail,False,False,0
wp-content/uploads/2023/06/Stellungnahme-fruehz.-Beteiligung_WWA_Abwaegung-29.06.2023-pdf-106x150.jpg,4454,a1abde237ed781e5366b6dac1086a36be8223ebce6acc66410cf953e2f8bb127,www.gemeinde-merching.de_wpvivid-b8981f085de20_2026-10-10-16-11_backup_uploads.part005.zip,.jpg,generated thumbnail,False,True,0
wp-content/uploads/2023/06/Stellungnahme-fruehz.-Beteiligung_LRA-fuer-FNP_Abwaegung-29.06.2023-pdf-731x1024.jpg,110408,c30b39a7b5e91fcdceaf0a7530ede88d07226c066bbed75e0ba34cbf2b3746b3,www.gemeinde-merching.de_wpvivid-b8981f085de20_2026-10-10-16-11_backup_uploads.part005.zip,.jpg,generated thumbnail,False,True,0
wp-content/uploads/2023/06/Wahlheler_Anmeldeformular-pdf.jpg,22619,5d4bafce8c4f03c9390120ba64328e92a6bc15677423a02fe31def05b68c624f,www.gemeinde-merching.de_wpvivid-b8981f085de20_2026-10-10-16-11_backup_uploads.part005.zip,.jpg,generated thumbnail,False,False,0
wp-content/uploads/2023/06/Aufhebung_BP_Nr3a_Planzeichnung_Entwurf_20230504-pdf.jpg,1012554,bfc7dadaaebe7be8de0bc1f8d57cea8c6b5510c3639592d6c846012ca019b1d1,www.gemeinde-merching.de_wpvivid-b8981f085de20_2026-10-10-16-11_backup_uploads.part005.zip,.jpg,generated thumbnail,False,False,0
wp-content/uploads/2023/06/Stellungnahme-fruehz.-Beteiligung_Denkmalpflege_Abwaegung-29.06.2023-pdf-724x1024.jpg,98064,ab61b0724aae7ccddebd53386e489cd1b89a6b9bdf1352512a892700f5f44bab,www.gemeinde-merching.de_wpvivid-b8981f085de20_2026-10-10-16-11_backup_uploads.part005.zip,.jpg,generated thumbnail,False,True,0
wp-content/uploads/2023/06/Stellungnahme-fruehz.-Beteiligung_LRA-fuer-FNP_Abwaegung-29.06.2023-pdf.jpg,220930,9b8947c09171b4ed5bb3be15ed52d1240b640d1b8d41eeaf8a82c90670d005f1,www.gemeinde-merching.de_wpvivid-b8981f085de20_2026-10-10-16-11_backup_uploads.part005.zip,.jpg,generated thumbnail,False,False,0
wp-content/uploads/2023/06/5.-Aend.-Flaechennutzunngs-u.-Landschaftsplan-u.-Aufstell.-d.-vorhabensbez.-BP-Nr.-39-SG-Photovoltaikanl.-oestl.-der-Schmiechach.pdf,1344547,b6d4c16c021bbd41ae48403d72dcef6958bf4de5543dd1510dc1be62d1ca8f4f,www.gemeinde-merching.de_wpvivid-b8981f085de20_2026-10-10-16-11_backup_uploads.part005.zip,.pdf,original/referenced,True,False,0
wp-content/uploads/2023/06/BP-PV-Merching-Planzeichnung-Teil-A-29.06.2023-pdf.jpg,1242773,f684973ba756e610a57a2841b4ea25b623f0452bfdc1e39abec4eaf2d83f5c77,www.gemeinde-merching.de_wpvivid-b8981f085de20_2026-10-10-16-11_backup_uploads.part005.zip,.jpg,generated thumbnail,False,False,0
wp-content/uploads/2023/06/Amtsblatt-06-2023Jahrg.-78-Nr.-06-pdf-212x300.jpg,9095,66baa98f45ae3876718cce60b29751bce82c42226613fe42348cf4b8adb0f581,www.gemeinde-merching.de_wpvivid-b8981f085de20_2026-10-10-16-11_backup_uploads.part005.zip,.jpg,generated thumbnail,False,True,0
wp-content/uploads/2023/06/BP34_Oestl_Nebenhornstrasse_Planzeichnung_Entwurf_2023-05-04-pdf-150x79.jpg,6575,342bf56babf1d2c903fbf3e8928ee3a597b7cbfd9c64e07e176533f84c995b0c,www.gemeinde-merching.de_wpvivid-b8981f085de20_2026-10-10-16-11_backup_uploads.part005.zip,.jpg,generated thumbnail,False,True,0
wp-content/uploads/2023/06/IMG_3242-1024x768.jpg,130898,efa1bca2f5181e5e1f3e7f9ad6f929644a045d1f62352c7c9aeb3f6a0f8d3052,www.gemeinde-merching.de_wpvivid-b8981f085de20_2026-10-10-16-11_backup_uploads.part005.zip,.jpg,generated thumbnail,False,True,0
wp-content/uploads/2023/06/PV-Merching_Kartierung-2023-04-27-29.06.2023-pdf.jpg,160360,8c711dc181f45fde529d3e4b8c08a01e54321cd25e4651878ee0fb66027f3ec3,www.gemeinde-merching.de_wpvivid-b8981f085de20_2026-10-10-16-11_backup_uploads.part005.zip,.jpg,generated thumbnail,False,False,0
wp-content/uploads/2023/06/BP34_Oestl_Nebelhornstrasse_Textteil_Entwurf_2023-05-04-pdf-106x150.jpg,4768,f77f3e1b8b4cdfc64b7f2540eb05b0e7de59dc2c88808bc40bb7afb2ad75abec,www.gemeinde-merching.de_wpvivid-b8981f085de20_2026-10-10-16-11_backup_uploads.part005.zip,.jpg,generated thumbnail,False,True,0
wp-content/uploads/2023/06/Stellungnahme-fruehz.-Beteiligung_LRA-fuer-FNP_Abwaegung-29.06.2023-pdf-214x300.jpg,12796,18729c9bb47b62788c0ff2fd0d962aabef9f44de1385cde4e6bb6855467d3106,www.gemeinde-merching.de_wpvivid-b8981f085de20_2026-10-10-16-11_backup_uploads.part005.zip,.jpg,generated thumbnail,False,True,0
wp-content/uploads/2023/06/FNP-PV-Merching-Entwurf-Teil-A-29.06.2023-pdf-150x46.jpg,5027,ad315d7c8410bca7a83b4e840e792d1330eee4227fb62751ad6d057ed1dc32e2,www.gemeinde-merching.de_wpvivid-b8981f085de20_2026-10-10-16-11_backup_uploads.part005.zip,.jpg,generated thumbnail,False,True,0
wp-content/uploads/2023/06/Antrag-Fahrkarte.pdf,116296,74db8e3459571191ec2dad224277e738db3de5a50e9723ce59c7702dac8bd734,www.gemeinde-merching.de_wpvivid-b8981f085de20_2026-10-10-16-11_backup_uploads.part005.zip,.pdf,original/referenced,True,False,0
wp-content/uploads/2023/06/Aufhebung_BP_Nr3a_Planzeichnung_Entwurf_20230504.pdf,266993,3aa8e6373f07d40cd4dbcdf257dc13bee6642d84fd0a99605719ad3049d514d5,www.gemeinde-merching.de_wpvivid-b8981f085de20_2026-10-10-16-11_backup_uploads.part005.zip,.pdf,original/referenced,True,False,0
wp-content/uploads/2023/06/BP34_Oestl_Nebelhornstrasse_Begruendung_Entwurf_2023-05-04-pdf.jpg,82627,9b7dffc79fd4f3dadf73e1f17222a96196007128c79e8f5fcfed546561a580c2,www.gemeinde-merching.de_wpvivid-b8981f085de20_2026-10-10-16-11_backup_uploads.part005.zip,.jpg,generated thumbnail,False,False,0
wp-content/uploads/2023/06/IMG_3237-150x150.jpg,21927,b5f11ac6d2235b500a7e3c780a908160cc79caf05fdb7d689c5abb96ca89463f,www.gemeinde-merching.de_wpvivid-b8981f085de20_2026-10-10-16-11_backup_uploads.part005.zip,.jpg,generated thumbnail,False,True,0
wp-content/uploads/2023/06/Aufhebung_BP_Nr3a_Planzeichnung_Entwurf_20230504-pdf-150x64.jpg,5763,6de4e91ed3cd67668bef69b3f84500d435a4c56b587c37b9ddd2854b48332af9,www.gemeinde-merching.de_wpvivid-b8981f085de20_2026-10-10-16-11_backup_uploads.part005.zip,.jpg,generated thumbnail,False,True,0
wp-content/uploads/2023/06/FNP-PV-Merching-Entwurf-Teil-A-29.06.2023.pdf,793024,3e29bb49b2d587dfbe68fdc40f02274875bb73f885276f81ec9e5ea828d5a9af,www.gemeinde-merching.de_wpvivid-b8981f085de20_2026-10-10-16-11_backup_uploads.part005.zip,.pdf,original/referenced,True,False,0
wp-content/uploads/2023/06/Stellungnahme-fruehz.-Beteiligung_Denkmalpflege_Abwaegung-29.06.2023-1-pdf-724x1024.jpg,98064,ab61b0724aae7ccddebd53386e489cd1b89a6b9bdf1352512a892700f5f44bab,www.gemeinde-merching.de_wpvivid-b8981f085de20_2026-10-10-16-11_backup_uploads.part005.zip,.jpg,generated thumbnail,False,True,0
wp-content/uploads/2023/06/Datenschutzrechtliche-Informationspflichten-nach-Art.-13-und-14-DSGVO-29.06.2023-pdf-106x150.jpg,5894,dccfe2edb0a63f487aa1c5da9e0742b4ffad48c22ba58e5fc967085737100e86,www.gemeinde-merching.de_wpvivid-b8981f085de20_2026-10-10-16-11_backup_uploads.part005.zip,.jpg,generated thumbnail,False,True,0
wp-content/uploads/2023/06/IMG_3242-300x225.jpg,28866,2eb0ed7f5222d8cddac1820b7e51ccd921480992187d1626615aeb89a6c224ee,www.gemeinde-merching.de_wpvivid-b8981f085de20_2026-10-10-16-11_backup_uploads.part005.zip,.jpg,generated thumbnail,False,True,0
wp-content/uploads/2023/06/IMG_3242.jpg,544343,4f9896e529da4df69cdb2686108cfda7cab3268a7514168d50a57da638cd782b,www.gemeinde-merching.de_wpvivid-b8981f085de20_2026-10-10-16-11_backup_uploads.part005.zip,.jpg,original/referenced,True,False,0
wp-content/uploads/2023/06/Aufhebung_BP_Nr3a_Begruendung_Entwurf_20230504-pdf.jpg,23022,1842c66e67e34f5efc5f87c255225909612d0119515962b56f92d486e54b45af,www.gemeinde-merching.de_wpvivid-b8981f085de20_2026-10-10-16-11_backup_uploads.part005.zip,.jpg,generated thumbnail,False,False,0
wp-content/uploads/2023/06/5.-Aend.-Flaechennutzunngs-u.-Landschaftsplan-u.-Aufstell.-d.-vorhabensbez.-BP-Nr.-39-SG-Photovoltaikanl.-oestl.-der-Schmiechach-pdf-212x300.jpg,16012,7d3f7c4bbcef25f7493e3d39efe204dce76d7822480cf48a28c5f33d5232556c,www.gemeinde-merching.de_wpvivid-b8981f085de20_2026-10-10-16-11_backup_uploads.part005.zip,.jpg,generated thumbnail,False,True,0
wp-content/uploads/2023/06/BP-PV-Merching_Festsetzungen-Teil-B-29.06.2023-pdf-724x1024.jpg,70170,beb21e04dc8f5c98095eb0f9b791b9c1ef94d83c23794312e15705b3625d3d3a,www.gemeinde-merching.de_wpvivid-b8981f085de20_2026-10-10-16-11_backup_uploads.part005.zip,.jpg,generated thumbnail,False,True,0
wp-content/uploads/2023/06/Aufhebung_BP_Nr3a_Anschreiben_TOeB_Bet_20230601-pdf-106x150.jpg,5866,0153a4020b212c47682b6526cfef368bfcfb15729c1c9dd72cd7550d1658d9e5,www.gemeinde-merching.de_wpvivid-b8981f085de20_2026-10-10-16-11_backup_uploads.part005.zip,.jpg,generated thumbnail,False,True,0
wp-content/uploads/2023/06/Anschreiben_ToeB_ern_Bet_BP34_Oestl_Nebelhornstrasse_2023-06-01-pdf.jpg,239731,5b28a9c18dfa25685c4f1c0009bc17b664c47d9168a9165d1a12b54ab489f366,www.gemeinde-merching.de_wpvivid-b8981f085de20_2026-10-10-16-11_backup_uploads.part005.zip,.jpg,generated thumbnail,False,False,0
wp-content/uploads/2023/06/Aufhebung_BP_Nr3a_Anschreiben_TOeB_Bet_20230601-pdf-724x1024.jpg,127427,8aa5502e09725bd3b01e86c192447a765cd4dec476b73cf9db6724457a3fc55a,www.gemeinde-merching.de_wpvivid-b8981f085de20_2026-10-10-16-11_backup_uploads.part005.zip,.jpg,generated thumbnail,False,True,0
wp-content/uploads/2023/06/BP-PV-Merching-Planzeichnung-Teil-A-29.06.2023-pdf-1024x1024.jpg,197761,0fedee6622982d2ab664f20058d2da2b394c26612c8cfc6ed91b94039a0c3255,www.gemeinde-merching.de_wpvivid-b8981f085de20_2026-10-10-16-11_backup_uploads.part005.zip,.jpg,generated thumbnail,False,True,0
wp-content/uploads/2023/06/Bekanntmachung_Wahlhelfer_Aufforderung-pdf-106x150.jpg,4205,be25e56a25d368ff824ffde80a1dadd3e1e48b123230628f2da0be03ec7cd431,www.gemeinde-merching.de_wpvivid-b8981f085de20_2026-10-10-16-11_backup_uploads.part005.zip,.jpg,generated thumbnail,False,True,0
wp-content/uploads/2023/06/FNP-PV-Merching-Entwurf-Teil-A-29.06.2023-pdf-1024x314.jpg,65807,443ae410b02793988402c0f97e741e6f5d64e95a079ba2d802667ecab347112f,www.gemeinde-merching.de_wpvivid-b8981f085de20_2026-10-10-16-11_backup_uploads.part005.zip,.jpg,generated thumbnail,False,True,0
wp-content/uploads/2023/06/Aufhebung_BP_Nr3a_Begruendung_Entwurf_20230504.pdf,413723,ef0550f385f9028fc8a49423e62b2adad1248fac0f58a303493fd25b409b85ea,www.gemeinde-merching.de_wpvivid-b8981f085de20_2026-10-10-16-11_backup_uploads.part005.zip,.pdf,original/referenced,True,False,0
wp-content/uploads/2023/06/Bekanntmachung_ern_oeff_Ausl_BPNr34_Oestl_Nebelhornstr.pdf,1160932,2d77dea9177c4c11fe53617b12cc8b124567c7b7af87a3cd1a5e465e5cb067e3,www.gemeinde-merching.de_wpvivid-b8981f085de20_2026-10-10-16-11_backup_uploads.part005.zip,.pdf,original/referenced,True,False,0
wp-content/uploads/2023/06/BP-PV-Merching_Begruendung-mit-Umweltbericht-Teil-C_07-29.06.2023-pdf-106x150.jpg,5997,078c0b28417d01905968cd3ffe8c42c15850b0fb24fc7969b09ec933a223059c,www.gemeinde-merching.de_wpvivid-b8981f085de20_2026-10-10-16-11_backup_uploads.part005.zip,.jpg,generated thumbnail,False,True,0
wp-content/uploads/2023/06/FNP-PV-Merching_Begruendung-mit-Umweltbericht-Teil-B_03-29.06.2023-pdf-106x150.jpg,5999,6fd8bb96ff7a4787a6e070c1cc119116537bbe64b3ba7dd37e7cca2239cf6a58,www.gemeinde-merching.de_wpvivid-b8981f085de20_2026-10-10-16-11_backup_uploads.part005.zip,.jpg,generated thumbnail,False,True,0
wp-content/uploads/2023/06/Lampe.jpg,5595,249314ca4b3af87f63662e581c56a2e7342112ffc028c0e251fd38cfd96eeeeb,www.gemeinde-merching.de_wpvivid-b8981f085de20_2026-10-10-16-11_backup_uploads.part005.zip,.jpg,original/referenced,True,False,1
wp-content/uploads/2023/06/Stellungnahme-fruehz.-Beteiligung_WWA_Abwaegung-29.06.2023-pdf-724x1024.jpg,90309,d1131ff1560370f3bdce2b629a3cafd87e3e2cae3025980d90aec24fae612999,www.gemeinde-merching.de_wpvivid-b8981f085de20_2026-10-10-16-11_backup_uploads.part005.zip,.jpg,generated thumbnail,False,True,0
wp-content/uploads/2023/06/Bekanntmachung_Wahlhelfer_Aufforderung-pdf-724x1024.jpg,12988,3e1bf505c0045843efe65878f709b6a438a9c56d0808c948fcfda73f4143c34f,www.gemeinde-merching.de_wpvivid-b8981f085de20_2026-10-10-16-11_backup_uploads.part005.zip,.jpg,generated thumbnail,False,True,0
wp-content/uploads/2023/06/Stellungnahme-fruehz.-Beteiligung_Denkmalpflege_Abwaegung-29.06.2023-pdf.jpg,195730,a31e3c33d99739c6366301bb1fe4d8ae9ec6b8bfab2a12ea5022f9338a1f6127,www.gemeinde-merching.de_wpvivid-b8981f085de20_2026-10-10-16-11_backup_uploads.part005.zip,.jpg,generated thumbnail,False,False,0
wp-content/uploads/2023/06/BP-PV-Merching_Festsetzungen-Teil-B-29.06.2023-pdf-212x300.jpg,11566,3b68af28ffcc84b59fd0bd81caba396466e664316aa7ddf978f7cdcab437baa3,www.gemeinde-merching.de_wpvivid-b8981f085de20_2026-10-10-16-11_backup_uploads.part005.zip,.jpg,generated thumbnail,False,True,0
wp-content/uploads/2023/06/BP-PV-Merching_Begruendung-mit-Umweltbericht-Teil-C_07-29.06.2023-pdf-724x1024.jpg,70284,ec5f8e0dc1f035d0bf6a538400ec9a38ef787296e7f79447bc4b975e7af50cfa,www.gemeinde-merching.de_wpvivid-b8981f085de20_2026-10-10-16-11_backup_uploads.part005.zip,.jpg,generated thumbnail,False,True,0
wp-content/uploads/2023/06/Amtsblatt-06-2023Jahrg.-78-Nr.-06-pdf-106x150.jpg,4810,e713cebdb2ab490c59f66d4cdcc6bfd985d3093c87c17ceee2dbdea3acdc6b30,www.gemeinde-merching.de_wpvivid-b8981f085de20_2026-10-10-16-11_backup_uploads.part005.zip,.jpg,generated thumbnail,False,True,0
wp-content/uploads/2023/06/Datenschutzrechtliche-Informationspflichten-nach-Art.-13-und-14-DSGVO-29.06.2023-pdf.jpg,262994,3573ec8f56096ef8d39db6589fabb68bc2d006f17825093565caaece21d79622,www.gemeinde-merching.de_wpvivid-b8981f085de20_2026-10-10-16-11_backup_uploads.part005.zip,.jpg,generated thumbnail,False,False,0
wp-content/uploads/2023/06/Anschreiben_ToeB_ern_Bet_BP34_Oestl_Nebelhornstrasse_2023-06-01.pdf,348590,f22a53bf8a2b0822376f9b9b941cd533f07dadc4d42ba9d4ebf21679fef2566e,www.gemeinde-merching.de_wpvivid-b8981f085de20_2026-10-10-16-11_backup_uploads.part005.zip,.pdf,original/referenced,True,False,0
wp-content/uploads/2023/06/BP-PV-Merching_Festsetzungen-Teil-B-29.06.2023-pdf-106x150.jpg,5965,f9e00ee3b57d9914224997a8c9dfc3fd0ed224f7818af8b400f032a28decd702,www.gemeinde-merching.de_wpvivid-b8981f085de20_2026-10-10-16-11_backup_uploads.part005.zip,.jpg,generated thumbnail,False,True,0
wp-content/uploads/2023/06/Bekanntmachung_Wahlhelfer_Aufforderung-pdf.jpg,24590,49c01062d6e50f0be67b2ed76d0a0eeb9e295cdc26d5d45fd92f8fe0d0cfe60e,www.gemeinde-merching.de_wpvivid-b8981f085de20_2026-10-10-16-11_backup_uploads.part005.zip,.jpg,generated thumbnail,False,False,0
wp-content/uploads/2023/06/Antrag-Fahrkarte-pdf.jpg,197893,467371caf0ed396c61bef753ddd83a8a2cd3d75e30ac51daae312e5860864cdc,www.gemeinde-merching.de_wpvivid-b8981f085de20_2026-10-10-16-11_backup_uploads.part005.zip,.jpg,generated thumbnail,False,False,0
wp-content/uploads/2023/06/Bekanntmachung_Wahlhelfer_Aufforderung.pdf,155530,2cd1f6434c11d4e2b64ba1da737cb8b1b6275d57c58d7396e964d6ab1e9d6bc9,www.gemeinde-merching.de_wpvivid-b8981f085de20_2026-10-10-16-11_backup_uploads.part005.zip,.pdf,original/referenced,True,False,0
wp-content/uploads/2023/06/BP34_Oestl_Nebelhornstrasse_Textteil_Entwurf_2023-05-04.pdf,972477,88dd5c1f8f0d0455683d84550e449eefdf5b591d5b8b95adec85bb5025c6df52,www.gemeinde-merching.de_wpvivid-b8981f085de20_2026-10-10-16-11_backup_uploads.part005.zip,.pdf,original/referenced,True,False,0
wp-content/uploads/2023/06/Antrag-Fahrkarte-pdf-106x150.jpg,6798,d4084a5ae8fd1a153178b64c7c7c9109f476904bf26bbcc68682e2fa45f3a71d,www.gemeinde-merching.de_wpvivid-b8981f085de20_2026-10-10-16-11_backup_uploads.part005.zip,.jpg,generated thumbnail,False,True,0
wp-content/uploads/2023/06/Stellungnahme-fruehz.-Beteiligung_LRA-fuer-FNP_Abwaegung-29.06.2023.pdf,2208018,35fecc7978a040eae2e30b8b3a0b9ec3b45309c85199bab4854ae28d2c15d534,www.gemeinde-merching.de_wpvivid-b8981f085de20_2026-10-10-16-11_backup_uploads.part005.zip,.pdf,original/referenced,True,False,0
wp-content/uploads/2023/06/FNP-PV-Merching_Begruendung-mit-Umweltbericht-Teil-B_03-29.06.2023.pdf,680255,5b4e7c6627c9115a56ba18d6849f612f78a7a10f9ad7bf8e0edb22d86975661c,www.gemeinde-merching.de_wpvivid-b8981f085de20_2026-10-10-16-11_backup_uploads.part005.zip,.pdf,original/referenced,True,False,0
wp-content/uploads/2023/06/IMG_3242-1536x1152.jpg,258735,11c1727b538f19cd44ef65691d0531a5de64d556d6c8c2300c188637be60db5d,www.gemeinde-merching.de_wpvivid-b8981f085de20_2026-10-10-16-11_backup_uploads.part005.zip,.jpg,generated thumbnail,False,True,0
wp-content/uploads/2023/06/BP34_Oestl_Nebelhornstrasse_Textteil_Entwurf_2023-05-04-pdf.jpg,79805,056b900f696e7e17c00feddee4291c239e2a006b204a37cba0f43bc1d484ff76,www.gemeinde-merching.de_wpvivid-b8981f085de20_2026-10-10-16-11_backup_uploads.part005.zip,.jpg,generated thumbnail,False,False,0
wp-content/uploads/2023/06/Amtsblatt-06-2023Jahrg.-78-Nr.-06.pdf,237003,ac0dfae1db9254946c9ac7d86e184c10b2e7a6f1e1f2f0601e6c7861ac7ee1ff,www.gemeinde-merching.de_wpvivid-b8981f085de20_2026-10-10-16-11_backup_uploads.part005.zip,.pdf,original/referenced,True,False,0
wp-content/uploads/2023/06/FNP-PV-Merching-Entwurf-Teil-A-29.06.2023-pdf.jpg,957733,06b3798db4aa014f8320026c02a8edc0ed55c89c6bd9b0fcddc8712c779a208f,www.gemeinde-merching.de_wpvivid-b8981f085de20_2026-10-10-16-11_backup_uploads.part005.zip,.jpg,generated thumbnail,False,False,0
wp-content/uploads/2023/06/5.-Aend.-Flaechennutzunngs-u.-Landschaftsplan-u.-Aufstell.-d.-vorhabensbez.-BP-Nr.-39-SG-Photovoltaikanl.-oestl.-der-Schmiechach-pdf.jpg,280557,b1155289f1d742715f98019140834f77263e6afc5b5bf77cca6abe877bbaf5cc,www.gemeinde-merching.de_wpvivid-b8981f085de20_2026-10-10-16-11_backup_uploads.part005.zip,.jpg,generated thumbnail,False,False,0
wp-content/uploads/2023/06/BP-PV-Merching-Planzeichnung-Teil-A-29.06.2023-pdf-300x300.jpg,23809,53ee088334b940d2db2198832086d5941d371bf063bef1e04ca80847b3110d0f,www.gemeinde-merching.de_wpvivid-b8981f085de20_2026-10-10-16-11_backup_uploads.part005.zip,.jpg,generated thumbnail,False,True,0
wp-content/uploads/2023/07/Amtsblatt-07-2023Jahrg.-78-Nr.-07-pdf-212x300.jpg,9646,6670181af2c99b651bc4ca90e5a5470d34bb620a36a5f5001fb66cdadd86b1c6,www.gemeinde-merching.de_wpvivid-b8981f085de20_2026-10-10-16-11_backup_uploads.part005.zip,.jpg,generated thumbnail,False,True,0
wp-content/uploads/2023/07/Amtsblatt-06a-2023Jahrg.-78-Nr.-06a-pdf.jpg,94163,51cb33753177c8a583109f381c263381648d8b16c21f61f4db421b02e8784ff3,www.gemeinde-merching.de_wpvivid-b8981f085de20_2026-10-10-16-11_backup_uploads.part005.zip,.jpg,generated thumbnail,False,False,0
wp-content/uploads/2023/07/Amtsblatt-07-2023Jahrg.-78-Nr.-07-pdf-106x150.jpg,4972,515d8ba68a0b47a1f03edc6665109e25134a8701f68581e59c1dc419c432a173,www.gemeinde-merching.de_wpvivid-b8981f085de20_2026-10-10-16-11_backup_uploads.part005.zip,.jpg,generated thumbnail,False,True,0
wp-content/uploads/2023/07/IMG_3692-scaled.jpg,642350,70c8512f520d040ace2100c0e1e50d8405e6ddd26afe79566fe573b4bd77a8e0,www.gemeinde-merching.de_wpvivid-b8981f085de20_2026-10-10-16-11_backup_uploads.part005.zip,.jpg,original/referenced,True,False,0
wp-content/uploads/2023/07/Amtsblatt-07-2023Jahrg.-78-Nr.-07-pdf.jpg,110355,baf869cfb17378b7ddb2c97b7b8a731fbe838dfda99bb89a310b9f3c5f4650a3,www.gemeinde-merching.de_wpvivid-b8981f085de20_2026-10-10-16-11_backup_uploads.part005.zip,.jpg,generated thumbnail,False,False,0
wp-content/uploads/2023/07/Amtsblatt-06a-2023Jahrg.-78-Nr.-06a-pdf-724x1024.jpg,49276,a268f6012db3973bccab5ef2ed7c905ac032f73b353a982be21623b2bcc87926,www.gemeinde-merching.de_wpvivid-b8981f085de20_2026-10-10-16-11_backup_uploads.part005.zip,.jpg,generated thumbnail,False,True,0
wp-content/uploads/2023/07/Amtsblatt-06a-2023Jahrg.-78-Nr.-06a.pdf,220156,9b2f75ac7d2ccc47301f76660f1e63a731ce70e1801f3ce2c222a59d6878ff97,www.gemeinde-merching.de_wpvivid-b8981f085de20_2026-10-10-16-11_backup_uploads.part005.zip,.pdf,original/referenced,True,False,0
wp-content/uploads/2023/07/IMG_3692-768x576.jpg,89887,2f876f384470af96af8e70c1c6236162c89750d7b37b667ef82ee537b2d68656,www.gemeinde-merching.de_wpvivid-b8981f085de20_2026-10-10-16-11_backup_uploads.part005.zip,.jpg,generated thumbnail,False,True,0
wp-content/uploads/2023/07/IMG_3692-150x150.jpg,17601,07df9cb637aecf5ce511b00893e0e53c27d2ac9b1e3791e8a9cf4f5a936d6ce3,www.gemeinde-merching.de_wpvivid-b8981f085de20_2026-10-10-16-11_backup_uploads.part005.zip,.jpg,generated thumbnail,False,True,0
wp-content/uploads/2023/07/IMG_3692-2048x1536.jpg,438482,8b6298751772a2b04aaa0f3f1922937c852e6f036fd94697e5ac7ad8c5eca67e,www.gemeinde-merching.de_wpvivid-b8981f085de20_2026-10-10-16-11_backup_uploads.part005.zip,.jpg,generated thumbnail,False,True,0
wp-content/uploads/2023/07/Nivellement_Infoblaetter_2023-03-pdf-724x1024.jpg,257150,d1e3d3e345803eb408f4546d5ec412746419f79738f8cab5f0bc0e1b939aabc9,www.gemeinde-merching.de_wpvivid-b8981f085de20_2026-10-10-16-11_backup_uploads.part005.zip,.jpg,generated thumbnail,False,True,0
wp-content/uploads/2023/07/IMG_3692.jpg,2404697,5e6f2f9c7c369bea5901ed31a67dbe0b115a652a6e9f2147317bc73e1083b793,www.gemeinde-merching.de_wpvivid-b8981f085de20_2026-10-10-16-11_backup_uploads.part005.zip,.jpg,unreferenced candidate (not proven orphan),False,False,0
wp-content/uploads/2023/07/Amtsblatt-06a-2023Jahrg.-78-Nr.-06a-pdf-106x150.jpg,4773,74c0510c35bd47ae3a5e8efde1651abe675f06bcec9fd9ea7ad76b68067a1cbc,www.gemeinde-merching.de_wpvivid-b8981f085de20_2026-10-10-16-11_backup_uploads.part005.zip,.jpg,generated thumbnail,False,True,0
wp-content/uploads/2023/07/Nivellement_Infoblaetter_2023-03-pdf-212x300.jpg,25987,37a15b6ffebbd050048dc306f838ef8ef5b00103634bc8e2c84346e45ce46715,www.gemeinde-merching.de_wpvivid-b8981f085de20_2026-10-10-16-11_backup_uploads.part005.zip,.jpg,generated thumbnail,False,True,0
wp-content/uploads/2023/07/IMG_3692-1536x1152.jpg,268494,8c212b485c625ea33a24a624a3c2441df8b3603b40edf374e6c5a3bb96c13b83,www.gemeinde-merching.de_wpvivid-b8981f085de20_2026-10-10-16-11_backup_uploads.part005.zip,.jpg,generated thumbnail,False,True,0
wp-content/uploads/2023/07/Amtsblatt-06a-2023Jahrg.-78-Nr.-06a-pdf-212x300.jpg,8897,af9e1c1be170b8f25e9d2989831520cf09c291dac21d34c80e4e65778f153a79,www.gemeinde-merching.de_wpvivid-b8981f085de20_2026-10-10-16-11_backup_uploads.part005.zip,.jpg,generated thumbnail,False,True,0
wp-content/uploads/2023/07/Nivellement_Infoblaetter_2023-03.pdf,1542485,5acb9904a1a5f477defac3b99e7f6b4adb02592e8d0114a174ee3edf820d5e20,www.gemeinde-merching.de_wpvivid-b8981f085de20_2026-10-10-16-11_backup_uploads.part005.zip,.pdf,original/referenced,True,False,0
wp-content/uploads/2023/07/IMG_3692-300x225.jpg,27624,492406c5d0de7dda3afcc15e62a97a8d81261e394a8a717228bbb705d5ef7dfe,www.gemeinde-merching.de_wpvivid-b8981f085de20_2026-10-10-16-11_backup_uploads.part005.zip,.jpg,generated thumbnail,False,True,0
wp-content/uploads/2023/07/IMG_3692-1024x768.jpg,138438,6b7bb4ccbe11e7dfbe0db0dc813c67400e95f1d07259b7c17a2ad81f11508eff,www.gemeinde-merching.de_wpvivid-b8981f085de20_2026-10-10-16-11_backup_uploads.part005.zip,.jpg,generated thumbnail,False,True,0
wp-content/uploads/2023/07/Nivellement_Infoblaetter_2023-03-pdf-106x150.jpg,9153,b9f40020bb9e026af6ffb4c232103af04270025249f0662dde8322a635423039,www.gemeinde-merching.de_wpvivid-b8981f085de20_2026-10-10-16-11_backup_uploads.part005.zip,.jpg,generated thumbnail,False,True,0
wp-content/uploads/2023/07/Amtsblatt-07-2023Jahrg.-78-Nr.-07.pdf,235960,e8cc97d4c4c32df0ff114072e6a167f88c9a5a99c07903543e1cf24462f29d50,www.gemeinde-merching.de_wpvivid-b8981f085de20_2026-10-10-16-11_backup_uploads.part005.zip,.pdf,original/referenced,True,False,0
wp-content/uploads/2023/07/Amtsblatt-07-2023Jahrg.-78-Nr.-07-pdf-724x1024.jpg,57380,f5a15d3147e04dcea670e0626f975254c66e2b41416b4fc138366e4afd121287,www.gemeinde-merching.de_wpvivid-b8981f085de20_2026-10-10-16-11_backup_uploads.part005.zip,.jpg,generated thumbnail,False,True,0
wp-content/uploads/2023/07/Nivellement_Infoblaetter_2023-03-pdf.jpg,532943,b77a7de9d25307df9b67520ddbcca5143eb5da6a2315f391977f2cc801bd565d,www.gemeinde-merching.de_wpvivid-b8981f085de20_2026-10-10-16-11_backup_uploads.part005.zip,.jpg,generated thumbnail,False,False,0
wp-content/uploads/2023/12/Amtsblatt-12a-2023Jahrg.-78-Nr.-12a-pdf-212x300.jpg,8341,855b568b0a7dc33523ba8bd3a8856f010dd1142151d75074e8888be336d0b6cc,www.gemeinde-merching.de_wpvivid-b8981f085de20_2026-10-10-16-11_backup_uploads.part005.zip,.jpg,generated thumbnail,False,True,0
wp-content/uploads/2023/12/Bekanntmachung-Plakatierungsverordnung-pdf.jpg,193986,c7555334ec3f2989dd05c1dcbf8d6d11c96f90efcc2efb964edf6b8c6d8540af,www.gemeinde-merching.de_wpvivid-b8981f085de20_2026-10-10-16-11_backup_uploads.part005.zip,.jpg,generated thumbnail,False,False,0
wp-content/uploads/2023/12/Amtsblatt-01-2024Jahrg.-79-Nr.-01-pdf-106x150.jpg,5439,ff004dce422b7aeda5bb11a634ad67b9a4a4ad1909f342c343858ea8ce8c20ff,www.gemeinde-merching.de_wpvivid-b8981f085de20_2026-10-10-16-11_backup_uploads.part005.zip,.jpg,generated thumbnail,False,True,0
wp-content/uploads/2023/12/Logo-Advent-pdf-139x150.jpg,34234,b90d65057bbd25f3f48b8edd5d087374f8b3314db02e51c099dfeb20332133de,www.gemeinde-merching.de_wpvivid-b8981f085de20_2026-10-10-16-11_backup_uploads.part005.zip,.jpg,generated thumbnail,False,True,0
wp-content/uploads/2023/12/Amtsblatt-01-2024Jahrg.-79-Nr.-01-pdf-212x300.jpg,11999,e7a156abbff7e1a7b20e291f3101b320ce84112e353cd96fed892992ed29c030,www.gemeinde-merching.de_wpvivid-b8981f085de20_2026-10-10-16-11_backup_uploads.part005.zip,.jpg,generated thumbnail,False,True,0
wp-content/uploads/2023/12/Logo-Advent.pdf,280548,add6086f9f5e9d80005b3b13c041395067deb02c451242cb2820abb14911d672,www.gemeinde-merching.de_wpvivid-b8981f085de20_2026-10-10-16-11_backup_uploads.part005.zip,.pdf,original/referenced,True,False,0
wp-content/uploads/2023/12/Verordnung-der-Gemeinde-Merching-ueber-das-Anbringen-von-Anschlaegen-u.-Plakaten-pdf.jpg,268454,6cb308035af19ee41de94c0ee187570bb5631916ca77994e144dcdd9ff6bdb49,www.gemeinde-merching.de_wpvivid-b8981f085de20_2026-10-10-16-11_backup_uploads.part005.zip,.jpg,generated thumbnail,False,False,0
wp-content/uploads/2023/12/Bekanntmachung-Plakatierungsverordnung-pdf-212x300.jpg,15802,20276d75ef10e9f85d38457e6b4981501196f691ce34ea7d2f9eb15981251da5,www.gemeinde-merching.de_wpvivid-b8981f085de20_2026-10-10-16-11_backup_uploads.part005.zip,.jpg,generated thumbnail,False,True,0
wp-content/uploads/2023/12/Amtsblatt-12a-2023Jahrg.-78-Nr.-12a-pdf-106x150.jpg,4598,0d978d8e57b2c0a916f54950899612f5ee721ca1187dcc53ccbe1756117a278a,www.gemeinde-merching.de_wpvivid-b8981f085de20_2026-10-10-16-11_backup_uploads.part005.zip,.jpg,generated thumbnail,False,True,0
wp-content/uploads/2023/12/Logo-Advent-pdf.jpg,67954,f0d29a05a2a0bb18f189294a0bce273f1e49b94c6a4683be160ff946b2c02cb2,www.gemeinde-merching.de_wpvivid-b8981f085de20_2026-10-10-16-11_backup_uploads.part005.zip,.jpg,generated thumbnail,False,False,0
wp-content/uploads/2023/12/Amtsblatt-01-2024Jahrg.-79-Nr.-01.pdf,385740,c3790e4469977cb6d634774fe6bff9ca4ab167ca2924cab9d597e19200c57438,www.gemeinde-merching.de_wpvivid-b8981f085de20_2026-10-10-16-11_backup_uploads.part005.zip,.pdf,original/referenced,True,False,0
wp-content/uploads/2023/12/Gemeindekurier-Weihnachten-2023-f.-Homepage-pdf-150x106.jpg,7756,1db2957d8f21fdfa183b836bb9806feae6afda0d2a6c1292d53532d2d5ad4a0b,www.gemeinde-merching.de_wpvivid-b8981f085de20_2026-10-10-16-11_backup_uploads.part005.zip,.jpg,generated thumbnail,False,True,0
wp-content/uploads/2023/12/Amtsblatt-12a-2023Jahrg.-78-Nr.-12a-pdf.jpg,83487,31007fc03854c45a2f72370b8bcf9ce0c61ac7998dc0e41d6abd51eee3d54f82,www.gemeinde-merching.de_wpvivid-b8981f085de20_2026-10-10-16-11_backup_uploads.part005.zip,.jpg,generated thumbnail,False,False,0
wp-content/uploads/2023/12/Verordnung-der-Gemeinde-Merching-ueber-das-Anbringen-von-Anschlaegen-u.-Plakaten-pdf-106x150.jpg,6038,7cc47ef990e6b3c20b902759b5c83fb74f6520d28da641e1b2e0e9cf2c8a4d77,www.gemeinde-merching.de_wpvivid-b8981f085de20_2026-10-10-16-11_backup_uploads.part005.zip,.jpg,generated thumbnail,False,True,0
wp-content/uploads/2023/12/Verordnung-der-Gemeinde-Merching-ueber-das-Anbringen-von-Anschlaegen-u.-Plakaten-pdf-212x300.jpg,14755,0d6af09e0919d2e9a95a5da553377985ee9fe16686c824bdafe20870e1f868ed,www.gemeinde-merching.de_wpvivid-b8981f085de20_2026-10-10-16-11_backup_uploads.part005.zip,.jpg,generated thumbnail,False,True,0
wp-content/uploads/2023/12/Gemeindekurier-Weihnachten-2023-f.-Homepage-pdf.jpg,536033,0e09946002f62f767af14079003500964641159f65e00a540769930ffbdbd53d,www.gemeinde-merching.de_wpvivid-b8981f085de20_2026-10-10-16-11_backup_uploads.part005.zip,.jpg,generated thumbnail,False,False,0
wp-content/uploads/2023/12/Wappen_Aichach-Friedberg_139x150.png,19040,7f85152e94f61a1a1a6855e25630e09d853e924756f4bdde637f7e5b911b9d63,www.gemeinde-merching.de_wpvivid-b8981f085de20_2026-10-10-16-11_backup_uploads.part005.zip,.png,unreferenced candidate (not proven orphan),False,False,0
wp-content/uploads/2023/12/Amtsblatt-12-2023Jahrg.-78-Nr.-12-pdf-724x1024.jpg,39772,de949b3185416b0056a2abb3815f31fcdbe14201c35a5a987203e8b26f3bb798,www.gemeinde-merching.de_wpvivid-b8981f085de20_2026-10-10-16-11_backup_uploads.part005.zip,.jpg,generated thumbnail,False,True,0
wp-content/uploads/2023/12/Wappen_Aichach-Friedberg_139x150-e1788341287103.png,14298,dc0b2afa426c40fcb3294e1da16c0ef6befca9bf807dfcf2f147404233ca7ce8,www.gemeinde-merching.de_wpvivid-b8981f085de20_2026-10-10-16-11_backup_uploads.part005.zip,.png,original/referenced,True,False,17
wp-content/uploads/2023/12/Bekanntmachung-Plakatierungsverordnung.pdf,43422,cf287c1cde86a3e27640e005949c65917580c5356dfda2a7d0a38df641691efa,www.gemeinde-merching.de_wpvivid-b8981f085de20_2026-10-10-16-11_backup_uploads.part005.zip,.pdf,original/referenced,True,False,0
wp-content/uploads/2023/12/Verordnung-der-Gemeinde-Merching-ueber-das-Anbringen-von-Anschlaegen-u.-Plakaten-pdf-724x1024.jpg,129372,16f06ea64fe3deec663b58a6bfcf195ed616cb1fe153dd43c44a299b305d8a96,www.gemeinde-merching.de_wpvivid-b8981f085de20_2026-10-10-16-11_backup_uploads.part005.zip,.jpg,generated thumbnail,False,True,0
wp-content/uploads/2023/12/Gemeindekurier-Weihnachten-2023-f.-Homepage-pdf-1024x724.jpg,150049,5dfcc2ed3cba4b6b220d1fc1fc0da526ea4ca5c8bf8a958f02ada3296e94b922,www.gemeinde-merching.de_wpvivid-b8981f085de20_2026-10-10-16-11_backup_uploads.part005.zip,.jpg,generated thumbnail,False,True,0
wp-content/uploads/2023/12/Bekanntmachung-Plakatierungsverordnung-pdf-724x1024.jpg,104210,d108ca30df4a7d56ce16350af43e1cf8dd3be6aff89b485d64b9adce0745aedb,www.gemeinde-merching.de_wpvivid-b8981f085de20_2026-10-10-16-11_backup_uploads.part005.zip,.jpg,generated thumbnail,False,True,0
wp-content/uploads/2023/12/Gemeindekurier-Weihnachten-2023-f.-Homepage.pdf,1128188,8e0b5ddd65d6ec423c4e56c7a47deea0452449b2cce96621f3fc5744097e9317,www.gemeinde-merching.de_wpvivid-b8981f085de20_2026-10-10-16-11_backup_uploads.part005.zip,.pdf,original/referenced,True,False,0
wp-content/uploads/2023/12/Amtsblatt-12-2023Jahrg.-78-Nr.-12-pdf-106x150.jpg,4430,7684d78be043438a0a85da0ad6d9ecb6ea6dc137f0b08d3065bba29cd54356a8,www.gemeinde-merching.de_wpvivid-b8981f085de20_2026-10-10-16-11_backup_uploads.part005.zip,.jpg,generated thumbnail,False,True,0
wp-content/uploads/2023/12/Amtsblatt-12-2023Jahrg.-78-Nr.-12-pdf-212x300.jpg,7795,9d7017c747593c68d55f4533f83a4be03ca345c0555f2e78e106bf9f42276e72,www.gemeinde-merching.de_wpvivid-b8981f085de20_2026-10-10-16-11_backup_uploads.part005.zip,.jpg,generated thumbnail,False,True,0
wp-content/uploads/2023/12/Amtsblatt-01-2024Jahrg.-79-Nr.-01-pdf.jpg,171837,1146cae48e82ad267d90cf7b61643e0b5d397ec0c79251748ac0430403958a70,www.gemeinde-merching.de_wpvivid-b8981f085de20_2026-10-10-16-11_backup_uploads.part005.zip,.jpg,generated thumbnail,False,False,0
wp-content/uploads/2023/12/Amtsblatt-12a-2023Jahrg.-78-Nr.-12a-pdf-724x1024.jpg,45317,4f4419f1c3a31204dc9e3e12e259624417a3efb70d3cd5707931a09fff2e1b14,www.gemeinde-merching.de_wpvivid-b8981f085de20_2026-10-10-16-11_backup_uploads.part005.zip,.jpg,generated thumbnail,False,True,0
wp-content/uploads/2023/12/Verordnung-der-Gemeinde-Merching-ueber-das-Anbringen-von-Anschlaegen-u.-Plakaten.pdf,748752,c364a0a53cf41c50be1ec4a47d01e551887ff0b277e71e11cbb49974c14a445b,www.gemeinde-merching.de_wpvivid-b8981f085de20_2026-10-10-16-11_backup_uploads.part005.zip,.pdf,original/referenced,True,False,0
wp-content/uploads/2023/12/Amtsblatt-12-2023Jahrg.-78-Nr.-12-pdf.jpg,73048,250d02ca86afd5a29a6a82909d07d3854510412dfd688097a73436a760758489,www.gemeinde-merching.de_wpvivid-b8981f085de20_2026-10-10-16-11_backup_uploads.part005.zip,.jpg,generated thumbnail,False,False,0
wp-content/uploads/2023/12/Amtsblatt-12-2023Jahrg.-78-Nr.-12.pdf,154336,ab0329efdf734e0a5639a36e97fc524ed8f0b30822c9b1f95cb440b06bbed052,www.gemeinde-merching.de_wpvivid-b8981f085de20_2026-10-10-16-11_backup_uploads.part005.zip,.pdf,original/referenced,True,False,0
wp-content/uploads/2023/12/Logo-Advent-pdf-279x300.jpg,45492,0a88f333255f1db7e794a96d30bfbb2e29bd75012dd328be38999c4044839c17,www.gemeinde-merching.de_wpvivid-b8981f085de20_2026-10-10-16-11_backup_uploads.part005.zip,.jpg,generated thumbnail,False,True,0
wp-content/uploads/2023/12/Gemeindekurier-Weihnachten-2023-f.-Homepage-pdf-300x212.jpg,18480,2d8f44366ca3ebdbfdbd7819455babbc18ebcd25b2785464b429d79c3b75ab51,www.gemeinde-merching.de_wpvivid-b8981f085de20_2026-10-10-16-11_backup_uploads.part005.zip,.jpg,generated thumbnail,False,True,0
wp-content/uploads/2023/12/Amtsblatt-12a-2023Jahrg.-78-Nr.-12a.pdf,645003,66ced8a7a9a2eb3e0ddc3926697631c27cd0b54ab19bc6f376f750a5c6edb75c,www.gemeinde-merching.de_wpvivid-b8981f085de20_2026-10-10-16-11_backup_uploads.part005.zip,.pdf,original/referenced,True,False,0
wp-content/uploads/2023/12/Bekanntmachung-Plakatierungsverordnung-pdf-106x150.jpg,6757,8f473de7f0430fe54d013bb97523d01b7216c29cf3d2913c4bc15353d2968cd7,www.gemeinde-merching.de_wpvivid-b8981f085de20_2026-10-10-16-11_backup_uploads.part005.zip,.jpg,generated thumbnail,False,True,0
wp-content/uploads/2023/12/Amtsblatt-01-2024Jahrg.-79-Nr.-01-pdf-724x1024.jpg,87470,7fcad795b2d169ee8c31c3f3d3c98b849e56b5547d6370bcf4546f722b7992f9,www.gemeinde-merching.de_wpvivid-b8981f085de20_2026-10-10-16-11_backup_uploads.part005.zip,.jpg,generated thumbnail,False,True,0
wp-content/uploads/2023/05/Amtsblatt-03-2023Jahrg.-78-Nr.-3.pdf,543671,2cd96f3a1f2a55c62db0a6b05656d92c36eddcae04af4825b10d8fefc4793751,www.gemeinde-merching.de_wpvivid-b8981f085de20_2026-10-10-16-11_backup_uploads.part005.zip,.pdf,original/referenced,True,False,0
wp-content/uploads/2023/05/Satzung-30.05.2023-pdf-106x150.jpg,6319,4ead00d74fbbd2289f623841d6f3bc659a913ce85b23a654f15f8ec9cb627b59,www.gemeinde-merching.de_wpvivid-b8981f085de20_2026-10-10-16-11_backup_uploads.part005.zip,.jpg,generated thumbnail,False,True,0
wp-content/uploads/2023/05/oeffentl.-Bekanntmachung_GR-04.05.23-pdf-212x300.jpg,15505,60861f3464593249061414d1dee4f89926d2ae2a7ec95a83d2a61da74753eeea,www.gemeinde-merching.de_wpvivid-b8981f085de20_2026-10-10-16-11_backup_uploads.part005.zip,.jpg,generated thumbnail,False,True,0
wp-content/uploads/2023/05/Satzung-30.05.2023-pdf.jpg,223780,480e12106c1266db3ecd77014c8910f5b50a62977d0b227718d3868d7ab6402c,www.gemeinde-merching.de_wpvivid-b8981f085de20_2026-10-10-16-11_backup_uploads.part005.zip,.jpg,generated thumbnail,False,False,0
wp-content/uploads/2023/05/Vorkaufsrechtssatzung-pdf-724x1024.jpg,113507,56cc901ce037b3af81158b3217123f08c8f3286c01d41f3bbe85ea4f49feccaa,www.gemeinde-merching.de_wpvivid-b8981f085de20_2026-10-10-16-11_backup_uploads.part005.zip,.jpg,generated thumbnail,False,True,0
wp-content/uploads/2023/05/Vorkaufsrechtssatzung-pdf.jpg,226491,e27ce50b38594475ac901f05bc832e8bb4e8be2e8fd79ddb45c812c604f45f0b,www.gemeinde-merching.de_wpvivid-b8981f085de20_2026-10-10-16-11_backup_uploads.part005.zip,.jpg,generated thumbnail,False,False,0
wp-content/uploads/2023/05/Vorkaufsrechtssatzung-pdf-212x300.jpg,15055,53bd5e1fcf32de573fda5501ec0bb39d07a371d10651cbd65220b1033ee8d275,www.gemeinde-merching.de_wpvivid-b8981f085de20_2026-10-10-16-11_backup_uploads.part005.zip,.jpg,generated thumbnail,False,True,0
wp-content/uploads/2023/05/Amtsblatt-03-2023Jahrg.-78-Nr.-3-pdf-106x150.jpg,5514,a87d36cf3860dfcfd37b22b53d32b6e7ad3fb7487b7956488ab5361ae3dc3eed,www.gemeinde-merching.de_wpvivid-b8981f085de20_2026-10-10-16-11_backup_uploads.part005.zip,.jpg,generated thumbnail,False,True,0
wp-content/uploads/2023/05/oeffentl.-Bekanntmachung_GR-04.05.23.pdf,132285,55755e8646bbf44d85968b2679482d75ae623e6581af838efd10002fa43212fa,www.gemeinde-merching.de_wpvivid-b8981f085de20_2026-10-10-16-11_backup_uploads.part005.zip,.pdf,original/referenced,True,False,0
wp-content/uploads/2023/05/Aufhebung_BP_Nr3a_Bekanntmachung_Auslegung-pdf-106x150.jpg,6897,a7d6294fc30c5caaadfe76b741aabf7fcb21448292350f637bb1cbbf66355120,www.gemeinde-merching.de_wpvivid-b8981f085de20_2026-10-10-16-11_backup_uploads.part005.zip,.jpg,generated thumbnail,False,True,0
wp-content/uploads/2023/05/Amtsblatt-03-2023Jahrg.-78-Nr.-3-pdf-724x1024.jpg,74075,51b73fdcdc0870988b5281c93299361cb390a643a11de6de191f9ccb34ba12cd,www.gemeinde-merching.de_wpvivid-b8981f085de20_2026-10-10-16-11_backup_uploads.part005.zip,.jpg,generated thumbnail,False,True,0
wp-content/uploads/2023/05/Vorkaufsrechtssatzung-1-pdf-724x1024.jpg,113507,56cc901ce037b3af81158b3217123f08c8f3286c01d41f3bbe85ea4f49feccaa,www.gemeinde-merching.de_wpvivid-b8981f085de20_2026-10-10-16-11_backup_uploads.part005.zip,.jpg,generated thumbnail,False,True,0
wp-content/uploads/2023/05/Satzung-30.05.2023.pdf,677983,81a9602951a4d47090e05bd57376487ed994f9a64e097a104e8d621159e5b5b5,www.gemeinde-merching.de_wpvivid-b8981f085de20_2026-10-10-16-11_backup_uploads.part005.zip,.pdf,original/referenced,True,False,0
wp-content/uploads/2023/05/Aufhebung_BP_Nr3a_Bekanntmachung_Auslegung-pdf-724x1024.jpg,188128,1c1c3f65a9b76956a1238628333d27e363d5a3612fb517c72949d1f652837eb6,www.gemeinde-merching.de_wpvivid-b8981f085de20_2026-10-10-16-11_backup_uploads.part005.zip,.jpg,generated thumbnail,False,True,0
wp-content/uploads/2023/05/Amtsblatt-03-2023Jahrg.-78-Nr.-3-pdf-212x300.jpg,12063,ae7633afa0e7575cda7fadab5b65d4c3a29b1130be69ab68cfdccc7f4ef5a2b0,www.gemeinde-merching.de_wpvivid-b8981f085de20_2026-10-10-16-11_backup_uploads.part005.zip,.jpg,generated thumbnail,False,True,0
wp-content/uploads/2023/05/Amtsblatt-05-2023Jahrg.-78-Nr.-05-pdf-106x150.jpg,6023,8c79d8e4485886f3d5d37056e296b6ce02d1f7eac39bcf7c17cb83a0029d3407,www.gemeinde-merching.de_wpvivid-b8981f085de20_2026-10-10-16-11_backup_uploads.part005.zip,.jpg,generated thumbnail,False,True,0
wp-content/uploads/2023/05/Bekanntmachung_ern_oeff_Ausl_BPNr34_Oestl_Nebelhornstr-pdf-106x150.jpg,6570,6da7607f96c07706dd347b67a5b1f6d7f4495fecd6826645ea4658c5f02ec342,www.gemeinde-merching.de_wpvivid-b8981f085de20_2026-10-10-16-11_backup_uploads.part005.zip,.jpg,generated thumbnail,False,True,0
wp-content/uploads/2023/05/Amtsblatt-05-2023Jahrg.-78-Nr.-05-pdf.jpg,201934,1ce2cb07b00d2ab13e7dc78f3b26b4210e1e056203a3fa1b76d84ff27e22c425,www.gemeinde-merching.de_wpvivid-b8981f085de20_2026-10-10-16-11_backup_uploads.part005.zip,.jpg,generated thumbnail,False,False,0
wp-content/uploads/2023/05/oeffentl.-Bekanntmachung_GR-04.05.23-pdf-724x1024.jpg,122175,062d3201136e0d89467073b3fb340f76077f0eb023e2a1a37fe768750436e334,www.gemeinde-merching.de_wpvivid-b8981f085de20_2026-10-10-16-11_backup_uploads.part005.zip,.jpg,generated thumbnail,False,True,0
wp-content/uploads/2023/05/Gemeindekurier-April-2023-f.-Homepage-neu-pdf.jpg,178482,ca60b6116e4394ccd76c4e180018848abf0b3cebf5bc7fc6efd9e11f6a52b6b9,www.gemeinde-merching.de_wpvivid-b8981f085de20_2026-10-10-16-11_backup_uploads.part005.zip,.jpg,generated thumbnail,False,False,0
wp-content/uploads/2023/05/Vorkaufsrechtssatzung-1-pdf-106x150.jpg,6280,5c36955c10a3ed77eacee23662ceabf121b7dc65bda118f5bcdcd631b4ad5816,www.gemeinde-merching.de_wpvivid-b8981f085de20_2026-10-10-16-11_backup_uploads.part005.zip,.jpg,generated thumbnail,False,True,0
wp-content/uploads/2023/05/Gemeindekurier-April-2023-f.-Homepage-neu-pdf-150x106.jpg,6687,f61be41081f160a8c5df6ad828c8ac162db5ca849e87229765b8a10bf68d2ac8,www.gemeinde-merching.de_wpvivid-b8981f085de20_2026-10-10-16-11_backup_uploads.part005.zip,.jpg,generated thumbnail,False,True,0
wp-content/uploads/2023/05/Gemeindekurier-April-2023-f.-Homepage-neu-pdf-1024x724.jpg,58808,a1f85178fcf0a57def64f1ff3667eaeb01ae7c45f18e5c3bbb69a2adce1651b3,www.gemeinde-merching.de_wpvivid-b8981f085de20_2026-10-10-16-11_backup_uploads.part005.zip,.jpg,generated thumbnail,False,True,0
wp-content/uploads/2023/05/Vorkaufsrechtssatzung-pdf-106x150.jpg,6280,5c36955c10a3ed77eacee23662ceabf121b7dc65bda118f5bcdcd631b4ad5816,www.gemeinde-merching.de_wpvivid-b8981f085de20_2026-10-10-16-11_backup_uploads.part005.zip,.jpg,generated thumbnail,False,True,0
wp-content/uploads/2023/05/Satzung-30.05.2023-pdf-724x1024.jpg,112887,48b55693b9bcdf6be0000e130f11ee85bbf0f69a141ca4b82c4a3aaf2d0c447c,www.gemeinde-merching.de_wpvivid-b8981f085de20_2026-10-10-16-11_backup_uploads.part005.zip,.jpg,generated thumbnail,False,True,0
wp-content/uploads/2023/05/oeffentl.-Bekanntmachung_GR-04.05.23-pdf.jpg,238314,432706eea32b3b3e844274b60c9fdae4703b0471c31f1ad695f25be807cdfbf9,www.gemeinde-merching.de_wpvivid-b8981f085de20_2026-10-10-16-11_backup_uploads.part005.zip,.jpg,generated thumbnail,False,False,0
wp-content/uploads/2023/05/Vorkaufsrechtssatzung-1.pdf,932934,4517b288837120f53475109ecdbb322c23d44b116d6d453f5ed1aaae72dd0f4f,www.gemeinde-merching.de_wpvivid-b8981f085de20_2026-10-10-16-11_backup_uploads.part005.zip,.pdf,original/referenced,True,False,1
wp-content/uploads/2023/05/Vorkaufsrechtssatzung-1-pdf-212x300.jpg,15055,53bd5e1fcf32de573fda5501ec0bb39d07a371d10651cbd65220b1033ee8d275,www.gemeinde-merching.de_wpvivid-b8981f085de20_2026-10-10-16-11_backup_uploads.part005.zip,.jpg,generated thumbnail,False,True,0
wp-content/uploads/2023/05/oeffentl.-Bekanntmachung_GR-04.05.23-pdf-106x150.jpg,6322,408f2f7ce1c11937924144f594000d710e961e78d8d0c58a2304343a6c59429b,www.gemeinde-merching.de_wpvivid-b8981f085de20_2026-10-10-16-11_backup_uploads.part005.zip,.jpg,generated thumbnail,False,True,0
wp-content/uploads/2023/05/Bekanntmachung_ern_oeff_Ausl_BPNr34_Oestl_Nebelhornstr-pdf-724x1024.jpg,179516,2f017aa220a8a0af55a9435edb84c07cb59a03b6ad41a40181a78ed84e3d05ed,www.gemeinde-merching.de_wpvivid-b8981f085de20_2026-10-10-16-11_backup_uploads.part005.zip,.jpg,generated thumbnail,False,True,0
wp-content/uploads/2023/05/Aufhebung_BP_Nr3a_Bekanntmachung_Auslegung-pdf-212x300.jpg,19321,b7d56f0d921fb578647dc2191ca317d180fa5fef15fd1fadce1fce4329c8921d,www.gemeinde-merching.de_wpvivid-b8981f085de20_2026-10-10-16-11_backup_uploads.part005.zip,.jpg,generated thumbnail,False,True,0
wp-content/uploads/2023/05/Bekanntmachung_ern_oeff_Ausl_BPNr34_Oestl_Nebelhornstr-pdf-212x300.jpg,18641,8dd58de05c2eee7d30c3cb49109c4cd7930c93f511212b3cdde74622b5ee9c29,www.gemeinde-merching.de_wpvivid-b8981f085de20_2026-10-10-16-11_backup_uploads.part005.zip,.jpg,generated thumbnail,False,True,0
wp-content/uploads/2023/05/Bekanntmachung_ern_oeff_Ausl_BPNr34_Oestl_Nebelhornstr-pdf.jpg,370074,bf9c50c3459516a028dddf0f1cf7e3765fdbc57aee7d89854606fd27f56bb8c2,www.gemeinde-merching.de_wpvivid-b8981f085de20_2026-10-10-16-11_backup_uploads.part005.zip,.jpg,generated thumbnail,False,False,0
wp-content/uploads/2023/05/Satzung-30.05.2023-pdf-212x300.jpg,14936,64e473fe7692e66bfe599a231655b087b595750fa7377ec8aff898e7efbc189d,www.gemeinde-merching.de_wpvivid-b8981f085de20_2026-10-10-16-11_backup_uploads.part005.zip,.jpg,generated thumbnail,False,True,0
wp-content/uploads/2023/05/Vorkaufsrechtssatzung.pdf,932934,4517b288837120f53475109ecdbb322c23d44b116d6d453f5ed1aaae72dd0f4f,www.gemeinde-merching.de_wpvivid-b8981f085de20_2026-10-10-16-11_backup_uploads.part005.zip,.pdf,original/referenced,True,False,0
wp-content/uploads/2023/05/Amtsblatt-05-2023Jahrg.-78-Nr.-05.pdf,386721,7c369b51035b39d6f002c97b815f9b30e710adf31b966552b0d6ccbe017a6767,www.gemeinde-merching.de_wpvivid-b8981f085de20_2026-10-10-16-11_backup_uploads.part005.zip,.pdf,original/referenced,True,False,0
wp-content/uploads/2023/05/Aufhebung_BP_Nr3a_Bekanntmachung_Auslegung.pdf,1141603,3e8823c1ac5221633b7d3ce7fbe97ba0d651d577c95bfc82fa16a5ac28496051,www.gemeinde-merching.de_wpvivid-b8981f085de20_2026-10-10-16-11_backup_uploads.part005.zip,.pdf,original/referenced,True,False,0
wp-content/uploads/2023/05/Bekanntmachung_ern_oeff_Ausl_BPNr34_Oestl_Nebelhornstr.pdf,1160932,2d77dea9177c4c11fe53617b12cc8b124567c7b7af87a3cd1a5e465e5cb067e3,www.gemeinde-merching.de_wpvivid-b8981f085de20_2026-10-10-16-11_backup_uploads.part005.zip,.pdf,original/referenced,True,False,0
wp-content/uploads/2023/05/Vorkaufsrechtssatzung-1-pdf.jpg,226491,e27ce50b38594475ac901f05bc832e8bb4e8be2e8fd79ddb45c812c604f45f0b,www.gemeinde-merching.de_wpvivid-b8981f085de20_2026-10-10-16-11_backup_uploads.part005.zip,.jpg,generated thumbnail,False,False,0
wp-content/uploads/2023/05/Gemeindekurier-April-2023-f.-Homepage-neu.pdf,488586,ba4b9776950b7aacde842f9599c97ba5491dc3dff310f89c5a5ce4a33912b390,www.gemeinde-merching.de_wpvivid-b8981f085de20_2026-10-10-16-11_backup_uploads.part005.zip,.pdf,original/referenced,True,False,0
wp-content/uploads/2023/05/Amtsblatt-05-2023Jahrg.-78-Nr.-05-pdf-212x300.jpg,13755,9a036ac772292e9f2138195f2f1be01d81d7b8c6f6278f396812364318b91774,www.gemeinde-merching.de_wpvivid-b8981f085de20_2026-10-10-16-11_backup_uploads.part005.zip,.jpg,generated thumbnail,False,True,0
wp-content/uploads/2023/05/Amtsblatt-03-2023Jahrg.-78-Nr.-3-pdf.jpg,143034,f7d8bccecc86ef8f99af9d40c1b6170aacc6cbac0ed89fcf40e5d70514378a1d,www.gemeinde-merching.de_wpvivid-b8981f085de20_2026-10-10-16-11_backup_uploads.part005.zip,.jpg,generated thumbnail,False,False,0
wp-content/uploads/2023/05/Aufhebung_BP_Nr3a_Bekanntmachung_Auslegung-pdf.jpg,378691,e3056e764d9f5ede90eb8d5773729010c74e13e1dfdae7e115b79d98f3be40e7,www.gemeinde-merching.de_wpvivid-b8981f085de20_2026-10-10-16-11_backup_uploads.part005.zip,.jpg,generated thumbnail,False,False,0
wp-content/uploads/2023/05/Gemeindekurier-April-2023-f.-Homepage-neu-pdf-300x212.jpg,11677,5943d80074d21d22f0f9d0d37164331e67c238c1504b97872b4b9515af9ce632,www.gemeinde-merching.de_wpvivid-b8981f085de20_2026-10-10-16-11_backup_uploads.part005.zip,.jpg,generated thumbnail,False,True,0
wp-content/uploads/2023/05/Amtsblatt-05-2023Jahrg.-78-Nr.-05-pdf-724x1024.jpg,100470,0ce500af937662908da53aede8e905ac6651a51df51ccefaf2828e59980ee5df,www.gemeinde-merching.de_wpvivid-b8981f085de20_2026-10-10-16-11_backup_uploads.part005.zip,.jpg,generated thumbnail,False,True,0
wp-content/uploads/2023/08/Amtsblatt-08-2023Jahrg.-78-Nr.-08-pdf-724x1024.jpg,92305,3b70fe3c5c81eedfb3b3130c13c3a53110949a45f8d66eba86d3b7a6f85b7b04,www.gemeinde-merching.de_wpvivid-b8981f085de20_2026-10-10-16-11_backup_uploads.part005.zip,.jpg,generated thumbnail,False,True,0
wp-content/uploads/2023/08/Logo-Pflegestuetzpunkt-Landkreis-Aichach-Friedberg-CMYK-1536x547.webp,35806,1fdd21c54b938f68895138866eda0345490ffe8fb57d517455479bb91b62163f,www.gemeinde-merching.de_wpvivid-b8981f085de20_2026-10-10-16-11_backup_uploads.part005.zip,.webp,generated thumbnail,False,True,0
wp-content/uploads/2023/08/Logo-Pflegestuetzpunkt-Landkreis-Aichach-Friedberg-CMYK-300x107.webp,5742,cdf103f664a69756bd3df1dcf45a52dd4e27b3782a43bbefcbea0cabb01e0d78,www.gemeinde-merching.de_wpvivid-b8981f085de20_2026-10-10-16-11_backup_uploads.part005.zip,.webp,generated thumbnail,False,True,0
wp-content/uploads/2023/08/Pflegestuetzpunkt_Aichach-Friedberg_2023.pdf,117522,3d023e0dfbc490b2e5ca1e3cb36386af619064f4806cf86a212b4559533e56eb,www.gemeinde-merching.de_wpvivid-b8981f085de20_2026-10-10-16-11_backup_uploads.part005.zip,.pdf,original/referenced,True,False,0
wp-content/uploads/2023/08/MandatformularGemeinde_mit-_Tel_und_E-Mail_2023.pdf,22525,6a99174118e989577e565c1b26b58ef0f427e7f43195ae4f03910ee9d8348708,www.gemeinde-merching.de_wpvivid-b8981f085de20_2026-10-10-16-11_backup_uploads.part005.zip,.pdf,original/referenced,True,False,1
wp-content/uploads/2023/08/Amtsblatt-08-2023Jahrg.-78-Nr.-08-pdf-106x150.jpg,5700,443ff0850b3693e1966b111a53c4be1a56f3bd0a3cfe3295e80b264318c47787,www.gemeinde-merching.de_wpvivid-b8981f085de20_2026-10-10-16-11_backup_uploads.part005.zip,.jpg,generated thumbnail,False,True,0
wp-content/uploads/2023/08/Logo-Pflegestuetzpunkt-Landkreis-Aichach-Friedberg-CMYK.webp,34252,1f54e496f1abbf3620a7beaf17f4ecd8c25a987e0d5e6b422f73ccd10de5ff49,www.gemeinde-merching.de_wpvivid-b8981f085de20_2026-10-10-16-11_backup_uploads.part005.zip,.webp,unreferenced candidate (not proven orphan),False,False,0
wp-content/uploads/2023/08/Amtsblatt-08-2023Jahrg.-78-Nr.-08.pdf,407535,feee7188f902fa64a85bcac25474f7a61ad4c9c4f85489c094e9466455ba1b8a,www.gemeinde-merching.de_wpvivid-b8981f085de20_2026-10-10-16-11_backup_uploads.part005.zip,.pdf,original/referenced,True,False,0
wp-content/uploads/2023/08/MandatformularGemeinde_mit-_Tel_und_E-Mail_2023-pdf-724x1024.jpg,91724,a220ab937f5a2f4bb974c6e111d88d74dfb21dd8c31da02a692b6b1e34504a21,www.gemeinde-merching.de_wpvivid-b8981f085de20_2026-10-10-16-11_backup_uploads.part005.zip,.jpg,generated thumbnail,False,True,0
wp-content/uploads/2023/08/Pflegestuetzpunkt_Aichach-Friedberg_2023-pdf-724x1024.jpg,47788,54c0c62804eb1814eeb6debb82bd73be66b7accfa06c9e12780966594da1d988,www.gemeinde-merching.de_wpvivid-b8981f085de20_2026-10-10-16-11_backup_uploads.part005.zip,.jpg,generated thumbnail,False,True,0
wp-content/uploads/2023/08/Pflegestuetzpunkt_Aichach-Friedberg_2023-pdf-212x300.jpg,8214,baa0406a7d9a68990a5ecb413dc614f046440f248113fc0a0dde01d06b8aca65,www.gemeinde-merching.de_wpvivid-b8981f085de20_2026-10-10-16-11_backup_uploads.part005.zip,.jpg,generated thumbnail,False,True,0
wp-content/uploads/2023/08/Amtsblatt-08-2023Jahrg.-78-Nr.-08-pdf-212x300.jpg,12718,a60ddae57067cec035842c7a32bb3bbdde6d8240958ab89d24564f4cbc0373d2,www.gemeinde-merching.de_wpvivid-b8981f085de20_2026-10-10-16-11_backup_uploads.part005.zip,.jpg,generated thumbnail,False,True,0
wp-content/uploads/2023/08/Logo-Pflegestuetzpunkt-Landkreis-Aichach-Friedberg-CMYK-768x273.webp,16688,14e331a9efa02e6da73806231d669e737031f9f27b5fbea003676a6fcde39104,www.gemeinde-merching.de_wpvivid-b8981f085de20_2026-10-10-16-11_backup_uploads.part005.zip,.webp,generated thumbnail,False,True,0
wp-content/uploads/2023/08/MandatformularGemeinde_mit-_Tel_und_E-Mail_2023-pdf-106x150.jpg,6278,4738774316ef32698b4b8c3d6dda1df26dcd62fae37dd589428d9fda9f29aee2,www.gemeinde-merching.de_wpvivid-b8981f085de20_2026-10-10-16-11_backup_uploads.part005.zip,.jpg,generated thumbnail,False,True,0
wp-content/uploads/2023/08/Logo-Pflegestuetzpunkt-Landkreis-Aichach-Friedberg-CMYK-e1691053220541.webp,1776,02d20e79ebb5227924874363b6d0d52c5cd3b9ed154b3a40984db9492323d779,www.gemeinde-merching.de_wpvivid-b8981f085de20_2026-10-10-16-11_backup_uploads.part005.zip,.webp,original/referenced,True,False,2
wp-content/uploads/2023/08/MandatformularGemeinde_mit-_Tel_und_E-Mail_2023-pdf.jpg,176149,c10f4c94637d9dc47d2b57e209498769defbbf66ad929a881f871f988a70bd73,www.gemeinde-merching.de_wpvivid-b8981f085de20_2026-10-10-16-11_backup_uploads.part005.zip,.jpg,generated thumbnail,False,False,0
wp-content/uploads/2023/08/MandatformularGemeinde_mit-_Tel_und_E-Mail_2023-pdf-212x300.jpg,13893,54b7f27d783cd07176dec958ec3d1c43f85582525344cd7c0717521132eaff60,www.gemeinde-merching.de_wpvivid-b8981f085de20_2026-10-10-16-11_backup_uploads.part005.zip,.jpg,generated thumbnail,False,True,0
wp-content/uploads/2023/08/Pflegestuetzpunkt_Aichach-Friedberg_2023-pdf-106x150.jpg,4894,ac09386d55263d7b412a53be103bfde257e5f291f29f9407023684246e747b24,www.gemeinde-merching.de_wpvivid-b8981f085de20_2026-10-10-16-11_backup_uploads.part005.zip,.jpg,generated thumbnail,False,True,0
wp-content/uploads/2023/08/Logo-Pflegestuetzpunkt-Landkreis-Aichach-Friedberg-CMYK-1024x365.webp,22662,b4f7bddd962314b05f357c1b9a30a3eaca6ec4df6cd8712c2f2a9d6dc183c063,www.gemeinde-merching.de_wpvivid-b8981f085de20_2026-10-10-16-11_backup_uploads.part005.zip,.webp,generated thumbnail,False,True,0
wp-content/uploads/2023/08/Pflegestuetzpunkt_Aichach-Friedberg_2023-pdf.jpg,91566,e13ff58f85ff037d0090fb421462eb92ccb5ae7332512b955dbd4a3f76236b67,www.gemeinde-merching.de_wpvivid-b8981f085de20_2026-10-10-16-11_backup_uploads.part005.zip,.jpg,generated thumbnail,False,False,0
wp-content/uploads/2023/08/Amtsblatt-08-2023Jahrg.-78-Nr.-08-pdf.jpg,188018,f13c24287d280cc3ac0e1c03ea9e18cf95a797ff9152e52281c8771093b081e0,www.gemeinde-merching.de_wpvivid-b8981f085de20_2026-10-10-16-11_backup_uploads.part005.zip,.jpg,generated thumbnail,False,False,0
wp-content/uploads/2023/08/Logo-Pflegestuetzpunkt-Landkreis-Aichach-Friedberg-CMYK-150x150.webp,4002,97433e2430d758948d060d64aefbf76f23a7e24f64673997508d5350ed5e501a,www.gemeinde-merching.de_wpvivid-b8981f085de20_2026-10-10-16-11_backup_uploads.part005.zip,.webp,generated thumbnail,False,True,0
wp-content/uploads/2023/10/Gemeindekurier-November-2023-f.-Homepage-pdf.jpg,425202,377ed54e0eecc9b140e2d90325a8c1e89799d54e178b5d5d75e7eb6811faad02,www.gemeinde-merching.de_wpvivid-b8981f085de20_2026-10-10-16-11_backup_uploads.part005.zip,.jpg,generated thumbnail,False,False,0
wp-content/uploads/2023/10/Amtsblatt-10-202378-Nr.-10-entfaellt.pdf,25342,0da27d1aa9c8b6c9035ae9c272ecc1f65b50d8def5d333e9ec5e955defcc08c0,www.gemeinde-merching.de_wpvivid-b8981f085de20_2026-10-10-16-11_backup_uploads.part005.zip,.pdf,original/referenced,True,False,0
wp-content/uploads/2023/10/Amtsblatt-10a-2023Jahrg.-78-Nr.-10a-pdf-212x300.jpg,8377,dbe859ad4d7e5fc49f8345ab6b607e960feb58fce66058301eaec0e6cddb1e18,www.gemeinde-merching.de_wpvivid-b8981f085de20_2026-10-10-16-11_backup_uploads.part005.zip,.jpg,generated thumbnail,False,True,0
wp-content/uploads/2023/10/Gemeindekurier-November-2023-f.-Homepage-pdf-300x212.jpg,16947,0636b45b9293842fa9ec3cf297d048c2e580fb61058b4ef39981e02265064dfa,www.gemeinde-merching.de_wpvivid-b8981f085de20_2026-10-10-16-11_backup_uploads.part005.zip,.jpg,generated thumbnail,False,True,0
wp-content/uploads/2023/10/Amtsblatt-10-202378-Nr.-10-entfaellt-pdf-106x150.jpg,4604,2370913b5b6052c6231ccad25cfa2a072510fe4f4fdd49867212c4ba97bb649e,www.gemeinde-merching.de_wpvivid-b8981f085de20_2026-10-10-16-11_backup_uploads.part005.zip,.jpg,generated thumbnail,False,True,0
wp-content/uploads/2023/10/Amtsblatt-10-202378-Nr.-10-entfaellt-pdf.jpg,74797,18ff4611c06059577604408f6c8d70f103a899c19725b4744c821cafea26a749,www.gemeinde-merching.de_wpvivid-b8981f085de20_2026-10-10-16-11_backup_uploads.part005.zip,.jpg,generated thumbnail,False,False,0
wp-content/uploads/2023/10/Gemeindekurier-November-2023-f.-Homepage-pdf-1024x724.jpg,122726,2aa66ae01b947bbe49cb19d869dea3962bc104a3d70c60f572180109dfc6f00a,www.gemeinde-merching.de_wpvivid-b8981f085de20_2026-10-10-16-11_backup_uploads.part005.zip,.jpg,generated thumbnail,False,True,0
wp-content/uploads/2023/10/Amtsblatt-10a-2023Jahrg.-78-Nr.-10a-pdf.jpg,81308,b072ffb05e7a17e1c9227ea028d71abc83c9f00fc22916a732dc3eda039666f7,www.gemeinde-merching.de_wpvivid-b8981f085de20_2026-10-10-16-11_backup_uploads.part005.zip,.jpg,generated thumbnail,False,False,0
wp-content/uploads/2023/10/Albrecht-Sofie-klein-1569x2048.jpg,343979,9e43abccf7039d07655d0e0ba115a9d1a00572a30f998a3293867603eb46421f,www.gemeinde-merching.de_wpvivid-b8981f085de20_2026-10-10-16-11_backup_uploads.part005.zip,.jpg,generated thumbnail,False,True,0
wp-content/uploads/2023/10/Albrecht-Sofie-klein-785x1024.jpg,108143,a547e0e904538d9e120b476f9496df2af0054c01b2c8118049703e54ed659950,www.gemeinde-merching.de_wpvivid-b8981f085de20_2026-10-10-16-11_backup_uploads.part005.zip,.jpg,generated thumbnail,False,True,0
wp-content/uploads/2023/10/Albrecht-Sofie-klein-150x150.jpg,4941,181fe15818b4fc4485fe4b15365d34bd38a02a7f3877428493c232bccc29db69,www.gemeinde-merching.de_wpvivid-b8981f085de20_2026-10-10-16-11_backup_uploads.part005.zip,.jpg,generated thumbnail,False,True,0
wp-content/uploads/2023/10/Albrecht-Sofie-klein-scaled-e1697097621558.jpg,2903,60b6cdfbbc13933d476177e3e53537b2b936692c214ebfbe727a81972142e918,www.gemeinde-merching.de_wpvivid-b8981f085de20_2026-10-10-16-11_backup_uploads.part005.zip,.jpg,original/referenced,True,False,0
wp-content/uploads/2023/10/Albrecht-Sofie-klein-scaled.jpg,493924,c0990650611f3a5e34f1a6bb6f56d61d754712419152ddd67d590a6f59d52ac4,www.gemeinde-merching.de_wpvivid-b8981f085de20_2026-10-10-16-11_backup_uploads.part005.zip,.jpg,unreferenced candidate (not proven orphan),False,False,0
wp-content/uploads/2023/10/FLY_Stromausfall_LAF_99x210mm_Merching_web.pdf,321903,923355ae5a1fd0d23c7ee9aa3ea28b308917b58fd134d4e7c29984f9d2b7857e,www.gemeinde-merching.de_wpvivid-b8981f085de20_2026-10-10-16-11_backup_uploads.part005.zip,.pdf,original/referenced,True,False,1
wp-content/uploads/2023/10/FLY_Stromausfall_LAF_99x210mm_Merching_web-pdf-483x1024.jpg,81907,58f1fae0406d6f7ee9d6a80cc12453929ad3c36eca456112ec85b3612617241e,www.gemeinde-merching.de_wpvivid-b8981f085de20_2026-10-10-16-11_backup_uploads.part005.zip,.jpg,generated thumbnail,False,True,0
wp-content/uploads/2023/10/Amtsblatt-10a-2023Jahrg.-78-Nr.-10a-pdf-724x1024.jpg,43129,4048789d75108b13f1341367e322df7893c04bd53c6f27b492b500f504ac0dbe,www.gemeinde-merching.de_wpvivid-b8981f085de20_2026-10-10-16-11_backup_uploads.part005.zip,.jpg,generated thumbnail,False,True,0
wp-content/uploads/2023/10/Albrecht-Sofie-klein-1177x1536.jpg,212820,41f55bb4e043d07727f1e7559c42ff5c3af1330dfded3f9f5c567755d4eb4326,www.gemeinde-merching.de_wpvivid-b8981f085de20_2026-10-10-16-11_backup_uploads.part005.zip,.jpg,generated thumbnail,False,True,0
wp-content/uploads/2023/10/Gemeindekurier-November-2023-f.-Homepage-pdf-150x106.jpg,7303,16fd0f630df92f071c94f21542ae632b5e09418d231d40cf937395003bd08806,www.gemeinde-merching.de_wpvivid-b8981f085de20_2026-10-10-16-11_backup_uploads.part005.zip,.jpg,generated thumbnail,False,True,0
wp-content/uploads/2023/10/FLY_Stromausfall_LAF_99x210mm_Merching_web-pdf.jpg,91361,9040460f751495f07364ce5b03ac48128ebddf288387dda47bad19facd7ab489,www.gemeinde-merching.de_wpvivid-b8981f085de20_2026-10-10-16-11_backup_uploads.part005.zip,.jpg,generated thumbnail,False,False,0
wp-content/uploads/2023/10/Albrecht-Sofie-klein-230x300.jpg,12543,bc7e5e60200bc1abb26f31d5b37e72e7e319c5879420bf8af0327a9c25c4c39c,www.gemeinde-merching.de_wpvivid-b8981f085de20_2026-10-10-16-11_backup_uploads.part005.zip,.jpg,generated thumbnail,False,True,0
wp-content/uploads/2023/10/Amtsblatt-10-202378-Nr.-10-entfaellt-pdf-212x300.jpg,8339,e817cb33ee8fe697808386af3528a3e4aae6353b3973ceccb8fa806433b37581,www.gemeinde-merching.de_wpvivid-b8981f085de20_2026-10-10-16-11_backup_uploads.part005.zip,.jpg,generated thumbnail,False,True,0
wp-content/uploads/2023/10/Amtsblatt-10a-2023Jahrg.-78-Nr.-10a-pdf-106x150.jpg,4577,90710fdff6182e6eb659a74896c20420f5fd01a2ab4f9ebbbd0a713a704202f7,www.gemeinde-merching.de_wpvivid-b8981f085de20_2026-10-10-16-11_backup_uploads.part005.zip,.jpg,generated thumbnail,False,True,0
wp-content/uploads/2023/10/FLY_Stromausfall_LAF_99x210mm_Merching_web-pdf-141x300.jpg,33729,d1d20f3253a6ebcfeeeae0bfc113ce44c5c15672c1b67e65f905d98305a652fb,www.gemeinde-merching.de_wpvivid-b8981f085de20_2026-10-10-16-11_backup_uploads.part005.zip,.jpg,generated thumbnail,False,True,0
wp-content/uploads/2023/10/Gemeindekurier-November-2023-f.-Homepage.pdf,1105097,d31f6e964b7fe308abf343883c5ea387211993c3202b34f8cd229c15301c7fce,www.gemeinde-merching.de_wpvivid-b8981f085de20_2026-10-10-16-11_backup_uploads.part005.zip,.pdf,original/referenced,True,False,0
wp-content/uploads/2023/10/Albrecht-Sofie-klein-768x1002.jpg,103664,ee48988c0a4a334cd29ef862dfb122f60df5512701a078a57825a7f2d4452ce2,www.gemeinde-merching.de_wpvivid-b8981f085de20_2026-10-10-16-11_backup_uploads.part005.zip,.jpg,generated thumbnail,False,True,0
wp-content/uploads/2023/10/Amtsblatt-10a-2023Jahrg.-78-Nr.-10a.pdf,553075,15f3310cd7c01742f63f8e74a720d6717004a2eb970d890e1751da759e896565,www.gemeinde-merching.de_wpvivid-b8981f085de20_2026-10-10-16-11_backup_uploads.part005.zip,.pdf,original/referenced,True,False,0
wp-content/uploads/2023/10/FLY_Stromausfall_LAF_99x210mm_Merching_web-pdf-71x150.jpg,27762,bb888ae1c886d0af2c9dae1ab8abd39bf5e263e61c96c2fe5b18ad73c661c2b8,www.gemeinde-merching.de_wpvivid-b8981f085de20_2026-10-10-16-11_backup_uploads.part005.zip,.jpg,generated thumbnail,False,True,0
wp-content/uploads/2023/10/Albrecht-Sofie-klein.jpg,781558,d05a15dafad4881a0cd5a44ef381eaec0bc1ec51c8c7efcc69999a66347c22c7,www.gemeinde-merching.de_wpvivid-b8981f085de20_2026-10-10-16-11_backup_uploads.part005.zip,.jpg,unreferenced candidate (not proven orphan),False,False,0
wp-content/uploads/2023/10/Amtsblatt-10-202378-Nr.-10-entfaellt-pdf-724x1024.jpg,41187,263954ad11c74fbae655f1b861f43d52ddd10404ace5ff3128514ae779276e51,www.gemeinde-merching.de_wpvivid-b8981f085de20_2026-10-10-16-11_backup_uploads.part005.zip,.jpg,generated thumbnail,False,True,0
wp-content/uploads/2023/02/Planzeichnung_Vorentwurf_6_Aend_FNP_Merching_2023-01-19-pdf-293x300.jpg,17197,8c58605af0b11cb0e29da806c5dcf9da1ff75f8f31e220a3b07700cb69dab9d4,www.gemeinde-merching.de_wpvivid-b8981f085de20_2026-10-10-16-11_backup_uploads.part005.zip,.jpg,generated thumbnail,False,True,0
wp-content/uploads/2023/02/Amtsblatt-02-2023Jahrg.-78-Nr.-02-pdf-212x300.jpg,14095,5fc3ea4fa844021a344d7bd43316c60c31568849ba2d47c298c4fd9a5f892fcf,www.gemeinde-merching.de_wpvivid-b8981f085de20_2026-10-10-16-11_backup_uploads.part005.zip,.jpg,generated thumbnail,False,True,0
wp-content/uploads/2023/02/Textteil_BPNr36_Freizeitanlage_Bauhof_2023-01-19-pdf-212x300.jpg,4814,16a3833361badecfd56ce68c1a8aeae3ecae8389f2ed11e402c31ae130af02c7,www.gemeinde-merching.de_wpvivid-b8981f085de20_2026-10-10-16-11_backup_uploads.part005.zip,.jpg,generated thumbnail,False,True,0
wp-content/uploads/2023/02/Bekanntmachung-Satzungsbeschluss-B-Plan-Nr.-36-Freizeitanlage-pdf-106x150.jpg,6874,1adcd747b569a5076ce270f8449c817a7e43fe90ffcdf00c719255b6ecdecd61,www.gemeinde-merching.de_wpvivid-b8981f085de20_2026-10-10-16-11_backup_uploads.part005.zip,.jpg,generated thumbnail,False,True,0
wp-content/uploads/2023/02/1_Aenderung_BP_26_Begruendung_2023-01-19-pdf.jpg,70295,45ef344c58a50047f8729402dc74a9ce82632119a587b59e657f235610c16a98,www.gemeinde-merching.de_wpvivid-b8981f085de20_2026-10-10-16-11_backup_uploads.part005.zip,.jpg,generated thumbnail,False,False,0
wp-content/uploads/2023/02/Bekanntmachung-Satzungsbeschluss-B-Plan-Nr.-36-Freizeitanlage-pdf-724x1024.jpg,104458,9963668667969556b55ce683697eff2700d5245e0ed306e5769a9550b58cb784,www.gemeinde-merching.de_wpvivid-b8981f085de20_2026-10-10-16-11_backup_uploads.part005.zip,.jpg,generated thumbnail,False,True,0
wp-content/uploads/2023/02/Textteil_BPNr36_Freizeitanlage_Bauhof_2023-01-19-pdf.jpg,23475,607962b2ca3e958f74d75fd7594ec994dea716a42d49703bb0e62253f91f80fe,www.gemeinde-merching.de_wpvivid-b8981f085de20_2026-10-10-16-11_backup_uploads.part005.zip,.jpg,generated thumbnail,False,False,0
wp-content/uploads/2023/02/1_Aenderung_BP_26_Entwurf_2023-01-19-pdf.jpg,2134768,ecf10711bf618b1497c1ef21efb77e65f052a70c73aa7166a0be24083d831411,www.gemeinde-merching.de_wpvivid-b8981f085de20_2026-10-10-16-11_backup_uploads.part005.zip,.jpg,generated thumbnail,False,False,0
wp-content/uploads/2023/02/Begruendung_Vorentwurf_2023-01-19-pdf-724x1024.jpg,45302,96a39b213671d720d51ab870591d107c7a43f69fa7e50eec0c1a66558acdec16,www.gemeinde-merching.de_wpvivid-b8981f085de20_2026-10-10-16-11_backup_uploads.part005.zip,.jpg,generated thumbnail,False,True,0
wp-content/uploads/2023/02/1_Aenderung_BP_26_Entwurf_2023-01-19.pdf,3180665,8eefc7cfb72120968f7aba22013df751e4c73332525b958889560bf3acd3e742,www.gemeinde-merching.de_wpvivid-b8981f085de20_2026-10-10-16-11_backup_uploads.part005.zip,.pdf,original/referenced,True,False,0
wp-content/uploads/2023/02/Textteil_BPNr36_Freizeitanlage_Bauhof_2023-01-19-pdf-106x150.jpg,3713,52537fc4f158e478fc9b1811d798a0ba6a18db9ea26ba717b0f9d134b6715aa6,www.gemeinde-merching.de_wpvivid-b8981f085de20_2026-10-10-16-11_backup_uploads.part005.zip,.jpg,generated thumbnail,False,True,0
wp-content/uploads/2023/02/Planzeichnung_Vorentwurf_6_Aend_FNP_Merching_2023-01-19-pdf-999x1024.jpg,136200,3a0c70f3ae784f949a7fc65439d23e25747c7640c5910e972d6be2b9617f4888,www.gemeinde-merching.de_wpvivid-b8981f085de20_2026-10-10-16-11_backup_uploads.part005.zip,.jpg,generated thumbnail,False,True,0
wp-content/uploads/2023/02/Begruendung_Vorentwurf_2023-01-19-pdf-212x300.jpg,9047,ec614a3e75cf25b27bb376bcfb5553eae7e99c5ae4db6c583f680f3f1d268a67,www.gemeinde-merching.de_wpvivid-b8981f085de20_2026-10-10-16-11_backup_uploads.part005.zip,.jpg,generated thumbnail,False,True,0
wp-content/uploads/2023/02/BP37_Suedlich_der_Nebelhornstrasse_Plan_2023-01-19-pdf-150x116.jpg,8453,1e13e6e19ce8032b888e4129265cc9b599a2bca28f31bcc495b820553602d9d7,www.gemeinde-merching.de_wpvivid-b8981f085de20_2026-10-10-16-11_backup_uploads.part005.zip,.jpg,generated thumbnail,False,True,0
wp-content/uploads/2023/02/BP37_Suedlich_Nebelhornstrasse_Begruendung_2023-01-19.pdf,1301921,8611a570e58c4c378a64d9b13fbbd9f58ef99b78c68994b00410cb89cef11a20,www.gemeinde-merching.de_wpvivid-b8981f085de20_2026-10-10-16-11_backup_uploads.part005.zip,.pdf,original/referenced,True,False,0
wp-content/uploads/2023/02/Bekanntmachung-Satzungsbeschluss-B-Plan-Nr.-36-Freizeitanlage-pdf.jpg,210530,1770e23c9bf744ba6569b314aa1c4ee2fcc30285dc4ec2a94ce3f49a0a93fbe6,www.gemeinde-merching.de_wpvivid-b8981f085de20_2026-10-10-16-11_backup_uploads.part005.zip,.jpg,generated thumbnail,False,False,0
wp-content/uploads/2023/02/Textteil_BPNr36_Freizeitanlage_Bauhof_2023-01-19-pdf-724x1024.jpg,14203,a28d7edd4dd382e32dbdfea0fb202d5a3f3da7d16a02f446046ccc1a80ceb89d,www.gemeinde-merching.de_wpvivid-b8981f085de20_2026-10-10-16-11_backup_uploads.part005.zip,.jpg,generated thumbnail,False,True,0
wp-content/uploads/2023/02/6.-Aenderung-FNP-Bekanntmachung_fruehz_Beteiligung-pdf-106x150.jpg,6837,fc58060282965bbe26c5bee6a7fc2b4352e6eb60dec583392baf218916b1ec6d,www.gemeinde-merching.de_wpvivid-b8981f085de20_2026-10-10-16-11_backup_uploads.part005.zip,.jpg,generated thumbnail,False,True,0
wp-content/uploads/2023/02/1_Aenderung_BP_26_Entwurf_2023-01-19-pdf-258x300.jpg,22797,1abf9a9d1f2e6919949ebd0b9d65548fc5eda574045cfa1b602cd8065d54a86a,www.gemeinde-merching.de_wpvivid-b8981f085de20_2026-10-10-16-11_backup_uploads.part005.zip,.jpg,generated thumbnail,False,True,0
wp-content/uploads/2023/02/1_Aenderung_BP_26_Bekanntmachung-Satzungsbeschluss-pdf-106x150.jpg,6901,6d1f3a148f390a3776ae1e6e3af491235b0947ca251953cb88789202b457e86f,www.gemeinde-merching.de_wpvivid-b8981f085de20_2026-10-10-16-11_backup_uploads.part005.zip,.jpg,generated thumbnail,False,True,0
wp-content/uploads/2023/02/Begruendung_BPNr36_Freizeitanlage_Bauhof_2023-01-19ue-pdf-212x300.jpg,4804,8f4fb80ead921d0ef83b0e31f7432105554275a4db4701d5bb60b93dd01a4d8b,www.gemeinde-merching.de_wpvivid-b8981f085de20_2026-10-10-16-11_backup_uploads.part005.zip,.jpg,generated thumbnail,False,True,0
wp-content/uploads/2023/02/BP37_Suedlich_Nebelhornstrasse_Begruendung_2023-01-19-pdf-724x1024.jpg,40990,a91d5d1b977880af103e1bb4a2cbfd170e17e973ca25e0d829e0b78a0a7c197d,www.gemeinde-merching.de_wpvivid-b8981f085de20_2026-10-10-16-11_backup_uploads.part005.zip,.jpg,generated thumbnail,False,True,0
wp-content/uploads/2023/02/Planzeichnung_BPNr36_Freizeitanlage_Bauhof_2023-01-19-pdf.jpg,1082860,f157ad1e6dfcd4762df674a5a26f72fe05a1d635e981c0e61e40ac0941d8d917,www.gemeinde-merching.de_wpvivid-b8981f085de20_2026-10-10-16-11_backup_uploads.part005.zip,.jpg,generated thumbnail,False,False,0
wp-content/uploads/2023/02/BP37_Suedlich_Nebelhornstrasse_Textteil_2023-01-19-pdf.jpg,77105,3baba1e97ebc72928dbd2c3d96bfa0b879f224b063be7d90ce9ba4823a979218,www.gemeinde-merching.de_wpvivid-b8981f085de20_2026-10-10-16-11_backup_uploads.part005.zip,.jpg,generated thumbnail,False,False,0
wp-content/uploads/2023/02/Amtsblatt-02-2023Jahrg.-78-Nr.-02-pdf.jpg,196441,391eb8377bb68f0df43c5ba319da4aaf3195f7af972db2113ae6bbdfef092057,www.gemeinde-merching.de_wpvivid-b8981f085de20_2026-10-10-16-11_backup_uploads.part005.zip,.jpg,generated thumbnail,False,False,0
wp-content/uploads/2023/02/BP37-suedl.-Nebelhornstr.-Bekanntmachung-Satzungsbeschluss-pdf-212x300.jpg,18667,76ca923ab4618d294bfdd852e9ef221ad67b12f33f2a0b02eb2533b1f8d19a5c,www.gemeinde-merching.de_wpvivid-b8981f085de20_2026-10-10-16-11_backup_uploads.part005.zip,.jpg,generated thumbnail,False,True,0
wp-content/uploads/2023/02/6.-Aenderung-FNP-Bekanntmachung_fruehz_Beteiligung.pdf,882751,13af68db446b0e107a90cf8d0d519396ad15743f9bfe2d437bf6075b2f3fdc33,www.gemeinde-merching.de_wpvivid-b8981f085de20_2026-10-10-16-11_backup_uploads.part005.zip,.pdf,original/referenced,True,False,0
wp-content/uploads/2023/02/1_Aenderung_BP_26_Entwurf_2023-01-19-pdf-129x150.jpg,8461,f722c990ad32edad0202263b083939abe6e70b113832e55ab96a80f2cdfee8d3,www.gemeinde-merching.de_wpvivid-b8981f085de20_2026-10-10-16-11_backup_uploads.part005.zip,.jpg,generated thumbnail,False,True,0
wp-content/uploads/2023/02/BP37-suedl.-Nebelhornstr.-Bekanntmachung-Satzungsbeschluss-pdf.jpg,331480,4cfd464906c7b8c4ccaae2b1f51df0b9669b7b397ccbd2a9e08df390f317fe76,www.gemeinde-merching.de_wpvivid-b8981f085de20_2026-10-10-16-11_backup_uploads.part005.zip,.jpg,generated thumbnail,False,False,0
wp-content/uploads/2023/02/6.-Aenderung-FNP-Bekanntmachung_fruehz_Beteiligung-pdf.jpg,334424,d6b2665d32080a36a6104abe6022576b4f4c72b1647ba4d84d3956841ba3f37e,www.gemeinde-merching.de_wpvivid-b8981f085de20_2026-10-10-16-11_backup_uploads.part005.zip,.jpg,generated thumbnail,False,False,0
wp-content/uploads/2023/02/1_Aenderung_BP_26_Bekanntmachung-Satzungsbeschluss-pdf-724x1024.jpg,149167,46ce9ca83d51d437f6be8d93a4d651c5637926d34897b84534ecc4a0059b46af,www.gemeinde-merching.de_wpvivid-b8981f085de20_2026-10-10-16-11_backup_uploads.part005.zip,.jpg,generated thumbnail,False,True,0
wp-content/uploads/2023/02/BP37_Suedlich_der_Nebelhornstrasse_Plan_2023-01-19-pdf-1024x795.jpg,144603,a6469557f8befc9a341a1476776cea38d9eb34439eb28a70406d5757e2457a41,www.gemeinde-merching.de_wpvivid-b8981f085de20_2026-10-10-16-11_backup_uploads.part005.zip,.jpg,generated thumbnail,False,True,0
wp-content/uploads/2023/02/1_Aenderung_BP_26_Begruendung_2023-01-19.pdf,393411,aeb8988faccefc086a28c408284f9e35e5bbffa2ee9582e4ae7d5a3101db3496,www.gemeinde-merching.de_wpvivid-b8981f085de20_2026-10-10-16-11_backup_uploads.part005.zip,.pdf,original/referenced,True,False,0
wp-content/uploads/2023/02/1_Aenderung_BP_26_Entwurf_2023-01-19-pdf-880x1024.jpg,175660,ea59816a838eff4cb82a580053241b87948d92dd44ceda7f9b5230fefb3368ab,www.gemeinde-merching.de_wpvivid-b8981f085de20_2026-10-10-16-11_backup_uploads.part005.zip,.jpg,generated thumbnail,False,True,0
wp-content/uploads/2023/02/1_Aenderung_BP_26_Begruendung_2023-01-19-pdf-106x150.jpg,4610,fc68a5a6a1bd249a7ec88360b881334451dac6e9d4dd0a4b893e6a7fe4898345,www.gemeinde-merching.de_wpvivid-b8981f085de20_2026-10-10-16-11_backup_uploads.part005.zip,.jpg,generated thumbnail,False,True,0
wp-content/uploads/2023/02/BP37_Suedlich_Nebelhornstrasse_Begruendung_2023-01-19-pdf-212x300.jpg,8743,83d405dd9fb2f724bcb4aa9585e14c705feb1952df48b37c680f4fa18bc418d2,www.gemeinde-merching.de_wpvivid-b8981f085de20_2026-10-10-16-11_backup_uploads.part005.zip,.jpg,generated thumbnail,False,True,0
wp-content/uploads/2023/02/1_Aenderung_BP_26_Begruendung_2023-01-19-pdf-212x300.jpg,8073,104773f6c4798728f7c27d9bfd3fae7500626d1a07edb76092d1a1ae87f9d7ea,www.gemeinde-merching.de_wpvivid-b8981f085de20_2026-10-10-16-11_backup_uploads.part005.zip,.jpg,generated thumbnail,False,True,0
wp-content/uploads/2023/02/BP37_Suedlich_Nebelhornstrasse_Textteil_2023-01-19-pdf-212x300.jpg,8538,e882ed3cf4bc96999fbf46b4c57914d01a23644ce658179bfd3184314ca30db9,www.gemeinde-merching.de_wpvivid-b8981f085de20_2026-10-10-16-11_backup_uploads.part005.zip,.jpg,generated thumbnail,False,True,0
wp-content/uploads/2023/02/Planzeichnung_Vorentwurf_6_Aend_FNP_Merching_2023-01-19.pdf,1443086,396d92a6e62bdb502a3782b17b17b3cb58cf84dedb6f9744be44e2361709b2b4,www.gemeinde-merching.de_wpvivid-b8981f085de20_2026-10-10-16-11_backup_uploads.part005.zip,.pdf,original/referenced,True,False,0
wp-content/uploads/2023/02/Planzeichnung_BPNr36_Freizeitanlage_Bauhof_2023-01-19-pdf-150x86.jpg,7380,297ecd144f1cd98d1616dc5874452d15631dad58e04c9e7dc98beacf9e5c870e,www.gemeinde-merching.de_wpvivid-b8981f085de20_2026-10-10-16-11_backup_uploads.part005.zip,.jpg,generated thumbnail,False,True,0
wp-content/uploads/2023/02/Amtsblatt-02-2023Jahrg.-78-Nr.-02.pdf,499475,ebe332fdb0dfcd33f9ea199ab4ceef7877690f2b3e53a14503f41eff6409e590,www.gemeinde-merching.de_wpvivid-b8981f085de20_2026-10-10-16-11_backup_uploads.part005.zip,.pdf,original/referenced,True,False,0
wp-content/uploads/2023/02/Begruendung_BPNr36_Freizeitanlage_Bauhof_2023-01-19ue-pdf.jpg,24548,b966192a688a40c83c70f378cb67ddf3765a91b06ceb06b9f7a5733f54cccec0,www.gemeinde-merching.de_wpvivid-b8981f085de20_2026-10-10-16-11_backup_uploads.part005.zip,.jpg,generated thumbnail,False,False,0
wp-content/uploads/2023/02/Planzeichnung_BPNr36_Freizeitanlage_Bauhof_2023-01-19-pdf-300x173.jpg,17073,86aa9d5ad15b734b2b90c164f40ab4b8c84acb5197d1cc45366d07d4b32007c7,www.gemeinde-merching.de_wpvivid-b8981f085de20_2026-10-10-16-11_backup_uploads.part005.zip,.jpg,generated thumbnail,False,True,0
wp-content/uploads/2023/02/BP37-suedl.-Nebelhornstr.-Bekanntmachung-Satzungsbeschluss-.pdf,941142,5dd40f5276f7e74c5966ece2df33e13c65c1ae193b994264763af2768d4769f5,www.gemeinde-merching.de_wpvivid-b8981f085de20_2026-10-10-16-11_backup_uploads.part005.zip,.pdf,original/referenced,True,False,0
wp-content/uploads/2023/02/1_Aenderung_BP_26_Begruendung_2023-01-19-pdf-724x1024.jpg,38872,897ff89fb6d5debb917fe7b45a05edf92fce1b34f030d1eaaf6b201b5bfc2bf6,www.gemeinde-merching.de_wpvivid-b8981f085de20_2026-10-10-16-11_backup_uploads.part005.zip,.jpg,generated thumbnail,False,True,0
wp-content/uploads/2023/02/Textteil_BPNr36_Freizeitanlage_Bauhof_2023-01-19.pdf,366175,196c6f9ba7cf9d19e804b65f926adaae819de5b857fc80e4e5b90629034c753d,www.gemeinde-merching.de_wpvivid-b8981f085de20_2026-10-10-16-11_backup_uploads.part005.zip,.pdf,original/referenced,True,False,0
wp-content/uploads/2023/02/Planzeichnung_Vorentwurf_6_Aend_FNP_Merching_2023-01-19-pdf-146x150.jpg,7361,7f669e7c7d0d99a9dc9581609c7545ff5f9b1b1c7a5e034c19f3e901288809b2,www.gemeinde-merching.de_wpvivid-b8981f085de20_2026-10-10-16-11_backup_uploads.part005.zip,.jpg,generated thumbnail,False,True,0
wp-content/uploads/2023/02/BP37_Suedlich_Nebelhornstrasse_Begruendung_2023-01-19-pdf.jpg,79896,636c11ed234e8e5fe7a9b03c3b5fd04b66a75b7aede15aefd29fa07074165d7c,www.gemeinde-merching.de_wpvivid-b8981f085de20_2026-10-10-16-11_backup_uploads.part005.zip,.jpg,generated thumbnail,False,False,0
wp-content/uploads/2023/02/BP37-suedl.-Nebelhornstr.-Bekanntmachung-Satzungsbeschluss-pdf-724x1024.jpg,160367,d8be549beb2ba31d1d7d9a7ce2cbe59ce76b07d90c2acd96d045be2514aad741,www.gemeinde-merching.de_wpvivid-b8981f085de20_2026-10-10-16-11_backup_uploads.part005.zip,.jpg,generated thumbnail,False,True,0
wp-content/uploads/2023/02/Begruendung_Vorentwurf_2023-01-19.pdf,904846,0e2bd196463d7ab616f12c2ed4c15b8f2dd093b3602f42b869ad7c174989eef5,www.gemeinde-merching.de_wpvivid-b8981f085de20_2026-10-10-16-11_backup_uploads.part005.zip,.pdf,original/referenced,True,False,0
wp-content/uploads/2023/02/Begruendung_BPNr36_Freizeitanlage_Bauhof_2023-01-19ue.pdf,998657,3cd65f303d3c3d5f2746750a3f36e353b3948defa70579f66c22d101384c8e06,www.gemeinde-merching.de_wpvivid-b8981f085de20_2026-10-10-16-11_backup_uploads.part005.zip,.pdf,original/referenced,True,False,0
wp-content/uploads/2023/02/Bekanntmachung-Satzungsbeschluss-B-Plan-Nr.-36-Freizeitanlage.pdf,933035,a9dba65f91c92a1e51b817e08abda0521a99cbbbcebf01b382555836b2b12f54,www.gemeinde-merching.de_wpvivid-b8981f085de20_2026-10-10-16-11_backup_uploads.part005.zip,.pdf,original/referenced,True,False,0
wp-content/uploads/2023/02/BP37_Suedlich_Nebelhornstrasse_Begruendung_2023-01-19-pdf-106x150.jpg,4730,0369063e05fd5f7305a2e217d49bf9cf87eb10070073e7f9868e20e3cf751d85,www.gemeinde-merching.de_wpvivid-b8981f085de20_2026-10-10-16-11_backup_uploads.part005.zip,.jpg,generated thumbnail,False,True,0
wp-content/uploads/2023/02/BP37_Suedlich_Nebelhornstrasse_Textteil_2023-01-19-pdf-724x1024.jpg,39613,bc3c16ece7d702b740add0cf399147156f267c8efebfbfe9467781811e2dafd5,www.gemeinde-merching.de_wpvivid-b8981f085de20_2026-10-10-16-11_backup_uploads.part005.zip,.jpg,generated thumbnail,False,True,0
wp-content/uploads/2023/02/BP37-suedl.-Nebelhornstr.-Bekanntmachung-Satzungsbeschluss-pdf-106x150.jpg,6992,79388a28117ed652ed055949caa87738d77b89f57206eff2a34272ebf2bbb470,www.gemeinde-merching.de_wpvivid-b8981f085de20_2026-10-10-16-11_backup_uploads.part005.zip,.jpg,generated thumbnail,False,True,0
wp-content/uploads/2023/02/Begruendung_BPNr36_Freizeitanlage_Bauhof_2023-01-19ue-pdf-106x150.jpg,3749,1366b156025e975fb6906393242ad82b5c84e81c635c260eda7cf5ed7fcc27a1,www.gemeinde-merching.de_wpvivid-b8981f085de20_2026-10-10-16-11_backup_uploads.part005.zip,.jpg,generated thumbnail,False,True,0
wp-content/uploads/2023/02/Planzeichnung_Vorentwurf_6_Aend_FNP_Merching_2023-01-19-pdf.jpg,304990,ed39005de06c376f5c077dad9a7fd39b9c246457822b5d59a468b1e176f89687,www.gemeinde-merching.de_wpvivid-b8981f085de20_2026-10-10-16-11_backup_uploads.part005.zip,.jpg,generated thumbnail,False,False,0
wp-content/uploads/2023/02/1_Aenderung_BP_26_Bekanntmachung-Satzungsbeschluss-pdf.jpg,311452,1da3476eb2368464427b9f5824412df18f8d7ade2f951fc5b203b927cfd9b344,www.gemeinde-merching.de_wpvivid-b8981f085de20_2026-10-10-16-11_backup_uploads.part005.zip,.jpg,generated thumbnail,False,False,0
wp-content/uploads/2023/02/6.-Aenderung-FNP-Bekanntmachung_fruehz_Beteiligung-pdf-212x300.jpg,17730,4aa210c4ac319ae70fb87c55f1619dc0336d14f5a4147233c5302ab8fec853dc,www.gemeinde-merching.de_wpvivid-b8981f085de20_2026-10-10-16-11_backup_uploads.part005.zip,.jpg,generated thumbnail,False,True,0
wp-content/uploads/2023/02/BP37_Suedlich_der_Nebelhornstrasse_Plan_2023-01-19.pdf,866705,c4e108ef313e1ad54232eaa51a220c9ce9ac4b8a2b0a637719b21a9c3bcb5977,www.gemeinde-merching.de_wpvivid-b8981f085de20_2026-10-10-16-11_backup_uploads.part005.zip,.pdf,original/referenced,True,False,0
wp-content/uploads/2023/02/Planzeichnung_BPNr36_Freizeitanlage_Bauhof_2023-01-19-pdf-1024x590.jpg,121174,c9b46bc6d555953305e0aa522e7221908e1a717d8a0d10f2a1db6c402801da49,www.gemeinde-merching.de_wpvivid-b8981f085de20_2026-10-10-16-11_backup_uploads.part005.zip,.jpg,generated thumbnail,False,True,0
wp-content/uploads/2023/02/Planzeichnung_BPNr36_Freizeitanlage_Bauhof_2023-01-19.pdf,1205167,9f8b727aa4a1c1869768f2c501ea034e0036ea6c4e32b68e5997cc32b162a039,www.gemeinde-merching.de_wpvivid-b8981f085de20_2026-10-10-16-11_backup_uploads.part005.zip,.pdf,original/referenced,True,False,0
wp-content/uploads/2023/02/Begruendung_Vorentwurf_2023-01-19-pdf.jpg,83824,463ba6b611d0b8f4f4ea99bd1320d5d5351ff98f79820437ceff1ae63034bbd9,www.gemeinde-merching.de_wpvivid-b8981f085de20_2026-10-10-16-11_backup_uploads.part005.zip,.jpg,generated thumbnail,False,False,0
wp-content/uploads/2023/02/Amtsblatt-02-2023Jahrg.-78-Nr.-02-pdf-106x150.jpg,6026,f518a3d8d00757e19fb1ffd20ad34727849d6bda8ca2c3cba4ed088f50cd6a0c,www.gemeinde-merching.de_wpvivid-b8981f085de20_2026-10-10-16-11_backup_uploads.part005.zip,.jpg,generated thumbnail,False,True,0
wp-content/uploads/2023/02/BP37_Suedlich_der_Nebelhornstrasse_Plan_2023-01-19-pdf-300x233.jpg,20818,c81a79ffc1735f9f68ebba243e47b576747db7428ba83de66c2ae8bccbf0820e,www.gemeinde-merching.de_wpvivid-b8981f085de20_2026-10-10-16-11_backup_uploads.part005.zip,.jpg,generated thumbnail,False,True,0
wp-content/uploads/2023/02/1_Aenderung_BP_26_Bekanntmachung-Satzungsbeschluss-pdf-212x300.jpg,18351,04c15d149449a7006974f5bdba465250fba9efdd3d560a7541ffa083719158d5,www.gemeinde-merching.de_wpvivid-b8981f085de20_2026-10-10-16-11_backup_uploads.part005.zip,.jpg,generated thumbnail,False,True,0
wp-content/uploads/2023/02/Amtsblatt-02-2023Jahrg.-78-Nr.-02-pdf-724x1024.jpg,97973,3140f44ee7753d01eff2412d7ebcfa929fc98635688715302017368298777192,www.gemeinde-merching.de_wpvivid-b8981f085de20_2026-10-10-16-11_backup_uploads.part005.zip,.jpg,generated thumbnail,False,True,0
wp-content/uploads/2023/02/Bekanntmachung-Satzungsbeschluss-B-Plan-Nr.-36-Freizeitanlage-pdf-212x300.jpg,15468,b64806313e8b851faf3789db22d648238aa4b616cd060bc893a38ebad31fda4a,www.gemeinde-merching.de_wpvivid-b8981f085de20_2026-10-10-16-11_backup_uploads.part005.zip,.jpg,generated thumbnail,False,True,0
wp-content/uploads/2023/02/Begruendung_Vorentwurf_2023-01-19-pdf-106x150.jpg,4817,2b21850ee5c26fa1ae026f686e2d0e2f769b9bfe1c634968983411c36388af90,www.gemeinde-merching.de_wpvivid-b8981f085de20_2026-10-10-16-11_backup_uploads.part005.zip,.jpg,generated thumbnail,False,True,0
wp-content/uploads/2023/02/6.-Aenderung-FNP-Bekanntmachung_fruehz_Beteiligung-pdf-724x1024.jpg,160493,d095c3465ad6d6ea050e23b834b7a26e325c0d7e34275887308e2d63f51cfb3b,www.gemeinde-merching.de_wpvivid-b8981f085de20_2026-10-10-16-11_backup_uploads.part005.zip,.jpg,generated thumbnail,False,True,0
wp-content/uploads/2023/02/Begruendung_BPNr36_Freizeitanlage_Bauhof_2023-01-19ue-pdf-724x1024.jpg,14323,6d5a657d51238a7f8868378513364a26131f70b9168946b4b76f39fd0dad8743,www.gemeinde-merching.de_wpvivid-b8981f085de20_2026-10-10-16-11_backup_uploads.part005.zip,.jpg,generated thumbnail,False,True,0
wp-content/uploads/2023/02/BP37_Suedlich_Nebelhornstrasse_Textteil_2023-01-19.pdf,298262,f929aaa219d3389ddfc12ae3521420a6a6351eff003052c57d7cc84925a0acbd,www.gemeinde-merching.de_wpvivid-b8981f085de20_2026-10-10-16-11_backup_uploads.part005.zip,.pdf,original/referenced,True,False,0
wp-content/uploads/2023/02/1_Aenderung_BP_26_Bekanntmachung-Satzungsbeschluss.pdf,1040068,95d7b40e196f4e4a44f81ba51a1999e3d340e4fd7fd3218236e727d1dcf2de16,www.gemeinde-merching.de_wpvivid-b8981f085de20_2026-10-10-16-11_backup_uploads.part005.zip,.pdf,original/referenced,True,False,0
wp-content/uploads/2023/02/BP37_Suedlich_der_Nebelhornstrasse_Plan_2023-01-19-pdf.jpg,1156620,10fe8174c26d9044d5b8baf2dde52ca852356a30e8d1e9ebf3ad79fb898f5ef1,www.gemeinde-merching.de_wpvivid-b8981f085de20_2026-10-10-16-11_backup_uploads.part005.zip,.jpg,generated thumbnail,False,False,0
wp-content/uploads/2023/02/BP37_Suedlich_Nebelhornstrasse_Textteil_2023-01-19-pdf-106x150.jpg,4687,6959f4cd75b22b8d36925a0eef3bb4e304d771fac69631931279a793c6243e7f,www.gemeinde-merching.de_wpvivid-b8981f085de20_2026-10-10-16-11_backup_uploads.part005.zip,.jpg,generated thumbnail,False,True,0
