source,source_type,title,proposed_model,confidence,transformation,legacy_url
post:4,page,Veranstaltungen,Page,review,Shortcode resolution,https://www.gemeinde-merching.de/veranstaltungskalender/
post:6,page,Über Merching,Page,review,Shortcode resolution,https://www.gemeinde-merching.de/ueber-merching/
post:8,page,Aktuelles,Page,review,Shortcode resolution,https://www.gemeinde-merching.de/aktuelles/
post:10,page,Bürgerservice,Page,review,Shortcode resolution,https://www.gemeinde-merching.de/buergerservice/
post:12,page,Handel & Gewerbe,Organization catalog,review,Shortcode resolution,https://www.gemeinde-merching.de/handel-gewerbe/
post:14,page,Freizeit,Page,review,Shortcode resolution,https://www.gemeinde-merching.de/freizeit/
post:20,page,Verwaltung: Adressen und Öffnungszeiten,Page,review,Shortcode resolution,https://www.gemeinde-merching.de/ueber-merching/adressen-oeffnungszeiten/
post:22,page,Lage & Anfahrt,Page,review,Sanitize HTML into controlled blocks,https://www.gemeinde-merching.de/ueber-merching/lage-anfahrt/
post:24,page,Impressum,Page,review,Sanitize HTML into controlled blocks,https://www.gemeinde-merching.de/impressum/
post:26,page,Inhaltsverzeichnis,Page,review,Shortcode resolution,https://www.gemeinde-merching.de/sitemap/
post:51,page,Willkommen in Merching,Page,review,Sanitize HTML into controlled blocks,https://www.gemeinde-merching.de/
post:56,page,Weitere Downloads,Page,review,Shortcode resolution,https://www.gemeinde-merching.de/buergerservice/downloads/
post:6877,attachment,cropped-Wappen-alternativ.png,Media / Document,review,Sanitize HTML into controlled blocks,https://www.gemeinde-merching.de/wp-content/uploads/2020/06/cropped-Wappen-alternativ.png
post:88,attachment,Kirche Merching,Media / Document,review,Sanitize HTML into controlled blocks,http://www.gemeinde-merching.de/wp-content/uploads/2012/06/kirche_merching.jpg
post:92,page,Grußwort des 1. Bürgermeisters,Page,review,Sanitize HTML into controlled blocks,https://www.gemeinde-merching.de/ueber-merching/grusswort/
post:129,attachment,Freizeit am Mandichosee,Media / Document,review,Sanitize HTML into controlled blocks,http://www.gemeinde-merching.de/wp-content/uploads/2012/06/freizeit-am-mandichosee.jpg
post:131,attachment,Freizeit am Mandichosee,Media / Document,review,Sanitize HTML into controlled blocks,http://www.gemeinde-merching.de/wp-content/uploads/2012/06/freizeit-am-mandichosee-2.jpg
post:138,page,eMail-Formular,Page,review,Shortcode resolution,https://www.gemeinde-merching.de/email-formular/
post:178,attachment,Wappen freigestellt,Media / Document,review,Sanitize HTML into controlled blocks,http://www.gemeinde-merching.de/wp-content/uploads/2012/06/Wappen-Merching_k.gif
post:212,page,Gemeinderat,CouncilTerm / CouncilMember / Committee,review,Shortcode resolution,https://www.gemeinde-merching.de/ueber-merching/gemeinderat/
post:222,page,Bürgerservice von A-Z,Page,review,Shortcode resolution,https://www.gemeinde-merching.de/buergerservice/buergerservice-von-a-z/
post:224,page,Lebenslagen,LifeSituation,review,Shortcode resolution,https://www.gemeinde-merching.de/buergerservice/lebenslagen/
post:227,page,Ortsrecht,Page,review,Shortcode resolution,https://www.gemeinde-merching.de/buergerservice/ortsrecht/
post:231,page,Geografische Lage,Page,review,Sanitize HTML into controlled blocks,https://www.gemeinde-merching.de/handel-gewerbe/gewerbepark-am-lerchenberg/geografische-lage/
post:233,page,Verkehrsanbindung,Page,review,Sanitize HTML into controlled blocks,https://www.gemeinde-merching.de/handel-gewerbe/gewerbepark-am-lerchenberg/verkehrsanbindung/
post:235,page,Standorterschließung,Page,review,Sanitize HTML into controlled blocks,https://www.gemeinde-merching.de/handel-gewerbe/gewerbepark-am-lerchenberg/standorterschliessung/
post:237,page,Nutzungskonzept,Page,review,Sanitize HTML into controlled blocks,https://www.gemeinde-merching.de/handel-gewerbe/gewerbepark-am-lerchenberg/nutzungskonzept/
post:241,page,Weitere Standortfaktoren,Page,review,Sanitize HTML into controlled blocks,https://www.gemeinde-merching.de/handel-gewerbe/gewerbepark-am-lerchenberg/weitere-standortfaktoren/
post:249,page,Vereine,Organization catalog,review,Shortcode resolution,https://www.gemeinde-merching.de/freizeit/vereine/
post:251,page,Infrastruktur,Page,review,Sanitize HTML into controlled blocks,https://www.gemeinde-merching.de/freizeit/infrastruktur/
post:255,page,Badeseen,Page,review,Shortcode resolution,https://www.gemeinde-merching.de/freizeit/wasserqualitaet-der-badeseen/
post:257,page,Formulare,Page,review,Shortcode resolution,https://www.gemeinde-merching.de/buergerservice/formulare/
post:273,page,Interessante Links im Web,Page,review,Shortcode resolution,https://www.gemeinde-merching.de/buergerservice/interessante-links-im-web/
post:280,attachment,Das Rathaus in Merching,Media / Document,review,Sanitize HTML into controlled blocks,http://www.gemeinde-merching.de/wp-content/uploads/2012/06/rathaus.jpg
post:296,page,"Eheschließung, Geburt, Sterbefall",Page,review,Sanitize HTML into controlled blocks,https://www.gemeinde-merching.de/buergerservice/lebenslagen/eheschliessung/
post:300,page,Ein Umzug steht bevor,Page,review,Sanitize HTML into controlled blocks,https://www.gemeinde-merching.de/buergerservice/lebenslagen/ein-umzug-steht-bevor/
post:302,page,Wertstoffsammlung,Page,review,Sanitize HTML into controlled blocks,https://www.gemeinde-merching.de/buergerservice/lebenslagen/wertstoffsammlung/
post:310,page,Personalausweis,Page,review,Sanitize HTML into controlled blocks,https://www.gemeinde-merching.de/buergerservice/lebenslagen/personalausweis/
post:311,attachment,Ausweisportal,Media / Document,review,Sanitize HTML into controlled blocks,http://www.gemeinde-merching.de/wp-content/uploads/2012/07/Kopfbild-Startseite.jpg
post:336,attachment,Ortsrecht der Gemeinde Merching,Media / Document,review,Sanitize HTML into controlled blocks,http://www.gemeinde-merching.de/wp-content/uploads/2012/07/satzungen.jpg
post:344,page,BayernAtlas,Page,review,Sanitize HTML into controlled blocks,https://www.gemeinde-merching.de/ueber-merching/bayernatlas/
post:345,attachment,BayernViewer des Landesamtes für Vermessung und Geoinformation,Media / Document,review,Sanitize HTML into controlled blocks,http://www.gemeinde-merching.de/wp-content/uploads/2012/07/bayernviewer.jpg
post:353,page,Gemeindekurier und Bürgerinformationen,Page,review,Shortcode resolution,https://www.gemeinde-merching.de/buergerservice/gemeindekurier/
post:354,attachment,Gemeindekurier Merching,Media / Document,review,Sanitize HTML into controlled blocks,http://www.gemeinde-merching.de/wp-content/uploads/2012/07/gemeindekurier.jpg
post:376,attachment,Rathaus der Gemeinde Merching,Media / Document,review,Sanitize HTML into controlled blocks,http://www.gemeinde-merching.de/wp-content/uploads/2012/06/Rathaus_front.jpg
post:382,page,Aus Merching,Page,review,Sanitize HTML into controlled blocks,https://www.gemeinde-merching.de/aktuelles/aus-merching/
post:385,page,Aus dem Landratsamt und anderen Behörden,Page,review,Sanitize HTML into controlled blocks,https://www.gemeinde-merching.de/aktuelles/landratsamt-andere-behoerden/
post:390,page,Aus dem Rathaus,Page,review,Sanitize HTML into controlled blocks,https://www.gemeinde-merching.de/aktuelles/aus-dem-rathaus/
post:396,attachment,Ortsrecht Gemeinde Merching,Media / Document,review,Sanitize HTML into controlled blocks,http://www.gemeinde-merching.de/wp-content/uploads/2012/07/ortsrecht.jpg
post:415,page,Gastronomiebetriebe,Organization catalog,review,Sanitize HTML into controlled blocks,https://www.gemeinde-merching.de/handel-gewerbe/gastronomiebetriebe/
post:406,attachment,logo_raiba,Media / Document,review,Sanitize HTML into controlled blocks,http://www.gemeinde-merching.de/wp-content/uploads/2012/07/logo_raiba.jpg
post:407,attachment,logo_sska,Media / Document,review,Sanitize HTML into controlled blocks,http://www.gemeinde-merching.de/wp-content/uploads/2012/07/logo_sska.jpg
post:427,attachment,Lage von Merching,Media / Document,review,Sanitize HTML into controlled blocks,http://www.gemeinde-merching.de/wp-content/uploads/2012/06/lage.jpg
post:441,page,Ratsinformation Gemeinderat und Schulverbände,CouncilTerm / CouncilMember / Committee,review,Shortcode resolution,https://www.gemeinde-merching.de/buergerservice/gemeinderat/
post:449,attachment,Gewerbepark Am Lerchenberg - Gemeinde Merching,Media / Document,review,Sanitize HTML into controlled blocks,http://www.gemeinde-merching.de/wp-content/uploads/2012/07/logo_blau_frei.gif
post:451,attachment,Gewerbepark Am Lerchenberg - Gemeinde Merching,Media / Document,review,Sanitize HTML into controlled blocks,http://www.gemeinde-merching.de/wp-content/uploads/2012/07/simulation.jpg
post:9958,attachment,Logo Merchinger Advent,Media / Document,review,Sanitize HTML into controlled blocks,https://www.gemeinde-merching.de/wp-content/uploads/2025/09/Logo-Advent.jpg
post:9959,attachment,Advent-2010-neu,Media / Document,review,Sanitize HTML into controlled blocks,https://www.gemeinde-merching.de/wp-content/uploads/2025/09/Merchinger-Advent-Logo.jpg
post:2316,page,Kinder und Jugend,Page,review,Shortcode resolution,https://www.gemeinde-merching.de/freizeit/kinder-und-jugend/
post:542,page,Unsere Stellenanzeigen,Page,review,Shortcode resolution,https://www.gemeinde-merching.de/aktuelles/stellenanzeigen/
post:547,page,Bildergalerien aus Merching,Page,review,Sanitize HTML into controlled blocks,https://www.gemeinde-merching.de/ueber-merching/bildergalerie-merching/
post:553,attachment,Rathaus Merching,Media / Document,review,Sanitize HTML into controlled blocks,http://www.gemeinde-merching.de/wp-content/uploads/2012/06/rathaus-merching4.jpg
post:9964,attachment,1. JUP-Kongress 11-2025,Media / Document,review,Sanitize HTML into controlled blocks,https://www.gemeinde-merching.de/wp-content/uploads/2025/09/1.-JUP-Kongress-11-2025.pdf
post:670,page,Öffentliche Bekanntmachungen,Page,review,Shortcode resolution,https://www.gemeinde-merching.de/aktuelles/oeffentliche-bekanntmachungen/
post:718,attachment,Schule Merching,Media / Document,review,Sanitize HTML into controlled blocks,http://www.gemeinde-merching.de/wp-content/uploads/2012/07/schule-merching.jpg
post:719,attachment,Feuerwehrhaus Merching,Media / Document,review,Sanitize HTML into controlled blocks,http://www.gemeinde-merching.de/wp-content/uploads/2012/07/feuerwehrhaus-merching.jpg
post:720,attachment,Mandichosee,Media / Document,review,Sanitize HTML into controlled blocks,http://www.gemeinde-merching.de/wp-content/uploads/2012/07/mandicho-stausee_2.jpg
post:727,attachment,Rathaus Merching,Media / Document,review,Sanitize HTML into controlled blocks,http://www.gemeinde-merching.de/wp-content/uploads/2012/06/rathaus-merching2.jpg
post:734,attachment,Maibaum,Media / Document,review,Sanitize HTML into controlled blocks,http://www.gemeinde-merching.de/wp-content/uploads/2012/06/maibaum.jpg
post:736,attachment,Felder am Ortsrand von Merching,Media / Document,review,Sanitize HTML into controlled blocks,http://www.gemeinde-merching.de/wp-content/uploads/2012/06/felder-am-ortsrand.jpg
post:761,attachment,Fahrzeug der freiwilligen Feuerwehr Merching,Media / Document,review,Sanitize HTML into controlled blocks,http://www.gemeinde-merching.de/wp-content/uploads/2012/07/feuerwehrauto-merching.jpg
post:9239,wpdmpro,GSV - HH 6 Anlagen 2026,BudgetPlan source component,review,Group by reviewed topic/year and numbered component order; never import 25 components as 25 standalone annual plans,https://www.gemeinde-merching.de/download/gsv-hh-anlagen-2026/
post:9240,wpdmpro,MSV - HH 0 Deckblatt 2026,BudgetPlan source component,review,Group by reviewed topic/year and numbered component order; never import 25 components as 25 standalone annual plans,https://www.gemeinde-merching.de/download/msv-hh-0-deckblatt-2026/
post:810,page,Reisepass,Page,review,Sanitize HTML into controlled blocks,https://www.gemeinde-merching.de/buergerservice/lebenslagen/reisepass/
post:989,attachment,Dokumentation für die Wordpress Bedienung für Autoren und Redakteure,Media / Document,review,Sanitize HTML into controlled blocks,http://www.gemeinde-merching.de/wp-content/uploads/2012/09/wp-33-autoren-redakteure.pdf
post:995,attachment,slideshow,Media / Document,review,Sanitize HTML into controlled blocks,http://www.gemeinde-merching.de/wp-content/uploads/2012/08/slideshow.jpg
post:1002,attachment,link-kategorien,Media / Document,review,Sanitize HTML into controlled blocks,http://www.gemeinde-merching.de/wp-content/uploads/2012/08/link-kateorien.jpg
post:1003,attachment,link-kategorien,Media / Document,review,Sanitize HTML into controlled blocks,http://www.gemeinde-merching.de/wp-content/uploads/2012/08/link-kateorien1.jpg
post:1007,attachment,Artikelkategorien,Media / Document,review,Sanitize HTML into controlled blocks,http://www.gemeinde-merching.de/wp-content/uploads/2012/08/artikel-kategorien.jpg
post:1011,attachment,Liste der Tabellen,Media / Document,review,Sanitize HTML into controlled blocks,http://www.gemeinde-merching.de/wp-content/uploads/2012/08/tabellen.jpg
post:1012,attachment,Liste der Tabellen,Media / Document,review,Sanitize HTML into controlled blocks,http://www.gemeinde-merching.de/wp-content/uploads/2012/08/tabellen1.jpg
post:1014,attachment,Filebase Kategorien,Media / Document,review,Sanitize HTML into controlled blocks,http://www.gemeinde-merching.de/wp-content/uploads/2012/09/filebase.jpg
post:10156,post,Bekanntmachung über die Eintragungsmöglichkeiten in Unterstützungslisten,Article,high,Sanitize HTML into controlled blocks,https://www.gemeinde-merching.de/bekanntmachung-ueber-die-eintragungsmoeglichkeiten-in-unterstuetzungslisten/
post:1077,attachment,Urnenstelen,Media / Document,review,Sanitize HTML into controlled blocks,http://www.gemeinde-merching.de/wp-content/uploads/2012/10/Merching-FC-1_Nach.jpg
post:1081,attachment,BayernAtlas,Media / Document,review,Sanitize HTML into controlled blocks,http://www.gemeinde-merching.de/wp-content/uploads/2012/07/BayernAtlas.jpg
post:1191,attachment,Screenshot: Unsere neue Homepage ist Online,Media / Document,review,Sanitize HTML into controlled blocks,http://www.gemeinde-merching.de/wp-content/uploads/2012/10/www_gemeinde-merching_de_ueber-merching_bildergalerie-merching.jpg
post:1247,attachment,Merchinger Advent 2011 005,Media / Document,review,Sanitize HTML into controlled blocks,http://www.gemeinde-merching.de/wp-content/uploads/2012/11/Merchinger-Advent-2011-005.jpg
post:9980,attachment,Unternehmenssatzung für das Kommunalunternehmen Merching vom 16.09.2025,Media / Document,review,Sanitize HTML into controlled blocks,https://www.gemeinde-merching.de/wp-content/uploads/2025/09/Unternehmenssatzung-fuer-das-Kommunalunternehmen-Merching-vom-16.09.2025.pdf
post:10790,wpdmpro,Bestattung - Satzung über die öffentl. Bestattungseinrichtung der Gemeinde Merching vom 17.07.2026 - gültig ab 01.01.2027,Document,high,Shortcode resolution,https://www.gemeinde-merching.de/download/friedhofs-und-bestattungssatzung-ab-01-01-2027/
post:10253,attachment,BP_Nr34_Östl._der_Nebelhornstraße_1Änd_Textteil_m_VV_20251211,Media / Document,review,Sanitize HTML into controlled blocks,https://www.gemeinde-merching.de/wp-content/uploads/2026/01/BP_Nr34_Oestl._der_Nebelhornstrasse_1Aend_Textteil_m_VV_20251211.pdf
post:10254,post,Bekanntmachungen zur 1. Änderung des Bebauungsplanes Nr. 34 - Östlich der Nebelhornstraße,Article,high,Sanitize HTML into controlled blocks,https://www.gemeinde-merching.de/bekanntmachungen-zur-1-aenderung-des-bebauungsplanes-nr-34-oestlich-der-nebelhornstrasse/
post:1578,attachment,Kombimandat Gemeinde Merching,Media / Document,review,Sanitize HTML into controlled blocks,http://www.gemeinde-merching.de/wp-content/uploads/2013/06/Kombimandat_Gemeinde_Merching.pdf
post:1579,attachment,Kombimandat Grundschulverband,Media / Document,review,Sanitize HTML into controlled blocks,http://www.gemeinde-merching.de/wp-content/uploads/2013/06/Kombimandat_Grundschulverband.pdf
post:1580,attachment,Kombimandat Mittelschulverband,Media / Document,review,Sanitize HTML into controlled blocks,http://www.gemeinde-merching.de/wp-content/uploads/2013/06/Kombimandat_Mittelschulverband.pdf
post:1581,attachment,Mandat Gemeinde Merching,Media / Document,review,Sanitize HTML into controlled blocks,http://www.gemeinde-merching.de/wp-content/uploads/2013/06/Mandat_Gemeinde_Merching.pdf
post:1582,attachment,Mandat Grundschulverband,Media / Document,review,Sanitize HTML into controlled blocks,http://www.gemeinde-merching.de/wp-content/uploads/2013/06/Mandat_Grundschulverband.pdf
post:1583,attachment,Mandat Mittelschulverband,Media / Document,review,Sanitize HTML into controlled blocks,http://www.gemeinde-merching.de/wp-content/uploads/2013/06/Mandat_Mittelschulverband.pdf
post:9978,wpdmpro,Unternehmenssatzung für das Kommunalunternehmen Merching vom 16.09.2025,Document,high,Sanitize HTML into controlled blocks,https://www.gemeinde-merching.de/download/unternehmenssatzung-fuer-das-kommunalunternehmen-merching-vom-16-09-2025/
post:9979,attachment,Unternehmenssatzung für das Kommunalunternemen Merching vom 16.09.2025,Media / Document,review,Sanitize HTML into controlled blocks,https://www.gemeinde-merching.de/wp-content/uploads/2025/09/Unternehmenssatzung-fuer-das-Kommunalunternemen-Merching-vom-16.09.2025.pdf
post:1987,page,"Führungszeugnis, Auskunft aus dem Gewerbezentralregister",Organization catalog,review,Sanitize HTML into controlled blocks,https://www.gemeinde-merching.de/buergerservice/lebenslagen/fuehrungszeugnis-auskunft-aus-dem-gewerbezentralregister/
post:1999,page,Flächennutzungsplan - Bebauungspläne,Page,review,Shortcode resolution,https://www.gemeinde-merching.de/buergerservice/flaechennutzungsplan-bebauungsplaene/
post:2025,tablepress_table,Adressen,Structured records or reviewed table alternative,review,No generic table block exists; resolve table to entities or add a controlled accessible table,https://www.gemeinde-merching.de/?post_type=tablepress_table&p=2025
post:2026,tablepress_table,!! Buergerservice-obsolet,Structured records or reviewed table alternative,review,No generic table block exists; resolve table to entities or add a controlled accessible table,https://www.gemeinde-merching.de/?post_type=tablepress_table&p=2026
post:2027,tablepress_table,Gewerbetreibende,Structured records or reviewed table alternative,review,No generic table block exists; resolve table to entities or add a controlled accessible table,https://www.gemeinde-merching.de/?post_type=tablepress_table&p=2027
post:2028,tablepress_table,Vereine,Structured records or reviewed table alternative,review,No generic table block exists; resolve table to entities or add a controlled accessible table,https://www.gemeinde-merching.de/?post_type=tablepress_table&p=2028
post:2029,tablepress_table,Bürgerservice von A-Z,Structured records or reviewed table alternative,review,No generic table block exists; resolve table to entities or add a controlled accessible table,https://www.gemeinde-merching.de/?post_type=tablepress_table&p=2029
post:2093,attachment,Logo_Energieatlas,Media / Document,review,Sanitize HTML into controlled blocks,http://www.gemeinde-merching.de/wp-content/uploads/2014/11/Logo_Energieatlas.jpg
post:10272,attachment,Merching-Ablauf-3,Media / Document,review,Sanitize HTML into controlled blocks,https://www.gemeinde-merching.de/wp-content/uploads/2015/08/Merching-Ablauf-3.jpg
post:10273,attachment,Merching-Ablauf-2,Media / Document,review,Sanitize HTML into controlled blocks,https://www.gemeinde-merching.de/wp-content/uploads/2015/08/Merching-Ablauf-2.jpg
post:10164,attachment,BGS_EWS_2026 Homepage NEU,Media / Document,review,Sanitize HTML into controlled blocks,https://www.gemeinde-merching.de/wp-content/uploads/2025/08/BGS_EWS_2026-Homepage-NEU.pdf
post:10040,attachment,2025_Plakat_Wärmepumpe_Althegnenberg,Media / Document,review,Sanitize HTML into controlled blocks,https://www.gemeinde-merching.de/wp-content/uploads/2025/10/2025_Plakat_Waermepumpe_Althegnenberg.pdf
post:2284,post,"Häuserbuch ""Im Wandel der Zeit"" im Rathaus erhältlich",Article,high,Sanitize HTML into controlled blocks,https://www.gemeinde-merching.de/haeuserbuch-im-wandel-der-zeit-im-rathaus-erhaeltlich/
post:10786,attachment,Bekanntmachung Friedhofs- und Bestattungssatzung ab 01.01.2027,Media / Document,review,Sanitize HTML into controlled blocks,https://www.gemeinde-merching.de/wp-content/uploads/2026/07/Bekanntmachung-Friedhofs-und-Bestattungssatzung-ab-01.01.2027.pdf
post:10248,attachment,1.Änderung BP 34 östl. Nebelhornstr. Bekanntmachung Satzungsbeschluss,Media / Document,review,Sanitize HTML into controlled blocks,https://www.gemeinde-merching.de/wp-content/uploads/2026/01/1.Aenderung-BP-34-oestl.-Nebelhornstr.-Bekanntmachung-Satzungsbeschluss.pdf
post:10837,attachment,"Bestattungsgebührensatzung, ab 2027_Homepage",Media / Document,review,Sanitize HTML into controlled blocks,https://www.gemeinde-merching.de/wp-content/uploads/2026/07/Bestattungsgebuehrensatzung-ab-2027_Homepage.pdf
post:10788,wpdmpro,Bekanntmachung der Gebührensatzung zur Friedhofs- und Bestattungssatzung ab 01.01.2027,Document,high,Shortcode resolution,https://www.gemeinde-merching.de/download/bekanntmachung-der-gebuehrensatzung-zur-friedhofs-und-bestattungssatzung-ab-01-01-2027/
post:10789,attachment,Bekanntmachung Satzung GBS_BES ab 01.01.2027,Media / Document,review,Sanitize HTML into controlled blocks,https://www.gemeinde-merching.de/wp-content/uploads/2026/07/Bekanntmachung-Satzung-GBS_BES-ab-01.01.2027.pdf
post:10251,attachment,BP_Nr34_Östl._der_Nebelhornstraße_1Änd_Begründung_20251211,Media / Document,review,Sanitize HTML into controlled blocks,https://www.gemeinde-merching.de/wp-content/uploads/2026/01/BP_Nr34_Oestl._der_Nebelhornstrasse_1Aend_Begruendung_20251211.pdf
post:2376,attachment,post-expirator,Media / Document,review,Sanitize HTML into controlled blocks,http://www.gemeinde-merching.de/wp-content/uploads/2015/08/post-expirator.jpg
post:2378,attachment,post-expirator2,Media / Document,review,Sanitize HTML into controlled blocks,http://www.gemeinde-merching.de/wp-content/uploads/2015/08/post-expirator2.jpg
post:7566,attachment,Amtsblatt 05-2023=Jahrg. 78 Nr. 05,Media / Document,review,Sanitize HTML into controlled blocks,https://www.gemeinde-merching.de/wp-content/uploads/2023/05/Amtsblatt-05-2023Jahrg.-78-Nr.-05.pdf
post:7568,attachment,Amtsblatt 03-2023=Jahrg. 78 Nr. 3,Media / Document,review,Sanitize HTML into controlled blocks,https://www.gemeinde-merching.de/wp-content/uploads/2023/05/Amtsblatt-03-2023Jahrg.-78-Nr.-3.pdf
post:2799,attachment,Gewerbeeintraege-mit-connections-anlegen-mit-homepage,Media / Document,review,Sanitize HTML into controlled blocks,http://www.gemeinde-merching.de/wp-content/uploads/2016/06/Gewerbeeintraege-mit-connections-anlegen-mit-homepage.jpg
post:2800,attachment,Gewerbeeintraege-mit-connections-anlegen-ohne-eigene-homepage-1,Media / Document,review,Sanitize HTML into controlled blocks,http://www.gemeinde-merching.de/wp-content/uploads/2016/06/Gewerbeeintraege-mit-connections-anlegen-ohne-eigene-homepage-1.jpg
post:2801,attachment,Gewerbeeintraege-mit-connections-anlegen-ohne-eigene-homepage-2,Media / Document,review,Sanitize HTML into controlled blocks,http://www.gemeinde-merching.de/wp-content/uploads/2016/06/Gewerbeeintraege-mit-connections-anlegen-ohne-eigene-homepage-2.jpg
post:2802,attachment,Gewerbeeintraege-mit-connections-verwalten,Media / Document,review,Sanitize HTML into controlled blocks,http://www.gemeinde-merching.de/wp-content/uploads/2016/06/Gewerbeeintraege-mit-connections-verwalten.jpg
post:2847,page,Bürgerserviceportal,Page,review,Sanitize HTML into controlled blocks,https://www.gemeinde-merching.de/buergerservice/buergerserviceportal/
post:2850,attachment,BSP_Logo_180,Media / Document,review,Sanitize HTML into controlled blocks,http://www.gemeinde-merching.de/wp-content/uploads/2016/08/BSP_Logo_180.jpg
post:3068,attachment,Logo Bürgernetz,Media / Document,review,Sanitize HTML into controlled blocks,http://www.gemeinde-merching.de/wp-content/uploads/2017/01/Logo-Bürgernetz.png
post:7777,attachment,Amtsblatt 07-2023=Jahrg. 78 Nr. 07,Media / Document,review,Sanitize HTML into controlled blocks,https://www.gemeinde-merching.de/wp-content/uploads/2023/07/Amtsblatt-07-2023Jahrg.-78-Nr.-07.pdf
post:10693,attachment,Helfer-Markus-klein,Media / Document,review,Sanitize HTML into controlled blocks,https://www.gemeinde-merching.de/wp-content/uploads/2026/05/Helfer-Markus-klein.jpg
post:9977,attachment,Bekanntmachung Satzung für das Kommunalunternehmen Merching vom 16.09.2025,Media / Document,review,Sanitize HTML into controlled blocks,https://www.gemeinde-merching.de/wp-content/uploads/2025/09/Bekanntmachung-Satzung-fuer-das-Kommunalunternehmen-Merching-vom-16.09.2025.pdf
post:9017,attachment,Heimatprojekt_Textvorschlag_Website,Media / Document,review,Sanitize HTML into controlled blocks,https://www.gemeinde-merching.de/wp-content/uploads/2024/10/Heimatprojekt_Textvorschlag_Website.pdf
post:9018,attachment,Bürgerbefragung_Druckformat,Media / Document,review,Sanitize HTML into controlled blocks,https://www.gemeinde-merching.de/wp-content/uploads/2024/10/Buergerbefragung_Druckformat.pdf
post:3658,page,Datenschutzerklärung,Page,review,Shortcode resolution,https://www.gemeinde-merching.de/impressum/datenschutzerklaerung/
post:7617,attachment,Aufhebung_BP_Nr3a_Anschreiben_TÖB_Bet_20230601,Media / Document,review,Sanitize HTML into controlled blocks,https://www.gemeinde-merching.de/wp-content/uploads/2023/06/Aufhebung_BP_Nr3a_Anschreiben_TOeB_Bet_20230601.pdf
post:3736,attachment,Logo Hochwasser,Media / Document,review,Sanitize HTML into controlled blocks,https://www.gemeinde-merching.de/wp-content/uploads/2018/08/Logo-Hochwasser.jpg
post:3868,link_library_links,Bauwasserbezugsvertrag,ExternalResource,review,Sanitize HTML into controlled blocks,https://www.gemeinde-merching.de/download/wasserversorgung/Bauwasserbezugsvertrag.pdf
post:3867,link_library_links,Unternehmens- und Gründerberatung im Landratsamt Aichach-Friedberg,ExternalResource,review,Sanitize HTML into controlled blocks,https://lra-aic-fdb.de/landkreis/wirtschaft/termine-und-veranstaltungen
post:3866,link_library_links,"Vollmacht zur Abholung von Dokumenten (Reisepass, Personalausweis)",ExternalResource,review,Sanitize HTML into controlled blocks,http://formular-server.de/AIC_FS/findform?shortname=jueANT4001514005401&formtecid=2&areashortname=Merching
post:3865,link_library_links,Wohnungsgeberbestätigung zur Vorlage bei der Meldebehörde,ExternalResource,review,Sanitize HTML into controlled blocks,http://formular-server.de/AIC_FS/findform?shortname=jue_4001504002402&formtecid=2&areashortname=Merching
post:3864,link_library_links,Zustimmungserklärung bei Personalausweis- und Passanträgen,ExternalResource,review,Sanitize HTML into controlled blocks,http://formular-server.de/AIC_FS/findform?shortname=juePAS4001511102401&formtecid=2&areashortname=Merching
post:3863,link_library_links,Energieatlas Bayern,ExternalResource,review,Sanitize HTML into controlled blocks,http://www.energieatlas.bayern.de
post:3861,link_library_links,SEPA-Mandat Mittelschulverband,ExternalResource,review,Sanitize HTML into controlled blocks,https://www.gemeinde-merching.de/wp-content/uploads/2013/06/Mandat_Mittelschulverband.pdf
post:3862,link_library_links,SEPA-Mandat Grundschulverband,ExternalResource,review,Sanitize HTML into controlled blocks,https://www.gemeinde-merching.de/wp-content/uploads/2013/06/Mandat_Grundschulverband.pdf
post:3860,link_library_links,"""Klimaschutz"" des Landratsamtes Aichach-Friedberg",ExternalResource,review,Sanitize HTML into controlled blocks,http://www.lra-aic-fdb.de/klimaschutz
post:3859,link_library_links,Formulare zur Steuererklärung,ExternalResource,review,Sanitize HTML into controlled blocks,http://www.finanzamt.bayern.de/Informationen/Formulare/default.php?f=augsburg-land&c=n&d=x&t=x
post:3857,link_library_links,Formulare der Deutschen Rentenversicherung,ExternalResource,review,Sanitize HTML into controlled blocks,http://www.deutsche-rentenversicherung.de/Allgemein/de/Navigation/5_Services/04_formulare_und_antraege/FormulareUndAntraege_node.html
post:3856,link_library_links,Bayerischer Behördenwegweiser,ExternalResource,review,Sanitize HTML into controlled blocks,http://www.behoerdenwegweiser.bayern.de/
post:3853,link_library_links,Verdienstbescheinigung,ExternalResource,review,Sanitize HTML into controlled blocks,http://formular-server.de/AIC_FS/findform?shortname=jueBES4096851102402&formtecid=2&areashortname=Merching
post:3854,link_library_links,Landkreis Aichach Friedberg,ExternalResource,review,Sanitize HTML into controlled blocks,http://www.lra-aic-fdb.de/
post:3855,link_library_links,"Verkehrssicherheitsprogramm 2020 ""Bayern mobil sicher ans Ziel""",ExternalResource,review,Sanitize HTML into controlled blocks,http://www.sichermobil.bayern.de/
post:3851,link_library_links,Hundesteuer: Anmeldung und Abmeldung,ExternalResource,review,Sanitize HTML into controlled blocks,http://formular-server.de/AIC_FS/findform?shortname=jue_STR4009234003401&formtecid=2&areashortname=Merching
post:3849,link_library_links,Antrag auf Stundung oder Ratenzahlung,ExternalResource,review,Sanitize HTML into controlled blocks,http://formular-server.de/AIC_FS/findform?shortname=jue_STR4009521011402&formtecid=2&areashortname=Merching
post:3848,link_library_links,Pachtvertrag für Grundstücke,ExternalResource,review,Sanitize HTML into controlled blocks,http://formular-server.de/AIC_FS/findform?shortname=jueSOZ4006806004402&formtecid=2&areashortname=Merching
post:3846,link_library_links,Mietbescheinigung,ExternalResource,review,Sanitize HTML into controlled blocks,http://formular-server.de/AIC_FS/findform?shortname=jueWOH4006851112401&formtecid=2&areashortname=Merching
post:3847,link_library_links,Mietvertrag,ExternalResource,review,Sanitize HTML into controlled blocks,http://formular-server.de/AIC_FS/findform?shortname=jueSOZ4006806001406&formtecid=2&areashortname=Merching
post:3845,link_library_links,Aufstellung der in Betracht kommenden Unterlagen zum Antrag auf Wohngeld (Miet- oder Lastenzuschuss),ExternalResource,review,Sanitize HTML into controlled blocks,http://formular-server.de/AIC_FS/findform?shortname=jueWOH4006851112401&formtecid=2&areashortname=Merching
post:3844,link_library_links,Angaben des Vermieters zum Wohnraum,ExternalResource,review,Sanitize HTML into controlled blocks,http://formular-server.de/AIC_FS/findform?shortname=jueEWW4006851108402&formtecid=2&areashortname=Merching
post:3843,link_library_links,Antrag auf Erteilung einer Genehmigung für Versetzung/Errichtung/Grabmal/Grabplatte/Einfriedung/Wahlgrab/Reihengrab,ExternalResource,review,Sanitize HTML into controlled blocks,http://formular-server.de/AIC_FS/findform?shortname=jueANT4005541001402&formtecid=2&areashortname=Merching
post:3842,link_library_links,Antrag auf Erstattung von Verdienstausfall im Feuerwehrdienst,ExternalResource,review,Sanitize HTML into controlled blocks,http://formular-server.de/AIC_FS/findform?shortname=jueANT4000912501402&formtecid=2&areashortname=Merching
post:3841,link_library_links,Antrag auf Gastschul-Besuch,ExternalResource,review,Sanitize HTML into controlled blocks,http://formular-server.de/AIC_FS/findform?shortname=jueANT4092001003402&formtecid=2&areashortname=Merching
post:3840,link_library_links,Merkblatt für das Gaststättengewerbe,ExternalResource,review,Sanitize HTML into controlled blocks,http://formular-server.de/AIC_FS/findform?shortname=jueANT4008237401401&formtecid=2&areashortname=Merching
post:3839,link_library_links,Gewerbe-Abmeldung nach § 14 GewO oder § 55 c GewO,ExternalResource,review,Sanitize HTML into controlled blocks,http://formular-server.de/AIC_FS/findform?shortname=jueGEW4008221003402&formtecid=2&areashortname=Merching
post:3838,link_library_links,Gewerbe-Ummeldung nach § 14 GewO oder § 55 c GewO,ExternalResource,review,Sanitize HTML into controlled blocks,http://formular-server.de/AIC_FS/findform?shortname=jueGEW4008221022402&formtecid=2&areashortname=Merching
post:3837,link_library_links,Gewerbe-Anmeldung nach § 14 GewO oder § 55 c GewO,ExternalResource,review,Sanitize HTML into controlled blocks,http://formular-server.de/AIC_FS/findform?shortname=jueGEW4008221021402&formtecid=2&areashortname=Merching
post:3836,link_library_links,Beiblatt zur Gewerbe- Anmeldung Ummeldung Abmeldung,ExternalResource,review,Sanitize HTML into controlled blocks,http://formular-server.de/AIC_FS/findform?shortname=jueGEW4008221101401&formtecid=2&areashortname=Merching
post:3835,link_library_links,Antrag auf Auskunft aus dem Gewerbezentralregister,ExternalResource,review,Sanitize HTML into controlled blocks,http://formular-server.de/AIC_FS/findform?shortname=jueANT4008225007401&formtecid=2&areashortname=Merching
post:3824,link_library_links,Leitfaden für den sicheren Umgang mit Lebensmitteln,ExternalResource,review,Sanitize HTML into controlled blocks,http://formular-server.de/AIC_FS/findform?shortname=jueMB4098237412401&formtecid=2&areashortname=Merching
post:3823,link_library_links,Jugendschutzgesetz (JuSchG),ExternalResource,review,Sanitize HTML into controlled blocks,http://formular-server.de/AIC_FS/findform?shortname=jueJUG4008237404401&formtecid=2&areashortname=Merching
post:3822,link_library_links,Anzeige einer öffentlichen Veranstaltung,ExternalResource,review,Sanitize HTML into controlled blocks,http://formular-server.de/AIC_FS/findform?shortname=jueANZ4178236042402&formtecid=2&areashortname=Merching
post:3821,link_library_links,Antrag auf Gestattung eines vorübergehenden Gaststättenbetriebes aus besonderem Anlass nach § 12 Gaststättengesetz,ExternalResource,review,Sanitize HTML into controlled blocks,http://formular-server.de/AIC_FS/findform?shortname=jueANT4008231011401&formtecid=2&areashortname=Merching
post:3820,link_library_links,Antrag auf Genehmigung zum Abbrennen eines Feuerwerks gem. § 24 Abs. 1 der Ersten Verordnung zum Sprengstoffgesetz,ExternalResource,review,Sanitize HTML into controlled blocks,http://formular-server.de/AIC_FS/findform?shortname=jueANT4001391002401&formtecid=2&areashortname=Merching
post:3819,link_library_links,Einrichtung einer Auskunfts- bzw. Übermittlungssperre,ExternalResource,review,Sanitize HTML into controlled blocks,http://formular-server.de/AIC_FS/findform?shortname=jue4001502501402&formtecid=2&areashortname=Merching
post:3817,link_library_links,Abmeldung bei der Meldebehörde,ExternalResource,review,Sanitize HTML into controlled blocks,http://formular-server.de/AIC_FS/findform?shortname=jueMEL4091501005404&formtecid=2&areashortname=Merching
post:3818,link_library_links,Anmeldung bei der Meldebehörde – Umzugsmeldung –,ExternalResource,review,Sanitize HTML into controlled blocks,http://formular-server.de/AIC_FS/findform?shortname=jueMEL4091501009403&formtecid=2&areashortname=Merching
post:3816,link_library_links,Bayerische Regiobahn,ExternalResource,review,Sanitize HTML into controlled blocks,http://www.bayerischeregiobahn.de/
post:3815,link_library_links,Das Wittelsbacher Land,ExternalResource,review,Sanitize HTML into controlled blocks,http://wittelsbacherland.de/
post:3813,link_library_links,Anmeldung bei der Meldebehörde,ExternalResource,review,Sanitize HTML into controlled blocks,http://formular-server.de/AIC_FS/findform?shortname=jueANM4091501004404&formtecid=2&areashortname=Merching
post:3814,link_library_links,Antrag auf Anordnung verkehrsregelnder Maßnahmen nach §45 Straßenverkehrs-Ordnung (StVO),ExternalResource,review,Sanitize HTML into controlled blocks,http://formular-server.de/AIC_FS/findform?shortname=jueANT4001401051402&formtecid=2&areashortname=Merching
post:3812,link_library_links,AVV Fahrplanauskunft,ExternalResource,review,Sanitize HTML into controlled blocks,http://www.avv-augsburg.de/fahrplan/fahrplanauskunft
post:3869,link_library_links,Antrag auf Wasserbezug - Einbau eines Wasserzählers,ExternalResource,review,Sanitize HTML into controlled blocks,https://www.gemeinde-merching.de/download/wasserversorgung/Antrag_fuer_Wasserbezug.pdf
post:3872,link_library_links,https://www.gemeinde-merching.de/buergerservice/gemeinderat/,ExternalResource,review,Sanitize HTML into controlled blocks,https://www.gemeinde-merching.de/buergerservice/gemeinderat/
post:3873,link_library_links,Anmeldung eines Gartenwasserzählers,ExternalResource,review,Sanitize HTML into controlled blocks,https://www.gemeinde-merching.de/download/wasserversorgung/Anmeldung_eines_Gartenwasserzaehlers_NEU_ab_2022.pdf
post:3874,link_library_links,Hochwasser-Info,ExternalResource,review,Sanitize HTML into controlled blocks,https://www.hochwasserinfo.bayern.de/
post:3942,attachment,Logo Advent,Media / Document,review,Sanitize HTML into controlled blocks,https://www.gemeinde-merching.de/wp-content/uploads/2018/11/Logo-Advent.pdf
post:4016,attachment,Vordruck_Bauplatzbewerbung,Media / Document,review,Sanitize HTML into controlled blocks,https://www.gemeinde-merching.de/wp-content/uploads/2019/03/Vordruck_Bauplatzbewerbung.pdf
post:10382,attachment,Merchinger Ramadama 2026 PDF,Media / Document,review,Sanitize HTML into controlled blocks,https://www.gemeinde-merching.de/wp-content/uploads/2026/02/Merchinger-Ramadama-2026-PDF.pdf
post:10364,attachment,Merchinger Rama Dama 2026,Media / Document,review,Sanitize HTML into controlled blocks,https://www.gemeinde-merching.de/wp-content/uploads/2026/02/Merchinger-Rama-Dama-2026.pdf
post:4096,link_library_links,Wittelsbacher Land e.V.,ExternalResource,review,Sanitize HTML into controlled blocks,https://www.wittelsbacherland-verein.de/start.html
post:10479,attachment,Screenshot 2026-04-08 095702 Solaroffensive LRA 04_26,Media / Document,review,Sanitize HTML into controlled blocks,https://www.gemeinde-merching.de/wp-content/uploads/2026/04/Screenshot-2026-04-08-095702-Solaroffensive-LRA-04_26.jpg
post:9055,post,Gemeindekurier Sommer 2026,Article,high,Sanitize HTML into controlled blocks,https://www.gemeinde-merching.de/gemeindekurier-herbst-2024-m-einladung-zu-den-buergerversammlungen-2024/
post:9056,attachment,Gemeindekurier Herbst 2024 f. Homepage,Media / Document,review,Sanitize HTML into controlled blocks,https://www.gemeinde-merching.de/wp-content/uploads/2024/10/Gemeindekurier-Herbst-2024-f.-Homepage.pdf
post:4149,link_library_links,Energieberatung Landkreis Aichach-Friedberg,ExternalResource,review,Sanitize HTML into controlled blocks,https://lra-aic-fdb.de/landkreis/klimaschutz/termine-klimaschutz
post:4152,attachment,httpswww.gemeinde-merching.dewpfilebase_thumbnail1fid359nameEnergieberatung_Landkreis_Aichach-Friedberg_Typo_schwarz_RGB_klein.jpg,Media / Document,review,Sanitize HTML into controlled blocks,https://www.gemeinde-merching.de/links/nuetzliche-und-hilfreiche-links/4149/httpswww-gemeinde-merching-dewpfilebase_thumbnail1fid359nameenergieberatung_landkreis_aichach-friedberg_typo_schwarz_rgb_klein-jpg/
post:7607,attachment,Vorkaufsrechtssatzung,Media / Document,review,Sanitize HTML into controlled blocks,https://www.gemeinde-merching.de/wp-content/uploads/2023/05/Vorkaufsrechtssatzung.pdf
post:7605,attachment,Satzung 30.05.2023,Media / Document,review,Sanitize HTML into controlled blocks,https://www.gemeinde-merching.de/wp-content/uploads/2023/05/Satzung-30.05.2023.pdf
post:8006,attachment,Albrecht-Sofie-klein,Media / Document,review,Sanitize HTML into controlled blocks,https://www.gemeinde-merching.de/wp-content/uploads/2023/10/Albrecht-Sofie-klein.jpg
post:10245,wpdmpro,Bürgertelefon Krebs,Document,high,Shortcode resolution,https://www.gemeinde-merching.de/download/buergertelefon-krebs/
post:10246,attachment,BZKF_BürgerTelefonKrebs v. F. Hagen,Media / Document,review,Sanitize HTML into controlled blocks,https://www.gemeinde-merching.de/wp-content/uploads/2026/01/BZKF_BuergerTelefonKrebs-v.-F.-Hagen.pdf
post:8134,post,Abschaffung des Kinderreisepasses zum 1. Januar 2024,Article,high,Shortcode resolution,https://www.gemeinde-merching.de/abschaffung-des-kinderreisepasses-zum-1-januar-2024/
post:9014,post,Grundsteuer ab 2025,Article,high,Sanitize HTML into controlled blocks,https://www.gemeinde-merching.de/grundsteuer-ab-2025/
post:8132,wpdmpro,Abschaffung des Kinderreisepasses zum 01.01.2024,Document,high,Shortcode resolution,https://www.gemeinde-merching.de/download/abschaffung-des-kinderreisepasses-zum-01-01-2024/
post:8133,attachment,Abschaffung des Kinderreisepasses zum 01.01.2024,Media / Document,review,Sanitize HTML into controlled blocks,https://www.gemeinde-merching.de/wp-content/uploads/2023/11/Abschaffung-des-Kinderreisepasses-zum-01.01.2024.pdf
post:4401,link_library_links,Antrag auf Erteilung einer Ausnahmegenehmigung gem. § 46 Abs. 1 Nr. 8 StVO für Inanspruchnahme von öffentl. Verkehrsgrund (§ 32 StVO),ExternalResource,review,Sanitize HTML into controlled blocks,http://formular-server.de/AIC_FS/findform?shortname=jueANT4001401071401&formtecid=2&areashortname=Merching
post:7608,wpdmpro,"Satzung über das besondere Vorkaufsrecht d. Gemeinde Merching f. den Bereich d. Fl.Nr. 88/1, 90 und 93/3 d. Gemarkung Merching",Document,high,Shortcode resolution,https://www.gemeinde-merching.de/download/satzung-ueber-das-besondere-vorkaufsrecht-d-gemeinde-merching-f-den-bereich-d-fl-nr-88-1-90-und-93-3-d-gemarkung-merching/
post:7609,attachment,Vorkaufsrechtssatzung,Media / Document,review,Sanitize HTML into controlled blocks,https://www.gemeinde-merching.de/wp-content/uploads/2023/05/Vorkaufsrechtssatzung-1.pdf
post:10017,attachment,Aufruf Kunstförderpreis,Media / Document,review,Sanitize HTML into controlled blocks,https://www.gemeinde-merching.de/wp-content/uploads/2025/09/Aufruf-Kunstfoerderpreis.pdf
post:4535,attachment,1. Bürgermeister Helmut Luichtl,Media / Document,review,Sanitize HTML into controlled blocks,https://www.gemeinde-merching.de/wp-content/uploads/2020/05/1-Luichtl.jpg
post:4544,attachment,1. Bürgermeister Helmut Luichtl,Media / Document,review,Sanitize HTML into controlled blocks,https://www.gemeinde-merching.de/wp-content/uploads/2020/05/1-Luichtl2.jpg
post:4545,attachment,2-Teifelhart2,Media / Document,review,Sanitize HTML into controlled blocks,https://www.gemeinde-merching.de/wp-content/uploads/2020/05/2-Teifelhart2.jpg
post:4546,attachment,6-Greipel2,Media / Document,review,Sanitize HTML into controlled blocks,https://www.gemeinde-merching.de/wp-content/uploads/2020/05/6-Greipel2.jpg
post:4547,attachment,4-Mayr2,Media / Document,review,Sanitize HTML into controlled blocks,https://www.gemeinde-merching.de/wp-content/uploads/2020/05/4-Mayr2.jpg
post:4548,attachment,15-Dittebrand2,Media / Document,review,Sanitize HTML into controlled blocks,https://www.gemeinde-merching.de/wp-content/uploads/2020/05/15-Dittebrand2.jpg
post:4549,attachment,14-Schwarz2,Media / Document,review,Sanitize HTML into controlled blocks,https://www.gemeinde-merching.de/wp-content/uploads/2020/05/14-Schwarz2.jpg
post:4550,attachment,7_15Wecker_Martin,Media / Document,review,Sanitize HTML into controlled blocks,https://www.gemeinde-merching.de/wp-content/uploads/2020/05/7_15Wecker_Martin.jpg
post:4551,attachment,7_0Storch,Media / Document,review,Sanitize HTML into controlled blocks,https://www.gemeinde-merching.de/wp-content/uploads/2020/05/7_0Storch.jpg
post:4552,attachment,7_2Eckmann,Media / Document,review,Sanitize HTML into controlled blocks,https://www.gemeinde-merching.de/wp-content/uploads/2020/05/7_2Eckmann.jpg
post:4553,attachment,7_3Failer Josef,Media / Document,review,Sanitize HTML into controlled blocks,https://www.gemeinde-merching.de/wp-content/uploads/2020/05/7_3Failer-Josef.jpg
post:4554,attachment,7_4Failer_Christian,Media / Document,review,Sanitize HTML into controlled blocks,https://www.gemeinde-merching.de/wp-content/uploads/2020/05/7_4Failer_Christian.jpg
post:4555,attachment,7_7Lutz,Media / Document,review,Sanitize HTML into controlled blocks,https://www.gemeinde-merching.de/wp-content/uploads/2020/05/7_7Lutz.jpg
post:4556,attachment,7_12Scheibenbogen,Media / Document,review,Sanitize HTML into controlled blocks,https://www.gemeinde-merching.de/wp-content/uploads/2020/05/7_12Scheibenbogen.jpg
post:4557,attachment,7_14Waitzmann,Media / Document,review,Sanitize HTML into controlled blocks,https://www.gemeinde-merching.de/wp-content/uploads/2020/05/7_14Waitzmann.jpg
post:4558,attachment,3_Wolfgang_Schlagenhauf_400,Media / Document,review,Sanitize HTML into controlled blocks,https://www.gemeinde-merching.de/wp-content/uploads/2020/05/3_Wolfgang_Schlagenhauf_400.jpg
post:4559,attachment,1_Robert_Graf_400,Media / Document,review,Sanitize HTML into controlled blocks,https://www.gemeinde-merching.de/wp-content/uploads/2020/05/1_Robert_Graf_400.jpg
post:4565,attachment,7_3Failer Josef_klein,Media / Document,review,Sanitize HTML into controlled blocks,https://www.gemeinde-merching.de/wp-content/uploads/2020/05/7_3Failer-Josef_klein.jpg
post:4566,attachment,7_4Failer_Christian_klein,Media / Document,review,Sanitize HTML into controlled blocks,https://www.gemeinde-merching.de/wp-content/uploads/2020/05/7_4Failer_Christian_klein.jpg
post:4567,attachment,7_7Lutz_klein,Media / Document,review,Sanitize HTML into controlled blocks,https://www.gemeinde-merching.de/wp-content/uploads/2020/05/7_7Lutz_klein.jpg
post:4568,attachment,7_12Scheibenbogen_klein,Media / Document,review,Sanitize HTML into controlled blocks,https://www.gemeinde-merching.de/wp-content/uploads/2020/05/7_12Scheibenbogen_klein.jpg
post:4569,attachment,7_14Waitzmann_klein,Media / Document,review,Sanitize HTML into controlled blocks,https://www.gemeinde-merching.de/wp-content/uploads/2020/05/7_14Waitzmann_klein.jpg
post:4570,attachment,7_15Wecker_Martin_klein,Media / Document,review,Sanitize HTML into controlled blocks,https://www.gemeinde-merching.de/wp-content/uploads/2020/05/7_15Wecker_Martin_klein.jpg
post:4571,attachment,14-Schwarz2_klein,Media / Document,review,Sanitize HTML into controlled blocks,https://www.gemeinde-merching.de/wp-content/uploads/2020/05/14-Schwarz2_klein.jpg
post:4572,attachment,15-Dittebrand2_klein,Media / Document,review,Sanitize HTML into controlled blocks,https://www.gemeinde-merching.de/wp-content/uploads/2020/05/15-Dittebrand2_klein.jpg
post:4573,attachment,1_Robert_Graf_400_klein,Media / Document,review,Sanitize HTML into controlled blocks,https://www.gemeinde-merching.de/wp-content/uploads/2020/05/1_Robert_Graf_400_klein.jpg
post:4574,attachment,1-Luichtl2_klein,Media / Document,review,Sanitize HTML into controlled blocks,https://www.gemeinde-merching.de/wp-content/uploads/2020/05/1-Luichtl2_klein.jpg
post:4575,attachment,2-Teifelhart2_klein,Media / Document,review,Sanitize HTML into controlled blocks,https://www.gemeinde-merching.de/wp-content/uploads/2020/05/2-Teifelhart2_klein.jpg
post:4576,attachment,3_Wolfgang_Schlagenhauf_400_klein,Media / Document,review,Sanitize HTML into controlled blocks,https://www.gemeinde-merching.de/wp-content/uploads/2020/05/3_Wolfgang_Schlagenhauf_400_klein.jpg
post:4577,attachment,4-Mayr2_klein,Media / Document,review,Sanitize HTML into controlled blocks,https://www.gemeinde-merching.de/wp-content/uploads/2020/05/4-Mayr2_klein.jpg
post:4578,attachment,6-Greipel2_klein,Media / Document,review,Sanitize HTML into controlled blocks,https://www.gemeinde-merching.de/wp-content/uploads/2020/05/6-Greipel2_klein.jpg
post:4579,attachment,7_0Storch_klein,Media / Document,review,Sanitize HTML into controlled blocks,https://www.gemeinde-merching.de/wp-content/uploads/2020/05/7_0Storch_klein.jpg
post:4580,attachment,7_2Eckmann_klein,Media / Document,review,Sanitize HTML into controlled blocks,https://www.gemeinde-merching.de/wp-content/uploads/2020/05/7_2Eckmann_klein.jpg
post:9846,attachment,Logo-BRB,Media / Document,review,Sanitize HTML into controlled blocks,https://www.gemeinde-merching.de/wp-content/uploads/2018/09/Logo-BRB.jpg
post:4582,tablepress_table,Gemeinderat 2026-2032,Structured records or reviewed table alternative,review,No generic table block exists; resolve table to entities or add a controlled accessible table,https://www.gemeinde-merching.de/?post_type=tablepress_table&p=4582
post:4590,attachment,Huber_klein,Media / Document,review,Sanitize HTML into controlled blocks,https://www.gemeinde-merching.de/wp-content/uploads/2020/05/Huber_klein.jpg
post:4592,attachment,Huber_klein,Media / Document,review,Sanitize HTML into controlled blocks,https://www.gemeinde-merching.de/wp-content/uploads/2020/05/Huber_klein-1.jpg
post:4595,attachment,Huber_klein2,Media / Document,review,Sanitize HTML into controlled blocks,https://www.gemeinde-merching.de/wp-content/uploads/2020/05/Huber_klein2.jpg
post:4597,attachment,Huber_klein2,Media / Document,review,Sanitize HTML into controlled blocks,https://www.gemeinde-merching.de/wp-content/uploads/2020/05/Huber_klein2-1.jpg
post:4604,attachment,7_9Natalie Lang_klein,Media / Document,review,Sanitize HTML into controlled blocks,https://www.gemeinde-merching.de/wp-content/uploads/2020/05/7_9Natalie-Lang_klein.jpg
post:4610,link_library_links,"Gewerbeanzeige, Gewerbeanmeldung online über das Bayernportal",ExternalResource,review,Sanitize HTML into controlled blocks,http://www.freistaat.bayern/dokumente/leistung/5777574439?plz=86504&behoerde=41441471641&gemeinde=808857560675
post:4623,attachment,httpswww.gemeinde-merching.dewp-contentuploadslink-library-images9.jpg,Media / Document,review,Sanitize HTML into controlled blocks,https://www.gemeinde-merching.de/links/nuetzliche-und-hilfreiche-links/mifaz-mitfahrzentrale/httpswww-gemeinde-merching-dewp-contentuploadslink-library-images9-jpg/
post:4624,attachment,httpswww.gemeinde-merching.dewp-contentuploads201701Logo-Bürgernetz-e1484639317192.png,Media / Document,review,Sanitize HTML into controlled blocks,https://www.gemeinde-merching.de/links/nuetzliche-und-hilfreiche-links/buergernetz-mering/httpswww-gemeinde-merching-dewp-contentuploads201701logo-buergernetz-e1484639317192-png/
post:4625,attachment,httpswww.gemeinde-merching.dewp-contentuploadslink-library-images68.jpg,Media / Document,review,Sanitize HTML into controlled blocks,https://www.gemeinde-merching.de/links/nuetzliche-und-hilfreiche-links/formulare-zur-beantragung-eines-schwerbehindertenausweises-sowie-fuer-kindergeldleistungen/httpswww-gemeinde-merching-dewp-contentuploadslink-library-images68-jpg/
post:4631,page,Fundsachen,Page,review,Sanitize HTML into controlled blocks,https://www.gemeinde-merching.de/aktuelles/fundsachen/
post:4654,attachment,Wieja_klein,Media / Document,review,Sanitize HTML into controlled blocks,https://www.gemeinde-merching.de/wp-content/uploads/2020/05/Wieja_klein.jpg
post:4656,tablepress_table,Standortfaktoren Gewerbe,Structured records or reviewed table alternative,review,No generic table block exists; resolve table to entities or add a controlled accessible table,https://www.gemeinde-merching.de/?post_type=tablepress_table&p=4656
post:4660,attachment,IMG_7090 - mini 2,Media / Document,review,Sanitize HTML into controlled blocks,https://www.gemeinde-merching.de/wp-content/uploads/2020/05/IMG_7090-mini-2.jpg
post:4662,attachment,IMG_7090 - mikro,Media / Document,review,Sanitize HTML into controlled blocks,https://www.gemeinde-merching.de/wp-content/uploads/2020/05/IMG_7090-mikro.jpg
post:4851,tablepress_table,Startseite-Intro,Structured records or reviewed table alternative,review,No generic table block exists; resolve table to entities or add a controlled accessible table,https://www.gemeinde-merching.de/?post_type=tablepress_table&p=4851
post:4671,attachment,1. Bürgermeister Helmut Luichtl,Media / Document,review,Sanitize HTML into controlled blocks,https://www.gemeinde-merching.de/wp-content/uploads/2020/05/1-Luichtl2-micro.jpg
post:9976,wpdmpro,Bekanntmachung Unternehmenssatzung für das Kommunalunternehmen Merching vom 16.09.2026,Document,high,Shortcode resolution,https://www.gemeinde-merching.de/download/bekanntmachung-unternehmenssatzung-fuer-das-kommunalunternehmen-merching-vom-16-09-2026/
post:9972,wpdmpro,Stellplatzsatzung der Gemeinde Merching vom 08.09.2025,Document,high,Shortcode resolution,https://www.gemeinde-merching.de/download/stellplatzsatzung-vom-08-09-2025/
post:9973,attachment,Stellplatzsatzung der Gemeinde Merching vom 08.09.2025,Media / Document,review,Sanitize HTML into controlled blocks,https://www.gemeinde-merching.de/wp-content/uploads/2025/09/Stellplatzsatzung-der-Gemeinde-Merching-vom-08.09.2025.pdf
post:10179,wpdmpro,Bekanntmachung Beschwerdeausschuss,Document,high,Shortcode resolution,https://www.gemeinde-merching.de/download/bekanntmachung-beschwerdeausschuss/
post:9969,attachment,Bekanntmachung Stellplatzsatzung vom 08.09.2025,Media / Document,review,Sanitize HTML into controlled blocks,https://www.gemeinde-merching.de/wp-content/uploads/2025/09/Bekanntmachung-Stellplatzsatzung-vom-08.09.2025.pdf
post:4726,attachment,Abgesagt,Media / Document,review,Sanitize HTML into controlled blocks,https://www.gemeinde-merching.de/wp-content/uploads/2020/05/barrier-4968021_1280.jpg
post:7017,wpdmpro,Erhebung Verwaltungskosten - Satzung über die Erhebung von Verwaltungskosten für Amtshandlungen im eigenen Wirkungskreis der Gemeinde Merching - Kostensatzung,Document,high,Sanitize HTML into controlled blocks,https://www.gemeinde-merching.de/download/erhebung-verwaltungskosten-satzung-ueber-die-erhebung-von-verwaltungskosten-fuer-amtshandlungen-im-eigenen-wirkungskreis-der-gemeinde-merching-kostensatzung/
post:4698,attachment,Fragebogen_Gemeinde_Selbstauskunft,Media / Document,review,Sanitize HTML into controlled blocks,https://www.gemeinde-merching.de/wp-content/uploads/2020/05/Fragebogen_Gemeinde_Selbstauskunft.pdf
post:4702,attachment,coronavirus-4914026_1280,Media / Document,review,Sanitize HTML into controlled blocks,https://www.gemeinde-merching.de/wp-content/uploads/2020/05/coronavirus-4914026_1280.jpg
post:4711,attachment,Kategorien mit iDs,Media / Document,review,Sanitize HTML into controlled blocks,https://www.gemeinde-merching.de/wp-content/uploads/2020/05/Kategorien-mit-iDs.jpg
post:4727,attachment,Abgesagt,Media / Document,review,Sanitize HTML into controlled blocks,https://www.gemeinde-merching.de/wp-content/uploads/2020/05/barrier-4967989_1280.jpg
post:4754,attachment,kalender-7,Media / Document,review,Sanitize HTML into controlled blocks,https://www.gemeinde-merching.de/wp-content/uploads/2020/05/kalender-7.jpg
post:4755,attachment,kalender-6,Media / Document,review,Sanitize HTML into controlled blocks,https://www.gemeinde-merching.de/wp-content/uploads/2020/05/kalender-6.jpg
post:4756,attachment,kalender-5,Media / Document,review,Sanitize HTML into controlled blocks,https://www.gemeinde-merching.de/wp-content/uploads/2020/05/kalender-5.jpg
post:4757,attachment,kalender-4,Media / Document,review,Sanitize HTML into controlled blocks,https://www.gemeinde-merching.de/wp-content/uploads/2020/05/kalender-4.jpg
post:4758,attachment,kalender-3,Media / Document,review,Sanitize HTML into controlled blocks,https://www.gemeinde-merching.de/wp-content/uploads/2020/05/kalender-3.jpg
post:4759,attachment,kalender-2,Media / Document,review,Sanitize HTML into controlled blocks,https://www.gemeinde-merching.de/wp-content/uploads/2020/05/kalender-2.jpg
post:4760,attachment,kalender-1,Media / Document,review,Sanitize HTML into controlled blocks,https://www.gemeinde-merching.de/wp-content/uploads/2020/05/kalender-1.jpg
post:4762,attachment,kalender-sort,Media / Document,review,Sanitize HTML into controlled blocks,https://www.gemeinde-merching.de/wp-content/uploads/2020/05/kalender-sort.jpg
post:4765,page,Ausschreibungen,Page,review,Sanitize HTML into controlled blocks,https://www.gemeinde-merching.de/aktuelles/ausschreibungen/
post:4776,attachment,Wappen dunkel,Media / Document,review,Sanitize HTML into controlled blocks,https://www.gemeinde-merching.de/wp-content/uploads/2020/05/Beitragsbild_Logo_Merching-2.jpg
post:4782,attachment,children-3566360_640,Media / Document,review,Sanitize HTML into controlled blocks,https://www.gemeinde-merching.de/wp-content/uploads/2020/05/children-3566360_640.jpg
post:4787,page,Standortfaktoren Leben und Wohnen in Merching,Page,review,Shortcode resolution,https://www.gemeinde-merching.de/ueber-merching/standortfaktoren-leben-und-wohnen-in-merching/
post:4789,attachment,money-1005464_640,Media / Document,review,Sanitize HTML into controlled blocks,https://www.gemeinde-merching.de/wp-content/uploads/2020/05/money-1005464_640.jpg
post:4791,tablepress_table,Standortfaktoren Allgemein,Structured records or reviewed table alternative,review,No generic table block exists; resolve table to entities or add a controlled accessible table,https://www.gemeinde-merching.de/?post_type=tablepress_table&p=4791
post:4793,tablepress_table,Standortfaktoren Freizeit,Structured records or reviewed table alternative,review,No generic table block exists; resolve table to entities or add a controlled accessible table,https://www.gemeinde-merching.de/?post_type=tablepress_table&p=4793
post:4798,attachment,room-2365613_640,Media / Document,review,Sanitize HTML into controlled blocks,https://www.gemeinde-merching.de/wp-content/uploads/2020/05/room-2365613_640.jpg
post:4799,attachment,rails-3309912_640,Media / Document,review,Sanitize HTML into controlled blocks,https://www.gemeinde-merching.de/wp-content/uploads/2020/05/rails-3309912_640.jpg
post:4800,attachment,rad-3553814_640,Media / Document,review,Sanitize HTML into controlled blocks,https://www.gemeinde-merching.de/wp-content/uploads/2020/05/rad-3553814_640.jpg
post:4801,attachment,stand-paddling-4517331_640,Media / Document,review,Sanitize HTML into controlled blocks,https://www.gemeinde-merching.de/wp-content/uploads/2020/05/stand-paddling-4517331_640.jpg
post:4802,attachment,stocking-1701768_640,Media / Document,review,Sanitize HTML into controlled blocks,https://www.gemeinde-merching.de/wp-content/uploads/2020/05/stocking-1701768_640.jpg
post:4803,attachment,network-cable-2245837_640,Media / Document,review,Sanitize HTML into controlled blocks,https://www.gemeinde-merching.de/wp-content/uploads/2020/05/network-cable-2245837_640.jpg
post:4804,attachment,cutlery-1313930_640,Media / Document,review,Sanitize HTML into controlled blocks,https://www.gemeinde-merching.de/wp-content/uploads/2020/05/cutlery-1313930_640.jpg
post:4805,attachment,dog-2561134_640,Media / Document,review,Sanitize HTML into controlled blocks,https://www.gemeinde-merching.de/wp-content/uploads/2020/05/dog-2561134_640.jpg
post:4806,attachment,Wassertropfen,Media / Document,review,Sanitize HTML into controlled blocks,https://www.gemeinde-merching.de/wp-content/uploads/2020/05/drops-of-water-578897_640.jpg
post:4808,attachment,child-1864718_640,Media / Document,review,Sanitize HTML into controlled blocks,https://www.gemeinde-merching.de/wp-content/uploads/2020/05/child-1864718_640.jpg
post:4809,attachment,Bäcker-2561_640,Media / Document,review,Sanitize HTML into controlled blocks,https://www.gemeinde-merching.de/wp-content/uploads/2020/05/Bäcker-2561_640.jpg
post:4812,attachment,kids-1093758_640,Media / Document,review,Sanitize HTML into controlled blocks,https://www.gemeinde-merching.de/wp-content/uploads/2020/05/kids-1093758_640.jpg
post:4813,attachment,sewer-pipes-2259514_640,Media / Document,review,Sanitize HTML into controlled blocks,https://www.gemeinde-merching.de/wp-content/uploads/2020/05/sewer-pipes-2259514_640.jpg
post:4856,tablepress_table,Startseite-Intro-2,Structured records or reviewed table alternative,review,No generic table block exists; resolve table to entities or add a controlled accessible table,https://www.gemeinde-merching.de/?post_type=tablepress_table&p=4856
post:4858,attachment,collage-merching,Media / Document,review,Sanitize HTML into controlled blocks,https://www.gemeinde-merching.de/wp-content/uploads/2020/06/collage-merching.jpg
post:4863,tablepress_table,Startseite-Intro-3,Structured records or reviewed table alternative,review,No generic table block exists; resolve table to entities or add a controlled accessible table,https://www.gemeinde-merching.de/?post_type=tablepress_table&p=4863
post:4887,attachment,Schulungsflyer_Mandichosee,Media / Document,review,Sanitize HTML into controlled blocks,https://www.gemeinde-merching.de/wp-content/uploads/2020/06/Schulungsflyer_Mandichosee.pdf
post:4893,attachment,Wasser-Splash,Media / Document,review,Sanitize HTML into controlled blocks,https://www.gemeinde-merching.de/wp-content/uploads/2020/06/splashing-165192_640.jpg
post:4894,attachment,Wassertropfen einzeln,Media / Document,review,Sanitize HTML into controlled blocks,https://www.gemeinde-merching.de/wp-content/uploads/2020/06/rain-455124_640.jpg
post:4899,attachment,,Media / Document,review,Sanitize HTML into controlled blocks,https://www.gemeinde-merching.de/wp-content/uploads/2020/06/Wappen-alternativ.png
post:4903,attachment,fund-office-2516068_640,Media / Document,review,Sanitize HTML into controlled blocks,https://www.gemeinde-merching.de/wp-content/uploads/2020/06/fund-office-2516068_640.jpg
post:4920,attachment,Wappen weiß,Media / Document,review,Sanitize HTML into controlled blocks,https://www.gemeinde-merching.de/wp-content/uploads/2020/06/Beitragsbild_Logo_Merching-2-150x150-1.jpg
post:10152,post,Bekanntmachung über die Aufforderung zur Einreichung von Wahlvorschlägen für die Wahl des Gemeinderats und der ersten Bürgermeisterin/des ersten Bürgermeisters,Article,high,Sanitize HTML into controlled blocks,https://www.gemeinde-merching.de/bekanntmachung-ueber-die-aufforderung-zur-einreichung-von-wahlvorschlaegen-fuer-die-wahl-des-gemeinderats-und-der-ersten-buergermeisterin-des-ersten-buergermeisters/
post:4946,attachment,Banner_1,Media / Document,review,Sanitize HTML into controlled blocks,https://www.gemeinde-merching.de/wp-content/uploads/2020/06/Banner_1.jpg
post:4944,attachment,Willkommen in Merching,Media / Document,review,Sanitize HTML into controlled blocks,https://www.gemeinde-merching.de/wp-content/uploads/2020/06/collage-merching-8.jpg
post:4957,attachment,Schlüssel-Symbol,Media / Document,review,Sanitize HTML into controlled blocks,https://www.gemeinde-merching.de/wp-content/uploads/2020/06/Schluessel-I.png
post:4958,attachment,Fahrrad Symbol,Media / Document,review,Sanitize HTML into controlled blocks,https://www.gemeinde-merching.de/wp-content/uploads/2020/06/Fahrrad.png
post:4959,attachment,Halskette Symbol,Media / Document,review,Sanitize HTML into controlled blocks,https://www.gemeinde-merching.de/wp-content/uploads/2020/06/Kette.png
post:5157,encyclopedia,Planfeststellung,manual review,review,Sanitize HTML into controlled blocks,https://www.gemeinde-merching.de/?post_type=encyclopedia&p=5157
post:5159,attachment,glossar-eintraege-erstellen-1,Media / Document,review,Sanitize HTML into controlled blocks,https://www.gemeinde-merching.de/wp-content/uploads/2020/09/glossar-eintraege-erstellen-1.jpg
post:5066,attachment,Dominikus u. Lorena bei der Schnitzeljagd,Media / Document,review,Sanitize HTML into controlled blocks,https://www.gemeinde-merching.de/wp-content/uploads/2020/07/Dominikus-u.-Lorena-bei-der-Schnitzeljagd.png
post:5413,attachment,Nachhaltigkeit-Symbol,Media / Document,review,Sanitize HTML into controlled blocks,https://www.gemeinde-merching.de/wp-content/uploads/2020/12/nature-3294632_1920.jpg
post:7151,post,Amtsblatt Nr. 18/2026 der Regierung von Schwaben,Article,high,Sanitize HTML into controlled blocks,https://www.gemeinde-merching.de/amtsblatt-nr-01-2023-der-regierung-von-schwaben/
post:5035,attachment,Rathaus-2020,Media / Document,review,Sanitize HTML into controlled blocks,https://www.gemeinde-merching.de/wp-content/uploads/2020/07/Rathaus-2020.jpg
post:5037,attachment,Willkommen in Merching,Media / Document,review,Sanitize HTML into controlled blocks,https://www.gemeinde-merching.de/wp-content/uploads/2020/07/collage-merching-9.jpg
post:5052,attachment,Ferienprogramm 2016 012,Media / Document,review,Sanitize HTML into controlled blocks,https://www.gemeinde-merching.de/wp-content/uploads/2020/07/Ferienprogramm-2016-012.jpg
post:5322,attachment,Logo_Allianz_fuer_Cyber-Sicherheit_Teilnehmer,Media / Document,review,Sanitize HTML into controlled blocks,https://www.gemeinde-merching.de/wp-content/uploads/2020/10/Logo_Allianz_fuer_Cyber-Sicherheit_Teilnehmer.jpg
post:9852,attachment,Absage,Media / Document,review,Sanitize HTML into controlled blocks,https://www.gemeinde-merching.de/wp-content/uploads/2025/07/Absage.png
post:5117,attachment,Bildschirmfoto-groessere-schrift-einstellen,Media / Document,review,Sanitize HTML into controlled blocks,https://www.gemeinde-merching.de/wp-content/uploads/2020/09/Bildschirmfoto-groessere-schrift-einstellen.jpg
post:5122,attachment,Bildschirmfoto-beispiel-leichte-sprache,Media / Document,review,Sanitize HTML into controlled blocks,https://www.gemeinde-merching.de/wp-content/uploads/2020/09/Bildschirmfoto-beispiel-leichte-sprache.jpg
post:5125,attachment,Bildschirmfoto-starken-kontrast-einstellen,Media / Document,review,Sanitize HTML into controlled blocks,https://www.gemeinde-merching.de/wp-content/uploads/2020/09/Bildschirmfoto-starken-kontrast-einstellen.jpg
post:5126,attachment,Bildschirmfoto-alle-links-sind-unterstrichen,Media / Document,review,Sanitize HTML into controlled blocks,https://www.gemeinde-merching.de/wp-content/uploads/2020/09/Bildschirmfoto-alle-links-sind-unterstrichen.jpg
post:5127,attachment,Bildschirmfoto-Browser-zoomen-menue,Media / Document,review,Sanitize HTML into controlled blocks,https://www.gemeinde-merching.de/wp-content/uploads/2020/09/Bildschirmfoto-Browser-zoomen-menue.jpg
post:5128,attachment,Bildschirmfoto-Browser-zoomen,Media / Document,review,Sanitize HTML into controlled blocks,https://www.gemeinde-merching.de/wp-content/uploads/2020/09/Bildschirmfoto-Browser-zoomen.jpg
post:6976,attachment,"Rathaus, Ansicht von der Hauptstraße",Media / Document,review,Sanitize HTML into controlled blocks,https://www.gemeinde-merching.de/wp-content/uploads/2022/12/Rathaus-2020-neu.jpeg
post:9141,attachment,Öffentliche Bekanntmachung,Media / Document,review,Sanitize HTML into controlled blocks,https://www.gemeinde-merching.de/wp-content/uploads/2024/11/Oeffentliche-Bekanntmachung.pdf
post:9143,attachment,Schallschutztechnische Untersuchung - Anlagen,Media / Document,review,Sanitize HTML into controlled blocks,https://www.gemeinde-merching.de/wp-content/uploads/2024/11/Schallschutztechnische-Untersuchung-Anlagen.pdf
post:9147,attachment,Zusammenfassende Erklärung,Media / Document,review,Sanitize HTML into controlled blocks,https://www.gemeinde-merching.de/wp-content/uploads/2024/11/Zusammenfassende-Erklaerung.pdf
post:9145,attachment,Schalltechnische Untersuchung 11-05.2023,Media / Document,review,Sanitize HTML into controlled blocks,https://www.gemeinde-merching.de/wp-content/uploads/2024/11/Schalltechnische-Untersuchung-11-05.2023.pdf
post:5152,encyclopedia,Covid-19,manual review,review,Sanitize HTML into controlled blocks,https://www.gemeinde-merching.de/?post_type=encyclopedia&p=5152
post:5160,attachment,glossar-eintraege-erstellen-2,Media / Document,review,Sanitize HTML into controlled blocks,https://www.gemeinde-merching.de/wp-content/uploads/2020/09/glossar-eintraege-erstellen-2.jpg
post:5161,attachment,Glossarerklärung,Media / Document,review,Sanitize HTML into controlled blocks,https://www.gemeinde-merching.de/wp-content/uploads/2020/09/glossar-eintraege-erstellen-3.jpg
post:5162,attachment,glossar-eintraege-erstellen-4,Media / Document,review,Sanitize HTML into controlled blocks,https://www.gemeinde-merching.de/wp-content/uploads/2020/09/glossar-eintraege-erstellen-4.jpg
post:5163,attachment,glossar-eintraege-erstellen-5,Media / Document,review,Sanitize HTML into controlled blocks,https://www.gemeinde-merching.de/wp-content/uploads/2020/09/glossar-eintraege-erstellen-5.jpg
post:5164,attachment,glossar-eintraege-erstellen-6,Media / Document,review,Sanitize HTML into controlled blocks,https://www.gemeinde-merching.de/wp-content/uploads/2020/09/glossar-eintraege-erstellen-6.jpg
post:10430,wpdmpro,Bekanntmachung des abschließenden Ergebnisses der Wahl des Gemeinderats am 08. März 2026,Document,high,Shortcode resolution,https://www.gemeinde-merching.de/download/bekanntmachung-des-abschliessenden-ergebnisses-der-wahl-des-gemeinderats-am-08-maerz-2026/
post:10431,attachment,Gemeinderatswahl-Bekanntmachung_Wahlergebnis_Anl_17_Homepage,Media / Document,review,Sanitize HTML into controlled blocks,https://www.gemeinde-merching.de/wp-content/uploads/2026/03/Gemeinderatswahl-Bekanntmachung_Wahlergebnis_Anl_17_Homepage.pdf
post:5190,attachment,Bayernwerk Highspeed Initiative,Media / Document,review,Sanitize HTML into controlled blocks,https://www.gemeinde-merching.de/wp-content/uploads/2020/09/Banner-Gemeindewebsite-Merching-1009x714_final-1.jpg
post:5194,link_library_links,"Formulare des Bay. Staatsministeriums für Wohnen, Bau und Verkehr rund um das Baurecht",ExternalResource,review,Sanitize HTML into controlled blocks,https://www.stmb.bayern.de/buw/baurechtundtechnik/bauordnungsrecht/bauantragsformulare/index.php
post:5226,post,Rattenproblematik in der Gemeinde Merching,Article,high,Sanitize HTML into controlled blocks,https://www.gemeinde-merching.de/rattenproblematik-in-der-gemeinde-merching/
post:9075,wpdmpro,Bekanntmachung Grundsteuer und Hundesteuer 2025,Document,high,Shortcode resolution,https://www.gemeinde-merching.de/download/bekanntmachung-grundsteuer-und-hundesteuer-2025/
post:9076,attachment,Bekanntmachung Grd.St_HundeSt. 2025,Media / Document,review,Sanitize HTML into controlled blocks,https://www.gemeinde-merching.de/wp-content/uploads/2024/11/Bekanntmachung-Grd.St_HundeSt.-2025.pdf
post:5260,attachment,Spielplatz_Holleräcker_bearb,Media / Document,review,Sanitize HTML into controlled blocks,https://www.gemeinde-merching.de/wp-content/uploads/2020/10/Spielplatz_Holleraecker_bearb.jpg
post:5261,attachment,Spielplatz_Mandichosee,Media / Document,review,Sanitize HTML into controlled blocks,https://www.gemeinde-merching.de/wp-content/uploads/2020/10/Spielplatz_Mandichosee.jpg
post:10091,wpdmpro,Merkblatt zum richtigen Verhalten gegenüber Wasser-/Zugvögeln,Document,high,Shortcode resolution,https://www.gemeinde-merching.de/download/merkblatt-zum-richtigen-verhalten-gegenueber-wasser-zugvoegeln/
post:5288,attachment,Aumiller Marianne,Media / Document,review,Sanitize HTML into controlled blocks,https://www.gemeinde-merching.de/wp-content/uploads/2020/10/Aumiller-Marianne.jpg
post:5291,attachment,Brändle-Susanne,Media / Document,review,Sanitize HTML into controlled blocks,https://www.gemeinde-merching.de/wp-content/uploads/2020/10/Braendle-Susanne.jpg
post:5293,attachment,Weyland-Hanna,Media / Document,review,Sanitize HTML into controlled blocks,https://www.gemeinde-merching.de/wp-content/uploads/2020/10/Weyland-Hanna.jpg
post:5296,attachment,Egenhofer-Christine,Media / Document,review,Sanitize HTML into controlled blocks,https://www.gemeinde-merching.de/wp-content/uploads/2020/10/Egenhofer-Christine.jpg
post:5298,attachment,Fieber-Rainer,Media / Document,review,Sanitize HTML into controlled blocks,https://www.gemeinde-merching.de/wp-content/uploads/2020/10/Fieber-Rainer.jpg
post:5300,attachment,Geiger-Isabella,Media / Document,review,Sanitize HTML into controlled blocks,https://www.gemeinde-merching.de/wp-content/uploads/2020/10/Geiger-Isabella.jpg
post:5302,attachment,Hagen-Alexandra,Media / Document,review,Sanitize HTML into controlled blocks,https://www.gemeinde-merching.de/wp-content/uploads/2020/10/Hagen-Alexandra.jpg
post:5306,attachment,Krauser-Birgit,Media / Document,review,Sanitize HTML into controlled blocks,https://www.gemeinde-merching.de/wp-content/uploads/2020/10/Krauser-Birgit.jpg
post:5308,attachment,Heyer-Clarissa,Media / Document,review,Sanitize HTML into controlled blocks,https://www.gemeinde-merching.de/wp-content/uploads/2020/10/Heyer-Clarissa.jpg
post:5309,attachment,Müller-Katharina,Media / Document,review,Sanitize HTML into controlled blocks,https://www.gemeinde-merching.de/wp-content/uploads/2020/10/Mueller-Katharina.jpg
post:5312,attachment,Stadtherr-Hans,Media / Document,review,Sanitize HTML into controlled blocks,https://www.gemeinde-merching.de/wp-content/uploads/2020/10/Stadtherr-Hans.jpg
post:5316,attachment,Schimpfle-Thomas,Media / Document,review,Sanitize HTML into controlled blocks,https://www.gemeinde-merching.de/wp-content/uploads/2020/10/Schimpfle-Thomas.jpg
post:5372,link_library_links,Fragebogen der Gemeinde Merching zur Selbstauskunft wegen der Corona-Pandemie,ExternalResource,review,Sanitize HTML into controlled blocks,https://www.gemeinde-merching.de/wp-content/uploads/2020/11/Fragebogen_Gemeinde_Selbstauskunft.pdf
post:5336,attachment,Heyer-Clarissa,Media / Document,review,Sanitize HTML into controlled blocks,https://www.gemeinde-merching.de/wp-content/uploads/2020/10/Heyer-Clarissa-1.jpg
post:5371,attachment,Fragebogen_Gemeinde_Selbstauskunft,Media / Document,review,Sanitize HTML into controlled blocks,https://www.gemeinde-merching.de/wp-content/uploads/2020/11/Fragebogen_Gemeinde_Selbstauskunft.pdf
post:5346,attachment,Müller-Katharina,Media / Document,review,Sanitize HTML into controlled blocks,https://www.gemeinde-merching.de/wp-content/uploads/2020/10/Mueller-Katharina-1.jpg
post:5348,attachment,Weyland-Hanna,Media / Document,review,Sanitize HTML into controlled blocks,https://www.gemeinde-merching.de/wp-content/uploads/2020/10/Weyland-Hanna-1.jpg
post:9077,post,Bekanntmachung Grundsteuer und Hundesteuer 2025,Article,high,Sanitize HTML into controlled blocks,https://www.gemeinde-merching.de/bekanntmachung-grundsteuer-und-hundesteuer-2025/
post:10077,attachment,eyeglasses-35598_1280,Media / Document,review,Sanitize HTML into controlled blocks,https://www.gemeinde-merching.de/wp-content/uploads/2025/11/eyeglasses-35598_1280.webp
post:10079,attachment,Gemeindekurier November 2025,Media / Document,review,Sanitize HTML into controlled blocks,https://www.gemeinde-merching.de/wp-content/uploads/2025/11/Gemeindekurier-November-2025.pdf
post:10080,attachment,November 2025 Anlage,Media / Document,review,Sanitize HTML into controlled blocks,https://www.gemeinde-merching.de/wp-content/uploads/2025/11/November-2025-Anlage.pdf
post:10082,attachment,Gemeindekurier November 2025,Media / Document,review,Sanitize HTML into controlled blocks,https://www.gemeinde-merching.de/wp-content/uploads/2025/11/Gemeindekurier-November-2025-1.pdf
post:10084,attachment,November 2025 Anlage,Media / Document,review,Sanitize HTML into controlled blocks,https://www.gemeinde-merching.de/wp-content/uploads/2025/11/November-2025-Anlage-1.pdf
post:10088,post,Richtiges Verhalten gegenüber Wasser- / Zugvögeln,Article,high,Sanitize HTML into controlled blocks,https://www.gemeinde-merching.de/richtiges-verhalten-gegenueber-wasser-zugvoegeln/
post:10089,attachment,Merkblatt zum richtigen Verhalten ggü. Wasser u. Zugvögeln LRA November 2025,Media / Document,review,Sanitize HTML into controlled blocks,https://www.gemeinde-merching.de/wp-content/uploads/2025/11/Merkblatt-zum-richtigen-Verhalten-ggue.-Wasser-u.-Zugvoegeln-LRA-November-2025.pdf
post:5403,attachment,Banner Gemeindewebsite Merching 1009x714_Verlaengerung,Media / Document,review,Sanitize HTML into controlled blocks,https://www.gemeinde-merching.de/wp-content/uploads/2020/11/Banner-Gemeindewebsite-Merching-1009x714_Verlaengerung.jpg
post:8198,attachment,Verordnung der Gemeinde Merching über das Anbringen von Anschlägen u. Plakaten,Media / Document,review,Sanitize HTML into controlled blocks,https://www.gemeinde-merching.de/wp-content/uploads/2023/12/Verordnung-der-Gemeinde-Merching-ueber-das-Anbringen-von-Anschlaegen-u.-Plakaten.pdf
post:8202,attachment,Amtsblatt 12a-2023=Jahrg. 78 Nr. 12a,Media / Document,review,Sanitize HTML into controlled blocks,https://www.gemeinde-merching.de/wp-content/uploads/2023/12/Amtsblatt-12a-2023Jahrg.-78-Nr.-12a.pdf
post:5417,attachment,Beitragsbild Volkshochschule f. Homepage,Media / Document,review,Sanitize HTML into controlled blocks,https://www.gemeinde-merching.de/wp-content/uploads/2020/12/Beitragsbild-Volkshochschule-f.-Homepage.jpg
post:5418,attachment,Beitragsbild Volkshochschule f. Homepage,Media / Document,review,Sanitize HTML into controlled blocks,https://www.gemeinde-merching.de/wp-content/uploads/2020/12/Beitragsbild-Volkshochschule-f.-Homepage-1.jpg
post:5480,attachment,Jocher-Andreas,Media / Document,review,Sanitize HTML into controlled blocks,https://www.gemeinde-merching.de/wp-content/uploads/2020/12/Jocher-Andreas.jpg
post:5477,attachment,Limmer-Markus,Media / Document,review,Sanitize HTML into controlled blocks,https://www.gemeinde-merching.de/wp-content/uploads/2020/12/Limmer-Markus.jpg
post:5478,attachment,Müller-Albert,Media / Document,review,Sanitize HTML into controlled blocks,https://www.gemeinde-merching.de/wp-content/uploads/2020/12/Mueller-Albert.jpg
post:5479,attachment,Steinhart-Andreas,Media / Document,review,Sanitize HTML into controlled blocks,https://www.gemeinde-merching.de/wp-content/uploads/2020/12/Steinhart-Andreas.jpg
post:7620,attachment,BP34_Östl_Nebelhornstraße_Begründung_Entwurf_2023-05-04,Media / Document,review,Sanitize HTML into controlled blocks,https://www.gemeinde-merching.de/wp-content/uploads/2023/06/BP34_Oestl_Nebelhornstrasse_Begruendung_Entwurf_2023-05-04.pdf
post:7621,attachment,BP34_Östl_Nebelhornstraße_Textteil_Entwurf_2023-05-04,Media / Document,review,Sanitize HTML into controlled blocks,https://www.gemeinde-merching.de/wp-content/uploads/2023/06/BP34_Oestl_Nebelhornstrasse_Textteil_Entwurf_2023-05-04.pdf
post:7622,attachment,BP34_Östl_Nebenhornstraße_Planzeichnung_Entwurf_2023-05-04,Media / Document,review,Sanitize HTML into controlled blocks,https://www.gemeinde-merching.de/wp-content/uploads/2023/06/BP34_Oestl_Nebenhornstrasse_Planzeichnung_Entwurf_2023-05-04.pdf
post:5490,attachment,Deckblatt,Media / Document,review,Sanitize HTML into controlled blocks,https://www.gemeinde-merching.de/wp-content/uploads/2021/01/Deckblatt.jpg
post:5492,page,Gemeindebroschüre,Page,review,Sanitize HTML into controlled blocks,https://www.gemeinde-merching.de/buergerservice/gemeindebroschuere/
post:5503,attachment,Vollbild,Media / Document,review,Sanitize HTML into controlled blocks,https://www.gemeinde-merching.de/wp-content/uploads/2021/01/Vollbild.png
post:5508,attachment,Vollbild-II,Media / Document,review,Sanitize HTML into controlled blocks,https://www.gemeinde-merching.de/wp-content/uploads/2021/01/Vollbild-II-1.png
post:5512,attachment,,Media / Document,review,Sanitize HTML into controlled blocks,https://www.gemeinde-merching.de/wp-content/uploads/2021/01/corona-5174671_640.jpg
post:5522,attachment,Feuerwehrfahrzeug Beispielbild,Media / Document,review,Sanitize HTML into controlled blocks,https://www.gemeinde-merching.de/wp-content/uploads/2021/01/fire-4814115_1920-2.jpg
post:5537,attachment,ball in soccer stadium. ready for game,Media / Document,review,Sanitize HTML into controlled blocks,https://www.gemeinde-merching.de/wp-content/uploads/2021/01/istockphoto-1203931418-170667a.jpg
post:7623,attachment,Aufhebung_BP_Nr3a_Begründung_Entwurf_20230504,Media / Document,review,Sanitize HTML into controlled blocks,https://www.gemeinde-merching.de/wp-content/uploads/2023/06/Aufhebung_BP_Nr3a_Begruendung_Entwurf_20230504.pdf
post:7624,attachment,Aufhebung_BP_Nr3a_Planzeichnung_Entwurf_20230504,Media / Document,review,Sanitize HTML into controlled blocks,https://www.gemeinde-merching.de/wp-content/uploads/2023/06/Aufhebung_BP_Nr3a_Planzeichnung_Entwurf_20230504.pdf
post:5590,attachment,Willkommen in Merching,Media / Document,review,Sanitize HTML into controlled blocks,https://www.gemeinde-merching.de/wp-content/uploads/2021/03/collage-merching-9.jpg
post:10033,wpdmpro,Satzung zur Einführung einer Pflicht zum Nachweis eines Spielplatzes für Kinder - Spielplatzsatzung,Document,high,Shortcode resolution,https://www.gemeinde-merching.de/download/satzung-zur-einfuehrung-einer-pflicht-zum-nachweis-eines-spielplatzes-fuer-kinder-spielplatzsatzung/
post:10034,attachment,Spielplatzsatzung der Gemeinde Merching vom 01.10.2025,Media / Document,review,Sanitize HTML into controlled blocks,https://www.gemeinde-merching.de/wp-content/uploads/2025/10/Spielplatzsatzung-der-Gemeinde-Merching-vom-01.10.2025.pdf
post:5570,attachment,Bild Landratsamt Hilfe Corona Feb. 2021 neu,Media / Document,review,Sanitize HTML into controlled blocks,https://www.gemeinde-merching.de/wp-content/uploads/2021/02/Bild-Landratsamt-Hilfe-Corona-Feb.-2021-neu.pdf
post:5573,attachment,Bild Landratsamt Hilfe Corona Feb. 2021 neu,Media / Document,review,Sanitize HTML into controlled blocks,https://www.gemeinde-merching.de/wp-content/uploads/2021/02/Bild-Landratsamt-Hilfe-Corona-Feb.-2021-neu-1.pdf
post:7618,attachment,Anschreiben_TöB_ern_Bet_BP34_Östl_Nebelhornstraße_2023-06-01,Media / Document,review,Sanitize HTML into controlled blocks,https://www.gemeinde-merching.de/wp-content/uploads/2023/06/Anschreiben_ToeB_ern_Bet_BP34_Oestl_Nebelhornstrasse_2023-06-01.pdf
post:5607,link_library_links,QR-Code zum Schadensmelder - Straßenbeleuchtung Bayernwerk über die Störmelder-App,ExternalResource,review,Sanitize HTML into controlled blocks,https://www.gemeinde-merching.de/wp-content/uploads/2021/03/QR_Merching-e1615196274737.png
post:5608,attachment,QR_Merching,Media / Document,review,Sanitize HTML into controlled blocks,https://www.gemeinde-merching.de/wp-content/uploads/2021/03/QR_Merching.png
post:5612,attachment,httpswww.gemeinde-merching.dewp-contentuploads202103QR_Merching-e1615196274737.png,Media / Document,review,Sanitize HTML into controlled blocks,https://energieportal.bayernwerk.de/schadensmelder/reporting/09771145/httpswww-gemeinde-merching-dewp-contentuploads202103qr_merching-e1615196274737-png/
post:5613,attachment,logo Familienstützpunkt,Media / Document,review,Sanitize HTML into controlled blocks,https://www.gemeinde-merching.de/wp-content/uploads/2021/03/logo-Familienstuetzpunkt.pdf
post:5614,attachment,logo Familienstützpunkt,Media / Document,review,Sanitize HTML into controlled blocks,https://www.gemeinde-merching.de/wp-content/uploads/2021/03/logo-Familienstuetzpunkt-1.pdf
post:9128,attachment,Fundsache Geldschein am 16.11.2024,Media / Document,review,Sanitize HTML into controlled blocks,https://www.gemeinde-merching.de/wp-content/uploads/2024/11/Fundsache-Geldschein-am-16.11.2024.pdf
post:9132,attachment,BP34_Östl_Nebelhornstraße_Begründung_20240620,Media / Document,review,Sanitize HTML into controlled blocks,https://www.gemeinde-merching.de/wp-content/uploads/2024/11/BP34_Oestl_Nebelhornstrasse_Begruendung_20240620.pdf
post:9136,attachment,BP34_Östl_Nebelhornstraße_Textteil_20240620,Media / Document,review,Sanitize HTML into controlled blocks,https://www.gemeinde-merching.de/wp-content/uploads/2024/11/BP34_Oestl_Nebelhornstrasse_Textteil_20240620.pdf
post:9134,attachment,BP34_Östl_Nebelhornstraße_Planzeichnung_Satzung_2024-06-20,Media / Document,review,Sanitize HTML into controlled blocks,https://www.gemeinde-merching.de/wp-content/uploads/2024/11/BP34_Oestl_Nebelhornstrasse_Planzeichnung_Satzung_2024-06-20.pdf
post:9139,attachment,B-Plan Nr. 34 Datenschutzinformationspflicht,Media / Document,review,Sanitize HTML into controlled blocks,https://www.gemeinde-merching.de/wp-content/uploads/2024/11/B-Plan-Nr.-34-Datenschutzinformationspflicht.pdf
post:9922,wpdmpro,Feuerwehr - Satzung über Aufwendungs- und Kostenersatz für Einsätze und andere Leistungen gemeindlicher Feuerwehren ab 01.01.2026,Document,high,Shortcode resolution,https://www.gemeinde-merching.de/download/satzung-aufwendungs-u-kostenersatz-f-einsaetze-u-andere-leistungen-gemeindlicher-feuerwehren-ab-01-01-2026/
post:5783,link_library_links,Antrag auf Erteilung einer verkehrsrechtlichen Anordnung gem. § 45 Abs. 6 StVO,ExternalResource,review,Sanitize HTML into controlled blocks,http://formular-server.de/AIC_FS/findform?shortname=jueANT4001401071401&formtecid=2&areashortname=Merching
post:5808,attachment,QRCode_StörmelderApp_Merching_210602,Media / Document,review,Sanitize HTML into controlled blocks,https://www.gemeinde-merching.de/wp-content/uploads/2021/03/QRCode_StoermelderApp_Merching_210602.png
post:5811,link_library_links,Link zum Schadensmelder – Straßenbeleuchtung Bayernwerk,ExternalResource,review,Sanitize HTML into controlled blocks,https://energieportal.bayernwerk.de/schadensmelder/reporting/09771145
post:5810,attachment,https://www.gemeinde-merching.de/wp-content/uploads/2021/03/QR_Merching-e1615196274737.png,Media / Document,review,Sanitize HTML into controlled blocks,https://www.gemeinde-merching.de/?attachment_id=5810
post:7551,attachment,Gemeindekurier April 2023 f. Homepage neu,Media / Document,review,Sanitize HTML into controlled blocks,https://www.gemeinde-merching.de/wp-content/uploads/2023/05/Gemeindekurier-April-2023-f.-Homepage-neu.pdf
post:5896,attachment,Energieberatung Landkreis Aichach-Friedberg Typo schwarz RGB,Media / Document,review,Sanitize HTML into controlled blocks,https://www.gemeinde-merching.de/wp-content/uploads/2021/08/Energieberatung-Landkreis-Aichach-Friedberg-Typo-schwarz-RGB.jpg
post:5922,attachment,Wahlurne,Media / Document,review,Sanitize HTML into controlled blocks,https://www.gemeinde-merching.de/wp-content/uploads/2021/08/Wahlurne.png
post:10027,wpdmpro,Hundesteuer - Satzung der Gemeinde Merching für die Erhebung der Hundesteuer (Hundesteuersatzung - HStS) ab 2026,Document,high,Shortcode resolution,https://www.gemeinde-merching.de/download/hundesteuer-satzung-der-gemeinde-merching-fuer-die-erhebung-der-hundesteuer-hundesteuersatzung-hsts/
post:10050,post,Hundesteuer ab 2026,Article,high,Sanitize HTML into controlled blocks,https://www.gemeinde-merching.de/hundesteuer-ab-2026/
post:10026,attachment,Hundesteuersatzung 2026 Homepage,Media / Document,review,Sanitize HTML into controlled blocks,https://www.gemeinde-merching.de/wp-content/uploads/2025/09/Hundesteuersatzung-2026-Homepage.pdf
post:9754,attachment,Bundesagentur für Arbeit,Media / Document,review,Sanitize HTML into controlled blocks,https://www.gemeinde-merching.de/wp-content/uploads/2025/06/Bundesagentur.png
post:9881,attachment,Tierpfoten-809773_640,Media / Document,review,Sanitize HTML into controlled blocks,https://www.gemeinde-merching.de/wp-content/uploads/2025/07/Tierpfoten-809773_640.jpg
post:10028,attachment,Hundesteuer - Satzung der Gemeinde Merching für die Erhebung einer Hundesteuer ab 2026,Media / Document,review,Sanitize HTML into controlled blocks,https://www.gemeinde-merching.de/wp-content/uploads/2025/09/Hundesteuer-Satzung-der-Gemeinde-Merching-fuer-die-Erhebung-einer-Hundesteuer-ab-2026.pdf
post:9680,attachment,2025-Sommerserenade-V1,Media / Document,review,Sanitize HTML into controlled blocks,https://www.gemeinde-merching.de/wp-content/uploads/2025/06/2025-Sommerserenade-V1-1.pdf
post:9681,attachment,2025-Sommerserenade-V1,Media / Document,review,Sanitize HTML into controlled blocks,https://www.gemeinde-merching.de/wp-content/uploads/2025/06/2025-Sommerserenade-V1-2.pdf
post:9245,wpdmpro,MSV - HH 5 Haushaltsplan mit Finanzplan 2026,BudgetPlan source component,review,Group by reviewed topic/year and numbered component order; never import 25 components as 25 standalone annual plans,https://www.gemeinde-merching.de/download/msv-hh-5-haushaltsplan-mit-finanzplan-2026/
post:9672,attachment,2025-Sommerserenade-V1,Media / Document,review,Sanitize HTML into controlled blocks,https://www.gemeinde-merching.de/wp-content/uploads/2025/06/2025-Sommerserenade-V1.pdf
post:10428,post,Bekanntmachung des abschließenden Ergebnisses der Wahl des ersten Bürgermeisters am 08. März 2026,Article,high,Sanitize HTML into controlled blocks,https://www.gemeinde-merching.de/bekanntmachung-des-abschliessenden-ergebnisses-der-wahl-des-ersten-buergermeisters-am-08-maerz-2026/
post:6117,attachment,Wappen,Media / Document,review,Sanitize HTML into controlled blocks,https://www.gemeinde-merching.de/wp-content/uploads/2021/12/Wappen.pdf
post:6119,attachment,"Wappen Merching ohne Schrift, farbig",Media / Document,review,Sanitize HTML into controlled blocks,https://www.gemeinde-merching.de/wp-content/uploads/2021/12/Wappen-Merching-ohne-Schrift-farbig.jpg
post:7545,attachment,öffentl. Bekanntmachung_GR 04.05.23,Media / Document,review,Sanitize HTML into controlled blocks,https://www.gemeinde-merching.de/wp-content/uploads/2023/05/oeffentl.-Bekanntmachung_GR-04.05.23.pdf
post:9241,wpdmpro,MSV - HH 1 Inhaltsverzeichnis 2026,BudgetPlan source component,review,Group by reviewed topic/year and numbered component order; never import 25 components as 25 standalone annual plans,https://www.gemeinde-merching.de/download/msv-hh-1-inhaltsverzeichnis-2026/
post:7715,attachment,Bekanntmachung_Wahlhelfer_Aufforderung,Media / Document,review,Sanitize HTML into controlled blocks,https://www.gemeinde-merching.de/wp-content/uploads/2023/06/Bekanntmachung_Wahlhelfer_Aufforderung.pdf
post:7720,attachment,Wahlheler_Anmeldeformular,Media / Document,review,Sanitize HTML into controlled blocks,https://www.gemeinde-merching.de/wp-content/uploads/2023/06/Wahlheler_Anmeldeformular.pdf
post:7721,link_library_links,Wahlhelfer Anmeldeformular,ExternalResource,review,Sanitize HTML into controlled blocks,https://www.gemeinde-merching.de/wp-content/uploads/2023/06/Wahlheler_Anmeldeformular.pdf
post:6179,attachment,wappen-rvs,Media / Document,review,Sanitize HTML into controlled blocks,https://www.gemeinde-merching.de/wp-content/uploads/2022/02/wappen-rvs.jpg
post:6180,attachment,wappen-rvs,Media / Document,review,Sanitize HTML into controlled blocks,https://www.gemeinde-merching.de/wp-content/uploads/2022/01/wappen-rvs.jpg
post:6210,attachment,Beitragsbild_Logo_Merching-2-150x150,Media / Document,review,Sanitize HTML into controlled blocks,https://www.gemeinde-merching.de/wp-content/uploads/2022/02/Beitragsbild_Logo_Merching-2-150x150-1.jpg
post:6245,attachment,logo-fdpf-bayern,Media / Document,review,Sanitize HTML into controlled blocks,https://www.gemeinde-merching.de/wp-content/uploads/2022/02/logo-fdpf-bayern.jpg
post:6268,attachment,"Grundsteuerreform, Information für Bürger",Media / Document,review,Sanitize HTML into controlled blocks,https://www.gemeinde-merching.de/wp-content/uploads/2022/03/Textbeitrag-fuer-kommunale-Veroeffentlichungen.pdf
post:6277,attachment,Landratsamt AIC-FDB,Media / Document,review,Sanitize HTML into controlled blocks,https://www.gemeinde-merching.de/wp-content/uploads/2022/03/Landratsamt-AIC-FDB.jpg
post:10453,wpdmpro,Gemeindekurier Ostern 2026,Document,high,Shortcode resolution,https://www.gemeinde-merching.de/download/gemeindekurier-ostern-2026/
post:10426,wpdmpro,Bekanntmachung des abschließenden Ergebnisses der Wahl des ersten Bürgermeisters am 08.03.2026,Document,high,Shortcode resolution,https://www.gemeinde-merching.de/download/bekanntmachung-des-abschliessenden-ergebnisses-der-wahl-des-ersten-buergermeisters-am-08-03-2026/
post:10427,attachment,Buergermeisterwahl-Bekanntmachung_Wahlergebnis_Anl_18-Direktwahl_Homepage,Media / Document,review,Sanitize HTML into controlled blocks,https://www.gemeinde-merching.de/wp-content/uploads/2026/03/Buergermeisterwahl-Bekanntmachung_Wahlergebnis_Anl_18-Direktwahl_Homepage.pdf
post:6525,attachment,Klose-Tanja,Media / Document,review,Sanitize HTML into controlled blocks,https://www.gemeinde-merching.de/wp-content/uploads/2022/06/Klose-Tanja-klein.jpg
post:8854,attachment,Gemeindekurier Sommer 2024 f. Homepage,Media / Document,review,Sanitize HTML into controlled blocks,https://www.gemeinde-merching.de/wp-content/uploads/2024/07/Gemeindekurier-Sommer-2024-f.-Homepage.pdf
post:8018,post,"Flyer ""Stromausfall"" - Was ist ein Blackout und wie bereiten wir uns darauf vor?",Article,high,Sanitize HTML into controlled blocks,https://www.gemeinde-merching.de/flyer-stromausfall-was-ist-ein-blackout-und-wie-bereiten-wir-uns-darauf-vor/
post:9637,page,Barrieren reduzieren in unserem Webauftritt,Page,review,Sanitize HTML into controlled blocks,https://www.gemeinde-merching.de/ueber-merching/accessibility-statement/
post:6564,link_library_links,"Schülerbeförderung, Fahrkartenantrag für das Schuljahr 2025/2026",ExternalResource,review,Sanitize HTML into controlled blocks,https://www.gemeinde-merching.de/wp-content/uploads/2025/07/Antrag_Fahrkarte_2025_2026.pdf
post:9189,attachment,Gemeindekurier Weihnachten 2024 f. Homepage,Media / Document,review,Sanitize HTML into controlled blocks,https://www.gemeinde-merching.de/wp-content/uploads/2024/12/Gemeindekurier-Weihnachten-2024-f.-Homepage.pdf
post:10225,attachment,01+02+03 Programm FSP Süd 2026,Media / Document,review,Sanitize HTML into controlled blocks,https://www.gemeinde-merching.de/wp-content/uploads/2026/01/010203-Programm-FSP-Sued-2026.pdf
post:10013,attachment,Beitragsbild Klimawoche 2025,Media / Document,review,Sanitize HTML into controlled blocks,https://www.gemeinde-merching.de/wp-content/uploads/2025/09/Beitragsbild-Klimawoche-2025.jpg
post:10130,attachment,2025-10_Sound_Train_Anzeige-Narrneusia-Broschüre-2026-CMYK,Media / Document,review,Sanitize HTML into controlled blocks,https://www.gemeinde-merching.de/wp-content/uploads/2025/11/2025-10_Sound_Train_Anzeige-Narrneusia-Broschuere-2026-CMYK.jpg
post:6679,attachment,evs,Media / Document,review,Sanitize HTML into controlled blocks,https://www.gemeinde-merching.de/wp-content/uploads/2022/10/evs.png
post:8241,attachment,Amtsblatt 01-2024=Jahrg. 79 Nr. 01,Media / Document,review,Sanitize HTML into controlled blocks,https://www.gemeinde-merching.de/wp-content/uploads/2023/12/Amtsblatt-01-2024Jahrg.-79-Nr.-01.pdf
post:7022,wpdmpro,Kleineinleiter - Satzung für die Erhebung einer Kommunalabgabe zur Abwälzung der Abwasserabgabe für Kleineinleiter,Document,high,Sanitize HTML into controlled blocks,https://www.gemeinde-merching.de/download/kleineinleiter-satzung-fuer-die-erhebung-einer-kommunalabgabe-zur-abwaelzung-der-abwasserabgabe-fuer-kleineinleiter/
post:9242,wpdmpro,MSV - HH 2 Haushaltssatzung 2026,BudgetPlan source component,review,Group by reviewed topic/year and numbered component order; never import 25 components as 25 standalone annual plans,https://www.gemeinde-merching.de/download/msv-hh-2-haushaltssatzung-2026/
post:7024,wpdmpro,Information zur elektronischen Lohnsteuerkarte,Document,high,Sanitize HTML into controlled blocks,https://www.gemeinde-merching.de/download/information-zur-elektronischen-lohnsteuerkarte/
post:7020,wpdmpro,Erschließungsbeiträge - Satzung über die Erschließungsbeiträge in der Fassung der 2. Änderung vom 15.05.1992,Document,high,Sanitize HTML into controlled blocks,https://www.gemeinde-merching.de/download/erschliessungsbeitraege-satzung-ueber-die-erschliessungsbeitraege-in-der-fassung-der-2-aenderung-vom-15-05-1992/
post:7021,wpdmpro,Hausnummerierung - Satzung über die Hausnummerierung,Document,high,Sanitize HTML into controlled blocks,https://www.gemeinde-merching.de/download/hausnummerierung-satzung-ueber-die-hausnummerierung/
post:6748,attachment,Kommunale IT-Sicherheit,Media / Document,review,Sanitize HTML into controlled blocks,https://www.gemeinde-merching.de/wp-content/uploads/2022/11/Kommunale-IT-Sicherheit.png
post:6749,post,Kommunale IT-Sicherheit,Article,high,Sanitize HTML into controlled blocks,https://www.gemeinde-merching.de/kommunale-it-sicherheit/
post:8020,wpdmpro,"Flyer ""Stromausfall"" - Vorbereitungsmaßnahmen und Anlaufstellen",Document,high,Shortcode resolution,https://www.gemeinde-merching.de/download/flyer-stromausfall-vorbereitungsmassnahmen-und-anlaufstellen/
post:6800,attachment,Gemeindekurier Weihnachten 2022 f. Homepage,Media / Document,review,Sanitize HTML into controlled blocks,https://www.gemeinde-merching.de/wp-content/uploads/2022/12/Gemeindekurier-Weihnachten-2022-f.-Homepage.pdf
post:10170,attachment,Feuerwehr - Satzung über Aufwendungd- und Kostenersatz für Einsätze und andere Leistungen gem. Feuehrwehren ab 01.01.2026,Media / Document,review,Sanitize HTML into controlled blocks,https://www.gemeinde-merching.de/wp-content/uploads/2025/08/Feuerwehr-Satzung-ueber-Aufwendungd-und-Kostenersatz-fuer-Einsaetze-und-andere-Leistungen-gem.-Feuehrwehren-ab-01.01.2026-1.pdf
post:7025,wpdmpro,Vereinsförderrichtlinien der Gemeinde Merching ab 2013,Document,high,Sanitize HTML into controlled blocks,https://www.gemeinde-merching.de/download/vereinsfoerderrichtlinien-der-gemeinde-merching-ab-2013/
post:6879,attachment,,Media / Document,review,Sanitize HTML into controlled blocks,https://www.gemeinde-merching.de/wp-content/uploads/2022/12/banner2.jpg
post:6880,attachment,,Media / Document,review,Sanitize HTML into controlled blocks,https://www.gemeinde-merching.de/wp-content/uploads/2022/12/cropped-banner2.jpg
post:6899,attachment,cropped-cropped-Wappen-alternativ.png,Media / Document,review,Sanitize HTML into controlled blocks,https://www.gemeinde-merching.de/wp-content/uploads/2020/06/cropped-cropped-Wappen-alternativ.png
post:7149,attachment,Amtsblatt 01-2023=Jahrg. 78 Nr. 01,Media / Document,review,Sanitize HTML into controlled blocks,https://www.gemeinde-merching.de/wp-content/uploads/2023/01/Amtsblatt-01-2023Jahrg.-78-Nr.-01.pdf
post:7009,attachment,,Media / Document,review,Sanitize HTML into controlled blocks,https://www.gemeinde-merching.de/wp-content/uploads/2022/12/Startseite-Block.jpg
post:7028,wpdmpro,Antrag Fuer Wasserbezug,Document,high,Sanitize HTML into controlled blocks,https://www.gemeinde-merching.de/download/antrag-fuer-wasserbezug/
post:7029,wpdmpro,Bauwasserbezugsvertrag,Document,high,Sanitize HTML into controlled blocks,https://www.gemeinde-merching.de/download/bauwasserbezugsvertrag/
post:7030,wpdmpro,Einfriedung - Satzung der Gemeinde Merching über die Höhe von Einfriedungen (Einfriedungssatzung),Document,high,Sanitize HTML into controlled blocks,https://www.gemeinde-merching.de/download/einfriedung-satzung-der-gemeinde-merching-ueber-die-hoehe-von-einfriedungen-einfriedungssatzung/
post:7031,wpdmpro,SEPA-Mandat Gemeinde Merching,Document,high,Sanitize HTML into controlled blocks,https://www.gemeinde-merching.de/download/mandat-gemeinde-merching/
post:7034,wpdmpro,Anmeldung eines Gartenwasserzählers,Document,high,Sanitize HTML into controlled blocks,https://www.gemeinde-merching.de/download/anmeldung-eines-gartenwasserzaehlers/
post:10815,attachment,Landratsamt,Media / Document,review,Sanitize HTML into controlled blocks,https://www.gemeinde-merching.de/wp-content/uploads/2026/07/Landratsamt.docx
post:7040,wpdmpro,Blauzungenkrankheit - Amtsblatt 75 Nr. 4b des Landkreises Aichach-Friedberg,Document,high,Sanitize HTML into controlled blocks,https://www.gemeinde-merching.de/download/blauzungenkrankheit-amtsblatt-75-nr-4b-des-landkreises-aichach-friedberg/
post:7041,wpdmpro,Geschäftsordnung - Geschäftsordnung 2020,Document,high,Sanitize HTML into controlled blocks,https://www.gemeinde-merching.de/download/geschaeftsordnung-geschaeftsordnung-2020/
post:7042,wpdmpro,Gemeindeverfassungsrecht - Satzung zur Regelung von Fragen des örtlichen Gemeindeverfassungsrechts 06.05.2020,Document,high,Sanitize HTML into controlled blocks,https://www.gemeinde-merching.de/download/gemeindeverfassungsrecht-satzung-zur-regelung-von-fragen-des-oertlichen-gemeindeverfassungsrechts-06-05-2020/
post:7043,wpdmpro,Bestattung - Satzung über die öffentl. Bestattungseinrichtung der Gemeinde Merching vom 18.07.2022 - gültig bis 31.12.2026,Document,high,Sanitize HTML into controlled blocks,https://www.gemeinde-merching.de/download/bestattung-satzung-ueber-die-oeffentl-bestattungseinrichtung-der-gemeinde-merching-vom-18-07-2022-gueltig-ab-01-01-2023/
post:10568,wpdmpro,Bekanntmachung Vergabe von gemeindlichen Wohnbaugrundstücken,Document,high,Shortcode resolution,https://www.gemeinde-merching.de/download/bekanntmachung-vergabe-von-gemeindlichen-wohnbaugrundstuecken/
post:7049,wpdmpro,Landespflegegeld unterstützt Pflegebedürftige - Pressemitteilung Landratsamt Aichach-Friedberg 08/2021,Document,high,Sanitize HTML into controlled blocks,https://www.gemeinde-merching.de/download/landespflegegeld-unterstuetzt-pflegebeduerftige-pressemitteilung-landratsamt-aichach-friedberg-08-2021/
post:7051,wpdmpro,Reinigungs- und Winterdienstverordnung vom 04.11.2021,Document,high,Sanitize HTML into controlled blocks,https://www.gemeinde-merching.de/download/reinigungs-und-winterdienstverordnung-vom-04-11-2021/
post:7052,wpdmpro,Grundsteuerreform - Die neue Grundsteuer in Bayern,Document,high,Sanitize HTML into controlled blocks,https://www.gemeinde-merching.de/download/grundsteuerreform-die-neue-grundsteuer-in-bayern/
post:7059,wpdmpro,Bestattung - Gebührensatzung zur Satzung für die öffentl. Bestattungseinrichtung (GBS/BES) der Gemeinde Merching bis 31.12.2026,Document,high,Sanitize HTML into controlled blocks,https://www.gemeinde-merching.de/download/bestattung-gebuehrensatzung-zur-satzung-fuer-die-oeffentl-bestattungseinrichtung-gbs-bes-der-gemeinde-merching-vom-18-07-2022-gueltig-ab-01-01-2023/
post:7064,wpdmpro,Grundsteuererklärung Informationen 14.12.2022,Document,high,Sanitize HTML into controlled blocks,https://www.gemeinde-merching.de/download/grundsteuererklaerung-informationen-14-12-2022/
post:7085,page,Alle Downloads in der Übersicht,Page,review,Shortcode resolution,https://www.gemeinde-merching.de/buergerservice/alle-downloads-in-der-uebersicht/
post:9916,attachment,Ehrungen - Satzung über die Verleihung von Ehrungen durch die Gemeinde Merching ab 07.08.2025,Media / Document,review,Sanitize HTML into controlled blocks,https://www.gemeinde-merching.de/wp-content/uploads/2025/08/Ehrungen-Satzung-ueber-die-Verleihung-von-Ehrungen-durch-die-Gemeinde-Merching-ab-07.08.2025.pdf
post:7589,attachment,Aufhebung_BP_Nr3a_Bekanntmachung_Auslegung,Media / Document,review,Sanitize HTML into controlled blocks,https://www.gemeinde-merching.de/wp-content/uploads/2023/05/Aufhebung_BP_Nr3a_Bekanntmachung_Auslegung.pdf
post:7168,attachment,Vorkaufsrechtssatzung 31-01-2023,Media / Document,review,Sanitize HTML into controlled blocks,https://www.gemeinde-merching.de/wp-content/uploads/2023/01/Vorkaufsrechtssatzung-31-01-2023.pdf
post:9923,attachment,Feuerwehrkostensatzung_ab_01-01-2026,Media / Document,review,Sanitize HTML into controlled blocks,https://www.gemeinde-merching.de/wp-content/uploads/2025/08/Feuerwehrkostensatzung_ab_01-01-2026.pdf
post:10042,post,Brunnenregenerierung abgeschlossen,Article,high,Sanitize HTML into controlled blocks,https://www.gemeinde-merching.de/brunnenregenerierung-abgeschlossen/
post:9919,attachment,Spielplatzsatzung ab 09.08.2025,Media / Document,review,Sanitize HTML into controlled blocks,https://www.gemeinde-merching.de/wp-content/uploads/2025/08/Spielplatzsatzung-ab-09.08.2025.pdf
post:9926,attachment,2025-08-13_Bekanntmachung_Satzung_Aufwendungs-u.-Kostenersatz_f_Einsätze_u_andere_Leistungen_gemeindlicher_Feuerwehren_ab_01-01-2026,Media / Document,review,Sanitize HTML into controlled blocks,https://www.gemeinde-merching.de/wp-content/uploads/2025/08/2025-08-13_Bekanntmachung_Satzung_Aufwendungs-u.-Kostenersatz_f_Einsaetze_u_andere_Leistungen_gemeindlicher_Feuerwehren_ab_01-01-2026.pdf
post:7191,attachment,6. Änderung FNP Bekanntmachung_frühz_Beteiligung,Media / Document,review,Sanitize HTML into controlled blocks,https://www.gemeinde-merching.de/wp-content/uploads/2023/02/6.-Aenderung-FNP-Bekanntmachung_fruehz_Beteiligung.pdf
post:10165,attachment,Wasser - Beitrags- und Gebührensatzung zur Wasserabgabesatzung ab 01.01.2026,Media / Document,review,Sanitize HTML into controlled blocks,https://www.gemeinde-merching.de/wp-content/uploads/2025/08/Wasser-Beitrags-und-Gebuehrensatzung-zur-Wasserabgabesatzung-ab-01.01.2026-1.pdf
post:9913,wpdmpro,Entwässerung - Beitrags- und Gebührensatzung zur Entwässerungsatzung ab 01.01.2026,Document,high,Shortcode resolution,https://www.gemeinde-merching.de/download/entwaesserung-beitrags-und-gebuehrensatzung-zur-entwaesserungsatzung/
post:9914,attachment,Entwässerung - Beitrags- und Gebührensatzung zur Entwässerungssatzung ab 01.01.20262026,Media / Document,review,Sanitize HTML into controlled blocks,https://www.gemeinde-merching.de/wp-content/uploads/2025/08/Entwaesserung-Beitrags-und-Gebuehrensatzung-zur-Entwaesserungssatzung-ab-01.01.20262026.pdf
post:9915,wpdmpro,Ehrungen - Satzung über die Verleihung von Ehrungen durch die Gemeinde Merching,Document,high,Shortcode resolution,https://www.gemeinde-merching.de/download/ehrungen-satzung-ueber-die-verleihung-von-ehrungen-durch-die-gemeinde-merching-ab-07-08-2025/
post:7539,attachment,Amtsblatt 04-2023=Jahrg. 78 Nr. 4a,Media / Document,review,Sanitize HTML into controlled blocks,https://www.gemeinde-merching.de/wp-content/uploads/2023/04/Amtsblatt-04-2023Jahrg.-78-Nr.-4a.pdf
post:7210,attachment,Begründung_BPNr36_Freizeitanlage_Bauhof_2023-01-19ü,Media / Document,review,Sanitize HTML into controlled blocks,https://www.gemeinde-merching.de/wp-content/uploads/2023/02/Begruendung_BPNr36_Freizeitanlage_Bauhof_2023-01-19ue.pdf
post:7212,attachment,Bekanntmachung Satzungsbeschluss B-Plan Nr. 36 Freizeitanlage,Media / Document,review,Sanitize HTML into controlled blocks,https://www.gemeinde-merching.de/wp-content/uploads/2023/02/Bekanntmachung-Satzungsbeschluss-B-Plan-Nr.-36-Freizeitanlage.pdf
post:7214,attachment,Planzeichnung_BPNr36_Freizeitanlage_Bauhof_2023-01-19,Media / Document,review,Sanitize HTML into controlled blocks,https://www.gemeinde-merching.de/wp-content/uploads/2023/02/Planzeichnung_BPNr36_Freizeitanlage_Bauhof_2023-01-19.pdf
post:7216,attachment,Textteil_BPNr36_Freizeitanlage_Bauhof_2023-01-19,Media / Document,review,Sanitize HTML into controlled blocks,https://www.gemeinde-merching.de/wp-content/uploads/2023/02/Textteil_BPNr36_Freizeitanlage_Bauhof_2023-01-19.pdf
post:7218,attachment,BP37 suedl. Nebelhornstr. Bekanntmachung Satzungsbeschluss,Media / Document,review,Sanitize HTML into controlled blocks,https://www.gemeinde-merching.de/wp-content/uploads/2023/02/BP37-suedl.-Nebelhornstr.-Bekanntmachung-Satzungsbeschluss-.pdf
post:7220,attachment,BP37_Südlich_der_Nebelhornstraße_Plan_2023-01-19,Media / Document,review,Sanitize HTML into controlled blocks,https://www.gemeinde-merching.de/wp-content/uploads/2023/02/BP37_Suedlich_der_Nebelhornstrasse_Plan_2023-01-19.pdf
post:7222,attachment,BP37_Südlich_Nebelhornstraße_Begründung_2023-01-19,Media / Document,review,Sanitize HTML into controlled blocks,https://www.gemeinde-merching.de/wp-content/uploads/2023/02/BP37_Suedlich_Nebelhornstrasse_Begruendung_2023-01-19.pdf
post:7856,attachment,Amtsblatt-08-2023=Jahrg. 78 Nr. 08,Media / Document,review,Sanitize HTML into controlled blocks,https://www.gemeinde-merching.de/wp-content/uploads/2023/08/Amtsblatt-08-2023Jahrg.-78-Nr.-08.pdf
post:7224,attachment,BP37_Südlich_Nebelhornstraße_Textteil_2023-01-19,Media / Document,review,Sanitize HTML into controlled blocks,https://www.gemeinde-merching.de/wp-content/uploads/2023/02/BP37_Suedlich_Nebelhornstrasse_Textteil_2023-01-19.pdf
post:7226,attachment,1_Änderung_BP_26_Begründung_2023-01-19,Media / Document,review,Sanitize HTML into controlled blocks,https://www.gemeinde-merching.de/wp-content/uploads/2023/02/1_Aenderung_BP_26_Begruendung_2023-01-19.pdf
post:7228,attachment,1_Änderung_BP_26_Bekanntmachung Satzungsbeschluss,Media / Document,review,Sanitize HTML into controlled blocks,https://www.gemeinde-merching.de/wp-content/uploads/2023/02/1_Aenderung_BP_26_Bekanntmachung-Satzungsbeschluss.pdf
post:7230,attachment,1_Änderung_BP_26_Entwurf_2023-01-19,Media / Document,review,Sanitize HTML into controlled blocks,https://www.gemeinde-merching.de/wp-content/uploads/2023/02/1_Aenderung_BP_26_Entwurf_2023-01-19.pdf
post:7237,attachment,Amtsblatt 02-2023=Jahrg. 78 Nr. 02,Media / Document,review,Sanitize HTML into controlled blocks,https://www.gemeinde-merching.de/wp-content/uploads/2023/02/Amtsblatt-02-2023Jahrg.-78-Nr.-02.pdf
post:7238,attachment,Begründung_Vorentwurf_2023-01-19,Media / Document,review,Sanitize HTML into controlled blocks,https://www.gemeinde-merching.de/wp-content/uploads/2023/02/Begruendung_Vorentwurf_2023-01-19.pdf
post:7239,attachment,Planzeichnung_Vorentwurf_6_Änd_FNP_Merching_2023-01-19,Media / Document,review,Sanitize HTML into controlled blocks,https://www.gemeinde-merching.de/wp-content/uploads/2023/02/Planzeichnung_Vorentwurf_6_Aend_FNP_Merching_2023-01-19.pdf
post:7588,attachment,Bekanntmachung_ern_öff_Ausl_BPNr34_Östl_Nebelhornstr,Media / Document,review,Sanitize HTML into controlled blocks,https://www.gemeinde-merching.de/wp-content/uploads/2023/05/Bekanntmachung_ern_oeff_Ausl_BPNr34_Oestl_Nebelhornstr.pdf
post:7528,attachment,Amtsblatt 04-2023=Jahrg. 78 Nr. 4,Media / Document,review,Sanitize HTML into controlled blocks,https://www.gemeinde-merching.de/wp-content/uploads/2023/04/Amtsblatt-04-2023Jahrg.-78-Nr.-4.pdf
post:7651,attachment,Lampe,Media / Document,review,Sanitize HTML into controlled blocks,https://www.gemeinde-merching.de/wp-content/uploads/2023/06/Lampe.jpg
post:7895,attachment,MandatformularGemeinde_mit _Tel_und_E-Mail_2023,Media / Document,review,Sanitize HTML into controlled blocks,https://www.gemeinde-merching.de/wp-content/uploads/2023/08/MandatformularGemeinde_mit-_Tel_und_E-Mail_2023.pdf
post:9161,attachment,842_Gemeinde-Merching,Media / Document,review,Sanitize HTML into controlled blocks,https://www.gemeinde-merching.de/wp-content/uploads/2024/11/842_Gemeinde-Merching.png
post:8229,attachment,Plakatierungsverordnung,Media / Document,review,Sanitize HTML into controlled blocks,https://www.gemeinde-merching.de/wp-content/uploads/2024/01/Plakatierungsverordnung.pdf
post:7515,attachment,Stellenausschreibung,Media / Document,review,Sanitize HTML into controlled blocks,https://www.gemeinde-merching.de/wp-content/uploads/2023/04/Aushang-Homepage.docx
post:9994,attachment,Flyer Vereinsforum 2025 2. HJ Version EK,Media / Document,review,Sanitize HTML into controlled blocks,https://www.gemeinde-merching.de/wp-content/uploads/2025/09/Flyer-Vereinsforum-2025-2.-HJ-Version-EK-1.pdf
post:10133,attachment,BekanntmachungRattenbekJan26,Media / Document,review,Sanitize HTML into controlled blocks,https://www.gemeinde-merching.de/wp-content/uploads/2025/11/BekanntmachungRattenbekJan26.pdf
post:7483,attachment,Rama Dama Hochdorf,Media / Document,review,Sanitize HTML into controlled blocks,https://www.gemeinde-merching.de/wp-content/uploads/2023/03/Rama-Dama-Hochdorf.pdf
post:7517,attachment,Stellenausschreibung,Media / Document,review,Sanitize HTML into controlled blocks,https://www.gemeinde-merching.de/wp-content/uploads/2023/04/Aushang-Homepage.pdf
post:7670,attachment,5. Änd. Flächennutzunngs u. Landschaftsplan u. Aufstell. d. vorhabensbez. BP Nr. 39 SG Photovoltaikanl. östl. der Schmiechach,Media / Document,review,Sanitize HTML into controlled blocks,https://www.gemeinde-merching.de/wp-content/uploads/2023/06/5.-Aend.-Flaechennutzunngs-u.-Landschaftsplan-u.-Aufstell.-d.-vorhabensbez.-BP-Nr.-39-SG-Photovoltaikanl.-oestl.-der-Schmiechach.pdf
post:9937,attachment,Ausschreibung Architekturpreis,Media / Document,review,Sanitize HTML into controlled blocks,https://www.gemeinde-merching.de/wp-content/uploads/2025/08/Ausschreibung-Architekturpreis.pdf
post:7681,attachment,Amtsblatt 06-2023=Jahrg. 78 Nr. 06,Media / Document,review,Sanitize HTML into controlled blocks,https://www.gemeinde-merching.de/wp-content/uploads/2023/06/Amtsblatt-06-2023Jahrg.-78-Nr.-06.pdf
post:7686,attachment,Antrag - Fahrkarte,Media / Document,review,Sanitize HTML into controlled blocks,https://www.gemeinde-merching.de/wp-content/uploads/2023/06/Antrag-Fahrkarte.pdf
post:7734,attachment,BP PV Merching Planzeichnung Teil A 29.06.2023,Media / Document,review,Sanitize HTML into controlled blocks,https://www.gemeinde-merching.de/wp-content/uploads/2023/06/BP-PV-Merching-Planzeichnung-Teil-A-29.06.2023.pdf
post:9939,wpdmpro,Ausschreibung Architekturpreis Bezirk Schwaben 2026,Document,high,Shortcode resolution,https://www.gemeinde-merching.de/download/ausschreibung-architekturpreis-bezirk-schwaben-2026/
post:9940,attachment,Ausschreibung Architekturpreis,Media / Document,review,Sanitize HTML into controlled blocks,https://www.gemeinde-merching.de/wp-content/uploads/2025/08/Ausschreibung-Architekturpreis-1.pdf
post:7705,attachment,IMG_3242,Media / Document,review,Sanitize HTML into controlled blocks,https://www.gemeinde-merching.de/wp-content/uploads/2023/06/IMG_3242.jpg
post:7706,attachment,IMG_3237,Media / Document,review,Sanitize HTML into controlled blocks,https://www.gemeinde-merching.de/wp-content/uploads/2023/06/IMG_3237.jpg
post:7769,attachment,Amtsblatt 06a-2023=Jahrg. 78 Nr. 06a,Media / Document,review,Sanitize HTML into controlled blocks,https://www.gemeinde-merching.de/wp-content/uploads/2023/07/Amtsblatt-06a-2023Jahrg.-78-Nr.-06a.pdf
post:7711,attachment,Bekanntmachung_ern_öff_Ausl_BPNr34_Östl_Nebelhornstr,Media / Document,review,Sanitize HTML into controlled blocks,https://www.gemeinde-merching.de/wp-content/uploads/2023/06/Bekanntmachung_ern_oeff_Ausl_BPNr34_Oestl_Nebelhornstr.pdf
post:7723,attachment,BMWK_NKI_Gefoerdert_RGB_DE_2022_quer,Media / Document,review,Sanitize HTML into controlled blocks,https://www.gemeinde-merching.de/wp-content/uploads/2022/10/BMWK_NKI_Gefoerdert_RGB_DE_2022_quer.jpg
post:10123,attachment,20251016_Plakat_Solartreff_Steindorf 25.11.,Media / Document,review,Sanitize HTML into controlled blocks,https://www.gemeinde-merching.de/wp-content/uploads/2025/11/20251016_Plakat_Solartreff_Steindorf-25.11.pdf
post:7736,attachment,BP PV Merching_Begründung mit Umweltbericht Teil C_07 29.06.2023,Media / Document,review,Sanitize HTML into controlled blocks,https://www.gemeinde-merching.de/wp-content/uploads/2023/06/BP-PV-Merching_Begruendung-mit-Umweltbericht-Teil-C_07-29.06.2023.pdf
post:8188,attachment,Amtsblatt 12-2023=Jahrg. 78 Nr. 12,Media / Document,review,Sanitize HTML into controlled blocks,https://www.gemeinde-merching.de/wp-content/uploads/2023/12/Amtsblatt-12-2023Jahrg.-78-Nr.-12.pdf
post:7738,attachment,BP PV Merching_Festsetzungen Teil B 29.06.2023,Media / Document,review,Sanitize HTML into controlled blocks,https://www.gemeinde-merching.de/wp-content/uploads/2023/06/BP-PV-Merching_Festsetzungen-Teil-B-29.06.2023.pdf
post:7740,attachment,Datenschutzrechtliche Informationspflichten nach Art. 13 und 14 DSGVO 29.06.2023,Media / Document,review,Sanitize HTML into controlled blocks,https://www.gemeinde-merching.de/wp-content/uploads/2023/06/Datenschutzrechtliche-Informationspflichten-nach-Art.-13-und-14-DSGVO-29.06.2023.pdf
post:7742,attachment,FNP PV Merching Entwurf Teil A 29.06.2023,Media / Document,review,Sanitize HTML into controlled blocks,https://www.gemeinde-merching.de/wp-content/uploads/2023/06/FNP-PV-Merching-Entwurf-Teil-A-29.06.2023.pdf
post:7744,attachment,FNP PV Merching_Begründung mit Umweltbericht Teil B_03 29.06.2023,Media / Document,review,Sanitize HTML into controlled blocks,https://www.gemeinde-merching.de/wp-content/uploads/2023/06/FNP-PV-Merching_Begruendung-mit-Umweltbericht-Teil-B_03-29.06.2023.pdf
post:7745,attachment,Stellungnahme frühz. Beteiligung_Denkmalpflege_Abwägung 29.06.2023,Media / Document,review,Sanitize HTML into controlled blocks,https://www.gemeinde-merching.de/wp-content/uploads/2023/06/Stellungnahme-fruehz.-Beteiligung_Denkmalpflege_Abwaegung-29.06.2023.pdf
post:7749,attachment,Stellungnahme frühz. Beteiligung_Denkmalpflege_Abwägung 29.06.2023,Media / Document,review,Sanitize HTML into controlled blocks,https://www.gemeinde-merching.de/wp-content/uploads/2023/06/Stellungnahme-fruehz.-Beteiligung_Denkmalpflege_Abwaegung-29.06.2023-1.pdf
post:7751,attachment,Stellungnahme frühz. Beteiligung_LRA für BP_Abwägung 29.06.2023,Media / Document,review,Sanitize HTML into controlled blocks,https://www.gemeinde-merching.de/wp-content/uploads/2023/06/Stellungnahme-fruehz.-Beteiligung_LRA-fuer-BP_Abwaegung-29.06.2023.pdf
post:8224,attachment,Öffentl.Bekanntmachung_GR1_Jan24,Media / Document,review,Sanitize HTML into controlled blocks,https://www.gemeinde-merching.de/wp-content/uploads/2024/01/Oeffentl.Bekanntmachung_GR1_Jan24.pdf
post:7753,attachment,Stellungnahme frühz. Beteiligung_LRA für FNP_Abwägung 29.06.2023,Media / Document,review,Sanitize HTML into controlled blocks,https://www.gemeinde-merching.de/wp-content/uploads/2023/06/Stellungnahme-fruehz.-Beteiligung_LRA-fuer-FNP_Abwaegung-29.06.2023.pdf
post:8249,attachment,Plakatierungsverordnung,Media / Document,review,Sanitize HTML into controlled blocks,https://www.gemeinde-merching.de/wp-content/uploads/2024/01/Plakatierungsverordnung-1.pdf
post:7755,attachment,Stellungnahme frühz. Beteiligung_Regierung v. Schwaben_Abwägung 29.06.2023,Media / Document,review,Sanitize HTML into controlled blocks,https://www.gemeinde-merching.de/wp-content/uploads/2023/06/Stellungnahme-fruehz.-Beteiligung_Regierung-v.-Schwaben_Abwaegung-29.06.2023.pdf
post:7757,attachment,Stellungnahme frühz. Beteiligung_WWA_Abwägung 29.06.2023,Media / Document,review,Sanitize HTML into controlled blocks,https://www.gemeinde-merching.de/wp-content/uploads/2023/06/Stellungnahme-fruehz.-Beteiligung_WWA_Abwaegung-29.06.2023.pdf
post:7760,attachment,PV Merching_Kartierung 2023-04-27 29.06.2023,Media / Document,review,Sanitize HTML into controlled blocks,https://www.gemeinde-merching.de/wp-content/uploads/2023/06/PV-Merching_Kartierung-2023-04-27-29.06.2023.pdf
post:8064,attachment,Case für kabellose In-Ear-Kopfhörer Beispielbild,Media / Document,review,Sanitize HTML into controlled blocks,https://www.gemeinde-merching.de/wp-content/uploads/2023/11/Case.jpg
post:7834,attachment,Nivellement_Infoblätter_2023-03,Media / Document,review,Sanitize HTML into controlled blocks,https://www.gemeinde-merching.de/wp-content/uploads/2023/07/Nivellement_Infoblaetter_2023-03.pdf
post:7847,attachment,IMG_3692,Media / Document,review,Sanitize HTML into controlled blocks,https://www.gemeinde-merching.de/wp-content/uploads/2023/07/IMG_3692.jpg
post:7860,attachment,Pflegestützpunkt_Aichach-Friedberg_2023,Media / Document,review,Sanitize HTML into controlled blocks,https://www.gemeinde-merching.de/wp-content/uploads/2023/08/Pflegestuetzpunkt_Aichach-Friedberg_2023.pdf
post:7862,link_library_links,Pflegestützpunkt Landkreis Aichach-Friedberg,ExternalResource,review,Shortcode resolution,http://www.lra-aic-fdb.de/pflegestuetzpunkt
post:7863,attachment,Logo-Pflegestuetzpunkt-Landkreis-Aichach-Friedberg-CMYK,Media / Document,review,Sanitize HTML into controlled blocks,https://www.gemeinde-merching.de/wp-content/uploads/2023/08/Logo-Pflegestuetzpunkt-Landkreis-Aichach-Friedberg-CMYK.webp
post:9900,attachment,Nachhaltigkeitstag 2025_Plakat_A3,Media / Document,review,Sanitize HTML into controlled blocks,https://www.gemeinde-merching.de/wp-content/uploads/2025/07/Nachhaltigkeitstag-2025_Plakat_A3-2.pdf
post:8112,attachment,Leseclub Merching,Media / Document,review,Sanitize HTML into controlled blocks,https://www.gemeinde-merching.de/wp-content/uploads/2023/11/Leseclub-Merching.pdf
post:7894,link_library_links,SEPA-Mandat Gemeinde Merching,ExternalResource,review,Sanitize HTML into controlled blocks,https://www.gemeinde-merching.de/wp-content/uploads/2023/08/MandatformularGemeinde_mit-_Tel_und_E-Mail_2023.pdf
post:9896,attachment,Nachhaltigkeitstag 2025_Plakat_A3,Media / Document,review,Sanitize HTML into controlled blocks,https://www.gemeinde-merching.de/wp-content/uploads/2025/07/Nachhaltigkeitstag-2025_Plakat_A3.pdf
post:9898,attachment,Nachhaltigkeitstag 2025_Plakat_A3,Media / Document,review,Sanitize HTML into controlled blocks,https://www.gemeinde-merching.de/wp-content/uploads/2025/07/Nachhaltigkeitstag-2025_Plakat_A3-1.pdf
post:7918,attachment,Amtsblatt-08-2023=Jahrg. 78 Nr. 08,Media / Document,review,Sanitize HTML into controlled blocks,https://www.gemeinde-merching.de/wp-content/uploads/2023/09/Amtsblatt-08-2023Jahrg.-78-Nr.-08.pdf
post:7920,attachment,Amtsblatt 08a-2023=Jahrg. 78 Nr. 08a,Media / Document,review,Sanitize HTML into controlled blocks,https://www.gemeinde-merching.de/wp-content/uploads/2023/09/Amtsblatt-08a-2023Jahrg.-78-Nr.-08a.pdf
post:7922,attachment,Amtsblatt-08b-2023Jahrg.-78-Nr.-08b,Media / Document,review,Sanitize HTML into controlled blocks,https://www.gemeinde-merching.de/wp-content/uploads/2023/09/Amtsblatt-08b-2023Jahrg.-78-Nr.-08b.pdf
post:7924,attachment,Amtsblatt 09-2023=Jahrg. 78 Nr. 09,Media / Document,review,Sanitize HTML into controlled blocks,https://www.gemeinde-merching.de/wp-content/uploads/2023/09/Amtsblatt-09-2023Jahrg.-78-Nr.-09.pdf
post:7940,attachment,Netzwerk Familie AELF Kurse,Media / Document,review,Sanitize HTML into controlled blocks,https://www.gemeinde-merching.de/wp-content/uploads/2023/09/Netzwerk-Familie-AELF-Kurse.pdf
post:8237,attachment,Amtsblatt 01-2024=Jahrg. 79 Nr. 01,Media / Document,review,Sanitize HTML into controlled blocks,https://www.gemeinde-merching.de/wp-content/uploads/2024/01/Amtsblatt-01-2024Jahrg.-79-Nr.-01.pdf
post:8785,wpdmpro,Was soll ich tun bei Hochwasser?,Document,high,Shortcode resolution,https://www.gemeinde-merching.de/download/was-soll-ich-tun-bei-hochwasser/
post:8194,attachment,Bekanntmachung Plakatierungsverordnung,Media / Document,review,Sanitize HTML into controlled blocks,https://www.gemeinde-merching.de/wp-content/uploads/2023/12/Bekanntmachung-Plakatierungsverordnung.pdf
post:8000,attachment,Amtsblatt 10-2023=78 Nr. 10 - entfällt,Media / Document,review,Sanitize HTML into controlled blocks,https://www.gemeinde-merching.de/wp-content/uploads/2023/10/Amtsblatt-10-202378-Nr.-10-entfaellt.pdf
post:8021,attachment,FLY_Stromausfall_LAF_99x210mm_Merching_web,Media / Document,review,Sanitize HTML into controlled blocks,https://www.gemeinde-merching.de/wp-content/uploads/2023/10/FLY_Stromausfall_LAF_99x210mm_Merching_web.pdf
post:8787,post,Was soll ich tun bei Hochwasser?,Article,high,Sanitize HTML into controlled blocks,https://www.gemeinde-merching.de/was-soll-ich-tun-bei-hochwasser/
post:8786,attachment,Infoblatt Hochwasser 2024,Media / Document,review,Sanitize HTML into controlled blocks,https://www.gemeinde-merching.de/wp-content/uploads/2024/06/Infoblatt-Hochwasser-2024.pdf
post:8234,attachment,Wappen_Aichach-Friedberg_139x150,Media / Document,review,Sanitize HTML into controlled blocks,https://www.gemeinde-merching.de/wp-content/uploads/2023/12/Wappen_Aichach-Friedberg_139x150.png
post:8040,attachment,Gemeindekurier November 2023 f. Homepage,Media / Document,review,Sanitize HTML into controlled blocks,https://www.gemeinde-merching.de/wp-content/uploads/2023/10/Gemeindekurier-November-2023-f.-Homepage.pdf
post:8043,attachment,Amtsblatt 10a-2023=Jahrg. 78 Nr. 10a,Media / Document,review,Sanitize HTML into controlled blocks,https://www.gemeinde-merching.de/wp-content/uploads/2023/10/Amtsblatt-10a-2023Jahrg.-78-Nr.-10a.pdf
post:8135,attachment,Abschaffung des Kinderreisepasses zum 01.01.2024,Media / Document,review,Sanitize HTML into controlled blocks,https://www.gemeinde-merching.de/wp-content/uploads/2023/11/Abschaffung-des-Kinderreisepasses-zum-01.01.2024-1.pdf
post:9205,attachment,Plakat 2024,Media / Document,review,Sanitize HTML into controlled blocks,https://www.gemeinde-merching.de/wp-content/uploads/2024/12/Plakat-2024.doc
post:10534,post,Verkündung des Ergebnisses der Wahl des Ortssprechers für den Ortsteil Hochdorf,Article,high,Sanitize HTML into controlled blocks,https://www.gemeinde-merching.de/verkuendung-des-ergebnisses-der-wahl-des-ortssprechers-fuer-den-ortsteil-hochdorf/
post:8084,attachment,Amtsblatt 11-2023=Jahrg. 78 Nr. 11,Media / Document,review,Sanitize HTML into controlled blocks,https://www.gemeinde-merching.de/wp-content/uploads/2023/11/Amtsblatt-11-2023Jahrg.-78-Nr.-11.pdf
post:8087,attachment,BGS_WAS_Satzung_2022,Media / Document,review,Sanitize HTML into controlled blocks,https://www.gemeinde-merching.de/wp-content/uploads/2023/11/BGS_WAS_Satzung_2022.pdf
post:8088,wpdmpro,Wasserabgabesatzung 01.01.2022,Document,high,Shortcode resolution,https://www.gemeinde-merching.de/download/wasserabgabesatzung-01-01-2022/
post:8089,attachment,Satzung_WAS_2022,Media / Document,review,Sanitize HTML into controlled blocks,https://www.gemeinde-merching.de/wp-content/uploads/2023/11/Satzung_WAS_2022.pdf
post:8090,wpdmpro,Entwässerungssatzung 01.01.2022,Document,high,Shortcode resolution,https://www.gemeinde-merching.de/download/entwaesserungssatzung-01-01-2022/
post:8091,attachment,EWS_Satzung_2022,Media / Document,review,Sanitize HTML into controlled blocks,https://www.gemeinde-merching.de/wp-content/uploads/2023/11/EWS_Satzung_2022.pdf
post:8093,attachment,BP PV Mandichosee_Teil A_Planzeichnung-2023-10-26,Media / Document,review,Sanitize HTML into controlled blocks,https://www.gemeinde-merching.de/wp-content/uploads/2023/11/BP-PV-Mandichosee_Teil-A_Planzeichnung-2023-10-26.pdf
post:8095,attachment,BP PV Mandichosee_Teil B_Festsetzungen-2023-10-26,Media / Document,review,Sanitize HTML into controlled blocks,https://www.gemeinde-merching.de/wp-content/uploads/2023/11/BP-PV-Mandichosee_Teil-B_Festsetzungen-2023-10-26.pdf
post:8594,attachment,BP Nr. 39 PV Merching Teil A Planzeichnung 2023-10-26,Media / Document,review,Sanitize HTML into controlled blocks,https://www.gemeinde-merching.de/wp-content/uploads/2024/03/BP-Nr.-39-PV-Merching-Teil-A-Planzeichnung-2023-10-26.pdf
post:8097,attachment,BP PV Mandichosee_Teil C_Begründung mit Umweltbericht-2023-10-26,Media / Document,review,Sanitize HTML into controlled blocks,https://www.gemeinde-merching.de/wp-content/uploads/2023/11/BP-PV-Mandichosee_Teil-C_Begruendung-mit-Umweltbericht-2023-10-26.pdf
post:8601,attachment,5. Änderung FNP PV Merching_Begründung mit Umweltbericht Teil B,Media / Document,review,Sanitize HTML into controlled blocks,https://www.gemeinde-merching.de/wp-content/uploads/2024/03/5.-Aenderung-FNP-PV-Merching_Begruendung-mit-Umweltbericht-Teil-B.pdf
post:8099,attachment,BP PV Mandichosees Fachbeitrag Artenschutz,Media / Document,review,Sanitize HTML into controlled blocks,https://www.gemeinde-merching.de/wp-content/uploads/2023/11/BP-PV-Mandichosees-Fachbeitrag-Artenschutz.pdf
post:8101,attachment,FNP PV Mandichosee_Teil A_Planzeichnung-2023-10-26,Media / Document,review,Sanitize HTML into controlled blocks,https://www.gemeinde-merching.de/wp-content/uploads/2023/11/FNP-PV-Mandichosee_Teil-A_Planzeichnung-2023-10-26.pdf
post:8599,attachment,5. Änderung FNP PV Merching Teil A_Planzeichnung,Media / Document,review,Sanitize HTML into controlled blocks,https://www.gemeinde-merching.de/wp-content/uploads/2024/03/5.-Aenderung-FNP-PV-Merching-Teil-A_Planzeichnung.pdf
post:8103,attachment,FNP PV Mandichosee_Teil B_Begründung m. Umweltbericht-2023-10-26,Media / Document,review,Sanitize HTML into controlled blocks,https://www.gemeinde-merching.de/wp-content/uploads/2023/11/FNP-PV-Mandichosee_Teil-B_Begruendung-m.-Umweltbericht-2023-10-26.pdf
post:9925,wpdmpro,Feuerwehr - Satzung über Aufwendungs- und Kostenersatz für Einsätze und andere Leistungen gemeindlicher Feuerwehren ab 01.01.2026,Document,high,Shortcode resolution,https://www.gemeinde-merching.de/download/bekanntmachung-satzung-d-gemeinde-merching-ue-aufwendungs-u-kostenersatz-f-einsaetze-u-andere-leistungen-gemeindlicher-feuerwehren-ab-01-01-2026/
post:9911,wpdmpro,Wasser - Beitrags- und Gebührensatzung zur Wasserabgabesatzung ab 01.01.2026,Document,high,Shortcode resolution,https://www.gemeinde-merching.de/download/wasser-beitrags-und-gebuehrensatzung-zur-wasserabgabesatzung-ab-01-01-2026/
post:9912,attachment,Wasser-Beitrags- und Gebührensatzung zur Wasserabgabesatzung ab 01.01.2026,Media / Document,review,Sanitize HTML into controlled blocks,https://www.gemeinde-merching.de/wp-content/uploads/2025/08/Wasser-Beitrags-und-Gebuehrensatzung-zur-Wasserabgabesatzung-ab-01.01.2026.pdf
post:10181,post,Bekanntmachung Beschwerdeausschuss,Article,high,Sanitize HTML into controlled blocks,https://www.gemeinde-merching.de/bekanntmachung-beschwerdeausschuss/
post:8154,attachment,Logo Advent,Media / Document,review,Sanitize HTML into controlled blocks,https://www.gemeinde-merching.de/wp-content/uploads/2023/12/Logo-Advent.pdf
post:9968,wpdmpro,Bekanntmachung Stellplatzsatzung vom 08.09.2025,Document,high,Shortcode resolution,https://www.gemeinde-merching.de/download/bekanntmachung-stellplatzsatzung-vom-08-09-2025/
post:9197,post,Grundsteuer ab 2025 - Info des Finanzamtes zur Korrektur der Messbeträge,Article,high,Sanitize HTML into controlled blocks,https://www.gemeinde-merching.de/grundsteuer-ab-2025-info-des-finanzamtes-zur-korrektur-der-messbetraege/
post:9198,attachment,Grundsteuer_Korrektur_Formular_FA_04_12_2024,Media / Document,review,Sanitize HTML into controlled blocks,https://www.gemeinde-merching.de/wp-content/uploads/2024/12/Korrektur_Formular_zur_GrSt_Auslage_in_Gemeinde_und_SZ_04.12.2024.pdf
post:8179,attachment,Gemeindekurier Weihnachten 2023 f. Homepage,Media / Document,review,Sanitize HTML into controlled blocks,https://www.gemeinde-merching.de/wp-content/uploads/2023/12/Gemeindekurier-Weihnachten-2023-f.-Homepage.pdf
post:10180,attachment,Bekanntmachung Beschwerdeausschusssitzung,Media / Document,review,Sanitize HTML into controlled blocks,https://www.gemeinde-merching.de/wp-content/uploads/2025/12/Bekanntmachung-Beschwerdeausschusssitzung.pdf
post:8316,attachment,240208_E-Mail-Abbinder_Ukraine-2Jahrestag,Media / Document,review,Sanitize HTML into controlled blocks,https://www.gemeinde-merching.de/wp-content/uploads/2024/02/240208_E-Mail-Abbinder_Ukraine-2Jahrestag.jpg
post:8323,attachment,Amtsblatt 02-2024=Jahrg. 79 Nr. 02,Media / Document,review,Sanitize HTML into controlled blocks,https://www.gemeinde-merching.de/wp-content/uploads/2024/02/Amtsblatt-02-2024Jahrg.-79-Nr.-02.pdf
post:8607,attachment,Amtsblatt 03-2024Jahrg. 79 Nr. 03,Media / Document,review,Sanitize HTML into controlled blocks,https://www.gemeinde-merching.de/wp-content/uploads/2024/03/Amtsblatt-03-2024Jahrg.-79-Nr.-03.pdf
post:10169,attachment,Feuerwehr - Satzung über Aufwendungd- und Kostenersatz für Einsätze und andere Leistungen gem. Feuehrwehren ab 01.01.2026,Media / Document,review,Sanitize HTML into controlled blocks,https://www.gemeinde-merching.de/wp-content/uploads/2025/08/Feuerwehr-Satzung-ueber-Aufwendungd-und-Kostenersatz-fuer-Einsaetze-und-andere-Leistungen-gem.-Feuehrwehren-ab-01.01.2026.pdf
post:8659,wpdmpro,Beste Ausbildungs- und Studienchanchen in der öffentlichen Verwaltung Bayerns,Document,high,Shortcode resolution,https://www.gemeinde-merching.de/download/beste-ausbildungs-und-studienchanchen-in-der-oeffentlichen-verwaltung-bayerns/
post:9234,wpdmpro,GSV - HH 1 Inhaltsverzeichnis 2026,BudgetPlan source component,review,Group by reviewed topic/year and numbered component order; never import 25 components as 25 standalone annual plans,https://www.gemeinde-merching.de/download/gsv-hh-inhaltsverzeichnis-2026/
post:9244,wpdmpro,MSV - HH 4 Vorbericht 2026,BudgetPlan source component,review,Group by reviewed topic/year and numbered component order; never import 25 components as 25 standalone annual plans,https://www.gemeinde-merching.de/download/msv-hh-4-vorbericht-2026/
post:9243,wpdmpro,MSV - HH 3 Schulverbandsumlage 2026,BudgetPlan source component,review,Group by reviewed topic/year and numbered component order; never import 25 components as 25 standalone annual plans,https://www.gemeinde-merching.de/download/msv-hh-3-schulverbandsumlage-2026/
post:8567,post,Abschaffung Kinderreisepass zum 01.01.2024,Article,high,Shortcode resolution,https://www.gemeinde-merching.de/abschaffung-kinderreisepass-zum-01-01-2024/
post:8622,attachment,Gemeindekurier Ostern 2024 f. Homepage,Media / Document,review,Sanitize HTML into controlled blocks,https://www.gemeinde-merching.de/wp-content/uploads/2024/03/Gemeindekurier-Ostern-2024-f.-Homepage.pdf
post:8634,tablepress_table,Veranstaltungskalender,Structured records or reviewed table alternative,review,No generic table block exists; resolve table to entities or add a controlled accessible table,https://www.gemeinde-merching.de/?post_type=tablepress_table&p=8634
post:10177,attachment,Stellplatzsatzung ab 30.09.2025,Media / Document,review,Sanitize HTML into controlled blocks,https://www.gemeinde-merching.de/wp-content/uploads/2025/09/Stellplatzsatzung-ab-30.09.2025-.pdf
post:10532,wpdmpro,Verkündung des Ergebnisses der Wahl des Ortssprechers für den Ortsteil Hochdorf,Document,high,Shortcode resolution,https://www.gemeinde-merching.de/download/verkuendung-des-ergebnisses-der-wahl-des-ortssprechers-fuer-den-ortsteil-hochdorf/
post:10515,post,Pressemitteilung Landratsamt Aichach-Friedberg : Bündnis f. Demokratie spricht Förderempfehlungen für 2026 aus,Article,high,Shortcode resolution,https://www.gemeinde-merching.de/pressemitteilung-landratsamt-aichach-friedberg-buendnis-f-demokratie-spricht-foerderempfehlungen-fuer-2026-aus/
post:10516,attachment,20260414_Sitzung Bündnis für Demokratie f. Homepage,Media / Document,review,Sanitize HTML into controlled blocks,https://www.gemeinde-merching.de/wp-content/uploads/2026/04/20260414_Sitzung-Buendnis-fuer-Demokratie-f.-Homepage.pdf
post:10376,wpdmpro,Prüfbericht Trinkwasser November 2025,Document,high,Shortcode resolution,https://www.gemeinde-merching.de/download/pruefbericht-trinkwasser-november-2025/
post:10173,post,Bekanntmachung der Beitrags- und Gebührensatzung zur Wasserabgabesatzung der Gemeinde Merching v. 12.12.2025,Article,high,Sanitize HTML into controlled blocks,https://www.gemeinde-merching.de/bekanntmachung-der-beitrags-und-gebuehrensatzung-zur-wasserabgabesatzung-der-gemeinde-merching-v-12-12-2025/
post:10171,post,Bekanntmachung der Beitrags- und Gebührensatzung zur Entwässerungssatzung der Gemeinde Merching v. 12.12.2025,Article,high,Sanitize HTML into controlled blocks,https://www.gemeinde-merching.de/bekanntmachung-der-beitrags-und-gebuehrensatzung-zur-entwaesserungssatzung-der-gemeinde-merching-v-12-12-2025/
post:8674,attachment,miteinand und füreinand,Media / Document,review,Sanitize HTML into controlled blocks,https://www.gemeinde-merching.de/wp-content/uploads/2024/04/miteinand-und-fuereinand.png
post:8675,attachment,Anmeldeformular 2024 1 HJ,Media / Document,review,Sanitize HTML into controlled blocks,https://www.gemeinde-merching.de/wp-content/uploads/2024/04/Anmeldeformular-2024-1-HJ.pdf
post:8715,attachment,EnergiePortal_Veröffentltext_SchadensMelder_Dez23,Media / Document,review,Sanitize HTML into controlled blocks,https://www.gemeinde-merching.de/wp-content/uploads/2024/05/EnergiePortal_Veroeffentltext_SchadensMelder_Dez23.pdf
post:8717,attachment,QRCode_StörmelderApp_Merching_210602,Media / Document,review,Sanitize HTML into controlled blocks,https://www.gemeinde-merching.de/wp-content/uploads/2024/05/QRCode_StoermelderApp_Merching_210602.png
post:8722,wpdmpro,"Schäden oder Störungen an Straßenlampen mit dem ""bayernwerk SchadensMelder"" an die Kommune melden",ExternalResource candidate,review,"Online streetlight-reporting service; file list contains no nonempty source, managed endpoint is not a PDF; verify public link instead of forcing a Document",https://www.gemeinde-merching.de/download/schaeden-oder-stoerungen-an-strassenlampen-mit-dem-bayernwerk-schadensmelder-an-die-kommune-melden/
post:8869,attachment,Antrag_Fahrkarte_2024_2025,Media / Document,review,Sanitize HTML into controlled blocks,https://www.gemeinde-merching.de/wp-content/uploads/2024/07/Antrag_Fahrkarte_2024_2025-1.pdf
post:9222,page,Haushaltspläne,Haushaltsplan catalog + yearly BudgetPlan,review,Shortcode resolution,https://www.gemeinde-merching.de/buergerservice/haushaltsplaene/
post:9246,wpdmpro,MSV - HH 6 Stellenplan 2026,BudgetPlan source component,review,Group by reviewed topic/year and numbered component order; never import 25 components as 25 standalone annual plans,https://www.gemeinde-merching.de/download/msv-hh-6-stellenplan-2026/
post:9238,wpdmpro,GSV - HH 5 Haushaltsplan mit Finanzplan 2026,BudgetPlan source component,review,Group by reviewed topic/year and numbered component order; never import 25 components as 25 standalone annual plans,https://www.gemeinde-merching.de/download/gsv-hh-haushaltsplan-mit-finanzplan/
post:8824,post,Grundsteueränderungsanzeige,Article,high,Sanitize HTML into controlled blocks,https://www.gemeinde-merching.de/grundsteueraenderungsanzeige/
post:8815,attachment,https://www.gemeinde-merching.de/wp-content/uploads/2021/08/Energieberatung-Landkreis-Aichach-Friedberg-Typo-schwarz-RGB-scaled-e1629102681482.jpg,Media / Document,review,Sanitize HTML into controlled blocks,https://www.gemeinde-merching.de/?attachment_id=8815
post:8816,attachment,Energieberatung-Landkreis-Aichach-Friedberg-Typo-schwarz-RGB-scaled-e1629102681482,Media / Document,review,Sanitize HTML into controlled blocks,https://www.gemeinde-merching.de/wp-content/uploads/2024/06/Energieberatung-Landkreis-Aichach-Friedberg-Typo-schwarz-RGB-scaled-e1629102681482.jpg
post:8817,attachment,https://www.gemeinde-merching.de/wp-content/uploads/2024/06/Energieberatung-Landkreis-Aichach-Friedberg-Typo-schwarz-RGB-scaled-e1719300013415.jpg,Media / Document,review,Sanitize HTML into controlled blocks,https://www.gemeinde-merching.de/?attachment_id=8817
post:8818,attachment,https://www.gemeinde-merching.de/wp-content/uploads/2023/08/Logo-Pflegestuetzpunkt-Landkreis-Aichach-Friedberg-CMYK-e1691053220541.webp,Media / Document,review,Sanitize HTML into controlled blocks,https://www.gemeinde-merching.de/?attachment_id=8818
post:8819,attachment,https://www.gemeinde-merching.de/wp-content/uploads/link-library-images/14.jpg,Media / Document,review,Sanitize HTML into controlled blocks,https://www.gemeinde-merching.de/?attachment_id=8819
post:9237,wpdmpro,GSV - HH 4 Vorbericht 2026,BudgetPlan source component,review,Group by reviewed topic/year and numbered component order; never import 25 components as 25 standalone annual plans,https://www.gemeinde-merching.de/download/gsv-hh-vorbericht-2026/
post:9236,wpdmpro,GSV - HH 3 Schulverbandsumlage 2026,BudgetPlan source component,review,Group by reviewed topic/year and numbered component order; never import 25 components as 25 standalone annual plans,https://www.gemeinde-merching.de/download/gsv-hh-schulverbandsumlage-2026/
post:9686,attachment,Screenshot 2025-06-25 103555,Media / Document,review,Sanitize HTML into controlled blocks,https://www.gemeinde-merching.de/wp-content/uploads/2025/06/Screenshot-2025-06-25-103555-4.jpg
post:9856,attachment,Sommerserenade entfällt,Media / Document,review,Sanitize HTML into controlled blocks,https://www.gemeinde-merching.de/wp-content/uploads/2025/07/Entfaellt.jpg
post:9689,attachment,Familienstützpunkt Süd Programm Juli bis Sept. 2025,Media / Document,review,Sanitize HTML into controlled blocks,https://www.gemeinde-merching.de/wp-content/uploads/2025/06/Familienstuetzpunkt-Sued-Programm-Juli-bis-Sept.-2025.pdf
post:8974,attachment,doc00268420240910131618,Media / Document,review,Sanitize HTML into controlled blocks,https://www.gemeinde-merching.de/wp-content/uploads/2024/09/doc00268420240910131618.pdf
post:8971,post,Mikrozensus 2026 - Pressemitteilung,Article,high,Sanitize HTML into controlled blocks,https://www.gemeinde-merching.de/mikrozensus-2024-mitteilung-08-08-2024-50-000-buergerinnen-und-buerger-muessen-noch-bis-jahresende-mitmachen/
post:8962,wpdmpro,sachlicher Teilflächennutzungsplan Windkraft,Document,high,Sanitize HTML into controlled blocks,https://www.gemeinde-merching.de/download/sachlicher-teilflaechennutzungsplan-windkraft/
post:10112,attachment,Merchinger Advent Programm_25_bearbeitet_ Plakat Schule Merching F. Lubetzki,Media / Document,review,Sanitize HTML into controlled blocks,https://www.gemeinde-merching.de/wp-content/uploads/2025/11/Merchinger-Advent-Programm_25_bearbeitet_-Plakat-Schule-Merching-F.-Lubetzki.pdf
post:10167,attachment,Entwässerung - Beitrags- und Gebührensatzung zur Entwässerungssatzung ab 01.01.2026_NEU,Media / Document,review,Sanitize HTML into controlled blocks,https://www.gemeinde-merching.de/wp-content/uploads/2025/08/Entwaesserung-Beitrags-und-Gebuehrensatzung-zur-Entwaesserungssatzung-ab-01.01.2026_NEU.pdf
post:10816,attachment,Screenshot 2026-07-30 144027,Media / Document,review,Sanitize HTML into controlled blocks,https://www.gemeinde-merching.de/wp-content/uploads/2026/07/Screenshot-2026-07-30-144027.png
post:9230,wpdmpro,GSV - HH 0 Deckblatt 2026,BudgetPlan source component,review,Group by reviewed topic/year and numbered component order; never import 25 components as 25 standalone annual plans,https://www.gemeinde-merching.de/download/gsv-hh-deckblatt/
post:9247,wpdmpro,MSV - HH 7 Anlagen 2026,BudgetPlan source component,review,Group by reviewed topic/year and numbered component order; never import 25 components as 25 standalone annual plans,https://www.gemeinde-merching.de/download/msv-hh-7-anlagen-2026/
post:9235,wpdmpro,GSV - HH 2 Haushaltssatzung 2026,BudgetPlan source component,review,Group by reviewed topic/year and numbered component order; never import 25 components as 25 standalone annual plans,https://www.gemeinde-merching.de/download/gsv-hh-haushaltssatzung-2026/
post:10477,post,Balkonkraftwerk o. klassiche Photovoltaikanlage - Sonnenstrom für jeden Bedarf,Article,high,Sanitize HTML into controlled blocks,https://www.gemeinde-merching.de/balkonkraftwerk-o-klassiche-photovoltaikanlage-sonnenstrom-fuer-jeden-bedarf/
post:10478,attachment,Logo Solaroffensive,Media / Document,review,Sanitize HTML into controlled blocks,https://www.gemeinde-merching.de/wp-content/uploads/2026/04/Logo-Solaroffensive.png
post:8912,attachment,Fundanzeige 24-2024,Media / Document,review,Sanitize HTML into controlled blocks,https://www.gemeinde-merching.de/wp-content/uploads/2024/08/Fundanzeige-24-2024.pdf
post:10701,attachment,Plakatvorlage Sommerserenade 2026_Stand 26.05.26,Media / Document,review,Sanitize HTML into controlled blocks,https://www.gemeinde-merching.de/wp-content/uploads/2026/06/Plakatvorlage-Sommerserenade-2026_Stand-26.05.26.pdf
post:9046,attachment,Hebesatzsatzung_2025,Media / Document,review,Sanitize HTML into controlled blocks,https://www.gemeinde-merching.de/wp-content/uploads/2024/10/Hebesatzsatzung_2025.pdf
post:9458,attachment,Kauth-Yvonne-kl,Media / Document,review,Sanitize HTML into controlled blocks,https://www.gemeinde-merching.de/wp-content/uploads/2025/04/Kauth-Yvonne-kl.jpg
post:9288,attachment,Plakatierungsverordnung,Media / Document,review,Sanitize HTML into controlled blocks,https://www.gemeinde-merching.de/wp-content/uploads/2025/01/Plakatierungsverordnung.pdf
post:9291,attachment,015_2025_42_A_Mikrozensus,Media / Document,review,Sanitize HTML into controlled blocks,https://www.gemeinde-merching.de/wp-content/uploads/2025/01/015_2025_42_A_Mikrozensus.pdf
post:9307,wpdmpro,Gde - HH 0 Deckblatt 2026,BudgetPlan source component,review,Group by reviewed topic/year and numbered component order; never import 25 components as 25 standalone annual plans,https://www.gemeinde-merching.de/download/gde-hh-0-deckblatt-2026/
post:9308,wpdmpro,Gde - HH 1 Inhaltsverzeichnis 2026,BudgetPlan source component,review,Group by reviewed topic/year and numbered component order; never import 25 components as 25 standalone annual plans,https://www.gemeinde-merching.de/download/gde-hh-1-inhaltsverzeichnis/
post:9309,wpdmpro,Gde - HH 2 Haushaltssatzung 2026,BudgetPlan source component,review,Group by reviewed topic/year and numbered component order; never import 25 components as 25 standalone annual plans,https://www.gemeinde-merching.de/download/gde-hh-2-haushaltssatzung-2026/
post:9310,wpdmpro,Gde - HH 3 Vorbericht 2026,BudgetPlan source component,review,Group by reviewed topic/year and numbered component order; never import 25 components as 25 standalone annual plans,https://www.gemeinde-merching.de/download/gde-hh-3-vorbericht-2026/
post:9311,wpdmpro,Gde - HH 4 Darlehen 2026,BudgetPlan source component,review,Group by reviewed topic/year and numbered component order; never import 25 components as 25 standalone annual plans,https://www.gemeinde-merching.de/download/gde-hh-4-darlehen-2026/
post:9312,wpdmpro,Gde - HH 5 Kreditermächtigungen 2026,BudgetPlan source component,review,Group by reviewed topic/year and numbered component order; never import 25 components as 25 standalone annual plans,https://www.gemeinde-merching.de/download/gde-hh-5-kreditermaechtigungen-2026/
post:9313,wpdmpro,Gde - HH 6 Haushaltsplan mit Finanzplan 2026,BudgetPlan source component,review,Group by reviewed topic/year and numbered component order; never import 25 components as 25 standalone annual plans,https://www.gemeinde-merching.de/download/gde-hh-6-haushaltsplan-mit-finanzplan-2026/
post:9314,wpdmpro,Gde - HH 7 Stellenplan 2026,BudgetPlan source component,review,Group by reviewed topic/year and numbered component order; never import 25 components as 25 standalone annual plans,https://www.gemeinde-merching.de/download/gde-hh-7-stellenplan-2026/
post:9315,wpdmpro,Gde - HH 8 Anlagen 2026,BudgetPlan source component,review,Group by reviewed topic/year and numbered component order; never import 25 components as 25 standalone annual plans,https://www.gemeinde-merching.de/download/gde-hh-8-anlagen-2026/
post:9316,wpdmpro,Gde - HH 9 Finanzplan Vermögenshaushalt Detail 2026,BudgetPlan source component,review,Group by reviewed topic/year and numbered component order; never import 25 components as 25 standalone annual plans,https://www.gemeinde-merching.de/download/gde-hh-9-finanzplan-vermoegenshaushalt-detail-2026/
post:10804,attachment,Gemeindekurier Sommer 2026 f. Kurier,Media / Document,review,Sanitize HTML into controlled blocks,https://www.gemeinde-merching.de/wp-content/uploads/2026/07/Gemeindekurier-Sommer-2026-f.-Kurier.pdf
post:9418,attachment,Plakatierungsverordnung,Media / Document,review,Sanitize HTML into controlled blocks,https://www.gemeinde-merching.de/wp-content/uploads/2025/03/Plakatierungsverordnung.pdf
post:9349,attachment,Aushang,Media / Document,review,Sanitize HTML into controlled blocks,https://www.gemeinde-merching.de/wp-content/uploads/2025/02/Aushang.pdf
post:9353,attachment,Aushang Homepage,Media / Document,review,Sanitize HTML into controlled blocks,https://www.gemeinde-merching.de/wp-content/uploads/2025/02/Aushang-Homepage.pdf
post:9783,attachment,175_2025_42_A_Mikrozensus_Halbzeit,Media / Document,review,Sanitize HTML into controlled blocks,https://www.gemeinde-merching.de/wp-content/uploads/2025/07/175_2025_42_A_Mikrozensus_Halbzeit.pdf
post:9844,attachment,Informationsflyer Blaualgen am Mandichosee,Media / Document,review,Sanitize HTML into controlled blocks,https://www.gemeinde-merching.de/wp-content/uploads/2025/07/Informationsflyer_Mandichosee.pdf
post:9370,attachment,Bekanntm._ern_öff_Ausl_3_Änd_BPNr11_Kirchenfeld_20250228,Media / Document,review,Sanitize HTML into controlled blocks,https://www.gemeinde-merching.de/wp-content/uploads/2025/02/Bekanntm._ern_oeff_Ausl_3_Aend_BPNr11_Kirchenfeld_20250228.pdf
post:9372,attachment,B-Plan Nr. 11 Datenschutzinformationspflicht,Media / Document,review,Sanitize HTML into controlled blocks,https://www.gemeinde-merching.de/wp-content/uploads/2025/02/B-Plan-Nr.-11-Datenschutzinformationspflicht.pdf
post:9542,attachment,871b0a73-8034-47e4-80ac-ea20ad13f29e,Media / Document,review,Sanitize HTML into controlled blocks,https://www.gemeinde-merching.de/wp-content/uploads/2025/05/871b0a73-8034-47e4-80ac-ea20ad13f29e.jpg
post:9417,wpdmpro,Plakatierungsverordnung vom 14.12.2023,Document,high,Shortcode resolution,https://www.gemeinde-merching.de/download/plakatierungsverordnung-vom-14-12-2023/
post:9388,attachment,BekanntmachungRattenMai2025,Media / Document,review,Sanitize HTML into controlled blocks,https://www.gemeinde-merching.de/wp-content/uploads/2025/03/BekanntmachungRattenMai2025.pdf
post:9426,attachment,Broschüre_Tag der Vereine_01.06.2025,Media / Document,review,Sanitize HTML into controlled blocks,https://www.gemeinde-merching.de/wp-content/uploads/2025/03/Broschuere_Tag-der-Vereine_01.06.2025-1.pdf
post:9425,attachment,Broschüre_Tag der Vereine_01.06.2025,Media / Document,review,Sanitize HTML into controlled blocks,https://www.gemeinde-merching.de/wp-content/uploads/2025/03/Broschuere_Tag-der-Vereine_01.06.2025.pdf
post:9395,attachment,Artenschutz Relevanzprüfung 23-02-10,Media / Document,review,Sanitize HTML into controlled blocks,https://www.gemeinde-merching.de/wp-content/uploads/2025/03/Artenschutz-Relevanzpruefung-23-02-10.pdf
post:9397,attachment,Begründung_Entwurf_BP_Kirchenfeld_3_Änd_20250123,Media / Document,review,Sanitize HTML into controlled blocks,https://www.gemeinde-merching.de/wp-content/uploads/2025/03/Begruendung_Entwurf_BP_Kirchenfeld_3_Aend_20250123.pdf
post:9399,attachment,Planzeichnung_Entwurf_3_Änd_Kirchenfeld_2025-01-23,Media / Document,review,Sanitize HTML into controlled blocks,https://www.gemeinde-merching.de/wp-content/uploads/2025/03/Planzeichnung_Entwurf_3_Aend_Kirchenfeld_2025-01-23.pdf
post:9401,attachment,Textteil_Entwurf_BP_Kirchenfeld_3_Änd_20250123,Media / Document,review,Sanitize HTML into controlled blocks,https://www.gemeinde-merching.de/wp-content/uploads/2025/03/Textteil_Entwurf_BP_Kirchenfeld_3_Aend_20250123.pdf
post:9515,attachment,Bekanntmachung Kostensatzung,Media / Document,review,Sanitize HTML into controlled blocks,https://www.gemeinde-merching.de/wp-content/uploads/2025/05/Bekanntmachung-Kostensatzung-1.docx
post:9414,attachment,Aushang Homepage_2,Media / Document,review,Sanitize HTML into controlled blocks,https://www.gemeinde-merching.de/wp-content/uploads/2025/03/Aushang-Homepage_2.pdf
post:9508,post,Zensus 2022: Gesetz über den Schutz der Sonn- und Feiertage (Feiertagsgesetz) Mariä Himmelfahrt,Article,high,Sanitize HTML into controlled blocks,https://www.gemeinde-merching.de/zensus-2022-gesetz-ueber-den-schutz-der-sonn-und-feiertage-feiertagsgesetz-mariae-himmelfahrt/
post:9511,wpdmpro,Bekanntmachung Kostensatzung,Document,high,Shortcode resolution,https://www.gemeinde-merching.de/download/bekanntmachung-kostensatzung/
post:9512,attachment,Bekanntmachung Kostensatzung,Media / Document,review,Sanitize HTML into controlled blocks,https://www.gemeinde-merching.de/wp-content/uploads/2025/05/Bekanntmachung-Kostensatzung.docx
post:9513,post,Bekanntmachung Kostensatzung,Article,high,Sanitize HTML into controlled blocks,https://www.gemeinde-merching.de/bekanntmachung-kostensatzung/
post:9462,attachment,8_Änd_FNP_Steinach_Ost_Bekanntmachung_Genehmigung_20250403,Media / Document,review,Sanitize HTML into controlled blocks,https://www.gemeinde-merching.de/wp-content/uploads/2025/04/8_Aend_FNP_Steinach_Ost_Bekanntmachung_Genehmigung_20250403.pdf
post:9465,attachment,8_Änd_FNP_Steinach_Ost_zus_Erklärung_20250403,Media / Document,review,Sanitize HTML into controlled blocks,https://www.gemeinde-merching.de/wp-content/uploads/2025/04/8_Aend_FNP_Steinach_Ost_zus_Erklaerung_20250403.pdf
post:9469,attachment,8_Änd_FNP_Merching_Planzeichnung_Feststellung_2024-06-20,Media / Document,review,Sanitize HTML into controlled blocks,https://www.gemeinde-merching.de/wp-content/uploads/2025/04/8_Aend_FNP_Merching_Planzeichnung_Feststellung_2024-06-20.pdf
post:9656,attachment,Fundsache 15-2025,Media / Document,review,Sanitize HTML into controlled blocks,https://www.gemeinde-merching.de/wp-content/uploads/2025/06/Fundsache-15-2025.pdf
post:9471,attachment,8_Änd_FNP_Steinach_Ost_Begründung_20240620,Media / Document,review,Sanitize HTML into controlled blocks,https://www.gemeinde-merching.de/wp-content/uploads/2025/04/8_Aend_FNP_Steinach_Ost_Begruendung_20240620.pdf
post:9478,attachment,Gemeindekurier Ostern 2025 endgültig f. Homepage,Media / Document,review,Sanitize HTML into controlled blocks,https://www.gemeinde-merching.de/wp-content/uploads/2025/04/Gemeindekurier-Ostern-2025-endgueltig-f.-Homepage.pdf
post:9695,attachment,Antrag_Fahrkarte_2025_2026,Media / Document,review,Sanitize HTML into controlled blocks,https://www.gemeinde-merching.de/wp-content/uploads/2025/07/Antrag_Fahrkarte_2025_2026.pdf
post:9518,attachment,Bekanntmachung Kostensatzung,Media / Document,review,Sanitize HTML into controlled blocks,https://www.gemeinde-merching.de/wp-content/uploads/2025/05/Bekanntmachung-Kostensatzung.pdf
post:9521,attachment,BP35_Geruchsprognose_230714,Media / Document,review,Sanitize HTML into controlled blocks,https://www.gemeinde-merching.de/wp-content/uploads/2025/05/BP35_Geruchsprognose_230714.pdf
post:9523,attachment,BP35_Steinach_Ost_Begründung_20240620,Media / Document,review,Sanitize HTML into controlled blocks,https://www.gemeinde-merching.de/wp-content/uploads/2025/05/BP35_Steinach_Ost_Begruendung_20240620.pdf
post:9525,attachment,BP35_Steinach_Ost_Bekanntmachung_Satzungsbeschluss,Media / Document,review,Sanitize HTML into controlled blocks,https://www.gemeinde-merching.de/wp-content/uploads/2025/05/BP35_Steinach_Ost_Bekanntmachung_Satzungsbeschluss.pdf
post:9527,attachment,BP35_Steinach_Ost_Planzeichnung_2024-06-20,Media / Document,review,Sanitize HTML into controlled blocks,https://www.gemeinde-merching.de/wp-content/uploads/2025/05/BP35_Steinach_Ost_Planzeichnung_2024-06-20.pdf
post:9529,attachment,BP35_Steinach_Ost_Textteil_20240620,Media / Document,review,Sanitize HTML into controlled blocks,https://www.gemeinde-merching.de/wp-content/uploads/2025/05/BP35_Steinach_Ost_Textteil_20240620.pdf
post:9531,attachment,BP35_Steinach_Ost_Zusammenfassende_Erklärung,Media / Document,review,Sanitize HTML into controlled blocks,https://www.gemeinde-merching.de/wp-content/uploads/2025/05/BP35_Steinach_Ost_Zusammenfassende_Erklaerung.pdf
post:9545,attachment,a44955c3-7ddb-4b8d-ac70-5887973f301e,Media / Document,review,Sanitize HTML into controlled blocks,https://www.gemeinde-merching.de/wp-content/uploads/2025/05/a44955c3-7ddb-4b8d-ac70-5887973f301e.jpg
post:9548,attachment,Fundanzeige 12-2025,Media / Document,review,Sanitize HTML into controlled blocks,https://www.gemeinde-merching.de/wp-content/uploads/2025/05/Fundanzeige-12-2025.pdf
post:9549,attachment,Fundanzeige 13-2025,Media / Document,review,Sanitize HTML into controlled blocks,https://www.gemeinde-merching.de/wp-content/uploads/2025/05/Fundanzeige-13-2025.pdf
post:10803,wpdmpro,Gemeindekurier Sommer 2026,Document,high,Shortcode resolution,https://www.gemeinde-merching.de/download/gemeindekurier-sommer-2026/
post:9885,attachment,Gemeindekurier Sommer 2025-V1 PDF für Druckerei Richter,Media / Document,review,Sanitize HTML into controlled blocks,https://www.gemeinde-merching.de/wp-content/uploads/2025/07/Gemeindekurier-Sommer-2025-V1-PDF-fuer-Druckerei-Richter.pdf
post:9560,attachment,Fundanzeige 14 - 2025,Media / Document,review,Sanitize HTML into controlled blocks,https://www.gemeinde-merching.de/wp-content/uploads/2025/05/Fundanzeige-14-2025.pdf
post:10274,attachment,Merching-Ablauf-1,Media / Document,review,Sanitize HTML into controlled blocks,https://www.gemeinde-merching.de/wp-content/uploads/2015/08/Merching-Ablauf-1.jpg
post:9878,attachment,Geldbeutel-8821920_1280,Media / Document,review,Sanitize HTML into controlled blocks,https://www.gemeinde-merching.de/wp-content/uploads/2025/07/Geldbeutel-8821920_1280.png
post:9879,attachment,Smartphone-153650_1280 (3),Media / Document,review,Sanitize HTML into controlled blocks,https://www.gemeinde-merching.de/wp-content/uploads/2025/07/Smartphone-153650_1280-3.png
post:9880,attachment,Sonstige Fundsache-2747288_1280,Media / Document,review,Sanitize HTML into controlled blocks,https://www.gemeinde-merching.de/wp-content/uploads/2025/07/Sonstige-Fundsache-2747288_1280.png
post:9562,post,Neues aus dem Einwohnermeldeamt (Lichtbilder),Article,high,Sanitize HTML into controlled blocks,https://www.gemeinde-merching.de/neues-aus-dem-einwohnermeldeamt-lichtbilder/
post:10161,attachment,Gemeindekurier Weihnachten 2025 f. Homepage,Media / Document,review,Sanitize HTML into controlled blocks,https://www.gemeinde-merching.de/wp-content/uploads/2025/12/Gemeindekurier-Weihnachten-2025-f.-Homepage.pdf
post:9570,attachment,Mack-Petra,Media / Document,review,Sanitize HTML into controlled blocks,https://www.gemeinde-merching.de/wp-content/uploads/2025/05/Mack-Petra.jpg
post:9573,attachment,Huster-Christian,Media / Document,review,Sanitize HTML into controlled blocks,https://www.gemeinde-merching.de/wp-content/uploads/2025/05/Huster-Christian.jpg
post:9593,attachment,image0,Media / Document,review,Sanitize HTML into controlled blocks,https://www.gemeinde-merching.de/wp-content/uploads/2025/06/image0.jpeg
post:9595,attachment,image1,Media / Document,review,Sanitize HTML into controlled blocks,https://www.gemeinde-merching.de/wp-content/uploads/2025/06/image1.jpeg
post:9600,post,Spielplatz an der Paar mit Spielschiff u. gestifteten Bänken des Hühnerkomitees Merching wurde offiziell eröffnet,Article,high,Sanitize HTML into controlled blocks,https://www.gemeinde-merching.de/spielschiff-an-der-paar-u-gestiftete-baenke-des-huehnerkomitees-merching-wurden-offiziell-eroeffnet/
post:9603,attachment,T Spielschiff 15-05-2025,Media / Document,review,Sanitize HTML into controlled blocks,https://www.gemeinde-merching.de/wp-content/uploads/2025/06/Spielschiff-15-05-2025-1.jpg
post:9609,attachment,PDF Flyer Merchinger Ferienprogramm 2025,Media / Document,review,Sanitize HTML into controlled blocks,https://www.gemeinde-merching.de/wp-content/uploads/2025/06/PDF-Flyer-Merchinger-Ferienprogramm-2025.pdf
post:10471,attachment,1. Bürgermeister Helmut Luichtl,Media / Document,review,Sanitize HTML into controlled blocks,https://www.gemeinde-merching.de/wp-content/uploads/2026/04/Helmut-Luichtl-kl.jpg
post:10508,post,Pressemitteilung Landratsamt Aichach-Friedberg - Geflügelpest: Sperrzone aufgehoben,Article,high,Shortcode resolution,https://www.gemeinde-merching.de/pressemitteilung-landratsamt-aichach-friedberg-gefluegelpest-sperrzone-aufgehoben/
post:10509,attachment,20260413 AV Geflügelpest aufgehoben_LRA AIC-FDB f. Homepage u. Aushang,Media / Document,review,Sanitize HTML into controlled blocks,https://www.gemeinde-merching.de/wp-content/uploads/2026/04/20260413-AV-Gefluegelpest-aufgehoben_LRA-AIC-FDB-f.-Homepage-u.-Aushang.pdf
post:10793,wpdmpro,Bestattung - Gebührensatzung zur Satzung für öffentl. Bestattungseinrichtung (GBS/BES) der Gemeinde Merching ab 01.01.2027,Document,high,Shortcode resolution,https://www.gemeinde-merching.de/download/bestattung-gebuehrensatzung-zur-satzung-fuer-oeffentl-bestattungseinrichtung-gbs-bes-der-gemeinde-merching-ab-01-01-2027/
post:10315,attachment,Bekanntmachung Abschlussbericht Kommunale Wärmeplanung PDF,Media / Document,review,Sanitize HTML into controlled blocks,https://www.gemeinde-merching.de/wp-content/uploads/2026/01/Bekanntmachung-Abschlussbericht-Kommunale-Waermeplanung-PDF.pdf
post:10316,wpdmpro,Bekanntmachung Kommunale Wärmeplanung Merching,Document,high,Shortcode resolution,https://www.gemeinde-merching.de/download/bekanntmachung-kommunale-waermeplanung-merching/
post:10317,attachment,Bekanntmachung Abschlussbericht Kommunale Wärmeplanung PDF,Media / Document,review,Sanitize HTML into controlled blocks,https://www.gemeinde-merching.de/wp-content/uploads/2026/01/Bekanntmachung-Abschlussbericht-Kommunale-Waermeplanung-PDF-1.pdf
post:10326,wpdmpro,Pressemitteilung Mikrozensus 2026,Document,high,Shortcode resolution,https://www.gemeinde-merching.de/download/pressemitteilung-mikrozensus-2026/
post:10327,attachment,004_2026_42_A_Mikrozensus,Media / Document,review,Sanitize HTML into controlled blocks,https://www.gemeinde-merching.de/wp-content/uploads/2026/01/004_2026_42_A_Mikrozensus.pdf
post:10551,attachment,20260430_LRA beim Marktsonntag Mering,Media / Document,review,Sanitize HTML into controlled blocks,https://www.gemeinde-merching.de/wp-content/uploads/2026/05/20260430_LRA-beim-Marktsonntag-Mering.docx
post:10533,attachment,Verkündung des Wahlergebnisses OT Hochdorf,Media / Document,review,Sanitize HTML into controlled blocks,https://www.gemeinde-merching.de/wp-content/uploads/2026/04/Verkuendung-des-Wahlergebnisses-OT-Hochdorf.pdf
post:10377,attachment,Trinkwasserwerte f. Homepage vom Bauhof 26.02.26,Media / Document,review,Sanitize HTML into controlled blocks,https://www.gemeinde-merching.de/wp-content/uploads/2026/02/Trinkwasserwerte-f.-Homepage-vom-Bauhof-26.02.26.pdf
post:10385,attachment,Merchinger Ramadama 2026 PDF,Media / Document,review,Sanitize HTML into controlled blocks,https://www.gemeinde-merching.de/wp-content/uploads/2026/03/Merchinger-Ramadama-2026-PDF.pdf
post:10388,attachment,Modernisierungsbündnis 2026_vhs-Kurs Merching,Media / Document,review,Sanitize HTML into controlled blocks,https://www.gemeinde-merching.de/wp-content/uploads/2026/03/Modernisierungsbuendnis-2026_vhs-Kurs-Merching.pdf
post:10881,post,Fundsache,Article,high,Sanitize HTML into controlled blocks,https://www.gemeinde-merching.de/fundsache/
post:10772,wpdmpro,"Bekanntmachung Eröffnung Vergabeverfahren für Baugrundstücke, Baugebiet 34 ""Östlich der Nebelhornstraße""",Document,high,Shortcode resolution,https://www.gemeinde-merching.de/download/bekanntmachung-eroeffnung-vergabeverfahren-fuer-baugrundstuecke-baugebiet-34-oestlich-der-nebelhornstrasse/
post:10555,attachment,20260430_LRA beim Marktsonntag Mering,Media / Document,review,Sanitize HTML into controlled blocks,https://www.gemeinde-merching.de/wp-content/uploads/2026/05/20260430_LRA-beim-Marktsonntag-Mering.pdf
post:10394,attachment,20260226_PM_VHS Kurs Merching Gebäude,Media / Document,review,Sanitize HTML into controlled blocks,https://www.gemeinde-merching.de/wp-content/uploads/2026/03/20260226_PM_VHS-Kurs-Merching-Gebaeude.pdf
post:10399,post,Wasserrechtliches Planfeststellungsverfahren,Article,high,Sanitize HTML into controlled blocks,https://www.gemeinde-merching.de/wasserrechtliches-planfeststellungsverfahren/
post:10400,attachment,DEU_Augsburg_COA_1811.svg,Media / Document,review,Sanitize HTML into controlled blocks,https://www.gemeinde-merching.de/wp-content/uploads/2026/03/DEU_Augsburg_COA_1811.svg_.png
post:10402,attachment,DEU_Augsburg_COA_klein,Media / Document,review,Sanitize HTML into controlled blocks,https://www.gemeinde-merching.de/wp-content/uploads/2026/03/DEU_Augsburg_COA_klein.png
post:10406,attachment,Plakat Benefizkonzert 05.05.2026 in Merching,Media / Document,review,Sanitize HTML into controlled blocks,https://www.gemeinde-merching.de/wp-content/uploads/2026/03/Plakat-Benefizkonzert-05.05.2026-in-Merching.pdf
post:10407,attachment,Logo Ambulante Snipping Tool,Media / Document,review,Sanitize HTML into controlled blocks,https://www.gemeinde-merching.de/wp-content/uploads/2026/03/Logo-Ambulante-Snipping-Tool.jpg
post:10408,attachment,Logo Ambulante Snipping Tool,Media / Document,review,Sanitize HTML into controlled blocks,https://www.gemeinde-merching.de/wp-content/uploads/2026/03/Logo-Ambulante-Snipping-Tool-1.jpg
post:10418,post,Ergebnisse der Kommunalwahl 08.03.2026,Article,high,Sanitize HTML into controlled blocks,https://www.gemeinde-merching.de/ergebnisse-der-kommunalwahl-08-03-2026/
post:10432,post,Bekanntmachung des abschließenden Ergebnisses der Wahl des Gemeinderats am 08. März 2026,Article,high,Sanitize HTML into controlled blocks,https://www.gemeinde-merching.de/bekanntmachung-des-abschliessenden-ergebnisses-der-wahl-des-gemeinderats-am-08-maerz-2026/
post:10569,attachment,Bekanntmachung Vergabe von gemeindlichen Wohnbaugrundstücken,Media / Document,review,Sanitize HTML into controlled blocks,https://www.gemeinde-merching.de/wp-content/uploads/2026/05/Bekanntmachung-Vergabe-von-gemeindlichen-Wohnbaugrundstuecken.pdf
post:10454,attachment,Gemeindekurier Ostern 2026 f. Homepage,Media / Document,review,Sanitize HTML into controlled blocks,https://www.gemeinde-merching.de/wp-content/uploads/2026/03/Gemeindekurier-Ostern-2026-f.-Homepage.pdf
post:10455,wpdmpro,Ortssprecherwahl Steinach u. Hochdorf - Beilage Gemeindekurier zu Ostern f. die Ortsteile,Document,high,Shortcode resolution,https://www.gemeinde-merching.de/download/ortssprecherwahl-steinach-u-hochdorf-beilage-gemeindekurier-zu-ostern-f-die-ortsteile/
post:10456,attachment,Information Ortssprecherwahl Steinach u. Hochdorf_Beilage Kurier Ostern 2026 f. Hochdorf u. Steinach f. Homepage,Media / Document,review,Sanitize HTML into controlled blocks,https://www.gemeinde-merching.de/wp-content/uploads/2026/03/Information-Ortssprecherwahl-Steinach-u.-Hochdorf_Beilage-Kurier-Ostern-2026-f.-Hochdorf-u.-Steinach-f.-Homepage.pdf
post:10461,post,Bekanntmachung für den Erörterungstermin Licca Liber I,Article,high,Sanitize HTML into controlled blocks,https://www.gemeinde-merching.de/bekanntmachung-fuer-den-eroerterungstermin-licca-liber-i/
post:10463,wpdmpro,Bekanntmachung für den Erörterungstermin Licca Liber I,Document,high,Shortcode resolution,https://www.gemeinde-merching.de/download/bekanntmachung-fuer-den-eroerterungstermin-licca-liber-i/
post:10464,attachment,2026-03-02 Lili I EÖT Bekanntmachungstext,Media / Document,review,Sanitize HTML into controlled blocks,https://www.gemeinde-merching.de/wp-content/uploads/2026/03/2026-03-02-Lili-I-EOeT-Bekanntmachungstext.pdf
post:10773,attachment,Bekanntmachung Eröffnung Vergabeverfahren BG 34,Media / Document,review,Sanitize HTML into controlled blocks,https://www.gemeinde-merching.de/wp-content/uploads/2026/06/Bekanntmachung-Eroeffnung-Vergabeverfahren-BG-34.pdf
post:10485,post,Solaroffensive Wittelsbacher Land,Article,high,Shortcode resolution,https://www.gemeinde-merching.de/solaroffensive-wittelsbacher-land/
post:10486,attachment,2026031Anzeige Solaroffensive und Energieberatung 04_26 f. Homepage,Media / Document,review,Sanitize HTML into controlled blocks,https://www.gemeinde-merching.de/wp-content/uploads/2026/04/2026031Anzeige-Solaroffensive-und-Energieberatung-04_26-f.-Homepage.pdf
post:10521,post,Grundsteuer - Änderungen am Grundbesitz bis 30.04.2026 dem Finanzamt anzeigen,Article,high,Shortcode resolution,https://www.gemeinde-merching.de/aenderungen-am-grundbesitz-dem-finanzamt-anzeigen/
post:10498,attachment,Wahlbekanntmachung Homepage,Media / Document,review,Sanitize HTML into controlled blocks,https://www.gemeinde-merching.de/wp-content/uploads/2026/04/Wahlbekanntmachung-Homepage.pdf
post:10522,attachment,26-04-16 PM Anzeigepflicht Änderungen Grundbesitz.docx,Media / Document,review,Sanitize HTML into controlled blocks,https://www.gemeinde-merching.de/wp-content/uploads/2026/04/26-04-16-PM-Anzeigepflicht-Aenderungen-Grundbesitz.docx.pdf
post:10570,post,Bekanntmachung v. 12.05.2026 - Vergabe von gemeindlichen Wohnbaugrundstücken,Article,high,Shortcode resolution,https://www.gemeinde-merching.de/bekanntmachung-v-12-05-2026-vergabe-von-gemeindlichen-wohnbaugrundstuecken/
post:10791,attachment,Friedhofs- und Bestattungssatzung ab 01.01.2027 Homepage,Media / Document,review,Sanitize HTML into controlled blocks,https://www.gemeinde-merching.de/wp-content/uploads/2026/07/Friedhofs-und-Bestattungssatzung-ab-01.01.2027-Homepage.pdf
post:10580,attachment,Grabmann-klein,Media / Document,review,Sanitize HTML into controlled blocks,https://www.gemeinde-merching.de/wp-content/uploads/2026/05/Grabmann-klein.jpg
post:10581,attachment,Lang-klein,Media / Document,review,Sanitize HTML into controlled blocks,https://www.gemeinde-merching.de/wp-content/uploads/2026/05/Lang-klein.jpg
post:10588,attachment,Helmut-Luichtl-klein,Media / Document,review,Sanitize HTML into controlled blocks,https://www.gemeinde-merching.de/wp-content/uploads/2026/05/Helmut-Luichtl-klein.jpg
post:10656,attachment,Luichtl-Tobias-klein,Media / Document,review,Sanitize HTML into controlled blocks,https://www.gemeinde-merching.de/wp-content/uploads/2026/05/Luichtl-Tobias-klein.jpg
post:10597,attachment,Pressemitteilung LRA Wettbewerb_Wir für's Wittelsbacher Land,Media / Document,review,Sanitize HTML into controlled blocks,https://www.gemeinde-merching.de/wp-content/uploads/2026/05/Pressemitteilung-LRA-Wettbewerb_Wir-fuers-Wittelsbacher-Land.pdf
post:10605,attachment,Flyer SR 2026_AIC-FDB_klein,Media / Document,review,Sanitize HTML into controlled blocks,https://www.gemeinde-merching.de/wp-content/uploads/2026/05/Flyer-SR-2026_AIC-FDB_klein.pdf
post:10657,attachment,Ulrich-Kirstin-klein,Media / Document,review,Sanitize HTML into controlled blocks,https://www.gemeinde-merching.de/wp-content/uploads/2026/05/Ulrich-Kirstin-klein.jpg
post:10649,attachment,Mueller-Martin-klein,Media / Document,review,Sanitize HTML into controlled blocks,https://www.gemeinde-merching.de/wp-content/uploads/2026/05/Mueller-Martin-klein.jpg
post:10650,attachment,Uthe-Tina-klein,Media / Document,review,Sanitize HTML into controlled blocks,https://www.gemeinde-merching.de/wp-content/uploads/2026/05/Uthe-Tina-klein.jpg
post:10624,wpdmpro,Satzung zur Regelung von Fragen des örtlichen Gemeindeverfassungsrechts vom 19.05.2026,Document,high,Shortcode resolution,https://www.gemeinde-merching.de/download/satzung-zur-regelung-von-fragen-des-oertlichen-gemeindeverfassungsrechts/
post:10625,attachment,Satzung Gemeideverfassunsrechts Homepage,Media / Document,review,Sanitize HTML into controlled blocks,https://www.gemeinde-merching.de/wp-content/uploads/2026/05/Satzung-Gemeideverfassunsrechts-Homepage.pdf
post:10798,post,Gebührensatzung zur Friedhofs- und Bestattungssatzung ab 01.01.2027,Article,high,Sanitize HTML into controlled blocks,https://www.gemeinde-merching.de/gebuehrensatzung-zur-friedhofs-und-bestattungssatzung-ab-01-01-2027/
post:10839,attachment,Friedhofs- und Bestattungssatzung ab 01.01.2027 Homepage,Media / Document,review,Sanitize HTML into controlled blocks,https://www.gemeinde-merching.de/wp-content/uploads/2026/07/Friedhofs-und-Bestattungssatzung-ab-01.01.2027-Homepage-2.pdf
post:10630,attachment,Bekanntmachung_Satzung Gemeindeverfassungsrechts_Homepage,Media / Document,review,Sanitize HTML into controlled blocks,https://www.gemeinde-merching.de/wp-content/uploads/2026/05/Bekanntmachung_Satzung-Gemeindeverfassungsrechts_Homepage.pdf
post:10639,attachment,Dittebrand-Martin-klein,Media / Document,review,Sanitize HTML into controlled blocks,https://www.gemeinde-merching.de/wp-content/uploads/2026/05/Dittebrand-Martin-klein.jpg
post:10653,attachment,Mayr-Thomas-klein,Media / Document,review,Sanitize HTML into controlled blocks,https://www.gemeinde-merching.de/wp-content/uploads/2026/05/Mayr-Thomas-klein.jpg
post:10641,attachment,Schwarz-Thomas-klein,Media / Document,review,Sanitize HTML into controlled blocks,https://www.gemeinde-merching.de/wp-content/uploads/2026/05/Schwarz-Thomas-klein.jpg
post:10642,attachment,Teifelhart-Wolfgang-klein,Media / Document,review,Sanitize HTML into controlled blocks,https://www.gemeinde-merching.de/wp-content/uploads/2026/05/Teifelhart-Wolfgang-klein.jpg
post:10796,post,Friedhofs- und Bestattungssatzung ab 01.01.2027,Article,high,Sanitize HTML into controlled blocks,https://www.gemeinde-merching.de/friedhofs-und-bestattungssatzung-ab-01-01-2027/
post:10645,attachment,Bekanntmachung_Geschäftsordnung_Homepage,Media / Document,review,Sanitize HTML into controlled blocks,https://www.gemeinde-merching.de/wp-content/uploads/2026/05/Bekanntmachung_Geschaeftsordnung_Homepage.pdf
post:10794,attachment,Bestattungsgebührensatzung ab 01.01.2027 _Homepage,Media / Document,review,Sanitize HTML into controlled blocks,https://www.gemeinde-merching.de/wp-content/uploads/2026/07/Bestattungsgebuehrensatzung-ab-01.01.2027-_Homepage.pdf
post:10662,post,Pressemitteilung Finanzamt Augsburg Land - Erinnerung an Steuervorauszahlung,Article,high,Shortcode resolution,https://www.gemeinde-merching.de/pressemitteilung-finanzamt-augsburg-land-erinnerung-an-steuervorauszahlung/
post:10663,attachment,Kurzversion_Erinnerung an Steuervorauszahlung.docx,Media / Document,review,Sanitize HTML into controlled blocks,https://www.gemeinde-merching.de/wp-content/uploads/2026/05/Kurzversion_Erinnerung-an-Steuervorauszahlung.docx.pdf
post:10669,attachment,Kobarschik-Jochen-kl,Media / Document,review,Sanitize HTML into controlled blocks,https://www.gemeinde-merching.de/wp-content/uploads/2026/05/Kobarschik-Jochen-kl.jpg
post:10754,post,Einführung des Wassercents in Bayern,Article,high,Sanitize HTML into controlled blocks,https://www.gemeinde-merching.de/einfuehrung-des-wassercents-in-bayern/
post:10757,attachment,20260623_Tonnenleerung ab 5 Uhr wegen Hitze,Media / Document,review,Sanitize HTML into controlled blocks,https://www.gemeinde-merching.de/wp-content/uploads/2026/06/20260623_Tonnenleerung-ab-5-Uhr-wegen-Hitze.pdf
post:10677,attachment,logo-quadratisch,Media / Document,review,Sanitize HTML into controlled blocks,https://www.gemeinde-merching.de/wp-content/uploads/2026/05/logo-quadratisch.png
post:10845,attachment,20260825_Urlaub trotz Pflege,Media / Document,review,Sanitize HTML into controlled blocks,https://www.gemeinde-merching.de/wp-content/uploads/2026/08/20260825_Urlaub-trotz-Pflege.pdf
post:10848,post,Fachstelle f. pflegende Angehörige - Tageskurs für ehrenamtlich tätige Einzelperson am 27.10.2026 in Aichach,Article,high,Shortcode resolution,https://www.gemeinde-merching.de/fachstelle-f-pflegende-angehoerige-tageskurs-fuer-ehrenamtlich-taetige-einzelperson-am-27-10-2026-in-aichach/
post:10762,attachment,20260625_Badeseen_Beprobung LRA 25.06.2026,Media / Document,review,Sanitize HTML into controlled blocks,https://www.gemeinde-merching.de/wp-content/uploads/2026/06/20260625_Badeseen_Beprobung-LRA-25.06.2026.pdf
post:10681,attachment,logo-quadratisch,Media / Document,review,Sanitize HTML into controlled blocks,https://www.gemeinde-merching.de/wp-content/uploads/2026/05/logo-quadratisch-1.png
post:10683,wpdmpro,Geschäftsordnung ab Mai 2026,Document,high,Shortcode resolution,https://www.gemeinde-merching.de/download/geschaeftsordnung-ab-mai-2026/
post:10684,attachment,Geschaeftsordnung_Homepage_ab Mai_2026,Media / Document,review,Sanitize HTML into controlled blocks,https://www.gemeinde-merching.de/wp-content/uploads/2026/05/Geschaeftsordnung_Homepage_ab-Mai_2026-.pdf
post:10867,post,Pressemitteilung: Region wehrt sich gegen geplante Ausdünnung des Regionalverkehrs zwischen Augsburg und München,Article,high,Shortcode resolution,https://www.gemeinde-merching.de/pressemitteilung-region-wehrt-sich-gegen-geplante-ausduennung-des-regionalverkehrs-zwischen-augsburg-und-muenchen/
post:10844,post,Urlaub trotz Pflege,Article,high,Shortcode resolution,https://www.gemeinde-merching.de/urlaub-trotz-pflege/
post:10710,attachment,Juergens-Friedrich-kl,Media / Document,review,Sanitize HTML into controlled blocks,https://www.gemeinde-merching.de/wp-content/uploads/2026/06/Juergens-Friedrich-kl.jpg
post:10714,attachment,Bekanntmachung Schließung Rathaus 01.07. bis 03.07.2026,Media / Document,review,Sanitize HTML into controlled blocks,https://www.gemeinde-merching.de/wp-content/uploads/2026/06/Bekanntmachung-Schliessung-Rathaus-01.07.-bis-03.07.2026.pdf
post:10722,attachment,Waitzmann-Bernd-kl,Media / Document,review,Sanitize HTML into controlled blocks,https://www.gemeinde-merching.de/wp-content/uploads/2026/06/Waitzmann-Bernd-kl.jpg
post:10723,attachment,Scheibenbogen-Monika-kl,Media / Document,review,Sanitize HTML into controlled blocks,https://www.gemeinde-merching.de/wp-content/uploads/2026/06/Scheibenbogen-Monika-kl.jpg
post:10724,attachment,Eckmann-Christian-kl,Media / Document,review,Sanitize HTML into controlled blocks,https://www.gemeinde-merching.de/wp-content/uploads/2026/06/Eckmann-Christian-kl.jpg
post:10725,attachment,Wecker-Martin-kl,Media / Document,review,Sanitize HTML into controlled blocks,https://www.gemeinde-merching.de/wp-content/uploads/2026/06/Wecker-Martin-kl.jpg
post:10726,attachment,Failer-Christian-kl,Media / Document,review,Sanitize HTML into controlled blocks,https://www.gemeinde-merching.de/wp-content/uploads/2026/06/Failer-Christian-kl.jpg
post:10727,attachment,Storch-Markus-kl,Media / Document,review,Sanitize HTML into controlled blocks,https://www.gemeinde-merching.de/wp-content/uploads/2026/06/Storch-Markus-kl.jpg
post:10735,attachment,Bekanntmachung Verbandsversammlung-24.06.2026,Media / Document,review,Sanitize HTML into controlled blocks,https://www.gemeinde-merching.de/wp-content/uploads/2026/06/Bekanntmachung-Verbandsversammlung-24.06.2026.pdf
post:10931,post,"Unterstützung für Menschen mit Pfegebedarf - Tagesschulung zur ""Ehrenamtlich tätigen Einzelperson""",Article,high,Shortcode resolution,https://www.gemeinde-merching.de/unterstuetzung-fuer-menschen-mit-pfegebedarf-tagesschulung-zur-ehrenamtlich-taetigen-einzelperson/
post:10932,attachment,20260924_Tagesschulung Ehrenamtlich tätige Einzelperson,Media / Document,review,Sanitize HTML into controlled blocks,https://www.gemeinde-merching.de/wp-content/uploads/2026/10/20260924_Tagesschulung-Ehrenamtlich-taetige-Einzelperson.pdf
post:10737,wpdmpro,Bekanntmachung Einladung Verbandsversammlung Adelburggruppe 24.06.2026,Document,high,Shortcode resolution,https://www.gemeinde-merching.de/download/bekanntmachung-einladung-verbandsversammlung-adelburggruppe-24-06-2026/
post:10738,attachment,Bekanntmachung Verbandsversammlung-24.06.2026,Media / Document,review,Sanitize HTML into controlled blocks,https://www.gemeinde-merching.de/wp-content/uploads/2026/06/Bekanntmachung-Verbandsversammlung-24.06.2026-1.pdf
post:10785,wpdmpro,Bekanntmachung Friedhofs- und Bestattungssatzung ab 01.01.2027,Document,high,Shortcode resolution,https://www.gemeinde-merching.de/download/bekanntmachung-friedhofs-und-bestattungssatzung-ab-01-01-2027/
post:10741,wpdmpro,Rechtsverordnung über die Zulassung des Betriebs von Autowaschanlagen an Sonn- und Feiertagen,Document,high,Shortcode resolution,https://www.gemeinde-merching.de/download/rechtsverordnung-ueber-die-zulassung-des-betriebs-von-autowaschanlagen-an-sonn-und-feiertagen/
post:10742,attachment,Rechtsverordnung über die Zulassung des Betriebs von Autowaschanlagen an Sonn- und Feiertagen,Media / Document,review,Sanitize HTML into controlled blocks,https://www.gemeinde-merching.de/wp-content/uploads/2026/06/Rechtsverordnung-ueber-die-Zulassung-des-Betriebs-von-Autowaschanlagen-an-Sonn-und-Feiertagen.pdf
post:10849,attachment,Kurs ehrenamtlich tätige Einzelperson 27.10.2026 LRA_Flyer,Media / Document,review,Sanitize HTML into controlled blocks,https://www.gemeinde-merching.de/wp-content/uploads/2026/09/Kurs-ehrenamtlich-taetige-Einzelperson-27.10.2026-LRA_Flyer.pdf
post:10744,post,"Amtsblatt Landkreis Aichach-Friedberg 06/2026, Jahrgang 81",Article,high,Sanitize HTML into controlled blocks,https://www.gemeinde-merching.de/amtsblatt-landkreis-aichach-friedberg-06-2026-jahrgang-81/
post:10748,wpdmpro,Amtsblatt Landkreis Aichach-Friedberg vom 02.06.2026 m. Bekanntmachung Haushaltssatzung f.d. Haushalt 2026 des Zweckverband zur Wasserversorgung d. Adelburggruppe,Document,high,Shortcode resolution,https://www.gemeinde-merching.de/download/amtsblatt-landkreis-aichach-friedberg-vom-02-06-2026-m-bekanntmachung-haushaltssatzung-f-d-haushalt-2026-des-zweckverband-zur-wasserversorgung-d-adelburggruppe/
post:10749,attachment,Amtsblatt-06-2026Jahrg.-81-Nr.-06,Media / Document,review,Sanitize HTML into controlled blocks,https://www.gemeinde-merching.de/wp-content/uploads/2026/06/Amtsblatt-06-2026Jahrg.-81-Nr.-06.pdf
post:10808,post,Blaualgen Tychonema am Mandichosee,Article,high,Sanitize HTML into controlled blocks,https://www.gemeinde-merching.de/blaualgen-tychonema-am-mandichosee/
post:10928,post,E-Rechnung im Verein: Online-Seminar des Landratsamtes informiert über neue Anforderungen,Article,high,Shortcode resolution,https://www.gemeinde-merching.de/e-rechnung-im-verein-online-seminar-des-landratsamtes-informiert-ueber-neue-anforderungen/
post:10929,attachment,20260925_Vereinsforum E-Rechnung_Online Seminar LRA,Media / Document,review,Sanitize HTML into controlled blocks,https://www.gemeinde-merching.de/wp-content/uploads/2026/10/20260925_Vereinsforum-E-Rechnung_Online-Seminar-LRA.pdf
post:10940,post,DB InfraGO AG führt am 20.10.26 Bauarbeiten durch (Bf Kissing - Bf Augsburg Hbf u. Bf Mammendorf - Bf Mering),Article,high,Sanitize HTML into controlled blocks,https://www.gemeinde-merching.de/db-infrago-ag-fuehrt-am-20-10-26-bauarbeiten-durch-bf-kissing-bf-augsburg-hbf-u-bf-mammendorf-bf-mering/
post:10925,post,Fundsache,Article,high,Sanitize HTML into controlled blocks,https://www.gemeinde-merching.de/fundsache-2/
post:10826,post,"Fotowettbewerb ""Ein Herz für regionale Lebensmittel""",Article,high,Sanitize HTML into controlled blocks,https://www.gemeinde-merching.de/fotowettbewerb-ein-herz-fuer-regionale-lebensmittel/
post:10827,attachment,Sharepic_Ein Herz für regionale LM_1080x1920px,Media / Document,review,Sanitize HTML into controlled blocks,https://www.gemeinde-merching.de/wp-content/uploads/2026/08/Sharepic_Ein-Herz-fuer-regionale-LM_1080x1920px.jpg
post:10828,attachment,"Logo Amt f. Ernährung, Landwirtschaft und Forsten",Media / Document,review,Sanitize HTML into controlled blocks,https://www.gemeinde-merching.de/wp-content/uploads/2026/08/Logo-Amt-f.-Ernaehrung-Landwirtschaft-und-Forsten.jpg
post:10833,post,Neue Termine für kostenlose Rückgabe von Pflanzenschutz-Verpackungen - Entsorgungssystem PAMIRA,Article,high,Shortcode resolution,https://www.gemeinde-merching.de/neue-termine-fuer-kostenlose-rueckgabe-von-pflanzenschutz-verpackungen-entsorgungssystem-pamira/
post:10834,attachment,20260811_Pamira-Sammlung 2026,Media / Document,review,Sanitize HTML into controlled blocks,https://www.gemeinde-merching.de/wp-content/uploads/2026/08/20260811_Pamira-Sammlung-2026.pdf
post:10838,attachment,Friedhofs- und Bestattungssatzung ab 01.01.2027 Homepage,Media / Document,review,Sanitize HTML into controlled blocks,https://www.gemeinde-merching.de/wp-content/uploads/2026/07/Friedhofs-und-Bestattungssatzung-ab-01.01.2027-Homepage-1.pdf
post:10853,attachment,Plakat Tag der offenen Türen_Demenzwoche 2026,Media / Document,review,Sanitize HTML into controlled blocks,https://www.gemeinde-merching.de/wp-content/uploads/2026/09/Plakat-Tag-der-offenen-Tueren_Demenzwoche-2026.pdf
post:10855,attachment,"Logo Bayer. Staatsministerium f. Gesundheit, Pflege u. Prävention",Media / Document,review,Sanitize HTML into controlled blocks,https://www.gemeinde-merching.de/wp-content/uploads/2026/09/Logo-Bayer.-Staatsministerium-f.-Gesundheit-Pflege-u.-Praevention.png
post:10862,attachment,20260819 Badeseen Beprobung Tychonema,Media / Document,review,Sanitize HTML into controlled blocks,https://www.gemeinde-merching.de/wp-content/uploads/2026/09/20260819-Badeseen-Beprobung-Tychonema.pdf
post:10868,attachment,20260903_DB InfraGO Augsburg - München_Pressemitteilung LRA 09.2026,Media / Document,review,Sanitize HTML into controlled blocks,https://www.gemeinde-merching.de/wp-content/uploads/2026/09/20260903_DB-InfraGO-Augsburg-Muenchen_Pressemitteilung-LRA-09.2026.pdf
post:10870,wpdmpro,Bodenrichtwerte ab 01.01.2026 für Merching,Document,high,Shortcode resolution,https://www.gemeinde-merching.de/download/bodenrichtwerte-ab-01-01-2026-fuer-merching/
post:10871,attachment,Merching Bodenrichtwerte 2026,Media / Document,review,Sanitize HTML into controlled blocks,https://www.gemeinde-merching.de/wp-content/uploads/2026/09/Merching-Bodenrichtwerte-2026.pdf
post:10872,wpdmpro,Bodenrichtwerte ab 01.01.2026 für Steinach und Hochdorf,Document,high,Shortcode resolution,https://www.gemeinde-merching.de/download/bodenrichtwerte-ab-01-01-2026-fuer-steinach-und-hochdorf/
post:10873,attachment,Steinach + Hochdorf Bodenrichtwerte 2026,Media / Document,review,Sanitize HTML into controlled blocks,https://www.gemeinde-merching.de/wp-content/uploads/2026/09/Steinach-Hochdorf-Bodenrichtwerte-2026.pdf
post:10874,wpdmpro,Bodenrichtwerte f. landwirtschaftliche Flächen ab 01.01.2026,Document,high,Shortcode resolution,https://www.gemeinde-merching.de/download/bodenrichtwerte-f-landwirtschaftliche-flaechen-ab-01-01-2026/
post:10875,attachment,landwirtschaftliche Flächen Bodenrichtwerte 2026,Media / Document,review,Sanitize HTML into controlled blocks,https://www.gemeinde-merching.de/wp-content/uploads/2026/09/landwirtschaftliche-Flaechen-Bodenrichtwerte-2026.pdf
post:10876,post,Bodenrichtwerte ab 01.01.2026,Article,high,Sanitize HTML into controlled blocks,https://www.gemeinde-merching.de/bodenrichtwerte-ab-01-01-2026/
post:10885,attachment,20260908_Warntag,Media / Document,review,Sanitize HTML into controlled blocks,https://www.gemeinde-merching.de/wp-content/uploads/2026/09/20260908_Warntag.pdf
post:10887,post,Pressemitteilung Landratsamt Aichach-Friedberg: Tychonema in mehreren Badeseen nachgewiesen,Article,high,Shortcode resolution,https://www.gemeinde-merching.de/pressemitteilung-landratsamt-aichach-friedberg-tychonema-in-mehreren-badeseen-nachgewiesen/
post:10888,attachment,20260909_Badeseenbeprobung,Media / Document,review,Sanitize HTML into controlled blocks,https://www.gemeinde-merching.de/wp-content/uploads/2026/09/20260909_Badeseenbeprobung.pdf
post:10890,post,Suizidprävention - Pressemitteilung Landratsamt Aichach-Friedberg,Article,high,Sanitize HTML into controlled blocks,https://www.gemeinde-merching.de/suizidpraevention-pressemitteilung-landratsamt-aichach-friedberg/
post:10891,attachment,20260910_Welttag Suizidprävention,Media / Document,review,Sanitize HTML into controlled blocks,https://www.gemeinde-merching.de/wp-content/uploads/2026/09/20260910_Welttag-Suizidpraevention.docx
post:10896,post,Pressemitteilung Landratsamt Aichach-Friedberg: Blaualgen im Uferbereich des Auensees bei Kissing,Article,high,Shortcode resolution,https://www.gemeinde-merching.de/pressemitteilung-landratsamt-aichach-friedberg-blaualgen-im-uferbereich-des-auensees-bei-kissing/
post:10897,attachment,20260915_Blaualgen Auensee Kissing (003),Media / Document,review,Sanitize HTML into controlled blocks,https://www.gemeinde-merching.de/wp-content/uploads/2026/09/20260915_Blaualgen-Auensee-Kissing-003.pdf
post:10900,attachment,PRESSEMITTEILUNG Nachhaltigkeitstag 18.09.2026 Infos über das Programm,Media / Document,review,Sanitize HTML into controlled blocks,https://www.gemeinde-merching.de/wp-content/uploads/2026/09/PRESSEMITTEILUNG-Nachhaltigkeitstag-18.09.2026-Infos-ueber-das-Programm.pdf
post:10904,attachment,3. PM triathlon.de CUP Königsbrunn - Sperrungen & Anwohnerinformationen,Media / Document,review,Sanitize HTML into controlled blocks,https://www.gemeinde-merching.de/wp-content/uploads/2026/09/3.-PM-triathlon.de-CUP-Koenigsbrunn-Sperrungen-Anwohnerinformationen.pdf
post:10906,attachment,TRICUP_KOEB_Flyer_Anwohner_2026-08-21,Media / Document,review,Sanitize HTML into controlled blocks,https://www.gemeinde-merching.de/wp-content/uploads/2026/09/TRICUP_KOEB_Flyer_Anwohner_2026-08-21.pdf
post:10909,attachment,Triathlon,Media / Document,review,Sanitize HTML into controlled blocks,https://www.gemeinde-merching.de/wp-content/uploads/2026/09/Triathlon.png
post:10914,post,Fundfahrrad,Article,high,Sanitize HTML into controlled blocks,https://www.gemeinde-merching.de/fundfahrrad/
post:10917,post,Übernahme Papiertonne v. REMONDIS durch den Landkreis - Erfassung der Tonnen in Merching ab 19.10.2026,Article,high,Shortcode resolution,https://www.gemeinde-merching.de/10917-2/
post:10918,attachment,20260915_Übernahme Papiertonne durch den Landkreis_Pressemitteilung LRA,Media / Document,review,Sanitize HTML into controlled blocks,https://www.gemeinde-merching.de/wp-content/uploads/2026/09/20260915_Uebernahme-Papiertonne-durch-den-Landkreis_Pressemitteilung-LRA.pdf
post:10938,post,Vollsperrung der Steinacher Straße 07.10.2026 - 31.10.2026,Article,high,Sanitize HTML into controlled blocks,https://www.gemeinde-merching.de/vollsperrung-der-steinacher-strasse-07-10-2026-31-10-2026/
post:10942,post,DB InfraGO AG führt am 13.10. u. 14.10.26 Bauarbeiten durch (Bf Mering - Bf Egling),Article,high,Sanitize HTML into controlled blocks,https://www.gemeinde-merching.de/db-infrago-ag-fuehrt-am-13-10-u-14-10-26-bauarbeiten-durch-bf-mering-bf-egling/
post:10944,post,Workshop Freiwilligenagentur: Wie gewinnen wir neue Freiwillige? Alle im Blick - Ehrenamt neu gestalten,Article,high,Shortcode resolution,https://www.gemeinde-merching.de/workshop-freiwilligenagentur-wie-gewinnen-wir-neue-freiwillige-alle-im-blick-ehrenamt-neu-gestalten/
post:10945,attachment,20260918_Workshop_Alle im Blick Ehrenamt neu gestalten,Media / Document,review,Sanitize HTML into controlled blocks,https://www.gemeinde-merching.de/wp-content/uploads/2026/10/20260918_Workshop_Alle-im-Blick-Ehrenamt-neu-gestalten.pdf
post:10947,post,Veranstaltung Landratsamt Aichach-Friedberg: Ratschen über Photovoltaik - SolarTreffs in verschiedenen Gemeinden,Article,high,Shortcode resolution,https://www.gemeinde-merching.de/veranstaltung-landratsamt-aichach-friedberg-ratschen-ueber-photovoltaik-solartreffs-in-verschiedenen-gemeinden/
post:10948,attachment,20260928_Vorlage PM_mehrere SolarTreffs,Media / Document,review,Sanitize HTML into controlled blocks,https://www.gemeinde-merching.de/wp-content/uploads/2026/10/20260928_Vorlage-PM_mehrere-SolarTreffs.pdf
post:10952,post,Vollsperrung Bahnübergang zwischen Brunnen und St. 2052 im Zeitraum vom 13.10.2026 - 15.10.2026,Article,high,Sanitize HTML into controlled blocks,https://www.gemeinde-merching.de/vollsperrung-bahnuebergang-zwischen-brunnen-und-st-2052-im-zeitraum-vom-13-10-2026-15-10-2026/
