source_id,title,path,source_url,mime,exists_in_backup,bytes,sha256,parent_id,metadata_present,accessibility,width,height,unscaled_original_path,unscaled_original_exists,alt_present,linked_parent_status,public_exposure
6877,cropped-Wappen-alternativ.png,wp-content/uploads/2020/06/cropped-Wappen-alternativ.png,https://www.gemeinde-merching.de/wp-content/uploads/2020/06/cropped-Wappen-alternativ.png,image/png,True,26050,1d33913b8e72c2e247dd8343a4eebf54616e1e69fc155008341cf0a440fdbdd7,0,True,not verified,138,128,,,True,,candidate only; verify public references/parent before publishing
88,Kirche Merching,wp-content/uploads/2012/06/kirche_merching.jpg,https://www.gemeinde-merching.de/wp-content/uploads/2012/06/kirche_merching.jpg,image/jpeg,True,153029,c0c1236721dd822568b81f1a38ab5be46357d537bf98b5c70e62bebdd823f300,0,True,not verified,450,329,,,True,,candidate only; verify public references/parent before publishing
129,Freizeit am Mandichosee,wp-content/uploads/2012/06/freizeit-am-mandichosee.jpg,https://www.gemeinde-merching.de/wp-content/uploads/2012/06/freizeit-am-mandichosee.jpg,image/jpeg,True,73553,ba102a459d9b7100a1ca955282e1ff4577393c87b6e2d8d3a25e9b0cdc7f6e14,14,True,not verified,740,401,,,True,publish,candidate only; verify public references/parent before publishing
131,Freizeit am Mandichosee,wp-content/uploads/2012/06/freizeit-am-mandichosee-2.jpg,https://www.gemeinde-merching.de/wp-content/uploads/2012/06/freizeit-am-mandichosee-2.jpg,image/jpeg,True,67809,c323ce63b5955eb00e30ddd8df37e149d42a901e447dd1522508dbd105e144bb,14,True,not verified,250,755,,,True,publish,candidate only; verify public references/parent before publishing
178,Wappen freigestellt,wp-content/uploads/2012/06/Wappen-Merching_k.gif,https://www.gemeinde-merching.de/wp-content/uploads/2012/06/Wappen-Merching_k.gif,image/gif,True,6800,93eee077e9ccbe406b561b11ebb2d96ecff371a997b7b1e1a39c90e07eb40acb,51,True,not verified,143,150,,,True,publish,candidate only; verify public references/parent before publishing
280,Das Rathaus in Merching,wp-content/uploads/2012/06/rathaus.jpg,https://www.gemeinde-merching.de/wp-content/uploads/2012/06/rathaus.jpg,image/jpeg,True,47086,7db358beb90b4505e0744d496821034e681998dab2fdebc4caca9e1c3c23f723,6,True,not verified,450,327,,,True,publish,candidate only; verify public references/parent before publishing
311,Ausweisportal,wp-content/uploads/2012/07/Kopfbild-Startseite.jpg,https://www.gemeinde-merching.de/wp-content/uploads/2012/07/Kopfbild-Startseite.jpg,image/jpeg,True,52635,52b9e86ddaaec8360b8e95260146a8bfac259de2a3ae629a8a2a449e3b8b1329,310,True,not verified,500,200,,,True,publish,candidate only; verify public references/parent before publishing
336,Ortsrecht der Gemeinde Merching,wp-content/uploads/2012/07/satzungen.jpg,https://www.gemeinde-merching.de/wp-content/uploads/2012/07/satzungen.jpg,image/jpeg,True,12667,e9375e77d649d2758b6a8670c32a5accd38c89b44250ef3e2d368c9056966e1b,227,True,not verified,498,121,,,True,publish,candidate only; verify public references/parent before publishing
345,BayernViewer des Landesamtes für Vermessung und Geoinformation,wp-content/uploads/2012/07/bayernviewer.jpg,https://www.gemeinde-merching.de/wp-content/uploads/2012/07/bayernviewer.jpg,image/jpeg,True,128196,fe923030e254e8f0a44af2f6cc6cd67182d3894e7d11ae1530349984305198d1,344,True,not verified,660,505,,,True,publish,candidate only; verify public references/parent before publishing
354,Gemeindekurier Merching,wp-content/uploads/2012/07/gemeindekurier.jpg,https://www.gemeinde-merching.de/wp-content/uploads/2012/07/gemeindekurier.jpg,image/jpeg,True,14899,bf3983a16fa2c5bdd1eb2da0315bab88c7fe6b58aa788bff809122268898635f,353,True,not verified,500,114,,,True,publish,candidate only; verify public references/parent before publishing
376,Rathaus der Gemeinde Merching,wp-content/uploads/2012/06/Rathaus_front.jpg,https://www.gemeinde-merching.de/wp-content/uploads/2012/06/Rathaus_front.jpg,image/jpeg,True,30368,9b3ef8f2e22a543f71e2604483a8e7053c5b4e38910716bd2fe024567e2a1392,51,True,not verified,750,172,,,True,publish,candidate only; verify public references/parent before publishing
396,Ortsrecht Gemeinde Merching,wp-content/uploads/2012/07/ortsrecht.jpg,https://www.gemeinde-merching.de/wp-content/uploads/2012/07/ortsrecht.jpg,image/jpeg,True,12473,ee9dc0d348d7ff1de29bfe497c85c592e915889a4990b6b46f201e638dc161a7,227,True,not verified,500,114,,,True,publish,candidate only; verify public references/parent before publishing
406,logo_raiba,wp-content/uploads/2012/07/logo_raiba.jpg,https://www.gemeinde-merching.de/wp-content/uploads/2012/07/logo_raiba.jpg,image/jpeg,True,9197,dba2f5faf053d9e496425f64c196bfdec5f48402ea6fe4cb787a962153293cd3,400,True,not verified,300,74,,,False,pending,candidate only; verify public references/parent before publishing
407,logo_sska,wp-content/uploads/2012/07/logo_sska.jpg,https://www.gemeinde-merching.de/wp-content/uploads/2012/07/logo_sska.jpg,image/jpeg,True,7819,84f17ea6b220d201aaacd8de2aa5d7bb196cac1bb8b853b9302b5de1d4aa4ad7,400,True,not verified,300,127,,,False,pending,candidate only; verify public references/parent before publishing
427,Lage von Merching,wp-content/uploads/2012/06/lage.jpg,https://www.gemeinde-merching.de/wp-content/uploads/2012/06/lage.jpg,image/jpeg,True,7888,57850e1c66449a33136cf0b1a2ee564ee42c2b182427e00041da5c36d2096a9a,12,True,not verified,200,150,,,True,publish,candidate only; verify public references/parent before publishing
449,Gewerbepark Am Lerchenberg - Gemeinde Merching,wp-content/uploads/2012/07/logo_blau_frei.gif,https://www.gemeinde-merching.de/wp-content/uploads/2012/07/logo_blau_frei.gif,image/gif,True,3641,5ff94170a6bcd9bb5be3bb9c1489885a30bbbc4e50d8220566aff1820a7746d9,229,True,not verified,443,63,,,True,private,candidate only; verify public references/parent before publishing
451,Gewerbepark Am Lerchenberg - Gemeinde Merching,wp-content/uploads/2012/07/simulation.jpg,https://www.gemeinde-merching.de/wp-content/uploads/2012/07/simulation.jpg,image/jpeg,True,29537,7fce8d33db1da7835737b62ecb4eed8f521b360d64bcccfbdea14e3acae960ac,229,True,not verified,450,291,,,True,private,candidate only; verify public references/parent before publishing
9958,Logo Merchinger Advent,wp-content/uploads/2025/09/Logo-Advent-e1763638592743.jpg,https://www.gemeinde-merching.de/wp-content/uploads/2025/09/Logo-Advent-e1763638592743.jpg,image/jpeg,True,27777,38fa6ee0afc4ea3ae492fad74b9b69f16d64077fcd1dd37814c88b0a13b14bb6,0,True,not verified,100,108,,,False,,candidate only; verify public references/parent before publishing
9959,Advent-2010-neu,wp-content/uploads/2025/09/Merchinger-Advent-Logo.jpg,https://www.gemeinde-merching.de/wp-content/uploads/2025/09/Merchinger-Advent-Logo.jpg,image/jpeg,True,208174,914ecfe604b9bb4792707e856c214cd88530f4b82bc3be5126fed6adbe852d26,0,True,not verified,1100,1190,,,False,,candidate only; verify public references/parent before publishing
553,Rathaus Merching,wp-content/uploads/2012/06/rathaus-merching4.jpg,https://www.gemeinde-merching.de/wp-content/uploads/2012/06/rathaus-merching4.jpg,image/jpeg,True,218530,8844353923d99c0e668a90d9e1b78db0928da5d495515611a7530384b129f91b,51,True,not verified,600,400,,,True,publish,candidate only; verify public references/parent before publishing
9964,1. JUP-Kongress 11-2025,wp-content/uploads/2025/09/1.-JUP-Kongress-11-2025.pdf,https://www.gemeinde-merching.de/wp-content/uploads/2025/09/1.-JUP-Kongress-11-2025.pdf,application/pdf,True,383826,eb32c072b2abf0de88432a5beb296c865e8433f9d08a80a2471ac806329d05b1,0,True,not verified,,,,,False,,candidate only; verify public references/parent before publishing
718,Schule Merching,wp-content/uploads/2012/07/schule-merching.jpg,https://www.gemeinde-merching.de/wp-content/uploads/2012/07/schule-merching.jpg,image/jpeg,True,163440,4e8996bcfceea4e8bdee707edaa80ade37a3b4051bbdcc6258a97a6f0dcddd74,251,True,not verified,600,400,,,True,publish,candidate only; verify public references/parent before publishing
719,Feuerwehrhaus Merching,wp-content/uploads/2012/07/feuerwehrhaus-merching.jpg,https://www.gemeinde-merching.de/wp-content/uploads/2012/07/feuerwehrhaus-merching.jpg,image/jpeg,True,85701,81b862f1fc5d8f0d4ae49e9f7a0bde3bca18e75e7d42a29ea0e3101a5a4bce85,251,True,not verified,600,450,,,True,publish,candidate only; verify public references/parent before publishing
720,Mandichosee,wp-content/uploads/2012/07/mandicho-stausee_2.jpg,https://www.gemeinde-merching.de/wp-content/uploads/2012/07/mandicho-stausee_2.jpg,image/jpeg,True,209026,52f2ad70fb00b001ddd3489302d866ac6beb4178f5133fabaa2fbe4aee65cdd5,251,True,not verified,600,400,,,True,publish,candidate only; verify public references/parent before publishing
727,Rathaus Merching,wp-content/uploads/2012/06/rathaus-merching2.jpg,https://www.gemeinde-merching.de/wp-content/uploads/2012/06/rathaus-merching2.jpg,image/jpeg,True,72649,3537e11a1db4ae4200b32297950d55a9dac6a8e2606b6a2a420c364152228ad5,8,True,not verified,300,539,,,True,publish,candidate only; verify public references/parent before publishing
734,Maibaum,wp-content/uploads/2012/06/maibaum.jpg,https://www.gemeinde-merching.de/wp-content/uploads/2012/06/maibaum.jpg,image/jpeg,True,32550,d5aa2333eb7c2630beb81b6ef0a657201736c56311b42fd8291ddd4acc29bc60,8,True,not verified,212,513,,,True,publish,candidate only; verify public references/parent before publishing
736,Felder am Ortsrand von Merching,wp-content/uploads/2012/06/felder-am-ortsrand.jpg,https://www.gemeinde-merching.de/wp-content/uploads/2012/06/felder-am-ortsrand.jpg,image/jpeg,True,228601,692afa32b3e4bd4ca9f657ef75ac5f916ca1c59d51e27cf0672f663fe1a230a0,6,True,not verified,600,400,,,True,publish,candidate only; verify public references/parent before publishing
761,Fahrzeug der freiwilligen Feuerwehr Merching,wp-content/uploads/2012/07/feuerwehrauto-merching.jpg,https://www.gemeinde-merching.de/wp-content/uploads/2012/07/feuerwehrauto-merching.jpg,image/jpeg,True,49637,1e222f45e423ebd187e877cb7ca62bf1b320efe9cff1485fa433a02ac1c70270,251,True,not verified,600,400,,,True,publish,candidate only; verify public references/parent before publishing
989,Dokumentation für die Wordpress Bedienung für Autoren und Redakteure,wp-content/uploads/2012/09/wp-33-autoren-redakteure.pdf,https://www.gemeinde-merching.de/wp-content/uploads/2012/09/wp-33-autoren-redakteure.pdf,application/pdf,True,995189,ca2046025a69115689e720a6a952f929cafc33bf7d5083d2e3a7a16f79e6f25a,821,True,not verified,,,,,False,publish,candidate only; verify public references/parent before publishing
995,slideshow,wp-content/uploads/2012/08/slideshow.jpg,https://www.gemeinde-merching.de/wp-content/uploads/2012/08/slideshow.jpg,image/jpeg,True,4559,365755f028d496118d828ebfe7ae2e43d50590eb920a8852fe1dc7b78ef0736a,834,True,not verified,106,24,,,False,publish,candidate only; verify public references/parent before publishing
1002,link-kategorien,wp-content/uploads/2012/08/link-kateorien.jpg,https://www.gemeinde-merching.de/wp-content/uploads/2012/08/link-kateorien.jpg,image/jpeg,True,287566,c4d667c079151ba43e6ac20400757624749f4832cc8ea797371279c5391c3b39,831,True,not verified,957,651,,,True,publish,candidate only; verify public references/parent before publishing
1003,link-kategorien,wp-content/uploads/2012/08/link-kateorien1.jpg,https://www.gemeinde-merching.de/wp-content/uploads/2012/08/link-kateorien1.jpg,image/jpeg,True,287566,c4d667c079151ba43e6ac20400757624749f4832cc8ea797371279c5391c3b39,831,True,not verified,957,651,,,True,publish,candidate only; verify public references/parent before publishing
1007,Artikelkategorien,wp-content/uploads/2012/08/artikel-kategorien.jpg,https://www.gemeinde-merching.de/wp-content/uploads/2012/08/artikel-kategorien.jpg,image/jpeg,True,141062,c856df1a8b94073d48ee731c8107f11aefd7810b64f700c57803537028563ee2,829,True,not verified,774,473,,,True,publish,candidate only; verify public references/parent before publishing
1011,Liste der Tabellen,wp-content/uploads/2012/08/tabellen.jpg,https://www.gemeinde-merching.de/wp-content/uploads/2012/08/tabellen.jpg,image/jpeg,True,100536,a59e0d5597faca6e03b06723459529fcc5abe92ec70c4200bbdd2bc48f01dfd1,836,True,not verified,1088,272,,,True,draft,candidate only; verify public references/parent before publishing
1012,Liste der Tabellen,wp-content/uploads/2012/08/tabellen1.jpg,https://www.gemeinde-merching.de/wp-content/uploads/2012/08/tabellen1.jpg,image/jpeg,True,100536,a59e0d5597faca6e03b06723459529fcc5abe92ec70c4200bbdd2bc48f01dfd1,836,True,not verified,1088,272,,,True,draft,candidate only; verify public references/parent before publishing
1014,Filebase Kategorien,wp-content/uploads/2012/09/filebase.jpg,https://www.gemeinde-merching.de/wp-content/uploads/2012/09/filebase.jpg,image/jpeg,True,223427,fd7c8859daf206fd5e6eac003f3b7c610f75238936bf3d1648089ae8962c0cd6,951,True,not verified,1205,411,,,True,publish,candidate only; verify public references/parent before publishing
1077,Urnenstelen,wp-content/uploads/2012/10/Merching-FC-1_Nach.jpg,https://www.gemeinde-merching.de/wp-content/uploads/2012/10/Merching-FC-1_Nach.jpg,image/jpeg,True,310032,fa3229ea8bea5aa611564ddb1a1933e8d32b8d0001a251fb49830864c71b3aec,0,True,not verified,1024,768,,,True,,candidate only; verify public references/parent before publishing
1081,BayernAtlas,wp-content/uploads/2012/07/BayernAtlas.jpg,https://www.gemeinde-merching.de/wp-content/uploads/2012/07/BayernAtlas.jpg,image/jpeg,True,919182,dedbae87ccaacff1ac003d2db52a261d88c4267b7556731ad02aa94deb32242b,344,True,not verified,1680,906,,,True,publish,candidate only; verify public references/parent before publishing
1191,Screenshot: Unsere neue Homepage ist Online,wp-content/uploads/2012/10/www_gemeinde-merching_de_ueber-merching_bildergalerie-merching.jpg,https://www.gemeinde-merching.de/wp-content/uploads/2012/10/www_gemeinde-merching_de_ueber-merching_bildergalerie-merching.jpg,image/jpeg,True,112948,41eace952aff3fc2fd1be5905f231227a706ddc62d90f32efe0d224d28927b8f,0,True,not verified,1106,926,,,True,,candidate only; verify public references/parent before publishing
1247,Merchinger Advent 2011 005,wp-content/uploads/2012/11/Merchinger-Advent-2011-005.jpg,https://www.gemeinde-merching.de/wp-content/uploads/2012/11/Merchinger-Advent-2011-005.jpg,image/jpeg,True,1618702,9774f6a29f86c4d469fa3527dd0fe798ff0e6ca6bfa975fda51dc0e7fd594ec1,0,True,not verified,1536,2048,,,False,,candidate only; verify public references/parent before publishing
9980,Unternehmenssatzung für das Kommunalunternehmen Merching vom 16.09.2025,wp-content/uploads/2025/09/Unternehmenssatzung-fuer-das-Kommunalunternehmen-Merching-vom-16.09.2025.pdf,https://www.gemeinde-merching.de/wp-content/uploads/2025/09/Unternehmenssatzung-fuer-das-Kommunalunternehmen-Merching-vom-16.09.2025.pdf,application/pdf,True,270903,a78cf90d46ef64e91693d5e63e3e895196a623cab7162ec49996bc45d111bd00,9978,True,not verified,,,,,False,publish,candidate only; verify public references/parent before publishing
10253,BP_Nr34_Östl._der_Nebelhornstraße_1Änd_Textteil_m_VV_20251211,wp-content/uploads/2026/01/BP_Nr34_Oestl._der_Nebelhornstrasse_1Aend_Textteil_m_VV_20251211.pdf,https://www.gemeinde-merching.de/wp-content/uploads/2026/01/BP_Nr34_Oestl._der_Nebelhornstrasse_1Aend_Textteil_m_VV_20251211.pdf,application/pdf,True,172353,370a099e6ecf7b0386d61471a207751ec2a72a8710ab6ba5fb439c6d0f27d5de,0,True,not verified,,,,,False,,candidate only; verify public references/parent before publishing
1578,Kombimandat Gemeinde Merching,wp-content/uploads/2013/06/Kombimandat_Gemeinde_Merching.pdf,https://www.gemeinde-merching.de/wp-content/uploads/2013/06/Kombimandat_Gemeinde_Merching.pdf,application/pdf,True,22157,47f7025ee1fd85135c8f9f9208dade0bae127b083a8ead4cea2bb11cd9f20d6f,0,True,not verified,,,,,False,,candidate only; verify public references/parent before publishing
1579,Kombimandat Grundschulverband,wp-content/uploads/2013/06/Kombimandat_Grundschulverband.pdf,https://www.gemeinde-merching.de/wp-content/uploads/2013/06/Kombimandat_Grundschulverband.pdf,application/pdf,True,21830,1c027c07ed049d3a4018defe41a8bff00d7638c5cecc59de2af1eaac70e95160,0,True,not verified,,,,,False,,candidate only; verify public references/parent before publishing
1580,Kombimandat Mittelschulverband,wp-content/uploads/2013/06/Kombimandat_Mittelschulverband.pdf,https://www.gemeinde-merching.de/wp-content/uploads/2013/06/Kombimandat_Mittelschulverband.pdf,application/pdf,True,21952,3852d61a438e9b0f63c8ef6ee4737c218211fe6728c33dc22876802f8b59c420,0,True,not verified,,,,,False,,candidate only; verify public references/parent before publishing
1581,Mandat Gemeinde Merching,wp-content/uploads/2013/06/Mandat_Gemeinde_Merching.pdf,https://www.gemeinde-merching.de/wp-content/uploads/2013/06/Mandat_Gemeinde_Merching.pdf,application/pdf,True,23609,10f3a682708d57a6c9331d26ef46f6f1b092b61e5aa2f937783de21d87e82a0c,0,True,not verified,,,,,False,,candidate only; verify public references/parent before publishing
1582,Mandat Grundschulverband,wp-content/uploads/2013/06/Mandat_Grundschulverband.pdf,https://www.gemeinde-merching.de/wp-content/uploads/2013/06/Mandat_Grundschulverband.pdf,application/pdf,True,23331,2f210a07da0cc297bcc17babc0f410daacafa5bf8e53667302a2c8e739f2009b,0,True,not verified,,,,,False,,candidate only; verify public references/parent before publishing
1583,Mandat Mittelschulverband,wp-content/uploads/2013/06/Mandat_Mittelschulverband.pdf,https://www.gemeinde-merching.de/wp-content/uploads/2013/06/Mandat_Mittelschulverband.pdf,application/pdf,True,23438,009b90877a0870de62e0dd0fbab4ba63f2a39c216d801e2aa4400510e28dc407,0,True,not verified,,,,,False,,candidate only; verify public references/parent before publishing
9979,Unternehmenssatzung für das Kommunalunternemen Merching vom 16.09.2025,wp-content/uploads/2025/09/Unternehmenssatzung-fuer-das-Kommunalunternemen-Merching-vom-16.09.2025.pdf,https://www.gemeinde-merching.de/wp-content/uploads/2025/09/Unternehmenssatzung-fuer-das-Kommunalunternemen-Merching-vom-16.09.2025.pdf,application/pdf,True,270903,a78cf90d46ef64e91693d5e63e3e895196a623cab7162ec49996bc45d111bd00,9978,True,not verified,,,,,False,publish,candidate only; verify public references/parent before publishing
2093,Logo_Energieatlas,wp-content/uploads/2014/11/Logo_Energieatlas.jpg,https://www.gemeinde-merching.de/wp-content/uploads/2014/11/Logo_Energieatlas.jpg,image/jpeg,True,8681,2939c9c0462849b5eec1e2394178f2ecdec01943c173b7b6c9890723dba51f62,0,True,not verified,118,51,,,False,,candidate only; verify public references/parent before publishing
10272,Merching-Ablauf-3,wp-content/uploads/2015/08/Merching-Ablauf-3.jpg,https://www.gemeinde-merching.de/wp-content/uploads/2015/08/Merching-Ablauf-3.jpg,image/jpeg,True,96514,c56ad82863af6bda221dd4e1eb7106903bf26b7b7b087e1a2b2b190711d64674,2381,True,not verified,1067,1141,,,False,publish,candidate only; verify public references/parent before publishing
10273,Merching-Ablauf-2,wp-content/uploads/2015/08/Merching-Ablauf-2.jpg,https://www.gemeinde-merching.de/wp-content/uploads/2015/08/Merching-Ablauf-2.jpg,image/jpeg,True,65591,a17024d21b72cbd444f8b021f9320834209280fd710a753edddde4fbcdc7b4b4,2381,True,not verified,1004,778,,,False,publish,candidate only; verify public references/parent before publishing
10164,BGS_EWS_2026 Homepage NEU,wp-content/uploads/2025/08/BGS_EWS_2026-Homepage-NEU.pdf,https://www.gemeinde-merching.de/wp-content/uploads/2025/08/BGS_EWS_2026-Homepage-NEU.pdf,application/pdf,True,189362,359da421f1d62b9d19f6d1c1297edc265ca58267b955d5e79d66df7f505ae930,9911,True,not verified,,,,,False,publish,candidate only; verify public references/parent before publishing
10040,2025_Plakat_Wärmepumpe_Althegnenberg,wp-content/uploads/2025/10/2025_Plakat_Waermepumpe_Althegnenberg.pdf,https://www.gemeinde-merching.de/wp-content/uploads/2025/10/2025_Plakat_Waermepumpe_Althegnenberg.pdf,application/pdf,True,785491,b73d502efeb54b1fa16200b34f44fbbacfe1890908d2ed590c129b3ba5fd41fd,0,True,not verified,,,,,False,,candidate only; verify public references/parent before publishing
10786,Bekanntmachung Friedhofs- und Bestattungssatzung ab 01.01.2027,wp-content/uploads/2026/07/Bekanntmachung-Friedhofs-und-Bestattungssatzung-ab-01.01.2027.pdf,https://www.gemeinde-merching.de/wp-content/uploads/2026/07/Bekanntmachung-Friedhofs-und-Bestattungssatzung-ab-01.01.2027.pdf,application/pdf,True,130330,94a8f1d2aad8a89024aee15e30a989338bb8ea10a96ff4f4e0897c1e18037982,10785,True,not verified,,,,,False,publish,candidate only; verify public references/parent before publishing
10248,1.Änderung BP 34 östl. Nebelhornstr. Bekanntmachung Satzungsbeschluss,wp-content/uploads/2026/01/1.Aenderung-BP-34-oestl.-Nebelhornstr.-Bekanntmachung-Satzungsbeschluss.pdf,https://www.gemeinde-merching.de/wp-content/uploads/2026/01/1.Aenderung-BP-34-oestl.-Nebelhornstr.-Bekanntmachung-Satzungsbeschluss.pdf,application/pdf,True,490714,d404152a623063d54dc84f06c3f8736e79a4b40bac024fcbd16a22abf581bae2,0,True,not verified,,,,,False,,candidate only; verify public references/parent before publishing
10837,"Bestattungsgebührensatzung, ab 2027_Homepage",wp-content/uploads/2026/07/Bestattungsgebuehrensatzung-ab-2027_Homepage.pdf,https://www.gemeinde-merching.de/wp-content/uploads/2026/07/Bestattungsgebuehrensatzung-ab-2027_Homepage.pdf,application/pdf,True,329534,3d950ca70e85d3f9ad02cb31dd1845ef50509b93329a523b2678ef434933a456,10793,True,not verified,,,,,False,publish,candidate only; verify public references/parent before publishing
10789,Bekanntmachung Satzung GBS_BES ab 01.01.2027,wp-content/uploads/2026/07/Bekanntmachung-Satzung-GBS_BES-ab-01.01.2027.pdf,https://www.gemeinde-merching.de/wp-content/uploads/2026/07/Bekanntmachung-Satzung-GBS_BES-ab-01.01.2027.pdf,application/pdf,True,119389,e39cd6da359c05755fa6752db7cd19e83d1c8698c6dece5657b9ef3c5bffbb6d,10788,True,not verified,,,,,False,publish,candidate only; verify public references/parent before publishing
10251,BP_Nr34_Östl._der_Nebelhornstraße_1Änd_Begründung_20251211,wp-content/uploads/2026/01/BP_Nr34_Oestl._der_Nebelhornstrasse_1Aend_Begruendung_20251211.pdf,https://www.gemeinde-merching.de/wp-content/uploads/2026/01/BP_Nr34_Oestl._der_Nebelhornstrasse_1Aend_Begruendung_20251211.pdf,application/pdf,True,412709,3c59ff6e49f0d20ad236987f9fcaacf98510b470908f92c076e71e3d27d55a15,0,True,not verified,,,,,False,,candidate only; verify public references/parent before publishing
2376,post-expirator,wp-content/uploads/2015/08/post-expirator.jpg,https://www.gemeinde-merching.de/wp-content/uploads/2015/08/post-expirator.jpg,image/jpeg,True,47663,19fd05136ff94946c6bd00ac6cfd63c9e94ffc8a6e617ba5a189e8262ba3f48a,0,True,not verified,301,281,,,False,,candidate only; verify public references/parent before publishing
2378,post-expirator2,wp-content/uploads/2015/08/post-expirator2.jpg,https://www.gemeinde-merching.de/wp-content/uploads/2015/08/post-expirator2.jpg,image/jpeg,True,42274,b595b3cc300b69bb498d212213c0f8fc857f09e7e7d7d6ab1381d8de56db0749,0,True,not verified,295,283,,,False,,candidate only; verify public references/parent before publishing
7566,Amtsblatt 05-2023=Jahrg. 78 Nr. 05,wp-content/uploads/2023/05/Amtsblatt-05-2023Jahrg.-78-Nr.-05.pdf,https://www.gemeinde-merching.de/wp-content/uploads/2023/05/Amtsblatt-05-2023Jahrg.-78-Nr.-05.pdf,application/pdf,True,386721,7c369b51035b39d6f002c97b815f9b30e710adf31b966552b0d6ccbe017a6767,0,True,not verified,,,,,False,,candidate only; verify public references/parent before publishing
7568,Amtsblatt 03-2023=Jahrg. 78 Nr. 3,wp-content/uploads/2023/05/Amtsblatt-03-2023Jahrg.-78-Nr.-3.pdf,https://www.gemeinde-merching.de/wp-content/uploads/2023/05/Amtsblatt-03-2023Jahrg.-78-Nr.-3.pdf,application/pdf,True,543671,2cd96f3a1f2a55c62db0a6b05656d92c36eddcae04af4825b10d8fefc4793751,0,True,not verified,,,,,False,,candidate only; verify public references/parent before publishing
2799,Gewerbeeintraege-mit-connections-anlegen-mit-homepage,wp-content/uploads/2016/06/Gewerbeeintraege-mit-connections-anlegen-mit-homepage.jpg,https://www.gemeinde-merching.de/wp-content/uploads/2016/06/Gewerbeeintraege-mit-connections-anlegen-mit-homepage.jpg,image/jpeg,True,92812,40d4bb90030114d5e0d3ba77ac43c75702d2e932f036aed40b766ef66ce7a99f,2798,True,not verified,1489,672,,,False,publish,candidate only; verify public references/parent before publishing
2800,Gewerbeeintraege-mit-connections-anlegen-ohne-eigene-homepage-1,wp-content/uploads/2016/06/Gewerbeeintraege-mit-connections-anlegen-ohne-eigene-homepage-1.jpg,https://www.gemeinde-merching.de/wp-content/uploads/2016/06/Gewerbeeintraege-mit-connections-anlegen-ohne-eigene-homepage-1.jpg,image/jpeg,True,134523,980566e2aa04d8463e3fbab14c979983676c529dc35955c67b71ffc59f231396,2798,True,not verified,1658,808,,,False,publish,candidate only; verify public references/parent before publishing
2801,Gewerbeeintraege-mit-connections-anlegen-ohne-eigene-homepage-2,wp-content/uploads/2016/06/Gewerbeeintraege-mit-connections-anlegen-ohne-eigene-homepage-2.jpg,https://www.gemeinde-merching.de/wp-content/uploads/2016/06/Gewerbeeintraege-mit-connections-anlegen-ohne-eigene-homepage-2.jpg,image/jpeg,True,56104,d37bee8513feff53a20b0e22a1106add0694d19d5e0b17174ea7da6e6ab4253f,2798,True,not verified,1220,599,,,False,publish,candidate only; verify public references/parent before publishing
2802,Gewerbeeintraege-mit-connections-verwalten,wp-content/uploads/2016/06/Gewerbeeintraege-mit-connections-verwalten.jpg,https://www.gemeinde-merching.de/wp-content/uploads/2016/06/Gewerbeeintraege-mit-connections-verwalten.jpg,image/jpeg,True,129195,550fd6c2bf1a39ab352ac862395fe91cdbf44aed9271afff1c4f39fe543588eb,2798,True,not verified,1659,833,,,False,publish,candidate only; verify public references/parent before publishing
2850,BSP_Logo_180,wp-content/uploads/2016/08/BSP_Logo_180.jpg,https://www.gemeinde-merching.de/wp-content/uploads/2016/08/BSP_Logo_180.jpg,image/jpeg,True,65119,7dd207f509bd20b1c539275544ddf4df6205eaf1e7e79e60d0bbc660316e5a13,2847,True,not verified,180,200,,,True,publish,candidate only; verify public references/parent before publishing
3068,Logo Bürgernetz,wp-content/uploads/2017/01/Logo-Bürgernetz-e1484639317192.png,https://www.gemeinde-merching.de/wp-content/uploads/2017/01/Logo-Bürgernetz-e1484639317192.png,image/png,True,3447,4f01b8f79cb1fdf1ef6f06e44bdeea4777893ebd242e4c2ab4cccdf8914ce0ff,0,True,not verified,118,37,,,False,,candidate only; verify public references/parent before publishing
7777,Amtsblatt 07-2023=Jahrg. 78 Nr. 07,wp-content/uploads/2023/07/Amtsblatt-07-2023Jahrg.-78-Nr.-07.pdf,https://www.gemeinde-merching.de/wp-content/uploads/2023/07/Amtsblatt-07-2023Jahrg.-78-Nr.-07.pdf,application/pdf,True,235960,e8cc97d4c4c32df0ff114072e6a167f88c9a5a99c07903543e1cf24462f29d50,0,True,not verified,,,,,False,,candidate only; verify public references/parent before publishing
10693,Helfer-Markus-klein,wp-content/uploads/2026/05/Helfer-Markus-klein.jpg,https://www.gemeinde-merching.de/wp-content/uploads/2026/05/Helfer-Markus-klein.jpg,image/jpeg,True,11024,67b648c28aace276f6f225585b5de9d9c6d639204697b518a8d0598ecfb9b724,0,True,not verified,126,179,,,False,,candidate only; verify public references/parent before publishing
9977,Bekanntmachung Satzung für das Kommunalunternehmen Merching vom 16.09.2025,wp-content/uploads/2025/09/Bekanntmachung-Satzung-fuer-das-Kommunalunternehmen-Merching-vom-16.09.2025.pdf,https://www.gemeinde-merching.de/wp-content/uploads/2025/09/Bekanntmachung-Satzung-fuer-das-Kommunalunternehmen-Merching-vom-16.09.2025.pdf,application/pdf,True,118919,8f11c2b87cf56ae5f9ea11ea86a815766651c4ed75f6c5d5aab0926737c50fbb,9976,True,not verified,,,,,False,publish,candidate only; verify public references/parent before publishing
9017,Heimatprojekt_Textvorschlag_Website,wp-content/uploads/2024/10/Heimatprojekt_Textvorschlag_Website.pdf,https://www.gemeinde-merching.de/wp-content/uploads/2024/10/Heimatprojekt_Textvorschlag_Website.pdf,application/pdf,True,138508,b427ba21cbcedc3dd97be0eea8592cf41d93e33645f6f120ecc6f5e3cd2a5f8b,0,True,not verified,,,,,False,,candidate only; verify public references/parent before publishing
9018,Bürgerbefragung_Druckformat,wp-content/uploads/2024/10/Buergerbefragung_Druckformat.pdf,https://www.gemeinde-merching.de/wp-content/uploads/2024/10/Buergerbefragung_Druckformat.pdf,application/pdf,True,335972,37153dc6e27aa7afcafd3d95f229a42fc916300f4f788a5c3e7a771e09c97b1f,0,True,not verified,,,,,False,,candidate only; verify public references/parent before publishing
7617,Aufhebung_BP_Nr3a_Anschreiben_TÖB_Bet_20230601,wp-content/uploads/2023/06/Aufhebung_BP_Nr3a_Anschreiben_TOeB_Bet_20230601.pdf,https://www.gemeinde-merching.de/wp-content/uploads/2023/06/Aufhebung_BP_Nr3a_Anschreiben_TOeB_Bet_20230601.pdf,application/pdf,True,348259,38b98320908b314f291664a06f0c6b3d6a34be855ef419832e8fe559c96eaedb,0,True,not verified,,,,,False,,candidate only; verify public references/parent before publishing
3736,Logo Hochwasser,wp-content/uploads/2018/08/Logo-Hochwasser.jpg,https://www.gemeinde-merching.de/wp-content/uploads/2018/08/Logo-Hochwasser.jpg,image/jpeg,True,4621,b6ec2d7c1e58529a1b25ddea0178512cfc5e4442e7484acc2f73c461c8e1de31,0,True,not verified,118,119,,,False,,candidate only; verify public references/parent before publishing
3942,Logo Advent,wp-content/uploads/2018/11/Logo-Advent.pdf,https://www.gemeinde-merching.de/wp-content/uploads/2018/11/Logo-Advent.pdf,application/pdf,True,280548,add6086f9f5e9d80005b3b13c041395067deb02c451242cb2820abb14911d672,0,True,not verified,,,,,False,,candidate only; verify public references/parent before publishing
4016,Vordruck_Bauplatzbewerbung,wp-content/uploads/2019/03/Vordruck_Bauplatzbewerbung.pdf,https://www.gemeinde-merching.de/wp-content/uploads/2019/03/Vordruck_Bauplatzbewerbung.pdf,application/pdf,True,8426,e854bbbcda7544b0a7df3f23f88561dfda0603316f2c03434155b8dceabde21d,0,True,not verified,,,,,False,,candidate only; verify public references/parent before publishing
10382,Merchinger Ramadama 2026 PDF,wp-content/uploads/2026/02/Merchinger-Ramadama-2026-PDF.pdf,https://www.gemeinde-merching.de/wp-content/uploads/2026/02/Merchinger-Ramadama-2026-PDF.pdf,application/pdf,True,360699,12707a9b09b64b3464db744c8cc123244fba838845fb522cd9ed8e55ca4d9583,10365,True,not verified,,,,,False,draft,candidate only; verify public references/parent before publishing
10364,Merchinger Rama Dama 2026,wp-content/uploads/2026/02/Merchinger-Rama-Dama-2026.pdf,https://www.gemeinde-merching.de/wp-content/uploads/2026/02/Merchinger-Rama-Dama-2026.pdf,application/pdf,True,272121,016fc55082f8cd3ddcda477ffd8d4331ca4214b95199c50316f8290e741a67c8,0,True,not verified,,,,,False,,candidate only; verify public references/parent before publishing
10479,Screenshot 2026-04-08 095702 Solaroffensive LRA 04_26,wp-content/uploads/2026/04/Screenshot-2026-04-08-095702-Solaroffensive-LRA-04_26.jpg,https://www.gemeinde-merching.de/wp-content/uploads/2026/04/Screenshot-2026-04-08-095702-Solaroffensive-LRA-04_26.jpg,image/jpeg,True,33972,1d24ea0cb7056768ad57cd4a3d563b7f814c7811b960a412462f03b4130c4fe2,10477,True,not verified,655,419,,,False,publish,candidate only; verify public references/parent before publishing
9056,Gemeindekurier Herbst 2024 f. Homepage,wp-content/uploads/2024/10/Gemeindekurier-Herbst-2024-f.-Homepage.pdf,https://www.gemeinde-merching.de/wp-content/uploads/2024/10/Gemeindekurier-Herbst-2024-f.-Homepage.pdf,application/pdf,True,768884,f1a2fb10265e525b058f0984ae10ddb25453a0370e2482c9f68291677f0f34f4,9055,True,not verified,,,,,False,publish,candidate only; verify public references/parent before publishing
4152,httpswww.gemeinde-merching.dewpfilebase_thumbnail1fid359nameEnergieberatung_Landkreis_Aichach-Friedberg_Typo_schwarz_RGB_klein.jpg,,https://www.gemeinde-merching.de/?wpfilebase_thumbnail=1&fid=359&name=Energieberatung_Landkreis_Aichach-Friedberg_Typo_schwarz_RGB_klein-e1629102963937.jpg,image/jpeg,False,,,4149,True,not verified,80,23,,,False,publish,candidate only; verify public references/parent before publishing
7607,Vorkaufsrechtssatzung,wp-content/uploads/2023/05/Vorkaufsrechtssatzung.pdf,https://www.gemeinde-merching.de/wp-content/uploads/2023/05/Vorkaufsrechtssatzung.pdf,application/pdf,True,932934,4517b288837120f53475109ecdbb322c23d44b116d6d453f5ed1aaae72dd0f4f,0,True,not verified,,,,,False,,candidate only; verify public references/parent before publishing
7605,Satzung 30.05.2023,wp-content/uploads/2023/05/Satzung-30.05.2023.pdf,https://www.gemeinde-merching.de/wp-content/uploads/2023/05/Satzung-30.05.2023.pdf,application/pdf,True,677983,81a9602951a4d47090e05bd57376487ed994f9a64e097a104e8d621159e5b5b5,0,True,not verified,,,,,False,,candidate only; verify public references/parent before publishing
8006,Albrecht-Sofie-klein,wp-content/uploads/2023/10/Albrecht-Sofie-klein-scaled-e1697097621558.jpg,https://www.gemeinde-merching.de/wp-content/uploads/2023/10/Albrecht-Sofie-klein-scaled-e1697097621558.jpg,image/jpeg,True,2903,60b6cdfbbc13933d476177e3e53537b2b936692c214ebfbe727a81972142e918,0,True,not verified,91,119,wp-content/uploads/2023/10/Albrecht-Sofie-klein.jpg,True,True,,candidate only; verify public references/parent before publishing
10246,BZKF_BürgerTelefonKrebs v. F. Hagen,wp-content/uploads/2026/01/BZKF_BuergerTelefonKrebs-v.-F.-Hagen.pdf,https://www.gemeinde-merching.de/wp-content/uploads/2026/01/BZKF_BuergerTelefonKrebs-v.-F.-Hagen.pdf,application/pdf,True,1318574,1e38f4a41d7ae954f4f9f668ee2a5a8de403ddf1dd067e638b2070784ca63df4,10245,True,not verified,,,,,False,publish,candidate only; verify public references/parent before publishing
8133,Abschaffung des Kinderreisepasses zum 01.01.2024,wp-content/uploads/2023/11/Abschaffung-des-Kinderreisepasses-zum-01.01.2024.pdf,https://www.gemeinde-merching.de/wp-content/uploads/2023/11/Abschaffung-des-Kinderreisepasses-zum-01.01.2024.pdf,application/pdf,True,134976,7cecbb849025cc06fcf9380dfd3cfe856df0f7bca6f12a0fcb857badd106c673,8132,True,not verified,,,,,False,publish,candidate only; verify public references/parent before publishing
7609,Vorkaufsrechtssatzung,wp-content/uploads/2023/05/Vorkaufsrechtssatzung-1.pdf,https://www.gemeinde-merching.de/wp-content/uploads/2023/05/Vorkaufsrechtssatzung-1.pdf,application/pdf,True,932934,4517b288837120f53475109ecdbb322c23d44b116d6d453f5ed1aaae72dd0f4f,7608,True,not verified,,,,,False,publish,candidate only; verify public references/parent before publishing
10017,Aufruf Kunstförderpreis,wp-content/uploads/2025/09/Aufruf-Kunstfoerderpreis.pdf,https://www.gemeinde-merching.de/wp-content/uploads/2025/09/Aufruf-Kunstfoerderpreis.pdf,application/pdf,True,333215,2da95dfe5889705e80b3e19f3ce7792d35958aac237ae228cf3d81c817644868,0,True,not verified,,,,,False,,candidate only; verify public references/parent before publishing
4535,1. Bürgermeister Helmut Luichtl,wp-content/uploads/2020/05/1-Luichtl-scaled.jpg,https://www.gemeinde-merching.de/wp-content/uploads/2020/05/1-Luichtl-scaled.jpg,image/jpeg,True,693300,ebba443358acfc75dc58db47222042f996ee879635a77903d2ea9715e2bfb126,0,True,not verified,1849,2560,wp-content/uploads/2020/05/1-Luichtl.jpg,True,True,,candidate only; verify public references/parent before publishing
4544,1. Bürgermeister Helmut Luichtl,wp-content/uploads/2020/05/1-Luichtl2.jpg,https://www.gemeinde-merching.de/wp-content/uploads/2020/05/1-Luichtl2.jpg,image/jpeg,True,50793,f0884345a64f3bd7d96c2d874dbff05b4e269445b12d56699a03a9be5045084f,6998,True,not verified,424,588,,,True,draft,candidate only; verify public references/parent before publishing
4545,2-Teifelhart2,wp-content/uploads/2020/05/2-Teifelhart2.jpg,https://www.gemeinde-merching.de/wp-content/uploads/2020/05/2-Teifelhart2.jpg,image/jpeg,True,28148,87162d525aba92e5a77b7c24f21fc4872f13eca353fe5691f3e9f7df079d65fd,0,True,not verified,424,588,,,False,,candidate only; verify public references/parent before publishing
4546,6-Greipel2,wp-content/uploads/2020/05/6-Greipel2.jpg,https://www.gemeinde-merching.de/wp-content/uploads/2020/05/6-Greipel2.jpg,image/jpeg,True,29267,fdd60af4ad381a0a835ac976586da9df42be745fcaba2553ca1031d6eece764d,2316,True,not verified,424,588,,,False,publish,candidate only; verify public references/parent before publishing
4547,4-Mayr2,wp-content/uploads/2020/05/4-Mayr2.jpg,https://www.gemeinde-merching.de/wp-content/uploads/2020/05/4-Mayr2.jpg,image/jpeg,True,44691,d7e53cb2dcd95d2f8956f5de2aa7fc8816791337ddcec11f14913399f16218b0,0,True,not verified,424,588,,,False,,candidate only; verify public references/parent before publishing
4548,15-Dittebrand2,wp-content/uploads/2020/05/15-Dittebrand2.jpg,https://www.gemeinde-merching.de/wp-content/uploads/2020/05/15-Dittebrand2.jpg,image/jpeg,True,28050,815cd4614bb2852f07ae83e7ba960ba06643ac01c113a4ed43deced49d7a5564,0,True,not verified,424,588,,,False,,candidate only; verify public references/parent before publishing
4549,14-Schwarz2,wp-content/uploads/2020/05/14-Schwarz2.jpg,https://www.gemeinde-merching.de/wp-content/uploads/2020/05/14-Schwarz2.jpg,image/jpeg,True,27612,f954f3e4f0e25f63ce3ff832ffa4bf553d74d5c58ea2ea9e32204df6c8fceb10,0,True,not verified,424,588,,,False,,candidate only; verify public references/parent before publishing
4550,7_15Wecker_Martin,wp-content/uploads/2020/05/7_15Wecker_Martin.jpg,https://www.gemeinde-merching.de/wp-content/uploads/2020/05/7_15Wecker_Martin.jpg,image/jpeg,True,24661,6d648f015baae9130a3da821ea2a0ceb0fd71cb7c615e50243581b812eccaf42,0,True,not verified,422,591,,,False,,candidate only; verify public references/parent before publishing
4551,7_0Storch,wp-content/uploads/2020/05/7_0Storch.jpg,https://www.gemeinde-merching.de/wp-content/uploads/2020/05/7_0Storch.jpg,image/jpeg,True,43068,6029978377fb3bb53d537356352ab01cad699ab20ad4d0770c1c4457a87399b3,0,True,not verified,422,591,,,False,,candidate only; verify public references/parent before publishing
4552,7_2Eckmann,wp-content/uploads/2020/05/7_2Eckmann.jpg,https://www.gemeinde-merching.de/wp-content/uploads/2020/05/7_2Eckmann.jpg,image/jpeg,True,34532,68755e7ae7e11e2de71de2f9198995727ee4efa0bb200e484950b87c2518bb9e,0,True,not verified,447,559,,,False,,candidate only; verify public references/parent before publishing
4553,7_3Failer Josef,wp-content/uploads/2020/05/7_3Failer-Josef.jpg,https://www.gemeinde-merching.de/wp-content/uploads/2020/05/7_3Failer-Josef.jpg,image/jpeg,True,25011,037d02e972447be716de135997c8354240b07210d725c550a52f0da8c1021521,0,True,not verified,422,591,,,False,,candidate only; verify public references/parent before publishing
4554,7_4Failer_Christian,wp-content/uploads/2020/05/7_4Failer_Christian.jpg,https://www.gemeinde-merching.de/wp-content/uploads/2020/05/7_4Failer_Christian.jpg,image/jpeg,True,52407,697940ffa13d97a906ec1df995d05e39b5c3ac62582af6cb1419c0c827c0f01c,0,True,not verified,422,591,,,False,,candidate only; verify public references/parent before publishing
4555,7_7Lutz,wp-content/uploads/2020/05/7_7Lutz.jpg,https://www.gemeinde-merching.de/wp-content/uploads/2020/05/7_7Lutz.jpg,image/jpeg,True,27383,7e2e4890b80e3d4e79fc8bd626772050bf6288fd14f2b71431c0fd616da85e5b,0,True,not verified,422,591,,,False,,candidate only; verify public references/parent before publishing
4556,7_12Scheibenbogen,wp-content/uploads/2020/05/7_12Scheibenbogen.jpg,https://www.gemeinde-merching.de/wp-content/uploads/2020/05/7_12Scheibenbogen.jpg,image/jpeg,True,38767,d2b408f05abf2cb6cd1eb58577d7759af4ec858fd0620c8c3b224472845da6da,0,True,not verified,422,591,,,False,,candidate only; verify public references/parent before publishing
4557,7_14Waitzmann,wp-content/uploads/2020/05/7_14Waitzmann.jpg,https://www.gemeinde-merching.de/wp-content/uploads/2020/05/7_14Waitzmann.jpg,image/jpeg,True,28253,b2fe7351babc1ab7d0e4cd7ff50f7c38b5ebfb376de988dc8249e87ca37619dd,0,True,not verified,422,591,,,False,,candidate only; verify public references/parent before publishing
4558,3_Wolfgang_Schlagenhauf_400,wp-content/uploads/2020/05/3_Wolfgang_Schlagenhauf_400.jpg,https://www.gemeinde-merching.de/wp-content/uploads/2020/05/3_Wolfgang_Schlagenhauf_400.jpg,image/jpeg,True,165401,4e62dd050d18228c44bf8b8a836e9a649a4c54e2a798e99f12fb8a3afb6c07a3,0,True,not verified,400,560,,,False,,candidate only; verify public references/parent before publishing
4559,1_Robert_Graf_400,wp-content/uploads/2020/05/1_Robert_Graf_400.jpg,https://www.gemeinde-merching.de/wp-content/uploads/2020/05/1_Robert_Graf_400.jpg,image/jpeg,True,166260,8f78653e365a8fb6476cfce52db0a889027ccbb1c59a1e782497fa9b03b4c523,0,True,not verified,400,560,,,False,,candidate only; verify public references/parent before publishing
4565,7_3Failer Josef_klein,wp-content/uploads/2020/05/7_3Failer-Josef_klein.jpg,https://www.gemeinde-merching.de/wp-content/uploads/2020/05/7_3Failer-Josef_klein.jpg,image/jpeg,True,4207,589c87f5d88b8bb8f92eb721b52d41c67d6a347c4238eab93665ee737cdb16b4,0,True,not verified,127,177,,,False,,candidate only; verify public references/parent before publishing
4566,7_4Failer_Christian_klein,wp-content/uploads/2020/05/7_4Failer_Christian_klein.jpg,https://www.gemeinde-merching.de/wp-content/uploads/2020/05/7_4Failer_Christian_klein.jpg,image/jpeg,True,4819,861bd34865f55f9c6fe6287b5a641e4a830160fa51c04809aa4eb79e88ad8752,0,True,not verified,127,177,,,False,,candidate only; verify public references/parent before publishing
4567,7_7Lutz_klein,wp-content/uploads/2020/05/7_7Lutz_klein.jpg,https://www.gemeinde-merching.de/wp-content/uploads/2020/05/7_7Lutz_klein.jpg,image/jpeg,True,4233,758e9f2c90fbe85cc3b42c90549c8569c502cbe41d3c7a2dbd76476c95881a00,0,True,not verified,127,177,,,False,,candidate only; verify public references/parent before publishing
4568,7_12Scheibenbogen_klein,wp-content/uploads/2020/05/7_12Scheibenbogen_klein.jpg,https://www.gemeinde-merching.de/wp-content/uploads/2020/05/7_12Scheibenbogen_klein.jpg,image/jpeg,True,5409,8f009d1f0dbcb4a1094adde6b14c8e80bc590413b7c26e4feb1eefeec0e07435,0,True,not verified,127,177,,,False,,candidate only; verify public references/parent before publishing
4569,7_14Waitzmann_klein,wp-content/uploads/2020/05/7_14Waitzmann_klein.jpg,https://www.gemeinde-merching.de/wp-content/uploads/2020/05/7_14Waitzmann_klein.jpg,image/jpeg,True,4767,2de1aa63455688bd0593e1c478b7f197f2410e7563bec217576ffbade7e6223f,0,True,not verified,127,177,,,False,,candidate only; verify public references/parent before publishing
4570,7_15Wecker_Martin_klein,wp-content/uploads/2020/05/7_15Wecker_Martin_klein.jpg,https://www.gemeinde-merching.de/wp-content/uploads/2020/05/7_15Wecker_Martin_klein.jpg,image/jpeg,True,4712,41e1850e8a91ef6dd3eefe15a09220d418391d0b3eaed9ec39b2c2a06682282c,0,True,not verified,127,177,,,False,,candidate only; verify public references/parent before publishing
4571,14-Schwarz2_klein,wp-content/uploads/2020/05/14-Schwarz2_klein.jpg,https://www.gemeinde-merching.de/wp-content/uploads/2020/05/14-Schwarz2_klein.jpg,image/jpeg,True,4331,e55fad91119d368ed69eabca9dbe06ea063579a04da6aea6d061b828d61a1752,0,True,not verified,127,176,,,False,,candidate only; verify public references/parent before publishing
4572,15-Dittebrand2_klein,wp-content/uploads/2020/05/15-Dittebrand2_klein.jpg,https://www.gemeinde-merching.de/wp-content/uploads/2020/05/15-Dittebrand2_klein.jpg,image/jpeg,True,4600,793a6382b9e672c045eb0ef00023ae95240301b060fa5504f0e6db36ca37fb46,0,True,not verified,127,176,,,False,,candidate only; verify public references/parent before publishing
4573,1_Robert_Graf_400_klein,wp-content/uploads/2020/05/1_Robert_Graf_400_klein.jpg,https://www.gemeinde-merching.de/wp-content/uploads/2020/05/1_Robert_Graf_400_klein.jpg,image/jpeg,True,12721,a347d97381aef1c41035f04bad8168757925fb531c1389fb33104e432298b08d,0,True,not verified,120,168,,,False,,candidate only; verify public references/parent before publishing
4574,1-Luichtl2_klein,wp-content/uploads/2020/05/1-Luichtl2_klein.jpg,https://www.gemeinde-merching.de/wp-content/uploads/2020/05/1-Luichtl2_klein.jpg,image/jpeg,True,5727,ab83aadeda2ca764d494dc7027d9dc01f120ffbda7cf622d89dcfcb8c5bd92e1,0,True,not verified,127,176,,,False,,candidate only; verify public references/parent before publishing
4575,2-Teifelhart2_klein,wp-content/uploads/2020/05/2-Teifelhart2_klein.jpg,https://www.gemeinde-merching.de/wp-content/uploads/2020/05/2-Teifelhart2_klein.jpg,image/jpeg,True,4754,6fadfde41ab9d5db23aa6f5eb829da5f0b05900216cc24fe33d7af4e6cf7a937,0,True,not verified,127,176,,,False,,candidate only; verify public references/parent before publishing
4576,3_Wolfgang_Schlagenhauf_400_klein,wp-content/uploads/2020/05/3_Wolfgang_Schlagenhauf_400_klein.jpg,https://www.gemeinde-merching.de/wp-content/uploads/2020/05/3_Wolfgang_Schlagenhauf_400_klein.jpg,image/jpeg,True,9901,0adef4a3eb0ac87c0a8b9d98f186a7162310146dd15b41dbfb4b56c74226d58f,0,True,not verified,120,168,,,False,,candidate only; verify public references/parent before publishing
4577,4-Mayr2_klein,wp-content/uploads/2020/05/4-Mayr2_klein.jpg,https://www.gemeinde-merching.de/wp-content/uploads/2020/05/4-Mayr2_klein.jpg,image/jpeg,True,5144,1ecb899baf5d270a93b3d320b10bd5c5056372b999b50e528c9fdced0ad36076,0,True,not verified,127,176,,,False,,candidate only; verify public references/parent before publishing
4578,6-Greipel2_klein,wp-content/uploads/2020/05/6-Greipel2_klein.jpg,https://www.gemeinde-merching.de/wp-content/uploads/2020/05/6-Greipel2_klein.jpg,image/jpeg,True,5361,e67930c513942f5703f752a979b6e5be08c535acd836d433742f0123561bb095,2316,True,not verified,127,176,,,False,publish,candidate only; verify public references/parent before publishing
4579,7_0Storch_klein,wp-content/uploads/2020/05/7_0Storch_klein.jpg,https://www.gemeinde-merching.de/wp-content/uploads/2020/05/7_0Storch_klein.jpg,image/jpeg,True,5487,b234fb4ba2816a0e15b0399195c7e29ad0edef28552b8a36d50972d98437a061,0,True,not verified,127,177,,,False,,candidate only; verify public references/parent before publishing
4580,7_2Eckmann_klein,wp-content/uploads/2020/05/7_2Eckmann_klein.jpg,https://www.gemeinde-merching.de/wp-content/uploads/2020/05/7_2Eckmann_klein.jpg,image/jpeg,True,4778,da37739e940a4b848203231e0a3e19c0941e4f7b6e40fa37f80c108efbb881f2,0,True,not verified,134,168,,,False,,candidate only; verify public references/parent before publishing
9846,Logo-BRB,wp-content/uploads/2018/09/Logo-BRB.jpg,https://www.gemeinde-merching.de/wp-content/uploads/2018/09/Logo-BRB.jpg,image/jpeg,True,2381,9df21aae5993ca48e2c91230f0f33111713a1ff8bd74c8576215025a12f4243e,3816,True,not verified,118,46,,,True,publish,candidate only; verify public references/parent before publishing
4590,Huber_klein,wp-content/uploads/2020/05/Huber_klein.jpg,https://www.gemeinde-merching.de/wp-content/uploads/2020/05/Huber_klein.jpg,image/jpeg,True,9292,d3dbbfdb69d3a0c1f803cd0e5818ef6d4265c242fc85ef317824617a48bfb3d8,0,True,not verified,175,239,,,False,,candidate only; verify public references/parent before publishing
4592,Huber_klein,wp-content/uploads/2020/05/Huber_klein-1.jpg,https://www.gemeinde-merching.de/wp-content/uploads/2020/05/Huber_klein-1.jpg,image/jpeg,True,7028,bcc5df864c6eb14a58326d60731056ac3d0f1206698ee50de1f87ef77a97b07e,0,True,not verified,149,203,,,False,,candidate only; verify public references/parent before publishing
4595,Huber_klein2,wp-content/uploads/2020/05/Huber_klein2.jpg,https://www.gemeinde-merching.de/wp-content/uploads/2020/05/Huber_klein2.jpg,image/jpeg,True,8885,243a85bd4bea80f4b2049d6ced8c4a625b1aa6b6ea0697c8b8bee32fbab1e11e,0,True,not verified,161,239,,,False,,candidate only; verify public references/parent before publishing
4597,Huber_klein2,wp-content/uploads/2020/05/Huber_klein2-1.jpg,https://www.gemeinde-merching.de/wp-content/uploads/2020/05/Huber_klein2-1.jpg,image/jpeg,True,6561,fa5b53ac5e34dafeb439c1d6143d918f798801ebc59fdabdbf5fd411cf0d8ca4,0,True,not verified,137,203,,,False,,candidate only; verify public references/parent before publishing
4604,7_9Natalie Lang_klein,wp-content/uploads/2020/05/7_9Natalie-Lang_klein.jpg,https://www.gemeinde-merching.de/wp-content/uploads/2020/05/7_9Natalie-Lang_klein.jpg,image/jpeg,True,4609,a4f7baf34586337190ba2a07a96ec391ead6bd1ee19286a20ca6dd78ce86eb2f,2316,True,not verified,127,177,,,False,publish,candidate only; verify public references/parent before publishing
4623,httpswww.gemeinde-merching.dewp-contentuploadslink-library-images9.jpg,wp-content/uploads/link-library-images/9.jpg,https://www.gemeinde-merching.de/wp-content/uploads/link-library-images/9.jpg,image/jpeg,True,8046,095ea0b28f7fd4394f5cf8b0def805acbeacdf3d5e83b566be2a99d8ed4102fb,3811,True,not verified,118,68,,,False,private,candidate only; verify public references/parent before publishing
4624,httpswww.gemeinde-merching.dewp-contentuploads201701Logo-Bürgernetz-e1484639317192.png,wp-content/uploads/2017/01/Logo-Bürgernetz-e1484639317192.png,https://www.gemeinde-merching.de/wp-content/uploads/2017/01/Logo-Bürgernetz-e1484639317192.png,image/png,True,3447,4f01b8f79cb1fdf1ef6f06e44bdeea4777893ebd242e4c2ab4cccdf8914ce0ff,3870,True,not verified,118,37,,,False,private,candidate only; verify public references/parent before publishing
4625,httpswww.gemeinde-merching.dewp-contentuploadslink-library-images68.jpg,wp-content/uploads/link-library-images/68.jpg,https://www.gemeinde-merching.de/wp-content/uploads/link-library-images/68.jpg,image/jpeg,True,2456,a04a12475cd106777eaf7dc1eaba0c7115fa52db5c6b5998f397e852816f1ae1,3858,True,not verified,118,111,,,False,private,candidate only; verify public references/parent before publishing
4654,Wieja_klein,wp-content/uploads/2020/05/Wieja_klein.jpg,https://www.gemeinde-merching.de/wp-content/uploads/2020/05/Wieja_klein.jpg,image/jpeg,True,14642,c8aac608c12753478363f257f44ce24245a227b5f1599f1b77215050a086056f,0,True,not verified,127,177,,,False,,candidate only; verify public references/parent before publishing
4660,IMG_7090 - mini 2,wp-content/uploads/2020/05/IMG_7090-mini-2.jpg,https://www.gemeinde-merching.de/wp-content/uploads/2020/05/IMG_7090-mini-2.jpg,image/jpeg,True,16267,02aa475b055d1a4e1b8351ba4df395e3457f725c80272d9e03db0fe4aff82f9e,0,True,not verified,180,239,,,False,,candidate only; verify public references/parent before publishing
4662,IMG_7090 - mikro,wp-content/uploads/2020/05/IMG_7090-mikro.jpg,https://www.gemeinde-merching.de/wp-content/uploads/2020/05/IMG_7090-mikro.jpg,image/jpeg,True,12180,3715fc4e8cba402cf7787d9994b522899f316d2b6f75d43017424c668fd7c00b,0,True,not verified,90,120,,,True,,candidate only; verify public references/parent before publishing
4671,1. Bürgermeister Helmut Luichtl,wp-content/uploads/2020/05/1-Luichtl2-micro.jpg,https://www.gemeinde-merching.de/wp-content/uploads/2020/05/1-Luichtl2-micro.jpg,image/jpeg,True,7245,e2b6413e6f343988ce01559a36a6cfe141a09ca300b2ec6cf24ac4a4b5013aca,51,True,not verified,90,124,,,True,publish,candidate only; verify public references/parent before publishing
9973,Stellplatzsatzung der Gemeinde Merching vom 08.09.2025,wp-content/uploads/2025/09/Stellplatzsatzung-der-Gemeinde-Merching-vom-08.09.2025.pdf,https://www.gemeinde-merching.de/wp-content/uploads/2025/09/Stellplatzsatzung-der-Gemeinde-Merching-vom-08.09.2025.pdf,application/pdf,True,214194,d0d780303471d780210bdf3dad0a7b54d9ce01386a56cc3f12d074da956a195c,9972,True,not verified,,,,,False,publish,candidate only; verify public references/parent before publishing
9969,Bekanntmachung Stellplatzsatzung vom 08.09.2025,wp-content/uploads/2025/09/Bekanntmachung-Stellplatzsatzung-vom-08.09.2025.pdf,https://www.gemeinde-merching.de/wp-content/uploads/2025/09/Bekanntmachung-Stellplatzsatzung-vom-08.09.2025.pdf,application/pdf,True,120811,6968f504cf12dbf0a1253ac3f7d225022804f278f25d2c24874e83b4ac89ce24,9968,True,not verified,,,,,False,publish,candidate only; verify public references/parent before publishing
4726,Abgesagt,wp-content/uploads/2020/05/barrier-4968021_1280.jpg,https://www.gemeinde-merching.de/wp-content/uploads/2020/05/barrier-4968021_1280.jpg,image/jpeg,True,293287,1b6c331c9b0aad4e44f55b2bdb61924fb7adf6d835f67d45dc84c3fcb9b1a8bf,0,True,not verified,1280,853,,,True,,candidate only; verify public references/parent before publishing
4698,Fragebogen_Gemeinde_Selbstauskunft,wp-content/uploads/2020/05/Fragebogen_Gemeinde_Selbstauskunft.pdf,https://www.gemeinde-merching.de/wp-content/uploads/2020/05/Fragebogen_Gemeinde_Selbstauskunft.pdf,application/pdf,True,465875,6cfd362d1c23c5984402a992eaea3069d73f24b10d36dfeee3d52de66d674849,4697,True,not verified,,,,,False,publish,candidate only; verify public references/parent before publishing
4702,coronavirus-4914026_1280,wp-content/uploads/2020/05/coronavirus-4914026_1280-e1601544660211.jpg,https://www.gemeinde-merching.de/wp-content/uploads/2020/05/coronavirus-4914026_1280-e1601544660211.jpg,image/jpeg,True,7477,cf503215924ab61ec532438fe29d9f344bcd6c029c7f9e14d787b58ef635895d,0,True,not verified,225,150,,,True,,candidate only; verify public references/parent before publishing
4711,Kategorien mit iDs,wp-content/uploads/2020/05/Kategorien-mit-iDs.jpg,https://www.gemeinde-merching.de/wp-content/uploads/2020/05/Kategorien-mit-iDs.jpg,image/jpeg,True,109291,0825527d6a0a508dc1a7f332df0243d4a5e42687fe398b30f17b37fea765dd3c,4710,True,not verified,1529,895,,,False,publish,candidate only; verify public references/parent before publishing
4727,Abgesagt,wp-content/uploads/2020/05/barrier-4967989_1280.jpg,https://www.gemeinde-merching.de/wp-content/uploads/2020/05/barrier-4967989_1280.jpg,image/jpeg,True,142531,0270be22c5c466baffe6a6bcac753f0613d99f3b00d68a726c06551166989257,0,True,not verified,1280,853,,,True,,candidate only; verify public references/parent before publishing
4754,kalender-7,wp-content/uploads/2020/05/kalender-7.jpg,https://www.gemeinde-merching.de/wp-content/uploads/2020/05/kalender-7.jpg,image/jpeg,True,111794,9476bab993430c52ffa7e86f0e805e9358595a398aa195d8327f7fe3a455d938,4753,True,not verified,2150,748,,,False,publish,candidate only; verify public references/parent before publishing
4755,kalender-6,wp-content/uploads/2020/05/kalender-6.jpg,https://www.gemeinde-merching.de/wp-content/uploads/2020/05/kalender-6.jpg,image/jpeg,True,27026,305ffec12fae36ad0cff29eb7d3e9e290ed5e2fe2efa2ae6d05aa6d89895dadc,4753,True,not verified,1335,137,,,False,publish,candidate only; verify public references/parent before publishing
4756,kalender-5,wp-content/uploads/2020/05/kalender-5.jpg,https://www.gemeinde-merching.de/wp-content/uploads/2020/05/kalender-5.jpg,image/jpeg,True,151250,d6aa16fd1fdd4173878a248e485607624b793dfbab835c21b4a73416231ee416,4753,True,not verified,1489,1077,,,False,publish,candidate only; verify public references/parent before publishing
4757,kalender-4,wp-content/uploads/2020/05/kalender-4.jpg,https://www.gemeinde-merching.de/wp-content/uploads/2020/05/kalender-4.jpg,image/jpeg,True,191379,3e5ccf191cd5869375054bd7050eecb7e3b6d8b214273a40e94d45c089983d07,4753,True,not verified,2090,1210,,,False,publish,candidate only; verify public references/parent before publishing
4758,kalender-3,wp-content/uploads/2020/05/kalender-3.jpg,https://www.gemeinde-merching.de/wp-content/uploads/2020/05/kalender-3.jpg,image/jpeg,True,135029,49121af68c4a0efc0d846cd23ce33e6d1382154c4f037591b2159cefc8f88e40,4753,True,not verified,2352,684,,,False,publish,candidate only; verify public references/parent before publishing
4759,kalender-2,wp-content/uploads/2020/05/kalender-2.jpg,https://www.gemeinde-merching.de/wp-content/uploads/2020/05/kalender-2.jpg,image/jpeg,True,65407,82f47ef8f770779ec59e2d06acebdcd49344dad8d1ba87b12d008717c528a181,4753,True,not verified,1105,591,,,False,publish,candidate only; verify public references/parent before publishing
4760,kalender-1,wp-content/uploads/2020/05/kalender-1.jpg,https://www.gemeinde-merching.de/wp-content/uploads/2020/05/kalender-1.jpg,image/jpeg,True,64932,a87fcf0d1eeb5cc71c191d179d3b2aa3ce0cb730ac95af24b1c69cd1a7ed7710,4753,True,not verified,1045,481,,,False,publish,candidate only; verify public references/parent before publishing
4762,kalender-sort,wp-content/uploads/2020/05/kalender-sort.jpg,https://www.gemeinde-merching.de/wp-content/uploads/2020/05/kalender-sort.jpg,image/jpeg,True,57077,c608ed1a839f4b5177495a6be1211bda6066bf4b3ca7104c032bb10460673a53,4753,True,not verified,1697,544,,,False,publish,candidate only; verify public references/parent before publishing
4776,Wappen dunkel,wp-content/uploads/2020/05/Beitragsbild_Logo_Merching-2.jpg,https://www.gemeinde-merching.de/wp-content/uploads/2020/05/Beitragsbild_Logo_Merching-2.jpg,image/jpeg,True,10993,daadae9563a232b9871842e88e50e164224e96fcc7df5d2b4f6b57ec5535e80a,0,True,not verified,180,180,,,False,,candidate only; verify public references/parent before publishing
4782,children-3566360_640,wp-content/uploads/2020/05/children-3566360_640.jpg,https://www.gemeinde-merching.de/wp-content/uploads/2020/05/children-3566360_640.jpg,image/jpeg,True,63754,824eb04655695bf5362b28b09f507795673f1e93693915c4e661771f10945d45,255,True,not verified,640,426,,,True,publish,candidate only; verify public references/parent before publishing
4789,money-1005464_640,wp-content/uploads/2020/05/money-1005464_640.jpg,https://www.gemeinde-merching.de/wp-content/uploads/2020/05/money-1005464_640.jpg,image/jpeg,True,38050,90029c8a3435fbe1f8edf54f9d8696554af5e850ae5958e35d67fbfde9def746,0,True,not verified,640,369,,,True,,candidate only; verify public references/parent before publishing
4798,room-2365613_640,wp-content/uploads/2020/05/room-2365613_640.jpg,https://www.gemeinde-merching.de/wp-content/uploads/2020/05/room-2365613_640.jpg,image/jpeg,True,75186,23991240fc66ec393ba8340323e8ba8dc6f83c16c6b0819b40f354fd3c8e0eee,0,True,not verified,640,573,,,True,,candidate only; verify public references/parent before publishing
4799,rails-3309912_640,wp-content/uploads/2020/05/rails-3309912_640.jpg,https://www.gemeinde-merching.de/wp-content/uploads/2020/05/rails-3309912_640.jpg,image/jpeg,True,134799,18bef54be6872d70c9720e74e97e751997aaa708a3a777ef6c6da72c99e934a1,0,True,not verified,640,426,,,True,,candidate only; verify public references/parent before publishing
4800,rad-3553814_640,wp-content/uploads/2020/05/rad-3553814_640.jpg,https://www.gemeinde-merching.de/wp-content/uploads/2020/05/rad-3553814_640.jpg,image/jpeg,True,56783,80b4d288020f9098ab71c0592392c2057f11827b1fb791d729340e4262bf282d,0,True,not verified,640,427,,,True,,candidate only; verify public references/parent before publishing
4801,stand-paddling-4517331_640,wp-content/uploads/2020/05/stand-paddling-4517331_640.jpg,https://www.gemeinde-merching.de/wp-content/uploads/2020/05/stand-paddling-4517331_640.jpg,image/jpeg,True,66639,1881c34705306b3781c1db4353b9cffd00472d1396b4aca57bec3eaee48437f5,0,True,not verified,640,380,,,True,,candidate only; verify public references/parent before publishing
4802,stocking-1701768_640,wp-content/uploads/2020/05/stocking-1701768_640.jpg,https://www.gemeinde-merching.de/wp-content/uploads/2020/05/stocking-1701768_640.jpg,image/jpeg,True,84997,c6b84940b720a59cd3489e5f27b3333cfbcc1807ad88f3175a2253b7cf7a30d1,0,True,not verified,640,427,,,True,,candidate only; verify public references/parent before publishing
4803,network-cable-2245837_640,wp-content/uploads/2020/05/network-cable-2245837_640.jpg,https://www.gemeinde-merching.de/wp-content/uploads/2020/05/network-cable-2245837_640.jpg,image/jpeg,True,29786,e1c75a11d4c0f400a9f0e24da675253df9290b0b30a9042d787431524867fc49,0,True,not verified,640,425,,,True,,candidate only; verify public references/parent before publishing
4804,cutlery-1313930_640,wp-content/uploads/2020/05/cutlery-1313930_640.jpg,https://www.gemeinde-merching.de/wp-content/uploads/2020/05/cutlery-1313930_640.jpg,image/jpeg,True,65113,0c08e9b42788fc42e363713975133d74237354c496d08685b9bad056e8c03ba6,0,True,not verified,640,480,,,True,,candidate only; verify public references/parent before publishing
4805,dog-2561134_640,wp-content/uploads/2020/05/dog-2561134_640.jpg,https://www.gemeinde-merching.de/wp-content/uploads/2020/05/dog-2561134_640.jpg,image/jpeg,True,42988,127c09300dafff5e374bcd025feba277f984cd60a3520a24ff0696f42b42eed4,0,True,not verified,640,426,,,True,,candidate only; verify public references/parent before publishing
4806,Wassertropfen,wp-content/uploads/2020/05/drops-of-water-578897_640.jpg,https://www.gemeinde-merching.de/wp-content/uploads/2020/05/drops-of-water-578897_640.jpg,image/jpeg,True,40319,d493e3282ee1f2a25546ef67fbd762dbe9f808027aa7b77027e19a641d1f1308,0,True,not verified,640,426,,,True,,candidate only; verify public references/parent before publishing
4808,child-1864718_640,wp-content/uploads/2020/05/child-1864718_640.jpg,https://www.gemeinde-merching.de/wp-content/uploads/2020/05/child-1864718_640.jpg,image/jpeg,True,42234,b7cb790c8b58267e8fb281f1bbdc0b7bfbe17e0e3918b9b856515ed366a4da37,0,True,not verified,640,426,,,True,,candidate only; verify public references/parent before publishing
4809,Bäcker-2561_640,wp-content/uploads/2020/05/Bäcker-2561_640.jpg,https://www.gemeinde-merching.de/wp-content/uploads/2020/05/Bäcker-2561_640.jpg,image/jpeg,True,76294,29545b0ac5f43cc84dcab2eebb9c914fba43ccb6e96cde8e7a9c67471b660a6e,0,True,not verified,640,426,,,True,,candidate only; verify public references/parent before publishing
4812,kids-1093758_640,wp-content/uploads/2020/05/kids-1093758_640.jpg,https://www.gemeinde-merching.de/wp-content/uploads/2020/05/kids-1093758_640.jpg,image/jpeg,True,59113,61b2156fcf892a6336cee950320ab040615dc99473cf86b2e545137fe422a58a,0,True,not verified,640,426,,,True,,candidate only; verify public references/parent before publishing
4813,sewer-pipes-2259514_640,wp-content/uploads/2020/05/sewer-pipes-2259514_640.jpg,https://www.gemeinde-merching.de/wp-content/uploads/2020/05/sewer-pipes-2259514_640.jpg,image/jpeg,True,53930,148839b4976a578fc9f44027e5f561701f2e23bd194f379108f244b2c0de7b79,0,True,not verified,640,426,,,True,,candidate only; verify public references/parent before publishing
4858,collage-merching,wp-content/uploads/2020/06/collage-merching.jpg,https://www.gemeinde-merching.de/wp-content/uploads/2020/06/collage-merching.jpg,image/jpeg,True,125014,85017548064688166239d3e3e1bafd446c317c65d923fb7563db52f4282c54a2,0,True,not verified,750,335,,,False,,candidate only; verify public references/parent before publishing
4887,Schulungsflyer_Mandichosee,wp-content/uploads/2020/06/Schulungsflyer_Mandichosee.pdf,https://www.gemeinde-merching.de/wp-content/uploads/2020/06/Schulungsflyer_Mandichosee.pdf,application/pdf,True,774771,187b00d3d377bc8eaca0ead999c2208840bfdcac007de66340aa63f409f21304,255,True,not verified,,,,,False,publish,candidate only; verify public references/parent before publishing
4893,Wasser-Splash,wp-content/uploads/2020/06/splashing-165192_640.jpg,https://www.gemeinde-merching.de/wp-content/uploads/2020/06/splashing-165192_640.jpg,image/jpeg,True,70538,830cb355260c70af40f30d9f1a32a199b860d6170cc882be9871dec53d60ee80,0,True,not verified,640,424,,,True,,candidate only; verify public references/parent before publishing
4894,Wassertropfen einzeln,wp-content/uploads/2020/06/rain-455124_640.jpg,https://www.gemeinde-merching.de/wp-content/uploads/2020/06/rain-455124_640.jpg,image/jpeg,True,70717,9630740f3c1f61c20293358ac02d19ed1bfe2b1bf73305fd9a77267e49e7a060,0,True,not verified,640,371,,,True,,candidate only; verify public references/parent before publishing
4899,,wp-content/uploads/2020/06/Wappen-alternativ.png,https://www.gemeinde-merching.de/wp-content/uploads/2020/06/Wappen-alternativ.png,image/png,True,29092,98cb253fdc62fa50505ac2f3cdf41cc9c50b0030d6c900267e55e15f69625bdf,0,True,not verified,138,128,,,True,,candidate only; verify public references/parent before publishing
4903,fund-office-2516068_640,wp-content/uploads/2020/06/fund-office-2516068_640.jpg,https://www.gemeinde-merching.de/wp-content/uploads/2020/06/fund-office-2516068_640.jpg,image/jpeg,True,96601,a811b0dda556c2039e651826e52b6a98f4911c9cbd0e05cadfa5ff4ec5282fb9,0,True,not verified,424,640,,,True,,candidate only; verify public references/parent before publishing
4920,Wappen weiß,wp-content/uploads/2020/06/Beitragsbild_Logo_Merching-2-150x150-1.jpg,https://www.gemeinde-merching.de/wp-content/uploads/2020/06/Beitragsbild_Logo_Merching-2-150x150-1.jpg,image/jpeg,True,9430,81bd8c115adccd3212edcd40f4cec285878a1d9c58c08bcdc5a6ff3fb5ed00a4,0,True,not verified,150,150,,,True,,candidate only; verify public references/parent before publishing
4946,Banner_1,wp-content/uploads/2020/06/Banner_1.jpg,https://www.gemeinde-merching.de/wp-content/uploads/2020/06/Banner_1.jpg,image/jpeg,True,26435,e61258b5a5321d1ad577ba3649bd424db3d27dfe9ad2d67591a6278a52762507,0,True,not verified,120,600,,,False,,candidate only; verify public references/parent before publishing
4944,Willkommen in Merching,wp-content/uploads/2020/06/collage-merching-8.jpg,https://www.gemeinde-merching.de/wp-content/uploads/2020/06/collage-merching-8.jpg,image/jpeg,True,148238,79ea3effab69d8302d75f791c0eed46b0f0b8ccf5d6711f0ec6f7f916db23418,51,True,not verified,750,333,,,True,publish,candidate only; verify public references/parent before publishing
4957,Schlüssel-Symbol,wp-content/uploads/2020/06/Schluessel-I.png,https://www.gemeinde-merching.de/wp-content/uploads/2020/06/Schluessel-I.png,image/png,True,13224,09d3a26a232b97ac9c02eef45f9d5b96ae97d670c3a36f795b76e1429120bfac,0,True,not verified,100,50,,,True,,candidate only; verify public references/parent before publishing
4958,Fahrrad Symbol,wp-content/uploads/2020/06/Fahrrad.png,https://www.gemeinde-merching.de/wp-content/uploads/2020/06/Fahrrad.png,image/png,True,5630,e70f72cef11054a6f4f3c1b7dc4de42b9b58a44bc210849c4468f144b1c7cbe9,0,True,not verified,100,58,,,True,,candidate only; verify public references/parent before publishing
4959,Halskette Symbol,wp-content/uploads/2020/06/Kette.png,https://www.gemeinde-merching.de/wp-content/uploads/2020/06/Kette.png,image/png,True,139763,1767e92ed10b3b483e9aa100a46d8553acdc51081938b47e6786cddf21287155,0,True,not verified,100,97,,,True,,candidate only; verify public references/parent before publishing
5159,glossar-eintraege-erstellen-1,wp-content/uploads/2020/09/glossar-eintraege-erstellen-1.jpg,https://www.gemeinde-merching.de/wp-content/uploads/2020/09/glossar-eintraege-erstellen-1.jpg,image/jpeg,True,102254,8c071a7a86af1b78a29d46fab87181ad1df89d4578276df3d6e2530ab7246b9d,5158,True,not verified,867,926,,,False,publish,candidate only; verify public references/parent before publishing
5066,Dominikus u. Lorena bei der Schnitzeljagd,wp-content/uploads/2020/07/Dominikus-u.-Lorena-bei-der-Schnitzeljagd.png,https://www.gemeinde-merching.de/wp-content/uploads/2020/07/Dominikus-u.-Lorena-bei-der-Schnitzeljagd.png,image/png,True,1053727,94e700100e7fba9ba96f9461d462127d277175fad8a6079a795362b02b7fe504,0,True,not verified,703,543,,,True,,candidate only; verify public references/parent before publishing
5413,Nachhaltigkeit-Symbol,wp-content/uploads/2020/12/nature-3294632_1920.jpg,https://www.gemeinde-merching.de/wp-content/uploads/2020/12/nature-3294632_1920.jpg,image/jpeg,True,330991,f7dbaa0b3d6da65c9ddb0d386c21718ddcb91beed3150a2eb8554dc100f6f04e,0,True,not verified,1920,1279,,,True,,candidate only; verify public references/parent before publishing
5035,Rathaus-2020,wp-content/uploads/2020/07/Rathaus-2020.jpg,https://www.gemeinde-merching.de/wp-content/uploads/2020/07/Rathaus-2020.jpg,image/jpeg,True,573306,f4f29add3a77c01e478a864358c17503b1d699cb430faf08e86ab1cc67106f8f,0,True,not verified,2040,1414,,,True,,candidate only; verify public references/parent before publishing
5037,Willkommen in Merching,wp-content/uploads/2020/07/collage-merching-9.jpg,https://www.gemeinde-merching.de/wp-content/uploads/2020/07/collage-merching-9.jpg,image/jpeg,True,128494,50eef4132936d171b52aa250eb33bb2abf4c04c43253545b1f1c4e312eaad257,51,True,not verified,750,333,,,True,publish,candidate only; verify public references/parent before publishing
5052,Ferienprogramm 2016 012,wp-content/uploads/2020/07/Ferienprogramm-2016-012-scaled.jpg,https://www.gemeinde-merching.de/wp-content/uploads/2020/07/Ferienprogramm-2016-012-scaled.jpg,image/jpeg,True,719663,4afa0257dc894d2c689456cd4ab3432be1be5287f71e415c93f264b5cfd0e06a,0,True,not verified,2560,1704,wp-content/uploads/2020/07/Ferienprogramm-2016-012.jpg,True,True,,candidate only; verify public references/parent before publishing
5322,Logo_Allianz_fuer_Cyber-Sicherheit_Teilnehmer,wp-content/uploads/2020/10/Logo_Allianz_fuer_Cyber-Sicherheit_Teilnehmer.jpg,https://www.gemeinde-merching.de/wp-content/uploads/2020/10/Logo_Allianz_fuer_Cyber-Sicherheit_Teilnehmer.jpg,image/jpeg,True,13260,5f787c55cee2e828f2c04702e79c0532d5f0278b230b489be6c6c86623c7ad2b,0,True,not verified,282,109,,,True,,candidate only; verify public references/parent before publishing
9852,Absage,wp-content/uploads/2025/07/Absage.png,https://www.gemeinde-merching.de/wp-content/uploads/2025/07/Absage.png,image/png,True,668747,39867cd35ff4ccb60344bfb40b70441b9b6131b4658f362837e76f5cc161a468,0,True,not verified,1280,851,,,True,,candidate only; verify public references/parent before publishing
5117,Bildschirmfoto-groessere-schrift-einstellen,wp-content/uploads/2020/09/Bildschirmfoto-groessere-schrift-einstellen.jpg,https://www.gemeinde-merching.de/wp-content/uploads/2020/09/Bildschirmfoto-groessere-schrift-einstellen.jpg,image/jpeg,True,203040,aedb23c2daa0c5a888bec3d5234bf9addb9decd90e00419b7352022173d5b43a,0,True,not verified,1506,1116,,,False,,candidate only; verify public references/parent before publishing
5122,Bildschirmfoto-beispiel-leichte-sprache,wp-content/uploads/2020/09/Bildschirmfoto-beispiel-leichte-sprache.jpg,https://www.gemeinde-merching.de/wp-content/uploads/2020/09/Bildschirmfoto-beispiel-leichte-sprache.jpg,image/jpeg,True,193315,450a5ee9f0c4ec8088734b7dae77c598705c1a2408f00a229089b52e91f81fba,0,True,not verified,1503,1092,,,True,,candidate only; verify public references/parent before publishing
5125,Bildschirmfoto-starken-kontrast-einstellen,wp-content/uploads/2020/09/Bildschirmfoto-starken-kontrast-einstellen.jpg,https://www.gemeinde-merching.de/wp-content/uploads/2020/09/Bildschirmfoto-starken-kontrast-einstellen.jpg,image/jpeg,True,219712,a59259ee6ac67a980f540dccb310dbbcd212312d2da05289858b7ce43aa65e5b,0,True,not verified,1507,1161,,,True,,candidate only; verify public references/parent before publishing
5126,Bildschirmfoto-alle-links-sind-unterstrichen,wp-content/uploads/2020/09/Bildschirmfoto-alle-links-sind-unterstrichen.jpg,https://www.gemeinde-merching.de/wp-content/uploads/2020/09/Bildschirmfoto-alle-links-sind-unterstrichen.jpg,image/jpeg,True,176244,25b6d71a711826696f5f63e02fb6f3b51854c5f01d6c3ec314bfc3d54e61089c,0,True,not verified,1505,873,,,True,,candidate only; verify public references/parent before publishing
5127,Bildschirmfoto-Browser-zoomen-menue,wp-content/uploads/2020/09/Bildschirmfoto-Browser-zoomen-menue.jpg,https://www.gemeinde-merching.de/wp-content/uploads/2020/09/Bildschirmfoto-Browser-zoomen-menue.jpg,image/jpeg,True,149717,0209bcca471d8f5bafbc14c23fbff718f2380fe287cb72af91f256755101d2b1,0,True,not verified,1530,764,,,True,,candidate only; verify public references/parent before publishing
5128,Bildschirmfoto-Browser-zoomen,wp-content/uploads/2020/09/Bildschirmfoto-Browser-zoomen.jpg,https://www.gemeinde-merching.de/wp-content/uploads/2020/09/Bildschirmfoto-Browser-zoomen.jpg,image/jpeg,True,180714,8b209d59f67e807541b99bc050517c51c616b7015594ad92bbfaea6df0e9bf78,0,True,not verified,1649,1103,,,True,,candidate only; verify public references/parent before publishing
6976,"Rathaus, Ansicht von der Hauptstraße",wp-content/uploads/2022/12/Rathaus-2020-neu-scaled.jpeg,https://www.gemeinde-merching.de/wp-content/uploads/2022/12/Rathaus-2020-neu-scaled.jpeg,image/jpeg,True,872147,033488eaba7c91131f5a96511a7880a2859956071c07f9a08e410f962c4aef0f,51,True,not verified,2560,1920,wp-content/uploads/2022/12/Rathaus-2020-neu.jpeg,True,True,publish,candidate only; verify public references/parent before publishing
9141,Öffentliche Bekanntmachung,wp-content/uploads/2024/11/Oeffentliche-Bekanntmachung.pdf,https://www.gemeinde-merching.de/wp-content/uploads/2024/11/Oeffentliche-Bekanntmachung.pdf,application/pdf,True,440936,9d4b23459e9f0d57e934253d4e0b90adf2eec00026faf45db38e602a05f3f70b,0,True,not verified,,,,,False,,candidate only; verify public references/parent before publishing
9143,Schallschutztechnische Untersuchung - Anlagen,wp-content/uploads/2024/11/Schallschutztechnische-Untersuchung-Anlagen.pdf,https://www.gemeinde-merching.de/wp-content/uploads/2024/11/Schallschutztechnische-Untersuchung-Anlagen.pdf,application/pdf,True,1700627,882eb45d383acae8ebfc942772332f66776286a23054a90a5a6f91cf2c1623df,0,True,not verified,,,,,False,,candidate only; verify public references/parent before publishing
9147,Zusammenfassende Erklärung,wp-content/uploads/2024/11/Zusammenfassende-Erklaerung.pdf,https://www.gemeinde-merching.de/wp-content/uploads/2024/11/Zusammenfassende-Erklaerung.pdf,application/pdf,True,1174688,47b32f822cfabb1e68c9d39055d67a4e96c594390a9bea53a44ee90736c5ce4e,0,True,not verified,,,,,False,,candidate only; verify public references/parent before publishing
9145,Schalltechnische Untersuchung 11-05.2023,wp-content/uploads/2024/11/Schalltechnische-Untersuchung-11-05.2023.pdf,https://www.gemeinde-merching.de/wp-content/uploads/2024/11/Schalltechnische-Untersuchung-11-05.2023.pdf,application/pdf,True,1034020,b6e55be82dd6a044b7df2672037adc76bd82db720d3a82776daa7221f01c010b,0,True,not verified,,,,,False,,candidate only; verify public references/parent before publishing
5160,glossar-eintraege-erstellen-2,wp-content/uploads/2020/09/glossar-eintraege-erstellen-2.jpg,https://www.gemeinde-merching.de/wp-content/uploads/2020/09/glossar-eintraege-erstellen-2.jpg,image/jpeg,True,204278,2d751a51549760cadff2c86486ae90510d7461b498289e104704cec05b33ad79,5158,True,not verified,2530,974,,,False,publish,candidate only; verify public references/parent before publishing
5161,Glossarerklärung,wp-content/uploads/2020/09/glossar-eintraege-erstellen-3.jpg,https://www.gemeinde-merching.de/wp-content/uploads/2020/09/glossar-eintraege-erstellen-3.jpg,image/jpeg,True,260092,345d9bf0181c68451940e55b376910f42a5494b8fc775b29975b6b0f92de4b00,5158,True,not verified,2092,725,,,True,publish,candidate only; verify public references/parent before publishing
5162,glossar-eintraege-erstellen-4,wp-content/uploads/2020/09/glossar-eintraege-erstellen-4.jpg,https://www.gemeinde-merching.de/wp-content/uploads/2020/09/glossar-eintraege-erstellen-4.jpg,image/jpeg,True,107696,f9a4a92c9e6121d12fe0af187022b42e3411d1a13acf632b2dd484c2233a1d3d,5158,True,not verified,1510,824,,,False,publish,candidate only; verify public references/parent before publishing
5163,glossar-eintraege-erstellen-5,wp-content/uploads/2020/09/glossar-eintraege-erstellen-5.jpg,https://www.gemeinde-merching.de/wp-content/uploads/2020/09/glossar-eintraege-erstellen-5.jpg,image/jpeg,True,51160,8a6814bd7142a168366214f7b927051adb14e12b2a7467c2639e7904884c77a5,5158,True,not verified,757,465,,,False,publish,candidate only; verify public references/parent before publishing
5164,glossar-eintraege-erstellen-6,wp-content/uploads/2020/09/glossar-eintraege-erstellen-6.jpg,https://www.gemeinde-merching.de/wp-content/uploads/2020/09/glossar-eintraege-erstellen-6.jpg,image/jpeg,True,241625,ebcff99aae5ba9baf15004e4e52256bb6c06f2022000bee5b2467cc5f87b0ebd,5158,True,not verified,1191,1218,,,False,publish,candidate only; verify public references/parent before publishing
10431,Gemeinderatswahl-Bekanntmachung_Wahlergebnis_Anl_17_Homepage,wp-content/uploads/2026/03/Gemeinderatswahl-Bekanntmachung_Wahlergebnis_Anl_17_Homepage.pdf,https://www.gemeinde-merching.de/wp-content/uploads/2026/03/Gemeinderatswahl-Bekanntmachung_Wahlergebnis_Anl_17_Homepage.pdf,application/pdf,True,191805,611f20c6be98f680e15c45f037ecfc3dc9778c7721ca18749c467e1e2fb0d6e8,10430,True,not verified,,,,,False,publish,candidate only; verify public references/parent before publishing
5190,Bayernwerk Highspeed Initiative,wp-content/uploads/2020/09/Banner-Gemeindewebsite-Merching-1009x714_final-1.jpg,https://www.gemeinde-merching.de/wp-content/uploads/2020/09/Banner-Gemeindewebsite-Merching-1009x714_final-1.jpg,image/jpeg,True,425209,9bcfa893449f351a27f63e8a60556a4802e61655f4cc55a5d78a2a09c02a3ac9,0,True,not verified,1009,714,,,True,,candidate only; verify public references/parent before publishing
9076,Bekanntmachung Grd.St_HundeSt. 2025,wp-content/uploads/2024/11/Bekanntmachung-Grd.St_HundeSt.-2025.pdf,https://www.gemeinde-merching.de/wp-content/uploads/2024/11/Bekanntmachung-Grd.St_HundeSt.-2025.pdf,application/pdf,True,91000,9480d86c4210f2f2a758cd077c373577845a952c513aafa3b63ca78cb5866764,9075,True,not verified,,,,,False,publish,candidate only; verify public references/parent before publishing
5260,Spielplatz_Holleräcker_bearb,wp-content/uploads/2020/10/Spielplatz_Holleraecker_bearb.jpg,https://www.gemeinde-merching.de/wp-content/uploads/2020/10/Spielplatz_Holleraecker_bearb.jpg,image/jpeg,True,749173,60b9de9a1c4d5bea266ebcfff2ace89cb557b7eb157f56b98f477d83bc1bf987,0,True,not verified,1994,2535,,,True,,candidate only; verify public references/parent before publishing
5261,Spielplatz_Mandichosee,wp-content/uploads/2020/10/Spielplatz_Mandichosee-scaled.jpg,https://www.gemeinde-merching.de/wp-content/uploads/2020/10/Spielplatz_Mandichosee-scaled.jpg,image/jpeg,True,745548,1195ee231f8e5402a0d0b94ca6ec516320ef5265f2879fdd6bf7aa52d61f2229,251,True,not verified,2560,1920,wp-content/uploads/2020/10/Spielplatz_Mandichosee.jpg,True,True,publish,candidate only; verify public references/parent before publishing
5288,Aumiller Marianne,wp-content/uploads/2020/10/Aumiller-Marianne.jpg,https://www.gemeinde-merching.de/wp-content/uploads/2020/10/Aumiller-Marianne.jpg,image/jpeg,True,50064,42087e2217a778bcfb8f2df986ff07221d71366c200ab89fac6795be0066a790,0,True,not verified,90,120,,,True,,candidate only; verify public references/parent before publishing
5291,Brändle-Susanne,wp-content/uploads/2020/10/Braendle-Susanne.jpg,https://www.gemeinde-merching.de/wp-content/uploads/2020/10/Braendle-Susanne.jpg,image/jpeg,True,51355,e38f8658c571a77367e3d1dd8ea03b382a9b8cd0e80fe3e003b42530a9916362,0,True,not verified,90,120,,,True,,candidate only; verify public references/parent before publishing
5293,Weyland-Hanna,wp-content/uploads/2020/10/Weyland-Hanna.jpg,https://www.gemeinde-merching.de/wp-content/uploads/2020/10/Weyland-Hanna.jpg,image/jpeg,True,48904,1fc36f5c11ca0381e8c62c5a5135e2d829c4d88ac686100fc972be3fc6308132,0,True,not verified,90,120,,,True,,candidate only; verify public references/parent before publishing
5296,Egenhofer-Christine,wp-content/uploads/2020/10/Egenhofer-Christine.jpg,https://www.gemeinde-merching.de/wp-content/uploads/2020/10/Egenhofer-Christine.jpg,image/jpeg,True,49810,8b933985150894ba908d29d367a3fcd30c09b9ed78bb8423c5b607e53365c945,0,True,not verified,90,120,,,True,,candidate only; verify public references/parent before publishing
5298,Fieber-Rainer,wp-content/uploads/2020/10/Fieber-Rainer.jpg,https://www.gemeinde-merching.de/wp-content/uploads/2020/10/Fieber-Rainer.jpg,image/jpeg,True,50075,4001b44773eb18833eb1932b8aed36778c8a80567d42d6b1cea7645b95ddb144,0,True,not verified,90,120,,,True,,candidate only; verify public references/parent before publishing
5300,Geiger-Isabella,wp-content/uploads/2020/10/Geiger-Isabella.jpg,https://www.gemeinde-merching.de/wp-content/uploads/2020/10/Geiger-Isabella.jpg,image/jpeg,True,51078,d6ea0af2aaf7708a22a3e7ea1199c4eec6dd04547028f41b823132cc121a5582,0,True,not verified,90,120,,,True,,candidate only; verify public references/parent before publishing
5302,Hagen-Alexandra,wp-content/uploads/2020/10/Hagen-Alexandra.jpg,https://www.gemeinde-merching.de/wp-content/uploads/2020/10/Hagen-Alexandra.jpg,image/jpeg,True,50079,6f0f212fc98ecd45d47b979d13569940c0b5bf69eebb6ce10da78bc30f0ac77d,0,True,not verified,90,120,,,True,,candidate only; verify public references/parent before publishing
5306,Krauser-Birgit,wp-content/uploads/2020/10/Krauser-Birgit.jpg,https://www.gemeinde-merching.de/wp-content/uploads/2020/10/Krauser-Birgit.jpg,image/jpeg,True,49331,f059d98c9ffe88a8f52def10e0d832c7f7a9db2d7a09318b4befce8e0f399fea,0,True,not verified,90,120,,,True,,candidate only; verify public references/parent before publishing
5308,Heyer-Clarissa,wp-content/uploads/2020/10/Heyer-Clarissa.jpg,https://www.gemeinde-merching.de/wp-content/uploads/2020/10/Heyer-Clarissa.jpg,image/jpeg,True,49138,a92b8b4da7afb1c46b493063fb2743bbf373db499c0367c8248e21db848f9bf9,0,True,not verified,90,120,,,True,,candidate only; verify public references/parent before publishing
5309,Müller-Katharina,wp-content/uploads/2020/10/Mueller-Katharina.jpg,https://www.gemeinde-merching.de/wp-content/uploads/2020/10/Mueller-Katharina.jpg,image/jpeg,True,48725,f28c4bf92b97c28a496184ebb843f14d9f8c473ce2012373ecf6e52ef7f35ea3,0,True,not verified,90,120,,,True,,candidate only; verify public references/parent before publishing
5312,Stadtherr-Hans,wp-content/uploads/2020/10/Stadtherr-Hans.jpg,https://www.gemeinde-merching.de/wp-content/uploads/2020/10/Stadtherr-Hans.jpg,image/jpeg,True,49186,64498edc216015637ded0cac4738ff82a7d506efc0586bac6cbea06e1af08c7a,0,True,not verified,90,120,,,True,,candidate only; verify public references/parent before publishing
5316,Schimpfle-Thomas,wp-content/uploads/2020/10/Schimpfle-Thomas.jpg,https://www.gemeinde-merching.de/wp-content/uploads/2020/10/Schimpfle-Thomas.jpg,image/jpeg,True,50625,3fa88e052caf74b3fc860eb54fc811c60c848530807be4a0ba0209b5a19bc2f1,0,True,not verified,90,120,,,True,,candidate only; verify public references/parent before publishing
5336,Heyer-Clarissa,wp-content/uploads/2020/10/Heyer-Clarissa-1.jpg,https://www.gemeinde-merching.de/wp-content/uploads/2020/10/Heyer-Clarissa-1.jpg,image/jpeg,True,50042,79dff9cdaae6d83bf55a8e2eee026edae5ae3214e004f4db05898072c9b023e8,0,True,not verified,90,120,,,True,,candidate only; verify public references/parent before publishing
5371,Fragebogen_Gemeinde_Selbstauskunft,wp-content/uploads/2020/11/Fragebogen_Gemeinde_Selbstauskunft.pdf,https://www.gemeinde-merching.de/wp-content/uploads/2020/11/Fragebogen_Gemeinde_Selbstauskunft.pdf,application/pdf,True,515024,efb8bea2a140089fba4be0d43b00df17dd791e3e27b201ee4961eae32c1124ce,0,True,not verified,,,,,False,,candidate only; verify public references/parent before publishing
5346,Müller-Katharina,wp-content/uploads/2020/10/Mueller-Katharina-1.jpg,https://www.gemeinde-merching.de/wp-content/uploads/2020/10/Mueller-Katharina-1.jpg,image/jpeg,True,49680,aac8cd0263c886bcfe154f66895e4f69d47e5bd7dc57a00b9e6d98f2da3c88d4,0,True,not verified,90,120,,,True,,candidate only; verify public references/parent before publishing
5348,Weyland-Hanna,wp-content/uploads/2020/10/Weyland-Hanna-1.jpg,https://www.gemeinde-merching.de/wp-content/uploads/2020/10/Weyland-Hanna-1.jpg,image/jpeg,True,51399,304fa63a081653d89346c9a44d82e6cc151bd7e0c19731880d0692a046fa1229,0,True,not verified,90,120,,,True,,candidate only; verify public references/parent before publishing
10077,eyeglasses-35598_1280,wp-content/uploads/2025/11/eyeglasses-35598_1280.webp,https://www.gemeinde-merching.de/wp-content/uploads/2025/11/eyeglasses-35598_1280.webp,image/webp,True,52406,d656f4948bbea021fead8546fb49afcaea3010b0ead441e88f6c2d48fcf2359f,0,True,not verified,1280,641,,,False,,candidate only; verify public references/parent before publishing
10079,Gemeindekurier November 2025,wp-content/uploads/2025/11/Gemeindekurier-November-2025.pdf,https://www.gemeinde-merching.de/wp-content/uploads/2025/11/Gemeindekurier-November-2025.pdf,application/pdf,True,798574,ee38dc476199920aa661c59569223a32dac2a49411e7ca04c31934d03a8d29a3,0,True,not verified,,,,,False,,candidate only; verify public references/parent before publishing
10080,November 2025 Anlage,wp-content/uploads/2025/11/November-2025-Anlage.pdf,https://www.gemeinde-merching.de/wp-content/uploads/2025/11/November-2025-Anlage.pdf,application/pdf,True,610394,6df9ad3ffe8b572ee7db56d2b685bf3c5d51b2cf47716217acef8abe1e59bb07,0,True,not verified,,,,,False,,candidate only; verify public references/parent before publishing
10082,Gemeindekurier November 2025,wp-content/uploads/2025/11/Gemeindekurier-November-2025-1.pdf,https://www.gemeinde-merching.de/wp-content/uploads/2025/11/Gemeindekurier-November-2025-1.pdf,application/pdf,True,798574,ee38dc476199920aa661c59569223a32dac2a49411e7ca04c31934d03a8d29a3,0,True,not verified,,,,,False,,candidate only; verify public references/parent before publishing
10084,November 2025 Anlage,wp-content/uploads/2025/11/November-2025-Anlage-1.pdf,https://www.gemeinde-merching.de/wp-content/uploads/2025/11/November-2025-Anlage-1.pdf,application/pdf,True,610394,6df9ad3ffe8b572ee7db56d2b685bf3c5d51b2cf47716217acef8abe1e59bb07,0,True,not verified,,,,,False,,candidate only; verify public references/parent before publishing
10089,Merkblatt zum richtigen Verhalten ggü. Wasser u. Zugvögeln LRA November 2025,wp-content/uploads/2025/11/Merkblatt-zum-richtigen-Verhalten-ggue.-Wasser-u.-Zugvoegeln-LRA-November-2025.pdf,https://www.gemeinde-merching.de/wp-content/uploads/2025/11/Merkblatt-zum-richtigen-Verhalten-ggue.-Wasser-u.-Zugvoegeln-LRA-November-2025.pdf,application/pdf,True,194397,9a0fa7382a73e32d7bfa1d2256797cdc2d9ee5d450d011b5f45042a59b595390,10088,True,not verified,,,,,False,publish,candidate only; verify public references/parent before publishing
5403,Banner Gemeindewebsite Merching 1009x714_Verlaengerung,wp-content/uploads/2020/11/Banner-Gemeindewebsite-Merching-1009x714_Verlaengerung.jpg,https://www.gemeinde-merching.de/wp-content/uploads/2020/11/Banner-Gemeindewebsite-Merching-1009x714_Verlaengerung.jpg,image/jpeg,True,423013,b3f11ba4729a1a8950b1047738947c6d4bff59516e70662907f32e19f5480e88,0,True,not verified,1009,714,,,False,,candidate only; verify public references/parent before publishing
8198,Verordnung der Gemeinde Merching über das Anbringen von Anschlägen u. Plakaten,wp-content/uploads/2023/12/Verordnung-der-Gemeinde-Merching-ueber-das-Anbringen-von-Anschlaegen-u.-Plakaten.pdf,https://www.gemeinde-merching.de/wp-content/uploads/2023/12/Verordnung-der-Gemeinde-Merching-ueber-das-Anbringen-von-Anschlaegen-u.-Plakaten.pdf,application/pdf,True,748752,c364a0a53cf41c50be1ec4a47d01e551887ff0b277e71e11cbb49974c14a445b,8197,True,not verified,,,,,False,draft,candidate only; verify public references/parent before publishing
8202,Amtsblatt 12a-2023=Jahrg. 78 Nr. 12a,wp-content/uploads/2023/12/Amtsblatt-12a-2023Jahrg.-78-Nr.-12a.pdf,https://www.gemeinde-merching.de/wp-content/uploads/2023/12/Amtsblatt-12a-2023Jahrg.-78-Nr.-12a.pdf,application/pdf,True,645003,66ced8a7a9a2eb3e0ddc3926697631c27cd0b54ab19bc6f376f750a5c6edb75c,0,True,not verified,,,,,False,,candidate only; verify public references/parent before publishing
5417,Beitragsbild Volkshochschule f. Homepage,wp-content/uploads/2020/12/Beitragsbild-Volkshochschule-f.-Homepage.jpg,https://www.gemeinde-merching.de/wp-content/uploads/2020/12/Beitragsbild-Volkshochschule-f.-Homepage.jpg,image/jpeg,True,19445,b9b52a5f5203e74a371811858e659992f17a9bcb14f752bf3269d57632e354e4,0,True,not verified,480,340,,,False,,candidate only; verify public references/parent before publishing
5418,Beitragsbild Volkshochschule f. Homepage,wp-content/uploads/2020/12/Beitragsbild-Volkshochschule-f.-Homepage-1.jpg,https://www.gemeinde-merching.de/wp-content/uploads/2020/12/Beitragsbild-Volkshochschule-f.-Homepage-1.jpg,image/jpeg,True,19445,b9b52a5f5203e74a371811858e659992f17a9bcb14f752bf3269d57632e354e4,0,True,not verified,480,340,,,True,,candidate only; verify public references/parent before publishing
5480,Jocher-Andreas,wp-content/uploads/2020/12/Jocher-Andreas.jpg,https://www.gemeinde-merching.de/wp-content/uploads/2020/12/Jocher-Andreas.jpg,image/jpeg,True,49368,2bfedbafc96a6ff492193fd643ff564c94e9073df152eac99a3925a178a390eb,0,True,not verified,90,120,,,True,,candidate only; verify public references/parent before publishing
5477,Limmer-Markus,wp-content/uploads/2020/12/Limmer-Markus.jpg,https://www.gemeinde-merching.de/wp-content/uploads/2020/12/Limmer-Markus.jpg,image/jpeg,True,50389,e7d35497809541c4f2c02ed9861ab34311c0d7f12ef6b659bcda7a7b327279bb,0,True,not verified,90,120,,,True,,candidate only; verify public references/parent before publishing
5478,Müller-Albert,wp-content/uploads/2020/12/Mueller-Albert.jpg,https://www.gemeinde-merching.de/wp-content/uploads/2020/12/Mueller-Albert.jpg,image/jpeg,True,50727,5ed05db420c58b3a6710f4b841ff120be71275fa2c93c60a3ddb4022bd2c8a54,0,True,not verified,90,120,,,True,,candidate only; verify public references/parent before publishing
5479,Steinhart-Andreas,wp-content/uploads/2020/12/Steinhart-Andreas.jpg,https://www.gemeinde-merching.de/wp-content/uploads/2020/12/Steinhart-Andreas.jpg,image/jpeg,True,48729,856371bc31b31322cebd743e201ef9b483df4745e8f618cb91334ab5d189d662,0,True,not verified,90,120,,,True,,candidate only; verify public references/parent before publishing
7620,BP34_Östl_Nebelhornstraße_Begründung_Entwurf_2023-05-04,wp-content/uploads/2023/06/BP34_Oestl_Nebelhornstrasse_Begruendung_Entwurf_2023-05-04.pdf,https://www.gemeinde-merching.de/wp-content/uploads/2023/06/BP34_Oestl_Nebelhornstrasse_Begruendung_Entwurf_2023-05-04.pdf,application/pdf,True,1330051,39837960810ec0941b8009b27901efb2e96c4fe62b93d95cd2917bad5f20bdc5,0,True,not verified,,,,,False,,candidate only; verify public references/parent before publishing
7621,BP34_Östl_Nebelhornstraße_Textteil_Entwurf_2023-05-04,wp-content/uploads/2023/06/BP34_Oestl_Nebelhornstrasse_Textteil_Entwurf_2023-05-04.pdf,https://www.gemeinde-merching.de/wp-content/uploads/2023/06/BP34_Oestl_Nebelhornstrasse_Textteil_Entwurf_2023-05-04.pdf,application/pdf,True,972477,88dd5c1f8f0d0455683d84550e449eefdf5b591d5b8b95adec85bb5025c6df52,0,True,not verified,,,,,False,,candidate only; verify public references/parent before publishing
7622,BP34_Östl_Nebenhornstraße_Planzeichnung_Entwurf_2023-05-04,wp-content/uploads/2023/06/BP34_Oestl_Nebenhornstrasse_Planzeichnung_Entwurf_2023-05-04.pdf,https://www.gemeinde-merching.de/wp-content/uploads/2023/06/BP34_Oestl_Nebenhornstrasse_Planzeichnung_Entwurf_2023-05-04.pdf,application/pdf,True,897719,328758a3a98661adbb51f0a2bac41eb687507a69653972a02db965138cce3e88,0,True,not verified,,,,,False,,candidate only; verify public references/parent before publishing
5490,Deckblatt,wp-content/uploads/2021/01/Deckblatt-e1610351802362.jpg,https://www.gemeinde-merching.de/wp-content/uploads/2021/01/Deckblatt-e1610351802362.jpg,image/jpeg,True,16801,bac2161148024ccd01b0eedb7bfd01e8b09aab806bee947a1efc91d550ab7baf,0,True,not verified,175,175,,,False,,candidate only; verify public references/parent before publishing
5503,Vollbild,wp-content/uploads/2021/01/Vollbild.png,https://www.gemeinde-merching.de/wp-content/uploads/2021/01/Vollbild.png,image/png,True,70156,8392561dec90f0332052f3c49bb5106f13f125af9c6fad5f79521e34c98e8539,5492,True,not verified,633,144,,,True,publish,candidate only; verify public references/parent before publishing
5508,Vollbild-II,wp-content/uploads/2021/01/Vollbild-II-1.png,https://www.gemeinde-merching.de/wp-content/uploads/2021/01/Vollbild-II-1.png,image/png,True,28109,405b91c0558f658c768bfc063fc4fd196d808f18f6d7e3c181ca31d797f6cc88,5492,True,not verified,633,144,,,False,publish,candidate only; verify public references/parent before publishing
5512,,wp-content/uploads/2021/01/corona-5174671_640.jpg,https://www.gemeinde-merching.de/wp-content/uploads/2021/01/corona-5174671_640.jpg,image/jpeg,True,73772,67497aadfa0eff6b5cbf68cb4a6d0e0d65827099fe42e2465522cfe2e98b8f38,0,True,not verified,640,427,,,True,,candidate only; verify public references/parent before publishing
5522,Feuerwehrfahrzeug Beispielbild,wp-content/uploads/2021/01/fire-4814115_1920-2.jpg,https://www.gemeinde-merching.de/wp-content/uploads/2021/01/fire-4814115_1920-2.jpg,image/jpeg,True,389351,f7c99d4523e9531002aecfedf8f93084ff27829b51ca675cfc4b6676fbc1cb17,0,True,not verified,1920,1080,,,True,,candidate only; verify public references/parent before publishing
5537,ball in soccer stadium. ready for game,wp-content/uploads/2021/01/istockphoto-1203931418-170667a.jpg,https://www.gemeinde-merching.de/wp-content/uploads/2021/01/istockphoto-1203931418-170667a.jpg,image/jpeg,True,113913,237764cc1049a97b061072a20606f1e3e8dc38ce68110b1520e1dd1d52df9bdd,0,True,not verified,518,333,,,True,,candidate only; verify public references/parent before publishing
7623,Aufhebung_BP_Nr3a_Begründung_Entwurf_20230504,wp-content/uploads/2023/06/Aufhebung_BP_Nr3a_Begruendung_Entwurf_20230504.pdf,https://www.gemeinde-merching.de/wp-content/uploads/2023/06/Aufhebung_BP_Nr3a_Begruendung_Entwurf_20230504.pdf,application/pdf,True,413723,ef0550f385f9028fc8a49423e62b2adad1248fac0f58a303493fd25b409b85ea,0,True,not verified,,,,,False,,candidate only; verify public references/parent before publishing
7624,Aufhebung_BP_Nr3a_Planzeichnung_Entwurf_20230504,wp-content/uploads/2023/06/Aufhebung_BP_Nr3a_Planzeichnung_Entwurf_20230504.pdf,https://www.gemeinde-merching.de/wp-content/uploads/2023/06/Aufhebung_BP_Nr3a_Planzeichnung_Entwurf_20230504.pdf,application/pdf,True,266993,3aa8e6373f07d40cd4dbcdf257dc13bee6642d84fd0a99605719ad3049d514d5,0,True,not verified,,,,,False,,candidate only; verify public references/parent before publishing
5590,Willkommen in Merching,wp-content/uploads/2021/03/collage-merching-9.jpg,https://www.gemeinde-merching.de/wp-content/uploads/2021/03/collage-merching-9.jpg,image/jpeg,True,128329,f6ba8277b8a2134ba961fb630b5db086e02f4c336445ccbe23edc53bc1b79de2,51,True,not verified,750,333,,,True,publish,candidate only; verify public references/parent before publishing
10034,Spielplatzsatzung der Gemeinde Merching vom 01.10.2025,wp-content/uploads/2025/10/Spielplatzsatzung-der-Gemeinde-Merching-vom-01.10.2025.pdf,https://www.gemeinde-merching.de/wp-content/uploads/2025/10/Spielplatzsatzung-der-Gemeinde-Merching-vom-01.10.2025.pdf,application/pdf,True,157738,0e445511fff55ff72139a686d34c5175e2f457c1b4b047270cf26de9ecfbec2a,10033,True,not verified,,,,,False,publish,candidate only; verify public references/parent before publishing
5570,Bild Landratsamt Hilfe Corona Feb. 2021 neu,wp-content/uploads/2021/02/Bild-Landratsamt-Hilfe-Corona-Feb.-2021-neu.pdf,https://www.gemeinde-merching.de/wp-content/uploads/2021/02/Bild-Landratsamt-Hilfe-Corona-Feb.-2021-neu.pdf,application/pdf,True,461565,f2c5a1362b564076f91ca844fc9f19a31226959729bef2e8bcf44deb5cb7f065,0,True,not verified,,,,,False,,candidate only; verify public references/parent before publishing
5573,Bild Landratsamt Hilfe Corona Feb. 2021 neu,wp-content/uploads/2021/02/Bild-Landratsamt-Hilfe-Corona-Feb.-2021-neu-1.pdf,https://www.gemeinde-merching.de/wp-content/uploads/2021/02/Bild-Landratsamt-Hilfe-Corona-Feb.-2021-neu-1.pdf,application/pdf,True,461565,f2c5a1362b564076f91ca844fc9f19a31226959729bef2e8bcf44deb5cb7f065,0,True,not verified,,,,,False,,candidate only; verify public references/parent before publishing
7618,Anschreiben_TöB_ern_Bet_BP34_Östl_Nebelhornstraße_2023-06-01,wp-content/uploads/2023/06/Anschreiben_ToeB_ern_Bet_BP34_Oestl_Nebelhornstrasse_2023-06-01.pdf,https://www.gemeinde-merching.de/wp-content/uploads/2023/06/Anschreiben_ToeB_ern_Bet_BP34_Oestl_Nebelhornstrasse_2023-06-01.pdf,application/pdf,True,348590,f22a53bf8a2b0822376f9b9b941cd533f07dadc4d42ba9d4ebf21679fef2566e,0,True,not verified,,,,,False,,candidate only; verify public references/parent before publishing
5608,QR_Merching,wp-content/uploads/2021/03/QR_Merching-e1615196274737.png,https://www.gemeinde-merching.de/wp-content/uploads/2021/03/QR_Merching-e1615196274737.png,image/png,True,3487,e6826a95eb2c63b30eeba0f72dc4588c51f84606b89d4eb97f4a070eed907b4a,5607,True,not verified,100,100,,,True,publish,candidate only; verify public references/parent before publishing
5612,httpswww.gemeinde-merching.dewp-contentuploads202103QR_Merching-e1615196274737.png,wp-content/uploads/2021/03/QR_Merching-e1615196274737.png,https://www.gemeinde-merching.de/wp-content/uploads/2021/03/QR_Merching-e1615196274737.png,image/png,True,3487,e6826a95eb2c63b30eeba0f72dc4588c51f84606b89d4eb97f4a070eed907b4a,5607,True,not verified,100,100,,,False,publish,candidate only; verify public references/parent before publishing
5613,logo Familienstützpunkt,wp-content/uploads/2021/03/logo-Familienstuetzpunkt.pdf,https://www.gemeinde-merching.de/wp-content/uploads/2021/03/logo-Familienstuetzpunkt.pdf,application/pdf,True,191857,3cb68760cd72188820c6d87f1e95d1b07f98c7607673914b7a86ca5849d62c39,0,True,not verified,,,,,False,,candidate only; verify public references/parent before publishing
5614,logo Familienstützpunkt,wp-content/uploads/2021/03/logo-Familienstuetzpunkt-1.pdf,https://www.gemeinde-merching.de/wp-content/uploads/2021/03/logo-Familienstuetzpunkt-1.pdf,application/pdf,True,191857,3cb68760cd72188820c6d87f1e95d1b07f98c7607673914b7a86ca5849d62c39,0,True,not verified,,,,,False,,candidate only; verify public references/parent before publishing
9128,Fundsache Geldschein am 16.11.2024,wp-content/uploads/2024/11/Fundsache-Geldschein-am-16.11.2024.pdf,https://www.gemeinde-merching.de/wp-content/uploads/2024/11/Fundsache-Geldschein-am-16.11.2024.pdf,application/pdf,True,374836,3fb536f9c902adb701e1f5cb617621c2303e004a7983498fa52b22949156fcf2,0,True,not verified,,,,,False,,candidate only; verify public references/parent before publishing
9132,BP34_Östl_Nebelhornstraße_Begründung_20240620,wp-content/uploads/2024/11/BP34_Oestl_Nebelhornstrasse_Begruendung_20240620.pdf,https://www.gemeinde-merching.de/wp-content/uploads/2024/11/BP34_Oestl_Nebelhornstrasse_Begruendung_20240620.pdf,application/pdf,True,1126642,89f851bd2ff837b9c08f768651f77cc670d6bf81c97ab9562a4693eb09fe7679,0,True,not verified,,,,,False,,candidate only; verify public references/parent before publishing
9136,BP34_Östl_Nebelhornstraße_Textteil_20240620,wp-content/uploads/2024/11/BP34_Oestl_Nebelhornstrasse_Textteil_20240620.pdf,https://www.gemeinde-merching.de/wp-content/uploads/2024/11/BP34_Oestl_Nebelhornstrasse_Textteil_20240620.pdf,application/pdf,True,880573,c748ff94e85e87dfb7eab43d505c335cbf2f17321a8dfe089ca1b1c16b7b2a06,0,True,not verified,,,,,False,,candidate only; verify public references/parent before publishing
9134,BP34_Östl_Nebelhornstraße_Planzeichnung_Satzung_2024-06-20,wp-content/uploads/2024/11/BP34_Oestl_Nebelhornstrasse_Planzeichnung_Satzung_2024-06-20.pdf,https://www.gemeinde-merching.de/wp-content/uploads/2024/11/BP34_Oestl_Nebelhornstrasse_Planzeichnung_Satzung_2024-06-20.pdf,application/pdf,True,1312878,cfca1ddb0ce6f623ae41fd77dd9cb58ab5f88c204e83351769abefc4b19b7fbd,0,True,not verified,,,,,False,,candidate only; verify public references/parent before publishing
9139,B-Plan Nr. 34 Datenschutzinformationspflicht,wp-content/uploads/2024/11/B-Plan-Nr.-34-Datenschutzinformationspflicht.pdf,https://www.gemeinde-merching.de/wp-content/uploads/2024/11/B-Plan-Nr.-34-Datenschutzinformationspflicht.pdf,application/pdf,True,1559043,c7907c0947a622e85c5016a1d28a29ad7cb087ea70d4433dc84c3ae001ac2691,0,True,not verified,,,,,False,,candidate only; verify public references/parent before publishing
5808,QRCode_StörmelderApp_Merching_210602,wp-content/uploads/2021/03/QRCode_StoermelderApp_Merching_210602.png,https://www.gemeinde-merching.de/wp-content/uploads/2021/03/QRCode_StoermelderApp_Merching_210602.png,image/png,True,1192,5de81fdeeee5d29eeded858f9910e3390bc479fdc285fcc7c1098a62973804a7,5607,True,not verified,1000,1000,,,False,publish,candidate only; verify public references/parent before publishing
5810,https://www.gemeinde-merching.de/wp-content/uploads/2021/03/QR_Merching-e1615196274737.png,wp-content/uploads/2021/03/QR_Merching-e1615196274737.png,https://www.gemeinde-merching.de/wp-content/uploads/2021/03/QR_Merching-e1615196274737.png,image/png,True,3487,e6826a95eb2c63b30eeba0f72dc4588c51f84606b89d4eb97f4a070eed907b4a,5607,True,not verified,100,100,,,False,publish,candidate only; verify public references/parent before publishing
7551,Gemeindekurier April 2023 f. Homepage neu,wp-content/uploads/2023/05/Gemeindekurier-April-2023-f.-Homepage-neu.pdf,https://www.gemeinde-merching.de/wp-content/uploads/2023/05/Gemeindekurier-April-2023-f.-Homepage-neu.pdf,application/pdf,True,488586,ba4b9776950b7aacde842f9599c97ba5491dc3dff310f89c5a5ce4a33912b390,0,True,not verified,,,,,False,,candidate only; verify public references/parent before publishing
5896,Energieberatung Landkreis Aichach-Friedberg Typo schwarz RGB,wp-content/uploads/2021/08/Energieberatung-Landkreis-Aichach-Friedberg-Typo-schwarz-RGB-scaled-e1629102681482.jpg,https://www.gemeinde-merching.de/wp-content/uploads/2021/08/Energieberatung-Landkreis-Aichach-Friedberg-Typo-schwarz-RGB-scaled-e1629102681482.jpg,image/jpeg,True,33927,140db27485f0218e7ff8ccb407bc3f2b680394aba7d873adbe27cccdfc3dab79,0,True,not verified,1200,342,wp-content/uploads/2021/08/Energieberatung-Landkreis-Aichach-Friedberg-Typo-schwarz-RGB.jpg,True,False,,candidate only; verify public references/parent before publishing
5922,Wahlurne,wp-content/uploads/2021/08/Wahlurne.png,https://www.gemeinde-merching.de/wp-content/uploads/2021/08/Wahlurne.png,image/png,True,261347,41bd62d0ebd4c29cf0a2f903ff1a116f571cc270846db1618c07703b95b5abc0,0,True,not verified,943,1280,,,True,,candidate only; verify public references/parent before publishing
10026,Hundesteuersatzung 2026 Homepage,wp-content/uploads/2025/09/Hundesteuersatzung-2026-Homepage.pdf,https://www.gemeinde-merching.de/wp-content/uploads/2025/09/Hundesteuersatzung-2026-Homepage.pdf,application/pdf,True,128279,0699dcab98f643038826b779eedfc436e0b68ff0b26064c0bd052c06a0cc2172,0,True,not verified,,,,,False,,candidate only; verify public references/parent before publishing
9754,Bundesagentur für Arbeit,wp-content/uploads/2025/06/Bundesagentur.png,https://www.gemeinde-merching.de/wp-content/uploads/2025/06/Bundesagentur.png,image/png,True,3244,ce21bd3fb30c8832646c524ca209d79e3d17a62f6499a16d9e1eeeca5c1620f1,0,True,not verified,148,148,,,True,,candidate only; verify public references/parent before publishing
9881,Tierpfoten-809773_640,wp-content/uploads/2025/07/Tierpfoten-809773_640.jpg,https://www.gemeinde-merching.de/wp-content/uploads/2025/07/Tierpfoten-809773_640.jpg,image/jpeg,True,109790,ce26e579d5b40e71b3f065d394153f0f557fb470ff6f62ebbaf197b082c94583,0,True,not verified,640,640,,,True,,candidate only; verify public references/parent before publishing
10028,Hundesteuer - Satzung der Gemeinde Merching für die Erhebung einer Hundesteuer ab 2026,wp-content/uploads/2025/09/Hundesteuer-Satzung-der-Gemeinde-Merching-fuer-die-Erhebung-einer-Hundesteuer-ab-2026.pdf,https://www.gemeinde-merching.de/wp-content/uploads/2025/09/Hundesteuer-Satzung-der-Gemeinde-Merching-fuer-die-Erhebung-einer-Hundesteuer-ab-2026.pdf,application/pdf,True,128279,0699dcab98f643038826b779eedfc436e0b68ff0b26064c0bd052c06a0cc2172,10027,True,not verified,,,,,False,publish,candidate only; verify public references/parent before publishing
9680,2025-Sommerserenade-V1,wp-content/uploads/2025/06/2025-Sommerserenade-V1-1.pdf,https://www.gemeinde-merching.de/wp-content/uploads/2025/06/2025-Sommerserenade-V1-1.pdf,application/pdf,True,3570993,2432a1f8280c20584ce7069c277cf86fb3504dad8a81097786cfa652cd7557f4,0,True,not verified,,,,,False,,candidate only; verify public references/parent before publishing
9681,2025-Sommerserenade-V1,wp-content/uploads/2025/06/2025-Sommerserenade-V1-2.pdf,https://www.gemeinde-merching.de/wp-content/uploads/2025/06/2025-Sommerserenade-V1-2.pdf,application/pdf,True,3570993,2432a1f8280c20584ce7069c277cf86fb3504dad8a81097786cfa652cd7557f4,0,True,not verified,,,,,False,,candidate only; verify public references/parent before publishing
9672,2025-Sommerserenade-V1,wp-content/uploads/2025/06/2025-Sommerserenade-V1.pdf,https://www.gemeinde-merching.de/wp-content/uploads/2025/06/2025-Sommerserenade-V1.pdf,application/pdf,True,3570993,2432a1f8280c20584ce7069c277cf86fb3504dad8a81097786cfa652cd7557f4,0,True,not verified,,,,,False,,candidate only; verify public references/parent before publishing
6117,Wappen,wp-content/uploads/2021/12/Wappen.pdf,https://www.gemeinde-merching.de/wp-content/uploads/2021/12/Wappen.pdf,application/pdf,True,36776,7d3ce50e80b03b81fab6da9b2a1925a0725befb62685396337e5a0e955c4c6d7,0,True,not verified,,,,,False,,candidate only; verify public references/parent before publishing
6119,"Wappen Merching ohne Schrift, farbig",wp-content/uploads/2021/12/Wappen-Merching-ohne-Schrift-farbig.jpg,https://www.gemeinde-merching.de/wp-content/uploads/2021/12/Wappen-Merching-ohne-Schrift-farbig.jpg,image/jpeg,True,359663,3732fb2819dbccd88b9ff072a6499474a09a89c4ab5d4992b21090804f63fb04,0,True,not verified,730,768,,,True,,candidate only; verify public references/parent before publishing
7545,öffentl. Bekanntmachung_GR 04.05.23,wp-content/uploads/2023/05/oeffentl.-Bekanntmachung_GR-04.05.23.pdf,https://www.gemeinde-merching.de/wp-content/uploads/2023/05/oeffentl.-Bekanntmachung_GR-04.05.23.pdf,application/pdf,True,132285,55755e8646bbf44d85968b2679482d75ae623e6581af838efd10002fa43212fa,0,True,not verified,,,,,False,,candidate only; verify public references/parent before publishing
7715,Bekanntmachung_Wahlhelfer_Aufforderung,wp-content/uploads/2023/06/Bekanntmachung_Wahlhelfer_Aufforderung.pdf,https://www.gemeinde-merching.de/wp-content/uploads/2023/06/Bekanntmachung_Wahlhelfer_Aufforderung.pdf,application/pdf,True,155530,2cd1f6434c11d4e2b64ba1da737cb8b1b6275d57c58d7396e964d6ab1e9d6bc9,0,True,not verified,,,,,False,,candidate only; verify public references/parent before publishing
7720,Wahlheler_Anmeldeformular,wp-content/uploads/2023/06/Wahlheler_Anmeldeformular.pdf,https://www.gemeinde-merching.de/wp-content/uploads/2023/06/Wahlheler_Anmeldeformular.pdf,application/pdf,True,41549,ae10313f36285c3193e0eb30c66b666ac1a9a6ee627d188b7127c8f21d6b6bab,0,True,not verified,,,,,False,,candidate only; verify public references/parent before publishing
6179,wappen-rvs,wp-content/uploads/2022/02/wappen-rvs.jpg,https://www.gemeinde-merching.de/wp-content/uploads/2022/02/wappen-rvs.jpg,image/jpeg,True,17899,60e2c5dd19268d0dcc95812701ce3f5ab56ff81898f41087514dc490d209835d,0,True,not verified,200,200,,,True,,candidate only; verify public references/parent before publishing
6180,wappen-rvs,wp-content/uploads/2022/01/wappen-rvs.jpg,https://www.gemeinde-merching.de/wp-content/uploads/2022/01/wappen-rvs.jpg,image/jpeg,True,17899,60e2c5dd19268d0dcc95812701ce3f5ab56ff81898f41087514dc490d209835d,0,True,not verified,200,200,,,True,,candidate only; verify public references/parent before publishing
6210,Beitragsbild_Logo_Merching-2-150x150,wp-content/uploads/2022/02/Beitragsbild_Logo_Merching-2-150x150-1.jpg,https://www.gemeinde-merching.de/wp-content/uploads/2022/02/Beitragsbild_Logo_Merching-2-150x150-1.jpg,image/jpeg,True,9430,81bd8c115adccd3212edcd40f4cec285878a1d9c58c08bcdc5a6ff3fb5ed00a4,0,True,not verified,150,150,,,True,,candidate only; verify public references/parent before publishing
6245,logo-fdpf-bayern,wp-content/uploads/2022/02/logo-fdpf-bayern.jpg,https://www.gemeinde-merching.de/wp-content/uploads/2022/02/logo-fdpf-bayern.jpg,image/jpeg,True,8739,fb50b1ab792b55ab5089a61b263d1b22a6497b55e2477ed8dbb98f58a9353750,0,True,not verified,272,76,,,False,,candidate only; verify public references/parent before publishing
6268,"Grundsteuerreform, Information für Bürger",wp-content/uploads/2022/03/Textbeitrag-fuer-kommunale-Veroeffentlichungen.pdf,https://www.gemeinde-merching.de/wp-content/uploads/2022/03/Textbeitrag-fuer-kommunale-Veroeffentlichungen.pdf,application/pdf,True,196927,1d996215fc9c005cb9d2d9d607d8800b5489f577ceaeee50396d7b654516aee7,0,True,not verified,,,,,False,,candidate only; verify public references/parent before publishing
6277,Landratsamt AIC-FDB,wp-content/uploads/2022/03/Landratsamt-AIC-FDB-scaled-e1675763040684.jpg,https://www.gemeinde-merching.de/wp-content/uploads/2022/03/Landratsamt-AIC-FDB-scaled-e1675763040684.jpg,image/jpeg,True,13375,7c92754fb6fe26538af4293489b26efcc5a4b0b2cd7f06e0638a679bd9fda85b,0,True,not verified,150,113,wp-content/uploads/2022/03/Landratsamt-AIC-FDB.jpg,True,False,,candidate only; verify public references/parent before publishing
10427,Buergermeisterwahl-Bekanntmachung_Wahlergebnis_Anl_18-Direktwahl_Homepage,wp-content/uploads/2026/03/Buergermeisterwahl-Bekanntmachung_Wahlergebnis_Anl_18-Direktwahl_Homepage.pdf,https://www.gemeinde-merching.de/wp-content/uploads/2026/03/Buergermeisterwahl-Bekanntmachung_Wahlergebnis_Anl_18-Direktwahl_Homepage.pdf,application/pdf,True,188319,40cbcf0cde15d9ad2fe62bf4ad0d51a902e1f10931ceb57fc31d8d4652e94563,10426,True,not verified,,,,,False,publish,candidate only; verify public references/parent before publishing
6525,Klose-Tanja,wp-content/uploads/2022/06/Klose-Tanja-klein.jpg,https://www.gemeinde-merching.de/wp-content/uploads/2022/06/Klose-Tanja-klein.jpg,image/jpeg,True,3862,a8ef7f19a3fc06c4a649ec729366ae7825e10610c895c18360da976e5001864d,0,True,not verified,91,120,,,True,,candidate only; verify public references/parent before publishing
8854,Gemeindekurier Sommer 2024 f. Homepage,wp-content/uploads/2024/07/Gemeindekurier-Sommer-2024-f.-Homepage.pdf,https://www.gemeinde-merching.de/wp-content/uploads/2024/07/Gemeindekurier-Sommer-2024-f.-Homepage.pdf,application/pdf,True,1394093,acc70968b65dff30929ead92baf45fb00b5e9c2471624543710261577973e937,0,True,not verified,,,,,False,,candidate only; verify public references/parent before publishing
9189,Gemeindekurier Weihnachten 2024 f. Homepage,wp-content/uploads/2024/12/Gemeindekurier-Weihnachten-2024-f.-Homepage.pdf,https://www.gemeinde-merching.de/wp-content/uploads/2024/12/Gemeindekurier-Weihnachten-2024-f.-Homepage.pdf,application/pdf,True,1485081,2afdcea3c87d92c2b21caf13bcd3580664a6e5d7d746bb534b7c8ac043d9894b,0,True,not verified,,,,,False,,candidate only; verify public references/parent before publishing
10225,01+02+03 Programm FSP Süd 2026,wp-content/uploads/2026/01/010203-Programm-FSP-Sued-2026.pdf,https://www.gemeinde-merching.de/wp-content/uploads/2026/01/010203-Programm-FSP-Sued-2026.pdf,application/pdf,True,163547,2f8293e481f726e9081d11cace24312880eedb9b700ffe7a923ca9bdcd701c96,10224,True,not verified,,,,,False,trash,candidate only; verify public references/parent before publishing
10013,Beitragsbild Klimawoche 2025,wp-content/uploads/2025/09/Beitragsbild-Klimawoche-2025.jpg,https://www.gemeinde-merching.de/wp-content/uploads/2025/09/Beitragsbild-Klimawoche-2025.jpg,image/jpeg,True,23965,dfe405184c9faa6f78e610c657f1ed84c5a7906b74786f1c7e6b6efbe176e783,0,True,not verified,394,236,,,False,,candidate only; verify public references/parent before publishing
10130,2025-10_Sound_Train_Anzeige-Narrneusia-Broschüre-2026-CMYK,wp-content/uploads/2025/11/2025-10_Sound_Train_Anzeige-Narrneusia-Broschuere-2026-CMYK-scaled.jpg,https://www.gemeinde-merching.de/wp-content/uploads/2025/11/2025-10_Sound_Train_Anzeige-Narrneusia-Broschuere-2026-CMYK-scaled.jpg,image/jpeg,True,1935706,9f042259293079190a7b35ce131680b0f7fbe2115b5af328500abddd0abcd2a7,0,True,not verified,2560,2560,wp-content/uploads/2025/11/2025-10_Sound_Train_Anzeige-Narrneusia-Broschuere-2026-CMYK.jpg,True,False,,candidate only; verify public references/parent before publishing
6679,evs,wp-content/uploads/2022/10/evs.png,https://www.gemeinde-merching.de/wp-content/uploads/2022/10/evs.png,image/png,True,25450,54ec6dd9feec1f3406c79ac89387efa8aa7b35a1837d773bae808d9a3e8541fa,0,True,not verified,1125,1125,,,False,,candidate only; verify public references/parent before publishing
8241,Amtsblatt 01-2024=Jahrg. 79 Nr. 01,wp-content/uploads/2023/12/Amtsblatt-01-2024Jahrg.-79-Nr.-01.pdf,https://www.gemeinde-merching.de/wp-content/uploads/2023/12/Amtsblatt-01-2024Jahrg.-79-Nr.-01.pdf,application/pdf,True,385740,c3790e4469977cb6d634774fe6bff9ca4ab167ca2924cab9d597e19200c57438,0,True,not verified,,,,,False,,candidate only; verify public references/parent before publishing
6748,Kommunale IT-Sicherheit,wp-content/uploads/2022/11/Kommunale-IT-Sicherheit.png,https://www.gemeinde-merching.de/wp-content/uploads/2022/11/Kommunale-IT-Sicherheit.png,image/png,True,44681,47e348d52586cb372ce9de2d1089f6a67136113cd212b0183f8064668b4ad066,0,True,not verified,290,258,,,True,,candidate only; verify public references/parent before publishing
6800,Gemeindekurier Weihnachten 2022 f. Homepage,wp-content/uploads/2022/12/Gemeindekurier-Weihnachten-2022-f.-Homepage.pdf,https://www.gemeinde-merching.de/wp-content/uploads/2022/12/Gemeindekurier-Weihnachten-2022-f.-Homepage.pdf,application/pdf,True,1607063,bdbcaf045dc046e768bd9ee2f07791eb5c78f2a84d6733715cdd562251a4780d,0,True,not verified,,,,,False,,candidate only; verify public references/parent before publishing
10170,Feuerwehr - Satzung über Aufwendungd- und Kostenersatz für Einsätze und andere Leistungen gem. Feuehrwehren ab 01.01.2026,wp-content/uploads/2025/08/Feuerwehr-Satzung-ueber-Aufwendungd-und-Kostenersatz-fuer-Einsaetze-und-andere-Leistungen-gem.-Feuehrwehren-ab-01.01.2026-1.pdf,https://www.gemeinde-merching.de/wp-content/uploads/2025/08/Feuerwehr-Satzung-ueber-Aufwendungd-und-Kostenersatz-fuer-Einsaetze-und-andere-Leistungen-gem.-Feuehrwehren-ab-01.01.2026-1.pdf,application/pdf,True,202955,134655e0a3070abef24b4b659019fce08361d41b93e0014fb5a9ad651c71d817,9922,True,not verified,,,,,False,publish,candidate only; verify public references/parent before publishing
6879,,wp-content/uploads/2022/12/banner2.jpg,https://www.gemeinde-merching.de/wp-content/uploads/2022/12/banner2.jpg,image/jpeg,True,176754,e9e9c646e83e0961fb60098d21f566e10f45fca0ba5e2824544d953b751dfe2f,0,True,not verified,1920,432,,,False,,candidate only; verify public references/parent before publishing
6880,,wp-content/uploads/2022/12/cropped-banner2.jpg,https://www.gemeinde-merching.de/wp-content/uploads/2022/12/cropped-banner2.jpg,image/jpeg,True,89463,459dc7a4728ad948858deed1a7ebe53750f5e352e02de25137dfbc5a618a386e,0,True,not verified,1920,432,,,False,,candidate only; verify public references/parent before publishing
6899,cropped-cropped-Wappen-alternativ.png,wp-content/uploads/2020/06/cropped-cropped-Wappen-alternativ.png,https://www.gemeinde-merching.de/wp-content/uploads/2020/06/cropped-cropped-Wappen-alternativ.png,image/png,True,194479,04c3e501d2a0cc74c1554ac1755486a603269a6193fca47203faddab840bdd6f,0,True,not verified,512,512,,,True,,candidate only; verify public references/parent before publishing
7149,Amtsblatt 01-2023=Jahrg. 78 Nr. 01,wp-content/uploads/2023/01/Amtsblatt-01-2023Jahrg.-78-Nr.-01.pdf,https://www.gemeinde-merching.de/wp-content/uploads/2023/01/Amtsblatt-01-2023Jahrg.-78-Nr.-01.pdf,application/pdf,True,328515,039ccd1722c091a6c8bb47829656c44b5cfbd611893bceea6d7874d6cc226ff0,0,True,not verified,,,,,False,,candidate only; verify public references/parent before publishing
7009,,wp-content/uploads/2022/12/Startseite-Block.jpg,https://www.gemeinde-merching.de/wp-content/uploads/2022/12/Startseite-Block.jpg,image/jpeg,True,466808,ab43f70703498b38027aac62643f72d3c5e30db7642c7948555d7d9f339cc56d,6998,True,not verified,1200,497,,,False,draft,candidate only; verify public references/parent before publishing
10815,Landratsamt,wp-content/uploads/2026/07/Landratsamt.docx,https://www.gemeinde-merching.de/wp-content/uploads/2026/07/Landratsamt.docx,application/vnd.openxmlformats-officedocument.wordprocessingml.document,True,25796,6fac4f66ce458cbea9576e58e09b4c70f8d64bff1d624b62ce0b128d618631ae,0,True,not verified,,,,,False,,candidate only; verify public references/parent before publishing
9916,Ehrungen - Satzung über die Verleihung von Ehrungen durch die Gemeinde Merching ab 07.08.2025,wp-content/uploads/2025/08/Ehrungen-Satzung-ueber-die-Verleihung-von-Ehrungen-durch-die-Gemeinde-Merching-ab-07.08.2025.pdf,https://www.gemeinde-merching.de/wp-content/uploads/2025/08/Ehrungen-Satzung-ueber-die-Verleihung-von-Ehrungen-durch-die-Gemeinde-Merching-ab-07.08.2025.pdf,application/pdf,True,137566,65593ac86ec4b5966141997075a5124726d855c0ca1c45b4fc2e11d875b219f7,9915,True,not verified,,,,,False,publish,candidate only; verify public references/parent before publishing
7589,Aufhebung_BP_Nr3a_Bekanntmachung_Auslegung,wp-content/uploads/2023/05/Aufhebung_BP_Nr3a_Bekanntmachung_Auslegung.pdf,https://www.gemeinde-merching.de/wp-content/uploads/2023/05/Aufhebung_BP_Nr3a_Bekanntmachung_Auslegung.pdf,application/pdf,True,1141603,3e8823c1ac5221633b7d3ce7fbe97ba0d651d577c95bfc82fa16a5ac28496051,0,True,not verified,,,,,False,,candidate only; verify public references/parent before publishing
7168,Vorkaufsrechtssatzung 31-01-2023,wp-content/uploads/2023/01/Vorkaufsrechtssatzung-31-01-2023.pdf,https://www.gemeinde-merching.de/wp-content/uploads/2023/01/Vorkaufsrechtssatzung-31-01-2023.pdf,application/pdf,True,181616,7b6f665c82e0706c2e0858948d8bbcd0d1395f0a65bee5a08c6fe4d73ce07476,0,True,not verified,,,,,False,,candidate only; verify public references/parent before publishing
9923,Feuerwehrkostensatzung_ab_01-01-2026,wp-content/uploads/2025/08/Feuerwehrkostensatzung_ab_01-01-2026.pdf,https://www.gemeinde-merching.de/wp-content/uploads/2025/08/Feuerwehrkostensatzung_ab_01-01-2026.pdf,application/pdf,True,202515,e853f0573e15bcd9b404623eb30c22c3470d38b70ec6be183a58c54ee79c313a,9922,True,not verified,,,,,False,publish,candidate only; verify public references/parent before publishing
9919,Spielplatzsatzung ab 09.08.2025,wp-content/uploads/2025/08/Spielplatzsatzung-ab-09.08.2025.pdf,https://www.gemeinde-merching.de/wp-content/uploads/2025/08/Spielplatzsatzung-ab-09.08.2025.pdf,application/pdf,True,157751,816a4eae32de71ef2b4eb463aff75573d3bde0d81956dd2e24436c8c1c8cc4f5,0,True,not verified,,,,,False,,candidate only; verify public references/parent before publishing
9926,2025-08-13_Bekanntmachung_Satzung_Aufwendungs-u.-Kostenersatz_f_Einsätze_u_andere_Leistungen_gemeindlicher_Feuerwehren_ab_01-01-2026,wp-content/uploads/2025/08/2025-08-13_Bekanntmachung_Satzung_Aufwendungs-u.-Kostenersatz_f_Einsaetze_u_andere_Leistungen_gemeindlicher_Feuerwehren_ab_01-01-2026.pdf,https://www.gemeinde-merching.de/wp-content/uploads/2025/08/2025-08-13_Bekanntmachung_Satzung_Aufwendungs-u.-Kostenersatz_f_Einsaetze_u_andere_Leistungen_gemeindlicher_Feuerwehren_ab_01-01-2026.pdf,application/pdf,True,153552,1df156e333937f18348e925654fbbd1e9e1d23378d023fad54732979bb9658dc,9925,True,not verified,,,,,False,publish,candidate only; verify public references/parent before publishing
7191,6. Änderung FNP Bekanntmachung_frühz_Beteiligung,wp-content/uploads/2023/02/6.-Aenderung-FNP-Bekanntmachung_fruehz_Beteiligung.pdf,https://www.gemeinde-merching.de/wp-content/uploads/2023/02/6.-Aenderung-FNP-Bekanntmachung_fruehz_Beteiligung.pdf,application/pdf,True,882751,13af68db446b0e107a90cf8d0d519396ad15743f9bfe2d437bf6075b2f3fdc33,0,True,not verified,,,,,False,,candidate only; verify public references/parent before publishing
10165,Wasser - Beitrags- und Gebührensatzung zur Wasserabgabesatzung ab 01.01.2026,wp-content/uploads/2025/08/Wasser-Beitrags-und-Gebuehrensatzung-zur-Wasserabgabesatzung-ab-01.01.2026-1.pdf,https://www.gemeinde-merching.de/wp-content/uploads/2025/08/Wasser-Beitrags-und-Gebuehrensatzung-zur-Wasserabgabesatzung-ab-01.01.2026-1.pdf,application/pdf,True,191291,bb3e0050e15d4c61e1fcf3e0afda354809cf5e07a3dadda7a4e8e5d0d591431a,9911,True,not verified,,,,,False,publish,candidate only; verify public references/parent before publishing
9914,Entwässerung - Beitrags- und Gebührensatzung zur Entwässerungssatzung ab 01.01.20262026,wp-content/uploads/2025/08/Entwaesserung-Beitrags-und-Gebuehrensatzung-zur-Entwaesserungssatzung-ab-01.01.20262026.pdf,https://www.gemeinde-merching.de/wp-content/uploads/2025/08/Entwaesserung-Beitrags-und-Gebuehrensatzung-zur-Entwaesserungssatzung-ab-01.01.20262026.pdf,application/pdf,True,190447,c726db841f37ca331bc5025e08fed6a90bdad070fdec9c596ae75d525cf3925d,9913,True,not verified,,,,,False,publish,candidate only; verify public references/parent before publishing
7539,Amtsblatt 04-2023=Jahrg. 78 Nr. 4a,wp-content/uploads/2023/04/Amtsblatt-04-2023Jahrg.-78-Nr.-4a.pdf,https://www.gemeinde-merching.de/wp-content/uploads/2023/04/Amtsblatt-04-2023Jahrg.-78-Nr.-4a.pdf,application/pdf,True,290829,0c36b3c3b18d6c7c09b0fe9548487a798550e1a4642d42bedd6295284d70447a,0,True,not verified,,,,,False,,candidate only; verify public references/parent before publishing
7210,Begründung_BPNr36_Freizeitanlage_Bauhof_2023-01-19ü,wp-content/uploads/2023/02/Begruendung_BPNr36_Freizeitanlage_Bauhof_2023-01-19ue.pdf,https://www.gemeinde-merching.de/wp-content/uploads/2023/02/Begruendung_BPNr36_Freizeitanlage_Bauhof_2023-01-19ue.pdf,application/pdf,True,998657,3cd65f303d3c3d5f2746750a3f36e353b3948defa70579f66c22d101384c8e06,0,True,not verified,,,,,False,,candidate only; verify public references/parent before publishing
7212,Bekanntmachung Satzungsbeschluss B-Plan Nr. 36 Freizeitanlage,wp-content/uploads/2023/02/Bekanntmachung-Satzungsbeschluss-B-Plan-Nr.-36-Freizeitanlage.pdf,https://www.gemeinde-merching.de/wp-content/uploads/2023/02/Bekanntmachung-Satzungsbeschluss-B-Plan-Nr.-36-Freizeitanlage.pdf,application/pdf,True,933035,a9dba65f91c92a1e51b817e08abda0521a99cbbbcebf01b382555836b2b12f54,0,True,not verified,,,,,False,,candidate only; verify public references/parent before publishing
7214,Planzeichnung_BPNr36_Freizeitanlage_Bauhof_2023-01-19,wp-content/uploads/2023/02/Planzeichnung_BPNr36_Freizeitanlage_Bauhof_2023-01-19.pdf,https://www.gemeinde-merching.de/wp-content/uploads/2023/02/Planzeichnung_BPNr36_Freizeitanlage_Bauhof_2023-01-19.pdf,application/pdf,True,1205167,9f8b727aa4a1c1869768f2c501ea034e0036ea6c4e32b68e5997cc32b162a039,0,True,not verified,,,,,False,,candidate only; verify public references/parent before publishing
7216,Textteil_BPNr36_Freizeitanlage_Bauhof_2023-01-19,wp-content/uploads/2023/02/Textteil_BPNr36_Freizeitanlage_Bauhof_2023-01-19.pdf,https://www.gemeinde-merching.de/wp-content/uploads/2023/02/Textteil_BPNr36_Freizeitanlage_Bauhof_2023-01-19.pdf,application/pdf,True,366175,196c6f9ba7cf9d19e804b65f926adaae819de5b857fc80e4e5b90629034c753d,0,True,not verified,,,,,False,,candidate only; verify public references/parent before publishing
7218,BP37 suedl. Nebelhornstr. Bekanntmachung Satzungsbeschluss,wp-content/uploads/2023/02/BP37-suedl.-Nebelhornstr.-Bekanntmachung-Satzungsbeschluss-.pdf,https://www.gemeinde-merching.de/wp-content/uploads/2023/02/BP37-suedl.-Nebelhornstr.-Bekanntmachung-Satzungsbeschluss-.pdf,application/pdf,True,941142,5dd40f5276f7e74c5966ece2df33e13c65c1ae193b994264763af2768d4769f5,0,True,not verified,,,,,False,,candidate only; verify public references/parent before publishing
7220,BP37_Südlich_der_Nebelhornstraße_Plan_2023-01-19,wp-content/uploads/2023/02/BP37_Suedlich_der_Nebelhornstrasse_Plan_2023-01-19.pdf,https://www.gemeinde-merching.de/wp-content/uploads/2023/02/BP37_Suedlich_der_Nebelhornstrasse_Plan_2023-01-19.pdf,application/pdf,True,866705,c4e108ef313e1ad54232eaa51a220c9ce9ac4b8a2b0a637719b21a9c3bcb5977,0,True,not verified,,,,,False,,candidate only; verify public references/parent before publishing
7222,BP37_Südlich_Nebelhornstraße_Begründung_2023-01-19,wp-content/uploads/2023/02/BP37_Suedlich_Nebelhornstrasse_Begruendung_2023-01-19.pdf,https://www.gemeinde-merching.de/wp-content/uploads/2023/02/BP37_Suedlich_Nebelhornstrasse_Begruendung_2023-01-19.pdf,application/pdf,True,1301921,8611a570e58c4c378a64d9b13fbbd9f58ef99b78c68994b00410cb89cef11a20,0,True,not verified,,,,,False,,candidate only; verify public references/parent before publishing
7856,Amtsblatt-08-2023=Jahrg. 78 Nr. 08,wp-content/uploads/2023/08/Amtsblatt-08-2023Jahrg.-78-Nr.-08.pdf,https://www.gemeinde-merching.de/wp-content/uploads/2023/08/Amtsblatt-08-2023Jahrg.-78-Nr.-08.pdf,application/pdf,True,407535,feee7188f902fa64a85bcac25474f7a61ad4c9c4f85489c094e9466455ba1b8a,0,True,not verified,,,,,False,,candidate only; verify public references/parent before publishing
7224,BP37_Südlich_Nebelhornstraße_Textteil_2023-01-19,wp-content/uploads/2023/02/BP37_Suedlich_Nebelhornstrasse_Textteil_2023-01-19.pdf,https://www.gemeinde-merching.de/wp-content/uploads/2023/02/BP37_Suedlich_Nebelhornstrasse_Textteil_2023-01-19.pdf,application/pdf,True,298262,f929aaa219d3389ddfc12ae3521420a6a6351eff003052c57d7cc84925a0acbd,0,True,not verified,,,,,False,,candidate only; verify public references/parent before publishing
7226,1_Änderung_BP_26_Begründung_2023-01-19,wp-content/uploads/2023/02/1_Aenderung_BP_26_Begruendung_2023-01-19.pdf,https://www.gemeinde-merching.de/wp-content/uploads/2023/02/1_Aenderung_BP_26_Begruendung_2023-01-19.pdf,application/pdf,True,393411,aeb8988faccefc086a28c408284f9e35e5bbffa2ee9582e4ae7d5a3101db3496,0,True,not verified,,,,,False,,candidate only; verify public references/parent before publishing
7228,1_Änderung_BP_26_Bekanntmachung Satzungsbeschluss,wp-content/uploads/2023/02/1_Aenderung_BP_26_Bekanntmachung-Satzungsbeschluss.pdf,https://www.gemeinde-merching.de/wp-content/uploads/2023/02/1_Aenderung_BP_26_Bekanntmachung-Satzungsbeschluss.pdf,application/pdf,True,1040068,95d7b40e196f4e4a44f81ba51a1999e3d340e4fd7fd3218236e727d1dcf2de16,0,True,not verified,,,,,False,,candidate only; verify public references/parent before publishing
7230,1_Änderung_BP_26_Entwurf_2023-01-19,wp-content/uploads/2023/02/1_Aenderung_BP_26_Entwurf_2023-01-19.pdf,https://www.gemeinde-merching.de/wp-content/uploads/2023/02/1_Aenderung_BP_26_Entwurf_2023-01-19.pdf,application/pdf,True,3180665,8eefc7cfb72120968f7aba22013df751e4c73332525b958889560bf3acd3e742,0,True,not verified,,,,,False,,candidate only; verify public references/parent before publishing
7237,Amtsblatt 02-2023=Jahrg. 78 Nr. 02,wp-content/uploads/2023/02/Amtsblatt-02-2023Jahrg.-78-Nr.-02.pdf,https://www.gemeinde-merching.de/wp-content/uploads/2023/02/Amtsblatt-02-2023Jahrg.-78-Nr.-02.pdf,application/pdf,True,499475,ebe332fdb0dfcd33f9ea199ab4ceef7877690f2b3e53a14503f41eff6409e590,0,True,not verified,,,,,False,,candidate only; verify public references/parent before publishing
7238,Begründung_Vorentwurf_2023-01-19,wp-content/uploads/2023/02/Begruendung_Vorentwurf_2023-01-19.pdf,https://www.gemeinde-merching.de/wp-content/uploads/2023/02/Begruendung_Vorentwurf_2023-01-19.pdf,application/pdf,True,904846,0e2bd196463d7ab616f12c2ed4c15b8f2dd093b3602f42b869ad7c174989eef5,0,True,not verified,,,,,False,,candidate only; verify public references/parent before publishing
7239,Planzeichnung_Vorentwurf_6_Änd_FNP_Merching_2023-01-19,wp-content/uploads/2023/02/Planzeichnung_Vorentwurf_6_Aend_FNP_Merching_2023-01-19.pdf,https://www.gemeinde-merching.de/wp-content/uploads/2023/02/Planzeichnung_Vorentwurf_6_Aend_FNP_Merching_2023-01-19.pdf,application/pdf,True,1443086,396d92a6e62bdb502a3782b17b17b3cb58cf84dedb6f9744be44e2361709b2b4,0,True,not verified,,,,,False,,candidate only; verify public references/parent before publishing
7588,Bekanntmachung_ern_öff_Ausl_BPNr34_Östl_Nebelhornstr,wp-content/uploads/2023/05/Bekanntmachung_ern_oeff_Ausl_BPNr34_Oestl_Nebelhornstr.pdf,https://www.gemeinde-merching.de/wp-content/uploads/2023/05/Bekanntmachung_ern_oeff_Ausl_BPNr34_Oestl_Nebelhornstr.pdf,application/pdf,True,1160932,2d77dea9177c4c11fe53617b12cc8b124567c7b7af87a3cd1a5e465e5cb067e3,0,True,not verified,,,,,False,,candidate only; verify public references/parent before publishing
7528,Amtsblatt 04-2023=Jahrg. 78 Nr. 4,wp-content/uploads/2023/04/Amtsblatt-04-2023Jahrg.-78-Nr.-4.pdf,https://www.gemeinde-merching.de/wp-content/uploads/2023/04/Amtsblatt-04-2023Jahrg.-78-Nr.-4.pdf,application/pdf,True,337503,8e64e50856bc369ff8dc86fcd31022853aa0a5ae7b10daf24ab8d54b70463f6e,0,True,not verified,,,,,False,,candidate only; verify public references/parent before publishing
7651,Lampe,wp-content/uploads/2023/06/Lampe.jpg,https://www.gemeinde-merching.de/wp-content/uploads/2023/06/Lampe.jpg,image/jpeg,True,5595,249314ca4b3af87f63662e581c56a2e7342112ffc028c0e251fd38cfd96eeeeb,0,True,not verified,118,71,,,True,,candidate only; verify public references/parent before publishing
7895,MandatformularGemeinde_mit _Tel_und_E-Mail_2023,wp-content/uploads/2023/08/MandatformularGemeinde_mit-_Tel_und_E-Mail_2023.pdf,https://www.gemeinde-merching.de/wp-content/uploads/2023/08/MandatformularGemeinde_mit-_Tel_und_E-Mail_2023.pdf,application/pdf,True,22525,6a99174118e989577e565c1b26b58ef0f427e7f43195ae4f03910ee9d8348708,0,True,not verified,,,,,False,,candidate only; verify public references/parent before publishing
9161,842_Gemeinde-Merching,wp-content/uploads/2024/11/842_Gemeinde-Merching.png,https://www.gemeinde-merching.de/wp-content/uploads/2024/11/842_Gemeinde-Merching.png,image/png,True,390597,65f32d810cf599dbe040775d5db4100d75c51cb2f2187a7f931952d071fce531,0,True,not verified,1017,990,,,True,,candidate only; verify public references/parent before publishing
8229,Plakatierungsverordnung,wp-content/uploads/2024/01/Plakatierungsverordnung.pdf,https://www.gemeinde-merching.de/wp-content/uploads/2024/01/Plakatierungsverordnung.pdf,application/pdf,True,2128374,9e0147abc6f5f2c96885439d528f0edc036425679fc5dc8b328e2c01f12cf2c6,8228,True,not verified,,,,,False,draft,candidate only; verify public references/parent before publishing
7515,Stellenausschreibung,wp-content/uploads/2023/04/Aushang-Homepage.docx,https://www.gemeinde-merching.de/wp-content/uploads/2023/04/Aushang-Homepage.docx,application/vnd.openxmlformats-officedocument.wordprocessingml.document,True,225487,22a092cf844f69974f95aa8fc46d6c38ee36f9cba70830ae92156bdf8e155f69,0,True,not verified,,,,,False,,candidate only; verify public references/parent before publishing
9994,Flyer Vereinsforum 2025 2. HJ Version EK,wp-content/uploads/2025/09/Flyer-Vereinsforum-2025-2.-HJ-Version-EK-1.pdf,https://www.gemeinde-merching.de/wp-content/uploads/2025/09/Flyer-Vereinsforum-2025-2.-HJ-Version-EK-1.pdf,application/pdf,True,1582055,38bd4c97fc550a5efd410ad09bb9ab2667315c16c0d76641df01e375f20afe7d,0,True,not verified,,,,,False,,candidate only; verify public references/parent before publishing
10133,BekanntmachungRattenbekJan26,wp-content/uploads/2025/11/BekanntmachungRattenbekJan26.pdf,https://www.gemeinde-merching.de/wp-content/uploads/2025/11/BekanntmachungRattenbekJan26.pdf,application/pdf,True,157747,3e0fb73801d8814f3cd2c359069bbf9890d353f1b46e931ea20975f37abff86b,0,True,not verified,,,,,False,,candidate only; verify public references/parent before publishing
7483,Rama Dama Hochdorf,wp-content/uploads/2023/03/Rama-Dama-Hochdorf.pdf,https://www.gemeinde-merching.de/wp-content/uploads/2023/03/Rama-Dama-Hochdorf.pdf,application/pdf,True,394644,e83dc099af088919d9bf34af4018c89dab7e070be002e5330059ecf28d15c59c,0,True,not verified,,,,,False,,candidate only; verify public references/parent before publishing
7517,Stellenausschreibung,wp-content/uploads/2023/04/Aushang-Homepage.pdf,https://www.gemeinde-merching.de/wp-content/uploads/2023/04/Aushang-Homepage.pdf,application/pdf,True,139976,6f9a5b21d40a8a9e41368863202e509308a1459b4b76f9fc2524661fe7be37e4,0,True,not verified,,,,,False,,candidate only; verify public references/parent before publishing
7670,5. Änd. Flächennutzunngs u. Landschaftsplan u. Aufstell. d. vorhabensbez. BP Nr. 39 SG Photovoltaikanl. östl. der Schmiechach,wp-content/uploads/2023/06/5.-Aend.-Flaechennutzunngs-u.-Landschaftsplan-u.-Aufstell.-d.-vorhabensbez.-BP-Nr.-39-SG-Photovoltaikanl.-oestl.-der-Schmiechach.pdf,https://www.gemeinde-merching.de/wp-content/uploads/2023/06/5.-Aend.-Flaechennutzunngs-u.-Landschaftsplan-u.-Aufstell.-d.-vorhabensbez.-BP-Nr.-39-SG-Photovoltaikanl.-oestl.-der-Schmiechach.pdf,application/pdf,True,1344547,b6d4c16c021bbd41ae48403d72dcef6958bf4de5543dd1510dc1be62d1ca8f4f,0,True,not verified,,,,,False,,candidate only; verify public references/parent before publishing
9937,Ausschreibung Architekturpreis,wp-content/uploads/2025/08/Ausschreibung-Architekturpreis.pdf,https://www.gemeinde-merching.de/wp-content/uploads/2025/08/Ausschreibung-Architekturpreis.pdf,application/pdf,True,228980,65ce6d0de24a0d1a7e488b97e04efa67251bc5e4198b42f358b9907a41eead7e,9936,True,not verified,,,,,False,draft,candidate only; verify public references/parent before publishing
7681,Amtsblatt 06-2023=Jahrg. 78 Nr. 06,wp-content/uploads/2023/06/Amtsblatt-06-2023Jahrg.-78-Nr.-06.pdf,https://www.gemeinde-merching.de/wp-content/uploads/2023/06/Amtsblatt-06-2023Jahrg.-78-Nr.-06.pdf,application/pdf,True,237003,ac0dfae1db9254946c9ac7d86e184c10b2e7a6f1e1f2f0601e6c7861ac7ee1ff,0,True,not verified,,,,,False,,candidate only; verify public references/parent before publishing
7686,Antrag - Fahrkarte,wp-content/uploads/2023/06/Antrag-Fahrkarte.pdf,https://www.gemeinde-merching.de/wp-content/uploads/2023/06/Antrag-Fahrkarte.pdf,application/pdf,True,116296,74db8e3459571191ec2dad224277e738db3de5a50e9723ce59c7702dac8bd734,0,True,not verified,,,,,False,,candidate only; verify public references/parent before publishing
7734,BP PV Merching Planzeichnung Teil A 29.06.2023,wp-content/uploads/2023/06/BP-PV-Merching-Planzeichnung-Teil-A-29.06.2023.pdf,https://www.gemeinde-merching.de/wp-content/uploads/2023/06/BP-PV-Merching-Planzeichnung-Teil-A-29.06.2023.pdf,application/pdf,True,451408,065eb0a29ab88f7ef83c670dcb26a30a791ff19dbd08d5a5e1c1e41ea88ed409,0,True,not verified,,,,,False,,candidate only; verify public references/parent before publishing
9940,Ausschreibung Architekturpreis,wp-content/uploads/2025/08/Ausschreibung-Architekturpreis-1.pdf,https://www.gemeinde-merching.de/wp-content/uploads/2025/08/Ausschreibung-Architekturpreis-1.pdf,application/pdf,True,228980,65ce6d0de24a0d1a7e488b97e04efa67251bc5e4198b42f358b9907a41eead7e,9939,True,not verified,,,,,False,publish,candidate only; verify public references/parent before publishing
7705,IMG_3242,wp-content/uploads/2023/06/IMG_3242.jpg,https://www.gemeinde-merching.de/wp-content/uploads/2023/06/IMG_3242.jpg,image/jpeg,True,544343,4f9896e529da4df69cdb2686108cfda7cab3268a7514168d50a57da638cd782b,0,True,not verified,1600,1200,,,True,,candidate only; verify public references/parent before publishing
7706,IMG_3237,wp-content/uploads/2023/06/IMG_3237.jpg,https://www.gemeinde-merching.de/wp-content/uploads/2023/06/IMG_3237.jpg,image/jpeg,True,638189,4580217749a970a1cfaab7a7788a6ca57ca8143009d3b4c50c902468a8e2935a,255,True,not verified,1600,1200,,,True,publish,candidate only; verify public references/parent before publishing
7769,Amtsblatt 06a-2023=Jahrg. 78 Nr. 06a,wp-content/uploads/2023/07/Amtsblatt-06a-2023Jahrg.-78-Nr.-06a.pdf,https://www.gemeinde-merching.de/wp-content/uploads/2023/07/Amtsblatt-06a-2023Jahrg.-78-Nr.-06a.pdf,application/pdf,True,220156,9b2f75ac7d2ccc47301f76660f1e63a731ce70e1801f3ce2c222a59d6878ff97,0,True,not verified,,,,,False,,candidate only; verify public references/parent before publishing
7711,Bekanntmachung_ern_öff_Ausl_BPNr34_Östl_Nebelhornstr,wp-content/uploads/2023/06/Bekanntmachung_ern_oeff_Ausl_BPNr34_Oestl_Nebelhornstr.pdf,https://www.gemeinde-merching.de/wp-content/uploads/2023/06/Bekanntmachung_ern_oeff_Ausl_BPNr34_Oestl_Nebelhornstr.pdf,application/pdf,True,1160932,2d77dea9177c4c11fe53617b12cc8b124567c7b7af87a3cd1a5e465e5cb067e3,0,True,not verified,,,,,False,,candidate only; verify public references/parent before publishing
7723,BMWK_NKI_Gefoerdert_RGB_DE_2022_quer,wp-content/uploads/2022/10/BMWK_NKI_Gefoerdert_RGB_DE_2022_quer.jpg,https://www.gemeinde-merching.de/wp-content/uploads/2022/10/BMWK_NKI_Gefoerdert_RGB_DE_2022_quer.jpg,image/jpeg,True,155867,bc8ef97acdcab31bbb38fb7a8c93085ffe33f73676125a989f665e9dee64f00d,0,True,not verified,1409,731,,,False,,candidate only; verify public references/parent before publishing
10123,20251016_Plakat_Solartreff_Steindorf 25.11.,wp-content/uploads/2025/11/20251016_Plakat_Solartreff_Steindorf-25.11.pdf,https://www.gemeinde-merching.de/wp-content/uploads/2025/11/20251016_Plakat_Solartreff_Steindorf-25.11.pdf,application/pdf,True,202904,2baa314061b70b5da83156bb82b5366809e377467d1d4afc6675ba3cdfcfa818,0,True,not verified,,,,,False,,candidate only; verify public references/parent before publishing
7736,BP PV Merching_Begründung mit Umweltbericht Teil C_07 29.06.2023,wp-content/uploads/2023/06/BP-PV-Merching_Begruendung-mit-Umweltbericht-Teil-C_07-29.06.2023.pdf,https://www.gemeinde-merching.de/wp-content/uploads/2023/06/BP-PV-Merching_Begruendung-mit-Umweltbericht-Teil-C_07-29.06.2023.pdf,application/pdf,True,902125,06dcf1f7437a04fce5fc43df501d75a995bc081fdf8ecaffcc6875ee30417e87,0,True,not verified,,,,,False,,candidate only; verify public references/parent before publishing
8188,Amtsblatt 12-2023=Jahrg. 78 Nr. 12,wp-content/uploads/2023/12/Amtsblatt-12-2023Jahrg.-78-Nr.-12.pdf,https://www.gemeinde-merching.de/wp-content/uploads/2023/12/Amtsblatt-12-2023Jahrg.-78-Nr.-12.pdf,application/pdf,True,154336,ab0329efdf734e0a5639a36e97fc524ed8f0b30822c9b1f95cb440b06bbed052,0,True,not verified,,,,,False,,candidate only; verify public references/parent before publishing
7738,BP PV Merching_Festsetzungen Teil B 29.06.2023,wp-content/uploads/2023/06/BP-PV-Merching_Festsetzungen-Teil-B-29.06.2023.pdf,https://www.gemeinde-merching.de/wp-content/uploads/2023/06/BP-PV-Merching_Festsetzungen-Teil-B-29.06.2023.pdf,application/pdf,True,400664,bb159bfa07785a397119c80038566cf2387a3c178a2ef119858b5afbf87c8553,0,True,not verified,,,,,False,,candidate only; verify public references/parent before publishing
7740,Datenschutzrechtliche Informationspflichten nach Art. 13 und 14 DSGVO 29.06.2023,wp-content/uploads/2023/06/Datenschutzrechtliche-Informationspflichten-nach-Art.-13-und-14-DSGVO-29.06.2023.pdf,https://www.gemeinde-merching.de/wp-content/uploads/2023/06/Datenschutzrechtliche-Informationspflichten-nach-Art.-13-und-14-DSGVO-29.06.2023.pdf,application/pdf,True,892060,502317377dd9b1096c26ac7c0fded2fd0a52b39e21b99b7335a62f9dc79643d3,0,True,not verified,,,,,False,,candidate only; verify public references/parent before publishing
7742,FNP PV Merching Entwurf Teil A 29.06.2023,wp-content/uploads/2023/06/FNP-PV-Merching-Entwurf-Teil-A-29.06.2023.pdf,https://www.gemeinde-merching.de/wp-content/uploads/2023/06/FNP-PV-Merching-Entwurf-Teil-A-29.06.2023.pdf,application/pdf,True,793024,3e29bb49b2d587dfbe68fdc40f02274875bb73f885276f81ec9e5ea828d5a9af,0,True,not verified,,,,,False,,candidate only; verify public references/parent before publishing
7744,FNP PV Merching_Begründung mit Umweltbericht Teil B_03 29.06.2023,wp-content/uploads/2023/06/FNP-PV-Merching_Begruendung-mit-Umweltbericht-Teil-B_03-29.06.2023.pdf,https://www.gemeinde-merching.de/wp-content/uploads/2023/06/FNP-PV-Merching_Begruendung-mit-Umweltbericht-Teil-B_03-29.06.2023.pdf,application/pdf,True,680255,5b4e7c6627c9115a56ba18d6849f612f78a7a10f9ad7bf8e0edb22d86975661c,0,True,not verified,,,,,False,,candidate only; verify public references/parent before publishing
7745,Stellungnahme frühz. Beteiligung_Denkmalpflege_Abwägung 29.06.2023,wp-content/uploads/2023/06/Stellungnahme-fruehz.-Beteiligung_Denkmalpflege_Abwaegung-29.06.2023.pdf,https://www.gemeinde-merching.de/wp-content/uploads/2023/06/Stellungnahme-fruehz.-Beteiligung_Denkmalpflege_Abwaegung-29.06.2023.pdf,application/pdf,True,334830,2982616f1f01916907c91c1dc9416bdd84fa798a545642341d134e38af9a9b54,0,True,not verified,,,,,False,,candidate only; verify public references/parent before publishing
7749,Stellungnahme frühz. Beteiligung_Denkmalpflege_Abwägung 29.06.2023,wp-content/uploads/2023/06/Stellungnahme-fruehz.-Beteiligung_Denkmalpflege_Abwaegung-29.06.2023-1.pdf,https://www.gemeinde-merching.de/wp-content/uploads/2023/06/Stellungnahme-fruehz.-Beteiligung_Denkmalpflege_Abwaegung-29.06.2023-1.pdf,application/pdf,True,334830,2982616f1f01916907c91c1dc9416bdd84fa798a545642341d134e38af9a9b54,0,True,not verified,,,,,False,,candidate only; verify public references/parent before publishing
7751,Stellungnahme frühz. Beteiligung_LRA für BP_Abwägung 29.06.2023,wp-content/uploads/2023/06/Stellungnahme-fruehz.-Beteiligung_LRA-fuer-BP_Abwaegung-29.06.2023.pdf,https://www.gemeinde-merching.de/wp-content/uploads/2023/06/Stellungnahme-fruehz.-Beteiligung_LRA-fuer-BP_Abwaegung-29.06.2023.pdf,application/pdf,True,1962458,9a188a418399bed4a0aba2632e4f7766e0c7b7cd5e3a6fe3e142ae24620ea6c4,0,True,not verified,,,,,False,,candidate only; verify public references/parent before publishing
8224,Öffentl.Bekanntmachung_GR1_Jan24,wp-content/uploads/2024/01/Oeffentl.Bekanntmachung_GR1_Jan24.pdf,https://www.gemeinde-merching.de/wp-content/uploads/2024/01/Oeffentl.Bekanntmachung_GR1_Jan24.pdf,application/pdf,True,126997,1ed4ae074b3ab6db52519e28ee87e440d34ea8b9d57f3cdff1a90b51f24839ad,0,True,not verified,,,,,False,,candidate only; verify public references/parent before publishing
7753,Stellungnahme frühz. Beteiligung_LRA für FNP_Abwägung 29.06.2023,wp-content/uploads/2023/06/Stellungnahme-fruehz.-Beteiligung_LRA-fuer-FNP_Abwaegung-29.06.2023.pdf,https://www.gemeinde-merching.de/wp-content/uploads/2023/06/Stellungnahme-fruehz.-Beteiligung_LRA-fuer-FNP_Abwaegung-29.06.2023.pdf,application/pdf,True,2208018,35fecc7978a040eae2e30b8b3a0b9ec3b45309c85199bab4854ae28d2c15d534,0,True,not verified,,,,,False,,candidate only; verify public references/parent before publishing
8249,Plakatierungsverordnung,wp-content/uploads/2024/01/Plakatierungsverordnung-1.pdf,https://www.gemeinde-merching.de/wp-content/uploads/2024/01/Plakatierungsverordnung-1.pdf,application/pdf,True,1439303,6d7ad051d37b5e65796dc9fd73bcb3fd19aa25b795db8f2d49f030598838790f,8248,True,not verified,,,,,False,draft,candidate only; verify public references/parent before publishing
7755,Stellungnahme frühz. Beteiligung_Regierung v. Schwaben_Abwägung 29.06.2023,wp-content/uploads/2023/06/Stellungnahme-fruehz.-Beteiligung_Regierung-v.-Schwaben_Abwaegung-29.06.2023.pdf,https://www.gemeinde-merching.de/wp-content/uploads/2023/06/Stellungnahme-fruehz.-Beteiligung_Regierung-v.-Schwaben_Abwaegung-29.06.2023.pdf,application/pdf,True,624376,d67639d39646af760f93682d66a56ed7b6723cf7e200dd4e7e21027a04dfa91b,0,True,not verified,,,,,False,,candidate only; verify public references/parent before publishing
7757,Stellungnahme frühz. Beteiligung_WWA_Abwägung 29.06.2023,wp-content/uploads/2023/06/Stellungnahme-fruehz.-Beteiligung_WWA_Abwaegung-29.06.2023.pdf,https://www.gemeinde-merching.de/wp-content/uploads/2023/06/Stellungnahme-fruehz.-Beteiligung_WWA_Abwaegung-29.06.2023.pdf,application/pdf,True,687973,b61ab77d78ddf6027282103104744598b18fef8d26288d51b2d5f5e9e1f28af0,0,True,not verified,,,,,False,,candidate only; verify public references/parent before publishing
7760,PV Merching_Kartierung 2023-04-27 29.06.2023,wp-content/uploads/2023/06/PV-Merching_Kartierung-2023-04-27-29.06.2023.pdf,https://www.gemeinde-merching.de/wp-content/uploads/2023/06/PV-Merching_Kartierung-2023-04-27-29.06.2023.pdf,application/pdf,True,60897,df4e2d3911baacbe4f8d2fc36c0a4f8b6bc09df4782b9037c2d9b308082e8f93,0,True,not verified,,,,,False,,candidate only; verify public references/parent before publishing
8064,Case für kabellose In-Ear-Kopfhörer Beispielbild,wp-content/uploads/2023/11/Case.jpg,https://www.gemeinde-merching.de/wp-content/uploads/2023/11/Case.jpg,image/jpeg,True,16683,e26a20ea31f5f12f5fc94a5369601962575959fde3f2becb2896bf9ca8283e62,0,True,not verified,474,355,,,True,,candidate only; verify public references/parent before publishing
7834,Nivellement_Infoblätter_2023-03,wp-content/uploads/2023/07/Nivellement_Infoblaetter_2023-03.pdf,https://www.gemeinde-merching.de/wp-content/uploads/2023/07/Nivellement_Infoblaetter_2023-03.pdf,application/pdf,True,1542485,5acb9904a1a5f477defac3b99e7f6b4adb02592e8d0114a174ee3edf820d5e20,0,True,not verified,,,,,False,,candidate only; verify public references/parent before publishing
7847,IMG_3692,wp-content/uploads/2023/07/IMG_3692-scaled.jpg,https://www.gemeinde-merching.de/wp-content/uploads/2023/07/IMG_3692-scaled.jpg,image/jpeg,True,642350,70c8512f520d040ace2100c0e1e50d8405e6ddd26afe79566fe573b4bd77a8e0,0,True,not verified,2560,1920,wp-content/uploads/2023/07/IMG_3692.jpg,True,False,,candidate only; verify public references/parent before publishing
7860,Pflegestützpunkt_Aichach-Friedberg_2023,wp-content/uploads/2023/08/Pflegestuetzpunkt_Aichach-Friedberg_2023.pdf,https://www.gemeinde-merching.de/wp-content/uploads/2023/08/Pflegestuetzpunkt_Aichach-Friedberg_2023.pdf,application/pdf,True,117522,3d023e0dfbc490b2e5ca1e3cb36386af619064f4806cf86a212b4559533e56eb,7862,True,not verified,,,,,False,publish,candidate only; verify public references/parent before publishing
7863,Logo-Pflegestuetzpunkt-Landkreis-Aichach-Friedberg-CMYK,wp-content/uploads/2023/08/Logo-Pflegestuetzpunkt-Landkreis-Aichach-Friedberg-CMYK-e1691053220541.webp,https://www.gemeinde-merching.de/wp-content/uploads/2023/08/Logo-Pflegestuetzpunkt-Landkreis-Aichach-Friedberg-CMYK-e1691053220541.webp,image/webp,True,1776,02d20e79ebb5227924874363b6d0d52c5cd3b9ed154b3a40984db9492323d779,7862,True,not verified,118,42,,,False,publish,candidate only; verify public references/parent before publishing
9900,Nachhaltigkeitstag 2025_Plakat_A3,wp-content/uploads/2025/07/Nachhaltigkeitstag-2025_Plakat_A3-2.pdf,https://www.gemeinde-merching.de/wp-content/uploads/2025/07/Nachhaltigkeitstag-2025_Plakat_A3-2.pdf,application/pdf,True,147660,5a85694486c1d7d69615f69e04a6cd06cce82e7dcaa3087f38d65c3a3714bdef,0,True,not verified,,,,,False,,candidate only; verify public references/parent before publishing
8112,Leseclub Merching,wp-content/uploads/2023/11/Leseclub-Merching.pdf,https://www.gemeinde-merching.de/wp-content/uploads/2023/11/Leseclub-Merching.pdf,application/pdf,True,725638,52bcccee654fad1a8618a4c5ff2764737d89f2791f41c244d6ea8fc4ad34341a,0,True,not verified,,,,,False,,candidate only; verify public references/parent before publishing
9896,Nachhaltigkeitstag 2025_Plakat_A3,wp-content/uploads/2025/07/Nachhaltigkeitstag-2025_Plakat_A3.pdf,https://www.gemeinde-merching.de/wp-content/uploads/2025/07/Nachhaltigkeitstag-2025_Plakat_A3.pdf,application/pdf,True,147660,5a85694486c1d7d69615f69e04a6cd06cce82e7dcaa3087f38d65c3a3714bdef,0,True,not verified,,,,,False,,candidate only; verify public references/parent before publishing
9898,Nachhaltigkeitstag 2025_Plakat_A3,wp-content/uploads/2025/07/Nachhaltigkeitstag-2025_Plakat_A3-1.pdf,https://www.gemeinde-merching.de/wp-content/uploads/2025/07/Nachhaltigkeitstag-2025_Plakat_A3-1.pdf,application/pdf,True,147660,5a85694486c1d7d69615f69e04a6cd06cce82e7dcaa3087f38d65c3a3714bdef,0,True,not verified,,,,,False,,candidate only; verify public references/parent before publishing
7918,Amtsblatt-08-2023=Jahrg. 78 Nr. 08,wp-content/uploads/2023/09/Amtsblatt-08-2023Jahrg.-78-Nr.-08.pdf,https://www.gemeinde-merching.de/wp-content/uploads/2023/09/Amtsblatt-08-2023Jahrg.-78-Nr.-08.pdf,application/pdf,True,407535,feee7188f902fa64a85bcac25474f7a61ad4c9c4f85489c094e9466455ba1b8a,0,True,not verified,,,,,False,,candidate only; verify public references/parent before publishing
7920,Amtsblatt 08a-2023=Jahrg. 78 Nr. 08a,wp-content/uploads/2023/09/Amtsblatt-08a-2023Jahrg.-78-Nr.-08a.pdf,https://www.gemeinde-merching.de/wp-content/uploads/2023/09/Amtsblatt-08a-2023Jahrg.-78-Nr.-08a.pdf,application/pdf,True,158428,2dde34ea664cbfe32c9e144d43022d4bccd04ff34d5c405541631d3816c38eec,0,True,not verified,,,,,False,,candidate only; verify public references/parent before publishing
7922,Amtsblatt-08b-2023Jahrg.-78-Nr.-08b,wp-content/uploads/2023/09/Amtsblatt-08b-2023Jahrg.-78-Nr.-08b.pdf,https://www.gemeinde-merching.de/wp-content/uploads/2023/09/Amtsblatt-08b-2023Jahrg.-78-Nr.-08b.pdf,application/pdf,True,262389,fa60528a7886e1644a4ea8f25bcdd7635d000b32ba2b2e8eb2d50e9aec02016c,0,True,not verified,,,,,False,,candidate only; verify public references/parent before publishing
7924,Amtsblatt 09-2023=Jahrg. 78 Nr. 09,wp-content/uploads/2023/09/Amtsblatt-09-2023Jahrg.-78-Nr.-09.pdf,https://www.gemeinde-merching.de/wp-content/uploads/2023/09/Amtsblatt-09-2023Jahrg.-78-Nr.-09.pdf,application/pdf,True,233992,7030076fbefc1a22028970226ed29b10fc6c460d426f22021c63500723fe227f,0,True,not verified,,,,,False,,candidate only; verify public references/parent before publishing
7940,Netzwerk Familie AELF Kurse,wp-content/uploads/2023/09/Netzwerk-Familie-AELF-Kurse.pdf,https://www.gemeinde-merching.de/wp-content/uploads/2023/09/Netzwerk-Familie-AELF-Kurse.pdf,application/pdf,True,1526291,e101395740a7d4721ed440f29bd818966dcc4c3478b85dae4fab6d711838def0,0,True,not verified,,,,,False,,candidate only; verify public references/parent before publishing
8237,Amtsblatt 01-2024=Jahrg. 79 Nr. 01,wp-content/uploads/2024/01/Amtsblatt-01-2024Jahrg.-79-Nr.-01.pdf,https://www.gemeinde-merching.de/wp-content/uploads/2024/01/Amtsblatt-01-2024Jahrg.-79-Nr.-01.pdf,application/pdf,True,385740,c3790e4469977cb6d634774fe6bff9ca4ab167ca2924cab9d597e19200c57438,0,True,not verified,,,,,False,,candidate only; verify public references/parent before publishing
8194,Bekanntmachung Plakatierungsverordnung,wp-content/uploads/2023/12/Bekanntmachung-Plakatierungsverordnung.pdf,https://www.gemeinde-merching.de/wp-content/uploads/2023/12/Bekanntmachung-Plakatierungsverordnung.pdf,application/pdf,True,43422,cf287c1cde86a3e27640e005949c65917580c5356dfda2a7d0a38df641691efa,8193,True,not verified,,,,,False,draft,candidate only; verify public references/parent before publishing
8000,Amtsblatt 10-2023=78 Nr. 10 - entfällt,wp-content/uploads/2023/10/Amtsblatt-10-202378-Nr.-10-entfaellt.pdf,https://www.gemeinde-merching.de/wp-content/uploads/2023/10/Amtsblatt-10-202378-Nr.-10-entfaellt.pdf,application/pdf,True,25342,0da27d1aa9c8b6c9035ae9c272ecc1f65b50d8def5d333e9ec5e955defcc08c0,0,True,not verified,,,,,False,,candidate only; verify public references/parent before publishing
8021,FLY_Stromausfall_LAF_99x210mm_Merching_web,wp-content/uploads/2023/10/FLY_Stromausfall_LAF_99x210mm_Merching_web.pdf,https://www.gemeinde-merching.de/wp-content/uploads/2023/10/FLY_Stromausfall_LAF_99x210mm_Merching_web.pdf,application/pdf,True,321903,923355ae5a1fd0d23c7ee9aa3ea28b308917b58fd134d4e7c29984f9d2b7857e,8020,True,not verified,,,,,False,publish,candidate only; verify public references/parent before publishing
8786,Infoblatt Hochwasser 2024,wp-content/uploads/2024/06/Infoblatt-Hochwasser-2024.pdf,https://www.gemeinde-merching.de/wp-content/uploads/2024/06/Infoblatt-Hochwasser-2024.pdf,application/pdf,True,98580,bf100e0f70dc0cdf7b129ee1dba49ac6510003714c5fff74104d1e3e77302e4a,8785,True,not verified,,,,,False,publish,candidate only; verify public references/parent before publishing
8234,Wappen_Aichach-Friedberg_139x150,wp-content/uploads/2023/12/Wappen_Aichach-Friedberg_139x150-e1788341287103.png,https://www.gemeinde-merching.de/wp-content/uploads/2023/12/Wappen_Aichach-Friedberg_139x150-e1788341287103.png,image/png,True,14298,dc0b2afa426c40fcb3294e1da16c0ef6befca9bf807dfcf2f147404233ca7ce8,0,True,not verified,100,108,,,True,,candidate only; verify public references/parent before publishing
8040,Gemeindekurier November 2023 f. Homepage,wp-content/uploads/2023/10/Gemeindekurier-November-2023-f.-Homepage.pdf,https://www.gemeinde-merching.de/wp-content/uploads/2023/10/Gemeindekurier-November-2023-f.-Homepage.pdf,application/pdf,True,1105097,d31f6e964b7fe308abf343883c5ea387211993c3202b34f8cd229c15301c7fce,0,True,not verified,,,,,False,,candidate only; verify public references/parent before publishing
8043,Amtsblatt 10a-2023=Jahrg. 78 Nr. 10a,wp-content/uploads/2023/10/Amtsblatt-10a-2023Jahrg.-78-Nr.-10a.pdf,https://www.gemeinde-merching.de/wp-content/uploads/2023/10/Amtsblatt-10a-2023Jahrg.-78-Nr.-10a.pdf,application/pdf,True,553075,15f3310cd7c01742f63f8e74a720d6717004a2eb970d890e1751da759e896565,0,True,not verified,,,,,False,,candidate only; verify public references/parent before publishing
8135,Abschaffung des Kinderreisepasses zum 01.01.2024,wp-content/uploads/2023/11/Abschaffung-des-Kinderreisepasses-zum-01.01.2024-1.pdf,https://www.gemeinde-merching.de/wp-content/uploads/2023/11/Abschaffung-des-Kinderreisepasses-zum-01.01.2024-1.pdf,application/pdf,True,134976,7cecbb849025cc06fcf9380dfd3cfe856df0f7bca6f12a0fcb857badd106c673,8134,True,not verified,,,,,False,publish,candidate only; verify public references/parent before publishing
9205,Plakat 2024,wp-content/uploads/2024/12/Plakat-2024.doc,https://www.gemeinde-merching.de/wp-content/uploads/2024/12/Plakat-2024.doc,application/msword,True,273920,51501ad9b4fd3ef9007f9a0c905b4c5d160b79cab231d4ea1815e93f3621f67a,0,True,not verified,,,,,False,,candidate only; verify public references/parent before publishing
8084,Amtsblatt 11-2023=Jahrg. 78 Nr. 11,wp-content/uploads/2023/11/Amtsblatt-11-2023Jahrg.-78-Nr.-11.pdf,https://www.gemeinde-merching.de/wp-content/uploads/2023/11/Amtsblatt-11-2023Jahrg.-78-Nr.-11.pdf,application/pdf,True,158823,a2060a28b92511cd14c96066811421b024048574cf52f1ad8cffa35e623b7865,0,True,not verified,,,,,False,,candidate only; verify public references/parent before publishing
8087,BGS_WAS_Satzung_2022,wp-content/uploads/2023/11/BGS_WAS_Satzung_2022.pdf,https://www.gemeinde-merching.de/wp-content/uploads/2023/11/BGS_WAS_Satzung_2022.pdf,application/pdf,True,4957219,8a4b70338b0ac256c760e6e57343256b8b1fe395c37a2b3e12473c9051a17f6f,0,True,not verified,,,,,False,,candidate only; verify public references/parent before publishing
8089,Satzung_WAS_2022,wp-content/uploads/2023/11/Satzung_WAS_2022.pdf,https://www.gemeinde-merching.de/wp-content/uploads/2023/11/Satzung_WAS_2022.pdf,application/pdf,True,8568526,358f0ab7e83a2500d4aeed06d3ba104a01bc71b053b44fc8e3b4c2465275fa8a,8088,True,not verified,,,,,False,publish,candidate only; verify public references/parent before publishing
8091,EWS_Satzung_2022,wp-content/uploads/2023/11/EWS_Satzung_2022.pdf,https://www.gemeinde-merching.de/wp-content/uploads/2023/11/EWS_Satzung_2022.pdf,application/pdf,True,9853787,461fe0fafac1f431b8149ef124203214258a6bceb6009f62b233ced68365649f,8090,True,not verified,,,,,False,publish,candidate only; verify public references/parent before publishing
8093,BP PV Mandichosee_Teil A_Planzeichnung-2023-10-26,wp-content/uploads/2023/11/BP-PV-Mandichosee_Teil-A_Planzeichnung-2023-10-26.pdf,https://www.gemeinde-merching.de/wp-content/uploads/2023/11/BP-PV-Mandichosee_Teil-A_Planzeichnung-2023-10-26.pdf,application/pdf,True,1902070,2af2890e0feeddb189c3b5e862bb1c328ec79b23c01ac986b1279198188a2e95,0,True,not verified,,,,,False,,candidate only; verify public references/parent before publishing
8095,BP PV Mandichosee_Teil B_Festsetzungen-2023-10-26,wp-content/uploads/2023/11/BP-PV-Mandichosee_Teil-B_Festsetzungen-2023-10-26.pdf,https://www.gemeinde-merching.de/wp-content/uploads/2023/11/BP-PV-Mandichosee_Teil-B_Festsetzungen-2023-10-26.pdf,application/pdf,True,421565,863e363308794577c7423a944524cfe4a7317bad764d89f344211bf7000e2f21,0,True,not verified,,,,,False,,candidate only; verify public references/parent before publishing
8594,BP Nr. 39 PV Merching Teil A Planzeichnung 2023-10-26,wp-content/uploads/2024/03/BP-Nr.-39-PV-Merching-Teil-A-Planzeichnung-2023-10-26.pdf,https://www.gemeinde-merching.de/wp-content/uploads/2024/03/BP-Nr.-39-PV-Merching-Teil-A-Planzeichnung-2023-10-26.pdf,application/pdf,True,495995,fe614c8f43b4069e708b6a08073e0ad336cb369e7acd95bd77ccee904f9b7c87,0,True,not verified,,,,,False,,candidate only; verify public references/parent before publishing
8097,BP PV Mandichosee_Teil C_Begründung mit Umweltbericht-2023-10-26,wp-content/uploads/2023/11/BP-PV-Mandichosee_Teil-C_Begruendung-mit-Umweltbericht-2023-10-26.pdf,https://www.gemeinde-merching.de/wp-content/uploads/2023/11/BP-PV-Mandichosee_Teil-C_Begruendung-mit-Umweltbericht-2023-10-26.pdf,application/pdf,True,2249782,6703ca695912b19b0994738c6c2b92b1fc89b6b12a8905ccb2864e2271be9e3c,0,True,not verified,,,,,False,,candidate only; verify public references/parent before publishing
8601,5. Änderung FNP PV Merching_Begründung mit Umweltbericht Teil B,wp-content/uploads/2024/03/5.-Aenderung-FNP-PV-Merching_Begruendung-mit-Umweltbericht-Teil-B.pdf,https://www.gemeinde-merching.de/wp-content/uploads/2024/03/5.-Aenderung-FNP-PV-Merching_Begruendung-mit-Umweltbericht-Teil-B.pdf,application/pdf,True,679822,379c2fd6a7604b5bc35d568213886b8c50e61110bca023a20f5b62a19461029a,0,True,not verified,,,,,False,,candidate only; verify public references/parent before publishing
8099,BP PV Mandichosees Fachbeitrag Artenschutz,wp-content/uploads/2023/11/BP-PV-Mandichosees-Fachbeitrag-Artenschutz.pdf,https://www.gemeinde-merching.de/wp-content/uploads/2023/11/BP-PV-Mandichosees-Fachbeitrag-Artenschutz.pdf,application/pdf,True,2493347,24ef4260ebf6ad40ca2411bca03c1af58e780ba517be80e15a254f60a37af273,0,True,not verified,,,,,False,,candidate only; verify public references/parent before publishing
8101,FNP PV Mandichosee_Teil A_Planzeichnung-2023-10-26,wp-content/uploads/2023/11/FNP-PV-Mandichosee_Teil-A_Planzeichnung-2023-10-26.pdf,https://www.gemeinde-merching.de/wp-content/uploads/2023/11/FNP-PV-Mandichosee_Teil-A_Planzeichnung-2023-10-26.pdf,application/pdf,True,2693384,df7cca7b5a1a0ac83b1a83c6e5f5bf237cbc19ad722947b3ee38bf5ebc2c4af6,0,True,not verified,,,,,False,,candidate only; verify public references/parent before publishing
8599,5. Änderung FNP PV Merching Teil A_Planzeichnung,wp-content/uploads/2024/03/5.-Aenderung-FNP-PV-Merching-Teil-A_Planzeichnung.pdf,https://www.gemeinde-merching.de/wp-content/uploads/2024/03/5.-Aenderung-FNP-PV-Merching-Teil-A_Planzeichnung.pdf,application/pdf,True,2671173,130e2d9cf8ec2a027d3076c7f0670fa92cfeabbd4d2213ad3cc6a0fb602b919e,0,True,not verified,,,,,False,,candidate only; verify public references/parent before publishing
8103,FNP PV Mandichosee_Teil B_Begründung m. Umweltbericht-2023-10-26,wp-content/uploads/2023/11/FNP-PV-Mandichosee_Teil-B_Begruendung-m.-Umweltbericht-2023-10-26.pdf,https://www.gemeinde-merching.de/wp-content/uploads/2023/11/FNP-PV-Mandichosee_Teil-B_Begruendung-m.-Umweltbericht-2023-10-26.pdf,application/pdf,True,1414844,c07afddc2276a1a7243b32d4a60815fcf1128381041de8e2644393d6b7a31947,0,True,not verified,,,,,False,,candidate only; verify public references/parent before publishing
9912,Wasser-Beitrags- und Gebührensatzung zur Wasserabgabesatzung ab 01.01.2026,wp-content/uploads/2025/08/Wasser-Beitrags-und-Gebuehrensatzung-zur-Wasserabgabesatzung-ab-01.01.2026.pdf,https://www.gemeinde-merching.de/wp-content/uploads/2025/08/Wasser-Beitrags-und-Gebuehrensatzung-zur-Wasserabgabesatzung-ab-01.01.2026.pdf,application/pdf,True,189096,8653a6dcd13bb47a751402fa4d188c8b16954a5fa06e6880eed50450d5940417,9911,True,not verified,,,,,False,publish,candidate only; verify public references/parent before publishing
8154,Logo Advent,wp-content/uploads/2023/12/Logo-Advent.pdf,https://www.gemeinde-merching.de/wp-content/uploads/2023/12/Logo-Advent.pdf,application/pdf,True,280548,add6086f9f5e9d80005b3b13c041395067deb02c451242cb2820abb14911d672,0,True,not verified,,,,,False,,candidate only; verify public references/parent before publishing
9198,Grundsteuer_Korrektur_Formular_FA_04_12_2024,wp-content/uploads/2024/12/Korrektur_Formular_zur_GrSt_Auslage_in_Gemeinde_und_SZ_04.12.2024.pdf,https://www.gemeinde-merching.de/wp-content/uploads/2024/12/Korrektur_Formular_zur_GrSt_Auslage_in_Gemeinde_und_SZ_04.12.2024.pdf,application/pdf,True,25539,66fe51cf80f844ef7096e5730d415e4ce2c1ceca8f15817b230c10d244a2fe1d,0,True,not verified,,,,,False,,candidate only; verify public references/parent before publishing
8179,Gemeindekurier Weihnachten 2023 f. Homepage,wp-content/uploads/2023/12/Gemeindekurier-Weihnachten-2023-f.-Homepage.pdf,https://www.gemeinde-merching.de/wp-content/uploads/2023/12/Gemeindekurier-Weihnachten-2023-f.-Homepage.pdf,application/pdf,True,1128188,8e0b5ddd65d6ec423c4e56c7a47deea0452449b2cce96621f3fc5744097e9317,0,True,not verified,,,,,False,,candidate only; verify public references/parent before publishing
10180,Bekanntmachung Beschwerdeausschusssitzung,wp-content/uploads/2025/12/Bekanntmachung-Beschwerdeausschusssitzung.pdf,https://www.gemeinde-merching.de/wp-content/uploads/2025/12/Bekanntmachung-Beschwerdeausschusssitzung.pdf,application/pdf,True,93082,92a497e286c8fe1c1cea8da0a21c1a6496190610fab0fd12a1e416cdb054e02d,10179,True,not verified,,,,,False,publish,candidate only; verify public references/parent before publishing
8316,240208_E-Mail-Abbinder_Ukraine-2Jahrestag,wp-content/uploads/2024/02/240208_E-Mail-Abbinder_Ukraine-2Jahrestag.jpg,https://www.gemeinde-merching.de/wp-content/uploads/2024/02/240208_E-Mail-Abbinder_Ukraine-2Jahrestag.jpg,image/jpeg,True,102745,b4b2df2a2c843e6124d692dad662008a38111905e70b055b1c52b93b78fd0474,0,True,not verified,688,406,,,False,,candidate only; verify public references/parent before publishing
8323,Amtsblatt 02-2024=Jahrg. 79 Nr. 02,wp-content/uploads/2024/02/Amtsblatt-02-2024Jahrg.-79-Nr.-02.pdf,https://www.gemeinde-merching.de/wp-content/uploads/2024/02/Amtsblatt-02-2024Jahrg.-79-Nr.-02.pdf,application/pdf,True,274047,832ba4d780a0ce0d18ad455dba77e2f5e93d06f9212187deee3038bf9294f98f,0,True,not verified,,,,,False,,candidate only; verify public references/parent before publishing
8607,Amtsblatt 03-2024Jahrg. 79 Nr. 03,wp-content/uploads/2024/03/Amtsblatt-03-2024Jahrg.-79-Nr.-03.pdf,https://www.gemeinde-merching.de/wp-content/uploads/2024/03/Amtsblatt-03-2024Jahrg.-79-Nr.-03.pdf,application/pdf,True,307885,6945f9af4898bc3d0be22ce1062686acc444d1801477b00393d84e9ec95a2da1,0,True,not verified,,,,,False,,candidate only; verify public references/parent before publishing
10169,Feuerwehr - Satzung über Aufwendungd- und Kostenersatz für Einsätze und andere Leistungen gem. Feuehrwehren ab 01.01.2026,wp-content/uploads/2025/08/Feuerwehr-Satzung-ueber-Aufwendungd-und-Kostenersatz-fuer-Einsaetze-und-andere-Leistungen-gem.-Feuehrwehren-ab-01.01.2026.pdf,https://www.gemeinde-merching.de/wp-content/uploads/2025/08/Feuerwehr-Satzung-ueber-Aufwendungd-und-Kostenersatz-fuer-Einsaetze-und-andere-Leistungen-gem.-Feuehrwehren-ab-01.01.2026.pdf,application/pdf,True,202955,134655e0a3070abef24b4b659019fce08361d41b93e0014fb5a9ad651c71d817,9925,True,not verified,,,,,False,publish,candidate only; verify public references/parent before publishing
8622,Gemeindekurier Ostern 2024 f. Homepage,wp-content/uploads/2024/03/Gemeindekurier-Ostern-2024-f.-Homepage.pdf,https://www.gemeinde-merching.de/wp-content/uploads/2024/03/Gemeindekurier-Ostern-2024-f.-Homepage.pdf,application/pdf,True,788154,f5e9b337d93edf5c3e43cef4cf500dee400c19e242b44d1cadd0889b869e36a0,0,True,not verified,,,,,False,,candidate only; verify public references/parent before publishing
10177,Stellplatzsatzung ab 30.09.2025,wp-content/uploads/2025/09/Stellplatzsatzung-ab-30.09.2025-.pdf,https://www.gemeinde-merching.de/wp-content/uploads/2025/09/Stellplatzsatzung-ab-30.09.2025-.pdf,application/pdf,True,265526,389c16bad63164201e55367ac5416ee2147ffd82274091bf8d41b4a8954cefd5,9972,True,not verified,,,,,False,publish,candidate only; verify public references/parent before publishing
10516,20260414_Sitzung Bündnis für Demokratie f. Homepage,wp-content/uploads/2026/04/20260414_Sitzung-Buendnis-fuer-Demokratie-f.-Homepage.pdf,https://www.gemeinde-merching.de/wp-content/uploads/2026/04/20260414_Sitzung-Buendnis-fuer-Demokratie-f.-Homepage.pdf,application/pdf,True,180261,c52dff18068d95649f0a8853edc75cdc721206a3b281832aff60445f323906d3,10515,True,not verified,,,,,False,publish,candidate only; verify public references/parent before publishing
8674,miteinand und füreinand,wp-content/uploads/2024/04/miteinand-und-fuereinand-e1712737064492.png,https://www.gemeinde-merching.de/wp-content/uploads/2024/04/miteinand-und-fuereinand-e1712737064492.png,image/png,True,15841,c2f36c09822cc64b1779e6c5e9fa54ea64c86a95df837429dcca1317dfd6f89c,0,True,not verified,150,95,,,False,,candidate only; verify public references/parent before publishing
8675,Anmeldeformular 2024 1 HJ,wp-content/uploads/2024/04/Anmeldeformular-2024-1-HJ.pdf,https://www.gemeinde-merching.de/wp-content/uploads/2024/04/Anmeldeformular-2024-1-HJ.pdf,application/pdf,True,153159,bf6984d2f9071c33ac37fc1c785c5255c2a5090ab1371c1e66e1e739b829b5ce,0,True,not verified,,,,,False,,candidate only; verify public references/parent before publishing
8715,EnergiePortal_Veröffentltext_SchadensMelder_Dez23,wp-content/uploads/2024/05/EnergiePortal_Veroeffentltext_SchadensMelder_Dez23.pdf,https://www.gemeinde-merching.de/wp-content/uploads/2024/05/EnergiePortal_Veroeffentltext_SchadensMelder_Dez23.pdf,application/pdf,True,158629,a6494aae19b45e5e8ec4e0b9c633f0972bccaa099dcd31303c0c1b629e119deb,8714,True,not verified,,,,,False,draft,candidate only; verify public references/parent before publishing
8717,QRCode_StörmelderApp_Merching_210602,wp-content/uploads/2024/05/QRCode_StoermelderApp_Merching_210602.png,https://www.gemeinde-merching.de/wp-content/uploads/2024/05/QRCode_StoermelderApp_Merching_210602.png,image/png,True,1192,5de81fdeeee5d29eeded858f9910e3390bc479fdc285fcc7c1098a62973804a7,8714,True,not verified,1000,1000,,,False,draft,candidate only; verify public references/parent before publishing
8869,Antrag_Fahrkarte_2024_2025,wp-content/uploads/2024/07/Antrag_Fahrkarte_2024_2025-1.pdf,https://www.gemeinde-merching.de/wp-content/uploads/2024/07/Antrag_Fahrkarte_2024_2025-1.pdf,application/pdf,True,71409,a916f5567feeb17ba369d0e9d0fb48ff4783046b6eba77f0c928f332858b85a6,0,True,not verified,,,,,False,,candidate only; verify public references/parent before publishing
8815,https://www.gemeinde-merching.de/wp-content/uploads/2021/08/Energieberatung-Landkreis-Aichach-Friedberg-Typo-schwarz-RGB-scaled-e1629102681482.jpg,wp-content/uploads/2021/08/Energieberatung-Landkreis-Aichach-Friedberg-Typo-schwarz-RGB-scaled-e1629102681482.jpg,https://www.gemeinde-merching.de/wp-content/uploads/2021/08/Energieberatung-Landkreis-Aichach-Friedberg-Typo-schwarz-RGB-scaled-e1629102681482.jpg,image/jpeg,True,33927,140db27485f0218e7ff8ccb407bc3f2b680394aba7d873adbe27cccdfc3dab79,4149,True,not verified,1200,342,,,False,publish,candidate only; verify public references/parent before publishing
8816,Energieberatung-Landkreis-Aichach-Friedberg-Typo-schwarz-RGB-scaled-e1629102681482,wp-content/uploads/2024/06/Energieberatung-Landkreis-Aichach-Friedberg-Typo-schwarz-RGB-scaled-e1719300013415.jpg,https://www.gemeinde-merching.de/wp-content/uploads/2024/06/Energieberatung-Landkreis-Aichach-Friedberg-Typo-schwarz-RGB-scaled-e1719300013415.jpg,image/jpeg,True,1489,06de107dd4f1c0472b23ccf78001742acacda6e60b1e5e990720237037c785d9,0,True,not verified,120,34,,,False,,candidate only; verify public references/parent before publishing
8817,https://www.gemeinde-merching.de/wp-content/uploads/2024/06/Energieberatung-Landkreis-Aichach-Friedberg-Typo-schwarz-RGB-scaled-e1719300013415.jpg,wp-content/uploads/2024/06/Energieberatung-Landkreis-Aichach-Friedberg-Typo-schwarz-RGB-scaled-e1719300013415.jpg,https://www.gemeinde-merching.de/wp-content/uploads/2024/06/Energieberatung-Landkreis-Aichach-Friedberg-Typo-schwarz-RGB-scaled-e1719300013415.jpg,image/jpeg,True,1489,06de107dd4f1c0472b23ccf78001742acacda6e60b1e5e990720237037c785d9,4149,True,not verified,120,34,,,False,publish,candidate only; verify public references/parent before publishing
8818,https://www.gemeinde-merching.de/wp-content/uploads/2023/08/Logo-Pflegestuetzpunkt-Landkreis-Aichach-Friedberg-CMYK-e1691053220541.webp,wp-content/uploads/2023/08/Logo-Pflegestuetzpunkt-Landkreis-Aichach-Friedberg-CMYK-e1691053220541.webp,https://www.gemeinde-merching.de/wp-content/uploads/2023/08/Logo-Pflegestuetzpunkt-Landkreis-Aichach-Friedberg-CMYK-e1691053220541.webp,image/webp,True,1776,02d20e79ebb5227924874363b6d0d52c5cd3b9ed154b3a40984db9492323d779,7862,True,not verified,118,42,,,False,publish,candidate only; verify public references/parent before publishing
8819,https://www.gemeinde-merching.de/wp-content/uploads/link-library-images/14.jpg,wp-content/uploads/link-library-images/14.jpg,https://www.gemeinde-merching.de/wp-content/uploads/link-library-images/14.jpg,image/jpeg,True,12410,d45cd862a898ec4185a9b43f22f58d7a36240365be707ec0d04df8d178c07b9d,3815,True,not verified,118,117,,,False,publish,candidate only; verify public references/parent before publishing
9686,Screenshot 2025-06-25 103555,wp-content/uploads/2025/06/Screenshot-2025-06-25-103555-4.jpg,https://www.gemeinde-merching.de/wp-content/uploads/2025/06/Screenshot-2025-06-25-103555-4.jpg,image/jpeg,True,3252,60ff693b2ae5b16e8f27adf4fca67008f799f6ca2352efdf6308ef7323b56e13,0,True,not verified,80,112,,,True,,candidate only; verify public references/parent before publishing
9856,Sommerserenade entfällt,wp-content/uploads/2025/07/Entfaellt.jpg,https://www.gemeinde-merching.de/wp-content/uploads/2025/07/Entfaellt.jpg,image/jpeg,True,201521,9aa45d31708be7e09db65e573319c93eca79fe59c7571cb0dded209ac9de40cc,0,True,not verified,757,1070,,,True,,candidate only; verify public references/parent before publishing
9689,Familienstützpunkt Süd Programm Juli bis Sept. 2025,wp-content/uploads/2025/06/Familienstuetzpunkt-Sued-Programm-Juli-bis-Sept.-2025.pdf,https://www.gemeinde-merching.de/wp-content/uploads/2025/06/Familienstuetzpunkt-Sued-Programm-Juli-bis-Sept.-2025.pdf,application/pdf,True,625939,a7eec054f5022ca7e61e0bd215fcddcc6ac21edc8c2aaec8b50aa3023ffdadf1,0,True,not verified,,,,,False,,candidate only; verify public references/parent before publishing
8974,doc00268420240910131618,wp-content/uploads/2024/09/doc00268420240910131618.pdf,https://www.gemeinde-merching.de/wp-content/uploads/2024/09/doc00268420240910131618.pdf,application/pdf,True,522916,49791878877c7eee046e133a7c75354a17c79538670a9b37678c9827efc4832e,0,True,not verified,,,,,False,,candidate only; verify public references/parent before publishing
10112,Merchinger Advent Programm_25_bearbeitet_ Plakat Schule Merching F. Lubetzki,wp-content/uploads/2025/11/Merchinger-Advent-Programm_25_bearbeitet_-Plakat-Schule-Merching-F.-Lubetzki.pdf,https://www.gemeinde-merching.de/wp-content/uploads/2025/11/Merchinger-Advent-Programm_25_bearbeitet_-Plakat-Schule-Merching-F.-Lubetzki.pdf,application/pdf,True,717284,38530a7138dac40b132510a63609a85ed740f98a586e10fcf0aaf869fa771729,0,True,not verified,,,,,False,,candidate only; verify public references/parent before publishing
10167,Entwässerung - Beitrags- und Gebührensatzung zur Entwässerungssatzung ab 01.01.2026_NEU,wp-content/uploads/2025/08/Entwaesserung-Beitrags-und-Gebuehrensatzung-zur-Entwaesserungssatzung-ab-01.01.2026_NEU.pdf,https://www.gemeinde-merching.de/wp-content/uploads/2025/08/Entwaesserung-Beitrags-und-Gebuehrensatzung-zur-Entwaesserungssatzung-ab-01.01.2026_NEU.pdf,application/pdf,True,189362,359da421f1d62b9d19f6d1c1297edc265ca58267b955d5e79d66df7f505ae930,9913,True,not verified,,,,,False,publish,candidate only; verify public references/parent before publishing
10816,Screenshot 2026-07-30 144027,wp-content/uploads/2026/07/Screenshot-2026-07-30-144027.png,https://www.gemeinde-merching.de/wp-content/uploads/2026/07/Screenshot-2026-07-30-144027.png,image/png,True,11725,d235fa99d93b3e7f3b7ebdcdf90c1873e00077b362b61289e0e2efe7ad1c76bd,0,True,not verified,173,112,,,False,,candidate only; verify public references/parent before publishing
10478,Logo Solaroffensive,wp-content/uploads/2026/04/Logo-Solaroffensive.png,https://www.gemeinde-merching.de/wp-content/uploads/2026/04/Logo-Solaroffensive.png,image/png,True,21106,6245e8231d313dab0eecd74920cae7855535a576d47d88bdc5f7651fa1124a81,10477,True,not verified,321,86,,,False,publish,candidate only; verify public references/parent before publishing
8912,Fundanzeige 24-2024,wp-content/uploads/2024/08/Fundanzeige-24-2024.pdf,https://www.gemeinde-merching.de/wp-content/uploads/2024/08/Fundanzeige-24-2024.pdf,application/pdf,True,560826,a09f3fc02212dfaa7401fc4b3124de90588aea70b67deaa10f2bbfff9b6c8e4d,0,True,not verified,,,,,False,,candidate only; verify public references/parent before publishing
10701,Plakatvorlage Sommerserenade 2026_Stand 26.05.26,wp-content/uploads/2026/06/Plakatvorlage-Sommerserenade-2026_Stand-26.05.26.pdf,https://www.gemeinde-merching.de/wp-content/uploads/2026/06/Plakatvorlage-Sommerserenade-2026_Stand-26.05.26.pdf,application/pdf,True,3321841,508d4b247c49ef8f82c955aef2338e369f1cc1d19c280c817e0d0449942e5f80,0,True,not verified,,,,,False,,candidate only; verify public references/parent before publishing
9046,Hebesatzsatzung_2025,wp-content/uploads/2024/10/Hebesatzsatzung_2025.pdf,https://www.gemeinde-merching.de/wp-content/uploads/2024/10/Hebesatzsatzung_2025.pdf,application/pdf,True,430068,f35f81c296e422c459bc14fce66d3355e46ff115742165fbbc5616c8f9da7784,0,True,not verified,,,,,False,,candidate only; verify public references/parent before publishing
9458,Kauth-Yvonne-kl,wp-content/uploads/2025/04/Kauth-Yvonne-kl.jpg,https://www.gemeinde-merching.de/wp-content/uploads/2025/04/Kauth-Yvonne-kl.jpg,image/jpeg,True,4852,df5c315409d77da824a2fff037f94081bdd86aeb277a32220398dded9f7c58f9,0,True,not verified,90,120,,,True,,candidate only; verify public references/parent before publishing
9288,Plakatierungsverordnung,wp-content/uploads/2025/01/Plakatierungsverordnung.pdf,https://www.gemeinde-merching.de/wp-content/uploads/2025/01/Plakatierungsverordnung.pdf,application/pdf,True,1439303,6d7ad051d37b5e65796dc9fd73bcb3fd19aa25b795db8f2d49f030598838790f,0,True,not verified,,,,,False,,candidate only; verify public references/parent before publishing
9291,015_2025_42_A_Mikrozensus,wp-content/uploads/2025/01/015_2025_42_A_Mikrozensus.pdf,https://www.gemeinde-merching.de/wp-content/uploads/2025/01/015_2025_42_A_Mikrozensus.pdf,application/pdf,True,146980,5c996158f39247fd37aa9cf73b9d4d04d69a024c6e78ce0928520efb955117d3,0,True,not verified,,,,,False,,candidate only; verify public references/parent before publishing
10804,Gemeindekurier Sommer 2026 f. Kurier,wp-content/uploads/2026/07/Gemeindekurier-Sommer-2026-f.-Kurier.pdf,https://www.gemeinde-merching.de/wp-content/uploads/2026/07/Gemeindekurier-Sommer-2026-f.-Kurier.pdf,application/pdf,True,850144,eb177dcdc8b1bae65b180be1de3eb67331b42a282e682c37e31426a97878ced3,10803,True,not verified,,,,,False,publish,candidate only; verify public references/parent before publishing
9418,Plakatierungsverordnung,wp-content/uploads/2025/03/Plakatierungsverordnung.pdf,https://www.gemeinde-merching.de/wp-content/uploads/2025/03/Plakatierungsverordnung.pdf,application/pdf,True,1278593,519abbc54c68d5a9487e17a4756625737e0b2c1ed7226787235a7bb578c6761a,9417,True,not verified,,,,,False,publish,candidate only; verify public references/parent before publishing
9349,Aushang,wp-content/uploads/2025/02/Aushang.pdf,https://www.gemeinde-merching.de/wp-content/uploads/2025/02/Aushang.pdf,application/pdf,True,34713,ddee2a62c73e52674b5e22db68f3a4613c4e97f2b6a289e43677b0bd1566a9eb,0,True,not verified,,,,,False,,candidate only; verify public references/parent before publishing
9353,Aushang Homepage,wp-content/uploads/2025/02/Aushang-Homepage.pdf,https://www.gemeinde-merching.de/wp-content/uploads/2025/02/Aushang-Homepage.pdf,application/pdf,True,97622,3d0fd56b309d4e6e03b4e51efbcdf2b6f143155c04ac8f13b440df6bd0810a13,0,True,not verified,,,,,False,,candidate only; verify public references/parent before publishing
9783,175_2025_42_A_Mikrozensus_Halbzeit,wp-content/uploads/2025/07/175_2025_42_A_Mikrozensus_Halbzeit.pdf,https://www.gemeinde-merching.de/wp-content/uploads/2025/07/175_2025_42_A_Mikrozensus_Halbzeit.pdf,application/pdf,True,197058,e45585f9669a94f0f340150b26ecb582fe2134277f06c5fcad4a81ce715985ea,0,True,not verified,,,,,False,,candidate only; verify public references/parent before publishing
9844,Informationsflyer Blaualgen am Mandichosee,wp-content/uploads/2025/07/Informationsflyer_Mandichosee.pdf,https://www.gemeinde-merching.de/wp-content/uploads/2025/07/Informationsflyer_Mandichosee.pdf,application/pdf,True,774771,187b00d3d377bc8eaca0ead999c2208840bfdcac007de66340aa63f409f21304,255,True,not verified,,,,,False,publish,candidate only; verify public references/parent before publishing
9370,Bekanntm._ern_öff_Ausl_3_Änd_BPNr11_Kirchenfeld_20250228,wp-content/uploads/2025/02/Bekanntm._ern_oeff_Ausl_3_Aend_BPNr11_Kirchenfeld_20250228.pdf,https://www.gemeinde-merching.de/wp-content/uploads/2025/02/Bekanntm._ern_oeff_Ausl_3_Aend_BPNr11_Kirchenfeld_20250228.pdf,application/pdf,True,568119,2b134e80f3d1187096580571e2e4fe4f6d839e6c2480edaff8cfddbef5eef501,0,True,not verified,,,,,False,,candidate only; verify public references/parent before publishing
9372,B-Plan Nr. 11 Datenschutzinformationspflicht,wp-content/uploads/2025/02/B-Plan-Nr.-11-Datenschutzinformationspflicht.pdf,https://www.gemeinde-merching.de/wp-content/uploads/2025/02/B-Plan-Nr.-11-Datenschutzinformationspflicht.pdf,application/pdf,True,1558973,011965d8b4682b5e8d1a131cbad4450b84c33fc6de4983b0404b580c2b30f101,0,True,not verified,,,,,False,,candidate only; verify public references/parent before publishing
9542,871b0a73-8034-47e4-80ac-ea20ad13f29e,wp-content/uploads/2025/05/871b0a73-8034-47e4-80ac-ea20ad13f29e.jpg,https://www.gemeinde-merching.de/wp-content/uploads/2025/05/871b0a73-8034-47e4-80ac-ea20ad13f29e.jpg,image/jpeg,True,546212,adc48c2722d6c2e9262c95801541289fafb4f7880dd3c17902075e40dc59b0a7,0,True,not verified,1600,900,,,True,,candidate only; verify public references/parent before publishing
9388,BekanntmachungRattenMai2025,wp-content/uploads/2025/03/BekanntmachungRattenMai2025.pdf,https://www.gemeinde-merching.de/wp-content/uploads/2025/03/BekanntmachungRattenMai2025.pdf,application/pdf,True,83590,3cbc9c3744c963c04c3bafedc6c930b45ad4a13201d89562ae67daeccfe7b12a,0,True,not verified,,,,,False,,candidate only; verify public references/parent before publishing
9426,Broschüre_Tag der Vereine_01.06.2025,wp-content/uploads/2025/03/Broschuere_Tag-der-Vereine_01.06.2025-1.pdf,https://www.gemeinde-merching.de/wp-content/uploads/2025/03/Broschuere_Tag-der-Vereine_01.06.2025-1.pdf,application/pdf,True,15271786,1c9303a33a8f1c1807c538c744d5b0f7dd7b595c0f5c27b3b2bcdda31f668e9a,0,True,not verified,,,,,False,,candidate only; verify public references/parent before publishing
9425,Broschüre_Tag der Vereine_01.06.2025,wp-content/uploads/2025/03/Broschuere_Tag-der-Vereine_01.06.2025.pdf,https://www.gemeinde-merching.de/wp-content/uploads/2025/03/Broschuere_Tag-der-Vereine_01.06.2025.pdf,application/pdf,True,15271786,1c9303a33a8f1c1807c538c744d5b0f7dd7b595c0f5c27b3b2bcdda31f668e9a,0,True,not verified,,,,,False,,candidate only; verify public references/parent before publishing
9395,Artenschutz Relevanzprüfung 23-02-10,wp-content/uploads/2025/03/Artenschutz-Relevanzpruefung-23-02-10.pdf,https://www.gemeinde-merching.de/wp-content/uploads/2025/03/Artenschutz-Relevanzpruefung-23-02-10.pdf,application/pdf,True,1535691,90dc2a87d351403295e251e09db1c09a69f56f6c88744dbab0118a3f402a5817,0,True,not verified,,,,,False,,candidate only; verify public references/parent before publishing
9397,Begründung_Entwurf_BP_Kirchenfeld_3_Änd_20250123,wp-content/uploads/2025/03/Begruendung_Entwurf_BP_Kirchenfeld_3_Aend_20250123.pdf,https://www.gemeinde-merching.de/wp-content/uploads/2025/03/Begruendung_Entwurf_BP_Kirchenfeld_3_Aend_20250123.pdf,application/pdf,True,528255,68c07f4d304aed12f695ae3a1d779224709fe7bdafbbfd21ebef2254e863ed64,0,True,not verified,,,,,False,,candidate only; verify public references/parent before publishing
9399,Planzeichnung_Entwurf_3_Änd_Kirchenfeld_2025-01-23,wp-content/uploads/2025/03/Planzeichnung_Entwurf_3_Aend_Kirchenfeld_2025-01-23.pdf,https://www.gemeinde-merching.de/wp-content/uploads/2025/03/Planzeichnung_Entwurf_3_Aend_Kirchenfeld_2025-01-23.pdf,application/pdf,True,1620441,d6256b9f9f2c7e0ffcc213d126e4b1f621e75d867ed7dc2ab5d0b92d160b819d,0,True,not verified,,,,,False,,candidate only; verify public references/parent before publishing
9401,Textteil_Entwurf_BP_Kirchenfeld_3_Änd_20250123,wp-content/uploads/2025/03/Textteil_Entwurf_BP_Kirchenfeld_3_Aend_20250123.pdf,https://www.gemeinde-merching.de/wp-content/uploads/2025/03/Textteil_Entwurf_BP_Kirchenfeld_3_Aend_20250123.pdf,application/pdf,True,172567,0b865ef7eaa4fbcb8ae4bd4c91503719bb863780874fdb69672069e22a90eb62,0,True,not verified,,,,,False,,candidate only; verify public references/parent before publishing
9515,Bekanntmachung Kostensatzung,wp-content/uploads/2025/05/Bekanntmachung-Kostensatzung-1.docx,https://www.gemeinde-merching.de/wp-content/uploads/2025/05/Bekanntmachung-Kostensatzung-1.docx,application/vnd.openxmlformats-officedocument.wordprocessingml.document,True,53667,15d95edd0e034e0621163f49b04bee31b7117d032b9c0d8f3965a4379b764869,9511,True,not verified,,,,,False,publish,candidate only; verify public references/parent before publishing
9414,Aushang Homepage_2,wp-content/uploads/2025/03/Aushang-Homepage_2.pdf,https://www.gemeinde-merching.de/wp-content/uploads/2025/03/Aushang-Homepage_2.pdf,application/pdf,True,98184,1dc645bfc09081f40ac132951d2f8ace6a2aa0367e9884e20872d444a7e9d844,0,True,not verified,,,,,False,,candidate only; verify public references/parent before publishing
9512,Bekanntmachung Kostensatzung,wp-content/uploads/2025/05/Bekanntmachung-Kostensatzung.docx,https://www.gemeinde-merching.de/wp-content/uploads/2025/05/Bekanntmachung-Kostensatzung.docx,application/vnd.openxmlformats-officedocument.wordprocessingml.document,True,33807,5f1f6a6f495a997776ca6ad02c0aafa6892f8f329b332dc43b1c88cd4d00c06c,9511,True,not verified,,,,,False,publish,candidate only; verify public references/parent before publishing
9462,8_Änd_FNP_Steinach_Ost_Bekanntmachung_Genehmigung_20250403,wp-content/uploads/2025/04/8_Aend_FNP_Steinach_Ost_Bekanntmachung_Genehmigung_20250403.pdf,https://www.gemeinde-merching.de/wp-content/uploads/2025/04/8_Aend_FNP_Steinach_Ost_Bekanntmachung_Genehmigung_20250403.pdf,application/pdf,True,363119,dc0098dc6899c9b02c4cefd188640f1775e4cde74723c57dfb92a400e4f361bb,0,True,not verified,,,,,False,,candidate only; verify public references/parent before publishing
9465,8_Änd_FNP_Steinach_Ost_zus_Erklärung_20250403,wp-content/uploads/2025/04/8_Aend_FNP_Steinach_Ost_zus_Erklaerung_20250403.pdf,https://www.gemeinde-merching.de/wp-content/uploads/2025/04/8_Aend_FNP_Steinach_Ost_zus_Erklaerung_20250403.pdf,application/pdf,True,1285886,a174a668f0a3808ed7c852b34cda1aeb8dff46b48406fed857a436eb098b9b6b,9464,True,not verified,,,,,False,draft,candidate only; verify public references/parent before publishing
9469,8_Änd_FNP_Merching_Planzeichnung_Feststellung_2024-06-20,wp-content/uploads/2025/04/8_Aend_FNP_Merching_Planzeichnung_Feststellung_2024-06-20.pdf,https://www.gemeinde-merching.de/wp-content/uploads/2025/04/8_Aend_FNP_Merching_Planzeichnung_Feststellung_2024-06-20.pdf,application/pdf,True,10002711,5b08675bff88f03f6f30b19ab29c821b4ed1389e29b96e39bd696d9c815a89de,0,True,not verified,,,,,False,,candidate only; verify public references/parent before publishing
9656,Fundsache 15-2025,wp-content/uploads/2025/06/Fundsache-15-2025.pdf,https://www.gemeinde-merching.de/wp-content/uploads/2025/06/Fundsache-15-2025.pdf,application/pdf,True,371722,20b5c9a957ca96ee99e0775ab58254c255857468e6d62acfd66c4faca7e61d66,0,True,not verified,,,,,False,,candidate only; verify public references/parent before publishing
9471,8_Änd_FNP_Steinach_Ost_Begründung_20240620,wp-content/uploads/2025/04/8_Aend_FNP_Steinach_Ost_Begruendung_20240620.pdf,https://www.gemeinde-merching.de/wp-content/uploads/2025/04/8_Aend_FNP_Steinach_Ost_Begruendung_20240620.pdf,application/pdf,True,1001001,1f6cfdb9ee6f3426135f16fa945bedb4d44367e2f1e78d4fa0f0c1fef9f26a1d,0,True,not verified,,,,,False,,candidate only; verify public references/parent before publishing
9478,Gemeindekurier Ostern 2025 endgültig f. Homepage,wp-content/uploads/2025/04/Gemeindekurier-Ostern-2025-endgueltig-f.-Homepage.pdf,https://www.gemeinde-merching.de/wp-content/uploads/2025/04/Gemeindekurier-Ostern-2025-endgueltig-f.-Homepage.pdf,application/pdf,True,1002401,cbeddf63270010f2a58d75ab21bcd7e8242648b97a3018a89559056581fa2e8a,0,True,not verified,,,,,False,,candidate only; verify public references/parent before publishing
9695,Antrag_Fahrkarte_2025_2026,wp-content/uploads/2025/07/Antrag_Fahrkarte_2025_2026.pdf,https://www.gemeinde-merching.de/wp-content/uploads/2025/07/Antrag_Fahrkarte_2025_2026.pdf,application/pdf,True,137171,7d10ea8f7d6706b35e08e07918c4fbda415ad5857fc107f387c721f150c8c755,0,True,not verified,,,,,False,,candidate only; verify public references/parent before publishing
9518,Bekanntmachung Kostensatzung,wp-content/uploads/2025/05/Bekanntmachung-Kostensatzung.pdf,https://www.gemeinde-merching.de/wp-content/uploads/2025/05/Bekanntmachung-Kostensatzung.pdf,application/pdf,True,54558,74d1399b7844f93ea883c8c104e26eee269a51d42ff38d46cebc625928b10762,9511,True,not verified,,,,,False,publish,candidate only; verify public references/parent before publishing
9521,BP35_Geruchsprognose_230714,wp-content/uploads/2025/05/BP35_Geruchsprognose_230714.pdf,https://www.gemeinde-merching.de/wp-content/uploads/2025/05/BP35_Geruchsprognose_230714.pdf,application/pdf,True,3318700,ca4745806b100b3c41e156ba5f0774c6f695054fbca4d4743a75e122def83976,0,True,not verified,,,,,False,,candidate only; verify public references/parent before publishing
9523,BP35_Steinach_Ost_Begründung_20240620,wp-content/uploads/2025/05/BP35_Steinach_Ost_Begruendung_20240620.pdf,https://www.gemeinde-merching.de/wp-content/uploads/2025/05/BP35_Steinach_Ost_Begruendung_20240620.pdf,application/pdf,True,1141988,ad1d3aef20bafb860cd29377debe68f7c8b1c9afe07a5d9d6d62d05dc0541938,0,True,not verified,,,,,False,,candidate only; verify public references/parent before publishing
9525,BP35_Steinach_Ost_Bekanntmachung_Satzungsbeschluss,wp-content/uploads/2025/05/BP35_Steinach_Ost_Bekanntmachung_Satzungsbeschluss.pdf,https://www.gemeinde-merching.de/wp-content/uploads/2025/05/BP35_Steinach_Ost_Bekanntmachung_Satzungsbeschluss.pdf,application/pdf,True,397288,55395d47c43ee4c4565aa7911d5d1b489d6598a9549054d97d4858619379bd5a,0,True,not verified,,,,,False,,candidate only; verify public references/parent before publishing
9527,BP35_Steinach_Ost_Planzeichnung_2024-06-20,wp-content/uploads/2025/05/BP35_Steinach_Ost_Planzeichnung_2024-06-20.pdf,https://www.gemeinde-merching.de/wp-content/uploads/2025/05/BP35_Steinach_Ost_Planzeichnung_2024-06-20.pdf,application/pdf,True,747473,e238646587b83db46900bf6326ad6612a75f99312fe1575508ced93659cac8f1,0,True,not verified,,,,,False,,candidate only; verify public references/parent before publishing
9529,BP35_Steinach_Ost_Textteil_20240620,wp-content/uploads/2025/05/BP35_Steinach_Ost_Textteil_20240620.pdf,https://www.gemeinde-merching.de/wp-content/uploads/2025/05/BP35_Steinach_Ost_Textteil_20240620.pdf,application/pdf,True,207366,21cc0113dd9163305a6c1188b4a4917662836c2dc77314b79afb0f57f29d5a29,0,True,not verified,,,,,False,,candidate only; verify public references/parent before publishing
9531,BP35_Steinach_Ost_Zusammenfassende_Erklärung,wp-content/uploads/2025/05/BP35_Steinach_Ost_Zusammenfassende_Erklaerung.pdf,https://www.gemeinde-merching.de/wp-content/uploads/2025/05/BP35_Steinach_Ost_Zusammenfassende_Erklaerung.pdf,application/pdf,True,1759168,78a6ca373f05b7e577d73aa3aa144ea2b7e7f9e405a0a4081a1cef364c4222fe,0,True,not verified,,,,,False,,candidate only; verify public references/parent before publishing
9545,a44955c3-7ddb-4b8d-ac70-5887973f301e,wp-content/uploads/2025/05/a44955c3-7ddb-4b8d-ac70-5887973f301e.jpg,https://www.gemeinde-merching.de/wp-content/uploads/2025/05/a44955c3-7ddb-4b8d-ac70-5887973f301e.jpg,image/jpeg,True,529724,1fa9456580c37e3e7ac51f13ea93c9777e5944e307b3e6eee8a80c1867fc85b2,0,True,not verified,900,1600,,,True,,candidate only; verify public references/parent before publishing
9548,Fundanzeige 12-2025,wp-content/uploads/2025/05/Fundanzeige-12-2025.pdf,https://www.gemeinde-merching.de/wp-content/uploads/2025/05/Fundanzeige-12-2025.pdf,application/pdf,True,350257,aed1ebf1f7d224db635a4bc12d9f16a65b379a7212163302817f79b7b869b6fc,0,True,not verified,,,,,False,,candidate only; verify public references/parent before publishing
9549,Fundanzeige 13-2025,wp-content/uploads/2025/05/Fundanzeige-13-2025.pdf,https://www.gemeinde-merching.de/wp-content/uploads/2025/05/Fundanzeige-13-2025.pdf,application/pdf,True,345453,ce2a3d8ad201d3c71050200b25e389c701e3e4f6c39689bf2fc650a3448e5868,0,True,not verified,,,,,False,,candidate only; verify public references/parent before publishing
9885,Gemeindekurier Sommer 2025-V1 PDF für Druckerei Richter,wp-content/uploads/2025/07/Gemeindekurier-Sommer-2025-V1-PDF-fuer-Druckerei-Richter.pdf,https://www.gemeinde-merching.de/wp-content/uploads/2025/07/Gemeindekurier-Sommer-2025-V1-PDF-fuer-Druckerei-Richter.pdf,application/pdf,True,1080940,5b9c999f4d8fa7a348b7c7a1b29489086356a5cdb04ffe27145440f765b086e8,0,True,not verified,,,,,False,,candidate only; verify public references/parent before publishing
9560,Fundanzeige 14 - 2025,wp-content/uploads/2025/05/Fundanzeige-14-2025.pdf,https://www.gemeinde-merching.de/wp-content/uploads/2025/05/Fundanzeige-14-2025.pdf,application/pdf,True,350455,bc702d767f9aacbe97295fcbf9dcc85497f450e3011c6c6e672da45608608a86,0,True,not verified,,,,,False,,candidate only; verify public references/parent before publishing
10274,Merching-Ablauf-1,wp-content/uploads/2015/08/Merching-Ablauf-1.jpg,https://www.gemeinde-merching.de/wp-content/uploads/2015/08/Merching-Ablauf-1.jpg,image/jpeg,True,112250,f12ea094d9750db9b3d8f32b28151f9a6c431adb973b8626c9097f777cf28d64,2381,True,not verified,1374,966,,,False,publish,candidate only; verify public references/parent before publishing
9878,Geldbeutel-8821920_1280,wp-content/uploads/2025/07/Geldbeutel-8821920_1280.png,https://www.gemeinde-merching.de/wp-content/uploads/2025/07/Geldbeutel-8821920_1280.png,image/png,True,206196,60f92c21f3d1d06bec8cec2510b30c13592f965c28111a9c50b4c6b80950dd67,0,True,not verified,1280,1280,,,True,,candidate only; verify public references/parent before publishing
9879,Smartphone-153650_1280 (3),wp-content/uploads/2025/07/Smartphone-153650_1280-3.png,https://www.gemeinde-merching.de/wp-content/uploads/2025/07/Smartphone-153650_1280-3.png,image/png,True,200172,10ca9ea37dc006ca3c857c9369f46da67659dad7893f14bfdd8c5a6019c91461,0,True,not verified,826,1280,,,True,,candidate only; verify public references/parent before publishing
9880,Sonstige Fundsache-2747288_1280,wp-content/uploads/2025/07/Sonstige-Fundsache-2747288_1280.png,https://www.gemeinde-merching.de/wp-content/uploads/2025/07/Sonstige-Fundsache-2747288_1280.png,image/png,True,149121,c1024a290139fff01e6f16ecd56e89d9959b60691a4452fea1a18310540d9da8,0,True,not verified,1280,640,,,True,,candidate only; verify public references/parent before publishing
10161,Gemeindekurier Weihnachten 2025 f. Homepage,wp-content/uploads/2025/12/Gemeindekurier-Weihnachten-2025-f.-Homepage.pdf,https://www.gemeinde-merching.de/wp-content/uploads/2025/12/Gemeindekurier-Weihnachten-2025-f.-Homepage.pdf,application/pdf,True,1662816,e91eeaa57b3a58311a6fab56cbca788241ef373670167439a9432d60164cd0b8,0,True,not verified,,,,,False,,candidate only; verify public references/parent before publishing
9570,Mack-Petra,wp-content/uploads/2025/05/Mack-Petra.jpg,https://www.gemeinde-merching.de/wp-content/uploads/2025/05/Mack-Petra.jpg,image/jpeg,True,5255,6eb9c1cc26dae1239253900f57a353c2f25faf3645fb8795da15698c768af917,0,True,not verified,90,120,,,True,,candidate only; verify public references/parent before publishing
9573,Huster-Christian,wp-content/uploads/2025/05/Huster-Christian.jpg,https://www.gemeinde-merching.de/wp-content/uploads/2025/05/Huster-Christian.jpg,image/jpeg,True,2825,df605bdd1078b2ebda11d228e4418cc4f100e2fe6f1c3b1b3e878b71bb0fbc25,0,True,not verified,90,120,,,True,,candidate only; verify public references/parent before publishing
9593,image0,wp-content/uploads/2025/06/image0.jpeg,https://www.gemeinde-merching.de/wp-content/uploads/2025/06/image0.jpeg,image/jpeg,True,1406188,474d2aa9aeef5fe2f694a46178399afe134b080eb5d9df12b9e54424786a0159,0,True,not verified,2016,1512,,,True,,candidate only; verify public references/parent before publishing
9595,image1,wp-content/uploads/2025/06/image1.jpeg,https://www.gemeinde-merching.de/wp-content/uploads/2025/06/image1.jpeg,image/jpeg,True,368233,5f7e0cb0d655f8b1cf3cb7aba98807f9b333a6901894a9405887005a914113bb,0,True,not verified,986,1280,,,True,,candidate only; verify public references/parent before publishing
9603,T Spielschiff 15-05-2025,wp-content/uploads/2025/06/Spielschiff-15-05-2025-1.jpg,https://www.gemeinde-merching.de/wp-content/uploads/2025/06/Spielschiff-15-05-2025-1.jpg,image/jpeg,True,285129,5e65532423f217f7b96d2897aeff14126ea298c013175ee355aee1b553b5d757,9600,True,not verified,900,586,,,True,publish,candidate only; verify public references/parent before publishing
9609,PDF Flyer Merchinger Ferienprogramm 2025,wp-content/uploads/2025/06/PDF-Flyer-Merchinger-Ferienprogramm-2025.pdf,https://www.gemeinde-merching.de/wp-content/uploads/2025/06/PDF-Flyer-Merchinger-Ferienprogramm-2025.pdf,application/pdf,True,18025436,471ad9d37feafbbcc2e2aa815a740753dbd83f2ae6eba13be5c6675dcde6b4a9,0,True,not verified,,,,,False,,candidate only; verify public references/parent before publishing
10471,1. Bürgermeister Helmut Luichtl,wp-content/uploads/2026/04/Helmut-Luichtl-kl.jpg,https://www.gemeinde-merching.de/wp-content/uploads/2026/04/Helmut-Luichtl-kl.jpg,image/jpeg,True,4070,b13ec06d2f6dbb92f778066a6846aff3a7c832ee19a5620f4e33ccc485a698ee,0,True,not verified,90,128,,,True,,candidate only; verify public references/parent before publishing
10509,20260413 AV Geflügelpest aufgehoben_LRA AIC-FDB f. Homepage u. Aushang,wp-content/uploads/2026/04/20260413-AV-Gefluegelpest-aufgehoben_LRA-AIC-FDB-f.-Homepage-u.-Aushang.pdf,https://www.gemeinde-merching.de/wp-content/uploads/2026/04/20260413-AV-Gefluegelpest-aufgehoben_LRA-AIC-FDB-f.-Homepage-u.-Aushang.pdf,application/pdf,True,170098,875dd064933c71d3de1274042c134bb46e77f97cd6a25750ae62991c1b2464b7,10508,True,not verified,,,,,False,publish,candidate only; verify public references/parent before publishing
10315,Bekanntmachung Abschlussbericht Kommunale Wärmeplanung PDF,wp-content/uploads/2026/01/Bekanntmachung-Abschlussbericht-Kommunale-Waermeplanung-PDF.pdf,https://www.gemeinde-merching.de/wp-content/uploads/2026/01/Bekanntmachung-Abschlussbericht-Kommunale-Waermeplanung-PDF.pdf,application/pdf,True,189672,a9b6b8787702c657d5f9d0a64d8164c84fe63f6eb1d7559fde54ae5bd1f73c29,10314,True,not verified,,,,,False,draft,candidate only; verify public references/parent before publishing
10317,Bekanntmachung Abschlussbericht Kommunale Wärmeplanung PDF,wp-content/uploads/2026/01/Bekanntmachung-Abschlussbericht-Kommunale-Waermeplanung-PDF-1.pdf,https://www.gemeinde-merching.de/wp-content/uploads/2026/01/Bekanntmachung-Abschlussbericht-Kommunale-Waermeplanung-PDF-1.pdf,application/pdf,True,189672,a9b6b8787702c657d5f9d0a64d8164c84fe63f6eb1d7559fde54ae5bd1f73c29,10316,True,not verified,,,,,False,publish,candidate only; verify public references/parent before publishing
10327,004_2026_42_A_Mikrozensus,wp-content/uploads/2026/01/004_2026_42_A_Mikrozensus.pdf,https://www.gemeinde-merching.de/wp-content/uploads/2026/01/004_2026_42_A_Mikrozensus.pdf,application/pdf,True,186075,7d5f62f71127a0d4c0c445e8bfae4f36de4d3f9bafb6efa7fd77821d50dfe61b,10326,True,not verified,,,,,False,publish,candidate only; verify public references/parent before publishing
10551,20260430_LRA beim Marktsonntag Mering,wp-content/uploads/2026/05/20260430_LRA-beim-Marktsonntag-Mering.docx,https://www.gemeinde-merching.de/wp-content/uploads/2026/05/20260430_LRA-beim-Marktsonntag-Mering.docx,application/vnd.openxmlformats-officedocument.wordprocessingml.document,True,108689,77725308e6a8630c9bbe7cc0a846a736f737b0013907bbd04032354e56ae930e,0,True,not verified,,,,,False,,candidate only; verify public references/parent before publishing
10533,Verkündung des Wahlergebnisses OT Hochdorf,wp-content/uploads/2026/04/Verkuendung-des-Wahlergebnisses-OT-Hochdorf.pdf,https://www.gemeinde-merching.de/wp-content/uploads/2026/04/Verkuendung-des-Wahlergebnisses-OT-Hochdorf.pdf,application/pdf,True,117014,b7bea03722052c9fb8fa8fdd2e7df90911752df57207f4d6138552c88fb7f23c,10532,True,not verified,,,,,False,publish,candidate only; verify public references/parent before publishing
10377,Trinkwasserwerte f. Homepage vom Bauhof 26.02.26,wp-content/uploads/2026/02/Trinkwasserwerte-f.-Homepage-vom-Bauhof-26.02.26.pdf,https://www.gemeinde-merching.de/wp-content/uploads/2026/02/Trinkwasserwerte-f.-Homepage-vom-Bauhof-26.02.26.pdf,application/pdf,True,275151,2b17873cb822cc92684041a773de9595af9856521942a55e510da16840f751fe,10376,True,not verified,,,,,False,publish,candidate only; verify public references/parent before publishing
10385,Merchinger Ramadama 2026 PDF,wp-content/uploads/2026/03/Merchinger-Ramadama-2026-PDF.pdf,https://www.gemeinde-merching.de/wp-content/uploads/2026/03/Merchinger-Ramadama-2026-PDF.pdf,application/pdf,True,360699,12707a9b09b64b3464db744c8cc123244fba838845fb522cd9ed8e55ca4d9583,0,True,not verified,,,,,False,,candidate only; verify public references/parent before publishing
10388,Modernisierungsbündnis 2026_vhs-Kurs Merching,wp-content/uploads/2026/03/Modernisierungsbuendnis-2026_vhs-Kurs-Merching.pdf,https://www.gemeinde-merching.de/wp-content/uploads/2026/03/Modernisierungsbuendnis-2026_vhs-Kurs-Merching.pdf,application/pdf,True,1639792,30c94a6ade1747dbe40ca83b2343b67dd03ce7189264c4a5a575054264dff7b2,0,True,not verified,,,,,False,,candidate only; verify public references/parent before publishing
10555,20260430_LRA beim Marktsonntag Mering,wp-content/uploads/2026/05/20260430_LRA-beim-Marktsonntag-Mering.pdf,https://www.gemeinde-merching.de/wp-content/uploads/2026/05/20260430_LRA-beim-Marktsonntag-Mering.pdf,application/pdf,True,186277,d9b219ae85935ba2d38302e7f2766a16765a2e8b13ea3c88818ecb4ac13b13e3,0,True,not verified,,,,,False,,candidate only; verify public references/parent before publishing
10394,20260226_PM_VHS Kurs Merching Gebäude,wp-content/uploads/2026/03/20260226_PM_VHS-Kurs-Merching-Gebaeude.pdf,https://www.gemeinde-merching.de/wp-content/uploads/2026/03/20260226_PM_VHS-Kurs-Merching-Gebaeude.pdf,application/pdf,True,179016,b8853d1ee330f2a74f47427c52b70ff656e087098d627db1f5615e19ab9aeecd,0,True,not verified,,,,,False,,candidate only; verify public references/parent before publishing
10400,DEU_Augsburg_COA_1811.svg,wp-content/uploads/2026/03/DEU_Augsburg_COA_1811.svg_.png,https://www.gemeinde-merching.de/wp-content/uploads/2026/03/DEU_Augsburg_COA_1811.svg_.png,image/png,True,179363,f053a6706fd246554bf141cca67039f924fd97cdf9f7767fdc85e07c823ffec0,10399,True,not verified,960,1051,,,False,publish,candidate only; verify public references/parent before publishing
10402,DEU_Augsburg_COA_klein,wp-content/uploads/2026/03/DEU_Augsburg_COA_klein.png,https://www.gemeinde-merching.de/wp-content/uploads/2026/03/DEU_Augsburg_COA_klein.png,image/png,True,18049,dd458d43bc1f834fbbf8d107dc540be6879a711ea554f962af5c749baa1e226b,10399,True,not verified,137,150,,,False,publish,candidate only; verify public references/parent before publishing
10406,Plakat Benefizkonzert 05.05.2026 in Merching,wp-content/uploads/2026/03/Plakat-Benefizkonzert-05.05.2026-in-Merching.pdf,https://www.gemeinde-merching.de/wp-content/uploads/2026/03/Plakat-Benefizkonzert-05.05.2026-in-Merching.pdf,application/pdf,True,496068,5d9007a6eae053a5e7df6c22de076ea062086b8cbe121b192552ebee9ac05b05,10405,True,not verified,,,,,False,draft,candidate only; verify public references/parent before publishing
10407,Logo Ambulante Snipping Tool,wp-content/uploads/2026/03/Logo-Ambulante-Snipping-Tool-e1772613884523.jpg,https://www.gemeinde-merching.de/wp-content/uploads/2026/03/Logo-Ambulante-Snipping-Tool-e1772613884523.jpg,image/jpeg,True,2288,9e696dcfa8fd523aa1c9403d3f809035df971e4225ea2295cb060d20cb0b18f0,10405,True,not verified,200,30,,,False,draft,candidate only; verify public references/parent before publishing
10408,Logo Ambulante Snipping Tool,wp-content/uploads/2026/03/Logo-Ambulante-Snipping-Tool-1.jpg,https://www.gemeinde-merching.de/wp-content/uploads/2026/03/Logo-Ambulante-Snipping-Tool-1.jpg,image/jpeg,True,7406,1b1867ca1d2f3d9b3f87b57d0f2fd376bc9b6d613adefd13e7b10204284bb19e,10405,True,not verified,364,54,,,False,draft,candidate only; verify public references/parent before publishing
10569,Bekanntmachung Vergabe von gemeindlichen Wohnbaugrundstücken,wp-content/uploads/2026/05/Bekanntmachung-Vergabe-von-gemeindlichen-Wohnbaugrundstuecken.pdf,https://www.gemeinde-merching.de/wp-content/uploads/2026/05/Bekanntmachung-Vergabe-von-gemeindlichen-Wohnbaugrundstuecken.pdf,application/pdf,True,189269,02d3421c118ef839aa2dbafc2fd9214f0a4f8dc7d8ecde9451335e1e4167aee6,10568,True,not verified,,,,,False,publish,candidate only; verify public references/parent before publishing
10454,Gemeindekurier Ostern 2026 f. Homepage,wp-content/uploads/2026/03/Gemeindekurier-Ostern-2026-f.-Homepage.pdf,https://www.gemeinde-merching.de/wp-content/uploads/2026/03/Gemeindekurier-Ostern-2026-f.-Homepage.pdf,application/pdf,True,1663303,56452b2a2bda833b63516f0e22b72da5b8c7a3c87afd710e05517d0ae830ac9e,10453,True,not verified,,,,,False,publish,candidate only; verify public references/parent before publishing
10456,Information Ortssprecherwahl Steinach u. Hochdorf_Beilage Kurier Ostern 2026 f. Hochdorf u. Steinach f. Homepage,wp-content/uploads/2026/03/Information-Ortssprecherwahl-Steinach-u.-Hochdorf_Beilage-Kurier-Ostern-2026-f.-Hochdorf-u.-Steinach-f.-Homepage.pdf,https://www.gemeinde-merching.de/wp-content/uploads/2026/03/Information-Ortssprecherwahl-Steinach-u.-Hochdorf_Beilage-Kurier-Ostern-2026-f.-Hochdorf-u.-Steinach-f.-Homepage.pdf,application/pdf,True,90272,c2f8cd7ddb59734fea86aaf3aebb9719fcccf3f1c5eb995d1baf6ba52f199f18,10455,True,not verified,,,,,False,publish,candidate only; verify public references/parent before publishing
10464,2026-03-02 Lili I EÖT Bekanntmachungstext,wp-content/uploads/2026/03/2026-03-02-Lili-I-EOeT-Bekanntmachungstext.pdf,https://www.gemeinde-merching.de/wp-content/uploads/2026/03/2026-03-02-Lili-I-EOeT-Bekanntmachungstext.pdf,application/pdf,True,95241,9df084ba6d5f93f57640e3bab42cd90fe6689b40530422cf1d79ed521b7f7d13,10463,True,not verified,,,,,False,publish,candidate only; verify public references/parent before publishing
10773,Bekanntmachung Eröffnung Vergabeverfahren BG 34,wp-content/uploads/2026/06/Bekanntmachung-Eroeffnung-Vergabeverfahren-BG-34.pdf,https://www.gemeinde-merching.de/wp-content/uploads/2026/06/Bekanntmachung-Eroeffnung-Vergabeverfahren-BG-34.pdf,application/pdf,True,203895,351e3d52fd08a60f7f48fb2131b527489a6ff209660d8e918ccd42027d60ea88,10772,True,not verified,,,,,False,publish,candidate only; verify public references/parent before publishing
10486,2026031Anzeige Solaroffensive und Energieberatung 04_26 f. Homepage,wp-content/uploads/2026/04/2026031Anzeige-Solaroffensive-und-Energieberatung-04_26-f.-Homepage.pdf,https://www.gemeinde-merching.de/wp-content/uploads/2026/04/2026031Anzeige-Solaroffensive-und-Energieberatung-04_26-f.-Homepage.pdf,application/pdf,True,1138110,e54ae9bccbd0ee53ee7c6c9e68f8c82462c2ce70073abaa49d12b094c9016eaf,10485,True,not verified,,,,,False,publish,candidate only; verify public references/parent before publishing
10498,Wahlbekanntmachung Homepage,wp-content/uploads/2026/04/Wahlbekanntmachung-Homepage.pdf,https://www.gemeinde-merching.de/wp-content/uploads/2026/04/Wahlbekanntmachung-Homepage.pdf,application/pdf,True,129284,e19654e68d930b3f8d4f1770799449438c00ad7cae5c12bfe9ec5a16475f63c5,0,True,not verified,,,,,False,,candidate only; verify public references/parent before publishing
10522,26-04-16 PM Anzeigepflicht Änderungen Grundbesitz.docx,wp-content/uploads/2026/04/26-04-16-PM-Anzeigepflicht-Aenderungen-Grundbesitz.docx.pdf,https://www.gemeinde-merching.de/wp-content/uploads/2026/04/26-04-16-PM-Anzeigepflicht-Aenderungen-Grundbesitz.docx.pdf,application/pdf,True,103700,b6d397e59f5a02a8145e103675b1af3d1bef7927f680e6a3a10695a518e85d6f,10521,True,not verified,,,,,False,publish,candidate only; verify public references/parent before publishing
10791,Friedhofs- und Bestattungssatzung ab 01.01.2027 Homepage,wp-content/uploads/2026/07/Friedhofs-und-Bestattungssatzung-ab-01.01.2027-Homepage.pdf,https://www.gemeinde-merching.de/wp-content/uploads/2026/07/Friedhofs-und-Bestattungssatzung-ab-01.01.2027-Homepage.pdf,application/pdf,True,313490,9a42e19b00993f678944c69a92f8c2e2800ff37b119a27b2a6db05b09a04bd69,10790,True,not verified,,,,,False,publish,candidate only; verify public references/parent before publishing
10580,Grabmann-klein,wp-content/uploads/2026/05/Grabmann-klein.jpg,https://www.gemeinde-merching.de/wp-content/uploads/2026/05/Grabmann-klein.jpg,image/jpeg,True,5674,848d62534cd02b581422f61c04671aeb19a627cc69f29c983149d61419fcfc5b,0,True,not verified,127,190,,,False,,candidate only; verify public references/parent before publishing
10581,Lang-klein,wp-content/uploads/2026/05/Lang-klein.jpg,https://www.gemeinde-merching.de/wp-content/uploads/2026/05/Lang-klein.jpg,image/jpeg,True,6240,e211b016216af3231e2ccd81998e319f99add164e530c10c16ed21347fcfae75,0,True,not verified,127,190,,,False,,candidate only; verify public references/parent before publishing
10588,Helmut-Luichtl-klein,wp-content/uploads/2026/05/Helmut-Luichtl-klein.jpg,https://www.gemeinde-merching.de/wp-content/uploads/2026/05/Helmut-Luichtl-klein.jpg,image/jpeg,True,5107,612b376b0e2536412aba02fd7217635e017bd08cc73a17cd3ca246b8efabd010,0,True,not verified,127,180,,,False,,candidate only; verify public references/parent before publishing
10656,Luichtl-Tobias-klein,wp-content/uploads/2026/05/Luichtl-Tobias-klein.jpg,https://www.gemeinde-merching.de/wp-content/uploads/2026/05/Luichtl-Tobias-klein.jpg,image/jpeg,True,6141,b5b88f10de1be921d750990d6b2cefbd90b47a6061e05dca854b2a7ef0135181,0,True,not verified,126,179,,,False,,candidate only; verify public references/parent before publishing
10597,Pressemitteilung LRA Wettbewerb_Wir für's Wittelsbacher Land,wp-content/uploads/2026/05/Pressemitteilung-LRA-Wettbewerb_Wir-fuers-Wittelsbacher-Land.pdf,https://www.gemeinde-merching.de/wp-content/uploads/2026/05/Pressemitteilung-LRA-Wettbewerb_Wir-fuers-Wittelsbacher-Land.pdf,application/pdf,True,406167,6fd67b5416e5a2893156eafea68f0b336369b578c6009acbd1535ee0df66b274,10596,True,not verified,,,,,False,draft,candidate only; verify public references/parent before publishing
10605,Flyer SR 2026_AIC-FDB_klein,wp-content/uploads/2026/05/Flyer-SR-2026_AIC-FDB_klein.pdf,https://www.gemeinde-merching.de/wp-content/uploads/2026/05/Flyer-SR-2026_AIC-FDB_klein.pdf,application/pdf,True,2072239,59d8cb48acb54cb5322ca64832892f53670d797a96c60373babd9f753619c9e5,10604,True,not verified,,,,,False,draft,candidate only; verify public references/parent before publishing
10657,Ulrich-Kirstin-klein,wp-content/uploads/2026/05/Ulrich-Kirstin-klein.jpg,https://www.gemeinde-merching.de/wp-content/uploads/2026/05/Ulrich-Kirstin-klein.jpg,image/jpeg,True,6748,aa060a8128e764d4dc04f1e86ec517912f48f47ffc88c0b8b0109365ee524061,0,True,not verified,126,179,,,False,,candidate only; verify public references/parent before publishing
10649,Mueller-Martin-klein,wp-content/uploads/2026/05/Mueller-Martin-klein.jpg,https://www.gemeinde-merching.de/wp-content/uploads/2026/05/Mueller-Martin-klein.jpg,image/jpeg,True,7338,dd2057bf32479d999f44657de84bbd28b77037fb90c80954adc7a467f66302df,0,True,not verified,126,179,,,False,,candidate only; verify public references/parent before publishing
10650,Uthe-Tina-klein,wp-content/uploads/2026/05/Uthe-Tina-klein.jpg,https://www.gemeinde-merching.de/wp-content/uploads/2026/05/Uthe-Tina-klein.jpg,image/jpeg,True,7099,b299b38c4662dc779ebac3c8b650e3428c8a309fe8dbc5818174e4319dd14e34,0,True,not verified,127,179,,,False,,candidate only; verify public references/parent before publishing
10625,Satzung Gemeideverfassunsrechts Homepage,wp-content/uploads/2026/05/Satzung-Gemeideverfassunsrechts-Homepage.pdf,https://www.gemeinde-merching.de/wp-content/uploads/2026/05/Satzung-Gemeideverfassunsrechts-Homepage.pdf,application/pdf,True,145848,b40b243d0f4e5338cae1c8cfb97e2a71f6394287799c25e1eb14acc8d440bdf5,10624,True,not verified,,,,,False,publish,candidate only; verify public references/parent before publishing
10839,Friedhofs- und Bestattungssatzung ab 01.01.2027 Homepage,wp-content/uploads/2026/07/Friedhofs-und-Bestattungssatzung-ab-01.01.2027-Homepage-2.pdf,https://www.gemeinde-merching.de/wp-content/uploads/2026/07/Friedhofs-und-Bestattungssatzung-ab-01.01.2027-Homepage-2.pdf,application/pdf,True,297695,790a1fbbf9d2c5ff39ebc99b3aaa318b06df1ea7c571e8729d603d6188ad0e97,10790,True,not verified,,,,,False,publish,candidate only; verify public references/parent before publishing
10630,Bekanntmachung_Satzung Gemeindeverfassungsrechts_Homepage,wp-content/uploads/2026/05/Bekanntmachung_Satzung-Gemeindeverfassungsrechts_Homepage.pdf,https://www.gemeinde-merching.de/wp-content/uploads/2026/05/Bekanntmachung_Satzung-Gemeindeverfassungsrechts_Homepage.pdf,application/pdf,True,115745,0b98be66cde35c57786bbd6c6e790ca1ba0bb867fcc5170b4a8ca035ad9c44ae,0,True,not verified,,,,,False,,candidate only; verify public references/parent before publishing
10639,Dittebrand-Martin-klein,wp-content/uploads/2026/05/Dittebrand-Martin-klein.jpg,https://www.gemeinde-merching.de/wp-content/uploads/2026/05/Dittebrand-Martin-klein.jpg,image/jpeg,True,7455,753bff389d2e8028891073309d3f973e7d02532c65baab15fb5eb9e4cfbc6d1d,0,True,not verified,127,179,,,False,,candidate only; verify public references/parent before publishing
10653,Mayr-Thomas-klein,wp-content/uploads/2026/05/Mayr-Thomas-klein.jpg,https://www.gemeinde-merching.de/wp-content/uploads/2026/05/Mayr-Thomas-klein.jpg,image/jpeg,True,7404,aadbb7a2cbbe04a4f2db632aff0f21681d06fb9070658b20a9c77eebdd821abf,0,True,not verified,127,179,,,False,,candidate only; verify public references/parent before publishing
10641,Schwarz-Thomas-klein,wp-content/uploads/2026/05/Schwarz-Thomas-klein.jpg,https://www.gemeinde-merching.de/wp-content/uploads/2026/05/Schwarz-Thomas-klein.jpg,image/jpeg,True,6955,91b4b29b99f47c805e67af0e6e64cbc1686f2ecd4d6ad62aca0b4ad13a5965b2,0,True,not verified,127,179,,,False,,candidate only; verify public references/parent before publishing
10642,Teifelhart-Wolfgang-klein,wp-content/uploads/2026/05/Teifelhart-Wolfgang-klein.jpg,https://www.gemeinde-merching.de/wp-content/uploads/2026/05/Teifelhart-Wolfgang-klein.jpg,image/jpeg,True,7475,f67c69e77793a7c77039c2f75f06d524fe13cb489094c2e7540d2894ef34867e,0,True,not verified,127,179,,,False,,candidate only; verify public references/parent before publishing
10645,Bekanntmachung_Geschäftsordnung_Homepage,wp-content/uploads/2026/05/Bekanntmachung_Geschaeftsordnung_Homepage.pdf,https://www.gemeinde-merching.de/wp-content/uploads/2026/05/Bekanntmachung_Geschaeftsordnung_Homepage.pdf,application/pdf,True,115730,3fe1f242908a4785bfecb42c055c675aff6412807e8cd1600c72c1cb1de98308,0,True,not verified,,,,,False,,candidate only; verify public references/parent before publishing
10794,Bestattungsgebührensatzung ab 01.01.2027 _Homepage,wp-content/uploads/2026/07/Bestattungsgebuehrensatzung-ab-01.01.2027-_Homepage.pdf,https://www.gemeinde-merching.de/wp-content/uploads/2026/07/Bestattungsgebuehrensatzung-ab-01.01.2027-_Homepage.pdf,application/pdf,True,327834,0ca20b09a840fba66a137bea5e11d029d8440991786adfae6f3408a7d7a4264d,10793,True,not verified,,,,,False,publish,candidate only; verify public references/parent before publishing
10663,Kurzversion_Erinnerung an Steuervorauszahlung.docx,wp-content/uploads/2026/05/Kurzversion_Erinnerung-an-Steuervorauszahlung.docx.pdf,https://www.gemeinde-merching.de/wp-content/uploads/2026/05/Kurzversion_Erinnerung-an-Steuervorauszahlung.docx.pdf,application/pdf,True,52000,a960a8b4872682606b31e4a2ce983852cd5b7c5e11c6a7b9eb4e6616e4420e8e,10662,True,not verified,,,,,False,publish,candidate only; verify public references/parent before publishing
10669,Kobarschik-Jochen-kl,wp-content/uploads/2026/05/Kobarschik-Jochen-kl.jpg,https://www.gemeinde-merching.de/wp-content/uploads/2026/05/Kobarschik-Jochen-kl.jpg,image/jpeg,True,4707,ecf78ac5b9049266ee14b9a9202138d1eaefb7cd5fa2016e58a2873aa4155eb0,0,True,not verified,90,124,,,False,,candidate only; verify public references/parent before publishing
10757,20260623_Tonnenleerung ab 5 Uhr wegen Hitze,wp-content/uploads/2026/06/20260623_Tonnenleerung-ab-5-Uhr-wegen-Hitze.pdf,https://www.gemeinde-merching.de/wp-content/uploads/2026/06/20260623_Tonnenleerung-ab-5-Uhr-wegen-Hitze.pdf,application/pdf,True,161968,e0c58af8bd72ec1648d3ff599ae7a92a3f08fcdd86ba22c121b56d76a355a482,10756,True,not verified,,,,,False,draft,candidate only; verify public references/parent before publishing
10677,logo-quadratisch,wp-content/uploads/2026/05/logo-quadratisch-e1779349230105.png,https://www.gemeinde-merching.de/wp-content/uploads/2026/05/logo-quadratisch-e1779349230105.png,image/png,True,893,42bad3e8cab461f7e92e97987198cc811b7372accb8faef5a605ca2ad8640691,0,True,not verified,30,30,,,False,,candidate only; verify public references/parent before publishing
10845,20260825_Urlaub trotz Pflege,wp-content/uploads/2026/08/20260825_Urlaub-trotz-Pflege.pdf,https://www.gemeinde-merching.de/wp-content/uploads/2026/08/20260825_Urlaub-trotz-Pflege.pdf,application/pdf,True,250723,82c9b756c8a06567aa6fa695b185a716023bdc9e43dcf0885c9166aaff6a75be,10844,True,not verified,,,,,False,publish,candidate only; verify public references/parent before publishing
10762,20260625_Badeseen_Beprobung LRA 25.06.2026,wp-content/uploads/2026/06/20260625_Badeseen_Beprobung-LRA-25.06.2026.pdf,https://www.gemeinde-merching.de/wp-content/uploads/2026/06/20260625_Badeseen_Beprobung-LRA-25.06.2026.pdf,application/pdf,True,174908,2c260ae8f2eb511aaf138697164fcf1b0f973c67740139a2e3ef70270b53d504,0,True,not verified,,,,,False,,candidate only; verify public references/parent before publishing
10681,logo-quadratisch,wp-content/uploads/2026/05/logo-quadratisch-1-e1779349796180.png,https://www.gemeinde-merching.de/wp-content/uploads/2026/05/logo-quadratisch-1-e1779349796180.png,image/png,True,1460,f1a154885d94987d9b64de3ee03d2a9d93da8a403da72f6300e2988398b5c8da,10680,True,not verified,60,60,,,False,draft,candidate only; verify public references/parent before publishing
10684,Geschaeftsordnung_Homepage_ab Mai_2026,wp-content/uploads/2026/05/Geschaeftsordnung_Homepage_ab-Mai_2026-.pdf,https://www.gemeinde-merching.de/wp-content/uploads/2026/05/Geschaeftsordnung_Homepage_ab-Mai_2026-.pdf,application/pdf,True,263956,c6d77895b848b1b94494c02bff6c482d7ecaef3586acd03537379389b9b7907a,10683,True,not verified,,,,,False,publish,candidate only; verify public references/parent before publishing
10710,Juergens-Friedrich-kl,wp-content/uploads/2026/06/Juergens-Friedrich-kl.jpg,https://www.gemeinde-merching.de/wp-content/uploads/2026/06/Juergens-Friedrich-kl.jpg,image/jpeg,True,8228,d7122bbfab206b3910bd14a05dbbab6bd4f4eda5e406f38862347f123ba6c1d6,0,True,not verified,129,180,,,False,,candidate only; verify public references/parent before publishing
10714,Bekanntmachung Schließung Rathaus 01.07. bis 03.07.2026,wp-content/uploads/2026/06/Bekanntmachung-Schliessung-Rathaus-01.07.-bis-03.07.2026.pdf,https://www.gemeinde-merching.de/wp-content/uploads/2026/06/Bekanntmachung-Schliessung-Rathaus-01.07.-bis-03.07.2026.pdf,application/pdf,True,179095,31d07bd93d3e640126c59de705748685987165a125ae3ce6935d0482eb9c4a87,0,True,not verified,,,,,False,,candidate only; verify public references/parent before publishing
10722,Waitzmann-Bernd-kl,wp-content/uploads/2026/06/Waitzmann-Bernd-kl.jpg,https://www.gemeinde-merching.de/wp-content/uploads/2026/06/Waitzmann-Bernd-kl.jpg,image/jpeg,True,8623,e5afc3f68628edd18e0910674e5e4b2dab83ad56a3b712e0794117afcea38751,0,True,not verified,129,180,,,False,,candidate only; verify public references/parent before publishing
10723,Scheibenbogen-Monika-kl,wp-content/uploads/2026/06/Scheibenbogen-Monika-kl.jpg,https://www.gemeinde-merching.de/wp-content/uploads/2026/06/Scheibenbogen-Monika-kl.jpg,image/jpeg,True,10373,215016113d7f29b28b971c3e0f48f5539cea1b9eccce09d2674cfa97b15346fc,0,True,not verified,129,180,,,False,,candidate only; verify public references/parent before publishing
10724,Eckmann-Christian-kl,wp-content/uploads/2026/06/Eckmann-Christian-kl.jpg,https://www.gemeinde-merching.de/wp-content/uploads/2026/06/Eckmann-Christian-kl.jpg,image/jpeg,True,8815,b1f7da307dea904ec099aecbbb689fea5d85541d47de9bd9a027fadd8b3549f3,0,True,not verified,129,180,,,False,,candidate only; verify public references/parent before publishing
10725,Wecker-Martin-kl,wp-content/uploads/2026/06/Wecker-Martin-kl.jpg,https://www.gemeinde-merching.de/wp-content/uploads/2026/06/Wecker-Martin-kl.jpg,image/jpeg,True,8154,53f9dddf4c40fdae79fffa795df8b66631431904e4d6aacbd39ff6258babcd48,0,True,not verified,129,180,,,False,,candidate only; verify public references/parent before publishing
10726,Failer-Christian-kl,wp-content/uploads/2026/06/Failer-Christian-kl.jpg,https://www.gemeinde-merching.de/wp-content/uploads/2026/06/Failer-Christian-kl.jpg,image/jpeg,True,7095,c2c03d5b8ab4baf1c3f6893c3d7a76c40a20e76fb00e072861d98b7a67c41336,0,True,not verified,129,180,,,False,,candidate only; verify public references/parent before publishing
10727,Storch-Markus-kl,wp-content/uploads/2026/06/Storch-Markus-kl.jpg,https://www.gemeinde-merching.de/wp-content/uploads/2026/06/Storch-Markus-kl.jpg,image/jpeg,True,8792,ea33b6d32ee7d4f185e9c2f090485242ef6f05268b1a5800b4b55c83bcdd3d24,0,True,not verified,129,180,,,False,,candidate only; verify public references/parent before publishing
10735,Bekanntmachung Verbandsversammlung-24.06.2026,wp-content/uploads/2026/06/Bekanntmachung-Verbandsversammlung-24.06.2026.pdf,https://www.gemeinde-merching.de/wp-content/uploads/2026/06/Bekanntmachung-Verbandsversammlung-24.06.2026.pdf,application/pdf,True,189444,d67393cf4013806ef9f07f9eee1be1383e3be179e4354f440c448832e775a057,0,True,not verified,,,,,False,,candidate only; verify public references/parent before publishing
10932,20260924_Tagesschulung Ehrenamtlich tätige Einzelperson,wp-content/uploads/2026/10/20260924_Tagesschulung-Ehrenamtlich-taetige-Einzelperson.pdf,https://www.gemeinde-merching.de/wp-content/uploads/2026/10/20260924_Tagesschulung-Ehrenamtlich-taetige-Einzelperson.pdf,application/pdf,True,185580,c832b8bd07c49f2c283ccf39efd5740bc96e70794ce194afb8f3e2a4ab6e6b0b,10931,True,not verified,,,,,False,publish,candidate only; verify public references/parent before publishing
10738,Bekanntmachung Verbandsversammlung-24.06.2026,wp-content/uploads/2026/06/Bekanntmachung-Verbandsversammlung-24.06.2026-1.pdf,https://www.gemeinde-merching.de/wp-content/uploads/2026/06/Bekanntmachung-Verbandsversammlung-24.06.2026-1.pdf,application/pdf,True,189444,d67393cf4013806ef9f07f9eee1be1383e3be179e4354f440c448832e775a057,10737,True,not verified,,,,,False,publish,candidate only; verify public references/parent before publishing
10742,Rechtsverordnung über die Zulassung des Betriebs von Autowaschanlagen an Sonn- und Feiertagen,wp-content/uploads/2026/06/Rechtsverordnung-ueber-die-Zulassung-des-Betriebs-von-Autowaschanlagen-an-Sonn-und-Feiertagen.pdf,https://www.gemeinde-merching.de/wp-content/uploads/2026/06/Rechtsverordnung-ueber-die-Zulassung-des-Betriebs-von-Autowaschanlagen-an-Sonn-und-Feiertagen.pdf,application/pdf,True,166514,ddace3ad558f22c5923e9808e228e5feadf2334c3594cf8cabca0160b2dd0ff6,10741,True,not verified,,,,,False,publish,candidate only; verify public references/parent before publishing
10849,Kurs ehrenamtlich tätige Einzelperson 27.10.2026 LRA_Flyer,wp-content/uploads/2026/09/Kurs-ehrenamtlich-taetige-Einzelperson-27.10.2026-LRA_Flyer.pdf,https://www.gemeinde-merching.de/wp-content/uploads/2026/09/Kurs-ehrenamtlich-taetige-Einzelperson-27.10.2026-LRA_Flyer.pdf,application/pdf,True,316836,076e946c88721059efb221fb7d383a1ec2fba894c1e8418f32b0c2aed447bb3f,10848,True,not verified,,,,,False,publish,candidate only; verify public references/parent before publishing
10749,Amtsblatt-06-2026Jahrg.-81-Nr.-06,wp-content/uploads/2026/06/Amtsblatt-06-2026Jahrg.-81-Nr.-06.pdf,https://www.gemeinde-merching.de/wp-content/uploads/2026/06/Amtsblatt-06-2026Jahrg.-81-Nr.-06.pdf,application/pdf,True,1165763,fdf6e7b4ec61b9c64aef3ef7bc250a06d55538ed2bb2def4334879d4836a9d9e,10748,True,not verified,,,,,False,publish,candidate only; verify public references/parent before publishing
10929,20260925_Vereinsforum E-Rechnung_Online Seminar LRA,wp-content/uploads/2026/10/20260925_Vereinsforum-E-Rechnung_Online-Seminar-LRA.pdf,https://www.gemeinde-merching.de/wp-content/uploads/2026/10/20260925_Vereinsforum-E-Rechnung_Online-Seminar-LRA.pdf,application/pdf,True,196791,ccf391abcf28fac3fa43a48996916cb9800a5549e5d0ab899744ffabdb69784a,10928,True,not verified,,,,,False,publish,candidate only; verify public references/parent before publishing
10827,Sharepic_Ein Herz für regionale LM_1080x1920px,wp-content/uploads/2026/08/Sharepic_Ein-Herz-fuer-regionale-LM_1080x1920px-scaled.jpg,https://www.gemeinde-merching.de/wp-content/uploads/2026/08/Sharepic_Ein-Herz-fuer-regionale-LM_1080x1920px-scaled.jpg,image/jpeg,True,330091,1b0b0c82436a85caef5e79794e66cb364254aa39b86ed97cf0ed62bcc3ca9d35,10826,True,not verified,1440,2560,wp-content/uploads/2026/08/Sharepic_Ein-Herz-fuer-regionale-LM_1080x1920px.jpg,True,False,publish,candidate only; verify public references/parent before publishing
10828,"Logo Amt f. Ernährung, Landwirtschaft und Forsten",wp-content/uploads/2026/08/Logo-Amt-f.-Ernaehrung-Landwirtschaft-und-Forsten-e1786006927906.jpg,https://www.gemeinde-merching.de/wp-content/uploads/2026/08/Logo-Amt-f.-Ernaehrung-Landwirtschaft-und-Forsten-e1786006927906.jpg,image/jpeg,True,4943,96ace5669b433ae8559fa6c1c98caa20cb5b93c6efbf8d40697253d18271354b,10826,True,not verified,387,72,,,False,publish,candidate only; verify public references/parent before publishing
10834,20260811_Pamira-Sammlung 2026,wp-content/uploads/2026/08/20260811_Pamira-Sammlung-2026.pdf,https://www.gemeinde-merching.de/wp-content/uploads/2026/08/20260811_Pamira-Sammlung-2026.pdf,application/pdf,True,191772,67b352505c7557494993cf9d6874049263ad4bcc38003ce4ea54cedd7bfe5ccc,10833,True,not verified,,,,,False,publish,candidate only; verify public references/parent before publishing
10838,Friedhofs- und Bestattungssatzung ab 01.01.2027 Homepage,wp-content/uploads/2026/07/Friedhofs-und-Bestattungssatzung-ab-01.01.2027-Homepage-1.pdf,https://www.gemeinde-merching.de/wp-content/uploads/2026/07/Friedhofs-und-Bestattungssatzung-ab-01.01.2027-Homepage-1.pdf,application/pdf,True,297746,00872094066f7e59f3e262bbd43e36b30258b4e4746d5f1d5deab073b0a979a6,10790,True,not verified,,,,,False,publish,candidate only; verify public references/parent before publishing
10853,Plakat Tag der offenen Türen_Demenzwoche 2026,wp-content/uploads/2026/09/Plakat-Tag-der-offenen-Tueren_Demenzwoche-2026.pdf,https://www.gemeinde-merching.de/wp-content/uploads/2026/09/Plakat-Tag-der-offenen-Tueren_Demenzwoche-2026.pdf,application/pdf,True,4306369,d23220114f230618ca7b25f6693c2863de66b6ac3e0fc8d0e1cecbd354d003f9,10852,True,not verified,,,,,False,draft,candidate only; verify public references/parent before publishing
10855,"Logo Bayer. Staatsministerium f. Gesundheit, Pflege u. Prävention",wp-content/uploads/2026/09/Logo-Bayer.-Staatsministerium-f.-Gesundheit-Pflege-u.-Praevention-e1788338968120.png,https://www.gemeinde-merching.de/wp-content/uploads/2026/09/Logo-Bayer.-Staatsministerium-f.-Gesundheit-Pflege-u.-Praevention-e1788338968120.png,image/png,True,4782,9da53e8ed2e677e5c4c21d46d567934f19369c7070e2b8904b7ed586836c481c,10852,True,not verified,110,39,,,False,draft,candidate only; verify public references/parent before publishing
10862,20260819 Badeseen Beprobung Tychonema,wp-content/uploads/2026/09/20260819-Badeseen-Beprobung-Tychonema.pdf,https://www.gemeinde-merching.de/wp-content/uploads/2026/09/20260819-Badeseen-Beprobung-Tychonema.pdf,application/pdf,True,159707,e46b0c8a4e60f114111c0920729e98478e708e5f1c0d911717f17b32ba46c546,10861,True,not verified,,,,,False,draft,candidate only; verify public references/parent before publishing
10868,20260903_DB InfraGO Augsburg - München_Pressemitteilung LRA 09.2026,wp-content/uploads/2026/09/20260903_DB-InfraGO-Augsburg-Muenchen_Pressemitteilung-LRA-09.2026.pdf,https://www.gemeinde-merching.de/wp-content/uploads/2026/09/20260903_DB-InfraGO-Augsburg-Muenchen_Pressemitteilung-LRA-09.2026.pdf,application/pdf,True,165457,a06fe5e6c49b9e633072acac7db7c663ef1b8665290be3aca676ac34c722cc29,10867,True,not verified,,,,,False,publish,candidate only; verify public references/parent before publishing
10871,Merching Bodenrichtwerte 2026,wp-content/uploads/2026/09/Merching-Bodenrichtwerte-2026.pdf,https://www.gemeinde-merching.de/wp-content/uploads/2026/09/Merching-Bodenrichtwerte-2026.pdf,application/pdf,True,434433,498330d34a55cc3e9087ed870d01d315b1f6d0670d6f1844b77978a8ffb5c7d1,10870,True,not verified,,,,,False,publish,candidate only; verify public references/parent before publishing
10873,Steinach + Hochdorf Bodenrichtwerte 2026,wp-content/uploads/2026/09/Steinach-Hochdorf-Bodenrichtwerte-2026.pdf,https://www.gemeinde-merching.de/wp-content/uploads/2026/09/Steinach-Hochdorf-Bodenrichtwerte-2026.pdf,application/pdf,True,407581,e6949b3fc338dc1d5401f6a04c2c24d482df4a269a1b6c44769899290efdd7a1,10872,True,not verified,,,,,False,publish,candidate only; verify public references/parent before publishing
10875,landwirtschaftliche Flächen Bodenrichtwerte 2026,wp-content/uploads/2026/09/landwirtschaftliche-Flaechen-Bodenrichtwerte-2026.pdf,https://www.gemeinde-merching.de/wp-content/uploads/2026/09/landwirtschaftliche-Flaechen-Bodenrichtwerte-2026.pdf,application/pdf,True,632423,fe7a2ed0aabcfd0c245d02fab4f3c1cf9557b5c30401ad4298b9b370b01bc035,10874,True,not verified,,,,,False,publish,candidate only; verify public references/parent before publishing
10885,20260908_Warntag,wp-content/uploads/2026/09/20260908_Warntag.pdf,https://www.gemeinde-merching.de/wp-content/uploads/2026/09/20260908_Warntag.pdf,application/pdf,True,205311,b86966e46e6215ae8a60f466ba5c5ae98370b9e0f54cdf98bfe2620a15134cc9,10884,True,not verified,,,,,False,draft,candidate only; verify public references/parent before publishing
10888,20260909_Badeseenbeprobung,wp-content/uploads/2026/09/20260909_Badeseenbeprobung.pdf,https://www.gemeinde-merching.de/wp-content/uploads/2026/09/20260909_Badeseenbeprobung.pdf,application/pdf,True,173816,89dcf2e001684c9c6662c578eaf810bf23c1f670a7f15ff582f58651f0bf25e4,10887,True,not verified,,,,,False,publish,candidate only; verify public references/parent before publishing
10891,20260910_Welttag Suizidprävention,wp-content/uploads/2026/09/20260910_Welttag-Suizidpraevention.docx,https://www.gemeinde-merching.de/wp-content/uploads/2026/09/20260910_Welttag-Suizidpraevention.docx,application/vnd.openxmlformats-officedocument.wordprocessingml.document,True,148440,a924c0b7b0a996a11ed3fcc6cb0a41f6f34a2c61bb225629fd7aa18792f655ed,10890,True,not verified,,,,,False,publish,candidate only; verify public references/parent before publishing
10897,20260915_Blaualgen Auensee Kissing (003),wp-content/uploads/2026/09/20260915_Blaualgen-Auensee-Kissing-003.pdf,https://www.gemeinde-merching.de/wp-content/uploads/2026/09/20260915_Blaualgen-Auensee-Kissing-003.pdf,application/pdf,True,154473,7437697a48e76a0c2983e26a43faf9300cb1d22a4b3a5b398f31e93fa94addd0,10896,True,not verified,,,,,False,publish,candidate only; verify public references/parent before publishing
10900,PRESSEMITTEILUNG Nachhaltigkeitstag 18.09.2026 Infos über das Programm,wp-content/uploads/2026/09/PRESSEMITTEILUNG-Nachhaltigkeitstag-18.09.2026-Infos-ueber-das-Programm.pdf,https://www.gemeinde-merching.de/wp-content/uploads/2026/09/PRESSEMITTEILUNG-Nachhaltigkeitstag-18.09.2026-Infos-ueber-das-Programm.pdf,application/pdf,True,226423,c9144163f52a2a65cf7ed98c385c2cded8fdf6d3c47bf97c73af000528127a50,10899,True,not verified,,,,,False,draft,candidate only; verify public references/parent before publishing
10904,3. PM triathlon.de CUP Königsbrunn - Sperrungen & Anwohnerinformationen,wp-content/uploads/2026/09/3.-PM-triathlon.de-CUP-Koenigsbrunn-Sperrungen-Anwohnerinformationen.pdf,https://www.gemeinde-merching.de/wp-content/uploads/2026/09/3.-PM-triathlon.de-CUP-Koenigsbrunn-Sperrungen-Anwohnerinformationen.pdf,application/pdf,True,272085,1dc4b398db6d3fde7d83c6c6d51d200d03adbd0341277793d5d959428c2aa608,10903,True,not verified,,,,,False,trash,candidate only; verify public references/parent before publishing
10906,TRICUP_KOEB_Flyer_Anwohner_2026-08-21,wp-content/uploads/2026/09/TRICUP_KOEB_Flyer_Anwohner_2026-08-21.pdf,https://www.gemeinde-merching.de/wp-content/uploads/2026/09/TRICUP_KOEB_Flyer_Anwohner_2026-08-21.pdf,application/pdf,True,1370785,d46d9a3c437d65e89b25e3f81981b8714c0e1fc553dfa2971dafc2b2e80187d6,10903,True,not verified,,,,,False,trash,candidate only; verify public references/parent before publishing
10909,Triathlon,wp-content/uploads/2026/09/Triathlon.png,https://www.gemeinde-merching.de/wp-content/uploads/2026/09/Triathlon.png,image/png,True,13139,8f9a5f216a093ac692033b55b0682053b39444641b575a215aa3ecbc3391eae0,10903,True,not verified,186,150,,,False,trash,candidate only; verify public references/parent before publishing
10918,20260915_Übernahme Papiertonne durch den Landkreis_Pressemitteilung LRA,wp-content/uploads/2026/09/20260915_Uebernahme-Papiertonne-durch-den-Landkreis_Pressemitteilung-LRA.pdf,https://www.gemeinde-merching.de/wp-content/uploads/2026/09/20260915_Uebernahme-Papiertonne-durch-den-Landkreis_Pressemitteilung-LRA.pdf,application/pdf,True,210554,d317ede77df394174d932f04ea3c72752ef7b2604a04651f57ecf48bf3a28a9e,10917,True,not verified,,,,,False,publish,candidate only; verify public references/parent before publishing
10945,20260918_Workshop_Alle im Blick Ehrenamt neu gestalten,wp-content/uploads/2026/10/20260918_Workshop_Alle-im-Blick-Ehrenamt-neu-gestalten.pdf,https://www.gemeinde-merching.de/wp-content/uploads/2026/10/20260918_Workshop_Alle-im-Blick-Ehrenamt-neu-gestalten.pdf,application/pdf,True,202975,5ae48e4a762521559bd5ada0dcbf1d4ac26a9918bcf6108f4dfd41be427b5fd7,10944,True,not verified,,,,,False,publish,candidate only; verify public references/parent before publishing
10948,20260928_Vorlage PM_mehrere SolarTreffs,wp-content/uploads/2026/10/20260928_Vorlage-PM_mehrere-SolarTreffs.pdf,https://www.gemeinde-merching.de/wp-content/uploads/2026/10/20260928_Vorlage-PM_mehrere-SolarTreffs.pdf,application/pdf,True,182897,8f5a905952894d57404de76ce74ce6b1ccad91a6ba10c5ecbe60f73919dafd96,10947,True,not verified,,,,,False,publish,candidate only; verify public references/parent before publishing
ngg:1,An der Paar,wp-content/gallery/merching/an-der-paar.jpg,https://www.gemeinde-merching.de/wp-content/gallery/merching/an-der-paar.jpg,image,False,,,gallery:1,True,not verified,,,,,,,
ngg:2,Der bayrische Himmel über Merching,wp-content/gallery/merching/der-bayrische-himmel-ueber-merching.jpg,https://www.gemeinde-merching.de/wp-content/gallery/merching/der-bayrische-himmel-ueber-merching.jpg,image,False,,,gallery:1,True,not verified,,,,,,,
ngg:3,Felder am Ortsrand,wp-content/gallery/merching/felder-am-ortsrand.jpg,https://www.gemeinde-merching.de/wp-content/gallery/merching/felder-am-ortsrand.jpg,image,False,,,gallery:1,True,not verified,,,,,,,
ngg:4,Das Feuerwehrhaus in Merching,wp-content/gallery/merching/feuerwehrhaus-merching.jpg,https://www.gemeinde-merching.de/wp-content/gallery/merching/feuerwehrhaus-merching.jpg,image,False,,,gallery:1,True,not verified,,,,,,,
ngg:5,Hochdorf,wp-content/gallery/merching/hochdorf.jpg,https://www.gemeinde-merching.de/wp-content/gallery/merching/hochdorf.jpg,image,False,,,gallery:1,True,not verified,,,,,,,
ngg:6,Im Ort Merching,wp-content/gallery/merching/im-ort-merching.jpg,https://www.gemeinde-merching.de/wp-content/gallery/merching/im-ort-merching.jpg,image,False,,,gallery:1,True,not verified,,,,,,,
ngg:7,Kirche Hochdorf,wp-content/gallery/merching/kirche-hochdorf.jpg,https://www.gemeinde-merching.de/wp-content/gallery/merching/kirche-hochdorf.jpg,image,False,,,gallery:1,True,not verified,,,,,,,
ngg:8,Kirche Merching,wp-content/gallery/merching/kirche-merching.jpg,https://www.gemeinde-merching.de/wp-content/gallery/merching/kirche-merching.jpg,image,False,,,gallery:1,True,not verified,,,,,,,
ngg:9,Kirche Merching,wp-content/gallery/merching/kirche-merching_2.jpg,https://www.gemeinde-merching.de/wp-content/gallery/merching/kirche-merching_2.jpg,image,False,,,gallery:1,True,not verified,,,,,,,
ngg:10,Kirche Merching,wp-content/gallery/merching/kirche-merching_3.jpg,https://www.gemeinde-merching.de/wp-content/gallery/merching/kirche-merching_3.jpg,image,False,,,gallery:1,True,not verified,,,,,,,
ngg:11,Kirche Merching,wp-content/gallery/merching/kirche-merching_4.jpg,https://www.gemeinde-merching.de/wp-content/gallery/merching/kirche-merching_4.jpg,image,False,,,gallery:1,True,not verified,,,,,,,
ngg:12,Kirche Steinach,wp-content/gallery/merching/kirche-steinach.jpg,https://www.gemeinde-merching.de/wp-content/gallery/merching/kirche-steinach.jpg,image,False,,,gallery:1,True,not verified,,,,,,,
ngg:13,Kirchturmuhr Merching,wp-content/gallery/merching/kirchturmuhr-merching.jpg,https://www.gemeinde-merching.de/wp-content/gallery/merching/kirchturmuhr-merching.jpg,image,False,,,gallery:1,True,not verified,,,,,,,
ngg:14,Maibaum,wp-content/gallery/merching/maibaum.jpg,https://www.gemeinde-merching.de/wp-content/gallery/merching/maibaum.jpg,image,False,,,gallery:1,True,not verified,,,,,,,
ngg:15,Am Mandichosee,wp-content/gallery/merching/mandicho-stausee_1.jpg,https://www.gemeinde-merching.de/wp-content/gallery/merching/mandicho-stausee_1.jpg,image,False,,,gallery:1,True,not verified,,,,,,,
ngg:16,Am Mandichosee,wp-content/gallery/merching/mandicho-stausee_2.jpg,https://www.gemeinde-merching.de/wp-content/gallery/merching/mandicho-stausee_2.jpg,image,False,,,gallery:1,True,not verified,,,,,,,
ngg:17,In Merching,wp-content/gallery/merching/merching2.jpg,https://www.gemeinde-merching.de/wp-content/gallery/merching/merching2.jpg,image,False,,,gallery:1,True,not verified,,,,,,,
ngg:18,Rathaus Merching,wp-content/gallery/merching/rathaus-merching.jpg,https://www.gemeinde-merching.de/wp-content/gallery/merching/rathaus-merching.jpg,image,False,,,gallery:1,True,not verified,,,,,,,
ngg:19,Rathaus Merching,wp-content/gallery/merching/rathaus-merching2.jpg,https://www.gemeinde-merching.de/wp-content/gallery/merching/rathaus-merching2.jpg,image,False,,,gallery:1,True,not verified,,,,,,,
ngg:20,Rathaus Merching,wp-content/gallery/merching/rathaus-merching3.jpg,https://www.gemeinde-merching.de/wp-content/gallery/merching/rathaus-merching3.jpg,image,False,,,gallery:1,True,not verified,,,,,,,
ngg:21,Rathaus Merching,wp-content/gallery/merching/rathaus-merching4.jpg,https://www.gemeinde-merching.de/wp-content/gallery/merching/rathaus-merching4.jpg,image,False,,,gallery:1,True,not verified,,,,,,,
ngg:22,Sprudelstein,wp-content/gallery/merching/saeule.jpg,https://www.gemeinde-merching.de/wp-content/gallery/merching/saeule.jpg,image,False,,,gallery:1,True,not verified,,,,,,,
ngg:23,Schule Merching,wp-content/gallery/merching/schule-merching.jpg,https://www.gemeinde-merching.de/wp-content/gallery/merching/schule-merching.jpg,image,False,,,gallery:1,True,not verified,,,,,,,
ngg:24,Segelboote am Mandichosee,wp-content/gallery/merching/segelboote-am-mandichosee.jpg,https://www.gemeinde-merching.de/wp-content/gallery/merching/segelboote-am-mandichosee.jpg,image,False,,,gallery:1,True,not verified,,,,,,,
ngg:25,Angeln am Mandicho Stausee,wp-content/gallery/merching/stausee.jpg,https://www.gemeinde-merching.de/wp-content/gallery/merching/stausee.jpg,image,False,,,gallery:1,True,not verified,,,,,,,
ngg:26,Fahrzeug der freiwilligen Feuerwehr Merching,wp-content/gallery/merching/feuerwehrauto-merching.jpg,https://www.gemeinde-merching.de/wp-content/gallery/merching/feuerwehrauto-merching.jpg,image,False,,,gallery:1,True,not verified,,,,,,,
ngg:52,Schule,wp-content/gallery/merching/cimg1913.jpg,https://www.gemeinde-merching.de/wp-content/gallery/merching/cimg1913.jpg,image,False,,,gallery:1,True,not verified,,,,,,,
ngg:53,Mehrzweckhalle,wp-content/gallery/merching/cimg1914.jpg,https://www.gemeinde-merching.de/wp-content/gallery/merching/cimg1914.jpg,image,False,,,gallery:1,True,not verified,,,,,,,
ngg:55,Feuerwehrhaus Merching,wp-content/gallery/merching/feuerwehr-merching.jpg,https://www.gemeinde-merching.de/wp-content/gallery/merching/feuerwehr-merching.jpg,image,False,,,gallery:1,True,not verified,,,,,,,
ngg:56,Grund- und Mittelschule,wp-content/gallery/merching/grund-und-mittelschule.jpg,https://www.gemeinde-merching.de/wp-content/gallery/merching/grund-und-mittelschule.jpg,image,False,,,gallery:1,True,not verified,,,,,,,
ngg:57,Kindergarten Merching,wp-content/gallery/merching/kindergarten.jpg,https://www.gemeinde-merching.de/wp-content/gallery/merching/kindergarten.jpg,image,False,,,gallery:1,True,not verified,,,,,,,
ngg:58,Kinderkrippe Merching,wp-content/gallery/merching/kinderkrippe.jpg,https://www.gemeinde-merching.de/wp-content/gallery/merching/kinderkrippe.jpg,image,False,,,gallery:1,True,not verified,,,,,,,
ngg:59,Kirche Merching,wp-content/gallery/merching/kirche-merching_0.jpg,https://www.gemeinde-merching.de/wp-content/gallery/merching/kirche-merching_0.jpg,image,False,,,gallery:1,True,not verified,,,,,,,
ngg:60,Klostergarten,wp-content/gallery/merching/klostergarten.jpg,https://www.gemeinde-merching.de/wp-content/gallery/merching/klostergarten.jpg,image,False,,,gallery:1,True,not verified,,,,,,,
ngg:61,Maibaum Merching,wp-content/gallery/merching/maibaum-merching.jpg,https://www.gemeinde-merching.de/wp-content/gallery/merching/maibaum-merching.jpg,image,False,,,gallery:1,True,not verified,,,,,,,
ngg:62,Mehrzweckhalle,wp-content/gallery/merching/mehrzweckhalle.jpg,https://www.gemeinde-merching.de/wp-content/gallery/merching/mehrzweckhalle.jpg,image,False,,,gallery:1,True,not verified,,,,,,,
ngg:63,Pfarramt Heiligenfigur,wp-content/gallery/merching/pfarramt-figur.jpg,https://www.gemeinde-merching.de/wp-content/gallery/merching/pfarramt-figur.jpg,image,False,,,gallery:1,True,not verified,,,,,,,
ngg:64,Pfarramt,wp-content/gallery/merching/pfarramt.jpg,https://www.gemeinde-merching.de/wp-content/gallery/merching/pfarramt.jpg,image,False,,,gallery:1,True,not verified,,,,,,,
ngg:65,Skulptur im Friedhof,wp-content/gallery/merching/skulptur-im-friedhof.jpg,https://www.gemeinde-merching.de/wp-content/gallery/merching/skulptur-im-friedhof.jpg,image,False,,,gallery:1,True,not verified,,,,,,,
ngg:66,Sprudelstein,wp-content/gallery/merching/sprudelstein.jpg,https://www.gemeinde-merching.de/wp-content/gallery/merching/sprudelstein.jpg,image,False,,,gallery:1,True,not verified,,,,,,,
ngg:67,Kapelle St. Margaretha,wp-content/gallery/merching/kapelle-st-margaretha011.jpg,https://www.gemeinde-merching.de/wp-content/gallery/merching/kapelle-st-margaretha011.jpg,image,False,,,gallery:1,True,not verified,,,,,,,
ngg:69,Kirche Steinach,wp-content/gallery/merching/kirche-steinach-001.jpg,https://www.gemeinde-merching.de/wp-content/gallery/merching/kirche-steinach-001.jpg,image,False,,,gallery:1,True,not verified,,,,,,,
ngg:70,Kreuz bei Privatanwesen in Brunnen,wp-content/gallery/merching/kapelle-und-kreuz008.jpg,https://www.gemeinde-merching.de/wp-content/gallery/merching/kapelle-und-kreuz008.jpg,image,False,,,gallery:1,True,not verified,,,,,,,
ngg:75,Maibaum,wp-content/gallery/merching/maibaum_0.jpg,https://www.gemeinde-merching.de/wp-content/gallery/merching/maibaum_0.jpg,image,False,,,gallery:1,True,not verified,,,,,,,
ngg:76,Nepomuk,wp-content/gallery/merching/nepomuk.jpg,https://www.gemeinde-merching.de/wp-content/gallery/merching/nepomuk.jpg,image,False,,,gallery:1,True,not verified,,,,,,,
ngg:77,Pfarrhof,wp-content/gallery/merching/pfarrhof.jpg,https://www.gemeinde-merching.de/wp-content/gallery/merching/pfarrhof.jpg,image,False,,,gallery:1,True,not verified,,,,,,,
ngg:78,Kirche Merching,wp-content/gallery/merching/bild-kirche-neu.jpg,https://www.gemeinde-merching.de/wp-content/gallery/merching/bild-kirche-neu.jpg,image,False,,,gallery:1,True,not verified,,,,,,,
ngg:79,Feuerwehrauto Steinach,wp-content/gallery/merching/kopie-von-snc000881.jpg,https://www.gemeinde-merching.de/wp-content/gallery/merching/kopie-von-snc000881.jpg,image,False,,,gallery:1,True,not verified,,,,,,,
ngg:83,Maibaum in Steinach,wp-content/gallery/merching/maibaum-steinach.jpg,https://www.gemeinde-merching.de/wp-content/gallery/merching/maibaum-steinach.jpg,image,False,,,gallery:1,True,not verified,,,,,,,
ngg:82,Das kleine Wäldchen „Bacherleh“ in Steinach,wp-content/gallery/merching/bacherleh-in-steinach.jpg,https://www.gemeinde-merching.de/wp-content/gallery/merching/bacherleh-in-steinach.jpg,image,False,,,gallery:1,True,not verified,,,,,,,
ngg:27,Merching: Naherholungsgebiet Mandichosee,wp-content/gallery/naherholungsgebiet-mandichosee/merching_mandichosee_1.jpg,https://www.gemeinde-merching.de/wp-content/gallery/naherholungsgebiet-mandichosee/merching_mandichosee_1.jpg,image,True,137848,ca01052178770cc22cd8f1c92ce7ec684ea23fb439aaa7c4cf27d03eae268ea0,gallery:2,True,not verified,,,,,,,
ngg:28,Merching: Naherholungsgebiet Mandichosee,wp-content/gallery/naherholungsgebiet-mandichosee/merching_mandichosee_10.jpg,https://www.gemeinde-merching.de/wp-content/gallery/naherholungsgebiet-mandichosee/merching_mandichosee_10.jpg,image,True,77992,c33c0a6d89111c33d11bd8a1baf8d69e8c7bbc441d1bed0a216526d43f98747e,gallery:2,True,not verified,,,,,,,
ngg:29,Merching: Naherholungsgebiet Mandichosee,wp-content/gallery/naherholungsgebiet-mandichosee/merching_mandichosee_11.jpg,https://www.gemeinde-merching.de/wp-content/gallery/naherholungsgebiet-mandichosee/merching_mandichosee_11.jpg,image,True,93800,2a49e398cc50973e92e78ac8cb99744fd5afcd1f4bdfa11dc7142ce5b2f5c0f4,gallery:2,True,not verified,,,,,,,
ngg:30,Merching: Naherholungsgebiet Mandichosee,wp-content/gallery/naherholungsgebiet-mandichosee/merching_mandichosee_12.jpg,https://www.gemeinde-merching.de/wp-content/gallery/naherholungsgebiet-mandichosee/merching_mandichosee_12.jpg,image,True,93534,2336b30e6ed25bec53563e016aea169db2f778127a1375ac846d619243afc64d,gallery:2,True,not verified,,,,,,,
ngg:31,Merching: Naherholungsgebiet Mandichosee,wp-content/gallery/naherholungsgebiet-mandichosee/merching_mandichosee_13.jpg,https://www.gemeinde-merching.de/wp-content/gallery/naherholungsgebiet-mandichosee/merching_mandichosee_13.jpg,image,True,98340,ef5ba198de7acae9195011815bd036c1290fbcef074debf9c55d7bf8073798cc,gallery:2,True,not verified,,,,,,,
ngg:32,Merching: Naherholungsgebiet Mandichosee,wp-content/gallery/naherholungsgebiet-mandichosee/merching_mandichosee_14.jpg,https://www.gemeinde-merching.de/wp-content/gallery/naherholungsgebiet-mandichosee/merching_mandichosee_14.jpg,image,True,142285,1dd64f65a1d128874b119f8b321913a1da5fb06673575b596aae091315753a1f,gallery:2,True,not verified,,,,,,,
ngg:33,Merching: Naherholungsgebiet Mandichosee,wp-content/gallery/naherholungsgebiet-mandichosee/merching_mandichosee_15.jpg,https://www.gemeinde-merching.de/wp-content/gallery/naherholungsgebiet-mandichosee/merching_mandichosee_15.jpg,image,True,131164,7c09ab390a2511f0fcded6d3664d6eda8df6b5ce8e1957cf37adfbf273b1e5df,gallery:2,True,not verified,,,,,,,
ngg:34,Merching: Naherholungsgebiet Mandichosee,wp-content/gallery/naherholungsgebiet-mandichosee/merching_mandichosee_16.jpg,https://www.gemeinde-merching.de/wp-content/gallery/naherholungsgebiet-mandichosee/merching_mandichosee_16.jpg,image,True,93292,33743d96ed4c241aaf8ab4c67d75613a0d4ba064c9bf1f2491b156804d613d99,gallery:2,True,not verified,,,,,,,
ngg:35,Merching: Naherholungsgebiet Mandichosee,wp-content/gallery/naherholungsgebiet-mandichosee/merching_mandichosee_17.jpg,https://www.gemeinde-merching.de/wp-content/gallery/naherholungsgebiet-mandichosee/merching_mandichosee_17.jpg,image,True,162018,d92bc9add95fa70a04cbc35d2346d0b6f27f99037d4defa4e0721b9c9b054b07,gallery:2,True,not verified,,,,,,,
ngg:36,Merching: Naherholungsgebiet Mandichosee,wp-content/gallery/naherholungsgebiet-mandichosee/merching_mandichosee_18.jpg,https://www.gemeinde-merching.de/wp-content/gallery/naherholungsgebiet-mandichosee/merching_mandichosee_18.jpg,image,True,104661,4b83de20094307dd90a61c2056d4a5fde832e9c243aa573a9d78ae2fb23cb95b,gallery:2,True,not verified,,,,,,,
ngg:37,Merching: Naherholungsgebiet Mandichosee,wp-content/gallery/naherholungsgebiet-mandichosee/merching_mandichosee_19.jpg,https://www.gemeinde-merching.de/wp-content/gallery/naherholungsgebiet-mandichosee/merching_mandichosee_19.jpg,image,True,156997,faf3e6245ffb9eda492cd34443386ad893337529d1ca0aeb9cc9c0b1836aeb6f,gallery:2,True,not verified,,,,,,,
ngg:38,Merching: Naherholungsgebiet Mandichosee,wp-content/gallery/naherholungsgebiet-mandichosee/merching_mandichosee_2.jpg,https://www.gemeinde-merching.de/wp-content/gallery/naherholungsgebiet-mandichosee/merching_mandichosee_2.jpg,image,True,131198,1a1280879557004d4283e50929d87c6357158ecaa2215e2526effd7f43605cb6,gallery:2,True,not verified,,,,,,,
ngg:39,Merching: Naherholungsgebiet Mandichosee,wp-content/gallery/naherholungsgebiet-mandichosee/merching_mandichosee_20.jpg,https://www.gemeinde-merching.de/wp-content/gallery/naherholungsgebiet-mandichosee/merching_mandichosee_20.jpg,image,True,105257,0817277c014ec80c77334d54f7c5de3a158f83548cbdaeb45d71a077b5709b4a,gallery:2,True,not verified,,,,,,,
ngg:40,Merching: Naherholungsgebiet Mandichosee,wp-content/gallery/naherholungsgebiet-mandichosee/merching_mandichosee_3.jpg,https://www.gemeinde-merching.de/wp-content/gallery/naherholungsgebiet-mandichosee/merching_mandichosee_3.jpg,image,True,124377,1a2870105fca29be885b68f2c979ef7eabffbb8d8ecee7c8bb4836f61ac57085,gallery:2,True,not verified,,,,,,,
ngg:41,Merching: Naherholungsgebiet Mandichosee,wp-content/gallery/naherholungsgebiet-mandichosee/merching_mandichosee_4.jpg,https://www.gemeinde-merching.de/wp-content/gallery/naherholungsgebiet-mandichosee/merching_mandichosee_4.jpg,image,True,55504,d15085d96388b5414f723ee0d778ac6efca6b9a4ac106b76fa772eebe18f1318,gallery:2,True,not verified,,,,,,,
ngg:42,Merching: Naherholungsgebiet Mandichosee,wp-content/gallery/naherholungsgebiet-mandichosee/merching_mandichosee_5.jpg,https://www.gemeinde-merching.de/wp-content/gallery/naherholungsgebiet-mandichosee/merching_mandichosee_5.jpg,image,True,133244,b5bc958d9fa56da4479b4a2b971313fc3b4a25c33cd71849f59030e6587b2e41,gallery:2,True,not verified,,,,,,,
ngg:43,Merching: Naherholungsgebiet Mandichosee,wp-content/gallery/naherholungsgebiet-mandichosee/merching_mandichosee_6.jpg,https://www.gemeinde-merching.de/wp-content/gallery/naherholungsgebiet-mandichosee/merching_mandichosee_6.jpg,image,True,63771,f4c2ddb32cb57c2ac08d73ee69a12c666452075b4374252249d9d8ce1f2943c4,gallery:2,True,not verified,,,,,,,
ngg:44,Merching: Naherholungsgebiet Mandichosee,wp-content/gallery/naherholungsgebiet-mandichosee/merching_mandichosee_7.jpg,https://www.gemeinde-merching.de/wp-content/gallery/naherholungsgebiet-mandichosee/merching_mandichosee_7.jpg,image,True,82334,55a769991fb10f0e2035b323fff99f3c7d6a50de998a7596e89085d09430469b,gallery:2,True,not verified,,,,,,,
ngg:45,Merching: Naherholungsgebiet Mandichosee,wp-content/gallery/naherholungsgebiet-mandichosee/merching_mandichosee_8.jpg,https://www.gemeinde-merching.de/wp-content/gallery/naherholungsgebiet-mandichosee/merching_mandichosee_8.jpg,image,True,99787,5d5fd66c75421ffd9e2df09a01d8ba6133fa0367e80af02cc1e60f2ae40a190c,gallery:2,True,not verified,,,,,,,
ngg:46,Merching: Naherholungsgebiet Mandichosee,wp-content/gallery/naherholungsgebiet-mandichosee/merching_mandichosee_9.jpg,https://www.gemeinde-merching.de/wp-content/gallery/naherholungsgebiet-mandichosee/merching_mandichosee_9.jpg,image,True,96350,b08442375c20d3a8ae78edd3572ff2ab2a4f77e9bf5bf9633cc4439fa18acfb0,gallery:2,True,not verified,,,,,,,
ngg:47,Gewerbegebiet Am Lerchenpark,wp-content/gallery/gewerbegebiet-am-lerchenpark/cimg1916.jpg,https://www.gemeinde-merching.de/wp-content/gallery/gewerbegebiet-am-lerchenpark/cimg1916.jpg,image,False,,,gallery:3,True,not verified,,,,,,,
ngg:48,Gewerbegebiet Am Lerchenpark,wp-content/gallery/gewerbegebiet-am-lerchenpark/cimg1917.jpg,https://www.gemeinde-merching.de/wp-content/gallery/gewerbegebiet-am-lerchenpark/cimg1917.jpg,image,False,,,gallery:3,True,not verified,,,,,,,
ngg:49,Gewerbegebiet Am Lerchenpark,wp-content/gallery/gewerbegebiet-am-lerchenpark/cimg1918.jpg,https://www.gemeinde-merching.de/wp-content/gallery/gewerbegebiet-am-lerchenpark/cimg1918.jpg,image,False,,,gallery:3,True,not verified,,,,,,,
ngg:50,Gewerbegebiet Am Lerchenpark,wp-content/gallery/gewerbegebiet-am-lerchenpark/cimg1919.jpg,https://www.gemeinde-merching.de/wp-content/gallery/gewerbegebiet-am-lerchenpark/cimg1919.jpg,image,False,,,gallery:3,True,not verified,,,,,,,
ngg:51,Gewerbegebiet Am Lerchenpark,wp-content/gallery/gewerbegebiet-am-lerchenpark/cimg1920.jpg,https://www.gemeinde-merching.de/wp-content/gallery/gewerbegebiet-am-lerchenpark/cimg1920.jpg,image,False,,,gallery:3,True,not verified,,,,,,,
ngg:54,Gewerbegebiet Am Lerchenpark,wp-content/gallery/gewerbegebiet-am-lerchenpark/cimg1915.jpg,https://www.gemeinde-merching.de/wp-content/gallery/gewerbegebiet-am-lerchenpark/cimg1915.jpg,image,False,,,gallery:3,True,not verified,,,,,,,
ngg:71,Mandicho Stausee,wp-content/gallery/sommerspass/mandicho-stausee_1.jpg,https://www.gemeinde-merching.de/wp-content/gallery/sommerspass/mandicho-stausee_1.jpg,image,False,,,gallery:4,True,not verified,,,,,,,
ngg:72,Mandicho Stausee,wp-content/gallery/sommerspass/mandicho-stausee_2.jpg,https://www.gemeinde-merching.de/wp-content/gallery/sommerspass/mandicho-stausee_2.jpg,image,False,,,gallery:4,True,not verified,,,,,,,
ngg:73,Segelboote am Mandichosee,wp-content/gallery/sommerspass/segelboote-am-mandichosee.jpg,https://www.gemeinde-merching.de/wp-content/gallery/sommerspass/segelboote-am-mandichosee.jpg,image,False,,,gallery:4,True,not verified,,,,,,,
ngg:74,Mandicho Stausee,wp-content/gallery/sommerspass/stausee.jpg,https://www.gemeinde-merching.de/wp-content/gallery/sommerspass/stausee.jpg,image,False,,,gallery:4,True,not verified,,,,,,,
ngg:84,Merching im Advent,wp-content/gallery/merchinger-advent/w-01.jpg,https://www.gemeinde-merching.de/wp-content/gallery/merchinger-advent/w-01.jpg,image,True,168609,5352f1365d61b97da5e2c97caf3c06afdfd061bcab273bfb7bb854622395db90,gallery:5,True,not verified,,,,,,,
ngg:85,Merching im Advent,wp-content/gallery/merchinger-advent/w-02.jpg,https://www.gemeinde-merching.de/wp-content/gallery/merchinger-advent/w-02.jpg,image,True,322105,053f6df04639b5f7909e30548c5df55f1bb70ba7789f52f167b0b3554bb6e653,gallery:5,True,not verified,,,,,,,
ngg:86,Merching im Advent,wp-content/gallery/merchinger-advent/w-03.jpg,https://www.gemeinde-merching.de/wp-content/gallery/merchinger-advent/w-03.jpg,image,True,247869,0fe765f1973238b1cfd4ed97294dd1d35eb5f49c55a0244157b9412716cb5b6e,gallery:5,True,not verified,,,,,,,
ngg:87,Merching im Advent,wp-content/gallery/merchinger-advent/w-04.jpg,https://www.gemeinde-merching.de/wp-content/gallery/merchinger-advent/w-04.jpg,image,True,266784,75c051b136f6e061921f1b86fd515b4ff73484e36cfefbd2680ed2ed143051ad,gallery:5,True,not verified,,,,,,,
ngg:88,Merching im Advent,wp-content/gallery/merchinger-advent/w-05.jpg,https://www.gemeinde-merching.de/wp-content/gallery/merchinger-advent/w-05.jpg,image,True,378300,a1e4d87fa1416b0398fd55e99d90d62c5f558045882875fcdbfabc1977728444,gallery:5,True,not verified,,,,,,,
ngg:89,Merching im Advent,wp-content/gallery/merchinger-advent/w-06.jpg,https://www.gemeinde-merching.de/wp-content/gallery/merchinger-advent/w-06.jpg,image,True,446245,947bececd2cfac939c2b28d2d2d11d44e1fbd268d11de5c1b00f378b75acbbef,gallery:5,True,not verified,,,,,,,
ngg:90,Merching im Advent,wp-content/gallery/merchinger-advent/w-07.jpg,https://www.gemeinde-merching.de/wp-content/gallery/merchinger-advent/w-07.jpg,image,True,268255,13a29b9d069e3dfb1ae57d8c2bd0ea8cb1bbea945b3e409c90002fd24165cab9,gallery:5,True,not verified,,,,,,,
ngg:91,Merching im Advent,wp-content/gallery/merchinger-advent/w-08.jpg,https://www.gemeinde-merching.de/wp-content/gallery/merchinger-advent/w-08.jpg,image,True,278174,f9f468ddf4ed3f442cafd7a7792b05773cbffa9e859ff1ac24797ea4a1500ec8,gallery:5,True,not verified,,,,,,,
ngg:92,Merching im Advent,wp-content/gallery/merchinger-advent/w-09.jpg,https://www.gemeinde-merching.de/wp-content/gallery/merchinger-advent/w-09.jpg,image,True,239723,62edb0aa45f87db6844fcaa0c0f4800b7344c641943847af4b99f7eadafc4305,gallery:5,True,not verified,,,,,,,
ngg:93,Merching im Advent,wp-content/gallery/merchinger-advent/w-10.jpg,https://www.gemeinde-merching.de/wp-content/gallery/merchinger-advent/w-10.jpg,image,True,342764,c0243a7c4d45a94cb82cab3ea0f9eae825fa120c8439576f03f304072eedad0b,gallery:5,True,not verified,,,,,,,
ngg:94,Merching im Advent,wp-content/gallery/merchinger-advent/w-11.jpg,https://www.gemeinde-merching.de/wp-content/gallery/merchinger-advent/w-11.jpg,image,True,174726,44db029b205f9ae95435032dfa8ff83ea3111a49dddfa0409e0930464765f5ea,gallery:5,True,not verified,,,,,,,
ngg:95,Merching im Advent,wp-content/gallery/merchinger-advent/w-12.jpg,https://www.gemeinde-merching.de/wp-content/gallery/merchinger-advent/w-12.jpg,image,True,296968,39c420604831f70bd08ebf5883d7adc0b6fb9b53fc605ee9a21928d37a7e4e27,gallery:5,True,not verified,,,,,,,
ngg:96,Merching im Advent,wp-content/gallery/merchinger-advent/w-13.jpg,https://www.gemeinde-merching.de/wp-content/gallery/merchinger-advent/w-13.jpg,image,True,415938,37a6e519a7d3ec7476a0840d659edef5a4a1da30b27eed6d9a98dd301a2f3ea6,gallery:5,True,not verified,,,,,,,
ngg:97,Merching im Advent,wp-content/gallery/merchinger-advent/w-14.jpg,https://www.gemeinde-merching.de/wp-content/gallery/merchinger-advent/w-14.jpg,image,True,245951,6e8621861ef7108127648ddebf57ffdb441957d55fc67e9f6f3ea40e9000bf59,gallery:5,True,not verified,,,,,,,
ngg:98,Merching im Advent,wp-content/gallery/merchinger-advent/w-15.jpg,https://www.gemeinde-merching.de/wp-content/gallery/merchinger-advent/w-15.jpg,image,True,308997,de2afa645237c049d444d9df6126397ff2dcf14496fea50646190b72303f87c1,gallery:5,True,not verified,,,,,,,
ngg:99,Merching im Advent,wp-content/gallery/merchinger-advent/w-16.jpg,https://www.gemeinde-merching.de/wp-content/gallery/merchinger-advent/w-16.jpg,image,True,257024,bb7de0ad6f63c4637bcf7abfe030715007b5757df939012e75a70d263fcb3219,gallery:5,True,not verified,,,,,,,
ngg:100,Merching im Advent,wp-content/gallery/merchinger-advent/w-17.jpg,https://www.gemeinde-merching.de/wp-content/gallery/merchinger-advent/w-17.jpg,image,True,535369,2928e8aba1c092b50f61a3732b918d123716be1678e49f8a9d36b5d089612db4,gallery:5,True,not verified,,,,,,,
ngg:101,Merching im Advent,wp-content/gallery/merchinger-advent/w-18.jpg,https://www.gemeinde-merching.de/wp-content/gallery/merchinger-advent/w-18.jpg,image,True,318353,49c1fd8443abd459b5571ac245ff81a0ac10f8156a65f87e4f1048e92514b6e6,gallery:5,True,not verified,,,,,,,
ngg:102,Merching im Advent,wp-content/gallery/merchinger-advent/w-19.jpg,https://www.gemeinde-merching.de/wp-content/gallery/merchinger-advent/w-19.jpg,image,True,307746,ee44087c822b9ad5d82c6aba6912e62ffbfe01aeef0e55fd3125149c04644548,gallery:5,True,not verified,,,,,,,
ngg:103,Merching im Advent,wp-content/gallery/merchinger-advent/w-20.jpg,https://www.gemeinde-merching.de/wp-content/gallery/merchinger-advent/w-20.jpg,image,True,206792,653b36752582286e5e6a94876d3dee08949e78159586ca5cc8f886689ba57703,gallery:5,True,not verified,,,,,,,
ngg:104,Merching im Advent,wp-content/gallery/merchinger-advent/w-21.jpg,https://www.gemeinde-merching.de/wp-content/gallery/merchinger-advent/w-21.jpg,image,True,294346,069a809c8147b6dea2fbbac061c0036810ed904aadfc98d19be38b9956677b25,gallery:5,True,not verified,,,,,,,
ngg:105,Merching im Advent,wp-content/gallery/merchinger-advent/w-22.jpg,https://www.gemeinde-merching.de/wp-content/gallery/merchinger-advent/w-22.jpg,image,True,336881,8c7aa899bb56ea347256a3c2ca09f89bc32a97380184c6cebd2137c601016837,gallery:5,True,not verified,,,,,,,
ngg:106,Merching im Advent,wp-content/gallery/merchinger-advent/w-23.jpg,https://www.gemeinde-merching.de/wp-content/gallery/merchinger-advent/w-23.jpg,image,True,141718,ac8c3e9335b93b31edc69ef8fd27d2ab5b34cf2e5bbf79a16a910ae1d716be90,gallery:5,True,not verified,,,,,,,
ngg:107,Merching im Advent,wp-content/gallery/merchinger-advent/w-24.jpg,https://www.gemeinde-merching.de/wp-content/gallery/merchinger-advent/w-24.jpg,image,True,266583,2849251732c2294abef4c5ac12a482d2b1487e4af0edd0f2c7880e627b5b0be2,gallery:5,True,not verified,,,,,,,
ngg:108,Merching im Advent,wp-content/gallery/merchinger-advent/w-25.jpg,https://www.gemeinde-merching.de/wp-content/gallery/merchinger-advent/w-25.jpg,image,True,377157,51b26bc5f2e786c120d82e19920103474ec322f5139b92fff8ed02bfd1f684d9,gallery:5,True,not verified,,,,,,,
ngg:109,Merching im Advent,wp-content/gallery/merchinger-advent/w-26.jpg,https://www.gemeinde-merching.de/wp-content/gallery/merchinger-advent/w-26.jpg,image,True,300463,27639340c9430351dcb470ba759ea8434647c267b268e156a1989c9e01bba544,gallery:5,True,not verified,,,,,,,
ngg:110,Merching im Advent,wp-content/gallery/merchinger-advent/w-27.jpg,https://www.gemeinde-merching.de/wp-content/gallery/merchinger-advent/w-27.jpg,image,True,388928,5f022492558288999c9a5a47aa09d1be0b3d82cf3d9358510aa0500b1480103d,gallery:5,True,not verified,,,,,,,
ngg:111,Merching im Advent,wp-content/gallery/merchinger-advent/w-28.jpg,https://www.gemeinde-merching.de/wp-content/gallery/merchinger-advent/w-28.jpg,image,True,251579,3829b45f141f0b326a4b87f0a3750d170795d0efe3e7d2e4660661dd2521ebb9,gallery:5,True,not verified,,,,,,,
ngg:112,Merching im Advent,wp-content/gallery/merchinger-advent/w-29.jpg,https://www.gemeinde-merching.de/wp-content/gallery/merchinger-advent/w-29.jpg,image,True,305010,193aa59f002d3808002f559db423275371f8057cc2f1cd484b58e27414549fff,gallery:5,True,not verified,,,,,,,
ngg:113,Merching im Advent,wp-content/gallery/merchinger-advent/w-30.jpg,https://www.gemeinde-merching.de/wp-content/gallery/merchinger-advent/w-30.jpg,image,True,521617,b634baf5bcf6ac81a36fb152a415d7edde748c051f42e9c3848878eb53a191a4,gallery:5,True,not verified,,,,,,,
ngg:114,Merching im Advent,wp-content/gallery/merchinger-advent/w-31.jpg,https://www.gemeinde-merching.de/wp-content/gallery/merchinger-advent/w-31.jpg,image,True,247335,e4adbd3f455572158f32de1051bc43e6fbaf4cfa8e2f61fb3b608f1fa1b17bff,gallery:5,True,not verified,,,,,,,
ngg:115,Merching im Advent,wp-content/gallery/merchinger-advent/w-32.jpg,https://www.gemeinde-merching.de/wp-content/gallery/merchinger-advent/w-32.jpg,image,True,418270,1edd8027661fba34b4bcf4de8e15e8f1b452af8b26b69524a2a1fe4b168bbc05,gallery:5,True,not verified,,,,,,,
ngg:116,Merching im Advent,wp-content/gallery/merchinger-advent/w-33.jpg,https://www.gemeinde-merching.de/wp-content/gallery/merchinger-advent/w-33.jpg,image,True,547596,3aa13dca1bb03fb941ab328588a7be4e0a0764bec27789fd5e898a3a96db5ad6,gallery:5,True,not verified,,,,,,,
ngg:117,Merching im Advent,wp-content/gallery/merchinger-advent/w-34.jpg,https://www.gemeinde-merching.de/wp-content/gallery/merchinger-advent/w-34.jpg,image,True,291007,1e6d1e2874791c0a309b627258c552d97d6a750d059444bbd24c7f739fa0dd94,gallery:5,True,not verified,,,,,,,
ngg:118,Merching im Advent,wp-content/gallery/merchinger-advent/w-35.jpg,https://www.gemeinde-merching.de/wp-content/gallery/merchinger-advent/w-35.jpg,image,True,259148,b08f9da30816ffd5e1a7f5f0d4a4776e1ac5bbfeeaa2815555f2479a81eded8c,gallery:5,True,not verified,,,,,,,
ngg:119,Merching im Advent,wp-content/gallery/merchinger-advent/w-36.jpg,https://www.gemeinde-merching.de/wp-content/gallery/merchinger-advent/w-36.jpg,image,True,311377,3609c969cfbd35c3504bf811af8a231b466e605c316a823c09f58a399e561a30,gallery:5,True,not verified,,,,,,,
ngg:120,Merching im Advent,wp-content/gallery/merchinger-advent/w-37.jpg,https://www.gemeinde-merching.de/wp-content/gallery/merchinger-advent/w-37.jpg,image,True,565156,461ef6d50203b70f555d8aa5116ffca73ec0e1fd66d366960d51293d76d4925c,gallery:5,True,not verified,,,,,,,
ngg:121,Merching im Advent,wp-content/gallery/merchinger-advent/w-38.jpg,https://www.gemeinde-merching.de/wp-content/gallery/merchinger-advent/w-38.jpg,image,True,472395,26b26937e5129cbbb9e5bfebc2fc533cdbc40a68355642719d889e0ee8df8713,gallery:5,True,not verified,,,,,,,
ngg:122,Merching im Advent,wp-content/gallery/merchinger-advent/w-39.jpg,https://www.gemeinde-merching.de/wp-content/gallery/merchinger-advent/w-39.jpg,image,True,189648,04874f960297d2d3e04ea7122bd81e7f7941c442b58fbbb7193187c29130b0bd,gallery:5,True,not verified,,,,,,,
ngg:123,Merching im Advent,wp-content/gallery/merchinger-advent/w-40.jpg,https://www.gemeinde-merching.de/wp-content/gallery/merchinger-advent/w-40.jpg,image,True,356230,d5c5c6696d15c2ecc2a00dab3af5c87acb0447a8360e5d565219b400891cdb31,gallery:5,True,not verified,,,,,,,
ngg:124,Merching im Advent,wp-content/gallery/merchinger-advent/w-41.jpg,https://www.gemeinde-merching.de/wp-content/gallery/merchinger-advent/w-41.jpg,image,True,334926,3646940d3f3fed447792bbd60c6718e3a8d734e7bb49704eef86fa9d2073c40d,gallery:5,True,not verified,,,,,,,
ngg:125,Merching im Advent,wp-content/gallery/merchinger-advent/w-42.jpg,https://www.gemeinde-merching.de/wp-content/gallery/merchinger-advent/w-42.jpg,image,True,278178,bfa7d46810a5e25e9613cdc6746f933beeb92ace7eaba376bdf8589b8c622708,gallery:5,True,not verified,,,,,,,
ngg:126,Merching im Advent,wp-content/gallery/merchinger-advent/w-43.jpg,https://www.gemeinde-merching.de/wp-content/gallery/merchinger-advent/w-43.jpg,image,True,279299,892433769fa6510d2d89f489f9bc57d91b3a24c1e06d2696bc29cd00e4279172,gallery:5,True,not verified,,,,,,,
ngg:127,Merching im Advent,wp-content/gallery/merchinger-advent/w-44.jpg,https://www.gemeinde-merching.de/wp-content/gallery/merchinger-advent/w-44.jpg,image,True,384151,491f97e64d5d43d71dd7c2456b9512d9668b382b3108dd6fb8069dea92f363aa,gallery:5,True,not verified,,,,,,,
ngg:128,Merching im Advent,wp-content/gallery/merchinger-advent/w-45.jpg,https://www.gemeinde-merching.de/wp-content/gallery/merchinger-advent/w-45.jpg,image,True,201066,c3f46e166846eab1637b616a231ca03cf575c71281166bd53a54c0353d919baf,gallery:5,True,not verified,,,,,,,
ngg:129,Impressionen vom Bürgerball 2024,wp-content/gallery/2024-buergerball/6.JPG,https://www.gemeinde-merching.de/wp-content/gallery/2024-buergerball/6.JPG,image,True,2721499,a6694cf0ea4630bf0eeb81b29e06e73db48fd7160a58564c3e67bc1033bf4705,gallery:6,True,not verified,,,,,,,
ngg:130,Impressionen vom Bürgerball 2024,wp-content/gallery/2024-buergerball/2.jpg,https://www.gemeinde-merching.de/wp-content/gallery/2024-buergerball/2.jpg,image,True,5547519,a8f7f56d96290702c8f993b55f71f3649700eeaab461a9f066bcc93ab6b39fd1,gallery:6,True,not verified,,,,,,,
ngg:131,Impressionen vom Bürgerball 2024,wp-content/gallery/2024-buergerball/3.JPG,https://www.gemeinde-merching.de/wp-content/gallery/2024-buergerball/3.JPG,image,True,5570560,de0e10f13f3fa45691a2be16da94742985421aae00326d28a3d0a8c6a25d234b,gallery:6,True,not verified,,,,,,,
ngg:132,Impressionen vom Bürgerball 2024,wp-content/gallery/2024-buergerball/4.JPG,https://www.gemeinde-merching.de/wp-content/gallery/2024-buergerball/4.JPG,image,True,2018750,c18d5eb4ba71b4e84a2e1e2539e27f200bef5da38ef76c654b5bbc4ca4da7f0d,gallery:6,True,not verified,,,,,,,
ngg:133,Impressionen vom Bürgerball 2024,wp-content/gallery/2024-buergerball/1.JPG,https://www.gemeinde-merching.de/wp-content/gallery/2024-buergerball/1.JPG,image,True,6422528,6a49dc1d4104c6d14931b50bb589cdc8c676a74e5486de532e1ed4674feafc6f,gallery:6,True,not verified,,,,,,,
ngg:134,Impressionen vom Bürgerball 2024,wp-content/gallery/2024-buergerball/7.JPG,https://www.gemeinde-merching.de/wp-content/gallery/2024-buergerball/7.JPG,image,True,6553600,8aed3bce93eeee0ce57c22b8b3f5f3166e21a79eb0b4d61702e4731b15c4b0d0,gallery:6,True,not verified,,,,,,,
ngg:135,Impressionen vom Bürgerball 2024,wp-content/gallery/2024-buergerball/8.JPG,https://www.gemeinde-merching.de/wp-content/gallery/2024-buergerball/8.JPG,image,True,4718592,1ecad6df5a04bfd56845136afe7444293dc72ac456204c77c292150c741dea59,gallery:6,True,not verified,,,,,,,
ngg:136,Impressionen vom Bürgerball 2024,wp-content/gallery/2024-buergerball/11.JPG,https://www.gemeinde-merching.de/wp-content/gallery/2024-buergerball/11.JPG,image,True,4395684,2b8e4982820dc5c1b93edaeecfdb3f58b3ff977f52f2d87829bd0f918f59a2aa,gallery:6,True,not verified,,,,,,,
ngg:137,Impressionen vom Bürgerball 2024,wp-content/gallery/2024-buergerball/10.JPG,https://www.gemeinde-merching.de/wp-content/gallery/2024-buergerball/10.JPG,image,True,5013504,4fc7ed530246c36027d9854bb1b59f25e59c533d78082ef90dbde023ffc854cd,gallery:6,True,not verified,,,,,,,
ngg:138,Impressionen vom Bürgerball 2024,wp-content/gallery/2024-buergerball/9.JPG,https://www.gemeinde-merching.de/wp-content/gallery/2024-buergerball/9.JPG,image,True,6389760,71f6e9d64e1ce1f37d50ab4ee66cc76ad27cdc0407363b2f66bd54557cb94bac,gallery:6,True,not verified,,,,,,,
ngg:139,Impressionen vom Bürgerball 2024,wp-content/gallery/2024-buergerball/12.JPG,https://www.gemeinde-merching.de/wp-content/gallery/2024-buergerball/12.JPG,image,True,7176192,c270625fdc39194282f3e35a28017af0502c577abdc8b426c4dc465df4716cbd,gallery:6,True,not verified,,,,,,,
ngg:140,Impressionen vom Bürgerball 2024,wp-content/gallery/2024-buergerball/13.JPG,https://www.gemeinde-merching.de/wp-content/gallery/2024-buergerball/13.JPG,image,True,5832704,c87366e4e2fe9df3c2e27a3f169ebfd782fb67122458aca71a6df23feb941177,gallery:6,True,not verified,,,,,,,
ngg:141,Impressionen vom Bürgerball 2024,wp-content/gallery/2024-buergerball/14.JPG,https://www.gemeinde-merching.de/wp-content/gallery/2024-buergerball/14.JPG,image,True,6488064,76a28d7de9023241ecb3056d361b97b56ad1fe9dcb40d516aef4d66c38490eab,gallery:6,True,not verified,,,,,,,
ngg:142,Impressionen vom Bürgerball 2024,wp-content/gallery/2024-buergerball/15.JPG,https://www.gemeinde-merching.de/wp-content/gallery/2024-buergerball/15.JPG,image,True,6553600,7f25a8f47f3dc3533d2cef95572e3fb81e160d70dab08fc876051ed492f277d6,gallery:6,True,not verified,,,,,,,
ngg:143,Impressionen vom Bürgerball 2024,wp-content/gallery/2024-buergerball/16.JPG,https://www.gemeinde-merching.de/wp-content/gallery/2024-buergerball/16.JPG,image,True,5931008,062736551c59dde01b7f7ebd3367fecf0afaba47b06c7882a04509619dc4434c,gallery:6,True,not verified,,,,,,,
ngg:144,Impressionen vom Bürgerball 2024,wp-content/gallery/2024-buergerball/21.jpg,https://www.gemeinde-merching.de/wp-content/gallery/2024-buergerball/21.jpg,image,True,4190375,c921ff98a46de968ad1a70e249c4048d0ffceead40827eeda706f2254c762be0,gallery:6,True,not verified,,,,,,,
ngg:145,Impressionen vom Bürgerball 2024,wp-content/gallery/2024-buergerball/20.JPG,https://www.gemeinde-merching.de/wp-content/gallery/2024-buergerball/20.JPG,image,True,5537792,724eae32b106a7c6ffdc95de776c3dd47681ed349af149533ec5a91079ad7667,gallery:6,True,not verified,,,,,,,
ngg:146,Impressionen vom Bürgerball 2024,wp-content/gallery/2024-buergerball/18.JPG,https://www.gemeinde-merching.de/wp-content/gallery/2024-buergerball/18.JPG,image,True,6717440,28ed20c6b53abcab1726ba936592613ed4079373af3ca9796ff9b6b2d4073a6c,gallery:6,True,not verified,,,,,,,
ngg:147,Impressionen vom Bürgerball 2024,wp-content/gallery/2024-buergerball/19.JPG,https://www.gemeinde-merching.de/wp-content/gallery/2024-buergerball/19.JPG,image,True,5472256,4ba3dc9dd180dd8494119270e11560ded55cfdfd3e3e37525590587cc6328b97,gallery:6,True,not verified,,,,,,,
ngg:148,Impressionen vom Bürgerball 2024,wp-content/gallery/2024-buergerball/17.JPG,https://www.gemeinde-merching.de/wp-content/gallery/2024-buergerball/17.JPG,image,True,7634944,826c317c8f389bf375a0b9765f8b6af8eee138978015a80abbef67cd9668b0d1,gallery:6,True,not verified,,,,,,,
ngg:149,Impressionen vom Bürgerball 2024,wp-content/gallery/2024-buergerball/DSC07311.JPG,https://www.gemeinde-merching.de/wp-content/gallery/2024-buergerball/DSC07311.JPG,image,True,6062080,551feb3e945aacfd86606159fb86403ff9c99ac71225e00707351a2c88ca6cf4,gallery:6,True,not verified,,,,,,,
ngg:150,Impressionen vom Bürgerball 2024,wp-content/gallery/2024-buergerball/DSC07298.JPG,https://www.gemeinde-merching.de/wp-content/gallery/2024-buergerball/DSC07298.JPG,image,True,4662271,21667193ba3b4a9590736cdabfded6cef412ab07ec2ef36e8c87688b422240ac,gallery:6,True,not verified,,,,,,,
ngg:151,Impressionen vom Bürgerball 2024,wp-content/gallery/2024-buergerball/DSC07299.JPG,https://www.gemeinde-merching.de/wp-content/gallery/2024-buergerball/DSC07299.JPG,image,True,6422528,6a49dc1d4104c6d14931b50bb589cdc8c676a74e5486de532e1ed4674feafc6f,gallery:6,True,not verified,,,,,,,
ngg:152,Impressionen vom Bürgerball 2024,wp-content/gallery/2024-buergerball/DSC07315.JPG,https://www.gemeinde-merching.de/wp-content/gallery/2024-buergerball/DSC07315.JPG,image,True,6324224,945e761bcab626135b1b4245459fb5bad6952c74d73a94f6edb95712b4cffb74,gallery:6,True,not verified,,,,,,,
ngg:153,Impressionen vom Bürgerball 2024,wp-content/gallery/2024-buergerball/DSC07310.JPG,https://www.gemeinde-merching.de/wp-content/gallery/2024-buergerball/DSC07310.JPG,image,True,5406720,31b1322a4a2dc4bc8d747879a50c6a841caff0907477cba020d2db1804188014,gallery:6,True,not verified,,,,,,,
ngg:154,Impressionen vom Bürgerball 2024,wp-content/gallery/2024-buergerball/DSC07309.JPG,https://www.gemeinde-merching.de/wp-content/gallery/2024-buergerball/DSC07309.JPG,image,True,5898240,677210d13353e7c3c58a2232ce14cdb2d217bc6c24d2d7ec790220aa92fe628f,gallery:6,True,not verified,,,,,,,
ngg:155,Impressionen vom Bürgerball 2024,wp-content/gallery/2024-buergerball/DSC07317.JPG,https://www.gemeinde-merching.de/wp-content/gallery/2024-buergerball/DSC07317.JPG,image,True,6258688,fbac9c14fb6a97e365b3fa67defbc422150f100346ace9a9f3fd5db5d8378f00,gallery:6,True,not verified,,,,,,,
ngg:156,Impressionen vom Bürgerball 2024,wp-content/gallery/2024-buergerball/DSC07318.JPG,https://www.gemeinde-merching.de/wp-content/gallery/2024-buergerball/DSC07318.JPG,image,True,5767168,cc7471697e9d6af45dfacc457b742fa5eb9290e7cbe363e9c5d6765679c78729,gallery:6,True,not verified,,,,,,,
ngg:157,Impressionen vom Bürgerball 2024,wp-content/gallery/2024-buergerball/DSC07320.JPG,https://www.gemeinde-merching.de/wp-content/gallery/2024-buergerball/DSC07320.JPG,image,True,6127616,57dd1ad807c12beb263555675f8d82440910e72365718a29b9dc4f448bfb9f16,gallery:6,True,not verified,,,,,,,
ngg:158,Impressionen vom Bürgerball 2024,wp-content/gallery/2024-buergerball/DSC07319.JPG,https://www.gemeinde-merching.de/wp-content/gallery/2024-buergerball/DSC07319.JPG,image,True,6225920,11c2fb85291b6445a7c34c99bf9ced8caac631738bf2c24d79a1791f99789167,gallery:6,True,not verified,,,,,,,
ngg:159,Impressionen vom Bürgerball 2024,wp-content/gallery/2024-buergerball/DSC07321.JPG,https://www.gemeinde-merching.de/wp-content/gallery/2024-buergerball/DSC07321.JPG,image,True,6422528,70356ef30a05a8f72f1002eaa58c25aa805c6a683208621085e484c8fb3f5912,gallery:6,True,not verified,,,,,,,
ngg:160,Impressionen vom Bürgerball 2024,wp-content/gallery/2024-buergerball/DSC07325.JPG,https://www.gemeinde-merching.de/wp-content/gallery/2024-buergerball/DSC07325.JPG,image,False,,,gallery:6,True,not verified,,,,,,,
ngg:161,Impressionen vom Bürgerball 2024,wp-content/gallery/2024-buergerball/DSC07322.JPG,https://www.gemeinde-merching.de/wp-content/gallery/2024-buergerball/DSC07322.JPG,image,True,6356992,0fbde41df7111da96c12a324177aae20d4ec2425c58a9a5af3570d385e280806,gallery:6,True,not verified,,,,,,,
ngg:162,Impressionen vom Bürgerball 2024,wp-content/gallery/2024-buergerball/DSC07333.JPG,https://www.gemeinde-merching.de/wp-content/gallery/2024-buergerball/DSC07333.JPG,image,True,6881280,b73b94c45fe4c6dbc69b86dfaebc9eae0b20d1bb543685cd6ebf5d2e7f661894,gallery:6,True,not verified,,,,,,,
ngg:163,Impressionen vom Bürgerball 2024,wp-content/gallery/2024-buergerball/DSC07336.JPG,https://www.gemeinde-merching.de/wp-content/gallery/2024-buergerball/DSC07336.JPG,image,True,6291456,509b465bb326c8a329507026859a363182b0f71e23cd2ae80276d3b03de94771,gallery:6,True,not verified,,,,,,,
ngg:164,Impressionen vom Bürgerball 2024,wp-content/gallery/2024-buergerball/DSC07337.JPG,https://www.gemeinde-merching.de/wp-content/gallery/2024-buergerball/DSC07337.JPG,image,True,6291456,d1ee0c689aeb897b2e52fd3e94034493e99335bd94b3d5720823ea2be7e87117,gallery:6,True,not verified,,,,,,,
ngg:165,Impressionen vom Bürgerball 2024,wp-content/gallery/2024-buergerball/DSC07342.JPG,https://www.gemeinde-merching.de/wp-content/gallery/2024-buergerball/DSC07342.JPG,image,True,4915200,d9d5209d5afd79e5f269e225e57d9d39a7659b676f7ab0c4659bd173b7631223,gallery:6,True,not verified,,,,,,,
ngg:166,Impressionen vom Bürgerball 2024,wp-content/gallery/2024-buergerball/DSC07351.JPG,https://www.gemeinde-merching.de/wp-content/gallery/2024-buergerball/DSC07351.JPG,image,True,5668864,9edfd23d2777a9d0b05f4046fbe2e556a2fe87a86d48efb66b039ba223441285,gallery:6,True,not verified,,,,,,,
ngg:167,Impressionen vom Bürgerball 2024,wp-content/gallery/2024-buergerball/DSC07346.JPG,https://www.gemeinde-merching.de/wp-content/gallery/2024-buergerball/DSC07346.JPG,image,True,5079040,92e8b159fe1f7cce7760aedbf3921e87e7f4003c4115c59d5cfec06908a5bae7,gallery:6,True,not verified,,,,,,,
ngg:168,Impressionen vom Bürgerball 2024,wp-content/gallery/2024-buergerball/DSC07338.JPG,https://www.gemeinde-merching.de/wp-content/gallery/2024-buergerball/DSC07338.JPG,image,True,6553600,cd35f9ddcf4fbf3f70909ba6255f05f1288d3b6ec506dca2d751146c9ffd5209,gallery:6,True,not verified,,,,,,,
ngg:169,Impressionen vom Bürgerball 2024,wp-content/gallery/2024-buergerball/DSC07356.JPG,https://www.gemeinde-merching.de/wp-content/gallery/2024-buergerball/DSC07356.JPG,image,True,4653056,5a40a7ce83470d401f2b177177f500edb71bd99ce4937f40eaaef07fec3b2f5b,gallery:6,True,not verified,,,,,,,
ngg:170,Impressionen vom Bürgerball 2024,wp-content/gallery/2024-buergerball/DSC07358.JPG,https://www.gemeinde-merching.de/wp-content/gallery/2024-buergerball/DSC07358.JPG,image,True,5767168,d1436b101f0164058eb3ab76a8748e1f88a76310531fa618c20c3bb0a9374b0c,gallery:6,True,not verified,,,,,,,
ngg:171,Impressionen vom Bürgerball 2024,wp-content/gallery/2024-buergerball/DSC07359.JPG,https://www.gemeinde-merching.de/wp-content/gallery/2024-buergerball/DSC07359.JPG,image,True,5341184,e63cb511270bbd71f326fba3fabd6f0f29c38a15dcded53ab613e8d96419813d,gallery:6,True,not verified,,,,,,,
ngg:172,Impressionen vom Bürgerball 2024,wp-content/gallery/2024-buergerball/DSC07361.JPG,https://www.gemeinde-merching.de/wp-content/gallery/2024-buergerball/DSC07361.JPG,image,True,2533015,b38627987b137ae9d112395efdea5b2dfe814f97fcecd531c4e656fbadec6d89,gallery:6,True,not verified,,,,,,,
ngg:173,Impressionen vom Bürgerball 2024,wp-content/gallery/2024-buergerball/DSC07362.JPG,https://www.gemeinde-merching.de/wp-content/gallery/2024-buergerball/DSC07362.JPG,image,True,2510211,2169cffda88251d8e61d06351d94c06a7f7ec2dbe8e941a052be5fa9698bc5ad,gallery:6,True,not verified,,,,,,,
ngg:174,Impressionen vom Bürgerball 2024,wp-content/gallery/2024-buergerball/DSC07365.JPG,https://www.gemeinde-merching.de/wp-content/gallery/2024-buergerball/DSC07365.JPG,image,True,2130086,4056329402ed3d5bf371a47f1142ff689c8269d25edc2f3a298d827da821bf84,gallery:6,True,not verified,,,,,,,
ngg:175,Impressionen vom Bürgerball 2024,wp-content/gallery/2024-buergerball/DSC07364.JPG,https://www.gemeinde-merching.de/wp-content/gallery/2024-buergerball/DSC07364.JPG,image,True,5832704,479d8e39153fb51d9f9f13149b2438da46556322c4ab63d1c79daeeb0e204736,gallery:6,True,not verified,,,,,,,
ngg:176,Impressionen vom Bürgerball 2024,wp-content/gallery/2024-buergerball/DSC07367.JPG,https://www.gemeinde-merching.de/wp-content/gallery/2024-buergerball/DSC07367.JPG,image,True,6553600,8aed3bce93eeee0ce57c22b8b3f5f3166e21a79eb0b4d61702e4731b15c4b0d0,gallery:6,True,not verified,,,,,,,
ngg:177,Impressionen vom Bürgerball 2024,wp-content/gallery/2024-buergerball/DSC07366.JPG,https://www.gemeinde-merching.de/wp-content/gallery/2024-buergerball/DSC07366.JPG,image,True,2703334,90a3facc6a71f97a56d9dbdd48d178e9f20489659902458de15aa2a4eab71b56,gallery:6,True,not verified,,,,,,,
ngg:178,Impressionen vom Bürgerball 2024,wp-content/gallery/2024-buergerball/DSC07369.JPG,https://www.gemeinde-merching.de/wp-content/gallery/2024-buergerball/DSC07369.JPG,image,True,4227072,54538f061e05bc3a7abbed8ab19759e891e07fba10a5f253ca261e67b994cca8,gallery:6,True,not verified,,,,,,,
ngg:179,Impressionen vom Bürgerball 2024,wp-content/gallery/2024-buergerball/DSC07370.JPG,https://www.gemeinde-merching.de/wp-content/gallery/2024-buergerball/DSC07370.JPG,image,True,4587520,a2884caf39a9bf9feaa313af864a5b945cf04f5a4941d0de4c8fafdefe57aaa5,gallery:6,True,not verified,,,,,,,
ngg:180,Impressionen vom Bürgerball 2024,wp-content/gallery/2024-buergerball/DSC07410.JPG,https://www.gemeinde-merching.de/wp-content/gallery/2024-buergerball/DSC07410.JPG,image,True,2975426,9cc3ff0f25c00f1c60e5f6f38f10851768f228d521764b4c7f03012f88f9b6f6,gallery:6,True,not verified,,,,,,,
ngg:181,Impressionen vom Bürgerball 2024,wp-content/gallery/2024-buergerball/DSC07405.JPG,https://www.gemeinde-merching.de/wp-content/gallery/2024-buergerball/DSC07405.JPG,image,True,2329293,247810a70cdc7c9e9ba50bc8fb93888926b546f0580661767565d6ec29a12402,gallery:6,True,not verified,,,,,,,
ngg:182,Impressionen vom Bürgerball 2024,wp-content/gallery/2024-buergerball/DSC07408.JPG,https://www.gemeinde-merching.de/wp-content/gallery/2024-buergerball/DSC07408.JPG,image,True,4620288,73e62338a9b516f2e3fbe303b06cf15d2559a15409b0020b6d90421cff602081,gallery:6,True,not verified,,,,,,,
ngg:183,Impressionen vom Bürgerball 2024,wp-content/gallery/2024-buergerball/DSC07409.JPG,https://www.gemeinde-merching.de/wp-content/gallery/2024-buergerball/DSC07409.JPG,image,True,4620288,fc3f3c4ae2c4c0dc53e0d45ee862b9b620bdeba05d872348a079ab2653f8f79b,gallery:6,True,not verified,,,,,,,
ngg:184,Impressionen vom Bürgerball 2024,wp-content/gallery/2024-buergerball/DSC07407.JPG,https://www.gemeinde-merching.de/wp-content/gallery/2024-buergerball/DSC07407.JPG,image,True,6389760,71f6e9d64e1ce1f37d50ab4ee66cc76ad27cdc0407363b2f66bd54557cb94bac,gallery:6,True,not verified,,,,,,,
ngg:185,Impressionen vom Bürgerball 2024,wp-content/gallery/2024-buergerball/DSC07406.JPG,https://www.gemeinde-merching.de/wp-content/gallery/2024-buergerball/DSC07406.JPG,image,True,5406720,bb2aa2255e2a1ec07dfcaf108baca507641416a574def811a6380c10e1624f0e,gallery:6,True,not verified,,,,,,,
ngg:186,Impressionen vom Bürgerball 2024,wp-content/gallery/2024-buergerball/DSC07411.JPG,https://www.gemeinde-merching.de/wp-content/gallery/2024-buergerball/DSC07411.JPG,image,True,6782976,b0343fd875321accb9749c5c06c2586fc947ed6e4b909f2d3b6d1c96b9d68939,gallery:6,True,not verified,,,,,,,
ngg:187,Impressionen vom Bürgerball 2024,wp-content/gallery/2024-buergerball/DSC07413.JPG,https://www.gemeinde-merching.de/wp-content/gallery/2024-buergerball/DSC07413.JPG,image,True,7110656,0d0c909cc218b9e08021495596a14598d8b88109632220714f06baa517fee7e2,gallery:6,True,not verified,,,,,,,
ngg:188,Impressionen vom Bürgerball 2024,wp-content/gallery/2024-buergerball/DSC07419.JPG,https://www.gemeinde-merching.de/wp-content/gallery/2024-buergerball/DSC07419.JPG,image,True,3128739,b66baa3642acfdf955b7e3e6d4538c1946cf0ce01fc0e98650b976d7c0916e40,gallery:6,True,not verified,,,,,,,
ngg:189,Impressionen vom Bürgerball 2024,wp-content/gallery/2024-buergerball/DSC07415.JPG,https://www.gemeinde-merching.de/wp-content/gallery/2024-buergerball/DSC07415.JPG,image,True,3844331,e57f55acaede41793b12479b9ed0cff51cced3f6c63e4fa0f84d584f69a4c568,gallery:6,True,not verified,,,,,,,
ngg:190,Impressionen vom Bürgerball 2024,wp-content/gallery/2024-buergerball/DSC07416.JPG,https://www.gemeinde-merching.de/wp-content/gallery/2024-buergerball/DSC07416.JPG,image,True,7471104,160e78d27f5f0a8c29e400094f940ddf4abc892156a379c757e74415dacbcbb3,gallery:6,True,not verified,,,,,,,
ngg:191,Impressionen vom Bürgerball 2024,wp-content/gallery/2024-buergerball/DSC07418.JPG,https://www.gemeinde-merching.de/wp-content/gallery/2024-buergerball/DSC07418.JPG,image,True,6651904,54b2a43a50dda1c90a7e57c52b89e47172b848f5a5ec976664eec770b547eecf,gallery:6,True,not verified,,,,,,,
ngg:192,Impressionen vom Bürgerball 2024,wp-content/gallery/2024-buergerball/DSC07423.JPG,https://www.gemeinde-merching.de/wp-content/gallery/2024-buergerball/DSC07423.JPG,image,True,5996544,3c83c98779cb7bc7da1f8cdbec176435c5e213fe5dcb71d82eb9b74e275a3a9b,gallery:6,True,not verified,,,,,,,
ngg:193,Impressionen vom Bürgerball 2024,wp-content/gallery/2024-buergerball/DSC07435.JPG,https://www.gemeinde-merching.de/wp-content/gallery/2024-buergerball/DSC07435.JPG,image,True,2262197,ee2ee4e04cf017444c273229f122db48add5b6e75216ce67564b23c0ed27c7ad,gallery:6,True,not verified,,,,,,,
ngg:194,Impressionen vom Bürgerball 2024,wp-content/gallery/2024-buergerball/DSC07438.JPG,https://www.gemeinde-merching.de/wp-content/gallery/2024-buergerball/DSC07438.JPG,image,True,2080666,a389022c0e19e5a4f4db25b40795e720f83c6b65fcdcab804e8999ba45477fbc,gallery:6,True,not verified,,,,,,,
ngg:195,Impressionen vom Bürgerball 2024,wp-content/gallery/2024-buergerball/DSC07449.JPG,https://www.gemeinde-merching.de/wp-content/gallery/2024-buergerball/DSC07449.JPG,image,True,2243725,c9f3f4a309b4b6661b14b1cb7f305639002c20965479fef3426f2571de6610aa,gallery:6,True,not verified,,,,,,,
ngg:196,Impressionen vom Bürgerball 2024,wp-content/gallery/2024-buergerball/DSC07371.JPG,https://www.gemeinde-merching.de/wp-content/gallery/2024-buergerball/DSC07371.JPG,image,True,4653056,b5b8b301edf262659f33d585f59a9d8d7118075a05d6a5f7e2c57f6dc657e36d,gallery:6,True,not verified,,,,,,,
ngg:197,Impressionen vom Bürgerball 2024,wp-content/gallery/2024-buergerball/DSC07444.JPG,https://www.gemeinde-merching.de/wp-content/gallery/2024-buergerball/DSC07444.JPG,image,True,2284655,db55637a73dbaa8c6d55961f5a6924079ac4133b0bff54b9236106e6185c895f,gallery:6,True,not verified,,,,,,,
ngg:198,Impressionen vom Bürgerball 2024,wp-content/gallery/2024-buergerball/DSC07450.JPG,https://www.gemeinde-merching.de/wp-content/gallery/2024-buergerball/DSC07450.JPG,image,True,2355905,f3d8f4539f642f8e92195c894246f45c29e44a94673ba6189b93632b74f24074,gallery:6,True,not verified,,,,,,,
ngg:199,Impressionen vom Bürgerball 2024,wp-content/gallery/2024-buergerball/DSC07374.JPG,https://www.gemeinde-merching.de/wp-content/gallery/2024-buergerball/DSC07374.JPG,image,True,4456448,768e631751da086efb29466ccf8d3c0108b097c5fdc94ffc1eedea78e8872697,gallery:6,True,not verified,,,,,,,
ngg:200,Impressionen vom Bürgerball 2024,wp-content/gallery/2024-buergerball/DSC07382.JPG,https://www.gemeinde-merching.de/wp-content/gallery/2024-buergerball/DSC07382.JPG,image,True,1879585,42de34892b572ac924955c809540a06ba54242a8fa9c6024b8bd18f3b124dc8b,gallery:6,True,not verified,,,,,,,
ngg:201,Impressionen vom Bürgerball 2024,wp-content/gallery/2024-buergerball/DSC07386.JPG,https://www.gemeinde-merching.de/wp-content/gallery/2024-buergerball/DSC07386.JPG,image,True,6160384,6ae8612a482db2d1940b8be15421bbad17202030c84f93d0b889da5c65a51ad7,gallery:6,True,not verified,,,,,,,
ngg:202,Impressionen vom Bürgerball 2024,wp-content/gallery/2024-buergerball/DSC07387.JPG,https://www.gemeinde-merching.de/wp-content/gallery/2024-buergerball/DSC07387.JPG,image,True,3107897,19329be8f7df7d185fa636d31e321b2bd4155552db6cba42a9de9495df845e7c,gallery:6,True,not verified,,,,,,,
ngg:203,Impressionen vom Bürgerball 2024,wp-content/gallery/2024-buergerball/DSC07389.JPG,https://www.gemeinde-merching.de/wp-content/gallery/2024-buergerball/DSC07389.JPG,image,True,5341184,744e000904e57d7b1a2b4c6775d3b35b557a1bdb464fe6888bdacaace0c731e7,gallery:6,True,not verified,,,,,,,
ngg:204,Impressionen vom Bürgerball 2024,wp-content/gallery/2024-buergerball/DSC07388.JPG,https://www.gemeinde-merching.de/wp-content/gallery/2024-buergerball/DSC07388.JPG,image,True,4369734,7b0f4746302138740000de6c197e2d11ad769b5c8a823256061cc1651bcfae8c,gallery:6,True,not verified,,,,,,,
ngg:205,Impressionen vom Bürgerball 2024,wp-content/gallery/2024-buergerball/DSC07393.JPG,https://www.gemeinde-merching.de/wp-content/gallery/2024-buergerball/DSC07393.JPG,image,True,2186272,e77dc3fa254173ebd120c1c9f98a30d60995f707e32aa2bd61429047ad54c8b3,gallery:6,True,not verified,,,,,,,
ngg:206,Impressionen vom Bürgerball 2024,wp-content/gallery/2024-buergerball/DSC07394.JPG,https://www.gemeinde-merching.de/wp-content/gallery/2024-buergerball/DSC07394.JPG,image,True,1952808,3e74bfa9fd1a26e51e5a9cf3529b83e456eef994ab43f8abd5e2b561f6dc8731,gallery:6,True,not verified,,,,,,,
ngg:207,Impressionen vom Bürgerball 2024,wp-content/gallery/2024-buergerball/DSC07390.JPG,https://www.gemeinde-merching.de/wp-content/gallery/2024-buergerball/DSC07390.JPG,image,True,2273099,0d3409ace3599752886cff6d8388490836bd25de2713102b3db4e9ef02f937c9,gallery:6,True,not verified,,,,,,,
ngg:208,Impressionen vom Bürgerball 2024,wp-content/gallery/2024-buergerball/DSC07395.JPG,https://www.gemeinde-merching.de/wp-content/gallery/2024-buergerball/DSC07395.JPG,image,True,2098299,0fc889229345aba010245a8ec968d2d9b3eacd3efdf4d460335be20cdb8a2a31,gallery:6,True,not verified,,,,,,,
ngg:209,Impressionen vom Bürgerball 2024,wp-content/gallery/2024-buergerball/DSC07398.JPG,https://www.gemeinde-merching.de/wp-content/gallery/2024-buergerball/DSC07398.JPG,image,True,1572584,a7d40521745e68e0c3b5acb75534308c8b745586712cb7de961a85ece994b25a,gallery:6,True,not verified,,,,,,,
ngg:210,Impressionen vom Bürgerball 2024,wp-content/gallery/2024-buergerball/DSC07400.JPG,https://www.gemeinde-merching.de/wp-content/gallery/2024-buergerball/DSC07400.JPG,image,True,2018750,c18d5eb4ba71b4e84a2e1e2539e27f200bef5da38ef76c654b5bbc4ca4da7f0d,gallery:6,True,not verified,,,,,,,
ngg:211,Impressionen vom Bürgerball 2024,wp-content/gallery/2024-buergerball/DSC07404.JPG,https://www.gemeinde-merching.de/wp-content/gallery/2024-buergerball/DSC07404.JPG,image,True,2376961,fe5f428df6a54373018c0a7cf147e091c457ce991a85d7c1a5f411d4378998b6,gallery:6,True,not verified,,,,,,,
ngg:212,Impressionen vom Bürgerball 2024,wp-content/gallery/2024-buergerball/DSC07401.JPG,https://www.gemeinde-merching.de/wp-content/gallery/2024-buergerball/DSC07401.JPG,image,True,2721499,a6694cf0ea4630bf0eeb81b29e06e73db48fd7160a58564c3e67bc1033bf4705,gallery:6,True,not verified,,,,,,,
ngg:213,Impressionen vom Bürgerball 2024,wp-content/gallery/2024-buergerball/DSC07476.JPG,https://www.gemeinde-merching.de/wp-content/gallery/2024-buergerball/DSC07476.JPG,image,True,8159232,1c6a4db12c7483076437c04326191d72f1b08667f2e1f82b0e6b8bac9b42f6e2,gallery:6,True,not verified,,,,,,,
ngg:214,Impressionen vom Bürgerball 2024,wp-content/gallery/2024-buergerball/DSC07481.JPG,https://www.gemeinde-merching.de/wp-content/gallery/2024-buergerball/DSC07481.JPG,image,True,3434525,bc809c4cfe7e2462e8e70a9e5aa9f47364645eb1498e70a7fc568a0965806c4a,gallery:6,True,not verified,,,,,,,
ngg:215,Impressionen vom Bürgerball 2024,wp-content/gallery/2024-buergerball/DSC07482.JPG,https://www.gemeinde-merching.de/wp-content/gallery/2024-buergerball/DSC07482.JPG,image,True,3298324,b2f33dd3dc7e8af9be0070ff78d2b53d90cfe48428898f7bb0a4e20e5f04144e,gallery:6,True,not verified,,,,,,,
ngg:216,Impressionen vom Bürgerball 2024,wp-content/gallery/2024-buergerball/DSC07480.JPG,https://www.gemeinde-merching.de/wp-content/gallery/2024-buergerball/DSC07480.JPG,image,True,3237243,19c41dd35eda1cb2e5408920b5fab2fe419c377776e2e9f892b602de7ff25948,gallery:6,True,not verified,,,,,,,
ngg:217,Impressionen vom Bürgerball 2024,wp-content/gallery/2024-buergerball/DSC07484.JPG,https://www.gemeinde-merching.de/wp-content/gallery/2024-buergerball/DSC07484.JPG,image,True,3648788,951f8e3780b3aa9735f063a928aa055b391b941327d9ad586278f3cc4ffcc693,gallery:6,True,not verified,,,,,,,
ngg:218,Impressionen vom Bürgerball 2024,wp-content/gallery/2024-buergerball/DSC07473.JPG,https://www.gemeinde-merching.de/wp-content/gallery/2024-buergerball/DSC07473.JPG,image,True,9273344,79bfcd33d74fb1a817a8536ef511bf94cc88a67d70e7ea124e8b2369de507556,gallery:6,True,not verified,,,,,,,
ngg:219,Impressionen vom Bürgerball 2024,wp-content/gallery/2024-buergerball/DSC07488.JPG,https://www.gemeinde-merching.de/wp-content/gallery/2024-buergerball/DSC07488.JPG,image,True,10518528,6d41afe035992487d3946fc7990ea716a9e44bb186a8e810f61d2f4e716f2442,gallery:6,True,not verified,,,,,,,
ngg:220,Impressionen vom Bürgerball 2024,wp-content/gallery/2024-buergerball/DSC07486.JPG,https://www.gemeinde-merching.de/wp-content/gallery/2024-buergerball/DSC07486.JPG,image,True,8257536,f4283c3f4decca2b4ecedbfc076a60742f71b8d5d7efb6beb3f5ba4a553f23c1,gallery:6,True,not verified,,,,,,,
ngg:221,Impressionen vom Bürgerball 2024,wp-content/gallery/2024-buergerball/DSC07492.JPG,https://www.gemeinde-merching.de/wp-content/gallery/2024-buergerball/DSC07492.JPG,image,True,8749056,60586cb1b416ae4e2dd4e9d245058e9bd1829aba5f9513be5ef31b876a9d5bfa,gallery:6,True,not verified,,,,,,,
ngg:222,Impressionen vom Bürgerball 2024,wp-content/gallery/2024-buergerball/DSC07491.JPG,https://www.gemeinde-merching.de/wp-content/gallery/2024-buergerball/DSC07491.JPG,image,True,11272192,25463b845d096f0244086132fb12df547eac1973a2511db4e1e9f410068e7841,gallery:6,True,not verified,,,,,,,
ngg:223,Impressionen vom Bürgerball 2024,wp-content/gallery/2024-buergerball/DSC07493.JPG,https://www.gemeinde-merching.de/wp-content/gallery/2024-buergerball/DSC07493.JPG,image,True,6946816,d5a02b0549a3a828642f9b4702412a24b207a99a86f89a2fca252013c1c311d7,gallery:6,True,not verified,,,,,,,
ngg:224,Impressionen vom Bürgerball 2024,wp-content/gallery/2024-buergerball/DSC07490.JPG,https://www.gemeinde-merching.de/wp-content/gallery/2024-buergerball/DSC07490.JPG,image,True,11436032,0f18082686b1176e57b9e9b414c12f5afaf5679dc2f0b946aa9998bc7c3490e0,gallery:6,True,not verified,,,,,,,
ngg:225,Impressionen vom Bürgerball 2024,wp-content/gallery/2024-buergerball/DSC07489.JPG,https://www.gemeinde-merching.de/wp-content/gallery/2024-buergerball/DSC07489.JPG,image,True,11796480,06abad42a44b8d71d89d8a23ccb38234378e316dea101b19b69e445cdeb88957,gallery:6,True,not verified,,,,,,,
ngg:226,Impressionen vom Bürgerball 2024,wp-content/gallery/2024-buergerball/DSC07494.JPG,https://www.gemeinde-merching.de/wp-content/gallery/2024-buergerball/DSC07494.JPG,image,True,7176192,c270625fdc39194282f3e35a28017af0502c577abdc8b426c4dc465df4716cbd,gallery:6,True,not verified,,,,,,,
ngg:227,Impressionen vom Bürgerball 2024,wp-content/gallery/2024-buergerball/DSC07496.JPG,https://www.gemeinde-merching.de/wp-content/gallery/2024-buergerball/DSC07496.JPG,image,True,7667712,5816b1079c6297f00fe142273826817b9e271e772018b69346964f3bc91335b5,gallery:6,True,not verified,,,,,,,
ngg:228,Impressionen vom Bürgerball 2024,wp-content/gallery/2024-buergerball/DSC07502.JPG,https://www.gemeinde-merching.de/wp-content/gallery/2024-buergerball/DSC07502.JPG,image,True,7274496,86658415d9ac04e6b13982337728e88eb9e645627cd044e38343caf43b7f1905,gallery:6,True,not verified,,,,,,,
ngg:229,Impressionen vom Bürgerball 2024,wp-content/gallery/2024-buergerball/DSC07497.JPG,https://www.gemeinde-merching.de/wp-content/gallery/2024-buergerball/DSC07497.JPG,image,True,8683520,132263604f9d44111338b85ec92d38c0deab7a35f9de3fe322d14aa813ab9d24,gallery:6,True,not verified,,,,,,,
ngg:230,Impressionen vom Bürgerball 2024,wp-content/gallery/2024-buergerball/DSC07503.JPG,https://www.gemeinde-merching.de/wp-content/gallery/2024-buergerball/DSC07503.JPG,image,True,7274496,d24ddf7725b1f8767690425d68019215df945102ea55f4f54eed5d57cb2652a2,gallery:6,True,not verified,,,,,,,
ngg:231,Impressionen vom Bürgerball 2024,wp-content/gallery/2024-buergerball/DSC07504.JPG,https://www.gemeinde-merching.de/wp-content/gallery/2024-buergerball/DSC07504.JPG,image,True,7307264,e7586f6a346a2f6bd6cc0bda3553b95fac9e6e4b84d84b2084f1f531b05029a9,gallery:6,True,not verified,,,,,,,
ngg:232,Impressionen vom Bürgerball 2024,wp-content/gallery/2024-buergerball/DSC07505.JPG,https://www.gemeinde-merching.de/wp-content/gallery/2024-buergerball/DSC07505.JPG,image,True,6619136,574a510c3e061aa6498038a024da23c2c7537055123591c035f6f1401353f21e,gallery:6,True,not verified,,,,,,,
ngg:233,Impressionen vom Bürgerball 2024,wp-content/gallery/2024-buergerball/DSC07508.JPG,https://www.gemeinde-merching.de/wp-content/gallery/2024-buergerball/DSC07508.JPG,image,True,6029312,9d96b2c3464a8f495e2f4d55ccdd64cb61e0c5988ee5969c3199752a50618671,gallery:6,True,not verified,,,,,,,
ngg:234,Impressionen vom Bürgerball 2024,wp-content/gallery/2024-buergerball/DSC07521.JPG,https://www.gemeinde-merching.de/wp-content/gallery/2024-buergerball/DSC07521.JPG,image,True,4718592,1ecad6df5a04bfd56845136afe7444293dc72ac456204c77c292150c741dea59,gallery:6,True,not verified,,,,,,,
ngg:235,Impressionen vom Bürgerball 2024,wp-content/gallery/2024-buergerball/DSC07506.JPG,https://www.gemeinde-merching.de/wp-content/gallery/2024-buergerball/DSC07506.JPG,image,True,7995392,f6842cfde73012af5d8403374404d90d592d97a46e36edce66d4a1b49e954b97,gallery:6,True,not verified,,,,,,,
ngg:236,Impressionen vom Bürgerball 2024,wp-content/gallery/2024-buergerball/DSC07524.JPG,https://www.gemeinde-merching.de/wp-content/gallery/2024-buergerball/DSC07524.JPG,image,True,3932160,cb3e0edb8e29e00327e1b07a6be4eeab36877fadb07319b970a00ed8089d2a4b,gallery:6,True,not verified,,,,,,,
ngg:237,Impressionen vom Bürgerball 2024,wp-content/gallery/2024-buergerball/DSC07522.JPG,https://www.gemeinde-merching.de/wp-content/gallery/2024-buergerball/DSC07522.JPG,image,True,4587520,fc2e576b746ce23a89a83941c4bdf61c37ffdbbc08674bed8074c2d73dde6273,gallery:6,True,not verified,,,,,,,
ngg:238,Impressionen vom Bürgerball 2024,wp-content/gallery/2024-buergerball/DSC07525.JPG,https://www.gemeinde-merching.de/wp-content/gallery/2024-buergerball/DSC07525.JPG,image,True,4030464,abf8b047b04b54df797da49525e49e0c5fe195b699d7c007689d51c00ea89e65,gallery:6,True,not verified,,,,,,,
ngg:239,Impressionen vom Bürgerball 2024,wp-content/gallery/2024-buergerball/DSC07451.JPG,https://www.gemeinde-merching.de/wp-content/gallery/2024-buergerball/DSC07451.JPG,image,True,4587520,8cd9fc0b49ef1b6244087b2e5e802482efac549d7a469b4a7be10022e63ae7d1,gallery:6,True,not verified,,,,,,,
ngg:240,Impressionen vom Bürgerball 2024,wp-content/gallery/2024-buergerball/DSC07452.JPG,https://www.gemeinde-merching.de/wp-content/gallery/2024-buergerball/DSC07452.JPG,image,True,4554752,64d294083eeded3230955232360b7fc297437b1937bacbd45126f7f0b1562066,gallery:6,True,not verified,,,,,,,
ngg:241,Impressionen vom Bürgerball 2024,wp-content/gallery/2024-buergerball/DSC07455.JPG,https://www.gemeinde-merching.de/wp-content/gallery/2024-buergerball/DSC07455.JPG,image,True,5734400,010e4167502784b8e26751007f3cc7cfed41ac11f081a941f74b28ad660e051c,gallery:6,True,not verified,,,,,,,
ngg:242,Impressionen vom Bürgerball 2024,wp-content/gallery/2024-buergerball/DSC07454.JPG,https://www.gemeinde-merching.de/wp-content/gallery/2024-buergerball/DSC07454.JPG,image,True,7929856,b7140405c2ff48b6f724340a119e46f95c71eaf2a631624851308b6260a2a5c5,gallery:6,True,not verified,,,,,,,
ngg:243,Impressionen vom Bürgerball 2024,wp-content/gallery/2024-buergerball/DSC07458.JPG,https://www.gemeinde-merching.de/wp-content/gallery/2024-buergerball/DSC07458.JPG,image,True,5013504,4fc7ed530246c36027d9854bb1b59f25e59c533d78082ef90dbde023ffc854cd,gallery:6,True,not verified,,,,,,,
ngg:244,Impressionen vom Bürgerball 2024,wp-content/gallery/2024-buergerball/DSC07456.JPG,https://www.gemeinde-merching.de/wp-content/gallery/2024-buergerball/DSC07456.JPG,image,True,4915200,dea0741635a1fb87c56b511f55ea66ff04772dbdecb77db904ce5658272fdaaf,gallery:6,True,not verified,,,,,,,
ngg:245,Impressionen vom Bürgerball 2024,wp-content/gallery/2024-buergerball/DSC07453.JPG,https://www.gemeinde-merching.de/wp-content/gallery/2024-buergerball/DSC07453.JPG,image,True,8749056,41157742556f4d52793d28b17df7a5bbcb5dc00365776e66dea59be674f1a1a7,gallery:6,True,not verified,,,,,,,
ngg:246,Impressionen vom Bürgerball 2024,wp-content/gallery/2024-buergerball/DSC07460.JPG,https://www.gemeinde-merching.de/wp-content/gallery/2024-buergerball/DSC07460.JPG,image,True,9666560,e81037d35e27e44f2090bd65241307c5dfb9941349997e0402da58430284d0ba,gallery:6,True,not verified,,,,,,,
ngg:247,Impressionen vom Bürgerball 2024,wp-content/gallery/2024-buergerball/DSC07462.JPG,https://www.gemeinde-merching.de/wp-content/gallery/2024-buergerball/DSC07462.JPG,image,True,3656500,cbb7f7437a0d90d2af8f812e5023b8b85b33559058af2bbbeed2c21af0d375d5,gallery:6,True,not verified,,,,,,,
ngg:248,Impressionen vom Bürgerball 2024,wp-content/gallery/2024-buergerball/DSC07461.JPG,https://www.gemeinde-merching.de/wp-content/gallery/2024-buergerball/DSC07461.JPG,image,True,9273344,4b0c94c1dfb2c200e46cd8a5a73e7831350f54ad543f30abfb6ce7d5ba810d03,gallery:6,True,not verified,,,,,,,
ngg:249,Impressionen vom Bürgerball 2024,wp-content/gallery/2024-buergerball/DSC07463.JPG,https://www.gemeinde-merching.de/wp-content/gallery/2024-buergerball/DSC07463.JPG,image,True,9404416,ffbc3c49c687d1880cfbdbc8084d8685a312af86dfbdf3e0f24f575c9c440c74,gallery:6,True,not verified,,,,,,,
ngg:250,Impressionen vom Bürgerball 2024,wp-content/gallery/2024-buergerball/DSC07466.JPG,https://www.gemeinde-merching.de/wp-content/gallery/2024-buergerball/DSC07466.JPG,image,True,4395684,2b8e4982820dc5c1b93edaeecfdb3f58b3ff977f52f2d87829bd0f918f59a2aa,gallery:6,True,not verified,,,,,,,
ngg:251,Impressionen vom Bürgerball 2024,wp-content/gallery/2024-buergerball/DSC07465.JPG,https://www.gemeinde-merching.de/wp-content/gallery/2024-buergerball/DSC07465.JPG,image,True,8781824,a507946113d2e621e025a6f247bd98de67833b77970e6c3df3413991388b6714,gallery:6,True,not verified,,,,,,,
ngg:252,Impressionen vom Bürgerball 2024,wp-content/gallery/2024-buergerball/DSC07464.JPG,https://www.gemeinde-merching.de/wp-content/gallery/2024-buergerball/DSC07464.JPG,image,True,9338880,f825f2c0aaa15dced140495460ec7f79ed08c3bab71972ba1e9131e86754efa1,gallery:6,True,not verified,,,,,,,
ngg:253,Impressionen vom Bürgerball 2024,wp-content/gallery/2024-buergerball/DSC07467.JPG,https://www.gemeinde-merching.de/wp-content/gallery/2024-buergerball/DSC07467.JPG,image,True,10452992,1562be74a88ab45190c7866b7faa9dc69427d46d237e51aac4501ef6fd061e1b,gallery:6,True,not verified,,,,,,,
ngg:254,Impressionen vom Bürgerball 2024,wp-content/gallery/2024-buergerball/DSC07468.JPG,https://www.gemeinde-merching.de/wp-content/gallery/2024-buergerball/DSC07468.JPG,image,True,10321920,d0fc1de2f52759d7c1c569b321e798b8accbd74da88595c04514e05c50f3711a,gallery:6,True,not verified,,,,,,,
ngg:255,Impressionen vom Bürgerball 2024,wp-content/gallery/2024-buergerball/DSC07469.JPG,https://www.gemeinde-merching.de/wp-content/gallery/2024-buergerball/DSC07469.JPG,image,True,4005719,a4013658f5ea99c6ec6fb50b86049c1e8f8dd0ad88aa8b60000668459debe888,gallery:6,True,not verified,,,,,,,
ngg:256,Impressionen vom Bürgerball 2024,wp-content/gallery/2024-buergerball/DSC07470.JPG,https://www.gemeinde-merching.de/wp-content/gallery/2024-buergerball/DSC07470.JPG,image,True,9240576,8bcfeb446c2ebd948d48c3a5b66a139b7b406ddffa4fde9d487e7348747dc845,gallery:6,True,not verified,,,,,,,
ngg:257,Impressionen vom Bürgerball 2024,wp-content/gallery/2024-buergerball/DSC07471.JPG,https://www.gemeinde-merching.de/wp-content/gallery/2024-buergerball/DSC07471.JPG,image,True,6782976,febc9f08f70d15e4c4df525ee8d0e5d6febdca359d8871f61d6db74613562108,gallery:6,True,not verified,,,,,,,
ngg:258,Initiator - Horst Ankner,wp-content/gallery/2024-krippenweg/1.jpg,https://www.gemeinde-merching.de/wp-content/gallery/2024-krippenweg/1.jpg,image,True,190561,a8803f033a60f9aac5ac45ec63fe4c373ecd92484a88074f49466fa6f99ab4b9,gallery:7,True,not verified,,,,,,,
ngg:259,Krippenweg - 2024,wp-content/gallery/2024-krippenweg/5.jpg,https://www.gemeinde-merching.de/wp-content/gallery/2024-krippenweg/5.jpg,image,True,2520633,9edfd9e835fc0084695b7386262e36f37434a9198e69cf7da0ca9238b6edf5a8,gallery:7,True,not verified,,,,,,,
ngg:260,Krippenweg - 2024,wp-content/gallery/2024-krippenweg/20240106_125929-002.jpg,https://www.gemeinde-merching.de/wp-content/gallery/2024-krippenweg/20240106_125929-002.jpg,image,True,207623,bc68c9a6c8e26c06d0c8b81c163d1a5541e316552cc890feac3d9cea6fd7856c,gallery:7,True,not verified,,,,,,,
ngg:261,Krippenweg - 2024,wp-content/gallery/2024-krippenweg/3.jpg,https://www.gemeinde-merching.de/wp-content/gallery/2024-krippenweg/3.jpg,image,True,186978,97e76c249c592bb9e728955d1b40a8ce84d6d3bae26a37e21c0b0e5cb2872e87,gallery:7,True,not verified,,,,,,,
ngg:262,Krippenweg - 2024,wp-content/gallery/2024-krippenweg/4.jpg,https://www.gemeinde-merching.de/wp-content/gallery/2024-krippenweg/4.jpg,image,True,332583,6ea48600d20b85e8ac29811294ca7b2d5df2f30c227164d487f8aa00d75204c2,gallery:7,True,not verified,,,,,,,
ngg:263,Krippenweg - 2024,wp-content/gallery/2024-krippenweg/20240106_130139.jpg,https://www.gemeinde-merching.de/wp-content/gallery/2024-krippenweg/20240106_130139.jpg,image,True,272330,52e3b6faa13244571e98f72cb1c1e0c4f620a156bdc64155ff37a23a99739c7f,gallery:7,True,not verified,,,,,,,
ngg:264,Krippenweg - 2024,wp-content/gallery/2024-krippenweg/2.jpg,https://www.gemeinde-merching.de/wp-content/gallery/2024-krippenweg/2.jpg,image,True,1477800,676ae78cc9d1a14d3b46a9b6b2d4e5d63ef2d69c918ef8fbbfa31d7df3097475,gallery:7,True,not verified,,,,,,,
ngg:265,Krippenweg - 2024,wp-content/gallery/2024-krippenweg/1a.jpg,https://www.gemeinde-merching.de/wp-content/gallery/2024-krippenweg/1a.jpg,image,True,1537264,60e0d93637b96595955b7ff70b7dfa977939c3e592080861c09c366ba09b6d98,gallery:7,True,not verified,,,,,,,
ngg:266,Krippenweg - 2024,wp-content/gallery/2024-krippenweg/20240106_131203.jpg,https://www.gemeinde-merching.de/wp-content/gallery/2024-krippenweg/20240106_131203.jpg,image,True,158946,cc18e78ca9d442bb440679e74416358e06cd230886ade6ddf06273705158a0b7,gallery:7,True,not verified,,,,,,,
ngg:267,Krippenweg - 2024,wp-content/gallery/2024-krippenweg/20240106_132326.jpg,https://www.gemeinde-merching.de/wp-content/gallery/2024-krippenweg/20240106_132326.jpg,image,True,281041,f51773154cdf60267f93ba7036c7791fd889a7ec01dbc1b27c2a1140a2666289,gallery:7,True,not verified,,,,,,,
ngg:268,Krippenweg - 2024,wp-content/gallery/2024-krippenweg/20240106_143634.jpg,https://www.gemeinde-merching.de/wp-content/gallery/2024-krippenweg/20240106_143634.jpg,image,True,82580,037b052f8fb6b1b6113553b5218edcf6f9c5666226063f71e2e7cfc06b76c66d,gallery:7,True,not verified,,,,,,,
ngg:269,Krippenweg - 2024,wp-content/gallery/2024-krippenweg/20240106_144202.jpg,https://www.gemeinde-merching.de/wp-content/gallery/2024-krippenweg/20240106_144202.jpg,image,True,90061,cb41c94e23ef5e40d0f4a7b7104a3fd0138b026ec8a141a587f6c947da92015e,gallery:7,True,not verified,,,,,,,
ngg:270,Krippenweg - 2024,wp-content/gallery/2024-krippenweg/20240106_144551.jpg,https://www.gemeinde-merching.de/wp-content/gallery/2024-krippenweg/20240106_144551.jpg,image,True,228433,12c8c77adc5aeab8c4544a5a86dd38ccf415f44bf1704c5e741c8ef324d89df5,gallery:7,True,not verified,,,,,,,
ngg:271,Krippenweg - 2024,wp-content/gallery/2024-krippenweg/20240106_144956.jpg,https://www.gemeinde-merching.de/wp-content/gallery/2024-krippenweg/20240106_144956.jpg,image,True,229373,4750b321891180b3e535f8e978b365563be65194789f4a6a8854893420ebe7d5,gallery:7,True,not verified,,,,,,,
ngg:272,Krippenweg - 2024,wp-content/gallery/2024-krippenweg/20240106_145607.jpg,https://www.gemeinde-merching.de/wp-content/gallery/2024-krippenweg/20240106_145607.jpg,image,True,229083,31cfa7869ce70e5dccb478651d7717784dce34ccd745dc4ce09050357f9155a4,gallery:7,True,not verified,,,,,,,
ngg:273,Krippenweg - 2024,wp-content/gallery/2024-krippenweg/20240106_145613.jpg,https://www.gemeinde-merching.de/wp-content/gallery/2024-krippenweg/20240106_145613.jpg,image,True,313197,6419b17483f60f6a8547ff9054abbe3446cb0f4a0586c055e050348b50e4e626,gallery:7,True,not verified,,,,,,,
ngg:274,Krippenweg - 2024,wp-content/gallery/2024-krippenweg/20240106_145631.jpg,https://www.gemeinde-merching.de/wp-content/gallery/2024-krippenweg/20240106_145631.jpg,image,True,245923,001846ced9d01e7f13333eca7bae894bfa74f3acbf3b8afe7893b2ac590c8a62,gallery:7,True,not verified,,,,,,,
ngg:275,Krippenweg - 2024,wp-content/gallery/2024-krippenweg/20240106_143920.jpg,https://www.gemeinde-merching.de/wp-content/gallery/2024-krippenweg/20240106_143920.jpg,image,True,5507604,74661f11eef15de63d1090f58554179169b9dd49749a96ebf5764e7582c8d5d1,gallery:7,True,not verified,,,,,,,
ngg:276,Krippenweg - 2024,wp-content/gallery/2024-krippenweg/20240106_143503.jpg,https://www.gemeinde-merching.de/wp-content/gallery/2024-krippenweg/20240106_143503.jpg,image,True,4494911,b5624b8c9c0c35b446bdf8a0c2f263050d285afff3ff048a0b844e2877197881,gallery:7,True,not verified,,,,,,,
ngg:277,Krippenweg - 2024,wp-content/gallery/2024-krippenweg/20240106_145755.jpg,https://www.gemeinde-merching.de/wp-content/gallery/2024-krippenweg/20240106_145755.jpg,image,True,250302,fe626b06d03d9d87875dc724e52d3869b37f3ae6aac32228893036ecfcc06a86,gallery:7,True,not verified,,,,,,,
ngg:278,Krippenweg - 2024,wp-content/gallery/2024-krippenweg/20240106_145733.jpg,https://www.gemeinde-merching.de/wp-content/gallery/2024-krippenweg/20240106_145733.jpg,image,True,2591914,af72c8549656823e5c9bd45e309ac55bc6278c7847993974eb6afe9a09e11073,gallery:7,True,not verified,,,,,,,
ngg:279,Krippenweg - 2024,wp-content/gallery/2024-krippenweg/20240106_150209.jpg,https://www.gemeinde-merching.de/wp-content/gallery/2024-krippenweg/20240106_150209.jpg,image,True,244070,713e3cb348bb5d5cc71e7a7666d155ff4f026f0c6e4d441c6bd429b66c417f67,gallery:7,True,not verified,,,,,,,
ngg:280,Krippenweg - 2024,wp-content/gallery/2024-krippenweg/20240106_145812.jpg,https://www.gemeinde-merching.de/wp-content/gallery/2024-krippenweg/20240106_145812.jpg,image,True,2969542,185a7b9f093a57753ebda9a4ed62fa35d2eaf9fd0c4af95fbb06a7e877bdec71,gallery:7,True,not verified,,,,,,,
ngg:281,Krippenweg - 2024,wp-content/gallery/2024-krippenweg/20240106_151238.jpg,https://www.gemeinde-merching.de/wp-content/gallery/2024-krippenweg/20240106_151238.jpg,image,True,318066,826041687943127c3e657ceac3038562bdfa8bda5c34a00a7e58a13ddd85957e,gallery:7,True,not verified,,,,,,,
ngg:282,Krippenweg - 2024,wp-content/gallery/2024-krippenweg/20240106_151752.jpg,https://www.gemeinde-merching.de/wp-content/gallery/2024-krippenweg/20240106_151752.jpg,image,True,189619,e37441ba6b16b05b5586af9fc2f0f5c9fa4ef2ab7d7cd035347f94a812ae432b,gallery:7,True,not verified,,,,,,,
ngg:283,Krippenweg - 2024,wp-content/gallery/2024-krippenweg/20240106_152846.jpg,https://www.gemeinde-merching.de/wp-content/gallery/2024-krippenweg/20240106_152846.jpg,image,True,250517,09fa693d851c7d38f6c722575e81054699f5bacba73a37f64440390da7055c85,gallery:7,True,not verified,,,,,,,
ngg:284,Krippenweg - 2024,wp-content/gallery/2024-krippenweg/20240106_150651.jpg,https://www.gemeinde-merching.de/wp-content/gallery/2024-krippenweg/20240106_150651.jpg,image,True,5979790,dea20eb7809558234f5e7d604c83e7fc20dd98aac299a424a500255b934c9972,gallery:7,True,not verified,,,,,,,
ngg:285,Krippenweg - 2024,wp-content/gallery/2024-krippenweg/20240106_153315.jpg,https://www.gemeinde-merching.de/wp-content/gallery/2024-krippenweg/20240106_153315.jpg,image,True,4164626,0fd55e67c9c47b17efb80d637ad22b5f0e524838e013e4ae7f002cfa61839eb2,gallery:7,True,not verified,,,,,,,
ngg:286,Krippenweg - 2024,wp-content/gallery/2024-krippenweg/20240106_154337.jpg,https://www.gemeinde-merching.de/wp-content/gallery/2024-krippenweg/20240106_154337.jpg,image,True,6172003,02e733ca8fa8c44e144976d9901a733c31842522b79ce25024c031302b4280c6,gallery:7,True,not verified,,,,,,,
ngg:287,Krippenweg - 2024,wp-content/gallery/2024-krippenweg/20240106_154756.jpg,https://www.gemeinde-merching.de/wp-content/gallery/2024-krippenweg/20240106_154756.jpg,image,True,289435,f124ba27367dbe609dd0b37e18ee55ae2fcd6e02d3c883d61303a9e770fcd7d6,gallery:7,True,not verified,,,,,,,
ngg:288,Krippenweg - 2024,wp-content/gallery/2024-krippenweg/20240106_155536.jpg,https://www.gemeinde-merching.de/wp-content/gallery/2024-krippenweg/20240106_155536.jpg,image,True,253003,8c3c32a90625beef4cbea981f93ec6b93ca7294aebe006869a9a17f7565fa4b4,gallery:7,True,not verified,,,,,,,
ngg:289,Krippenweg - 2024,wp-content/gallery/2024-krippenweg/20240106_160640.jpg,https://www.gemeinde-merching.de/wp-content/gallery/2024-krippenweg/20240106_160640.jpg,image,True,428220,f203ce0fa9be353215835af3a139d0d1302502b1da2bb2b7d8175bb811053d97,gallery:7,True,not verified,,,,,,,
ngg:290,Krippenweg - 2024,wp-content/gallery/2024-krippenweg/20240106_160205.jpg,https://www.gemeinde-merching.de/wp-content/gallery/2024-krippenweg/20240106_160205.jpg,image,True,1248435,ec4fd74c9f03933cd3efc8d7bb31f896ea6c0f4c4948546090066fa3a7537f1b,gallery:7,True,not verified,,,,,,,
ngg:291,Krippenweg - 2024,wp-content/gallery/2024-krippenweg/20240106_160521.jpg,https://www.gemeinde-merching.de/wp-content/gallery/2024-krippenweg/20240106_160521.jpg,image,True,291757,24ca1c3119494dc4a3caeebb1b7a114146ddc88d969f97bb9b133f1d2ea97e2f,gallery:7,True,not verified,,,,,,,
ngg:292,Krippenweg - 2024,wp-content/gallery/2024-krippenweg/20240106_161511.jpg,https://www.gemeinde-merching.de/wp-content/gallery/2024-krippenweg/20240106_161511.jpg,image,True,191952,759ab1837225cf29b5baca448e9b5bfa3b9dfe7de432803e1f456200e5446b7f,gallery:7,True,not verified,,,,,,,
ngg:293,Krippenweg - 2024,wp-content/gallery/2024-krippenweg/20240106_160450.jpg,https://www.gemeinde-merching.de/wp-content/gallery/2024-krippenweg/20240106_160450.jpg,image,True,1973194,9ab4a8df71cbe3cc2a69f04086a0aa5a75a0201fe3ff127a89012281d41c3ed3,gallery:7,True,not verified,,,,,,,
ngg:294,Fenster-2,wp-content/gallery/2025-adventsfenster/Fenster-2.JPG,https://www.gemeinde-merching.de/wp-content/gallery/2025-adventsfenster/Fenster-2.JPG,image,True,419161,bf0862d86d1ce4bb4b63e92a8b046447d0070cb4b53ec9fc5fcbeda8b2a16123,gallery:8,True,not verified,,,,,,,
ngg:295,Fenster-3,wp-content/gallery/2025-adventsfenster/Fenster-3.JPG,https://www.gemeinde-merching.de/wp-content/gallery/2025-adventsfenster/Fenster-3.JPG,image,True,470457,77faa70b37b1378df7e167b591356e56b188e552f53d5f57e673c27bd03c161b,gallery:8,True,not verified,,,,,,,
ngg:296,Fenster-1,wp-content/gallery/2025-adventsfenster/Fenster-1.JPG,https://www.gemeinde-merching.de/wp-content/gallery/2025-adventsfenster/Fenster-1.JPG,image,True,517779,dbcee4183cb4c07c1f98b2c992b3ccc7c330a732ef218589c334dfee71c82745,gallery:8,True,not verified,,,,,,,
ngg:297,Fenster-7,wp-content/gallery/2025-adventsfenster/Fenster-7.JPG,https://www.gemeinde-merching.de/wp-content/gallery/2025-adventsfenster/Fenster-7.JPG,image,True,461791,24a60d7730f867b2243ba297283dcfd4221e085dcc06857dc33c4403b1bd3d9d,gallery:8,True,not verified,,,,,,,
ngg:298,Fenster-8,wp-content/gallery/2025-adventsfenster/Fenster-8.JPG,https://www.gemeinde-merching.de/wp-content/gallery/2025-adventsfenster/Fenster-8.JPG,image,True,475351,a000dd08a79c00cb7a98989f6734cf4bc78bd58550d977d3161bad11d4213ebf,gallery:8,True,not verified,,,,,,,
ngg:299,Fenster-9,wp-content/gallery/2025-adventsfenster/Fenster-9.JPG,https://www.gemeinde-merching.de/wp-content/gallery/2025-adventsfenster/Fenster-9.JPG,image,True,482201,c21e950a979c75d7c9072ffecae065e0f12792022ac91b5b444c0e18f049538b,gallery:8,True,not verified,,,,,,,
ngg:300,Fenster-5,wp-content/gallery/2025-adventsfenster/Fenster-5.JPG,https://www.gemeinde-merching.de/wp-content/gallery/2025-adventsfenster/Fenster-5.JPG,image,True,461251,d7a066bafcb29a7fe7a4b1b7d346ff051adf3efc48507d75b8e0488ae18028dd,gallery:8,True,not verified,,,,,,,
ngg:301,Fenster-6,wp-content/gallery/2025-adventsfenster/Fenster-6.JPG,https://www.gemeinde-merching.de/wp-content/gallery/2025-adventsfenster/Fenster-6.JPG,image,True,595383,0574604a66f71bfc75c83ee7a698b3965a12ea4fee299c6cade20151f4e1b6c8,gallery:8,True,not verified,,,,,,,
ngg:302,Fenster-4,wp-content/gallery/2025-adventsfenster/Fenster-4.JPG,https://www.gemeinde-merching.de/wp-content/gallery/2025-adventsfenster/Fenster-4.JPG,image,True,932104,c2d45d2f28205fa206ae7b8d6714cbdd9ddf2fdbb8845d84f42392dee9616d0f,gallery:8,True,not verified,,,,,,,
ngg:303,Fenster-12,wp-content/gallery/2025-adventsfenster/Fenster-12.JPG,https://www.gemeinde-merching.de/wp-content/gallery/2025-adventsfenster/Fenster-12.JPG,image,True,332296,c181a6be52fe98a90ad15ff870440fd2b280bf4c4f568ba114ec6cee69fa7a13,gallery:8,True,not verified,,,,,,,
ngg:304,Fenster-11,wp-content/gallery/2025-adventsfenster/Fenster-11.JPG,https://www.gemeinde-merching.de/wp-content/gallery/2025-adventsfenster/Fenster-11.JPG,image,True,427753,516bbff0865dcc3c310d44f38a01f02adcdf574cebb440384335ab011535f7e4,gallery:8,True,not verified,,,,,,,
ngg:305,Fenster-10,wp-content/gallery/2025-adventsfenster/Fenster-10.JPG,https://www.gemeinde-merching.de/wp-content/gallery/2025-adventsfenster/Fenster-10.JPG,image,True,646306,a35880c392318baa2b9b9ebbab4c1c7165693b3bce81427491eb6337f4edfb7c,gallery:8,True,not verified,,,,,,,
ngg:306,Fenster-14,wp-content/gallery/2025-adventsfenster/Fenster-14.JPG,https://www.gemeinde-merching.de/wp-content/gallery/2025-adventsfenster/Fenster-14.JPG,image,True,455924,fd12e2cde0426c39a15009a71428d2061bd7994053e6422bd254c2faa2537883,gallery:8,True,not verified,,,,,,,
ngg:307,Fenster-13,wp-content/gallery/2025-adventsfenster/Fenster-13.JPG,https://www.gemeinde-merching.de/wp-content/gallery/2025-adventsfenster/Fenster-13.JPG,image,True,378235,42873289df8af6791ed255a16a8849473d99716d5dd9590f7ae906c3bad7e535,gallery:8,True,not verified,,,,,,,
ngg:308,Fenster-15,wp-content/gallery/2025-adventsfenster/Fenster-15.JPG,https://www.gemeinde-merching.de/wp-content/gallery/2025-adventsfenster/Fenster-15.JPG,image,True,324974,af540cc1a290d80b0a58eb0cd158e9133af4a77ecf21fbc2f75e6637d80e265d,gallery:8,True,not verified,,,,,,,
ngg:309,Fenster-16,wp-content/gallery/2025-adventsfenster/Fenster-16.JPG,https://www.gemeinde-merching.de/wp-content/gallery/2025-adventsfenster/Fenster-16.JPG,image,True,404729,4b3ce16d8a90a5912517ab184b4a0f918ae3853417584333d8501a66b01f5cc0,gallery:8,True,not verified,,,,,,,
ngg:310,Fenster-18,wp-content/gallery/2025-adventsfenster/Fenster-18.JPG,https://www.gemeinde-merching.de/wp-content/gallery/2025-adventsfenster/Fenster-18.JPG,image,True,393507,5baffc202a7e2de054c1e25ada9ceb3af7140ae396d2349cf307c37f7f61ed51,gallery:8,True,not verified,,,,,,,
ngg:311,Fenster-17,wp-content/gallery/2025-adventsfenster/Fenster-17.JPG,https://www.gemeinde-merching.de/wp-content/gallery/2025-adventsfenster/Fenster-17.JPG,image,True,576340,32560a2909bcdefe76fa7fb0e07d70e7beb180607ccf3b2bfdfa154a7a3aa648,gallery:8,True,not verified,,,,,,,
ngg:312,Fenster-19,wp-content/gallery/2025-adventsfenster/Fenster-19.JPG,https://www.gemeinde-merching.de/wp-content/gallery/2025-adventsfenster/Fenster-19.JPG,image,True,401231,57ad80835124c3f9faa96f6c185e2ea150c7971eab41e0e1f7c80cd0bf6649a8,gallery:8,True,not verified,,,,,,,
ngg:313,Fenster-20,wp-content/gallery/2025-adventsfenster/Fenster-20.JPG,https://www.gemeinde-merching.de/wp-content/gallery/2025-adventsfenster/Fenster-20.JPG,image,True,352615,8d4168991818c20d065635ac1b61934cd165245efeedb9328bc0909ce0b84bd5,gallery:8,True,not verified,,,,,,,
ngg:314,Fenster-21-Kerzenlichtstunde,wp-content/gallery/2025-adventsfenster/Fenster-21-Kerzenlichtstunde.JPG,https://www.gemeinde-merching.de/wp-content/gallery/2025-adventsfenster/Fenster-21-Kerzenlichtstunde.JPG,image,True,517398,7cbc4bf6a73f5fab4207026cd4b927d958cc0a4889ae03d1b62d4422fd94c9a2,gallery:8,True,not verified,,,,,,,
ngg:315,Fenster-22,wp-content/gallery/2025-adventsfenster/Fenster-22.JPG,https://www.gemeinde-merching.de/wp-content/gallery/2025-adventsfenster/Fenster-22.JPG,image,True,392336,dbfd0e2e41e211ce8db358a712d2008bb1c5cb0aa42bfe22147cfd4f5a34a4c1,gallery:8,True,not verified,,,,,,,
ngg:316,Fenster-23,wp-content/gallery/2025-adventsfenster/Fenster-23.JPG,https://www.gemeinde-merching.de/wp-content/gallery/2025-adventsfenster/Fenster-23.JPG,image,True,433362,5b60857e77fa1a35a04455dc17f2028e48203eff0345a4aac256b7b0fed25805,gallery:8,True,not verified,,,,,,,
ngg:317,Fenster-24-Hirtenfeuer,wp-content/gallery/2025-adventsfenster/Fenster-24-Hirtenfeuer.JPG,https://www.gemeinde-merching.de/wp-content/gallery/2025-adventsfenster/Fenster-24-Hirtenfeuer.JPG,image,True,556786,c6380d0c3d0dc9899ebf590e205ac26d908fd772918953ad522100c4c0ba37fe,gallery:8,True,not verified,,,,,,,
