source_id,type,title,discovered_source_url,requested_url,live_status,live_canonical,live_type,wxr_present,review
4,page,Veranstaltungen,https://www.gemeinde-merching.de/veranstaltungskalender/,https://www.gemeinde-merching.de/veranstaltungskalender/,200,https://www.gemeinde-merching.de/veranstaltungskalender/,page,True,WXR numeric CPT links can be noncanonical/broken; use live navigation and managed downloads
6,page,Über Merching,https://www.gemeinde-merching.de/ueber-merching/,https://www.gemeinde-merching.de/ueber-merching/,200,https://www.gemeinde-merching.de/ueber-merching/,page,True,WXR numeric CPT links can be noncanonical/broken; use live navigation and managed downloads
8,page,Aktuelles,https://www.gemeinde-merching.de/aktuelles/,https://www.gemeinde-merching.de/aktuelles/,200,https://www.gemeinde-merching.de/aktuelles/,page,True,WXR numeric CPT links can be noncanonical/broken; use live navigation and managed downloads
10,page,Bürgerservice,https://www.gemeinde-merching.de/buergerservice/,https://www.gemeinde-merching.de/buergerservice/,200,https://www.gemeinde-merching.de/buergerservice/,page,True,WXR numeric CPT links can be noncanonical/broken; use live navigation and managed downloads
12,page,Handel & Gewerbe,https://www.gemeinde-merching.de/handel-gewerbe/,https://www.gemeinde-merching.de/handel-gewerbe/,200,https://www.gemeinde-merching.de/handel-gewerbe/,page,True,WXR numeric CPT links can be noncanonical/broken; use live navigation and managed downloads
14,page,Freizeit,https://www.gemeinde-merching.de/freizeit/,https://www.gemeinde-merching.de/freizeit/,200,https://www.gemeinde-merching.de/freizeit/,page,True,WXR numeric CPT links can be noncanonical/broken; use live navigation and managed downloads
20,page,Verwaltung: Adressen und Öffnungszeiten,https://www.gemeinde-merching.de/ueber-merching/adressen-oeffnungszeiten/,https://www.gemeinde-merching.de/ueber-merching/adressen-oeffnungszeiten/,200,https://www.gemeinde-merching.de/ueber-merching/adressen-oeffnungszeiten/,page,True,WXR numeric CPT links can be noncanonical/broken; use live navigation and managed downloads
22,page,Lage & Anfahrt,https://www.gemeinde-merching.de/ueber-merching/lage-anfahrt/,https://www.gemeinde-merching.de/ueber-merching/lage-anfahrt/,200,https://www.gemeinde-merching.de/ueber-merching/lage-anfahrt/,page,True,WXR numeric CPT links can be noncanonical/broken; use live navigation and managed downloads
24,page,Impressum,https://www.gemeinde-merching.de/impressum/,https://www.gemeinde-merching.de/impressum/,200,https://www.gemeinde-merching.de/impressum/,page,True,WXR numeric CPT links can be noncanonical/broken; use live navigation and managed downloads
26,page,Inhaltsverzeichnis,https://www.gemeinde-merching.de/sitemap/,https://www.gemeinde-merching.de/sitemap/,200,https://www.gemeinde-merching.de/sitemap/,page,True,WXR numeric CPT links can be noncanonical/broken; use live navigation and managed downloads
51,page,Willkommen in Merching,https://www.gemeinde-merching.de/,https://www.gemeinde-merching.de/,200,https://www.gemeinde-merching.de/,page,True,WXR numeric CPT links can be noncanonical/broken; use live navigation and managed downloads
56,page,Weitere Downloads,https://www.gemeinde-merching.de/buergerservice/downloads/,https://www.gemeinde-merching.de/buergerservice/downloads/,200,https://www.gemeinde-merching.de/buergerservice/downloads/,page,True,WXR numeric CPT links can be noncanonical/broken; use live navigation and managed downloads
6877,attachment,cropped-Wappen-alternativ.png,https://www.gemeinde-merching.de/wp-content/uploads/2020/06/cropped-Wappen-alternativ.png,https://www.gemeinde-merching.de/wp-content/uploads/2020/06/cropped-Wappen-alternativ.png,206,,image,True,Attachment exposure requires public context; inherit is not publication permission
88,attachment,Kirche Merching,http://www.gemeinde-merching.de/wp-content/uploads/2012/06/kirche_merching.jpg,http://www.gemeinde-merching.de/wp-content/uploads/2012/06/kirche_merching.jpg,206,,image,True,Attachment exposure requires public context; inherit is not publication permission
92,page,Grußwort des 1. Bürgermeisters,https://www.gemeinde-merching.de/ueber-merching/grusswort/,https://www.gemeinde-merching.de/ueber-merching/grusswort/,200,https://www.gemeinde-merching.de/ueber-merching/grusswort/,page,True,WXR numeric CPT links can be noncanonical/broken; use live navigation and managed downloads
129,attachment,Freizeit am Mandichosee,http://www.gemeinde-merching.de/wp-content/uploads/2012/06/freizeit-am-mandichosee.jpg,http://www.gemeinde-merching.de/wp-content/uploads/2012/06/freizeit-am-mandichosee.jpg,206,,image,True,Attachment exposure requires public context; inherit is not publication permission
131,attachment,Freizeit am Mandichosee,http://www.gemeinde-merching.de/wp-content/uploads/2012/06/freizeit-am-mandichosee-2.jpg,http://www.gemeinde-merching.de/wp-content/uploads/2012/06/freizeit-am-mandichosee-2.jpg,206,,image,True,Attachment exposure requires public context; inherit is not publication permission
138,page,eMail-Formular,https://www.gemeinde-merching.de/email-formular/,https://www.gemeinde-merching.de/email-formular/,200,https://www.gemeinde-merching.de/email-formular/,page,True,WXR numeric CPT links can be noncanonical/broken; use live navigation and managed downloads
178,attachment,Wappen freigestellt,http://www.gemeinde-merching.de/wp-content/uploads/2012/06/Wappen-Merching_k.gif,http://www.gemeinde-merching.de/wp-content/uploads/2012/06/Wappen-Merching_k.gif,206,,image,True,Attachment exposure requires public context; inherit is not publication permission
212,page,Gemeinderat,https://www.gemeinde-merching.de/ueber-merching/gemeinderat/,https://www.gemeinde-merching.de/ueber-merching/gemeinderat/,200,https://www.gemeinde-merching.de/ueber-merching/gemeinderat/,page,True,WXR numeric CPT links can be noncanonical/broken; use live navigation and managed downloads
222,page,Bürgerservice von A-Z,https://www.gemeinde-merching.de/buergerservice/buergerservice-von-a-z/,https://www.gemeinde-merching.de/buergerservice/buergerservice-von-a-z/,200,https://www.gemeinde-merching.de/buergerservice/buergerservice-von-a-z/,page,True,WXR numeric CPT links can be noncanonical/broken; use live navigation and managed downloads
224,page,Lebenslagen,https://www.gemeinde-merching.de/buergerservice/lebenslagen/,https://www.gemeinde-merching.de/buergerservice/lebenslagen/,200,https://www.gemeinde-merching.de/buergerservice/lebenslagen/,page,True,WXR numeric CPT links can be noncanonical/broken; use live navigation and managed downloads
227,page,Ortsrecht,https://www.gemeinde-merching.de/buergerservice/ortsrecht/,https://www.gemeinde-merching.de/buergerservice/ortsrecht/,200,https://www.gemeinde-merching.de/buergerservice/ortsrecht/,page,True,WXR numeric CPT links can be noncanonical/broken; use live navigation and managed downloads
231,page,Geografische Lage,https://www.gemeinde-merching.de/handel-gewerbe/gewerbepark-am-lerchenberg/geografische-lage/,https://www.gemeinde-merching.de/handel-gewerbe/gewerbepark-am-lerchenberg/geografische-lage/,200,https://www.gemeinde-merching.de/handel-gewerbe/gewerbepark-am-lerchenberg/geografische-lage/,page,True,WXR numeric CPT links can be noncanonical/broken; use live navigation and managed downloads
233,page,Verkehrsanbindung,https://www.gemeinde-merching.de/handel-gewerbe/gewerbepark-am-lerchenberg/verkehrsanbindung/,https://www.gemeinde-merching.de/handel-gewerbe/gewerbepark-am-lerchenberg/verkehrsanbindung/,200,https://www.gemeinde-merching.de/handel-gewerbe/gewerbepark-am-lerchenberg/verkehrsanbindung/,page,True,WXR numeric CPT links can be noncanonical/broken; use live navigation and managed downloads
235,page,Standorterschließung,https://www.gemeinde-merching.de/handel-gewerbe/gewerbepark-am-lerchenberg/standorterschliessung/,https://www.gemeinde-merching.de/handel-gewerbe/gewerbepark-am-lerchenberg/standorterschliessung/,200,https://www.gemeinde-merching.de/handel-gewerbe/gewerbepark-am-lerchenberg/standorterschliessung/,page,True,WXR numeric CPT links can be noncanonical/broken; use live navigation and managed downloads
237,page,Nutzungskonzept,https://www.gemeinde-merching.de/handel-gewerbe/gewerbepark-am-lerchenberg/nutzungskonzept/,https://www.gemeinde-merching.de/handel-gewerbe/gewerbepark-am-lerchenberg/nutzungskonzept/,200,https://www.gemeinde-merching.de/handel-gewerbe/gewerbepark-am-lerchenberg/nutzungskonzept/,page,True,WXR numeric CPT links can be noncanonical/broken; use live navigation and managed downloads
241,page,Weitere Standortfaktoren,https://www.gemeinde-merching.de/handel-gewerbe/gewerbepark-am-lerchenberg/weitere-standortfaktoren/,https://www.gemeinde-merching.de/handel-gewerbe/gewerbepark-am-lerchenberg/weitere-standortfaktoren/,200,https://www.gemeinde-merching.de/handel-gewerbe/gewerbepark-am-lerchenberg/weitere-standortfaktoren/,page,True,WXR numeric CPT links can be noncanonical/broken; use live navigation and managed downloads
249,page,Vereine,https://www.gemeinde-merching.de/freizeit/vereine/,https://www.gemeinde-merching.de/freizeit/vereine/,200,https://www.gemeinde-merching.de/freizeit/vereine/,page,True,WXR numeric CPT links can be noncanonical/broken; use live navigation and managed downloads
251,page,Infrastruktur,https://www.gemeinde-merching.de/freizeit/infrastruktur/,https://www.gemeinde-merching.de/freizeit/infrastruktur/,200,https://www.gemeinde-merching.de/freizeit/infrastruktur/,page,True,WXR numeric CPT links can be noncanonical/broken; use live navigation and managed downloads
255,page,Badeseen,https://www.gemeinde-merching.de/freizeit/wasserqualitaet-der-badeseen/,https://www.gemeinde-merching.de/freizeit/wasserqualitaet-der-badeseen/,200,https://www.gemeinde-merching.de/freizeit/wasserqualitaet-der-badeseen/,page,True,WXR numeric CPT links can be noncanonical/broken; use live navigation and managed downloads
257,page,Formulare,https://www.gemeinde-merching.de/buergerservice/formulare/,https://www.gemeinde-merching.de/buergerservice/formulare/,200,https://www.gemeinde-merching.de/buergerservice/formulare/,page,True,WXR numeric CPT links can be noncanonical/broken; use live navigation and managed downloads
273,page,Interessante Links im Web,https://www.gemeinde-merching.de/buergerservice/interessante-links-im-web/,https://www.gemeinde-merching.de/buergerservice/interessante-links-im-web/,200,https://www.gemeinde-merching.de/buergerservice/interessante-links-im-web/,page,True,WXR numeric CPT links can be noncanonical/broken; use live navigation and managed downloads
280,attachment,Das Rathaus in Merching,http://www.gemeinde-merching.de/wp-content/uploads/2012/06/rathaus.jpg,http://www.gemeinde-merching.de/wp-content/uploads/2012/06/rathaus.jpg,206,,image,True,Attachment exposure requires public context; inherit is not publication permission
296,page,"Eheschließung, Geburt, Sterbefall",https://www.gemeinde-merching.de/buergerservice/lebenslagen/eheschliessung/,https://www.gemeinde-merching.de/buergerservice/lebenslagen/eheschliessung/,200,https://www.gemeinde-merching.de/buergerservice/lebenslagen/eheschliessung/,page,True,WXR numeric CPT links can be noncanonical/broken; use live navigation and managed downloads
300,page,Ein Umzug steht bevor,https://www.gemeinde-merching.de/buergerservice/lebenslagen/ein-umzug-steht-bevor/,https://www.gemeinde-merching.de/buergerservice/lebenslagen/ein-umzug-steht-bevor/,200,https://www.gemeinde-merching.de/buergerservice/lebenslagen/ein-umzug-steht-bevor/,page,True,WXR numeric CPT links can be noncanonical/broken; use live navigation and managed downloads
302,page,Wertstoffsammlung,https://www.gemeinde-merching.de/buergerservice/lebenslagen/wertstoffsammlung/,https://www.gemeinde-merching.de/buergerservice/lebenslagen/wertstoffsammlung/,200,https://www.gemeinde-merching.de/buergerservice/lebenslagen/wertstoffsammlung/,page,True,WXR numeric CPT links can be noncanonical/broken; use live navigation and managed downloads
310,page,Personalausweis,https://www.gemeinde-merching.de/buergerservice/lebenslagen/personalausweis/,https://www.gemeinde-merching.de/buergerservice/lebenslagen/personalausweis/,200,https://www.gemeinde-merching.de/buergerservice/lebenslagen/personalausweis/,page,True,WXR numeric CPT links can be noncanonical/broken; use live navigation and managed downloads
311,attachment,Ausweisportal,http://www.gemeinde-merching.de/wp-content/uploads/2012/07/Kopfbild-Startseite.jpg,http://www.gemeinde-merching.de/wp-content/uploads/2012/07/Kopfbild-Startseite.jpg,206,,image,True,Attachment exposure requires public context; inherit is not publication permission
336,attachment,Ortsrecht der Gemeinde Merching,http://www.gemeinde-merching.de/wp-content/uploads/2012/07/satzungen.jpg,http://www.gemeinde-merching.de/wp-content/uploads/2012/07/satzungen.jpg,206,,image,True,Attachment exposure requires public context; inherit is not publication permission
344,page,BayernAtlas,https://www.gemeinde-merching.de/ueber-merching/bayernatlas/,https://www.gemeinde-merching.de/ueber-merching/bayernatlas/,200,https://www.gemeinde-merching.de/ueber-merching/bayernatlas/,page,True,WXR numeric CPT links can be noncanonical/broken; use live navigation and managed downloads
345,attachment,BayernViewer des Landesamtes für Vermessung und Geoinformation,http://www.gemeinde-merching.de/wp-content/uploads/2012/07/bayernviewer.jpg,http://www.gemeinde-merching.de/wp-content/uploads/2012/07/bayernviewer.jpg,206,,image,True,Attachment exposure requires public context; inherit is not publication permission
353,page,Gemeindekurier und Bürgerinformationen,https://www.gemeinde-merching.de/buergerservice/gemeindekurier/,https://www.gemeinde-merching.de/buergerservice/gemeindekurier/,200,https://www.gemeinde-merching.de/buergerservice/gemeindekurier/,page,True,WXR numeric CPT links can be noncanonical/broken; use live navigation and managed downloads
354,attachment,Gemeindekurier Merching,http://www.gemeinde-merching.de/wp-content/uploads/2012/07/gemeindekurier.jpg,http://www.gemeinde-merching.de/wp-content/uploads/2012/07/gemeindekurier.jpg,206,,image,True,Attachment exposure requires public context; inherit is not publication permission
376,attachment,Rathaus der Gemeinde Merching,http://www.gemeinde-merching.de/wp-content/uploads/2012/06/Rathaus_front.jpg,http://www.gemeinde-merching.de/wp-content/uploads/2012/06/Rathaus_front.jpg,206,,image,True,Attachment exposure requires public context; inherit is not publication permission
382,page,Aus Merching,https://www.gemeinde-merching.de/aktuelles/aus-merching/,https://www.gemeinde-merching.de/aktuelles/aus-merching/,200,https://www.gemeinde-merching.de/aktuelles/aus-merching/,page,True,WXR numeric CPT links can be noncanonical/broken; use live navigation and managed downloads
385,page,Aus dem Landratsamt und anderen Behörden,https://www.gemeinde-merching.de/aktuelles/landratsamt-andere-behoerden/,https://www.gemeinde-merching.de/aktuelles/landratsamt-andere-behoerden/,200,https://www.gemeinde-merching.de/aktuelles/landratsamt-andere-behoerden/,page,True,WXR numeric CPT links can be noncanonical/broken; use live navigation and managed downloads
390,page,Aus dem Rathaus,https://www.gemeinde-merching.de/aktuelles/aus-dem-rathaus/,https://www.gemeinde-merching.de/aktuelles/aus-dem-rathaus/,200,https://www.gemeinde-merching.de/aktuelles/aus-dem-rathaus/,page,True,WXR numeric CPT links can be noncanonical/broken; use live navigation and managed downloads
396,attachment,Ortsrecht Gemeinde Merching,http://www.gemeinde-merching.de/wp-content/uploads/2012/07/ortsrecht.jpg,http://www.gemeinde-merching.de/wp-content/uploads/2012/07/ortsrecht.jpg,206,,image,True,Attachment exposure requires public context; inherit is not publication permission
415,page,Gastronomiebetriebe,https://www.gemeinde-merching.de/handel-gewerbe/gastronomiebetriebe/,https://www.gemeinde-merching.de/handel-gewerbe/gastronomiebetriebe/,200,https://www.gemeinde-merching.de/handel-gewerbe/gastronomiebetriebe/,page,True,WXR numeric CPT links can be noncanonical/broken; use live navigation and managed downloads
406,attachment,logo_raiba,http://www.gemeinde-merching.de/wp-content/uploads/2012/07/logo_raiba.jpg,http://www.gemeinde-merching.de/wp-content/uploads/2012/07/logo_raiba.jpg,206,,image,True,Attachment exposure requires public context; inherit is not publication permission
407,attachment,logo_sska,http://www.gemeinde-merching.de/wp-content/uploads/2012/07/logo_sska.jpg,http://www.gemeinde-merching.de/wp-content/uploads/2012/07/logo_sska.jpg,206,,image,True,Attachment exposure requires public context; inherit is not publication permission
427,attachment,Lage von Merching,http://www.gemeinde-merching.de/wp-content/uploads/2012/06/lage.jpg,http://www.gemeinde-merching.de/wp-content/uploads/2012/06/lage.jpg,206,,image,True,Attachment exposure requires public context; inherit is not publication permission
441,page,Ratsinformation Gemeinderat und Schulverbände,https://www.gemeinde-merching.de/buergerservice/gemeinderat/,https://www.gemeinde-merching.de/buergerservice/gemeinderat/,200,https://www.gemeinde-merching.de/buergerservice/gemeinderat/,page,True,WXR numeric CPT links can be noncanonical/broken; use live navigation and managed downloads
449,attachment,Gewerbepark Am Lerchenberg - Gemeinde Merching,http://www.gemeinde-merching.de/wp-content/uploads/2012/07/logo_blau_frei.gif,http://www.gemeinde-merching.de/wp-content/uploads/2012/07/logo_blau_frei.gif,206,,image,True,Attachment exposure requires public context; inherit is not publication permission
451,attachment,Gewerbepark Am Lerchenberg - Gemeinde Merching,http://www.gemeinde-merching.de/wp-content/uploads/2012/07/simulation.jpg,http://www.gemeinde-merching.de/wp-content/uploads/2012/07/simulation.jpg,206,,image,True,Attachment exposure requires public context; inherit is not publication permission
9958,attachment,Logo Merchinger Advent,https://www.gemeinde-merching.de/wp-content/uploads/2025/09/Logo-Advent.jpg,https://www.gemeinde-merching.de/wp-content/uploads/2025/09/Logo-Advent.jpg,206,,image,True,Attachment exposure requires public context; inherit is not publication permission
9959,attachment,Advent-2010-neu,https://www.gemeinde-merching.de/wp-content/uploads/2025/09/Merchinger-Advent-Logo.jpg,https://www.gemeinde-merching.de/wp-content/uploads/2025/09/Merchinger-Advent-Logo.jpg,206,,image,True,Attachment exposure requires public context; inherit is not publication permission
2316,page,Kinder und Jugend,https://www.gemeinde-merching.de/freizeit/kinder-und-jugend/,https://www.gemeinde-merching.de/freizeit/kinder-und-jugend/,200,https://www.gemeinde-merching.de/freizeit/kinder-und-jugend/,page,True,WXR numeric CPT links can be noncanonical/broken; use live navigation and managed downloads
542,page,Unsere Stellenanzeigen,https://www.gemeinde-merching.de/aktuelles/stellenanzeigen/,https://www.gemeinde-merching.de/aktuelles/stellenanzeigen/,200,https://www.gemeinde-merching.de/aktuelles/stellenanzeigen/,page,True,WXR numeric CPT links can be noncanonical/broken; use live navigation and managed downloads
547,page,Bildergalerien aus Merching,https://www.gemeinde-merching.de/ueber-merching/bildergalerie-merching/,https://www.gemeinde-merching.de/ueber-merching/bildergalerie-merching/,200,https://www.gemeinde-merching.de/ueber-merching/bildergalerie-merching/,page,True,WXR numeric CPT links can be noncanonical/broken; use live navigation and managed downloads
553,attachment,Rathaus Merching,http://www.gemeinde-merching.de/wp-content/uploads/2012/06/rathaus-merching4.jpg,http://www.gemeinde-merching.de/wp-content/uploads/2012/06/rathaus-merching4.jpg,206,,image,True,Attachment exposure requires public context; inherit is not publication permission
9964,attachment,1. JUP-Kongress 11-2025,https://www.gemeinde-merching.de/wp-content/uploads/2025/09/1.-JUP-Kongress-11-2025.pdf,https://www.gemeinde-merching.de/wp-content/uploads/2025/09/1.-JUP-Kongress-11-2025.pdf,206,,PDF,True,Attachment exposure requires public context; inherit is not publication permission
670,page,Öffentliche Bekanntmachungen,https://www.gemeinde-merching.de/aktuelles/oeffentliche-bekanntmachungen/,https://www.gemeinde-merching.de/aktuelles/oeffentliche-bekanntmachungen/,200,https://www.gemeinde-merching.de/aktuelles/oeffentliche-bekanntmachungen/,page,True,WXR numeric CPT links can be noncanonical/broken; use live navigation and managed downloads
718,attachment,Schule Merching,http://www.gemeinde-merching.de/wp-content/uploads/2012/07/schule-merching.jpg,http://www.gemeinde-merching.de/wp-content/uploads/2012/07/schule-merching.jpg,206,,image,True,Attachment exposure requires public context; inherit is not publication permission
719,attachment,Feuerwehrhaus Merching,http://www.gemeinde-merching.de/wp-content/uploads/2012/07/feuerwehrhaus-merching.jpg,http://www.gemeinde-merching.de/wp-content/uploads/2012/07/feuerwehrhaus-merching.jpg,206,,image,True,Attachment exposure requires public context; inherit is not publication permission
720,attachment,Mandichosee,http://www.gemeinde-merching.de/wp-content/uploads/2012/07/mandicho-stausee_2.jpg,http://www.gemeinde-merching.de/wp-content/uploads/2012/07/mandicho-stausee_2.jpg,206,,image,True,Attachment exposure requires public context; inherit is not publication permission
727,attachment,Rathaus Merching,http://www.gemeinde-merching.de/wp-content/uploads/2012/06/rathaus-merching2.jpg,http://www.gemeinde-merching.de/wp-content/uploads/2012/06/rathaus-merching2.jpg,206,,image,True,Attachment exposure requires public context; inherit is not publication permission
734,attachment,Maibaum,http://www.gemeinde-merching.de/wp-content/uploads/2012/06/maibaum.jpg,http://www.gemeinde-merching.de/wp-content/uploads/2012/06/maibaum.jpg,206,,image,True,Attachment exposure requires public context; inherit is not publication permission
736,attachment,Felder am Ortsrand von Merching,http://www.gemeinde-merching.de/wp-content/uploads/2012/06/felder-am-ortsrand.jpg,http://www.gemeinde-merching.de/wp-content/uploads/2012/06/felder-am-ortsrand.jpg,206,,image,True,Attachment exposure requires public context; inherit is not publication permission
761,attachment,Fahrzeug der freiwilligen Feuerwehr Merching,http://www.gemeinde-merching.de/wp-content/uploads/2012/07/feuerwehrauto-merching.jpg,http://www.gemeinde-merching.de/wp-content/uploads/2012/07/feuerwehrauto-merching.jpg,206,,image,True,Attachment exposure requires public context; inherit is not publication permission
9239,wpdmpro,GSV - HH 6 Anlagen 2026,https://www.gemeinde-merching.de/download/gsv-hh-anlagen-2026/,https://www.gemeinde-merching.de/download/gsv-hh-anlagen-2026/,200,https://www.gemeinde-merching.de/download/gsv-hh-anlagen-2026/,page,True,WXR numeric CPT links can be noncanonical/broken; use live navigation and managed downloads
9240,wpdmpro,MSV - HH 0 Deckblatt 2026,https://www.gemeinde-merching.de/download/msv-hh-0-deckblatt-2026/,https://www.gemeinde-merching.de/download/msv-hh-0-deckblatt-2026/,200,https://www.gemeinde-merching.de/download/msv-hh-0-deckblatt-2026/,page,True,WXR numeric CPT links can be noncanonical/broken; use live navigation and managed downloads
810,page,Reisepass,https://www.gemeinde-merching.de/buergerservice/lebenslagen/reisepass/,https://www.gemeinde-merching.de/buergerservice/lebenslagen/reisepass/,200,https://www.gemeinde-merching.de/buergerservice/lebenslagen/reisepass/,page,True,WXR numeric CPT links can be noncanonical/broken; use live navigation and managed downloads
989,attachment,Dokumentation für die Wordpress Bedienung für Autoren und Redakteure,http://www.gemeinde-merching.de/wp-content/uploads/2012/09/wp-33-autoren-redakteure.pdf,http://www.gemeinde-merching.de/wp-content/uploads/2012/09/wp-33-autoren-redakteure.pdf,206,,PDF,True,Attachment exposure requires public context; inherit is not publication permission
995,attachment,slideshow,http://www.gemeinde-merching.de/wp-content/uploads/2012/08/slideshow.jpg,http://www.gemeinde-merching.de/wp-content/uploads/2012/08/slideshow.jpg,206,,image,True,Attachment exposure requires public context; inherit is not publication permission
1002,attachment,link-kategorien,http://www.gemeinde-merching.de/wp-content/uploads/2012/08/link-kateorien.jpg,http://www.gemeinde-merching.de/wp-content/uploads/2012/08/link-kateorien.jpg,206,,image,True,Attachment exposure requires public context; inherit is not publication permission
1003,attachment,link-kategorien,http://www.gemeinde-merching.de/wp-content/uploads/2012/08/link-kateorien1.jpg,http://www.gemeinde-merching.de/wp-content/uploads/2012/08/link-kateorien1.jpg,206,,image,True,Attachment exposure requires public context; inherit is not publication permission
1007,attachment,Artikelkategorien,http://www.gemeinde-merching.de/wp-content/uploads/2012/08/artikel-kategorien.jpg,http://www.gemeinde-merching.de/wp-content/uploads/2012/08/artikel-kategorien.jpg,206,,image,True,Attachment exposure requires public context; inherit is not publication permission
1011,attachment,Liste der Tabellen,http://www.gemeinde-merching.de/wp-content/uploads/2012/08/tabellen.jpg,http://www.gemeinde-merching.de/wp-content/uploads/2012/08/tabellen.jpg,206,,image,True,Attachment exposure requires public context; inherit is not publication permission
1012,attachment,Liste der Tabellen,http://www.gemeinde-merching.de/wp-content/uploads/2012/08/tabellen1.jpg,http://www.gemeinde-merching.de/wp-content/uploads/2012/08/tabellen1.jpg,206,,image,True,Attachment exposure requires public context; inherit is not publication permission
1014,attachment,Filebase Kategorien,http://www.gemeinde-merching.de/wp-content/uploads/2012/09/filebase.jpg,http://www.gemeinde-merching.de/wp-content/uploads/2012/09/filebase.jpg,206,,image,True,Attachment exposure requires public context; inherit is not publication permission
10156,post,Bekanntmachung über die Eintragungsmöglichkeiten in Unterstützungslisten,https://www.gemeinde-merching.de/bekanntmachung-ueber-die-eintragungsmoeglichkeiten-in-unterstuetzungslisten/,https://www.gemeinde-merching.de/bekanntmachung-ueber-die-eintragungsmoeglichkeiten-in-unterstuetzungslisten/,200,https://www.gemeinde-merching.de/bekanntmachung-ueber-die-eintragungsmoeglichkeiten-in-unterstuetzungslisten/,page,True,WXR numeric CPT links can be noncanonical/broken; use live navigation and managed downloads
1077,attachment,Urnenstelen,http://www.gemeinde-merching.de/wp-content/uploads/2012/10/Merching-FC-1_Nach.jpg,http://www.gemeinde-merching.de/wp-content/uploads/2012/10/Merching-FC-1_Nach.jpg,206,,image,True,Attachment exposure requires public context; inherit is not publication permission
1081,attachment,BayernAtlas,http://www.gemeinde-merching.de/wp-content/uploads/2012/07/BayernAtlas.jpg,http://www.gemeinde-merching.de/wp-content/uploads/2012/07/BayernAtlas.jpg,206,,image,True,Attachment exposure requires public context; inherit is not publication permission
1191,attachment,Screenshot: Unsere neue Homepage ist Online,http://www.gemeinde-merching.de/wp-content/uploads/2012/10/www_gemeinde-merching_de_ueber-merching_bildergalerie-merching.jpg,http://www.gemeinde-merching.de/wp-content/uploads/2012/10/www_gemeinde-merching_de_ueber-merching_bildergalerie-merching.jpg,206,,image,True,Attachment exposure requires public context; inherit is not publication permission
1247,attachment,Merchinger Advent 2011 005,http://www.gemeinde-merching.de/wp-content/uploads/2012/11/Merchinger-Advent-2011-005.jpg,http://www.gemeinde-merching.de/wp-content/uploads/2012/11/Merchinger-Advent-2011-005.jpg,206,,image,True,Attachment exposure requires public context; inherit is not publication permission
9980,attachment,Unternehmenssatzung für das Kommunalunternehmen Merching vom 16.09.2025,https://www.gemeinde-merching.de/wp-content/uploads/2025/09/Unternehmenssatzung-fuer-das-Kommunalunternehmen-Merching-vom-16.09.2025.pdf,https://www.gemeinde-merching.de/wp-content/uploads/2025/09/Unternehmenssatzung-fuer-das-Kommunalunternehmen-Merching-vom-16.09.2025.pdf,206,,PDF,True,Attachment exposure requires public context; inherit is not publication permission
10790,wpdmpro,Bestattung - Satzung über die öffentl. Bestattungseinrichtung der Gemeinde Merching vom 17.07.2026 - gültig ab 01.01.2027,https://www.gemeinde-merching.de/download/friedhofs-und-bestattungssatzung-ab-01-01-2027/,https://www.gemeinde-merching.de/download/friedhofs-und-bestattungssatzung-ab-01-01-2027/,200,https://www.gemeinde-merching.de/download/friedhofs-und-bestattungssatzung-ab-01-01-2027/,page,True,WXR numeric CPT links can be noncanonical/broken; use live navigation and managed downloads
10253,attachment,BP_Nr34_Östl._der_Nebelhornstraße_1Änd_Textteil_m_VV_20251211,https://www.gemeinde-merching.de/wp-content/uploads/2026/01/BP_Nr34_Oestl._der_Nebelhornstrasse_1Aend_Textteil_m_VV_20251211.pdf,https://www.gemeinde-merching.de/wp-content/uploads/2026/01/BP_Nr34_Oestl._der_Nebelhornstrasse_1Aend_Textteil_m_VV_20251211.pdf,206,,PDF,True,Attachment exposure requires public context; inherit is not publication permission
10254,post,Bekanntmachungen zur 1. Änderung des Bebauungsplanes Nr. 34 - Östlich der Nebelhornstraße,https://www.gemeinde-merching.de/bekanntmachungen-zur-1-aenderung-des-bebauungsplanes-nr-34-oestlich-der-nebelhornstrasse/,https://www.gemeinde-merching.de/bekanntmachungen-zur-1-aenderung-des-bebauungsplanes-nr-34-oestlich-der-nebelhornstrasse/,200,https://www.gemeinde-merching.de/bekanntmachungen-zur-1-aenderung-des-bebauungsplanes-nr-34-oestlich-der-nebelhornstrasse/,page,True,WXR numeric CPT links can be noncanonical/broken; use live navigation and managed downloads
1578,attachment,Kombimandat Gemeinde Merching,http://www.gemeinde-merching.de/wp-content/uploads/2013/06/Kombimandat_Gemeinde_Merching.pdf,http://www.gemeinde-merching.de/wp-content/uploads/2013/06/Kombimandat_Gemeinde_Merching.pdf,206,,PDF,True,Attachment exposure requires public context; inherit is not publication permission
1579,attachment,Kombimandat Grundschulverband,http://www.gemeinde-merching.de/wp-content/uploads/2013/06/Kombimandat_Grundschulverband.pdf,http://www.gemeinde-merching.de/wp-content/uploads/2013/06/Kombimandat_Grundschulverband.pdf,206,,PDF,True,Attachment exposure requires public context; inherit is not publication permission
1580,attachment,Kombimandat Mittelschulverband,http://www.gemeinde-merching.de/wp-content/uploads/2013/06/Kombimandat_Mittelschulverband.pdf,http://www.gemeinde-merching.de/wp-content/uploads/2013/06/Kombimandat_Mittelschulverband.pdf,206,,PDF,True,Attachment exposure requires public context; inherit is not publication permission
1581,attachment,Mandat Gemeinde Merching,http://www.gemeinde-merching.de/wp-content/uploads/2013/06/Mandat_Gemeinde_Merching.pdf,http://www.gemeinde-merching.de/wp-content/uploads/2013/06/Mandat_Gemeinde_Merching.pdf,206,,PDF,True,Attachment exposure requires public context; inherit is not publication permission
1582,attachment,Mandat Grundschulverband,http://www.gemeinde-merching.de/wp-content/uploads/2013/06/Mandat_Grundschulverband.pdf,http://www.gemeinde-merching.de/wp-content/uploads/2013/06/Mandat_Grundschulverband.pdf,206,,PDF,True,Attachment exposure requires public context; inherit is not publication permission
1583,attachment,Mandat Mittelschulverband,http://www.gemeinde-merching.de/wp-content/uploads/2013/06/Mandat_Mittelschulverband.pdf,http://www.gemeinde-merching.de/wp-content/uploads/2013/06/Mandat_Mittelschulverband.pdf,206,,PDF,True,Attachment exposure requires public context; inherit is not publication permission
9978,wpdmpro,Unternehmenssatzung für das Kommunalunternehmen Merching vom 16.09.2025,https://www.gemeinde-merching.de/download/unternehmenssatzung-fuer-das-kommunalunternehmen-merching-vom-16-09-2025/,https://www.gemeinde-merching.de/download/unternehmenssatzung-fuer-das-kommunalunternehmen-merching-vom-16-09-2025/,200,https://www.gemeinde-merching.de/download/unternehmenssatzung-fuer-das-kommunalunternehmen-merching-vom-16-09-2025/,page,True,WXR numeric CPT links can be noncanonical/broken; use live navigation and managed downloads
9979,attachment,Unternehmenssatzung für das Kommunalunternemen Merching vom 16.09.2025,https://www.gemeinde-merching.de/wp-content/uploads/2025/09/Unternehmenssatzung-fuer-das-Kommunalunternemen-Merching-vom-16.09.2025.pdf,https://www.gemeinde-merching.de/wp-content/uploads/2025/09/Unternehmenssatzung-fuer-das-Kommunalunternemen-Merching-vom-16.09.2025.pdf,206,,PDF,True,Attachment exposure requires public context; inherit is not publication permission
1987,page,"Führungszeugnis, Auskunft aus dem Gewerbezentralregister",https://www.gemeinde-merching.de/buergerservice/lebenslagen/fuehrungszeugnis-auskunft-aus-dem-gewerbezentralregister/,https://www.gemeinde-merching.de/buergerservice/lebenslagen/fuehrungszeugnis-auskunft-aus-dem-gewerbezentralregister/,200,https://www.gemeinde-merching.de/buergerservice/lebenslagen/fuehrungszeugnis-auskunft-aus-dem-gewerbezentralregister/,page,True,WXR numeric CPT links can be noncanonical/broken; use live navigation and managed downloads
1999,page,Flächennutzungsplan - Bebauungspläne,https://www.gemeinde-merching.de/buergerservice/flaechennutzungsplan-bebauungsplaene/,https://www.gemeinde-merching.de/buergerservice/flaechennutzungsplan-bebauungsplaene/,200,https://www.gemeinde-merching.de/buergerservice/flaechennutzungsplan-bebauungsplaene/,page,True,WXR numeric CPT links can be noncanonical/broken; use live navigation and managed downloads
2025,tablepress_table,Adressen,https://www.gemeinde-merching.de/?post_type=tablepress_table&p=2025,,not crawled/filtered,,,True,WXR numeric CPT links can be noncanonical/broken; use live navigation and managed downloads
2026,tablepress_table,!! Buergerservice-obsolet,https://www.gemeinde-merching.de/?post_type=tablepress_table&p=2026,,not crawled/filtered,,,True,WXR numeric CPT links can be noncanonical/broken; use live navigation and managed downloads
2027,tablepress_table,Gewerbetreibende,https://www.gemeinde-merching.de/?post_type=tablepress_table&p=2027,,not crawled/filtered,,,True,WXR numeric CPT links can be noncanonical/broken; use live navigation and managed downloads
2028,tablepress_table,Vereine,https://www.gemeinde-merching.de/?post_type=tablepress_table&p=2028,,not crawled/filtered,,,True,WXR numeric CPT links can be noncanonical/broken; use live navigation and managed downloads
2029,tablepress_table,Bürgerservice von A-Z,https://www.gemeinde-merching.de/?post_type=tablepress_table&p=2029,,not crawled/filtered,,,True,WXR numeric CPT links can be noncanonical/broken; use live navigation and managed downloads
2093,attachment,Logo_Energieatlas,http://www.gemeinde-merching.de/wp-content/uploads/2014/11/Logo_Energieatlas.jpg,http://www.gemeinde-merching.de/wp-content/uploads/2014/11/Logo_Energieatlas.jpg,206,,image,True,Attachment exposure requires public context; inherit is not publication permission
10272,attachment,Merching-Ablauf-3,https://www.gemeinde-merching.de/wp-content/uploads/2015/08/Merching-Ablauf-3.jpg,https://www.gemeinde-merching.de/wp-content/uploads/2015/08/Merching-Ablauf-3.jpg,206,,image,True,Attachment exposure requires public context; inherit is not publication permission
10273,attachment,Merching-Ablauf-2,https://www.gemeinde-merching.de/wp-content/uploads/2015/08/Merching-Ablauf-2.jpg,https://www.gemeinde-merching.de/wp-content/uploads/2015/08/Merching-Ablauf-2.jpg,206,,image,True,Attachment exposure requires public context; inherit is not publication permission
10164,attachment,BGS_EWS_2026 Homepage NEU,https://www.gemeinde-merching.de/wp-content/uploads/2025/08/BGS_EWS_2026-Homepage-NEU.pdf,https://www.gemeinde-merching.de/wp-content/uploads/2025/08/BGS_EWS_2026-Homepage-NEU.pdf,206,,PDF,True,Attachment exposure requires public context; inherit is not publication permission
10040,attachment,2025_Plakat_Wärmepumpe_Althegnenberg,https://www.gemeinde-merching.de/wp-content/uploads/2025/10/2025_Plakat_Waermepumpe_Althegnenberg.pdf,https://www.gemeinde-merching.de/wp-content/uploads/2025/10/2025_Plakat_Waermepumpe_Althegnenberg.pdf,206,,PDF,True,Attachment exposure requires public context; inherit is not publication permission
2284,post,"Häuserbuch ""Im Wandel der Zeit"" im Rathaus erhältlich",https://www.gemeinde-merching.de/haeuserbuch-im-wandel-der-zeit-im-rathaus-erhaeltlich/,https://www.gemeinde-merching.de/haeuserbuch-im-wandel-der-zeit-im-rathaus-erhaeltlich/,200,https://www.gemeinde-merching.de/haeuserbuch-im-wandel-der-zeit-im-rathaus-erhaeltlich/,page,True,WXR numeric CPT links can be noncanonical/broken; use live navigation and managed downloads
10786,attachment,Bekanntmachung Friedhofs- und Bestattungssatzung ab 01.01.2027,https://www.gemeinde-merching.de/wp-content/uploads/2026/07/Bekanntmachung-Friedhofs-und-Bestattungssatzung-ab-01.01.2027.pdf,https://www.gemeinde-merching.de/wp-content/uploads/2026/07/Bekanntmachung-Friedhofs-und-Bestattungssatzung-ab-01.01.2027.pdf,206,,PDF,True,Attachment exposure requires public context; inherit is not publication permission
10248,attachment,1.Änderung BP 34 östl. Nebelhornstr. Bekanntmachung Satzungsbeschluss,https://www.gemeinde-merching.de/wp-content/uploads/2026/01/1.Aenderung-BP-34-oestl.-Nebelhornstr.-Bekanntmachung-Satzungsbeschluss.pdf,https://www.gemeinde-merching.de/wp-content/uploads/2026/01/1.Aenderung-BP-34-oestl.-Nebelhornstr.-Bekanntmachung-Satzungsbeschluss.pdf,206,,PDF,True,Attachment exposure requires public context; inherit is not publication permission
10837,attachment,"Bestattungsgebührensatzung, ab 2027_Homepage",https://www.gemeinde-merching.de/wp-content/uploads/2026/07/Bestattungsgebuehrensatzung-ab-2027_Homepage.pdf,https://www.gemeinde-merching.de/wp-content/uploads/2026/07/Bestattungsgebuehrensatzung-ab-2027_Homepage.pdf,206,,PDF,True,Attachment exposure requires public context; inherit is not publication permission
10788,wpdmpro,Bekanntmachung der Gebührensatzung zur Friedhofs- und Bestattungssatzung ab 01.01.2027,https://www.gemeinde-merching.de/download/bekanntmachung-der-gebuehrensatzung-zur-friedhofs-und-bestattungssatzung-ab-01-01-2027/,https://www.gemeinde-merching.de/download/bekanntmachung-der-gebuehrensatzung-zur-friedhofs-und-bestattungssatzung-ab-01-01-2027/,200,https://www.gemeinde-merching.de/download/bekanntmachung-der-gebuehrensatzung-zur-friedhofs-und-bestattungssatzung-ab-01-01-2027/,page,True,WXR numeric CPT links can be noncanonical/broken; use live navigation and managed downloads
10789,attachment,Bekanntmachung Satzung GBS_BES ab 01.01.2027,https://www.gemeinde-merching.de/wp-content/uploads/2026/07/Bekanntmachung-Satzung-GBS_BES-ab-01.01.2027.pdf,https://www.gemeinde-merching.de/wp-content/uploads/2026/07/Bekanntmachung-Satzung-GBS_BES-ab-01.01.2027.pdf,206,,PDF,True,Attachment exposure requires public context; inherit is not publication permission
10251,attachment,BP_Nr34_Östl._der_Nebelhornstraße_1Änd_Begründung_20251211,https://www.gemeinde-merching.de/wp-content/uploads/2026/01/BP_Nr34_Oestl._der_Nebelhornstrasse_1Aend_Begruendung_20251211.pdf,https://www.gemeinde-merching.de/wp-content/uploads/2026/01/BP_Nr34_Oestl._der_Nebelhornstrasse_1Aend_Begruendung_20251211.pdf,206,,PDF,True,Attachment exposure requires public context; inherit is not publication permission
2376,attachment,post-expirator,http://www.gemeinde-merching.de/wp-content/uploads/2015/08/post-expirator.jpg,http://www.gemeinde-merching.de/wp-content/uploads/2015/08/post-expirator.jpg,206,,image,True,Attachment exposure requires public context; inherit is not publication permission
2378,attachment,post-expirator2,http://www.gemeinde-merching.de/wp-content/uploads/2015/08/post-expirator2.jpg,http://www.gemeinde-merching.de/wp-content/uploads/2015/08/post-expirator2.jpg,206,,image,True,Attachment exposure requires public context; inherit is not publication permission
7566,attachment,Amtsblatt 05-2023=Jahrg. 78 Nr. 05,https://www.gemeinde-merching.de/wp-content/uploads/2023/05/Amtsblatt-05-2023Jahrg.-78-Nr.-05.pdf,https://www.gemeinde-merching.de/wp-content/uploads/2023/05/Amtsblatt-05-2023Jahrg.-78-Nr.-05.pdf,206,,PDF,True,Attachment exposure requires public context; inherit is not publication permission
7568,attachment,Amtsblatt 03-2023=Jahrg. 78 Nr. 3,https://www.gemeinde-merching.de/wp-content/uploads/2023/05/Amtsblatt-03-2023Jahrg.-78-Nr.-3.pdf,https://www.gemeinde-merching.de/wp-content/uploads/2023/05/Amtsblatt-03-2023Jahrg.-78-Nr.-3.pdf,206,,PDF,True,Attachment exposure requires public context; inherit is not publication permission
2799,attachment,Gewerbeeintraege-mit-connections-anlegen-mit-homepage,http://www.gemeinde-merching.de/wp-content/uploads/2016/06/Gewerbeeintraege-mit-connections-anlegen-mit-homepage.jpg,http://www.gemeinde-merching.de/wp-content/uploads/2016/06/Gewerbeeintraege-mit-connections-anlegen-mit-homepage.jpg,206,,image,True,Attachment exposure requires public context; inherit is not publication permission
2800,attachment,Gewerbeeintraege-mit-connections-anlegen-ohne-eigene-homepage-1,http://www.gemeinde-merching.de/wp-content/uploads/2016/06/Gewerbeeintraege-mit-connections-anlegen-ohne-eigene-homepage-1.jpg,http://www.gemeinde-merching.de/wp-content/uploads/2016/06/Gewerbeeintraege-mit-connections-anlegen-ohne-eigene-homepage-1.jpg,206,,image,True,Attachment exposure requires public context; inherit is not publication permission
2801,attachment,Gewerbeeintraege-mit-connections-anlegen-ohne-eigene-homepage-2,http://www.gemeinde-merching.de/wp-content/uploads/2016/06/Gewerbeeintraege-mit-connections-anlegen-ohne-eigene-homepage-2.jpg,http://www.gemeinde-merching.de/wp-content/uploads/2016/06/Gewerbeeintraege-mit-connections-anlegen-ohne-eigene-homepage-2.jpg,206,,image,True,Attachment exposure requires public context; inherit is not publication permission
2802,attachment,Gewerbeeintraege-mit-connections-verwalten,http://www.gemeinde-merching.de/wp-content/uploads/2016/06/Gewerbeeintraege-mit-connections-verwalten.jpg,http://www.gemeinde-merching.de/wp-content/uploads/2016/06/Gewerbeeintraege-mit-connections-verwalten.jpg,206,,image,True,Attachment exposure requires public context; inherit is not publication permission
2847,page,Bürgerserviceportal,https://www.gemeinde-merching.de/buergerservice/buergerserviceportal/,https://www.gemeinde-merching.de/buergerservice/buergerserviceportal/,200,https://www.gemeinde-merching.de/buergerservice/buergerserviceportal/,page,True,WXR numeric CPT links can be noncanonical/broken; use live navigation and managed downloads
2850,attachment,BSP_Logo_180,http://www.gemeinde-merching.de/wp-content/uploads/2016/08/BSP_Logo_180.jpg,http://www.gemeinde-merching.de/wp-content/uploads/2016/08/BSP_Logo_180.jpg,206,,image,True,Attachment exposure requires public context; inherit is not publication permission
3068,attachment,Logo Bürgernetz,http://www.gemeinde-merching.de/wp-content/uploads/2017/01/Logo-Bürgernetz.png,http://www.gemeinde-merching.de/wp-content/uploads/2017/01/Logo-B%C3%BCrgernetz.png,206,,image,True,Attachment exposure requires public context; inherit is not publication permission
7777,attachment,Amtsblatt 07-2023=Jahrg. 78 Nr. 07,https://www.gemeinde-merching.de/wp-content/uploads/2023/07/Amtsblatt-07-2023Jahrg.-78-Nr.-07.pdf,https://www.gemeinde-merching.de/wp-content/uploads/2023/07/Amtsblatt-07-2023Jahrg.-78-Nr.-07.pdf,206,,PDF,True,Attachment exposure requires public context; inherit is not publication permission
10693,attachment,Helfer-Markus-klein,https://www.gemeinde-merching.de/wp-content/uploads/2026/05/Helfer-Markus-klein.jpg,https://www.gemeinde-merching.de/wp-content/uploads/2026/05/Helfer-Markus-klein.jpg,206,,image,True,Attachment exposure requires public context; inherit is not publication permission
9977,attachment,Bekanntmachung Satzung für das Kommunalunternehmen Merching vom 16.09.2025,https://www.gemeinde-merching.de/wp-content/uploads/2025/09/Bekanntmachung-Satzung-fuer-das-Kommunalunternehmen-Merching-vom-16.09.2025.pdf,https://www.gemeinde-merching.de/wp-content/uploads/2025/09/Bekanntmachung-Satzung-fuer-das-Kommunalunternehmen-Merching-vom-16.09.2025.pdf,206,,PDF,True,Attachment exposure requires public context; inherit is not publication permission
9017,attachment,Heimatprojekt_Textvorschlag_Website,https://www.gemeinde-merching.de/wp-content/uploads/2024/10/Heimatprojekt_Textvorschlag_Website.pdf,https://www.gemeinde-merching.de/wp-content/uploads/2024/10/Heimatprojekt_Textvorschlag_Website.pdf,206,,PDF,True,Attachment exposure requires public context; inherit is not publication permission
9018,attachment,Bürgerbefragung_Druckformat,https://www.gemeinde-merching.de/wp-content/uploads/2024/10/Buergerbefragung_Druckformat.pdf,https://www.gemeinde-merching.de/wp-content/uploads/2024/10/Buergerbefragung_Druckformat.pdf,206,,PDF,True,Attachment exposure requires public context; inherit is not publication permission
3658,page,Datenschutzerklärung,https://www.gemeinde-merching.de/impressum/datenschutzerklaerung/,https://www.gemeinde-merching.de/impressum/datenschutzerklaerung/,200,https://www.gemeinde-merching.de/impressum/datenschutzerklaerung/,page,True,WXR numeric CPT links can be noncanonical/broken; use live navigation and managed downloads
7617,attachment,Aufhebung_BP_Nr3a_Anschreiben_TÖB_Bet_20230601,https://www.gemeinde-merching.de/wp-content/uploads/2023/06/Aufhebung_BP_Nr3a_Anschreiben_TOeB_Bet_20230601.pdf,https://www.gemeinde-merching.de/wp-content/uploads/2023/06/Aufhebung_BP_Nr3a_Anschreiben_TOeB_Bet_20230601.pdf,206,,PDF,True,Attachment exposure requires public context; inherit is not publication permission
3736,attachment,Logo Hochwasser,https://www.gemeinde-merching.de/wp-content/uploads/2018/08/Logo-Hochwasser.jpg,https://www.gemeinde-merching.de/wp-content/uploads/2018/08/Logo-Hochwasser.jpg,206,,image,True,Attachment exposure requires public context; inherit is not publication permission
3868,link_library_links,Bauwasserbezugsvertrag,https://www.gemeinde-merching.de/download/wasserversorgung/Bauwasserbezugsvertrag.pdf,https://www.gemeinde-merching.de/download/wasserversorgung/Bauwasserbezugsvertrag.pdf,404,,page,True,WXR numeric CPT links can be noncanonical/broken; use live navigation and managed downloads
3867,link_library_links,Unternehmens- und Gründerberatung im Landratsamt Aichach-Friedberg,https://lra-aic-fdb.de/landkreis/wirtschaft/termine-und-veranstaltungen,,not crawled/filtered,,,True,WXR numeric CPT links can be noncanonical/broken; use live navigation and managed downloads
3866,link_library_links,"Vollmacht zur Abholung von Dokumenten (Reisepass, Personalausweis)",http://formular-server.de/AIC_FS/findform?shortname=jueANT4001514005401&formtecid=2&areashortname=Merching,,not crawled/filtered,,,True,WXR numeric CPT links can be noncanonical/broken; use live navigation and managed downloads
3865,link_library_links,Wohnungsgeberbestätigung zur Vorlage bei der Meldebehörde,http://formular-server.de/AIC_FS/findform?shortname=jue_4001504002402&formtecid=2&areashortname=Merching,,not crawled/filtered,,,True,WXR numeric CPT links can be noncanonical/broken; use live navigation and managed downloads
3864,link_library_links,Zustimmungserklärung bei Personalausweis- und Passanträgen,http://formular-server.de/AIC_FS/findform?shortname=juePAS4001511102401&formtecid=2&areashortname=Merching,,not crawled/filtered,,,True,WXR numeric CPT links can be noncanonical/broken; use live navigation and managed downloads
3863,link_library_links,Energieatlas Bayern,http://www.energieatlas.bayern.de,,not crawled/filtered,,,True,WXR numeric CPT links can be noncanonical/broken; use live navigation and managed downloads
3861,link_library_links,SEPA-Mandat Mittelschulverband,https://www.gemeinde-merching.de/wp-content/uploads/2013/06/Mandat_Mittelschulverband.pdf,https://www.gemeinde-merching.de/wp-content/uploads/2013/06/Mandat_Mittelschulverband.pdf,206,,PDF,True,WXR numeric CPT links can be noncanonical/broken; use live navigation and managed downloads
3862,link_library_links,SEPA-Mandat Grundschulverband,https://www.gemeinde-merching.de/wp-content/uploads/2013/06/Mandat_Grundschulverband.pdf,https://www.gemeinde-merching.de/wp-content/uploads/2013/06/Mandat_Grundschulverband.pdf,206,,PDF,True,WXR numeric CPT links can be noncanonical/broken; use live navigation and managed downloads
3860,link_library_links,"""Klimaschutz"" des Landratsamtes Aichach-Friedberg",http://www.lra-aic-fdb.de/klimaschutz,,not crawled/filtered,,,True,WXR numeric CPT links can be noncanonical/broken; use live navigation and managed downloads
3859,link_library_links,Formulare zur Steuererklärung,http://www.finanzamt.bayern.de/Informationen/Formulare/default.php?f=augsburg-land&c=n&d=x&t=x,,not crawled/filtered,,,True,WXR numeric CPT links can be noncanonical/broken; use live navigation and managed downloads
3857,link_library_links,Formulare der Deutschen Rentenversicherung,http://www.deutsche-rentenversicherung.de/Allgemein/de/Navigation/5_Services/04_formulare_und_antraege/FormulareUndAntraege_node.html,,not crawled/filtered,,,True,WXR numeric CPT links can be noncanonical/broken; use live navigation and managed downloads
3856,link_library_links,Bayerischer Behördenwegweiser,http://www.behoerdenwegweiser.bayern.de/,,not crawled/filtered,,,True,WXR numeric CPT links can be noncanonical/broken; use live navigation and managed downloads
3853,link_library_links,Verdienstbescheinigung,http://formular-server.de/AIC_FS/findform?shortname=jueBES4096851102402&formtecid=2&areashortname=Merching,,not crawled/filtered,,,True,WXR numeric CPT links can be noncanonical/broken; use live navigation and managed downloads
3854,link_library_links,Landkreis Aichach Friedberg,http://www.lra-aic-fdb.de/,,not crawled/filtered,,,True,WXR numeric CPT links can be noncanonical/broken; use live navigation and managed downloads
3855,link_library_links,"Verkehrssicherheitsprogramm 2020 ""Bayern mobil sicher ans Ziel""",http://www.sichermobil.bayern.de/,,not crawled/filtered,,,True,WXR numeric CPT links can be noncanonical/broken; use live navigation and managed downloads
3851,link_library_links,Hundesteuer: Anmeldung und Abmeldung,http://formular-server.de/AIC_FS/findform?shortname=jue_STR4009234003401&formtecid=2&areashortname=Merching,,not crawled/filtered,,,True,WXR numeric CPT links can be noncanonical/broken; use live navigation and managed downloads
3849,link_library_links,Antrag auf Stundung oder Ratenzahlung,http://formular-server.de/AIC_FS/findform?shortname=jue_STR4009521011402&formtecid=2&areashortname=Merching,,not crawled/filtered,,,True,WXR numeric CPT links can be noncanonical/broken; use live navigation and managed downloads
3848,link_library_links,Pachtvertrag für Grundstücke,http://formular-server.de/AIC_FS/findform?shortname=jueSOZ4006806004402&formtecid=2&areashortname=Merching,,not crawled/filtered,,,True,WXR numeric CPT links can be noncanonical/broken; use live navigation and managed downloads
3846,link_library_links,Mietbescheinigung,http://formular-server.de/AIC_FS/findform?shortname=jueWOH4006851112401&formtecid=2&areashortname=Merching,,not crawled/filtered,,,True,WXR numeric CPT links can be noncanonical/broken; use live navigation and managed downloads
3847,link_library_links,Mietvertrag,http://formular-server.de/AIC_FS/findform?shortname=jueSOZ4006806001406&formtecid=2&areashortname=Merching,,not crawled/filtered,,,True,WXR numeric CPT links can be noncanonical/broken; use live navigation and managed downloads
3845,link_library_links,Aufstellung der in Betracht kommenden Unterlagen zum Antrag auf Wohngeld (Miet- oder Lastenzuschuss),http://formular-server.de/AIC_FS/findform?shortname=jueWOH4006851112401&formtecid=2&areashortname=Merching,,not crawled/filtered,,,True,WXR numeric CPT links can be noncanonical/broken; use live navigation and managed downloads
3844,link_library_links,Angaben des Vermieters zum Wohnraum,http://formular-server.de/AIC_FS/findform?shortname=jueEWW4006851108402&formtecid=2&areashortname=Merching,,not crawled/filtered,,,True,WXR numeric CPT links can be noncanonical/broken; use live navigation and managed downloads
3843,link_library_links,Antrag auf Erteilung einer Genehmigung für Versetzung/Errichtung/Grabmal/Grabplatte/Einfriedung/Wahlgrab/Reihengrab,http://formular-server.de/AIC_FS/findform?shortname=jueANT4005541001402&formtecid=2&areashortname=Merching,,not crawled/filtered,,,True,WXR numeric CPT links can be noncanonical/broken; use live navigation and managed downloads
3842,link_library_links,Antrag auf Erstattung von Verdienstausfall im Feuerwehrdienst,http://formular-server.de/AIC_FS/findform?shortname=jueANT4000912501402&formtecid=2&areashortname=Merching,,not crawled/filtered,,,True,WXR numeric CPT links can be noncanonical/broken; use live navigation and managed downloads
3841,link_library_links,Antrag auf Gastschul-Besuch,http://formular-server.de/AIC_FS/findform?shortname=jueANT4092001003402&formtecid=2&areashortname=Merching,,not crawled/filtered,,,True,WXR numeric CPT links can be noncanonical/broken; use live navigation and managed downloads
3840,link_library_links,Merkblatt für das Gaststättengewerbe,http://formular-server.de/AIC_FS/findform?shortname=jueANT4008237401401&formtecid=2&areashortname=Merching,,not crawled/filtered,,,True,WXR numeric CPT links can be noncanonical/broken; use live navigation and managed downloads
3839,link_library_links,Gewerbe-Abmeldung nach § 14 GewO oder § 55 c GewO,http://formular-server.de/AIC_FS/findform?shortname=jueGEW4008221003402&formtecid=2&areashortname=Merching,,not crawled/filtered,,,True,WXR numeric CPT links can be noncanonical/broken; use live navigation and managed downloads
3838,link_library_links,Gewerbe-Ummeldung nach § 14 GewO oder § 55 c GewO,http://formular-server.de/AIC_FS/findform?shortname=jueGEW4008221022402&formtecid=2&areashortname=Merching,,not crawled/filtered,,,True,WXR numeric CPT links can be noncanonical/broken; use live navigation and managed downloads
3837,link_library_links,Gewerbe-Anmeldung nach § 14 GewO oder § 55 c GewO,http://formular-server.de/AIC_FS/findform?shortname=jueGEW4008221021402&formtecid=2&areashortname=Merching,,not crawled/filtered,,,True,WXR numeric CPT links can be noncanonical/broken; use live navigation and managed downloads
3836,link_library_links,Beiblatt zur Gewerbe- Anmeldung Ummeldung Abmeldung,http://formular-server.de/AIC_FS/findform?shortname=jueGEW4008221101401&formtecid=2&areashortname=Merching,,not crawled/filtered,,,True,WXR numeric CPT links can be noncanonical/broken; use live navigation and managed downloads
3835,link_library_links,Antrag auf Auskunft aus dem Gewerbezentralregister,http://formular-server.de/AIC_FS/findform?shortname=jueANT4008225007401&formtecid=2&areashortname=Merching,,not crawled/filtered,,,True,WXR numeric CPT links can be noncanonical/broken; use live navigation and managed downloads
3824,link_library_links,Leitfaden für den sicheren Umgang mit Lebensmitteln,http://formular-server.de/AIC_FS/findform?shortname=jueMB4098237412401&formtecid=2&areashortname=Merching,,not crawled/filtered,,,True,WXR numeric CPT links can be noncanonical/broken; use live navigation and managed downloads
3823,link_library_links,Jugendschutzgesetz (JuSchG),http://formular-server.de/AIC_FS/findform?shortname=jueJUG4008237404401&formtecid=2&areashortname=Merching,,not crawled/filtered,,,True,WXR numeric CPT links can be noncanonical/broken; use live navigation and managed downloads
3822,link_library_links,Anzeige einer öffentlichen Veranstaltung,http://formular-server.de/AIC_FS/findform?shortname=jueANZ4178236042402&formtecid=2&areashortname=Merching,,not crawled/filtered,,,True,WXR numeric CPT links can be noncanonical/broken; use live navigation and managed downloads
3821,link_library_links,Antrag auf Gestattung eines vorübergehenden Gaststättenbetriebes aus besonderem Anlass nach § 12 Gaststättengesetz,http://formular-server.de/AIC_FS/findform?shortname=jueANT4008231011401&formtecid=2&areashortname=Merching,,not crawled/filtered,,,True,WXR numeric CPT links can be noncanonical/broken; use live navigation and managed downloads
3820,link_library_links,Antrag auf Genehmigung zum Abbrennen eines Feuerwerks gem. § 24 Abs. 1 der Ersten Verordnung zum Sprengstoffgesetz,http://formular-server.de/AIC_FS/findform?shortname=jueANT4001391002401&formtecid=2&areashortname=Merching,,not crawled/filtered,,,True,WXR numeric CPT links can be noncanonical/broken; use live navigation and managed downloads
3819,link_library_links,Einrichtung einer Auskunfts- bzw. Übermittlungssperre,http://formular-server.de/AIC_FS/findform?shortname=jue4001502501402&formtecid=2&areashortname=Merching,,not crawled/filtered,,,True,WXR numeric CPT links can be noncanonical/broken; use live navigation and managed downloads
3817,link_library_links,Abmeldung bei der Meldebehörde,http://formular-server.de/AIC_FS/findform?shortname=jueMEL4091501005404&formtecid=2&areashortname=Merching,,not crawled/filtered,,,True,WXR numeric CPT links can be noncanonical/broken; use live navigation and managed downloads
3818,link_library_links,Anmeldung bei der Meldebehörde – Umzugsmeldung –,http://formular-server.de/AIC_FS/findform?shortname=jueMEL4091501009403&formtecid=2&areashortname=Merching,,not crawled/filtered,,,True,WXR numeric CPT links can be noncanonical/broken; use live navigation and managed downloads
3816,link_library_links,Bayerische Regiobahn,http://www.bayerischeregiobahn.de/,,not crawled/filtered,,,True,WXR numeric CPT links can be noncanonical/broken; use live navigation and managed downloads
3815,link_library_links,Das Wittelsbacher Land,http://wittelsbacherland.de/,,not crawled/filtered,,,True,WXR numeric CPT links can be noncanonical/broken; use live navigation and managed downloads
3813,link_library_links,Anmeldung bei der Meldebehörde,http://formular-server.de/AIC_FS/findform?shortname=jueANM4091501004404&formtecid=2&areashortname=Merching,,not crawled/filtered,,,True,WXR numeric CPT links can be noncanonical/broken; use live navigation and managed downloads
3814,link_library_links,Antrag auf Anordnung verkehrsregelnder Maßnahmen nach §45 Straßenverkehrs-Ordnung (StVO),http://formular-server.de/AIC_FS/findform?shortname=jueANT4001401051402&formtecid=2&areashortname=Merching,,not crawled/filtered,,,True,WXR numeric CPT links can be noncanonical/broken; use live navigation and managed downloads
3812,link_library_links,AVV Fahrplanauskunft,http://www.avv-augsburg.de/fahrplan/fahrplanauskunft,,not crawled/filtered,,,True,WXR numeric CPT links can be noncanonical/broken; use live navigation and managed downloads
3869,link_library_links,Antrag auf Wasserbezug - Einbau eines Wasserzählers,https://www.gemeinde-merching.de/download/wasserversorgung/Antrag_fuer_Wasserbezug.pdf,https://www.gemeinde-merching.de/download/wasserversorgung/Antrag_fuer_Wasserbezug.pdf,404,,page,True,WXR numeric CPT links can be noncanonical/broken; use live navigation and managed downloads
3872,link_library_links,https://www.gemeinde-merching.de/buergerservice/gemeinderat/,https://www.gemeinde-merching.de/buergerservice/gemeinderat/,https://www.gemeinde-merching.de/buergerservice/gemeinderat/,200,https://www.gemeinde-merching.de/buergerservice/gemeinderat/,page,True,WXR numeric CPT links can be noncanonical/broken; use live navigation and managed downloads
3873,link_library_links,Anmeldung eines Gartenwasserzählers,https://www.gemeinde-merching.de/download/wasserversorgung/Anmeldung_eines_Gartenwasserzaehlers_NEU_ab_2022.pdf,https://www.gemeinde-merching.de/download/wasserversorgung/Anmeldung_eines_Gartenwasserzaehlers_NEU_ab_2022.pdf,404,,page,True,WXR numeric CPT links can be noncanonical/broken; use live navigation and managed downloads
3874,link_library_links,Hochwasser-Info,https://www.hochwasserinfo.bayern.de/,,not crawled/filtered,,,True,WXR numeric CPT links can be noncanonical/broken; use live navigation and managed downloads
3942,attachment,Logo Advent,https://www.gemeinde-merching.de/wp-content/uploads/2018/11/Logo-Advent.pdf,https://www.gemeinde-merching.de/wp-content/uploads/2018/11/Logo-Advent.pdf,206,,PDF,True,Attachment exposure requires public context; inherit is not publication permission
4016,attachment,Vordruck_Bauplatzbewerbung,https://www.gemeinde-merching.de/wp-content/uploads/2019/03/Vordruck_Bauplatzbewerbung.pdf,https://www.gemeinde-merching.de/wp-content/uploads/2019/03/Vordruck_Bauplatzbewerbung.pdf,206,,PDF,True,Attachment exposure requires public context; inherit is not publication permission
10382,attachment,Merchinger Ramadama 2026 PDF,https://www.gemeinde-merching.de/wp-content/uploads/2026/02/Merchinger-Ramadama-2026-PDF.pdf,https://www.gemeinde-merching.de/wp-content/uploads/2026/02/Merchinger-Ramadama-2026-PDF.pdf,206,,PDF,True,Attachment exposure requires public context; inherit is not publication permission
10364,attachment,Merchinger Rama Dama 2026,https://www.gemeinde-merching.de/wp-content/uploads/2026/02/Merchinger-Rama-Dama-2026.pdf,https://www.gemeinde-merching.de/wp-content/uploads/2026/02/Merchinger-Rama-Dama-2026.pdf,206,,PDF,True,Attachment exposure requires public context; inherit is not publication permission
4096,link_library_links,Wittelsbacher Land e.V.,https://www.wittelsbacherland-verein.de/start.html,,not crawled/filtered,,,True,WXR numeric CPT links can be noncanonical/broken; use live navigation and managed downloads
10479,attachment,Screenshot 2026-04-08 095702 Solaroffensive LRA 04_26,https://www.gemeinde-merching.de/wp-content/uploads/2026/04/Screenshot-2026-04-08-095702-Solaroffensive-LRA-04_26.jpg,https://www.gemeinde-merching.de/wp-content/uploads/2026/04/Screenshot-2026-04-08-095702-Solaroffensive-LRA-04_26.jpg,206,,image,True,Attachment exposure requires public context; inherit is not publication permission
9055,post,Gemeindekurier Sommer 2026,https://www.gemeinde-merching.de/gemeindekurier-herbst-2024-m-einladung-zu-den-buergerversammlungen-2024/,https://www.gemeinde-merching.de/gemeindekurier-herbst-2024-m-einladung-zu-den-buergerversammlungen-2024/,200,https://www.gemeinde-merching.de/gemeindekurier-herbst-2024-m-einladung-zu-den-buergerversammlungen-2024/,page,True,WXR numeric CPT links can be noncanonical/broken; use live navigation and managed downloads
9056,attachment,Gemeindekurier Herbst 2024 f. Homepage,https://www.gemeinde-merching.de/wp-content/uploads/2024/10/Gemeindekurier-Herbst-2024-f.-Homepage.pdf,https://www.gemeinde-merching.de/wp-content/uploads/2024/10/Gemeindekurier-Herbst-2024-f.-Homepage.pdf,206,,PDF,True,Attachment exposure requires public context; inherit is not publication permission
4149,link_library_links,Energieberatung Landkreis Aichach-Friedberg,https://lra-aic-fdb.de/landkreis/klimaschutz/termine-klimaschutz,,not crawled/filtered,,,True,WXR numeric CPT links can be noncanonical/broken; use live navigation and managed downloads
4152,attachment,httpswww.gemeinde-merching.dewpfilebase_thumbnail1fid359nameEnergieberatung_Landkreis_Aichach-Friedberg_Typo_schwarz_RGB_klein.jpg,https://www.gemeinde-merching.de/links/nuetzliche-und-hilfreiche-links/4149/httpswww-gemeinde-merching-dewpfilebase_thumbnail1fid359nameenergieberatung_landkreis_aichach-friedberg_typo_schwarz_rgb_klein-jpg/,https://www.gemeinde-merching.de/links/nuetzliche-und-hilfreiche-links/4149/httpswww-gemeinde-merching-dewpfilebase_thumbnail1fid359nameenergieberatung_landkreis_aichach-friedberg_typo_schwarz_rgb_klein-jpg/,404,,page,True,Attachment exposure requires public context; inherit is not publication permission
7607,attachment,Vorkaufsrechtssatzung,https://www.gemeinde-merching.de/wp-content/uploads/2023/05/Vorkaufsrechtssatzung.pdf,https://www.gemeinde-merching.de/wp-content/uploads/2023/05/Vorkaufsrechtssatzung.pdf,206,,PDF,True,Attachment exposure requires public context; inherit is not publication permission
7605,attachment,Satzung 30.05.2023,https://www.gemeinde-merching.de/wp-content/uploads/2023/05/Satzung-30.05.2023.pdf,https://www.gemeinde-merching.de/wp-content/uploads/2023/05/Satzung-30.05.2023.pdf,206,,PDF,True,Attachment exposure requires public context; inherit is not publication permission
8006,attachment,Albrecht-Sofie-klein,https://www.gemeinde-merching.de/wp-content/uploads/2023/10/Albrecht-Sofie-klein.jpg,https://www.gemeinde-merching.de/wp-content/uploads/2023/10/Albrecht-Sofie-klein.jpg,206,,image,True,Attachment exposure requires public context; inherit is not publication permission
10245,wpdmpro,Bürgertelefon Krebs,https://www.gemeinde-merching.de/download/buergertelefon-krebs/,https://www.gemeinde-merching.de/download/buergertelefon-krebs/,200,https://www.gemeinde-merching.de/download/buergertelefon-krebs/,page,True,WXR numeric CPT links can be noncanonical/broken; use live navigation and managed downloads
10246,attachment,BZKF_BürgerTelefonKrebs v. F. Hagen,https://www.gemeinde-merching.de/wp-content/uploads/2026/01/BZKF_BuergerTelefonKrebs-v.-F.-Hagen.pdf,https://www.gemeinde-merching.de/wp-content/uploads/2026/01/BZKF_BuergerTelefonKrebs-v.-F.-Hagen.pdf,206,,PDF,True,Attachment exposure requires public context; inherit is not publication permission
8134,post,Abschaffung des Kinderreisepasses zum 1. Januar 2024,https://www.gemeinde-merching.de/abschaffung-des-kinderreisepasses-zum-1-januar-2024/,https://www.gemeinde-merching.de/abschaffung-des-kinderreisepasses-zum-1-januar-2024/,200,https://www.gemeinde-merching.de/abschaffung-des-kinderreisepasses-zum-1-januar-2024/,page,True,WXR numeric CPT links can be noncanonical/broken; use live navigation and managed downloads
9014,post,Grundsteuer ab 2025,https://www.gemeinde-merching.de/grundsteuer-ab-2025/,https://www.gemeinde-merching.de/grundsteuer-ab-2025/,200,https://www.gemeinde-merching.de/grundsteuer-ab-2025/,page,True,WXR numeric CPT links can be noncanonical/broken; use live navigation and managed downloads
8132,wpdmpro,Abschaffung des Kinderreisepasses zum 01.01.2024,https://www.gemeinde-merching.de/download/abschaffung-des-kinderreisepasses-zum-01-01-2024/,https://www.gemeinde-merching.de/download/abschaffung-des-kinderreisepasses-zum-01-01-2024/,200,https://www.gemeinde-merching.de/download/abschaffung-des-kinderreisepasses-zum-01-01-2024/,page,True,WXR numeric CPT links can be noncanonical/broken; use live navigation and managed downloads
8133,attachment,Abschaffung des Kinderreisepasses zum 01.01.2024,https://www.gemeinde-merching.de/wp-content/uploads/2023/11/Abschaffung-des-Kinderreisepasses-zum-01.01.2024.pdf,https://www.gemeinde-merching.de/wp-content/uploads/2023/11/Abschaffung-des-Kinderreisepasses-zum-01.01.2024.pdf,206,,PDF,True,Attachment exposure requires public context; inherit is not publication permission
4401,link_library_links,Antrag auf Erteilung einer Ausnahmegenehmigung gem. § 46 Abs. 1 Nr. 8 StVO für Inanspruchnahme von öffentl. Verkehrsgrund (§ 32 StVO),http://formular-server.de/AIC_FS/findform?shortname=jueANT4001401071401&formtecid=2&areashortname=Merching,,not crawled/filtered,,,True,WXR numeric CPT links can be noncanonical/broken; use live navigation and managed downloads
7608,wpdmpro,"Satzung über das besondere Vorkaufsrecht d. Gemeinde Merching f. den Bereich d. Fl.Nr. 88/1, 90 und 93/3 d. Gemarkung Merching",https://www.gemeinde-merching.de/download/satzung-ueber-das-besondere-vorkaufsrecht-d-gemeinde-merching-f-den-bereich-d-fl-nr-88-1-90-und-93-3-d-gemarkung-merching/,https://www.gemeinde-merching.de/download/satzung-ueber-das-besondere-vorkaufsrecht-d-gemeinde-merching-f-den-bereich-d-fl-nr-88-1-90-und-93-3-d-gemarkung-merching/,200,https://www.gemeinde-merching.de/download/satzung-ueber-das-besondere-vorkaufsrecht-d-gemeinde-merching-f-den-bereich-d-fl-nr-88-1-90-und-93-3-d-gemarkung-merching/,page,True,WXR numeric CPT links can be noncanonical/broken; use live navigation and managed downloads
7609,attachment,Vorkaufsrechtssatzung,https://www.gemeinde-merching.de/wp-content/uploads/2023/05/Vorkaufsrechtssatzung-1.pdf,https://www.gemeinde-merching.de/wp-content/uploads/2023/05/Vorkaufsrechtssatzung-1.pdf,206,,PDF,True,Attachment exposure requires public context; inherit is not publication permission
10017,attachment,Aufruf Kunstförderpreis,https://www.gemeinde-merching.de/wp-content/uploads/2025/09/Aufruf-Kunstfoerderpreis.pdf,https://www.gemeinde-merching.de/wp-content/uploads/2025/09/Aufruf-Kunstfoerderpreis.pdf,206,,PDF,True,Attachment exposure requires public context; inherit is not publication permission
4535,attachment,1. Bürgermeister Helmut Luichtl,https://www.gemeinde-merching.de/wp-content/uploads/2020/05/1-Luichtl.jpg,https://www.gemeinde-merching.de/wp-content/uploads/2020/05/1-Luichtl.jpg,206,,image,True,Attachment exposure requires public context; inherit is not publication permission
4544,attachment,1. Bürgermeister Helmut Luichtl,https://www.gemeinde-merching.de/wp-content/uploads/2020/05/1-Luichtl2.jpg,https://www.gemeinde-merching.de/wp-content/uploads/2020/05/1-Luichtl2.jpg,206,,image,True,Attachment exposure requires public context; inherit is not publication permission
4545,attachment,2-Teifelhart2,https://www.gemeinde-merching.de/wp-content/uploads/2020/05/2-Teifelhart2.jpg,https://www.gemeinde-merching.de/wp-content/uploads/2020/05/2-Teifelhart2.jpg,206,,image,True,Attachment exposure requires public context; inherit is not publication permission
4546,attachment,6-Greipel2,https://www.gemeinde-merching.de/wp-content/uploads/2020/05/6-Greipel2.jpg,https://www.gemeinde-merching.de/wp-content/uploads/2020/05/6-Greipel2.jpg,206,,image,True,Attachment exposure requires public context; inherit is not publication permission
4547,attachment,4-Mayr2,https://www.gemeinde-merching.de/wp-content/uploads/2020/05/4-Mayr2.jpg,https://www.gemeinde-merching.de/wp-content/uploads/2020/05/4-Mayr2.jpg,206,,image,True,Attachment exposure requires public context; inherit is not publication permission
4548,attachment,15-Dittebrand2,https://www.gemeinde-merching.de/wp-content/uploads/2020/05/15-Dittebrand2.jpg,https://www.gemeinde-merching.de/wp-content/uploads/2020/05/15-Dittebrand2.jpg,206,,image,True,Attachment exposure requires public context; inherit is not publication permission
4549,attachment,14-Schwarz2,https://www.gemeinde-merching.de/wp-content/uploads/2020/05/14-Schwarz2.jpg,https://www.gemeinde-merching.de/wp-content/uploads/2020/05/14-Schwarz2.jpg,206,,image,True,Attachment exposure requires public context; inherit is not publication permission
4550,attachment,7_15Wecker_Martin,https://www.gemeinde-merching.de/wp-content/uploads/2020/05/7_15Wecker_Martin.jpg,https://www.gemeinde-merching.de/wp-content/uploads/2020/05/7_15Wecker_Martin.jpg,206,,image,True,Attachment exposure requires public context; inherit is not publication permission
4551,attachment,7_0Storch,https://www.gemeinde-merching.de/wp-content/uploads/2020/05/7_0Storch.jpg,https://www.gemeinde-merching.de/wp-content/uploads/2020/05/7_0Storch.jpg,206,,image,True,Attachment exposure requires public context; inherit is not publication permission
4552,attachment,7_2Eckmann,https://www.gemeinde-merching.de/wp-content/uploads/2020/05/7_2Eckmann.jpg,https://www.gemeinde-merching.de/wp-content/uploads/2020/05/7_2Eckmann.jpg,206,,image,True,Attachment exposure requires public context; inherit is not publication permission
4553,attachment,7_3Failer Josef,https://www.gemeinde-merching.de/wp-content/uploads/2020/05/7_3Failer-Josef.jpg,https://www.gemeinde-merching.de/wp-content/uploads/2020/05/7_3Failer-Josef.jpg,206,,image,True,Attachment exposure requires public context; inherit is not publication permission
4554,attachment,7_4Failer_Christian,https://www.gemeinde-merching.de/wp-content/uploads/2020/05/7_4Failer_Christian.jpg,https://www.gemeinde-merching.de/wp-content/uploads/2020/05/7_4Failer_Christian.jpg,206,,image,True,Attachment exposure requires public context; inherit is not publication permission
4555,attachment,7_7Lutz,https://www.gemeinde-merching.de/wp-content/uploads/2020/05/7_7Lutz.jpg,https://www.gemeinde-merching.de/wp-content/uploads/2020/05/7_7Lutz.jpg,206,,image,True,Attachment exposure requires public context; inherit is not publication permission
4556,attachment,7_12Scheibenbogen,https://www.gemeinde-merching.de/wp-content/uploads/2020/05/7_12Scheibenbogen.jpg,https://www.gemeinde-merching.de/wp-content/uploads/2020/05/7_12Scheibenbogen.jpg,206,,image,True,Attachment exposure requires public context; inherit is not publication permission
4557,attachment,7_14Waitzmann,https://www.gemeinde-merching.de/wp-content/uploads/2020/05/7_14Waitzmann.jpg,https://www.gemeinde-merching.de/wp-content/uploads/2020/05/7_14Waitzmann.jpg,206,,image,True,Attachment exposure requires public context; inherit is not publication permission
4558,attachment,3_Wolfgang_Schlagenhauf_400,https://www.gemeinde-merching.de/wp-content/uploads/2020/05/3_Wolfgang_Schlagenhauf_400.jpg,https://www.gemeinde-merching.de/wp-content/uploads/2020/05/3_Wolfgang_Schlagenhauf_400.jpg,206,,image,True,Attachment exposure requires public context; inherit is not publication permission
4559,attachment,1_Robert_Graf_400,https://www.gemeinde-merching.de/wp-content/uploads/2020/05/1_Robert_Graf_400.jpg,https://www.gemeinde-merching.de/wp-content/uploads/2020/05/1_Robert_Graf_400.jpg,206,,image,True,Attachment exposure requires public context; inherit is not publication permission
4565,attachment,7_3Failer Josef_klein,https://www.gemeinde-merching.de/wp-content/uploads/2020/05/7_3Failer-Josef_klein.jpg,https://www.gemeinde-merching.de/wp-content/uploads/2020/05/7_3Failer-Josef_klein.jpg,206,,image,True,Attachment exposure requires public context; inherit is not publication permission
4566,attachment,7_4Failer_Christian_klein,https://www.gemeinde-merching.de/wp-content/uploads/2020/05/7_4Failer_Christian_klein.jpg,https://www.gemeinde-merching.de/wp-content/uploads/2020/05/7_4Failer_Christian_klein.jpg,206,,image,True,Attachment exposure requires public context; inherit is not publication permission
4567,attachment,7_7Lutz_klein,https://www.gemeinde-merching.de/wp-content/uploads/2020/05/7_7Lutz_klein.jpg,https://www.gemeinde-merching.de/wp-content/uploads/2020/05/7_7Lutz_klein.jpg,206,,image,True,Attachment exposure requires public context; inherit is not publication permission
4568,attachment,7_12Scheibenbogen_klein,https://www.gemeinde-merching.de/wp-content/uploads/2020/05/7_12Scheibenbogen_klein.jpg,https://www.gemeinde-merching.de/wp-content/uploads/2020/05/7_12Scheibenbogen_klein.jpg,206,,image,True,Attachment exposure requires public context; inherit is not publication permission
4569,attachment,7_14Waitzmann_klein,https://www.gemeinde-merching.de/wp-content/uploads/2020/05/7_14Waitzmann_klein.jpg,https://www.gemeinde-merching.de/wp-content/uploads/2020/05/7_14Waitzmann_klein.jpg,206,,image,True,Attachment exposure requires public context; inherit is not publication permission
4570,attachment,7_15Wecker_Martin_klein,https://www.gemeinde-merching.de/wp-content/uploads/2020/05/7_15Wecker_Martin_klein.jpg,https://www.gemeinde-merching.de/wp-content/uploads/2020/05/7_15Wecker_Martin_klein.jpg,206,,image,True,Attachment exposure requires public context; inherit is not publication permission
4571,attachment,14-Schwarz2_klein,https://www.gemeinde-merching.de/wp-content/uploads/2020/05/14-Schwarz2_klein.jpg,https://www.gemeinde-merching.de/wp-content/uploads/2020/05/14-Schwarz2_klein.jpg,206,,image,True,Attachment exposure requires public context; inherit is not publication permission
4572,attachment,15-Dittebrand2_klein,https://www.gemeinde-merching.de/wp-content/uploads/2020/05/15-Dittebrand2_klein.jpg,https://www.gemeinde-merching.de/wp-content/uploads/2020/05/15-Dittebrand2_klein.jpg,206,,image,True,Attachment exposure requires public context; inherit is not publication permission
4573,attachment,1_Robert_Graf_400_klein,https://www.gemeinde-merching.de/wp-content/uploads/2020/05/1_Robert_Graf_400_klein.jpg,https://www.gemeinde-merching.de/wp-content/uploads/2020/05/1_Robert_Graf_400_klein.jpg,206,,image,True,Attachment exposure requires public context; inherit is not publication permission
4574,attachment,1-Luichtl2_klein,https://www.gemeinde-merching.de/wp-content/uploads/2020/05/1-Luichtl2_klein.jpg,https://www.gemeinde-merching.de/wp-content/uploads/2020/05/1-Luichtl2_klein.jpg,206,,image,True,Attachment exposure requires public context; inherit is not publication permission
4575,attachment,2-Teifelhart2_klein,https://www.gemeinde-merching.de/wp-content/uploads/2020/05/2-Teifelhart2_klein.jpg,https://www.gemeinde-merching.de/wp-content/uploads/2020/05/2-Teifelhart2_klein.jpg,206,,image,True,Attachment exposure requires public context; inherit is not publication permission
4576,attachment,3_Wolfgang_Schlagenhauf_400_klein,https://www.gemeinde-merching.de/wp-content/uploads/2020/05/3_Wolfgang_Schlagenhauf_400_klein.jpg,https://www.gemeinde-merching.de/wp-content/uploads/2020/05/3_Wolfgang_Schlagenhauf_400_klein.jpg,206,,image,True,Attachment exposure requires public context; inherit is not publication permission
4577,attachment,4-Mayr2_klein,https://www.gemeinde-merching.de/wp-content/uploads/2020/05/4-Mayr2_klein.jpg,https://www.gemeinde-merching.de/wp-content/uploads/2020/05/4-Mayr2_klein.jpg,206,,image,True,Attachment exposure requires public context; inherit is not publication permission
4578,attachment,6-Greipel2_klein,https://www.gemeinde-merching.de/wp-content/uploads/2020/05/6-Greipel2_klein.jpg,https://www.gemeinde-merching.de/wp-content/uploads/2020/05/6-Greipel2_klein.jpg,206,,image,True,Attachment exposure requires public context; inherit is not publication permission
4579,attachment,7_0Storch_klein,https://www.gemeinde-merching.de/wp-content/uploads/2020/05/7_0Storch_klein.jpg,https://www.gemeinde-merching.de/wp-content/uploads/2020/05/7_0Storch_klein.jpg,206,,image,True,Attachment exposure requires public context; inherit is not publication permission
4580,attachment,7_2Eckmann_klein,https://www.gemeinde-merching.de/wp-content/uploads/2020/05/7_2Eckmann_klein.jpg,https://www.gemeinde-merching.de/wp-content/uploads/2020/05/7_2Eckmann_klein.jpg,206,,image,True,Attachment exposure requires public context; inherit is not publication permission
9846,attachment,Logo-BRB,https://www.gemeinde-merching.de/wp-content/uploads/2018/09/Logo-BRB.jpg,https://www.gemeinde-merching.de/wp-content/uploads/2018/09/Logo-BRB.jpg,206,,image,True,Attachment exposure requires public context; inherit is not publication permission
4582,tablepress_table,Gemeinderat 2026-2032,https://www.gemeinde-merching.de/?post_type=tablepress_table&p=4582,,not crawled/filtered,,,True,WXR numeric CPT links can be noncanonical/broken; use live navigation and managed downloads
4590,attachment,Huber_klein,https://www.gemeinde-merching.de/wp-content/uploads/2020/05/Huber_klein.jpg,https://www.gemeinde-merching.de/wp-content/uploads/2020/05/Huber_klein.jpg,206,,image,True,Attachment exposure requires public context; inherit is not publication permission
4592,attachment,Huber_klein,https://www.gemeinde-merching.de/wp-content/uploads/2020/05/Huber_klein-1.jpg,https://www.gemeinde-merching.de/wp-content/uploads/2020/05/Huber_klein-1.jpg,206,,image,True,Attachment exposure requires public context; inherit is not publication permission
4595,attachment,Huber_klein2,https://www.gemeinde-merching.de/wp-content/uploads/2020/05/Huber_klein2.jpg,https://www.gemeinde-merching.de/wp-content/uploads/2020/05/Huber_klein2.jpg,206,,image,True,Attachment exposure requires public context; inherit is not publication permission
4597,attachment,Huber_klein2,https://www.gemeinde-merching.de/wp-content/uploads/2020/05/Huber_klein2-1.jpg,https://www.gemeinde-merching.de/wp-content/uploads/2020/05/Huber_klein2-1.jpg,206,,image,True,Attachment exposure requires public context; inherit is not publication permission
4604,attachment,7_9Natalie Lang_klein,https://www.gemeinde-merching.de/wp-content/uploads/2020/05/7_9Natalie-Lang_klein.jpg,https://www.gemeinde-merching.de/wp-content/uploads/2020/05/7_9Natalie-Lang_klein.jpg,206,,image,True,Attachment exposure requires public context; inherit is not publication permission
4610,link_library_links,"Gewerbeanzeige, Gewerbeanmeldung online über das Bayernportal",http://www.freistaat.bayern/dokumente/leistung/5777574439?plz=86504&behoerde=41441471641&gemeinde=808857560675,,not crawled/filtered,,,True,WXR numeric CPT links can be noncanonical/broken; use live navigation and managed downloads
4623,attachment,httpswww.gemeinde-merching.dewp-contentuploadslink-library-images9.jpg,https://www.gemeinde-merching.de/links/nuetzliche-und-hilfreiche-links/mifaz-mitfahrzentrale/httpswww-gemeinde-merching-dewp-contentuploadslink-library-images9-jpg/,https://www.gemeinde-merching.de/links/nuetzliche-und-hilfreiche-links/mifaz-mitfahrzentrale/httpswww-gemeinde-merching-dewp-contentuploadslink-library-images9-jpg/,404,,page,True,Attachment exposure requires public context; inherit is not publication permission
4624,attachment,httpswww.gemeinde-merching.dewp-contentuploads201701Logo-Bürgernetz-e1484639317192.png,https://www.gemeinde-merching.de/links/nuetzliche-und-hilfreiche-links/buergernetz-mering/httpswww-gemeinde-merching-dewp-contentuploads201701logo-buergernetz-e1484639317192-png/,https://www.gemeinde-merching.de/links/nuetzliche-und-hilfreiche-links/buergernetz-mering/httpswww-gemeinde-merching-dewp-contentuploads201701logo-buergernetz-e1484639317192-png/,404,,page,True,Attachment exposure requires public context; inherit is not publication permission
4625,attachment,httpswww.gemeinde-merching.dewp-contentuploadslink-library-images68.jpg,https://www.gemeinde-merching.de/links/nuetzliche-und-hilfreiche-links/formulare-zur-beantragung-eines-schwerbehindertenausweises-sowie-fuer-kindergeldleistungen/httpswww-gemeinde-merching-dewp-contentuploadslink-library-images68-jpg/,https://www.gemeinde-merching.de/links/nuetzliche-und-hilfreiche-links/formulare-zur-beantragung-eines-schwerbehindertenausweises-sowie-fuer-kindergeldleistungen/httpswww-gemeinde-merching-dewp-contentuploadslink-library-images68-jpg/,404,,page,True,Attachment exposure requires public context; inherit is not publication permission
4631,page,Fundsachen,https://www.gemeinde-merching.de/aktuelles/fundsachen/,https://www.gemeinde-merching.de/aktuelles/fundsachen/,200,https://www.gemeinde-merching.de/aktuelles/fundsachen/,page,True,WXR numeric CPT links can be noncanonical/broken; use live navigation and managed downloads
4654,attachment,Wieja_klein,https://www.gemeinde-merching.de/wp-content/uploads/2020/05/Wieja_klein.jpg,https://www.gemeinde-merching.de/wp-content/uploads/2020/05/Wieja_klein.jpg,206,,image,True,Attachment exposure requires public context; inherit is not publication permission
4656,tablepress_table,Standortfaktoren Gewerbe,https://www.gemeinde-merching.de/?post_type=tablepress_table&p=4656,,not crawled/filtered,,,True,WXR numeric CPT links can be noncanonical/broken; use live navigation and managed downloads
4660,attachment,IMG_7090 - mini 2,https://www.gemeinde-merching.de/wp-content/uploads/2020/05/IMG_7090-mini-2.jpg,https://www.gemeinde-merching.de/wp-content/uploads/2020/05/IMG_7090-mini-2.jpg,206,,image,True,Attachment exposure requires public context; inherit is not publication permission
4662,attachment,IMG_7090 - mikro,https://www.gemeinde-merching.de/wp-content/uploads/2020/05/IMG_7090-mikro.jpg,https://www.gemeinde-merching.de/wp-content/uploads/2020/05/IMG_7090-mikro.jpg,206,,image,True,Attachment exposure requires public context; inherit is not publication permission
4851,tablepress_table,Startseite-Intro,https://www.gemeinde-merching.de/?post_type=tablepress_table&p=4851,,not crawled/filtered,,,True,WXR numeric CPT links can be noncanonical/broken; use live navigation and managed downloads
4671,attachment,1. Bürgermeister Helmut Luichtl,https://www.gemeinde-merching.de/wp-content/uploads/2020/05/1-Luichtl2-micro.jpg,https://www.gemeinde-merching.de/wp-content/uploads/2020/05/1-Luichtl2-micro.jpg,206,,image,True,Attachment exposure requires public context; inherit is not publication permission
9976,wpdmpro,Bekanntmachung Unternehmenssatzung für das Kommunalunternehmen Merching vom 16.09.2026,https://www.gemeinde-merching.de/download/bekanntmachung-unternehmenssatzung-fuer-das-kommunalunternehmen-merching-vom-16-09-2026/,https://www.gemeinde-merching.de/download/bekanntmachung-unternehmenssatzung-fuer-das-kommunalunternehmen-merching-vom-16-09-2026/,200,https://www.gemeinde-merching.de/download/bekanntmachung-unternehmenssatzung-fuer-das-kommunalunternehmen-merching-vom-16-09-2026/,page,True,WXR numeric CPT links can be noncanonical/broken; use live navigation and managed downloads
9972,wpdmpro,Stellplatzsatzung der Gemeinde Merching vom 08.09.2025,https://www.gemeinde-merching.de/download/stellplatzsatzung-vom-08-09-2025/,https://www.gemeinde-merching.de/download/stellplatzsatzung-vom-08-09-2025/,200,https://www.gemeinde-merching.de/download/stellplatzsatzung-vom-08-09-2025/,page,True,WXR numeric CPT links can be noncanonical/broken; use live navigation and managed downloads
9973,attachment,Stellplatzsatzung der Gemeinde Merching vom 08.09.2025,https://www.gemeinde-merching.de/wp-content/uploads/2025/09/Stellplatzsatzung-der-Gemeinde-Merching-vom-08.09.2025.pdf,https://www.gemeinde-merching.de/wp-content/uploads/2025/09/Stellplatzsatzung-der-Gemeinde-Merching-vom-08.09.2025.pdf,206,,PDF,True,Attachment exposure requires public context; inherit is not publication permission
10179,wpdmpro,Bekanntmachung Beschwerdeausschuss,https://www.gemeinde-merching.de/download/bekanntmachung-beschwerdeausschuss/,https://www.gemeinde-merching.de/download/bekanntmachung-beschwerdeausschuss/,200,https://www.gemeinde-merching.de/download/bekanntmachung-beschwerdeausschuss/,page,True,WXR numeric CPT links can be noncanonical/broken; use live navigation and managed downloads
9969,attachment,Bekanntmachung Stellplatzsatzung vom 08.09.2025,https://www.gemeinde-merching.de/wp-content/uploads/2025/09/Bekanntmachung-Stellplatzsatzung-vom-08.09.2025.pdf,https://www.gemeinde-merching.de/wp-content/uploads/2025/09/Bekanntmachung-Stellplatzsatzung-vom-08.09.2025.pdf,206,,PDF,True,Attachment exposure requires public context; inherit is not publication permission
4726,attachment,Abgesagt,https://www.gemeinde-merching.de/wp-content/uploads/2020/05/barrier-4968021_1280.jpg,https://www.gemeinde-merching.de/wp-content/uploads/2020/05/barrier-4968021_1280.jpg,206,,image,True,Attachment exposure requires public context; inherit is not publication permission
7017,wpdmpro,Erhebung Verwaltungskosten - Satzung über die Erhebung von Verwaltungskosten für Amtshandlungen im eigenen Wirkungskreis der Gemeinde Merching - Kostensatzung,https://www.gemeinde-merching.de/download/erhebung-verwaltungskosten-satzung-ueber-die-erhebung-von-verwaltungskosten-fuer-amtshandlungen-im-eigenen-wirkungskreis-der-gemeinde-merching-kostensatzung/,https://www.gemeinde-merching.de/download/erhebung-verwaltungskosten-satzung-ueber-die-erhebung-von-verwaltungskosten-fuer-amtshandlungen-im-eigenen-wirkungskreis-der-gemeinde-merching-kostensatzung/,200,https://www.gemeinde-merching.de/download/erhebung-verwaltungskosten-satzung-ueber-die-erhebung-von-verwaltungskosten-fuer-amtshandlungen-im-eigenen-wirkungskreis-der-gemeinde-merching-kostensatzung/,page,True,WXR numeric CPT links can be noncanonical/broken; use live navigation and managed downloads
4698,attachment,Fragebogen_Gemeinde_Selbstauskunft,https://www.gemeinde-merching.de/wp-content/uploads/2020/05/Fragebogen_Gemeinde_Selbstauskunft.pdf,https://www.gemeinde-merching.de/wp-content/uploads/2020/05/Fragebogen_Gemeinde_Selbstauskunft.pdf,206,,PDF,True,Attachment exposure requires public context; inherit is not publication permission
4702,attachment,coronavirus-4914026_1280,https://www.gemeinde-merching.de/wp-content/uploads/2020/05/coronavirus-4914026_1280.jpg,https://www.gemeinde-merching.de/wp-content/uploads/2020/05/coronavirus-4914026_1280.jpg,206,,image,True,Attachment exposure requires public context; inherit is not publication permission
4711,attachment,Kategorien mit iDs,https://www.gemeinde-merching.de/wp-content/uploads/2020/05/Kategorien-mit-iDs.jpg,https://www.gemeinde-merching.de/wp-content/uploads/2020/05/Kategorien-mit-iDs.jpg,206,,image,True,Attachment exposure requires public context; inherit is not publication permission
4727,attachment,Abgesagt,https://www.gemeinde-merching.de/wp-content/uploads/2020/05/barrier-4967989_1280.jpg,https://www.gemeinde-merching.de/wp-content/uploads/2020/05/barrier-4967989_1280.jpg,206,,image,True,Attachment exposure requires public context; inherit is not publication permission
4754,attachment,kalender-7,https://www.gemeinde-merching.de/wp-content/uploads/2020/05/kalender-7.jpg,https://www.gemeinde-merching.de/wp-content/uploads/2020/05/kalender-7.jpg,206,,image,True,Attachment exposure requires public context; inherit is not publication permission
4755,attachment,kalender-6,https://www.gemeinde-merching.de/wp-content/uploads/2020/05/kalender-6.jpg,https://www.gemeinde-merching.de/wp-content/uploads/2020/05/kalender-6.jpg,206,,image,True,Attachment exposure requires public context; inherit is not publication permission
4756,attachment,kalender-5,https://www.gemeinde-merching.de/wp-content/uploads/2020/05/kalender-5.jpg,https://www.gemeinde-merching.de/wp-content/uploads/2020/05/kalender-5.jpg,206,,image,True,Attachment exposure requires public context; inherit is not publication permission
4757,attachment,kalender-4,https://www.gemeinde-merching.de/wp-content/uploads/2020/05/kalender-4.jpg,https://www.gemeinde-merching.de/wp-content/uploads/2020/05/kalender-4.jpg,206,,image,True,Attachment exposure requires public context; inherit is not publication permission
4758,attachment,kalender-3,https://www.gemeinde-merching.de/wp-content/uploads/2020/05/kalender-3.jpg,https://www.gemeinde-merching.de/wp-content/uploads/2020/05/kalender-3.jpg,206,,image,True,Attachment exposure requires public context; inherit is not publication permission
4759,attachment,kalender-2,https://www.gemeinde-merching.de/wp-content/uploads/2020/05/kalender-2.jpg,https://www.gemeinde-merching.de/wp-content/uploads/2020/05/kalender-2.jpg,206,,image,True,Attachment exposure requires public context; inherit is not publication permission
4760,attachment,kalender-1,https://www.gemeinde-merching.de/wp-content/uploads/2020/05/kalender-1.jpg,https://www.gemeinde-merching.de/wp-content/uploads/2020/05/kalender-1.jpg,206,,image,True,Attachment exposure requires public context; inherit is not publication permission
4762,attachment,kalender-sort,https://www.gemeinde-merching.de/wp-content/uploads/2020/05/kalender-sort.jpg,https://www.gemeinde-merching.de/wp-content/uploads/2020/05/kalender-sort.jpg,206,,image,True,Attachment exposure requires public context; inherit is not publication permission
4765,page,Ausschreibungen,https://www.gemeinde-merching.de/aktuelles/ausschreibungen/,https://www.gemeinde-merching.de/aktuelles/ausschreibungen/,200,https://www.gemeinde-merching.de/aktuelles/ausschreibungen/,page,True,WXR numeric CPT links can be noncanonical/broken; use live navigation and managed downloads
4776,attachment,Wappen dunkel,https://www.gemeinde-merching.de/wp-content/uploads/2020/05/Beitragsbild_Logo_Merching-2.jpg,https://www.gemeinde-merching.de/wp-content/uploads/2020/05/Beitragsbild_Logo_Merching-2.jpg,206,,image,True,Attachment exposure requires public context; inherit is not publication permission
4782,attachment,children-3566360_640,https://www.gemeinde-merching.de/wp-content/uploads/2020/05/children-3566360_640.jpg,https://www.gemeinde-merching.de/wp-content/uploads/2020/05/children-3566360_640.jpg,206,,image,True,Attachment exposure requires public context; inherit is not publication permission
4787,page,Standortfaktoren Leben und Wohnen in Merching,https://www.gemeinde-merching.de/ueber-merching/standortfaktoren-leben-und-wohnen-in-merching/,https://www.gemeinde-merching.de/ueber-merching/standortfaktoren-leben-und-wohnen-in-merching/,200,https://www.gemeinde-merching.de/ueber-merching/standortfaktoren-leben-und-wohnen-in-merching/,page,True,WXR numeric CPT links can be noncanonical/broken; use live navigation and managed downloads
4789,attachment,money-1005464_640,https://www.gemeinde-merching.de/wp-content/uploads/2020/05/money-1005464_640.jpg,https://www.gemeinde-merching.de/wp-content/uploads/2020/05/money-1005464_640.jpg,206,,image,True,Attachment exposure requires public context; inherit is not publication permission
4791,tablepress_table,Standortfaktoren Allgemein,https://www.gemeinde-merching.de/?post_type=tablepress_table&p=4791,,not crawled/filtered,,,True,WXR numeric CPT links can be noncanonical/broken; use live navigation and managed downloads
4793,tablepress_table,Standortfaktoren Freizeit,https://www.gemeinde-merching.de/?post_type=tablepress_table&p=4793,,not crawled/filtered,,,True,WXR numeric CPT links can be noncanonical/broken; use live navigation and managed downloads
4798,attachment,room-2365613_640,https://www.gemeinde-merching.de/wp-content/uploads/2020/05/room-2365613_640.jpg,https://www.gemeinde-merching.de/wp-content/uploads/2020/05/room-2365613_640.jpg,206,,image,True,Attachment exposure requires public context; inherit is not publication permission
4799,attachment,rails-3309912_640,https://www.gemeinde-merching.de/wp-content/uploads/2020/05/rails-3309912_640.jpg,https://www.gemeinde-merching.de/wp-content/uploads/2020/05/rails-3309912_640.jpg,206,,image,True,Attachment exposure requires public context; inherit is not publication permission
4800,attachment,rad-3553814_640,https://www.gemeinde-merching.de/wp-content/uploads/2020/05/rad-3553814_640.jpg,https://www.gemeinde-merching.de/wp-content/uploads/2020/05/rad-3553814_640.jpg,206,,image,True,Attachment exposure requires public context; inherit is not publication permission
4801,attachment,stand-paddling-4517331_640,https://www.gemeinde-merching.de/wp-content/uploads/2020/05/stand-paddling-4517331_640.jpg,https://www.gemeinde-merching.de/wp-content/uploads/2020/05/stand-paddling-4517331_640.jpg,206,,image,True,Attachment exposure requires public context; inherit is not publication permission
4802,attachment,stocking-1701768_640,https://www.gemeinde-merching.de/wp-content/uploads/2020/05/stocking-1701768_640.jpg,https://www.gemeinde-merching.de/wp-content/uploads/2020/05/stocking-1701768_640.jpg,206,,image,True,Attachment exposure requires public context; inherit is not publication permission
4803,attachment,network-cable-2245837_640,https://www.gemeinde-merching.de/wp-content/uploads/2020/05/network-cable-2245837_640.jpg,https://www.gemeinde-merching.de/wp-content/uploads/2020/05/network-cable-2245837_640.jpg,206,,image,True,Attachment exposure requires public context; inherit is not publication permission
4804,attachment,cutlery-1313930_640,https://www.gemeinde-merching.de/wp-content/uploads/2020/05/cutlery-1313930_640.jpg,https://www.gemeinde-merching.de/wp-content/uploads/2020/05/cutlery-1313930_640.jpg,206,,image,True,Attachment exposure requires public context; inherit is not publication permission
4805,attachment,dog-2561134_640,https://www.gemeinde-merching.de/wp-content/uploads/2020/05/dog-2561134_640.jpg,https://www.gemeinde-merching.de/wp-content/uploads/2020/05/dog-2561134_640.jpg,206,,image,True,Attachment exposure requires public context; inherit is not publication permission
4806,attachment,Wassertropfen,https://www.gemeinde-merching.de/wp-content/uploads/2020/05/drops-of-water-578897_640.jpg,https://www.gemeinde-merching.de/wp-content/uploads/2020/05/drops-of-water-578897_640.jpg,206,,image,True,Attachment exposure requires public context; inherit is not publication permission
4808,attachment,child-1864718_640,https://www.gemeinde-merching.de/wp-content/uploads/2020/05/child-1864718_640.jpg,https://www.gemeinde-merching.de/wp-content/uploads/2020/05/child-1864718_640.jpg,206,,image,True,Attachment exposure requires public context; inherit is not publication permission
4809,attachment,Bäcker-2561_640,https://www.gemeinde-merching.de/wp-content/uploads/2020/05/Bäcker-2561_640.jpg,https://www.gemeinde-merching.de/wp-content/uploads/2020/05/B%C3%A4cker-2561_640.jpg,206,,image,True,Attachment exposure requires public context; inherit is not publication permission
4812,attachment,kids-1093758_640,https://www.gemeinde-merching.de/wp-content/uploads/2020/05/kids-1093758_640.jpg,https://www.gemeinde-merching.de/wp-content/uploads/2020/05/kids-1093758_640.jpg,206,,image,True,Attachment exposure requires public context; inherit is not publication permission
4813,attachment,sewer-pipes-2259514_640,https://www.gemeinde-merching.de/wp-content/uploads/2020/05/sewer-pipes-2259514_640.jpg,https://www.gemeinde-merching.de/wp-content/uploads/2020/05/sewer-pipes-2259514_640.jpg,206,,image,True,Attachment exposure requires public context; inherit is not publication permission
4856,tablepress_table,Startseite-Intro-2,https://www.gemeinde-merching.de/?post_type=tablepress_table&p=4856,,not crawled/filtered,,,True,WXR numeric CPT links can be noncanonical/broken; use live navigation and managed downloads
4858,attachment,collage-merching,https://www.gemeinde-merching.de/wp-content/uploads/2020/06/collage-merching.jpg,https://www.gemeinde-merching.de/wp-content/uploads/2020/06/collage-merching.jpg,206,,image,True,Attachment exposure requires public context; inherit is not publication permission
4863,tablepress_table,Startseite-Intro-3,https://www.gemeinde-merching.de/?post_type=tablepress_table&p=4863,,not crawled/filtered,,,True,WXR numeric CPT links can be noncanonical/broken; use live navigation and managed downloads
4887,attachment,Schulungsflyer_Mandichosee,https://www.gemeinde-merching.de/wp-content/uploads/2020/06/Schulungsflyer_Mandichosee.pdf,https://www.gemeinde-merching.de/wp-content/uploads/2020/06/Schulungsflyer_Mandichosee.pdf,206,,PDF,True,Attachment exposure requires public context; inherit is not publication permission
4893,attachment,Wasser-Splash,https://www.gemeinde-merching.de/wp-content/uploads/2020/06/splashing-165192_640.jpg,https://www.gemeinde-merching.de/wp-content/uploads/2020/06/splashing-165192_640.jpg,206,,image,True,Attachment exposure requires public context; inherit is not publication permission
4894,attachment,Wassertropfen einzeln,https://www.gemeinde-merching.de/wp-content/uploads/2020/06/rain-455124_640.jpg,https://www.gemeinde-merching.de/wp-content/uploads/2020/06/rain-455124_640.jpg,206,,image,True,Attachment exposure requires public context; inherit is not publication permission
4899,attachment,,https://www.gemeinde-merching.de/wp-content/uploads/2020/06/Wappen-alternativ.png,https://www.gemeinde-merching.de/wp-content/uploads/2020/06/Wappen-alternativ.png,206,,image,True,Attachment exposure requires public context; inherit is not publication permission
4903,attachment,fund-office-2516068_640,https://www.gemeinde-merching.de/wp-content/uploads/2020/06/fund-office-2516068_640.jpg,https://www.gemeinde-merching.de/wp-content/uploads/2020/06/fund-office-2516068_640.jpg,206,,image,True,Attachment exposure requires public context; inherit is not publication permission
4920,attachment,Wappen weiß,https://www.gemeinde-merching.de/wp-content/uploads/2020/06/Beitragsbild_Logo_Merching-2-150x150-1.jpg,https://www.gemeinde-merching.de/wp-content/uploads/2020/06/Beitragsbild_Logo_Merching-2-150x150-1.jpg,206,,image,True,Attachment exposure requires public context; inherit is not publication permission
10152,post,Bekanntmachung über die Aufforderung zur Einreichung von Wahlvorschlägen für die Wahl des Gemeinderats und der ersten Bürgermeisterin/des ersten Bürgermeisters,https://www.gemeinde-merching.de/bekanntmachung-ueber-die-aufforderung-zur-einreichung-von-wahlvorschlaegen-fuer-die-wahl-des-gemeinderats-und-der-ersten-buergermeisterin-des-ersten-buergermeisters/,https://www.gemeinde-merching.de/bekanntmachung-ueber-die-aufforderung-zur-einreichung-von-wahlvorschlaegen-fuer-die-wahl-des-gemeinderats-und-der-ersten-buergermeisterin-des-ersten-buergermeisters/,200,https://www.gemeinde-merching.de/bekanntmachung-ueber-die-aufforderung-zur-einreichung-von-wahlvorschlaegen-fuer-die-wahl-des-gemeinderats-und-der-ersten-buergermeisterin-des-ersten-buergermeisters/,page,True,WXR numeric CPT links can be noncanonical/broken; use live navigation and managed downloads
4946,attachment,Banner_1,https://www.gemeinde-merching.de/wp-content/uploads/2020/06/Banner_1.jpg,https://www.gemeinde-merching.de/wp-content/uploads/2020/06/Banner_1.jpg,206,,image,True,Attachment exposure requires public context; inherit is not publication permission
4944,attachment,Willkommen in Merching,https://www.gemeinde-merching.de/wp-content/uploads/2020/06/collage-merching-8.jpg,https://www.gemeinde-merching.de/wp-content/uploads/2020/06/collage-merching-8.jpg,206,,image,True,Attachment exposure requires public context; inherit is not publication permission
4957,attachment,Schlüssel-Symbol,https://www.gemeinde-merching.de/wp-content/uploads/2020/06/Schluessel-I.png,https://www.gemeinde-merching.de/wp-content/uploads/2020/06/Schluessel-I.png,206,,image,True,Attachment exposure requires public context; inherit is not publication permission
4958,attachment,Fahrrad Symbol,https://www.gemeinde-merching.de/wp-content/uploads/2020/06/Fahrrad.png,https://www.gemeinde-merching.de/wp-content/uploads/2020/06/Fahrrad.png,206,,image,True,Attachment exposure requires public context; inherit is not publication permission
4959,attachment,Halskette Symbol,https://www.gemeinde-merching.de/wp-content/uploads/2020/06/Kette.png,https://www.gemeinde-merching.de/wp-content/uploads/2020/06/Kette.png,206,,image,True,Attachment exposure requires public context; inherit is not publication permission
5157,encyclopedia,Planfeststellung,https://www.gemeinde-merching.de/?post_type=encyclopedia&p=5157,https://www.gemeinde-merching.de/?p=5157&post_type=encyclopedia,404,,page,False,WXR numeric CPT links can be noncanonical/broken; use live navigation and managed downloads
5159,attachment,glossar-eintraege-erstellen-1,https://www.gemeinde-merching.de/wp-content/uploads/2020/09/glossar-eintraege-erstellen-1.jpg,https://www.gemeinde-merching.de/wp-content/uploads/2020/09/glossar-eintraege-erstellen-1.jpg,206,,image,True,Attachment exposure requires public context; inherit is not publication permission
5066,attachment,Dominikus u. Lorena bei der Schnitzeljagd,https://www.gemeinde-merching.de/wp-content/uploads/2020/07/Dominikus-u.-Lorena-bei-der-Schnitzeljagd.png,https://www.gemeinde-merching.de/wp-content/uploads/2020/07/Dominikus-u.-Lorena-bei-der-Schnitzeljagd.png,206,,image,True,Attachment exposure requires public context; inherit is not publication permission
5413,attachment,Nachhaltigkeit-Symbol,https://www.gemeinde-merching.de/wp-content/uploads/2020/12/nature-3294632_1920.jpg,https://www.gemeinde-merching.de/wp-content/uploads/2020/12/nature-3294632_1920.jpg,206,,image,True,Attachment exposure requires public context; inherit is not publication permission
7151,post,Amtsblatt Nr. 18/2026 der Regierung von Schwaben,https://www.gemeinde-merching.de/amtsblatt-nr-01-2023-der-regierung-von-schwaben/,https://www.gemeinde-merching.de/amtsblatt-nr-01-2023-der-regierung-von-schwaben/,200,https://www.gemeinde-merching.de/amtsblatt-nr-01-2023-der-regierung-von-schwaben/,page,True,WXR numeric CPT links can be noncanonical/broken; use live navigation and managed downloads
5035,attachment,Rathaus-2020,https://www.gemeinde-merching.de/wp-content/uploads/2020/07/Rathaus-2020.jpg,https://www.gemeinde-merching.de/wp-content/uploads/2020/07/Rathaus-2020.jpg,206,,image,True,Attachment exposure requires public context; inherit is not publication permission
5037,attachment,Willkommen in Merching,https://www.gemeinde-merching.de/wp-content/uploads/2020/07/collage-merching-9.jpg,https://www.gemeinde-merching.de/wp-content/uploads/2020/07/collage-merching-9.jpg,206,,image,True,Attachment exposure requires public context; inherit is not publication permission
5052,attachment,Ferienprogramm 2016 012,https://www.gemeinde-merching.de/wp-content/uploads/2020/07/Ferienprogramm-2016-012.jpg,https://www.gemeinde-merching.de/wp-content/uploads/2020/07/Ferienprogramm-2016-012.jpg,206,,image,True,Attachment exposure requires public context; inherit is not publication permission
5322,attachment,Logo_Allianz_fuer_Cyber-Sicherheit_Teilnehmer,https://www.gemeinde-merching.de/wp-content/uploads/2020/10/Logo_Allianz_fuer_Cyber-Sicherheit_Teilnehmer.jpg,https://www.gemeinde-merching.de/wp-content/uploads/2020/10/Logo_Allianz_fuer_Cyber-Sicherheit_Teilnehmer.jpg,206,,image,True,Attachment exposure requires public context; inherit is not publication permission
9852,attachment,Absage,https://www.gemeinde-merching.de/wp-content/uploads/2025/07/Absage.png,https://www.gemeinde-merching.de/wp-content/uploads/2025/07/Absage.png,206,,image,True,Attachment exposure requires public context; inherit is not publication permission
5117,attachment,Bildschirmfoto-groessere-schrift-einstellen,https://www.gemeinde-merching.de/wp-content/uploads/2020/09/Bildschirmfoto-groessere-schrift-einstellen.jpg,https://www.gemeinde-merching.de/wp-content/uploads/2020/09/Bildschirmfoto-groessere-schrift-einstellen.jpg,206,,image,True,Attachment exposure requires public context; inherit is not publication permission
5122,attachment,Bildschirmfoto-beispiel-leichte-sprache,https://www.gemeinde-merching.de/wp-content/uploads/2020/09/Bildschirmfoto-beispiel-leichte-sprache.jpg,https://www.gemeinde-merching.de/wp-content/uploads/2020/09/Bildschirmfoto-beispiel-leichte-sprache.jpg,206,,image,True,Attachment exposure requires public context; inherit is not publication permission
5125,attachment,Bildschirmfoto-starken-kontrast-einstellen,https://www.gemeinde-merching.de/wp-content/uploads/2020/09/Bildschirmfoto-starken-kontrast-einstellen.jpg,https://www.gemeinde-merching.de/wp-content/uploads/2020/09/Bildschirmfoto-starken-kontrast-einstellen.jpg,206,,image,True,Attachment exposure requires public context; inherit is not publication permission
5126,attachment,Bildschirmfoto-alle-links-sind-unterstrichen,https://www.gemeinde-merching.de/wp-content/uploads/2020/09/Bildschirmfoto-alle-links-sind-unterstrichen.jpg,https://www.gemeinde-merching.de/wp-content/uploads/2020/09/Bildschirmfoto-alle-links-sind-unterstrichen.jpg,206,,image,True,Attachment exposure requires public context; inherit is not publication permission
5127,attachment,Bildschirmfoto-Browser-zoomen-menue,https://www.gemeinde-merching.de/wp-content/uploads/2020/09/Bildschirmfoto-Browser-zoomen-menue.jpg,https://www.gemeinde-merching.de/wp-content/uploads/2020/09/Bildschirmfoto-Browser-zoomen-menue.jpg,206,,image,True,Attachment exposure requires public context; inherit is not publication permission
5128,attachment,Bildschirmfoto-Browser-zoomen,https://www.gemeinde-merching.de/wp-content/uploads/2020/09/Bildschirmfoto-Browser-zoomen.jpg,https://www.gemeinde-merching.de/wp-content/uploads/2020/09/Bildschirmfoto-Browser-zoomen.jpg,206,,image,True,Attachment exposure requires public context; inherit is not publication permission
6976,attachment,"Rathaus, Ansicht von der Hauptstraße",https://www.gemeinde-merching.de/wp-content/uploads/2022/12/Rathaus-2020-neu.jpeg,https://www.gemeinde-merching.de/wp-content/uploads/2022/12/Rathaus-2020-neu.jpeg,206,,image,True,Attachment exposure requires public context; inherit is not publication permission
9141,attachment,Öffentliche Bekanntmachung,https://www.gemeinde-merching.de/wp-content/uploads/2024/11/Oeffentliche-Bekanntmachung.pdf,https://www.gemeinde-merching.de/wp-content/uploads/2024/11/Oeffentliche-Bekanntmachung.pdf,206,,PDF,True,Attachment exposure requires public context; inherit is not publication permission
9143,attachment,Schallschutztechnische Untersuchung - Anlagen,https://www.gemeinde-merching.de/wp-content/uploads/2024/11/Schallschutztechnische-Untersuchung-Anlagen.pdf,https://www.gemeinde-merching.de/wp-content/uploads/2024/11/Schallschutztechnische-Untersuchung-Anlagen.pdf,206,,PDF,True,Attachment exposure requires public context; inherit is not publication permission
9147,attachment,Zusammenfassende Erklärung,https://www.gemeinde-merching.de/wp-content/uploads/2024/11/Zusammenfassende-Erklaerung.pdf,https://www.gemeinde-merching.de/wp-content/uploads/2024/11/Zusammenfassende-Erklaerung.pdf,206,,PDF,True,Attachment exposure requires public context; inherit is not publication permission
9145,attachment,Schalltechnische Untersuchung 11-05.2023,https://www.gemeinde-merching.de/wp-content/uploads/2024/11/Schalltechnische-Untersuchung-11-05.2023.pdf,https://www.gemeinde-merching.de/wp-content/uploads/2024/11/Schalltechnische-Untersuchung-11-05.2023.pdf,206,,PDF,True,Attachment exposure requires public context; inherit is not publication permission
5152,encyclopedia,Covid-19,https://www.gemeinde-merching.de/?post_type=encyclopedia&p=5152,https://www.gemeinde-merching.de/?p=5152&post_type=encyclopedia,404,,page,False,WXR numeric CPT links can be noncanonical/broken; use live navigation and managed downloads
5160,attachment,glossar-eintraege-erstellen-2,https://www.gemeinde-merching.de/wp-content/uploads/2020/09/glossar-eintraege-erstellen-2.jpg,https://www.gemeinde-merching.de/wp-content/uploads/2020/09/glossar-eintraege-erstellen-2.jpg,206,,image,True,Attachment exposure requires public context; inherit is not publication permission
5161,attachment,Glossarerklärung,https://www.gemeinde-merching.de/wp-content/uploads/2020/09/glossar-eintraege-erstellen-3.jpg,https://www.gemeinde-merching.de/wp-content/uploads/2020/09/glossar-eintraege-erstellen-3.jpg,206,,image,True,Attachment exposure requires public context; inherit is not publication permission
5162,attachment,glossar-eintraege-erstellen-4,https://www.gemeinde-merching.de/wp-content/uploads/2020/09/glossar-eintraege-erstellen-4.jpg,https://www.gemeinde-merching.de/wp-content/uploads/2020/09/glossar-eintraege-erstellen-4.jpg,206,,image,True,Attachment exposure requires public context; inherit is not publication permission
5163,attachment,glossar-eintraege-erstellen-5,https://www.gemeinde-merching.de/wp-content/uploads/2020/09/glossar-eintraege-erstellen-5.jpg,https://www.gemeinde-merching.de/wp-content/uploads/2020/09/glossar-eintraege-erstellen-5.jpg,206,,image,True,Attachment exposure requires public context; inherit is not publication permission
5164,attachment,glossar-eintraege-erstellen-6,https://www.gemeinde-merching.de/wp-content/uploads/2020/09/glossar-eintraege-erstellen-6.jpg,https://www.gemeinde-merching.de/wp-content/uploads/2020/09/glossar-eintraege-erstellen-6.jpg,206,,image,True,Attachment exposure requires public context; inherit is not publication permission
10430,wpdmpro,Bekanntmachung des abschließenden Ergebnisses der Wahl des Gemeinderats am 08. März 2026,https://www.gemeinde-merching.de/download/bekanntmachung-des-abschliessenden-ergebnisses-der-wahl-des-gemeinderats-am-08-maerz-2026/,https://www.gemeinde-merching.de/download/bekanntmachung-des-abschliessenden-ergebnisses-der-wahl-des-gemeinderats-am-08-maerz-2026/,200,https://www.gemeinde-merching.de/download/bekanntmachung-des-abschliessenden-ergebnisses-der-wahl-des-gemeinderats-am-08-maerz-2026/,page,True,WXR numeric CPT links can be noncanonical/broken; use live navigation and managed downloads
10431,attachment,Gemeinderatswahl-Bekanntmachung_Wahlergebnis_Anl_17_Homepage,https://www.gemeinde-merching.de/wp-content/uploads/2026/03/Gemeinderatswahl-Bekanntmachung_Wahlergebnis_Anl_17_Homepage.pdf,https://www.gemeinde-merching.de/wp-content/uploads/2026/03/Gemeinderatswahl-Bekanntmachung_Wahlergebnis_Anl_17_Homepage.pdf,206,,PDF,True,Attachment exposure requires public context; inherit is not publication permission
5190,attachment,Bayernwerk Highspeed Initiative,https://www.gemeinde-merching.de/wp-content/uploads/2020/09/Banner-Gemeindewebsite-Merching-1009x714_final-1.jpg,https://www.gemeinde-merching.de/wp-content/uploads/2020/09/Banner-Gemeindewebsite-Merching-1009x714_final-1.jpg,206,,image,True,Attachment exposure requires public context; inherit is not publication permission
5194,link_library_links,"Formulare des Bay. Staatsministeriums für Wohnen, Bau und Verkehr rund um das Baurecht",https://www.stmb.bayern.de/buw/baurechtundtechnik/bauordnungsrecht/bauantragsformulare/index.php,,not crawled/filtered,,,True,WXR numeric CPT links can be noncanonical/broken; use live navigation and managed downloads
5226,post,Rattenproblematik in der Gemeinde Merching,https://www.gemeinde-merching.de/rattenproblematik-in-der-gemeinde-merching/,https://www.gemeinde-merching.de/rattenproblematik-in-der-gemeinde-merching/,200,https://www.gemeinde-merching.de/rattenproblematik-in-der-gemeinde-merching/,page,True,WXR numeric CPT links can be noncanonical/broken; use live navigation and managed downloads
9075,wpdmpro,Bekanntmachung Grundsteuer und Hundesteuer 2025,https://www.gemeinde-merching.de/download/bekanntmachung-grundsteuer-und-hundesteuer-2025/,https://www.gemeinde-merching.de/download/bekanntmachung-grundsteuer-und-hundesteuer-2025/,200,https://www.gemeinde-merching.de/download/bekanntmachung-grundsteuer-und-hundesteuer-2025/,page,True,WXR numeric CPT links can be noncanonical/broken; use live navigation and managed downloads
9076,attachment,Bekanntmachung Grd.St_HundeSt. 2025,https://www.gemeinde-merching.de/wp-content/uploads/2024/11/Bekanntmachung-Grd.St_HundeSt.-2025.pdf,https://www.gemeinde-merching.de/wp-content/uploads/2024/11/Bekanntmachung-Grd.St_HundeSt.-2025.pdf,206,,PDF,True,Attachment exposure requires public context; inherit is not publication permission
5260,attachment,Spielplatz_Holleräcker_bearb,https://www.gemeinde-merching.de/wp-content/uploads/2020/10/Spielplatz_Holleraecker_bearb.jpg,https://www.gemeinde-merching.de/wp-content/uploads/2020/10/Spielplatz_Holleraecker_bearb.jpg,206,,image,True,Attachment exposure requires public context; inherit is not publication permission
5261,attachment,Spielplatz_Mandichosee,https://www.gemeinde-merching.de/wp-content/uploads/2020/10/Spielplatz_Mandichosee.jpg,https://www.gemeinde-merching.de/wp-content/uploads/2020/10/Spielplatz_Mandichosee.jpg,206,,image,True,Attachment exposure requires public context; inherit is not publication permission
10091,wpdmpro,Merkblatt zum richtigen Verhalten gegenüber Wasser-/Zugvögeln,https://www.gemeinde-merching.de/download/merkblatt-zum-richtigen-verhalten-gegenueber-wasser-zugvoegeln/,https://www.gemeinde-merching.de/download/merkblatt-zum-richtigen-verhalten-gegenueber-wasser-zugvoegeln/,200,https://www.gemeinde-merching.de/download/merkblatt-zum-richtigen-verhalten-gegenueber-wasser-zugvoegeln/,page,True,WXR numeric CPT links can be noncanonical/broken; use live navigation and managed downloads
5288,attachment,Aumiller Marianne,https://www.gemeinde-merching.de/wp-content/uploads/2020/10/Aumiller-Marianne.jpg,https://www.gemeinde-merching.de/wp-content/uploads/2020/10/Aumiller-Marianne.jpg,206,,image,True,Attachment exposure requires public context; inherit is not publication permission
5291,attachment,Brändle-Susanne,https://www.gemeinde-merching.de/wp-content/uploads/2020/10/Braendle-Susanne.jpg,https://www.gemeinde-merching.de/wp-content/uploads/2020/10/Braendle-Susanne.jpg,206,,image,True,Attachment exposure requires public context; inherit is not publication permission
5293,attachment,Weyland-Hanna,https://www.gemeinde-merching.de/wp-content/uploads/2020/10/Weyland-Hanna.jpg,https://www.gemeinde-merching.de/wp-content/uploads/2020/10/Weyland-Hanna.jpg,206,,image,True,Attachment exposure requires public context; inherit is not publication permission
5296,attachment,Egenhofer-Christine,https://www.gemeinde-merching.de/wp-content/uploads/2020/10/Egenhofer-Christine.jpg,https://www.gemeinde-merching.de/wp-content/uploads/2020/10/Egenhofer-Christine.jpg,206,,image,True,Attachment exposure requires public context; inherit is not publication permission
5298,attachment,Fieber-Rainer,https://www.gemeinde-merching.de/wp-content/uploads/2020/10/Fieber-Rainer.jpg,https://www.gemeinde-merching.de/wp-content/uploads/2020/10/Fieber-Rainer.jpg,206,,image,True,Attachment exposure requires public context; inherit is not publication permission
5300,attachment,Geiger-Isabella,https://www.gemeinde-merching.de/wp-content/uploads/2020/10/Geiger-Isabella.jpg,https://www.gemeinde-merching.de/wp-content/uploads/2020/10/Geiger-Isabella.jpg,206,,image,True,Attachment exposure requires public context; inherit is not publication permission
5302,attachment,Hagen-Alexandra,https://www.gemeinde-merching.de/wp-content/uploads/2020/10/Hagen-Alexandra.jpg,https://www.gemeinde-merching.de/wp-content/uploads/2020/10/Hagen-Alexandra.jpg,206,,image,True,Attachment exposure requires public context; inherit is not publication permission
5306,attachment,Krauser-Birgit,https://www.gemeinde-merching.de/wp-content/uploads/2020/10/Krauser-Birgit.jpg,https://www.gemeinde-merching.de/wp-content/uploads/2020/10/Krauser-Birgit.jpg,206,,image,True,Attachment exposure requires public context; inherit is not publication permission
5308,attachment,Heyer-Clarissa,https://www.gemeinde-merching.de/wp-content/uploads/2020/10/Heyer-Clarissa.jpg,https://www.gemeinde-merching.de/wp-content/uploads/2020/10/Heyer-Clarissa.jpg,206,,image,True,Attachment exposure requires public context; inherit is not publication permission
5309,attachment,Müller-Katharina,https://www.gemeinde-merching.de/wp-content/uploads/2020/10/Mueller-Katharina.jpg,https://www.gemeinde-merching.de/wp-content/uploads/2020/10/Mueller-Katharina.jpg,206,,image,True,Attachment exposure requires public context; inherit is not publication permission
5312,attachment,Stadtherr-Hans,https://www.gemeinde-merching.de/wp-content/uploads/2020/10/Stadtherr-Hans.jpg,https://www.gemeinde-merching.de/wp-content/uploads/2020/10/Stadtherr-Hans.jpg,206,,image,True,Attachment exposure requires public context; inherit is not publication permission
5316,attachment,Schimpfle-Thomas,https://www.gemeinde-merching.de/wp-content/uploads/2020/10/Schimpfle-Thomas.jpg,https://www.gemeinde-merching.de/wp-content/uploads/2020/10/Schimpfle-Thomas.jpg,206,,image,True,Attachment exposure requires public context; inherit is not publication permission
5372,link_library_links,Fragebogen der Gemeinde Merching zur Selbstauskunft wegen der Corona-Pandemie,https://www.gemeinde-merching.de/wp-content/uploads/2020/11/Fragebogen_Gemeinde_Selbstauskunft.pdf,https://www.gemeinde-merching.de/wp-content/uploads/2020/11/Fragebogen_Gemeinde_Selbstauskunft.pdf,206,,PDF,True,WXR numeric CPT links can be noncanonical/broken; use live navigation and managed downloads
5336,attachment,Heyer-Clarissa,https://www.gemeinde-merching.de/wp-content/uploads/2020/10/Heyer-Clarissa-1.jpg,https://www.gemeinde-merching.de/wp-content/uploads/2020/10/Heyer-Clarissa-1.jpg,206,,image,True,Attachment exposure requires public context; inherit is not publication permission
5371,attachment,Fragebogen_Gemeinde_Selbstauskunft,https://www.gemeinde-merching.de/wp-content/uploads/2020/11/Fragebogen_Gemeinde_Selbstauskunft.pdf,https://www.gemeinde-merching.de/wp-content/uploads/2020/11/Fragebogen_Gemeinde_Selbstauskunft.pdf,206,,PDF,True,Attachment exposure requires public context; inherit is not publication permission
5346,attachment,Müller-Katharina,https://www.gemeinde-merching.de/wp-content/uploads/2020/10/Mueller-Katharina-1.jpg,https://www.gemeinde-merching.de/wp-content/uploads/2020/10/Mueller-Katharina-1.jpg,206,,image,True,Attachment exposure requires public context; inherit is not publication permission
5348,attachment,Weyland-Hanna,https://www.gemeinde-merching.de/wp-content/uploads/2020/10/Weyland-Hanna-1.jpg,https://www.gemeinde-merching.de/wp-content/uploads/2020/10/Weyland-Hanna-1.jpg,206,,image,True,Attachment exposure requires public context; inherit is not publication permission
9077,post,Bekanntmachung Grundsteuer und Hundesteuer 2025,https://www.gemeinde-merching.de/bekanntmachung-grundsteuer-und-hundesteuer-2025/,https://www.gemeinde-merching.de/bekanntmachung-grundsteuer-und-hundesteuer-2025/,200,https://www.gemeinde-merching.de/bekanntmachung-grundsteuer-und-hundesteuer-2025/,page,True,WXR numeric CPT links can be noncanonical/broken; use live navigation and managed downloads
10077,attachment,eyeglasses-35598_1280,https://www.gemeinde-merching.de/wp-content/uploads/2025/11/eyeglasses-35598_1280.webp,https://www.gemeinde-merching.de/wp-content/uploads/2025/11/eyeglasses-35598_1280.webp,206,,image,True,Attachment exposure requires public context; inherit is not publication permission
10079,attachment,Gemeindekurier November 2025,https://www.gemeinde-merching.de/wp-content/uploads/2025/11/Gemeindekurier-November-2025.pdf,https://www.gemeinde-merching.de/wp-content/uploads/2025/11/Gemeindekurier-November-2025.pdf,206,,PDF,True,Attachment exposure requires public context; inherit is not publication permission
10080,attachment,November 2025 Anlage,https://www.gemeinde-merching.de/wp-content/uploads/2025/11/November-2025-Anlage.pdf,https://www.gemeinde-merching.de/wp-content/uploads/2025/11/November-2025-Anlage.pdf,206,,PDF,True,Attachment exposure requires public context; inherit is not publication permission
10082,attachment,Gemeindekurier November 2025,https://www.gemeinde-merching.de/wp-content/uploads/2025/11/Gemeindekurier-November-2025-1.pdf,https://www.gemeinde-merching.de/wp-content/uploads/2025/11/Gemeindekurier-November-2025-1.pdf,206,,PDF,True,Attachment exposure requires public context; inherit is not publication permission
10084,attachment,November 2025 Anlage,https://www.gemeinde-merching.de/wp-content/uploads/2025/11/November-2025-Anlage-1.pdf,https://www.gemeinde-merching.de/wp-content/uploads/2025/11/November-2025-Anlage-1.pdf,206,,PDF,True,Attachment exposure requires public context; inherit is not publication permission
10088,post,Richtiges Verhalten gegenüber Wasser- / Zugvögeln,https://www.gemeinde-merching.de/richtiges-verhalten-gegenueber-wasser-zugvoegeln/,https://www.gemeinde-merching.de/richtiges-verhalten-gegenueber-wasser-zugvoegeln/,200,https://www.gemeinde-merching.de/richtiges-verhalten-gegenueber-wasser-zugvoegeln/,page,True,WXR numeric CPT links can be noncanonical/broken; use live navigation and managed downloads
10089,attachment,Merkblatt zum richtigen Verhalten ggü. Wasser u. Zugvögeln LRA November 2025,https://www.gemeinde-merching.de/wp-content/uploads/2025/11/Merkblatt-zum-richtigen-Verhalten-ggue.-Wasser-u.-Zugvoegeln-LRA-November-2025.pdf,https://www.gemeinde-merching.de/wp-content/uploads/2025/11/Merkblatt-zum-richtigen-Verhalten-ggue.-Wasser-u.-Zugvoegeln-LRA-November-2025.pdf,206,,PDF,True,Attachment exposure requires public context; inherit is not publication permission
5403,attachment,Banner Gemeindewebsite Merching 1009x714_Verlaengerung,https://www.gemeinde-merching.de/wp-content/uploads/2020/11/Banner-Gemeindewebsite-Merching-1009x714_Verlaengerung.jpg,https://www.gemeinde-merching.de/wp-content/uploads/2020/11/Banner-Gemeindewebsite-Merching-1009x714_Verlaengerung.jpg,206,,image,True,Attachment exposure requires public context; inherit is not publication permission
8198,attachment,Verordnung der Gemeinde Merching über das Anbringen von Anschlägen u. Plakaten,https://www.gemeinde-merching.de/wp-content/uploads/2023/12/Verordnung-der-Gemeinde-Merching-ueber-das-Anbringen-von-Anschlaegen-u.-Plakaten.pdf,https://www.gemeinde-merching.de/wp-content/uploads/2023/12/Verordnung-der-Gemeinde-Merching-ueber-das-Anbringen-von-Anschlaegen-u.-Plakaten.pdf,206,,PDF,True,Attachment exposure requires public context; inherit is not publication permission
8202,attachment,Amtsblatt 12a-2023=Jahrg. 78 Nr. 12a,https://www.gemeinde-merching.de/wp-content/uploads/2023/12/Amtsblatt-12a-2023Jahrg.-78-Nr.-12a.pdf,https://www.gemeinde-merching.de/wp-content/uploads/2023/12/Amtsblatt-12a-2023Jahrg.-78-Nr.-12a.pdf,206,,PDF,True,Attachment exposure requires public context; inherit is not publication permission
5417,attachment,Beitragsbild Volkshochschule f. Homepage,https://www.gemeinde-merching.de/wp-content/uploads/2020/12/Beitragsbild-Volkshochschule-f.-Homepage.jpg,https://www.gemeinde-merching.de/wp-content/uploads/2020/12/Beitragsbild-Volkshochschule-f.-Homepage.jpg,206,,image,True,Attachment exposure requires public context; inherit is not publication permission
5418,attachment,Beitragsbild Volkshochschule f. Homepage,https://www.gemeinde-merching.de/wp-content/uploads/2020/12/Beitragsbild-Volkshochschule-f.-Homepage-1.jpg,https://www.gemeinde-merching.de/wp-content/uploads/2020/12/Beitragsbild-Volkshochschule-f.-Homepage-1.jpg,206,,image,True,Attachment exposure requires public context; inherit is not publication permission
5480,attachment,Jocher-Andreas,https://www.gemeinde-merching.de/wp-content/uploads/2020/12/Jocher-Andreas.jpg,https://www.gemeinde-merching.de/wp-content/uploads/2020/12/Jocher-Andreas.jpg,206,,image,True,Attachment exposure requires public context; inherit is not publication permission
5477,attachment,Limmer-Markus,https://www.gemeinde-merching.de/wp-content/uploads/2020/12/Limmer-Markus.jpg,https://www.gemeinde-merching.de/wp-content/uploads/2020/12/Limmer-Markus.jpg,206,,image,True,Attachment exposure requires public context; inherit is not publication permission
5478,attachment,Müller-Albert,https://www.gemeinde-merching.de/wp-content/uploads/2020/12/Mueller-Albert.jpg,https://www.gemeinde-merching.de/wp-content/uploads/2020/12/Mueller-Albert.jpg,206,,image,True,Attachment exposure requires public context; inherit is not publication permission
5479,attachment,Steinhart-Andreas,https://www.gemeinde-merching.de/wp-content/uploads/2020/12/Steinhart-Andreas.jpg,https://www.gemeinde-merching.de/wp-content/uploads/2020/12/Steinhart-Andreas.jpg,206,,image,True,Attachment exposure requires public context; inherit is not publication permission
7620,attachment,BP34_Östl_Nebelhornstraße_Begründung_Entwurf_2023-05-04,https://www.gemeinde-merching.de/wp-content/uploads/2023/06/BP34_Oestl_Nebelhornstrasse_Begruendung_Entwurf_2023-05-04.pdf,https://www.gemeinde-merching.de/wp-content/uploads/2023/06/BP34_Oestl_Nebelhornstrasse_Begruendung_Entwurf_2023-05-04.pdf,206,,PDF,True,Attachment exposure requires public context; inherit is not publication permission
7621,attachment,BP34_Östl_Nebelhornstraße_Textteil_Entwurf_2023-05-04,https://www.gemeinde-merching.de/wp-content/uploads/2023/06/BP34_Oestl_Nebelhornstrasse_Textteil_Entwurf_2023-05-04.pdf,https://www.gemeinde-merching.de/wp-content/uploads/2023/06/BP34_Oestl_Nebelhornstrasse_Textteil_Entwurf_2023-05-04.pdf,206,,PDF,True,Attachment exposure requires public context; inherit is not publication permission
7622,attachment,BP34_Östl_Nebenhornstraße_Planzeichnung_Entwurf_2023-05-04,https://www.gemeinde-merching.de/wp-content/uploads/2023/06/BP34_Oestl_Nebenhornstrasse_Planzeichnung_Entwurf_2023-05-04.pdf,https://www.gemeinde-merching.de/wp-content/uploads/2023/06/BP34_Oestl_Nebenhornstrasse_Planzeichnung_Entwurf_2023-05-04.pdf,206,,PDF,True,Attachment exposure requires public context; inherit is not publication permission
5490,attachment,Deckblatt,https://www.gemeinde-merching.de/wp-content/uploads/2021/01/Deckblatt.jpg,https://www.gemeinde-merching.de/wp-content/uploads/2021/01/Deckblatt.jpg,206,,image,True,Attachment exposure requires public context; inherit is not publication permission
5492,page,Gemeindebroschüre,https://www.gemeinde-merching.de/buergerservice/gemeindebroschuere/,https://www.gemeinde-merching.de/buergerservice/gemeindebroschuere/,200,https://www.gemeinde-merching.de/buergerservice/gemeindebroschuere/,page,True,WXR numeric CPT links can be noncanonical/broken; use live navigation and managed downloads
5503,attachment,Vollbild,https://www.gemeinde-merching.de/wp-content/uploads/2021/01/Vollbild.png,https://www.gemeinde-merching.de/wp-content/uploads/2021/01/Vollbild.png,206,,image,True,Attachment exposure requires public context; inherit is not publication permission
5508,attachment,Vollbild-II,https://www.gemeinde-merching.de/wp-content/uploads/2021/01/Vollbild-II-1.png,https://www.gemeinde-merching.de/wp-content/uploads/2021/01/Vollbild-II-1.png,206,,image,True,Attachment exposure requires public context; inherit is not publication permission
5512,attachment,,https://www.gemeinde-merching.de/wp-content/uploads/2021/01/corona-5174671_640.jpg,https://www.gemeinde-merching.de/wp-content/uploads/2021/01/corona-5174671_640.jpg,206,,image,True,Attachment exposure requires public context; inherit is not publication permission
5522,attachment,Feuerwehrfahrzeug Beispielbild,https://www.gemeinde-merching.de/wp-content/uploads/2021/01/fire-4814115_1920-2.jpg,https://www.gemeinde-merching.de/wp-content/uploads/2021/01/fire-4814115_1920-2.jpg,206,,image,True,Attachment exposure requires public context; inherit is not publication permission
5537,attachment,ball in soccer stadium. ready for game,https://www.gemeinde-merching.de/wp-content/uploads/2021/01/istockphoto-1203931418-170667a.jpg,https://www.gemeinde-merching.de/wp-content/uploads/2021/01/istockphoto-1203931418-170667a.jpg,206,,image,True,Attachment exposure requires public context; inherit is not publication permission
7623,attachment,Aufhebung_BP_Nr3a_Begründung_Entwurf_20230504,https://www.gemeinde-merching.de/wp-content/uploads/2023/06/Aufhebung_BP_Nr3a_Begruendung_Entwurf_20230504.pdf,https://www.gemeinde-merching.de/wp-content/uploads/2023/06/Aufhebung_BP_Nr3a_Begruendung_Entwurf_20230504.pdf,206,,PDF,True,Attachment exposure requires public context; inherit is not publication permission
7624,attachment,Aufhebung_BP_Nr3a_Planzeichnung_Entwurf_20230504,https://www.gemeinde-merching.de/wp-content/uploads/2023/06/Aufhebung_BP_Nr3a_Planzeichnung_Entwurf_20230504.pdf,https://www.gemeinde-merching.de/wp-content/uploads/2023/06/Aufhebung_BP_Nr3a_Planzeichnung_Entwurf_20230504.pdf,206,,PDF,True,Attachment exposure requires public context; inherit is not publication permission
5590,attachment,Willkommen in Merching,https://www.gemeinde-merching.de/wp-content/uploads/2021/03/collage-merching-9.jpg,https://www.gemeinde-merching.de/wp-content/uploads/2021/03/collage-merching-9.jpg,206,,image,True,Attachment exposure requires public context; inherit is not publication permission
10033,wpdmpro,Satzung zur Einführung einer Pflicht zum Nachweis eines Spielplatzes für Kinder - Spielplatzsatzung,https://www.gemeinde-merching.de/download/satzung-zur-einfuehrung-einer-pflicht-zum-nachweis-eines-spielplatzes-fuer-kinder-spielplatzsatzung/,https://www.gemeinde-merching.de/download/satzung-zur-einfuehrung-einer-pflicht-zum-nachweis-eines-spielplatzes-fuer-kinder-spielplatzsatzung/,200,https://www.gemeinde-merching.de/download/satzung-zur-einfuehrung-einer-pflicht-zum-nachweis-eines-spielplatzes-fuer-kinder-spielplatzsatzung/,page,True,WXR numeric CPT links can be noncanonical/broken; use live navigation and managed downloads
10034,attachment,Spielplatzsatzung der Gemeinde Merching vom 01.10.2025,https://www.gemeinde-merching.de/wp-content/uploads/2025/10/Spielplatzsatzung-der-Gemeinde-Merching-vom-01.10.2025.pdf,https://www.gemeinde-merching.de/wp-content/uploads/2025/10/Spielplatzsatzung-der-Gemeinde-Merching-vom-01.10.2025.pdf,206,,PDF,True,Attachment exposure requires public context; inherit is not publication permission
5570,attachment,Bild Landratsamt Hilfe Corona Feb. 2021 neu,https://www.gemeinde-merching.de/wp-content/uploads/2021/02/Bild-Landratsamt-Hilfe-Corona-Feb.-2021-neu.pdf,https://www.gemeinde-merching.de/wp-content/uploads/2021/02/Bild-Landratsamt-Hilfe-Corona-Feb.-2021-neu.pdf,206,,PDF,True,Attachment exposure requires public context; inherit is not publication permission
5573,attachment,Bild Landratsamt Hilfe Corona Feb. 2021 neu,https://www.gemeinde-merching.de/wp-content/uploads/2021/02/Bild-Landratsamt-Hilfe-Corona-Feb.-2021-neu-1.pdf,https://www.gemeinde-merching.de/wp-content/uploads/2021/02/Bild-Landratsamt-Hilfe-Corona-Feb.-2021-neu-1.pdf,206,,PDF,True,Attachment exposure requires public context; inherit is not publication permission
7618,attachment,Anschreiben_TöB_ern_Bet_BP34_Östl_Nebelhornstraße_2023-06-01,https://www.gemeinde-merching.de/wp-content/uploads/2023/06/Anschreiben_ToeB_ern_Bet_BP34_Oestl_Nebelhornstrasse_2023-06-01.pdf,https://www.gemeinde-merching.de/wp-content/uploads/2023/06/Anschreiben_ToeB_ern_Bet_BP34_Oestl_Nebelhornstrasse_2023-06-01.pdf,206,,PDF,True,Attachment exposure requires public context; inherit is not publication permission
5607,link_library_links,QR-Code zum Schadensmelder - Straßenbeleuchtung Bayernwerk über die Störmelder-App,https://www.gemeinde-merching.de/wp-content/uploads/2021/03/QR_Merching-e1615196274737.png,https://www.gemeinde-merching.de/wp-content/uploads/2021/03/QR_Merching-e1615196274737.png,206,,image,True,WXR numeric CPT links can be noncanonical/broken; use live navigation and managed downloads
5608,attachment,QR_Merching,https://www.gemeinde-merching.de/wp-content/uploads/2021/03/QR_Merching.png,https://www.gemeinde-merching.de/wp-content/uploads/2021/03/QR_Merching.png,206,,image,True,Attachment exposure requires public context; inherit is not publication permission
5612,attachment,httpswww.gemeinde-merching.dewp-contentuploads202103QR_Merching-e1615196274737.png,https://energieportal.bayernwerk.de/schadensmelder/reporting/09771145/httpswww-gemeinde-merching-dewp-contentuploads202103qr_merching-e1615196274737-png/,,not crawled/filtered,,,True,Attachment exposure requires public context; inherit is not publication permission
5613,attachment,logo Familienstützpunkt,https://www.gemeinde-merching.de/wp-content/uploads/2021/03/logo-Familienstuetzpunkt.pdf,https://www.gemeinde-merching.de/wp-content/uploads/2021/03/logo-Familienstuetzpunkt.pdf,206,,PDF,True,Attachment exposure requires public context; inherit is not publication permission
5614,attachment,logo Familienstützpunkt,https://www.gemeinde-merching.de/wp-content/uploads/2021/03/logo-Familienstuetzpunkt-1.pdf,https://www.gemeinde-merching.de/wp-content/uploads/2021/03/logo-Familienstuetzpunkt-1.pdf,206,,PDF,True,Attachment exposure requires public context; inherit is not publication permission
9128,attachment,Fundsache Geldschein am 16.11.2024,https://www.gemeinde-merching.de/wp-content/uploads/2024/11/Fundsache-Geldschein-am-16.11.2024.pdf,https://www.gemeinde-merching.de/wp-content/uploads/2024/11/Fundsache-Geldschein-am-16.11.2024.pdf,206,,PDF,True,Attachment exposure requires public context; inherit is not publication permission
9132,attachment,BP34_Östl_Nebelhornstraße_Begründung_20240620,https://www.gemeinde-merching.de/wp-content/uploads/2024/11/BP34_Oestl_Nebelhornstrasse_Begruendung_20240620.pdf,https://www.gemeinde-merching.de/wp-content/uploads/2024/11/BP34_Oestl_Nebelhornstrasse_Begruendung_20240620.pdf,206,,PDF,True,Attachment exposure requires public context; inherit is not publication permission
9136,attachment,BP34_Östl_Nebelhornstraße_Textteil_20240620,https://www.gemeinde-merching.de/wp-content/uploads/2024/11/BP34_Oestl_Nebelhornstrasse_Textteil_20240620.pdf,https://www.gemeinde-merching.de/wp-content/uploads/2024/11/BP34_Oestl_Nebelhornstrasse_Textteil_20240620.pdf,206,,PDF,True,Attachment exposure requires public context; inherit is not publication permission
9134,attachment,BP34_Östl_Nebelhornstraße_Planzeichnung_Satzung_2024-06-20,https://www.gemeinde-merching.de/wp-content/uploads/2024/11/BP34_Oestl_Nebelhornstrasse_Planzeichnung_Satzung_2024-06-20.pdf,https://www.gemeinde-merching.de/wp-content/uploads/2024/11/BP34_Oestl_Nebelhornstrasse_Planzeichnung_Satzung_2024-06-20.pdf,206,,PDF,True,Attachment exposure requires public context; inherit is not publication permission
9139,attachment,B-Plan Nr. 34 Datenschutzinformationspflicht,https://www.gemeinde-merching.de/wp-content/uploads/2024/11/B-Plan-Nr.-34-Datenschutzinformationspflicht.pdf,https://www.gemeinde-merching.de/wp-content/uploads/2024/11/B-Plan-Nr.-34-Datenschutzinformationspflicht.pdf,206,,PDF,True,Attachment exposure requires public context; inherit is not publication permission
9922,wpdmpro,Feuerwehr - Satzung über Aufwendungs- und Kostenersatz für Einsätze und andere Leistungen gemeindlicher Feuerwehren ab 01.01.2026,https://www.gemeinde-merching.de/download/satzung-aufwendungs-u-kostenersatz-f-einsaetze-u-andere-leistungen-gemeindlicher-feuerwehren-ab-01-01-2026/,https://www.gemeinde-merching.de/download/satzung-aufwendungs-u-kostenersatz-f-einsaetze-u-andere-leistungen-gemeindlicher-feuerwehren-ab-01-01-2026/,200,https://www.gemeinde-merching.de/download/satzung-aufwendungs-u-kostenersatz-f-einsaetze-u-andere-leistungen-gemeindlicher-feuerwehren-ab-01-01-2026/,page,True,WXR numeric CPT links can be noncanonical/broken; use live navigation and managed downloads
5783,link_library_links,Antrag auf Erteilung einer verkehrsrechtlichen Anordnung gem. § 45 Abs. 6 StVO,http://formular-server.de/AIC_FS/findform?shortname=jueANT4001401071401&formtecid=2&areashortname=Merching,,not crawled/filtered,,,True,WXR numeric CPT links can be noncanonical/broken; use live navigation and managed downloads
5808,attachment,QRCode_StörmelderApp_Merching_210602,https://www.gemeinde-merching.de/wp-content/uploads/2021/03/QRCode_StoermelderApp_Merching_210602.png,https://www.gemeinde-merching.de/wp-content/uploads/2021/03/QRCode_StoermelderApp_Merching_210602.png,206,,image,True,Attachment exposure requires public context; inherit is not publication permission
5811,link_library_links,Link zum Schadensmelder – Straßenbeleuchtung Bayernwerk,https://energieportal.bayernwerk.de/schadensmelder/reporting/09771145,,not crawled/filtered,,,True,WXR numeric CPT links can be noncanonical/broken; use live navigation and managed downloads
5810,attachment,https://www.gemeinde-merching.de/wp-content/uploads/2021/03/QR_Merching-e1615196274737.png,https://www.gemeinde-merching.de/?attachment_id=5810,https://www.gemeinde-merching.de/?attachment_id=5810,200,https://www.gemeinde-merching.de/?attachment_id=5810,page,True,Attachment exposure requires public context; inherit is not publication permission
7551,attachment,Gemeindekurier April 2023 f. Homepage neu,https://www.gemeinde-merching.de/wp-content/uploads/2023/05/Gemeindekurier-April-2023-f.-Homepage-neu.pdf,https://www.gemeinde-merching.de/wp-content/uploads/2023/05/Gemeindekurier-April-2023-f.-Homepage-neu.pdf,206,,PDF,True,Attachment exposure requires public context; inherit is not publication permission
5896,attachment,Energieberatung Landkreis Aichach-Friedberg Typo schwarz RGB,https://www.gemeinde-merching.de/wp-content/uploads/2021/08/Energieberatung-Landkreis-Aichach-Friedberg-Typo-schwarz-RGB.jpg,https://www.gemeinde-merching.de/wp-content/uploads/2021/08/Energieberatung-Landkreis-Aichach-Friedberg-Typo-schwarz-RGB.jpg,206,,image,True,Attachment exposure requires public context; inherit is not publication permission
5922,attachment,Wahlurne,https://www.gemeinde-merching.de/wp-content/uploads/2021/08/Wahlurne.png,https://www.gemeinde-merching.de/wp-content/uploads/2021/08/Wahlurne.png,206,,image,True,Attachment exposure requires public context; inherit is not publication permission
10027,wpdmpro,Hundesteuer - Satzung der Gemeinde Merching für die Erhebung der Hundesteuer (Hundesteuersatzung - HStS) ab 2026,https://www.gemeinde-merching.de/download/hundesteuer-satzung-der-gemeinde-merching-fuer-die-erhebung-der-hundesteuer-hundesteuersatzung-hsts/,https://www.gemeinde-merching.de/download/hundesteuer-satzung-der-gemeinde-merching-fuer-die-erhebung-der-hundesteuer-hundesteuersatzung-hsts/,200,https://www.gemeinde-merching.de/download/hundesteuer-satzung-der-gemeinde-merching-fuer-die-erhebung-der-hundesteuer-hundesteuersatzung-hsts/,page,True,WXR numeric CPT links can be noncanonical/broken; use live navigation and managed downloads
10050,post,Hundesteuer ab 2026,https://www.gemeinde-merching.de/hundesteuer-ab-2026/,https://www.gemeinde-merching.de/hundesteuer-ab-2026/,200,https://www.gemeinde-merching.de/hundesteuer-ab-2026/,page,True,WXR numeric CPT links can be noncanonical/broken; use live navigation and managed downloads
10026,attachment,Hundesteuersatzung 2026 Homepage,https://www.gemeinde-merching.de/wp-content/uploads/2025/09/Hundesteuersatzung-2026-Homepage.pdf,https://www.gemeinde-merching.de/wp-content/uploads/2025/09/Hundesteuersatzung-2026-Homepage.pdf,206,,PDF,True,Attachment exposure requires public context; inherit is not publication permission
9754,attachment,Bundesagentur für Arbeit,https://www.gemeinde-merching.de/wp-content/uploads/2025/06/Bundesagentur.png,https://www.gemeinde-merching.de/wp-content/uploads/2025/06/Bundesagentur.png,206,,image,True,Attachment exposure requires public context; inherit is not publication permission
9881,attachment,Tierpfoten-809773_640,https://www.gemeinde-merching.de/wp-content/uploads/2025/07/Tierpfoten-809773_640.jpg,https://www.gemeinde-merching.de/wp-content/uploads/2025/07/Tierpfoten-809773_640.jpg,206,,image,True,Attachment exposure requires public context; inherit is not publication permission
10028,attachment,Hundesteuer - Satzung der Gemeinde Merching für die Erhebung einer Hundesteuer ab 2026,https://www.gemeinde-merching.de/wp-content/uploads/2025/09/Hundesteuer-Satzung-der-Gemeinde-Merching-fuer-die-Erhebung-einer-Hundesteuer-ab-2026.pdf,https://www.gemeinde-merching.de/wp-content/uploads/2025/09/Hundesteuer-Satzung-der-Gemeinde-Merching-fuer-die-Erhebung-einer-Hundesteuer-ab-2026.pdf,206,,PDF,True,Attachment exposure requires public context; inherit is not publication permission
9680,attachment,2025-Sommerserenade-V1,https://www.gemeinde-merching.de/wp-content/uploads/2025/06/2025-Sommerserenade-V1-1.pdf,https://www.gemeinde-merching.de/wp-content/uploads/2025/06/2025-Sommerserenade-V1-1.pdf,206,,PDF,True,Attachment exposure requires public context; inherit is not publication permission
9681,attachment,2025-Sommerserenade-V1,https://www.gemeinde-merching.de/wp-content/uploads/2025/06/2025-Sommerserenade-V1-2.pdf,https://www.gemeinde-merching.de/wp-content/uploads/2025/06/2025-Sommerserenade-V1-2.pdf,206,,PDF,True,Attachment exposure requires public context; inherit is not publication permission
9245,wpdmpro,MSV - HH 5 Haushaltsplan mit Finanzplan 2026,https://www.gemeinde-merching.de/download/msv-hh-5-haushaltsplan-mit-finanzplan-2026/,https://www.gemeinde-merching.de/download/msv-hh-5-haushaltsplan-mit-finanzplan-2026/,200,https://www.gemeinde-merching.de/download/msv-hh-5-haushaltsplan-mit-finanzplan-2026/,page,True,WXR numeric CPT links can be noncanonical/broken; use live navigation and managed downloads
9672,attachment,2025-Sommerserenade-V1,https://www.gemeinde-merching.de/wp-content/uploads/2025/06/2025-Sommerserenade-V1.pdf,https://www.gemeinde-merching.de/wp-content/uploads/2025/06/2025-Sommerserenade-V1.pdf,206,,PDF,True,Attachment exposure requires public context; inherit is not publication permission
10428,post,Bekanntmachung des abschließenden Ergebnisses der Wahl des ersten Bürgermeisters am 08. März 2026,https://www.gemeinde-merching.de/bekanntmachung-des-abschliessenden-ergebnisses-der-wahl-des-ersten-buergermeisters-am-08-maerz-2026/,https://www.gemeinde-merching.de/bekanntmachung-des-abschliessenden-ergebnisses-der-wahl-des-ersten-buergermeisters-am-08-maerz-2026/,200,https://www.gemeinde-merching.de/bekanntmachung-des-abschliessenden-ergebnisses-der-wahl-des-ersten-buergermeisters-am-08-maerz-2026/,page,True,WXR numeric CPT links can be noncanonical/broken; use live navigation and managed downloads
6117,attachment,Wappen,https://www.gemeinde-merching.de/wp-content/uploads/2021/12/Wappen.pdf,https://www.gemeinde-merching.de/wp-content/uploads/2021/12/Wappen.pdf,206,,PDF,True,Attachment exposure requires public context; inherit is not publication permission
6119,attachment,"Wappen Merching ohne Schrift, farbig",https://www.gemeinde-merching.de/wp-content/uploads/2021/12/Wappen-Merching-ohne-Schrift-farbig.jpg,https://www.gemeinde-merching.de/wp-content/uploads/2021/12/Wappen-Merching-ohne-Schrift-farbig.jpg,206,,image,True,Attachment exposure requires public context; inherit is not publication permission
7545,attachment,öffentl. Bekanntmachung_GR 04.05.23,https://www.gemeinde-merching.de/wp-content/uploads/2023/05/oeffentl.-Bekanntmachung_GR-04.05.23.pdf,https://www.gemeinde-merching.de/wp-content/uploads/2023/05/oeffentl.-Bekanntmachung_GR-04.05.23.pdf,206,,PDF,True,Attachment exposure requires public context; inherit is not publication permission
9241,wpdmpro,MSV - HH 1 Inhaltsverzeichnis 2026,https://www.gemeinde-merching.de/download/msv-hh-1-inhaltsverzeichnis-2026/,https://www.gemeinde-merching.de/download/msv-hh-1-inhaltsverzeichnis-2026/,200,https://www.gemeinde-merching.de/download/msv-hh-1-inhaltsverzeichnis-2026/,page,True,WXR numeric CPT links can be noncanonical/broken; use live navigation and managed downloads
7715,attachment,Bekanntmachung_Wahlhelfer_Aufforderung,https://www.gemeinde-merching.de/wp-content/uploads/2023/06/Bekanntmachung_Wahlhelfer_Aufforderung.pdf,https://www.gemeinde-merching.de/wp-content/uploads/2023/06/Bekanntmachung_Wahlhelfer_Aufforderung.pdf,206,,PDF,True,Attachment exposure requires public context; inherit is not publication permission
7720,attachment,Wahlheler_Anmeldeformular,https://www.gemeinde-merching.de/wp-content/uploads/2023/06/Wahlheler_Anmeldeformular.pdf,https://www.gemeinde-merching.de/wp-content/uploads/2023/06/Wahlheler_Anmeldeformular.pdf,206,,PDF,True,Attachment exposure requires public context; inherit is not publication permission
7721,link_library_links,Wahlhelfer Anmeldeformular,https://www.gemeinde-merching.de/wp-content/uploads/2023/06/Wahlheler_Anmeldeformular.pdf,https://www.gemeinde-merching.de/wp-content/uploads/2023/06/Wahlheler_Anmeldeformular.pdf,206,,PDF,True,WXR numeric CPT links can be noncanonical/broken; use live navigation and managed downloads
6179,attachment,wappen-rvs,https://www.gemeinde-merching.de/wp-content/uploads/2022/02/wappen-rvs.jpg,https://www.gemeinde-merching.de/wp-content/uploads/2022/02/wappen-rvs.jpg,206,,image,True,Attachment exposure requires public context; inherit is not publication permission
6180,attachment,wappen-rvs,https://www.gemeinde-merching.de/wp-content/uploads/2022/01/wappen-rvs.jpg,https://www.gemeinde-merching.de/wp-content/uploads/2022/01/wappen-rvs.jpg,206,,image,True,Attachment exposure requires public context; inherit is not publication permission
6210,attachment,Beitragsbild_Logo_Merching-2-150x150,https://www.gemeinde-merching.de/wp-content/uploads/2022/02/Beitragsbild_Logo_Merching-2-150x150-1.jpg,https://www.gemeinde-merching.de/wp-content/uploads/2022/02/Beitragsbild_Logo_Merching-2-150x150-1.jpg,206,,image,True,Attachment exposure requires public context; inherit is not publication permission
6245,attachment,logo-fdpf-bayern,https://www.gemeinde-merching.de/wp-content/uploads/2022/02/logo-fdpf-bayern.jpg,https://www.gemeinde-merching.de/wp-content/uploads/2022/02/logo-fdpf-bayern.jpg,206,,image,True,Attachment exposure requires public context; inherit is not publication permission
6268,attachment,"Grundsteuerreform, Information für Bürger",https://www.gemeinde-merching.de/wp-content/uploads/2022/03/Textbeitrag-fuer-kommunale-Veroeffentlichungen.pdf,https://www.gemeinde-merching.de/wp-content/uploads/2022/03/Textbeitrag-fuer-kommunale-Veroeffentlichungen.pdf,206,,PDF,True,Attachment exposure requires public context; inherit is not publication permission
6277,attachment,Landratsamt AIC-FDB,https://www.gemeinde-merching.de/wp-content/uploads/2022/03/Landratsamt-AIC-FDB.jpg,https://www.gemeinde-merching.de/wp-content/uploads/2022/03/Landratsamt-AIC-FDB.jpg,206,,image,True,Attachment exposure requires public context; inherit is not publication permission
10453,wpdmpro,Gemeindekurier Ostern 2026,https://www.gemeinde-merching.de/download/gemeindekurier-ostern-2026/,https://www.gemeinde-merching.de/download/gemeindekurier-ostern-2026/,200,https://www.gemeinde-merching.de/download/gemeindekurier-ostern-2026/,page,True,WXR numeric CPT links can be noncanonical/broken; use live navigation and managed downloads
10426,wpdmpro,Bekanntmachung des abschließenden Ergebnisses der Wahl des ersten Bürgermeisters am 08.03.2026,https://www.gemeinde-merching.de/download/bekanntmachung-des-abschliessenden-ergebnisses-der-wahl-des-ersten-buergermeisters-am-08-03-2026/,https://www.gemeinde-merching.de/download/bekanntmachung-des-abschliessenden-ergebnisses-der-wahl-des-ersten-buergermeisters-am-08-03-2026/,200,https://www.gemeinde-merching.de/download/bekanntmachung-des-abschliessenden-ergebnisses-der-wahl-des-ersten-buergermeisters-am-08-03-2026/,page,True,WXR numeric CPT links can be noncanonical/broken; use live navigation and managed downloads
10427,attachment,Buergermeisterwahl-Bekanntmachung_Wahlergebnis_Anl_18-Direktwahl_Homepage,https://www.gemeinde-merching.de/wp-content/uploads/2026/03/Buergermeisterwahl-Bekanntmachung_Wahlergebnis_Anl_18-Direktwahl_Homepage.pdf,https://www.gemeinde-merching.de/wp-content/uploads/2026/03/Buergermeisterwahl-Bekanntmachung_Wahlergebnis_Anl_18-Direktwahl_Homepage.pdf,206,,PDF,True,Attachment exposure requires public context; inherit is not publication permission
6525,attachment,Klose-Tanja,https://www.gemeinde-merching.de/wp-content/uploads/2022/06/Klose-Tanja-klein.jpg,https://www.gemeinde-merching.de/wp-content/uploads/2022/06/Klose-Tanja-klein.jpg,206,,image,True,Attachment exposure requires public context; inherit is not publication permission
8854,attachment,Gemeindekurier Sommer 2024 f. Homepage,https://www.gemeinde-merching.de/wp-content/uploads/2024/07/Gemeindekurier-Sommer-2024-f.-Homepage.pdf,https://www.gemeinde-merching.de/wp-content/uploads/2024/07/Gemeindekurier-Sommer-2024-f.-Homepage.pdf,206,,PDF,True,Attachment exposure requires public context; inherit is not publication permission
8018,post,"Flyer ""Stromausfall"" - Was ist ein Blackout und wie bereiten wir uns darauf vor?",https://www.gemeinde-merching.de/flyer-stromausfall-was-ist-ein-blackout-und-wie-bereiten-wir-uns-darauf-vor/,https://www.gemeinde-merching.de/flyer-stromausfall-was-ist-ein-blackout-und-wie-bereiten-wir-uns-darauf-vor/,200,https://www.gemeinde-merching.de/flyer-stromausfall-was-ist-ein-blackout-und-wie-bereiten-wir-uns-darauf-vor/,page,True,WXR numeric CPT links can be noncanonical/broken; use live navigation and managed downloads
9637,page,Barrieren reduzieren in unserem Webauftritt,https://www.gemeinde-merching.de/ueber-merching/accessibility-statement/,https://www.gemeinde-merching.de/ueber-merching/accessibility-statement/,200,https://www.gemeinde-merching.de/ueber-merching/accessibility-statement/,page,True,WXR numeric CPT links can be noncanonical/broken; use live navigation and managed downloads
6564,link_library_links,"Schülerbeförderung, Fahrkartenantrag für das Schuljahr 2025/2026",https://www.gemeinde-merching.de/wp-content/uploads/2025/07/Antrag_Fahrkarte_2025_2026.pdf,https://www.gemeinde-merching.de/wp-content/uploads/2025/07/Antrag_Fahrkarte_2025_2026.pdf,206,,PDF,True,WXR numeric CPT links can be noncanonical/broken; use live navigation and managed downloads
9189,attachment,Gemeindekurier Weihnachten 2024 f. Homepage,https://www.gemeinde-merching.de/wp-content/uploads/2024/12/Gemeindekurier-Weihnachten-2024-f.-Homepage.pdf,https://www.gemeinde-merching.de/wp-content/uploads/2024/12/Gemeindekurier-Weihnachten-2024-f.-Homepage.pdf,206,,PDF,True,Attachment exposure requires public context; inherit is not publication permission
10225,attachment,01+02+03 Programm FSP Süd 2026,https://www.gemeinde-merching.de/wp-content/uploads/2026/01/010203-Programm-FSP-Sued-2026.pdf,https://www.gemeinde-merching.de/wp-content/uploads/2026/01/010203-Programm-FSP-Sued-2026.pdf,206,,PDF,True,Attachment exposure requires public context; inherit is not publication permission
10013,attachment,Beitragsbild Klimawoche 2025,https://www.gemeinde-merching.de/wp-content/uploads/2025/09/Beitragsbild-Klimawoche-2025.jpg,https://www.gemeinde-merching.de/wp-content/uploads/2025/09/Beitragsbild-Klimawoche-2025.jpg,206,,image,True,Attachment exposure requires public context; inherit is not publication permission
10130,attachment,2025-10_Sound_Train_Anzeige-Narrneusia-Broschüre-2026-CMYK,https://www.gemeinde-merching.de/wp-content/uploads/2025/11/2025-10_Sound_Train_Anzeige-Narrneusia-Broschuere-2026-CMYK.jpg,https://www.gemeinde-merching.de/wp-content/uploads/2025/11/2025-10_Sound_Train_Anzeige-Narrneusia-Broschuere-2026-CMYK.jpg,206,,image,True,Attachment exposure requires public context; inherit is not publication permission
6679,attachment,evs,https://www.gemeinde-merching.de/wp-content/uploads/2022/10/evs.png,https://www.gemeinde-merching.de/wp-content/uploads/2022/10/evs.png,206,,image,True,Attachment exposure requires public context; inherit is not publication permission
8241,attachment,Amtsblatt 01-2024=Jahrg. 79 Nr. 01,https://www.gemeinde-merching.de/wp-content/uploads/2023/12/Amtsblatt-01-2024Jahrg.-79-Nr.-01.pdf,https://www.gemeinde-merching.de/wp-content/uploads/2023/12/Amtsblatt-01-2024Jahrg.-79-Nr.-01.pdf,206,,PDF,True,Attachment exposure requires public context; inherit is not publication permission
7022,wpdmpro,Kleineinleiter - Satzung für die Erhebung einer Kommunalabgabe zur Abwälzung der Abwasserabgabe für Kleineinleiter,https://www.gemeinde-merching.de/download/kleineinleiter-satzung-fuer-die-erhebung-einer-kommunalabgabe-zur-abwaelzung-der-abwasserabgabe-fuer-kleineinleiter/,https://www.gemeinde-merching.de/download/kleineinleiter-satzung-fuer-die-erhebung-einer-kommunalabgabe-zur-abwaelzung-der-abwasserabgabe-fuer-kleineinleiter/,200,https://www.gemeinde-merching.de/download/kleineinleiter-satzung-fuer-die-erhebung-einer-kommunalabgabe-zur-abwaelzung-der-abwasserabgabe-fuer-kleineinleiter/,page,True,WXR numeric CPT links can be noncanonical/broken; use live navigation and managed downloads
9242,wpdmpro,MSV - HH 2 Haushaltssatzung 2026,https://www.gemeinde-merching.de/download/msv-hh-2-haushaltssatzung-2026/,https://www.gemeinde-merching.de/download/msv-hh-2-haushaltssatzung-2026/,200,https://www.gemeinde-merching.de/download/msv-hh-2-haushaltssatzung-2026/,page,True,WXR numeric CPT links can be noncanonical/broken; use live navigation and managed downloads
7024,wpdmpro,Information zur elektronischen Lohnsteuerkarte,https://www.gemeinde-merching.de/download/information-zur-elektronischen-lohnsteuerkarte/,https://www.gemeinde-merching.de/download/information-zur-elektronischen-lohnsteuerkarte/,200,https://www.gemeinde-merching.de/download/information-zur-elektronischen-lohnsteuerkarte/,page,True,WXR numeric CPT links can be noncanonical/broken; use live navigation and managed downloads
7020,wpdmpro,Erschließungsbeiträge - Satzung über die Erschließungsbeiträge in der Fassung der 2. Änderung vom 15.05.1992,https://www.gemeinde-merching.de/download/erschliessungsbeitraege-satzung-ueber-die-erschliessungsbeitraege-in-der-fassung-der-2-aenderung-vom-15-05-1992/,https://www.gemeinde-merching.de/download/erschliessungsbeitraege-satzung-ueber-die-erschliessungsbeitraege-in-der-fassung-der-2-aenderung-vom-15-05-1992/,200,https://www.gemeinde-merching.de/download/erschliessungsbeitraege-satzung-ueber-die-erschliessungsbeitraege-in-der-fassung-der-2-aenderung-vom-15-05-1992/,page,True,WXR numeric CPT links can be noncanonical/broken; use live navigation and managed downloads
7021,wpdmpro,Hausnummerierung - Satzung über die Hausnummerierung,https://www.gemeinde-merching.de/download/hausnummerierung-satzung-ueber-die-hausnummerierung/,https://www.gemeinde-merching.de/download/hausnummerierung-satzung-ueber-die-hausnummerierung/,200,https://www.gemeinde-merching.de/download/hausnummerierung-satzung-ueber-die-hausnummerierung/,page,True,WXR numeric CPT links can be noncanonical/broken; use live navigation and managed downloads
6748,attachment,Kommunale IT-Sicherheit,https://www.gemeinde-merching.de/wp-content/uploads/2022/11/Kommunale-IT-Sicherheit.png,https://www.gemeinde-merching.de/wp-content/uploads/2022/11/Kommunale-IT-Sicherheit.png,206,,image,True,Attachment exposure requires public context; inherit is not publication permission
6749,post,Kommunale IT-Sicherheit,https://www.gemeinde-merching.de/kommunale-it-sicherheit/,https://www.gemeinde-merching.de/kommunale-it-sicherheit/,200,https://www.gemeinde-merching.de/kommunale-it-sicherheit/,page,True,WXR numeric CPT links can be noncanonical/broken; use live navigation and managed downloads
8020,wpdmpro,"Flyer ""Stromausfall"" - Vorbereitungsmaßnahmen und Anlaufstellen",https://www.gemeinde-merching.de/download/flyer-stromausfall-vorbereitungsmassnahmen-und-anlaufstellen/,https://www.gemeinde-merching.de/download/flyer-stromausfall-vorbereitungsmassnahmen-und-anlaufstellen/,200,https://www.gemeinde-merching.de/download/flyer-stromausfall-vorbereitungsmassnahmen-und-anlaufstellen/,page,True,WXR numeric CPT links can be noncanonical/broken; use live navigation and managed downloads
6800,attachment,Gemeindekurier Weihnachten 2022 f. Homepage,https://www.gemeinde-merching.de/wp-content/uploads/2022/12/Gemeindekurier-Weihnachten-2022-f.-Homepage.pdf,https://www.gemeinde-merching.de/wp-content/uploads/2022/12/Gemeindekurier-Weihnachten-2022-f.-Homepage.pdf,206,,PDF,True,Attachment exposure requires public context; inherit is not publication permission
10170,attachment,Feuerwehr - Satzung über Aufwendungd- und Kostenersatz für Einsätze und andere Leistungen gem. Feuehrwehren ab 01.01.2026,https://www.gemeinde-merching.de/wp-content/uploads/2025/08/Feuerwehr-Satzung-ueber-Aufwendungd-und-Kostenersatz-fuer-Einsaetze-und-andere-Leistungen-gem.-Feuehrwehren-ab-01.01.2026-1.pdf,https://www.gemeinde-merching.de/wp-content/uploads/2025/08/Feuerwehr-Satzung-ueber-Aufwendungd-und-Kostenersatz-fuer-Einsaetze-und-andere-Leistungen-gem.-Feuehrwehren-ab-01.01.2026-1.pdf,206,,PDF,True,Attachment exposure requires public context; inherit is not publication permission
7025,wpdmpro,Vereinsförderrichtlinien der Gemeinde Merching ab 2013,https://www.gemeinde-merching.de/download/vereinsfoerderrichtlinien-der-gemeinde-merching-ab-2013/,https://www.gemeinde-merching.de/download/vereinsfoerderrichtlinien-der-gemeinde-merching-ab-2013/,200,https://www.gemeinde-merching.de/download/vereinsfoerderrichtlinien-der-gemeinde-merching-ab-2013/,page,True,WXR numeric CPT links can be noncanonical/broken; use live navigation and managed downloads
6879,attachment,,https://www.gemeinde-merching.de/wp-content/uploads/2022/12/banner2.jpg,https://www.gemeinde-merching.de/wp-content/uploads/2022/12/banner2.jpg,206,,image,True,Attachment exposure requires public context; inherit is not publication permission
6880,attachment,,https://www.gemeinde-merching.de/wp-content/uploads/2022/12/cropped-banner2.jpg,https://www.gemeinde-merching.de/wp-content/uploads/2022/12/cropped-banner2.jpg,206,,image,True,Attachment exposure requires public context; inherit is not publication permission
6899,attachment,cropped-cropped-Wappen-alternativ.png,https://www.gemeinde-merching.de/wp-content/uploads/2020/06/cropped-cropped-Wappen-alternativ.png,https://www.gemeinde-merching.de/wp-content/uploads/2020/06/cropped-cropped-Wappen-alternativ.png,206,,image,True,Attachment exposure requires public context; inherit is not publication permission
7149,attachment,Amtsblatt 01-2023=Jahrg. 78 Nr. 01,https://www.gemeinde-merching.de/wp-content/uploads/2023/01/Amtsblatt-01-2023Jahrg.-78-Nr.-01.pdf,https://www.gemeinde-merching.de/wp-content/uploads/2023/01/Amtsblatt-01-2023Jahrg.-78-Nr.-01.pdf,206,,PDF,True,Attachment exposure requires public context; inherit is not publication permission
7009,attachment,,https://www.gemeinde-merching.de/wp-content/uploads/2022/12/Startseite-Block.jpg,https://www.gemeinde-merching.de/wp-content/uploads/2022/12/Startseite-Block.jpg,206,,image,True,Attachment exposure requires public context; inherit is not publication permission
7028,wpdmpro,Antrag Fuer Wasserbezug,https://www.gemeinde-merching.de/download/antrag-fuer-wasserbezug/,https://www.gemeinde-merching.de/download/antrag-fuer-wasserbezug/,200,https://www.gemeinde-merching.de/download/antrag-fuer-wasserbezug/,page,True,WXR numeric CPT links can be noncanonical/broken; use live navigation and managed downloads
7029,wpdmpro,Bauwasserbezugsvertrag,https://www.gemeinde-merching.de/download/bauwasserbezugsvertrag/,https://www.gemeinde-merching.de/download/bauwasserbezugsvertrag/,200,https://www.gemeinde-merching.de/download/bauwasserbezugsvertrag/,page,True,WXR numeric CPT links can be noncanonical/broken; use live navigation and managed downloads
7030,wpdmpro,Einfriedung - Satzung der Gemeinde Merching über die Höhe von Einfriedungen (Einfriedungssatzung),https://www.gemeinde-merching.de/download/einfriedung-satzung-der-gemeinde-merching-ueber-die-hoehe-von-einfriedungen-einfriedungssatzung/,https://www.gemeinde-merching.de/download/einfriedung-satzung-der-gemeinde-merching-ueber-die-hoehe-von-einfriedungen-einfriedungssatzung/,200,https://www.gemeinde-merching.de/download/einfriedung-satzung-der-gemeinde-merching-ueber-die-hoehe-von-einfriedungen-einfriedungssatzung/,page,True,WXR numeric CPT links can be noncanonical/broken; use live navigation and managed downloads
7031,wpdmpro,SEPA-Mandat Gemeinde Merching,https://www.gemeinde-merching.de/download/mandat-gemeinde-merching/,https://www.gemeinde-merching.de/download/mandat-gemeinde-merching/,200,https://www.gemeinde-merching.de/download/mandat-gemeinde-merching/,page,True,WXR numeric CPT links can be noncanonical/broken; use live navigation and managed downloads
7034,wpdmpro,Anmeldung eines Gartenwasserzählers,https://www.gemeinde-merching.de/download/anmeldung-eines-gartenwasserzaehlers/,https://www.gemeinde-merching.de/download/anmeldung-eines-gartenwasserzaehlers/,200,https://www.gemeinde-merching.de/download/anmeldung-eines-gartenwasserzaehlers/,page,True,WXR numeric CPT links can be noncanonical/broken; use live navigation and managed downloads
10815,attachment,Landratsamt,https://www.gemeinde-merching.de/wp-content/uploads/2026/07/Landratsamt.docx,https://www.gemeinde-merching.de/wp-content/uploads/2026/07/Landratsamt.docx,206,,sitemap/xml,True,Attachment exposure requires public context; inherit is not publication permission
7040,wpdmpro,Blauzungenkrankheit - Amtsblatt 75 Nr. 4b des Landkreises Aichach-Friedberg,https://www.gemeinde-merching.de/download/blauzungenkrankheit-amtsblatt-75-nr-4b-des-landkreises-aichach-friedberg/,https://www.gemeinde-merching.de/download/blauzungenkrankheit-amtsblatt-75-nr-4b-des-landkreises-aichach-friedberg/,200,https://www.gemeinde-merching.de/download/blauzungenkrankheit-amtsblatt-75-nr-4b-des-landkreises-aichach-friedberg/,page,True,WXR numeric CPT links can be noncanonical/broken; use live navigation and managed downloads
7041,wpdmpro,Geschäftsordnung - Geschäftsordnung 2020,https://www.gemeinde-merching.de/download/geschaeftsordnung-geschaeftsordnung-2020/,https://www.gemeinde-merching.de/download/geschaeftsordnung-geschaeftsordnung-2020/,200,https://www.gemeinde-merching.de/download/geschaeftsordnung-geschaeftsordnung-2020/,page,True,WXR numeric CPT links can be noncanonical/broken; use live navigation and managed downloads
7042,wpdmpro,Gemeindeverfassungsrecht - Satzung zur Regelung von Fragen des örtlichen Gemeindeverfassungsrechts 06.05.2020,https://www.gemeinde-merching.de/download/gemeindeverfassungsrecht-satzung-zur-regelung-von-fragen-des-oertlichen-gemeindeverfassungsrechts-06-05-2020/,https://www.gemeinde-merching.de/download/gemeindeverfassungsrecht-satzung-zur-regelung-von-fragen-des-oertlichen-gemeindeverfassungsrechts-06-05-2020/,200,https://www.gemeinde-merching.de/download/gemeindeverfassungsrecht-satzung-zur-regelung-von-fragen-des-oertlichen-gemeindeverfassungsrechts-06-05-2020/,page,True,WXR numeric CPT links can be noncanonical/broken; use live navigation and managed downloads
7043,wpdmpro,Bestattung - Satzung über die öffentl. Bestattungseinrichtung der Gemeinde Merching vom 18.07.2022 - gültig bis 31.12.2026,https://www.gemeinde-merching.de/download/bestattung-satzung-ueber-die-oeffentl-bestattungseinrichtung-der-gemeinde-merching-vom-18-07-2022-gueltig-ab-01-01-2023/,https://www.gemeinde-merching.de/download/bestattung-satzung-ueber-die-oeffentl-bestattungseinrichtung-der-gemeinde-merching-vom-18-07-2022-gueltig-ab-01-01-2023/,200,https://www.gemeinde-merching.de/download/bestattung-satzung-ueber-die-oeffentl-bestattungseinrichtung-der-gemeinde-merching-vom-18-07-2022-gueltig-ab-01-01-2023/,page,True,WXR numeric CPT links can be noncanonical/broken; use live navigation and managed downloads
10568,wpdmpro,Bekanntmachung Vergabe von gemeindlichen Wohnbaugrundstücken,https://www.gemeinde-merching.de/download/bekanntmachung-vergabe-von-gemeindlichen-wohnbaugrundstuecken/,https://www.gemeinde-merching.de/download/bekanntmachung-vergabe-von-gemeindlichen-wohnbaugrundstuecken/,200,https://www.gemeinde-merching.de/download/bekanntmachung-vergabe-von-gemeindlichen-wohnbaugrundstuecken/,page,True,WXR numeric CPT links can be noncanonical/broken; use live navigation and managed downloads
7049,wpdmpro,Landespflegegeld unterstützt Pflegebedürftige - Pressemitteilung Landratsamt Aichach-Friedberg 08/2021,https://www.gemeinde-merching.de/download/landespflegegeld-unterstuetzt-pflegebeduerftige-pressemitteilung-landratsamt-aichach-friedberg-08-2021/,https://www.gemeinde-merching.de/download/landespflegegeld-unterstuetzt-pflegebeduerftige-pressemitteilung-landratsamt-aichach-friedberg-08-2021/,200,https://www.gemeinde-merching.de/download/landespflegegeld-unterstuetzt-pflegebeduerftige-pressemitteilung-landratsamt-aichach-friedberg-08-2021/,page,True,WXR numeric CPT links can be noncanonical/broken; use live navigation and managed downloads
7051,wpdmpro,Reinigungs- und Winterdienstverordnung vom 04.11.2021,https://www.gemeinde-merching.de/download/reinigungs-und-winterdienstverordnung-vom-04-11-2021/,https://www.gemeinde-merching.de/download/reinigungs-und-winterdienstverordnung-vom-04-11-2021/,200,https://www.gemeinde-merching.de/download/reinigungs-und-winterdienstverordnung-vom-04-11-2021/,page,True,WXR numeric CPT links can be noncanonical/broken; use live navigation and managed downloads
7052,wpdmpro,Grundsteuerreform - Die neue Grundsteuer in Bayern,https://www.gemeinde-merching.de/download/grundsteuerreform-die-neue-grundsteuer-in-bayern/,https://www.gemeinde-merching.de/download/grundsteuerreform-die-neue-grundsteuer-in-bayern/,200,https://www.gemeinde-merching.de/download/grundsteuerreform-die-neue-grundsteuer-in-bayern/,page,True,WXR numeric CPT links can be noncanonical/broken; use live navigation and managed downloads
7059,wpdmpro,Bestattung - Gebührensatzung zur Satzung für die öffentl. Bestattungseinrichtung (GBS/BES) der Gemeinde Merching bis 31.12.2026,https://www.gemeinde-merching.de/download/bestattung-gebuehrensatzung-zur-satzung-fuer-die-oeffentl-bestattungseinrichtung-gbs-bes-der-gemeinde-merching-vom-18-07-2022-gueltig-ab-01-01-2023/,https://www.gemeinde-merching.de/download/bestattung-gebuehrensatzung-zur-satzung-fuer-die-oeffentl-bestattungseinrichtung-gbs-bes-der-gemeinde-merching-vom-18-07-2022-gueltig-ab-01-01-2023/,200,https://www.gemeinde-merching.de/download/bestattung-gebuehrensatzung-zur-satzung-fuer-die-oeffentl-bestattungseinrichtung-gbs-bes-der-gemeinde-merching-vom-18-07-2022-gueltig-ab-01-01-2023/,page,True,WXR numeric CPT links can be noncanonical/broken; use live navigation and managed downloads
7064,wpdmpro,Grundsteuererklärung Informationen 14.12.2022,https://www.gemeinde-merching.de/download/grundsteuererklaerung-informationen-14-12-2022/,https://www.gemeinde-merching.de/download/grundsteuererklaerung-informationen-14-12-2022/,200,https://www.gemeinde-merching.de/download/grundsteuererklaerung-informationen-14-12-2022/,page,True,WXR numeric CPT links can be noncanonical/broken; use live navigation and managed downloads
7085,page,Alle Downloads in der Übersicht,https://www.gemeinde-merching.de/buergerservice/alle-downloads-in-der-uebersicht/,https://www.gemeinde-merching.de/buergerservice/alle-downloads-in-der-uebersicht/,200,https://www.gemeinde-merching.de/buergerservice/alle-downloads-in-der-uebersicht/,page,True,WXR numeric CPT links can be noncanonical/broken; use live navigation and managed downloads
9916,attachment,Ehrungen - Satzung über die Verleihung von Ehrungen durch die Gemeinde Merching ab 07.08.2025,https://www.gemeinde-merching.de/wp-content/uploads/2025/08/Ehrungen-Satzung-ueber-die-Verleihung-von-Ehrungen-durch-die-Gemeinde-Merching-ab-07.08.2025.pdf,https://www.gemeinde-merching.de/wp-content/uploads/2025/08/Ehrungen-Satzung-ueber-die-Verleihung-von-Ehrungen-durch-die-Gemeinde-Merching-ab-07.08.2025.pdf,206,,PDF,True,Attachment exposure requires public context; inherit is not publication permission
7589,attachment,Aufhebung_BP_Nr3a_Bekanntmachung_Auslegung,https://www.gemeinde-merching.de/wp-content/uploads/2023/05/Aufhebung_BP_Nr3a_Bekanntmachung_Auslegung.pdf,https://www.gemeinde-merching.de/wp-content/uploads/2023/05/Aufhebung_BP_Nr3a_Bekanntmachung_Auslegung.pdf,206,,PDF,True,Attachment exposure requires public context; inherit is not publication permission
7168,attachment,Vorkaufsrechtssatzung 31-01-2023,https://www.gemeinde-merching.de/wp-content/uploads/2023/01/Vorkaufsrechtssatzung-31-01-2023.pdf,https://www.gemeinde-merching.de/wp-content/uploads/2023/01/Vorkaufsrechtssatzung-31-01-2023.pdf,206,,PDF,True,Attachment exposure requires public context; inherit is not publication permission
9923,attachment,Feuerwehrkostensatzung_ab_01-01-2026,https://www.gemeinde-merching.de/wp-content/uploads/2025/08/Feuerwehrkostensatzung_ab_01-01-2026.pdf,https://www.gemeinde-merching.de/wp-content/uploads/2025/08/Feuerwehrkostensatzung_ab_01-01-2026.pdf,206,,PDF,True,Attachment exposure requires public context; inherit is not publication permission
10042,post,Brunnenregenerierung abgeschlossen,https://www.gemeinde-merching.de/brunnenregenerierung-abgeschlossen/,https://www.gemeinde-merching.de/brunnenregenerierung-abgeschlossen/,200,https://www.gemeinde-merching.de/brunnenregenerierung-abgeschlossen/,page,True,WXR numeric CPT links can be noncanonical/broken; use live navigation and managed downloads
9919,attachment,Spielplatzsatzung ab 09.08.2025,https://www.gemeinde-merching.de/wp-content/uploads/2025/08/Spielplatzsatzung-ab-09.08.2025.pdf,https://www.gemeinde-merching.de/wp-content/uploads/2025/08/Spielplatzsatzung-ab-09.08.2025.pdf,206,,PDF,True,Attachment exposure requires public context; inherit is not publication permission
9926,attachment,2025-08-13_Bekanntmachung_Satzung_Aufwendungs-u.-Kostenersatz_f_Einsätze_u_andere_Leistungen_gemeindlicher_Feuerwehren_ab_01-01-2026,https://www.gemeinde-merching.de/wp-content/uploads/2025/08/2025-08-13_Bekanntmachung_Satzung_Aufwendungs-u.-Kostenersatz_f_Einsaetze_u_andere_Leistungen_gemeindlicher_Feuerwehren_ab_01-01-2026.pdf,https://www.gemeinde-merching.de/wp-content/uploads/2025/08/2025-08-13_Bekanntmachung_Satzung_Aufwendungs-u.-Kostenersatz_f_Einsaetze_u_andere_Leistungen_gemeindlicher_Feuerwehren_ab_01-01-2026.pdf,206,,PDF,True,Attachment exposure requires public context; inherit is not publication permission
7191,attachment,6. Änderung FNP Bekanntmachung_frühz_Beteiligung,https://www.gemeinde-merching.de/wp-content/uploads/2023/02/6.-Aenderung-FNP-Bekanntmachung_fruehz_Beteiligung.pdf,https://www.gemeinde-merching.de/wp-content/uploads/2023/02/6.-Aenderung-FNP-Bekanntmachung_fruehz_Beteiligung.pdf,206,,PDF,True,Attachment exposure requires public context; inherit is not publication permission
10165,attachment,Wasser - Beitrags- und Gebührensatzung zur Wasserabgabesatzung ab 01.01.2026,https://www.gemeinde-merching.de/wp-content/uploads/2025/08/Wasser-Beitrags-und-Gebuehrensatzung-zur-Wasserabgabesatzung-ab-01.01.2026-1.pdf,https://www.gemeinde-merching.de/wp-content/uploads/2025/08/Wasser-Beitrags-und-Gebuehrensatzung-zur-Wasserabgabesatzung-ab-01.01.2026-1.pdf,206,,PDF,True,Attachment exposure requires public context; inherit is not publication permission
9913,wpdmpro,Entwässerung - Beitrags- und Gebührensatzung zur Entwässerungsatzung ab 01.01.2026,https://www.gemeinde-merching.de/download/entwaesserung-beitrags-und-gebuehrensatzung-zur-entwaesserungsatzung/,https://www.gemeinde-merching.de/download/entwaesserung-beitrags-und-gebuehrensatzung-zur-entwaesserungsatzung/,200,https://www.gemeinde-merching.de/download/entwaesserung-beitrags-und-gebuehrensatzung-zur-entwaesserungsatzung/,page,True,WXR numeric CPT links can be noncanonical/broken; use live navigation and managed downloads
9914,attachment,Entwässerung - Beitrags- und Gebührensatzung zur Entwässerungssatzung ab 01.01.20262026,https://www.gemeinde-merching.de/wp-content/uploads/2025/08/Entwaesserung-Beitrags-und-Gebuehrensatzung-zur-Entwaesserungssatzung-ab-01.01.20262026.pdf,https://www.gemeinde-merching.de/wp-content/uploads/2025/08/Entwaesserung-Beitrags-und-Gebuehrensatzung-zur-Entwaesserungssatzung-ab-01.01.20262026.pdf,206,,PDF,True,Attachment exposure requires public context; inherit is not publication permission
9915,wpdmpro,Ehrungen - Satzung über die Verleihung von Ehrungen durch die Gemeinde Merching,https://www.gemeinde-merching.de/download/ehrungen-satzung-ueber-die-verleihung-von-ehrungen-durch-die-gemeinde-merching-ab-07-08-2025/,https://www.gemeinde-merching.de/download/ehrungen-satzung-ueber-die-verleihung-von-ehrungen-durch-die-gemeinde-merching-ab-07-08-2025/,200,https://www.gemeinde-merching.de/download/ehrungen-satzung-ueber-die-verleihung-von-ehrungen-durch-die-gemeinde-merching-ab-07-08-2025/,page,True,WXR numeric CPT links can be noncanonical/broken; use live navigation and managed downloads
7539,attachment,Amtsblatt 04-2023=Jahrg. 78 Nr. 4a,https://www.gemeinde-merching.de/wp-content/uploads/2023/04/Amtsblatt-04-2023Jahrg.-78-Nr.-4a.pdf,https://www.gemeinde-merching.de/wp-content/uploads/2023/04/Amtsblatt-04-2023Jahrg.-78-Nr.-4a.pdf,206,,PDF,True,Attachment exposure requires public context; inherit is not publication permission
7210,attachment,Begründung_BPNr36_Freizeitanlage_Bauhof_2023-01-19ü,https://www.gemeinde-merching.de/wp-content/uploads/2023/02/Begruendung_BPNr36_Freizeitanlage_Bauhof_2023-01-19ue.pdf,https://www.gemeinde-merching.de/wp-content/uploads/2023/02/Begruendung_BPNr36_Freizeitanlage_Bauhof_2023-01-19ue.pdf,206,,PDF,True,Attachment exposure requires public context; inherit is not publication permission
7212,attachment,Bekanntmachung Satzungsbeschluss B-Plan Nr. 36 Freizeitanlage,https://www.gemeinde-merching.de/wp-content/uploads/2023/02/Bekanntmachung-Satzungsbeschluss-B-Plan-Nr.-36-Freizeitanlage.pdf,https://www.gemeinde-merching.de/wp-content/uploads/2023/02/Bekanntmachung-Satzungsbeschluss-B-Plan-Nr.-36-Freizeitanlage.pdf,206,,PDF,True,Attachment exposure requires public context; inherit is not publication permission
7214,attachment,Planzeichnung_BPNr36_Freizeitanlage_Bauhof_2023-01-19,https://www.gemeinde-merching.de/wp-content/uploads/2023/02/Planzeichnung_BPNr36_Freizeitanlage_Bauhof_2023-01-19.pdf,https://www.gemeinde-merching.de/wp-content/uploads/2023/02/Planzeichnung_BPNr36_Freizeitanlage_Bauhof_2023-01-19.pdf,206,,PDF,True,Attachment exposure requires public context; inherit is not publication permission
7216,attachment,Textteil_BPNr36_Freizeitanlage_Bauhof_2023-01-19,https://www.gemeinde-merching.de/wp-content/uploads/2023/02/Textteil_BPNr36_Freizeitanlage_Bauhof_2023-01-19.pdf,https://www.gemeinde-merching.de/wp-content/uploads/2023/02/Textteil_BPNr36_Freizeitanlage_Bauhof_2023-01-19.pdf,206,,PDF,True,Attachment exposure requires public context; inherit is not publication permission
7218,attachment,BP37 suedl. Nebelhornstr. Bekanntmachung Satzungsbeschluss,https://www.gemeinde-merching.de/wp-content/uploads/2023/02/BP37-suedl.-Nebelhornstr.-Bekanntmachung-Satzungsbeschluss-.pdf,https://www.gemeinde-merching.de/wp-content/uploads/2023/02/BP37-suedl.-Nebelhornstr.-Bekanntmachung-Satzungsbeschluss-.pdf,206,,PDF,True,Attachment exposure requires public context; inherit is not publication permission
7220,attachment,BP37_Südlich_der_Nebelhornstraße_Plan_2023-01-19,https://www.gemeinde-merching.de/wp-content/uploads/2023/02/BP37_Suedlich_der_Nebelhornstrasse_Plan_2023-01-19.pdf,https://www.gemeinde-merching.de/wp-content/uploads/2023/02/BP37_Suedlich_der_Nebelhornstrasse_Plan_2023-01-19.pdf,206,,PDF,True,Attachment exposure requires public context; inherit is not publication permission
7222,attachment,BP37_Südlich_Nebelhornstraße_Begründung_2023-01-19,https://www.gemeinde-merching.de/wp-content/uploads/2023/02/BP37_Suedlich_Nebelhornstrasse_Begruendung_2023-01-19.pdf,https://www.gemeinde-merching.de/wp-content/uploads/2023/02/BP37_Suedlich_Nebelhornstrasse_Begruendung_2023-01-19.pdf,206,,PDF,True,Attachment exposure requires public context; inherit is not publication permission
7856,attachment,Amtsblatt-08-2023=Jahrg. 78 Nr. 08,https://www.gemeinde-merching.de/wp-content/uploads/2023/08/Amtsblatt-08-2023Jahrg.-78-Nr.-08.pdf,https://www.gemeinde-merching.de/wp-content/uploads/2023/08/Amtsblatt-08-2023Jahrg.-78-Nr.-08.pdf,206,,PDF,True,Attachment exposure requires public context; inherit is not publication permission
7224,attachment,BP37_Südlich_Nebelhornstraße_Textteil_2023-01-19,https://www.gemeinde-merching.de/wp-content/uploads/2023/02/BP37_Suedlich_Nebelhornstrasse_Textteil_2023-01-19.pdf,https://www.gemeinde-merching.de/wp-content/uploads/2023/02/BP37_Suedlich_Nebelhornstrasse_Textteil_2023-01-19.pdf,206,,PDF,True,Attachment exposure requires public context; inherit is not publication permission
7226,attachment,1_Änderung_BP_26_Begründung_2023-01-19,https://www.gemeinde-merching.de/wp-content/uploads/2023/02/1_Aenderung_BP_26_Begruendung_2023-01-19.pdf,https://www.gemeinde-merching.de/wp-content/uploads/2023/02/1_Aenderung_BP_26_Begruendung_2023-01-19.pdf,206,,PDF,True,Attachment exposure requires public context; inherit is not publication permission
7228,attachment,1_Änderung_BP_26_Bekanntmachung Satzungsbeschluss,https://www.gemeinde-merching.de/wp-content/uploads/2023/02/1_Aenderung_BP_26_Bekanntmachung-Satzungsbeschluss.pdf,https://www.gemeinde-merching.de/wp-content/uploads/2023/02/1_Aenderung_BP_26_Bekanntmachung-Satzungsbeschluss.pdf,206,,PDF,True,Attachment exposure requires public context; inherit is not publication permission
7230,attachment,1_Änderung_BP_26_Entwurf_2023-01-19,https://www.gemeinde-merching.de/wp-content/uploads/2023/02/1_Aenderung_BP_26_Entwurf_2023-01-19.pdf,https://www.gemeinde-merching.de/wp-content/uploads/2023/02/1_Aenderung_BP_26_Entwurf_2023-01-19.pdf,206,,PDF,True,Attachment exposure requires public context; inherit is not publication permission
7237,attachment,Amtsblatt 02-2023=Jahrg. 78 Nr. 02,https://www.gemeinde-merching.de/wp-content/uploads/2023/02/Amtsblatt-02-2023Jahrg.-78-Nr.-02.pdf,https://www.gemeinde-merching.de/wp-content/uploads/2023/02/Amtsblatt-02-2023Jahrg.-78-Nr.-02.pdf,206,,PDF,True,Attachment exposure requires public context; inherit is not publication permission
7238,attachment,Begründung_Vorentwurf_2023-01-19,https://www.gemeinde-merching.de/wp-content/uploads/2023/02/Begruendung_Vorentwurf_2023-01-19.pdf,https://www.gemeinde-merching.de/wp-content/uploads/2023/02/Begruendung_Vorentwurf_2023-01-19.pdf,206,,PDF,True,Attachment exposure requires public context; inherit is not publication permission
7239,attachment,Planzeichnung_Vorentwurf_6_Änd_FNP_Merching_2023-01-19,https://www.gemeinde-merching.de/wp-content/uploads/2023/02/Planzeichnung_Vorentwurf_6_Aend_FNP_Merching_2023-01-19.pdf,https://www.gemeinde-merching.de/wp-content/uploads/2023/02/Planzeichnung_Vorentwurf_6_Aend_FNP_Merching_2023-01-19.pdf,206,,PDF,True,Attachment exposure requires public context; inherit is not publication permission
7588,attachment,Bekanntmachung_ern_öff_Ausl_BPNr34_Östl_Nebelhornstr,https://www.gemeinde-merching.de/wp-content/uploads/2023/05/Bekanntmachung_ern_oeff_Ausl_BPNr34_Oestl_Nebelhornstr.pdf,https://www.gemeinde-merching.de/wp-content/uploads/2023/05/Bekanntmachung_ern_oeff_Ausl_BPNr34_Oestl_Nebelhornstr.pdf,206,,PDF,True,Attachment exposure requires public context; inherit is not publication permission
7528,attachment,Amtsblatt 04-2023=Jahrg. 78 Nr. 4,https://www.gemeinde-merching.de/wp-content/uploads/2023/04/Amtsblatt-04-2023Jahrg.-78-Nr.-4.pdf,https://www.gemeinde-merching.de/wp-content/uploads/2023/04/Amtsblatt-04-2023Jahrg.-78-Nr.-4.pdf,206,,PDF,True,Attachment exposure requires public context; inherit is not publication permission
7651,attachment,Lampe,https://www.gemeinde-merching.de/wp-content/uploads/2023/06/Lampe.jpg,https://www.gemeinde-merching.de/wp-content/uploads/2023/06/Lampe.jpg,206,,image,True,Attachment exposure requires public context; inherit is not publication permission
7895,attachment,MandatformularGemeinde_mit _Tel_und_E-Mail_2023,https://www.gemeinde-merching.de/wp-content/uploads/2023/08/MandatformularGemeinde_mit-_Tel_und_E-Mail_2023.pdf,https://www.gemeinde-merching.de/wp-content/uploads/2023/08/MandatformularGemeinde_mit-_Tel_und_E-Mail_2023.pdf,206,,PDF,True,Attachment exposure requires public context; inherit is not publication permission
9161,attachment,842_Gemeinde-Merching,https://www.gemeinde-merching.de/wp-content/uploads/2024/11/842_Gemeinde-Merching.png,https://www.gemeinde-merching.de/wp-content/uploads/2024/11/842_Gemeinde-Merching.png,206,,image,True,Attachment exposure requires public context; inherit is not publication permission
8229,attachment,Plakatierungsverordnung,https://www.gemeinde-merching.de/wp-content/uploads/2024/01/Plakatierungsverordnung.pdf,https://www.gemeinde-merching.de/wp-content/uploads/2024/01/Plakatierungsverordnung.pdf,206,,PDF,True,Attachment exposure requires public context; inherit is not publication permission
7515,attachment,Stellenausschreibung,https://www.gemeinde-merching.de/wp-content/uploads/2023/04/Aushang-Homepage.docx,https://www.gemeinde-merching.de/wp-content/uploads/2023/04/Aushang-Homepage.docx,206,,sitemap/xml,True,Attachment exposure requires public context; inherit is not publication permission
9994,attachment,Flyer Vereinsforum 2025 2. HJ Version EK,https://www.gemeinde-merching.de/wp-content/uploads/2025/09/Flyer-Vereinsforum-2025-2.-HJ-Version-EK-1.pdf,https://www.gemeinde-merching.de/wp-content/uploads/2025/09/Flyer-Vereinsforum-2025-2.-HJ-Version-EK-1.pdf,206,,PDF,True,Attachment exposure requires public context; inherit is not publication permission
10133,attachment,BekanntmachungRattenbekJan26,https://www.gemeinde-merching.de/wp-content/uploads/2025/11/BekanntmachungRattenbekJan26.pdf,https://www.gemeinde-merching.de/wp-content/uploads/2025/11/BekanntmachungRattenbekJan26.pdf,206,,PDF,True,Attachment exposure requires public context; inherit is not publication permission
7483,attachment,Rama Dama Hochdorf,https://www.gemeinde-merching.de/wp-content/uploads/2023/03/Rama-Dama-Hochdorf.pdf,https://www.gemeinde-merching.de/wp-content/uploads/2023/03/Rama-Dama-Hochdorf.pdf,206,,PDF,True,Attachment exposure requires public context; inherit is not publication permission
7517,attachment,Stellenausschreibung,https://www.gemeinde-merching.de/wp-content/uploads/2023/04/Aushang-Homepage.pdf,https://www.gemeinde-merching.de/wp-content/uploads/2023/04/Aushang-Homepage.pdf,206,,PDF,True,Attachment exposure requires public context; inherit is not publication permission
7670,attachment,5. Änd. Flächennutzunngs u. Landschaftsplan u. Aufstell. d. vorhabensbez. BP Nr. 39 SG Photovoltaikanl. östl. der Schmiechach,https://www.gemeinde-merching.de/wp-content/uploads/2023/06/5.-Aend.-Flaechennutzunngs-u.-Landschaftsplan-u.-Aufstell.-d.-vorhabensbez.-BP-Nr.-39-SG-Photovoltaikanl.-oestl.-der-Schmiechach.pdf,https://www.gemeinde-merching.de/wp-content/uploads/2023/06/5.-Aend.-Flaechennutzunngs-u.-Landschaftsplan-u.-Aufstell.-d.-vorhabensbez.-BP-Nr.-39-SG-Photovoltaikanl.-oestl.-der-Schmiechach.pdf,206,,PDF,True,Attachment exposure requires public context; inherit is not publication permission
9937,attachment,Ausschreibung Architekturpreis,https://www.gemeinde-merching.de/wp-content/uploads/2025/08/Ausschreibung-Architekturpreis.pdf,https://www.gemeinde-merching.de/wp-content/uploads/2025/08/Ausschreibung-Architekturpreis.pdf,206,,PDF,True,Attachment exposure requires public context; inherit is not publication permission
7681,attachment,Amtsblatt 06-2023=Jahrg. 78 Nr. 06,https://www.gemeinde-merching.de/wp-content/uploads/2023/06/Amtsblatt-06-2023Jahrg.-78-Nr.-06.pdf,https://www.gemeinde-merching.de/wp-content/uploads/2023/06/Amtsblatt-06-2023Jahrg.-78-Nr.-06.pdf,206,,PDF,True,Attachment exposure requires public context; inherit is not publication permission
7686,attachment,Antrag - Fahrkarte,https://www.gemeinde-merching.de/wp-content/uploads/2023/06/Antrag-Fahrkarte.pdf,https://www.gemeinde-merching.de/wp-content/uploads/2023/06/Antrag-Fahrkarte.pdf,206,,PDF,True,Attachment exposure requires public context; inherit is not publication permission
7734,attachment,BP PV Merching Planzeichnung Teil A 29.06.2023,https://www.gemeinde-merching.de/wp-content/uploads/2023/06/BP-PV-Merching-Planzeichnung-Teil-A-29.06.2023.pdf,https://www.gemeinde-merching.de/wp-content/uploads/2023/06/BP-PV-Merching-Planzeichnung-Teil-A-29.06.2023.pdf,206,,PDF,True,Attachment exposure requires public context; inherit is not publication permission
9939,wpdmpro,Ausschreibung Architekturpreis Bezirk Schwaben 2026,https://www.gemeinde-merching.de/download/ausschreibung-architekturpreis-bezirk-schwaben-2026/,https://www.gemeinde-merching.de/download/ausschreibung-architekturpreis-bezirk-schwaben-2026/,200,https://www.gemeinde-merching.de/download/ausschreibung-architekturpreis-bezirk-schwaben-2026/,page,True,WXR numeric CPT links can be noncanonical/broken; use live navigation and managed downloads
9940,attachment,Ausschreibung Architekturpreis,https://www.gemeinde-merching.de/wp-content/uploads/2025/08/Ausschreibung-Architekturpreis-1.pdf,https://www.gemeinde-merching.de/wp-content/uploads/2025/08/Ausschreibung-Architekturpreis-1.pdf,206,,PDF,True,Attachment exposure requires public context; inherit is not publication permission
7705,attachment,IMG_3242,https://www.gemeinde-merching.de/wp-content/uploads/2023/06/IMG_3242.jpg,https://www.gemeinde-merching.de/wp-content/uploads/2023/06/IMG_3242.jpg,206,,image,True,Attachment exposure requires public context; inherit is not publication permission
7706,attachment,IMG_3237,https://www.gemeinde-merching.de/wp-content/uploads/2023/06/IMG_3237.jpg,https://www.gemeinde-merching.de/wp-content/uploads/2023/06/IMG_3237.jpg,206,,image,True,Attachment exposure requires public context; inherit is not publication permission
7769,attachment,Amtsblatt 06a-2023=Jahrg. 78 Nr. 06a,https://www.gemeinde-merching.de/wp-content/uploads/2023/07/Amtsblatt-06a-2023Jahrg.-78-Nr.-06a.pdf,https://www.gemeinde-merching.de/wp-content/uploads/2023/07/Amtsblatt-06a-2023Jahrg.-78-Nr.-06a.pdf,206,,PDF,True,Attachment exposure requires public context; inherit is not publication permission
7711,attachment,Bekanntmachung_ern_öff_Ausl_BPNr34_Östl_Nebelhornstr,https://www.gemeinde-merching.de/wp-content/uploads/2023/06/Bekanntmachung_ern_oeff_Ausl_BPNr34_Oestl_Nebelhornstr.pdf,https://www.gemeinde-merching.de/wp-content/uploads/2023/06/Bekanntmachung_ern_oeff_Ausl_BPNr34_Oestl_Nebelhornstr.pdf,206,,PDF,True,Attachment exposure requires public context; inherit is not publication permission
7723,attachment,BMWK_NKI_Gefoerdert_RGB_DE_2022_quer,https://www.gemeinde-merching.de/wp-content/uploads/2022/10/BMWK_NKI_Gefoerdert_RGB_DE_2022_quer.jpg,https://www.gemeinde-merching.de/wp-content/uploads/2022/10/BMWK_NKI_Gefoerdert_RGB_DE_2022_quer.jpg,206,,image,True,Attachment exposure requires public context; inherit is not publication permission
10123,attachment,20251016_Plakat_Solartreff_Steindorf 25.11.,https://www.gemeinde-merching.de/wp-content/uploads/2025/11/20251016_Plakat_Solartreff_Steindorf-25.11.pdf,https://www.gemeinde-merching.de/wp-content/uploads/2025/11/20251016_Plakat_Solartreff_Steindorf-25.11.pdf,206,,PDF,True,Attachment exposure requires public context; inherit is not publication permission
7736,attachment,BP PV Merching_Begründung mit Umweltbericht Teil C_07 29.06.2023,https://www.gemeinde-merching.de/wp-content/uploads/2023/06/BP-PV-Merching_Begruendung-mit-Umweltbericht-Teil-C_07-29.06.2023.pdf,https://www.gemeinde-merching.de/wp-content/uploads/2023/06/BP-PV-Merching_Begruendung-mit-Umweltbericht-Teil-C_07-29.06.2023.pdf,206,,PDF,True,Attachment exposure requires public context; inherit is not publication permission
8188,attachment,Amtsblatt 12-2023=Jahrg. 78 Nr. 12,https://www.gemeinde-merching.de/wp-content/uploads/2023/12/Amtsblatt-12-2023Jahrg.-78-Nr.-12.pdf,https://www.gemeinde-merching.de/wp-content/uploads/2023/12/Amtsblatt-12-2023Jahrg.-78-Nr.-12.pdf,206,,PDF,True,Attachment exposure requires public context; inherit is not publication permission
7738,attachment,BP PV Merching_Festsetzungen Teil B 29.06.2023,https://www.gemeinde-merching.de/wp-content/uploads/2023/06/BP-PV-Merching_Festsetzungen-Teil-B-29.06.2023.pdf,https://www.gemeinde-merching.de/wp-content/uploads/2023/06/BP-PV-Merching_Festsetzungen-Teil-B-29.06.2023.pdf,206,,PDF,True,Attachment exposure requires public context; inherit is not publication permission
7740,attachment,Datenschutzrechtliche Informationspflichten nach Art. 13 und 14 DSGVO 29.06.2023,https://www.gemeinde-merching.de/wp-content/uploads/2023/06/Datenschutzrechtliche-Informationspflichten-nach-Art.-13-und-14-DSGVO-29.06.2023.pdf,https://www.gemeinde-merching.de/wp-content/uploads/2023/06/Datenschutzrechtliche-Informationspflichten-nach-Art.-13-und-14-DSGVO-29.06.2023.pdf,206,,PDF,True,Attachment exposure requires public context; inherit is not publication permission
7742,attachment,FNP PV Merching Entwurf Teil A 29.06.2023,https://www.gemeinde-merching.de/wp-content/uploads/2023/06/FNP-PV-Merching-Entwurf-Teil-A-29.06.2023.pdf,https://www.gemeinde-merching.de/wp-content/uploads/2023/06/FNP-PV-Merching-Entwurf-Teil-A-29.06.2023.pdf,206,,PDF,True,Attachment exposure requires public context; inherit is not publication permission
7744,attachment,FNP PV Merching_Begründung mit Umweltbericht Teil B_03 29.06.2023,https://www.gemeinde-merching.de/wp-content/uploads/2023/06/FNP-PV-Merching_Begruendung-mit-Umweltbericht-Teil-B_03-29.06.2023.pdf,https://www.gemeinde-merching.de/wp-content/uploads/2023/06/FNP-PV-Merching_Begruendung-mit-Umweltbericht-Teil-B_03-29.06.2023.pdf,206,,PDF,True,Attachment exposure requires public context; inherit is not publication permission
7745,attachment,Stellungnahme frühz. Beteiligung_Denkmalpflege_Abwägung 29.06.2023,https://www.gemeinde-merching.de/wp-content/uploads/2023/06/Stellungnahme-fruehz.-Beteiligung_Denkmalpflege_Abwaegung-29.06.2023.pdf,https://www.gemeinde-merching.de/wp-content/uploads/2023/06/Stellungnahme-fruehz.-Beteiligung_Denkmalpflege_Abwaegung-29.06.2023.pdf,206,,PDF,True,Attachment exposure requires public context; inherit is not publication permission
7749,attachment,Stellungnahme frühz. Beteiligung_Denkmalpflege_Abwägung 29.06.2023,https://www.gemeinde-merching.de/wp-content/uploads/2023/06/Stellungnahme-fruehz.-Beteiligung_Denkmalpflege_Abwaegung-29.06.2023-1.pdf,https://www.gemeinde-merching.de/wp-content/uploads/2023/06/Stellungnahme-fruehz.-Beteiligung_Denkmalpflege_Abwaegung-29.06.2023-1.pdf,206,,PDF,True,Attachment exposure requires public context; inherit is not publication permission
7751,attachment,Stellungnahme frühz. Beteiligung_LRA für BP_Abwägung 29.06.2023,https://www.gemeinde-merching.de/wp-content/uploads/2023/06/Stellungnahme-fruehz.-Beteiligung_LRA-fuer-BP_Abwaegung-29.06.2023.pdf,https://www.gemeinde-merching.de/wp-content/uploads/2023/06/Stellungnahme-fruehz.-Beteiligung_LRA-fuer-BP_Abwaegung-29.06.2023.pdf,206,,PDF,True,Attachment exposure requires public context; inherit is not publication permission
8224,attachment,Öffentl.Bekanntmachung_GR1_Jan24,https://www.gemeinde-merching.de/wp-content/uploads/2024/01/Oeffentl.Bekanntmachung_GR1_Jan24.pdf,https://www.gemeinde-merching.de/wp-content/uploads/2024/01/Oeffentl.Bekanntmachung_GR1_Jan24.pdf,206,,PDF,True,Attachment exposure requires public context; inherit is not publication permission
7753,attachment,Stellungnahme frühz. Beteiligung_LRA für FNP_Abwägung 29.06.2023,https://www.gemeinde-merching.de/wp-content/uploads/2023/06/Stellungnahme-fruehz.-Beteiligung_LRA-fuer-FNP_Abwaegung-29.06.2023.pdf,https://www.gemeinde-merching.de/wp-content/uploads/2023/06/Stellungnahme-fruehz.-Beteiligung_LRA-fuer-FNP_Abwaegung-29.06.2023.pdf,206,,PDF,True,Attachment exposure requires public context; inherit is not publication permission
8249,attachment,Plakatierungsverordnung,https://www.gemeinde-merching.de/wp-content/uploads/2024/01/Plakatierungsverordnung-1.pdf,https://www.gemeinde-merching.de/wp-content/uploads/2024/01/Plakatierungsverordnung-1.pdf,206,,PDF,True,Attachment exposure requires public context; inherit is not publication permission
7755,attachment,Stellungnahme frühz. Beteiligung_Regierung v. Schwaben_Abwägung 29.06.2023,https://www.gemeinde-merching.de/wp-content/uploads/2023/06/Stellungnahme-fruehz.-Beteiligung_Regierung-v.-Schwaben_Abwaegung-29.06.2023.pdf,https://www.gemeinde-merching.de/wp-content/uploads/2023/06/Stellungnahme-fruehz.-Beteiligung_Regierung-v.-Schwaben_Abwaegung-29.06.2023.pdf,206,,PDF,True,Attachment exposure requires public context; inherit is not publication permission
7757,attachment,Stellungnahme frühz. Beteiligung_WWA_Abwägung 29.06.2023,https://www.gemeinde-merching.de/wp-content/uploads/2023/06/Stellungnahme-fruehz.-Beteiligung_WWA_Abwaegung-29.06.2023.pdf,https://www.gemeinde-merching.de/wp-content/uploads/2023/06/Stellungnahme-fruehz.-Beteiligung_WWA_Abwaegung-29.06.2023.pdf,206,,PDF,True,Attachment exposure requires public context; inherit is not publication permission
7760,attachment,PV Merching_Kartierung 2023-04-27 29.06.2023,https://www.gemeinde-merching.de/wp-content/uploads/2023/06/PV-Merching_Kartierung-2023-04-27-29.06.2023.pdf,https://www.gemeinde-merching.de/wp-content/uploads/2023/06/PV-Merching_Kartierung-2023-04-27-29.06.2023.pdf,206,,PDF,True,Attachment exposure requires public context; inherit is not publication permission
8064,attachment,Case für kabellose In-Ear-Kopfhörer Beispielbild,https://www.gemeinde-merching.de/wp-content/uploads/2023/11/Case.jpg,https://www.gemeinde-merching.de/wp-content/uploads/2023/11/Case.jpg,206,,image,True,Attachment exposure requires public context; inherit is not publication permission
7834,attachment,Nivellement_Infoblätter_2023-03,https://www.gemeinde-merching.de/wp-content/uploads/2023/07/Nivellement_Infoblaetter_2023-03.pdf,https://www.gemeinde-merching.de/wp-content/uploads/2023/07/Nivellement_Infoblaetter_2023-03.pdf,206,,PDF,True,Attachment exposure requires public context; inherit is not publication permission
7847,attachment,IMG_3692,https://www.gemeinde-merching.de/wp-content/uploads/2023/07/IMG_3692.jpg,https://www.gemeinde-merching.de/wp-content/uploads/2023/07/IMG_3692.jpg,206,,image,True,Attachment exposure requires public context; inherit is not publication permission
7860,attachment,Pflegestützpunkt_Aichach-Friedberg_2023,https://www.gemeinde-merching.de/wp-content/uploads/2023/08/Pflegestuetzpunkt_Aichach-Friedberg_2023.pdf,https://www.gemeinde-merching.de/wp-content/uploads/2023/08/Pflegestuetzpunkt_Aichach-Friedberg_2023.pdf,206,,PDF,True,Attachment exposure requires public context; inherit is not publication permission
7862,link_library_links,Pflegestützpunkt Landkreis Aichach-Friedberg,http://www.lra-aic-fdb.de/pflegestuetzpunkt,,not crawled/filtered,,,True,WXR numeric CPT links can be noncanonical/broken; use live navigation and managed downloads
7863,attachment,Logo-Pflegestuetzpunkt-Landkreis-Aichach-Friedberg-CMYK,https://www.gemeinde-merching.de/wp-content/uploads/2023/08/Logo-Pflegestuetzpunkt-Landkreis-Aichach-Friedberg-CMYK.webp,https://www.gemeinde-merching.de/wp-content/uploads/2023/08/Logo-Pflegestuetzpunkt-Landkreis-Aichach-Friedberg-CMYK.webp,206,,image,True,Attachment exposure requires public context; inherit is not publication permission
9900,attachment,Nachhaltigkeitstag 2025_Plakat_A3,https://www.gemeinde-merching.de/wp-content/uploads/2025/07/Nachhaltigkeitstag-2025_Plakat_A3-2.pdf,https://www.gemeinde-merching.de/wp-content/uploads/2025/07/Nachhaltigkeitstag-2025_Plakat_A3-2.pdf,206,,PDF,True,Attachment exposure requires public context; inherit is not publication permission
8112,attachment,Leseclub Merching,https://www.gemeinde-merching.de/wp-content/uploads/2023/11/Leseclub-Merching.pdf,https://www.gemeinde-merching.de/wp-content/uploads/2023/11/Leseclub-Merching.pdf,206,,PDF,True,Attachment exposure requires public context; inherit is not publication permission
7894,link_library_links,SEPA-Mandat Gemeinde Merching,https://www.gemeinde-merching.de/wp-content/uploads/2023/08/MandatformularGemeinde_mit-_Tel_und_E-Mail_2023.pdf,https://www.gemeinde-merching.de/wp-content/uploads/2023/08/MandatformularGemeinde_mit-_Tel_und_E-Mail_2023.pdf,206,,PDF,True,WXR numeric CPT links can be noncanonical/broken; use live navigation and managed downloads
9896,attachment,Nachhaltigkeitstag 2025_Plakat_A3,https://www.gemeinde-merching.de/wp-content/uploads/2025/07/Nachhaltigkeitstag-2025_Plakat_A3.pdf,https://www.gemeinde-merching.de/wp-content/uploads/2025/07/Nachhaltigkeitstag-2025_Plakat_A3.pdf,206,,PDF,True,Attachment exposure requires public context; inherit is not publication permission
9898,attachment,Nachhaltigkeitstag 2025_Plakat_A3,https://www.gemeinde-merching.de/wp-content/uploads/2025/07/Nachhaltigkeitstag-2025_Plakat_A3-1.pdf,https://www.gemeinde-merching.de/wp-content/uploads/2025/07/Nachhaltigkeitstag-2025_Plakat_A3-1.pdf,206,,PDF,True,Attachment exposure requires public context; inherit is not publication permission
7918,attachment,Amtsblatt-08-2023=Jahrg. 78 Nr. 08,https://www.gemeinde-merching.de/wp-content/uploads/2023/09/Amtsblatt-08-2023Jahrg.-78-Nr.-08.pdf,https://www.gemeinde-merching.de/wp-content/uploads/2023/09/Amtsblatt-08-2023Jahrg.-78-Nr.-08.pdf,206,,PDF,True,Attachment exposure requires public context; inherit is not publication permission
7920,attachment,Amtsblatt 08a-2023=Jahrg. 78 Nr. 08a,https://www.gemeinde-merching.de/wp-content/uploads/2023/09/Amtsblatt-08a-2023Jahrg.-78-Nr.-08a.pdf,https://www.gemeinde-merching.de/wp-content/uploads/2023/09/Amtsblatt-08a-2023Jahrg.-78-Nr.-08a.pdf,206,,PDF,True,Attachment exposure requires public context; inherit is not publication permission
7922,attachment,Amtsblatt-08b-2023Jahrg.-78-Nr.-08b,https://www.gemeinde-merching.de/wp-content/uploads/2023/09/Amtsblatt-08b-2023Jahrg.-78-Nr.-08b.pdf,https://www.gemeinde-merching.de/wp-content/uploads/2023/09/Amtsblatt-08b-2023Jahrg.-78-Nr.-08b.pdf,206,,PDF,True,Attachment exposure requires public context; inherit is not publication permission
7924,attachment,Amtsblatt 09-2023=Jahrg. 78 Nr. 09,https://www.gemeinde-merching.de/wp-content/uploads/2023/09/Amtsblatt-09-2023Jahrg.-78-Nr.-09.pdf,https://www.gemeinde-merching.de/wp-content/uploads/2023/09/Amtsblatt-09-2023Jahrg.-78-Nr.-09.pdf,206,,PDF,True,Attachment exposure requires public context; inherit is not publication permission
7940,attachment,Netzwerk Familie AELF Kurse,https://www.gemeinde-merching.de/wp-content/uploads/2023/09/Netzwerk-Familie-AELF-Kurse.pdf,https://www.gemeinde-merching.de/wp-content/uploads/2023/09/Netzwerk-Familie-AELF-Kurse.pdf,206,,PDF,True,Attachment exposure requires public context; inherit is not publication permission
8237,attachment,Amtsblatt 01-2024=Jahrg. 79 Nr. 01,https://www.gemeinde-merching.de/wp-content/uploads/2024/01/Amtsblatt-01-2024Jahrg.-79-Nr.-01.pdf,https://www.gemeinde-merching.de/wp-content/uploads/2024/01/Amtsblatt-01-2024Jahrg.-79-Nr.-01.pdf,206,,PDF,True,Attachment exposure requires public context; inherit is not publication permission
8785,wpdmpro,Was soll ich tun bei Hochwasser?,https://www.gemeinde-merching.de/download/was-soll-ich-tun-bei-hochwasser/,https://www.gemeinde-merching.de/download/was-soll-ich-tun-bei-hochwasser/,200,https://www.gemeinde-merching.de/download/was-soll-ich-tun-bei-hochwasser/,page,True,WXR numeric CPT links can be noncanonical/broken; use live navigation and managed downloads
8194,attachment,Bekanntmachung Plakatierungsverordnung,https://www.gemeinde-merching.de/wp-content/uploads/2023/12/Bekanntmachung-Plakatierungsverordnung.pdf,https://www.gemeinde-merching.de/wp-content/uploads/2023/12/Bekanntmachung-Plakatierungsverordnung.pdf,206,,PDF,True,Attachment exposure requires public context; inherit is not publication permission
8000,attachment,Amtsblatt 10-2023=78 Nr. 10 - entfällt,https://www.gemeinde-merching.de/wp-content/uploads/2023/10/Amtsblatt-10-202378-Nr.-10-entfaellt.pdf,https://www.gemeinde-merching.de/wp-content/uploads/2023/10/Amtsblatt-10-202378-Nr.-10-entfaellt.pdf,206,,PDF,True,Attachment exposure requires public context; inherit is not publication permission
8021,attachment,FLY_Stromausfall_LAF_99x210mm_Merching_web,https://www.gemeinde-merching.de/wp-content/uploads/2023/10/FLY_Stromausfall_LAF_99x210mm_Merching_web.pdf,https://www.gemeinde-merching.de/wp-content/uploads/2023/10/FLY_Stromausfall_LAF_99x210mm_Merching_web.pdf,206,,PDF,True,Attachment exposure requires public context; inherit is not publication permission
8787,post,Was soll ich tun bei Hochwasser?,https://www.gemeinde-merching.de/was-soll-ich-tun-bei-hochwasser/,https://www.gemeinde-merching.de/was-soll-ich-tun-bei-hochwasser/,200,https://www.gemeinde-merching.de/was-soll-ich-tun-bei-hochwasser/,page,True,WXR numeric CPT links can be noncanonical/broken; use live navigation and managed downloads
8786,attachment,Infoblatt Hochwasser 2024,https://www.gemeinde-merching.de/wp-content/uploads/2024/06/Infoblatt-Hochwasser-2024.pdf,https://www.gemeinde-merching.de/wp-content/uploads/2024/06/Infoblatt-Hochwasser-2024.pdf,206,,PDF,True,Attachment exposure requires public context; inherit is not publication permission
8234,attachment,Wappen_Aichach-Friedberg_139x150,https://www.gemeinde-merching.de/wp-content/uploads/2023/12/Wappen_Aichach-Friedberg_139x150.png,https://www.gemeinde-merching.de/wp-content/uploads/2023/12/Wappen_Aichach-Friedberg_139x150.png,206,,image,True,Attachment exposure requires public context; inherit is not publication permission
8040,attachment,Gemeindekurier November 2023 f. Homepage,https://www.gemeinde-merching.de/wp-content/uploads/2023/10/Gemeindekurier-November-2023-f.-Homepage.pdf,https://www.gemeinde-merching.de/wp-content/uploads/2023/10/Gemeindekurier-November-2023-f.-Homepage.pdf,206,,PDF,True,Attachment exposure requires public context; inherit is not publication permission
8043,attachment,Amtsblatt 10a-2023=Jahrg. 78 Nr. 10a,https://www.gemeinde-merching.de/wp-content/uploads/2023/10/Amtsblatt-10a-2023Jahrg.-78-Nr.-10a.pdf,https://www.gemeinde-merching.de/wp-content/uploads/2023/10/Amtsblatt-10a-2023Jahrg.-78-Nr.-10a.pdf,206,,PDF,True,Attachment exposure requires public context; inherit is not publication permission
8135,attachment,Abschaffung des Kinderreisepasses zum 01.01.2024,https://www.gemeinde-merching.de/wp-content/uploads/2023/11/Abschaffung-des-Kinderreisepasses-zum-01.01.2024-1.pdf,https://www.gemeinde-merching.de/wp-content/uploads/2023/11/Abschaffung-des-Kinderreisepasses-zum-01.01.2024-1.pdf,206,,PDF,True,Attachment exposure requires public context; inherit is not publication permission
9205,attachment,Plakat 2024,https://www.gemeinde-merching.de/wp-content/uploads/2024/12/Plakat-2024.doc,https://www.gemeinde-merching.de/wp-content/uploads/2024/12/Plakat-2024.doc,206,,file,True,Attachment exposure requires public context; inherit is not publication permission
10534,post,Verkündung des Ergebnisses der Wahl des Ortssprechers für den Ortsteil Hochdorf,https://www.gemeinde-merching.de/verkuendung-des-ergebnisses-der-wahl-des-ortssprechers-fuer-den-ortsteil-hochdorf/,https://www.gemeinde-merching.de/verkuendung-des-ergebnisses-der-wahl-des-ortssprechers-fuer-den-ortsteil-hochdorf/,200,https://www.gemeinde-merching.de/verkuendung-des-ergebnisses-der-wahl-des-ortssprechers-fuer-den-ortsteil-hochdorf/,page,True,WXR numeric CPT links can be noncanonical/broken; use live navigation and managed downloads
8084,attachment,Amtsblatt 11-2023=Jahrg. 78 Nr. 11,https://www.gemeinde-merching.de/wp-content/uploads/2023/11/Amtsblatt-11-2023Jahrg.-78-Nr.-11.pdf,https://www.gemeinde-merching.de/wp-content/uploads/2023/11/Amtsblatt-11-2023Jahrg.-78-Nr.-11.pdf,206,,PDF,True,Attachment exposure requires public context; inherit is not publication permission
8087,attachment,BGS_WAS_Satzung_2022,https://www.gemeinde-merching.de/wp-content/uploads/2023/11/BGS_WAS_Satzung_2022.pdf,https://www.gemeinde-merching.de/wp-content/uploads/2023/11/BGS_WAS_Satzung_2022.pdf,206,,PDF,True,Attachment exposure requires public context; inherit is not publication permission
8088,wpdmpro,Wasserabgabesatzung 01.01.2022,https://www.gemeinde-merching.de/download/wasserabgabesatzung-01-01-2022/,https://www.gemeinde-merching.de/download/wasserabgabesatzung-01-01-2022/,200,https://www.gemeinde-merching.de/download/wasserabgabesatzung-01-01-2022/,page,True,WXR numeric CPT links can be noncanonical/broken; use live navigation and managed downloads
8089,attachment,Satzung_WAS_2022,https://www.gemeinde-merching.de/wp-content/uploads/2023/11/Satzung_WAS_2022.pdf,https://www.gemeinde-merching.de/wp-content/uploads/2023/11/Satzung_WAS_2022.pdf,206,,PDF,True,Attachment exposure requires public context; inherit is not publication permission
8090,wpdmpro,Entwässerungssatzung 01.01.2022,https://www.gemeinde-merching.de/download/entwaesserungssatzung-01-01-2022/,https://www.gemeinde-merching.de/download/entwaesserungssatzung-01-01-2022/,200,https://www.gemeinde-merching.de/download/entwaesserungssatzung-01-01-2022/,page,True,WXR numeric CPT links can be noncanonical/broken; use live navigation and managed downloads
8091,attachment,EWS_Satzung_2022,https://www.gemeinde-merching.de/wp-content/uploads/2023/11/EWS_Satzung_2022.pdf,https://www.gemeinde-merching.de/wp-content/uploads/2023/11/EWS_Satzung_2022.pdf,206,,PDF,True,Attachment exposure requires public context; inherit is not publication permission
8093,attachment,BP PV Mandichosee_Teil A_Planzeichnung-2023-10-26,https://www.gemeinde-merching.de/wp-content/uploads/2023/11/BP-PV-Mandichosee_Teil-A_Planzeichnung-2023-10-26.pdf,https://www.gemeinde-merching.de/wp-content/uploads/2023/11/BP-PV-Mandichosee_Teil-A_Planzeichnung-2023-10-26.pdf,206,,PDF,True,Attachment exposure requires public context; inherit is not publication permission
8095,attachment,BP PV Mandichosee_Teil B_Festsetzungen-2023-10-26,https://www.gemeinde-merching.de/wp-content/uploads/2023/11/BP-PV-Mandichosee_Teil-B_Festsetzungen-2023-10-26.pdf,https://www.gemeinde-merching.de/wp-content/uploads/2023/11/BP-PV-Mandichosee_Teil-B_Festsetzungen-2023-10-26.pdf,206,,PDF,True,Attachment exposure requires public context; inherit is not publication permission
8594,attachment,BP Nr. 39 PV Merching Teil A Planzeichnung 2023-10-26,https://www.gemeinde-merching.de/wp-content/uploads/2024/03/BP-Nr.-39-PV-Merching-Teil-A-Planzeichnung-2023-10-26.pdf,https://www.gemeinde-merching.de/wp-content/uploads/2024/03/BP-Nr.-39-PV-Merching-Teil-A-Planzeichnung-2023-10-26.pdf,206,,PDF,True,Attachment exposure requires public context; inherit is not publication permission
8097,attachment,BP PV Mandichosee_Teil C_Begründung mit Umweltbericht-2023-10-26,https://www.gemeinde-merching.de/wp-content/uploads/2023/11/BP-PV-Mandichosee_Teil-C_Begruendung-mit-Umweltbericht-2023-10-26.pdf,https://www.gemeinde-merching.de/wp-content/uploads/2023/11/BP-PV-Mandichosee_Teil-C_Begruendung-mit-Umweltbericht-2023-10-26.pdf,206,,PDF,True,Attachment exposure requires public context; inherit is not publication permission
8601,attachment,5. Änderung FNP PV Merching_Begründung mit Umweltbericht Teil B,https://www.gemeinde-merching.de/wp-content/uploads/2024/03/5.-Aenderung-FNP-PV-Merching_Begruendung-mit-Umweltbericht-Teil-B.pdf,https://www.gemeinde-merching.de/wp-content/uploads/2024/03/5.-Aenderung-FNP-PV-Merching_Begruendung-mit-Umweltbericht-Teil-B.pdf,206,,PDF,True,Attachment exposure requires public context; inherit is not publication permission
8099,attachment,BP PV Mandichosees Fachbeitrag Artenschutz,https://www.gemeinde-merching.de/wp-content/uploads/2023/11/BP-PV-Mandichosees-Fachbeitrag-Artenschutz.pdf,https://www.gemeinde-merching.de/wp-content/uploads/2023/11/BP-PV-Mandichosees-Fachbeitrag-Artenschutz.pdf,206,,PDF,True,Attachment exposure requires public context; inherit is not publication permission
8101,attachment,FNP PV Mandichosee_Teil A_Planzeichnung-2023-10-26,https://www.gemeinde-merching.de/wp-content/uploads/2023/11/FNP-PV-Mandichosee_Teil-A_Planzeichnung-2023-10-26.pdf,https://www.gemeinde-merching.de/wp-content/uploads/2023/11/FNP-PV-Mandichosee_Teil-A_Planzeichnung-2023-10-26.pdf,206,,PDF,True,Attachment exposure requires public context; inherit is not publication permission
8599,attachment,5. Änderung FNP PV Merching Teil A_Planzeichnung,https://www.gemeinde-merching.de/wp-content/uploads/2024/03/5.-Aenderung-FNP-PV-Merching-Teil-A_Planzeichnung.pdf,https://www.gemeinde-merching.de/wp-content/uploads/2024/03/5.-Aenderung-FNP-PV-Merching-Teil-A_Planzeichnung.pdf,206,,PDF,True,Attachment exposure requires public context; inherit is not publication permission
8103,attachment,FNP PV Mandichosee_Teil B_Begründung m. Umweltbericht-2023-10-26,https://www.gemeinde-merching.de/wp-content/uploads/2023/11/FNP-PV-Mandichosee_Teil-B_Begruendung-m.-Umweltbericht-2023-10-26.pdf,https://www.gemeinde-merching.de/wp-content/uploads/2023/11/FNP-PV-Mandichosee_Teil-B_Begruendung-m.-Umweltbericht-2023-10-26.pdf,206,,PDF,True,Attachment exposure requires public context; inherit is not publication permission
9925,wpdmpro,Feuerwehr - Satzung über Aufwendungs- und Kostenersatz für Einsätze und andere Leistungen gemeindlicher Feuerwehren ab 01.01.2026,https://www.gemeinde-merching.de/download/bekanntmachung-satzung-d-gemeinde-merching-ue-aufwendungs-u-kostenersatz-f-einsaetze-u-andere-leistungen-gemeindlicher-feuerwehren-ab-01-01-2026/,https://www.gemeinde-merching.de/download/bekanntmachung-satzung-d-gemeinde-merching-ue-aufwendungs-u-kostenersatz-f-einsaetze-u-andere-leistungen-gemeindlicher-feuerwehren-ab-01-01-2026/,200,https://www.gemeinde-merching.de/download/bekanntmachung-satzung-d-gemeinde-merching-ue-aufwendungs-u-kostenersatz-f-einsaetze-u-andere-leistungen-gemeindlicher-feuerwehren-ab-01-01-2026/,page,True,WXR numeric CPT links can be noncanonical/broken; use live navigation and managed downloads
9911,wpdmpro,Wasser - Beitrags- und Gebührensatzung zur Wasserabgabesatzung ab 01.01.2026,https://www.gemeinde-merching.de/download/wasser-beitrags-und-gebuehrensatzung-zur-wasserabgabesatzung-ab-01-01-2026/,https://www.gemeinde-merching.de/download/wasser-beitrags-und-gebuehrensatzung-zur-wasserabgabesatzung-ab-01-01-2026/,200,https://www.gemeinde-merching.de/download/wasser-beitrags-und-gebuehrensatzung-zur-wasserabgabesatzung-ab-01-01-2026/,page,True,WXR numeric CPT links can be noncanonical/broken; use live navigation and managed downloads
9912,attachment,Wasser-Beitrags- und Gebührensatzung zur Wasserabgabesatzung ab 01.01.2026,https://www.gemeinde-merching.de/wp-content/uploads/2025/08/Wasser-Beitrags-und-Gebuehrensatzung-zur-Wasserabgabesatzung-ab-01.01.2026.pdf,https://www.gemeinde-merching.de/wp-content/uploads/2025/08/Wasser-Beitrags-und-Gebuehrensatzung-zur-Wasserabgabesatzung-ab-01.01.2026.pdf,206,,PDF,True,Attachment exposure requires public context; inherit is not publication permission
10181,post,Bekanntmachung Beschwerdeausschuss,https://www.gemeinde-merching.de/bekanntmachung-beschwerdeausschuss/,https://www.gemeinde-merching.de/bekanntmachung-beschwerdeausschuss/,200,https://www.gemeinde-merching.de/bekanntmachung-beschwerdeausschuss/,page,True,WXR numeric CPT links can be noncanonical/broken; use live navigation and managed downloads
8154,attachment,Logo Advent,https://www.gemeinde-merching.de/wp-content/uploads/2023/12/Logo-Advent.pdf,https://www.gemeinde-merching.de/wp-content/uploads/2023/12/Logo-Advent.pdf,206,,PDF,True,Attachment exposure requires public context; inherit is not publication permission
9968,wpdmpro,Bekanntmachung Stellplatzsatzung vom 08.09.2025,https://www.gemeinde-merching.de/download/bekanntmachung-stellplatzsatzung-vom-08-09-2025/,https://www.gemeinde-merching.de/download/bekanntmachung-stellplatzsatzung-vom-08-09-2025/,200,https://www.gemeinde-merching.de/download/bekanntmachung-stellplatzsatzung-vom-08-09-2025/,page,True,WXR numeric CPT links can be noncanonical/broken; use live navigation and managed downloads
9197,post,Grundsteuer ab 2025 - Info des Finanzamtes zur Korrektur der Messbeträge,https://www.gemeinde-merching.de/grundsteuer-ab-2025-info-des-finanzamtes-zur-korrektur-der-messbetraege/,https://www.gemeinde-merching.de/grundsteuer-ab-2025-info-des-finanzamtes-zur-korrektur-der-messbetraege/,200,https://www.gemeinde-merching.de/grundsteuer-ab-2025-info-des-finanzamtes-zur-korrektur-der-messbetraege/,page,True,WXR numeric CPT links can be noncanonical/broken; use live navigation and managed downloads
9198,attachment,Grundsteuer_Korrektur_Formular_FA_04_12_2024,https://www.gemeinde-merching.de/wp-content/uploads/2024/12/Korrektur_Formular_zur_GrSt_Auslage_in_Gemeinde_und_SZ_04.12.2024.pdf,https://www.gemeinde-merching.de/wp-content/uploads/2024/12/Korrektur_Formular_zur_GrSt_Auslage_in_Gemeinde_und_SZ_04.12.2024.pdf,206,,PDF,True,Attachment exposure requires public context; inherit is not publication permission
8179,attachment,Gemeindekurier Weihnachten 2023 f. Homepage,https://www.gemeinde-merching.de/wp-content/uploads/2023/12/Gemeindekurier-Weihnachten-2023-f.-Homepage.pdf,https://www.gemeinde-merching.de/wp-content/uploads/2023/12/Gemeindekurier-Weihnachten-2023-f.-Homepage.pdf,206,,PDF,True,Attachment exposure requires public context; inherit is not publication permission
10180,attachment,Bekanntmachung Beschwerdeausschusssitzung,https://www.gemeinde-merching.de/wp-content/uploads/2025/12/Bekanntmachung-Beschwerdeausschusssitzung.pdf,https://www.gemeinde-merching.de/wp-content/uploads/2025/12/Bekanntmachung-Beschwerdeausschusssitzung.pdf,206,,PDF,True,Attachment exposure requires public context; inherit is not publication permission
8316,attachment,240208_E-Mail-Abbinder_Ukraine-2Jahrestag,https://www.gemeinde-merching.de/wp-content/uploads/2024/02/240208_E-Mail-Abbinder_Ukraine-2Jahrestag.jpg,https://www.gemeinde-merching.de/wp-content/uploads/2024/02/240208_E-Mail-Abbinder_Ukraine-2Jahrestag.jpg,206,,image,True,Attachment exposure requires public context; inherit is not publication permission
8323,attachment,Amtsblatt 02-2024=Jahrg. 79 Nr. 02,https://www.gemeinde-merching.de/wp-content/uploads/2024/02/Amtsblatt-02-2024Jahrg.-79-Nr.-02.pdf,https://www.gemeinde-merching.de/wp-content/uploads/2024/02/Amtsblatt-02-2024Jahrg.-79-Nr.-02.pdf,206,,PDF,True,Attachment exposure requires public context; inherit is not publication permission
8607,attachment,Amtsblatt 03-2024Jahrg. 79 Nr. 03,https://www.gemeinde-merching.de/wp-content/uploads/2024/03/Amtsblatt-03-2024Jahrg.-79-Nr.-03.pdf,https://www.gemeinde-merching.de/wp-content/uploads/2024/03/Amtsblatt-03-2024Jahrg.-79-Nr.-03.pdf,206,,PDF,True,Attachment exposure requires public context; inherit is not publication permission
10169,attachment,Feuerwehr - Satzung über Aufwendungd- und Kostenersatz für Einsätze und andere Leistungen gem. Feuehrwehren ab 01.01.2026,https://www.gemeinde-merching.de/wp-content/uploads/2025/08/Feuerwehr-Satzung-ueber-Aufwendungd-und-Kostenersatz-fuer-Einsaetze-und-andere-Leistungen-gem.-Feuehrwehren-ab-01.01.2026.pdf,https://www.gemeinde-merching.de/wp-content/uploads/2025/08/Feuerwehr-Satzung-ueber-Aufwendungd-und-Kostenersatz-fuer-Einsaetze-und-andere-Leistungen-gem.-Feuehrwehren-ab-01.01.2026.pdf,206,,PDF,True,Attachment exposure requires public context; inherit is not publication permission
8659,wpdmpro,Beste Ausbildungs- und Studienchanchen in der öffentlichen Verwaltung Bayerns,https://www.gemeinde-merching.de/download/beste-ausbildungs-und-studienchanchen-in-der-oeffentlichen-verwaltung-bayerns/,https://www.gemeinde-merching.de/download/beste-ausbildungs-und-studienchanchen-in-der-oeffentlichen-verwaltung-bayerns/,200,https://www.gemeinde-merching.de/download/beste-ausbildungs-und-studienchanchen-in-der-oeffentlichen-verwaltung-bayerns/,page,True,WXR numeric CPT links can be noncanonical/broken; use live navigation and managed downloads
9234,wpdmpro,GSV - HH 1 Inhaltsverzeichnis 2026,https://www.gemeinde-merching.de/download/gsv-hh-inhaltsverzeichnis-2026/,https://www.gemeinde-merching.de/download/gsv-hh-inhaltsverzeichnis-2026/,200,https://www.gemeinde-merching.de/download/gsv-hh-inhaltsverzeichnis-2026/,page,True,WXR numeric CPT links can be noncanonical/broken; use live navigation and managed downloads
9244,wpdmpro,MSV - HH 4 Vorbericht 2026,https://www.gemeinde-merching.de/download/msv-hh-4-vorbericht-2026/,https://www.gemeinde-merching.de/download/msv-hh-4-vorbericht-2026/,200,https://www.gemeinde-merching.de/download/msv-hh-4-vorbericht-2026/,page,True,WXR numeric CPT links can be noncanonical/broken; use live navigation and managed downloads
9243,wpdmpro,MSV - HH 3 Schulverbandsumlage 2026,https://www.gemeinde-merching.de/download/msv-hh-3-schulverbandsumlage-2026/,https://www.gemeinde-merching.de/download/msv-hh-3-schulverbandsumlage-2026/,200,https://www.gemeinde-merching.de/download/msv-hh-3-schulverbandsumlage-2026/,page,True,WXR numeric CPT links can be noncanonical/broken; use live navigation and managed downloads
8567,post,Abschaffung Kinderreisepass zum 01.01.2024,https://www.gemeinde-merching.de/abschaffung-kinderreisepass-zum-01-01-2024/,https://www.gemeinde-merching.de/abschaffung-kinderreisepass-zum-01-01-2024/,200,https://www.gemeinde-merching.de/abschaffung-kinderreisepass-zum-01-01-2024/,page,True,WXR numeric CPT links can be noncanonical/broken; use live navigation and managed downloads
8622,attachment,Gemeindekurier Ostern 2024 f. Homepage,https://www.gemeinde-merching.de/wp-content/uploads/2024/03/Gemeindekurier-Ostern-2024-f.-Homepage.pdf,https://www.gemeinde-merching.de/wp-content/uploads/2024/03/Gemeindekurier-Ostern-2024-f.-Homepage.pdf,206,,PDF,True,Attachment exposure requires public context; inherit is not publication permission
8634,tablepress_table,Veranstaltungskalender,https://www.gemeinde-merching.de/?post_type=tablepress_table&p=8634,,not crawled/filtered,,,True,WXR numeric CPT links can be noncanonical/broken; use live navigation and managed downloads
10177,attachment,Stellplatzsatzung ab 30.09.2025,https://www.gemeinde-merching.de/wp-content/uploads/2025/09/Stellplatzsatzung-ab-30.09.2025-.pdf,https://www.gemeinde-merching.de/wp-content/uploads/2025/09/Stellplatzsatzung-ab-30.09.2025-.pdf,206,,PDF,True,Attachment exposure requires public context; inherit is not publication permission
10532,wpdmpro,Verkündung des Ergebnisses der Wahl des Ortssprechers für den Ortsteil Hochdorf,https://www.gemeinde-merching.de/download/verkuendung-des-ergebnisses-der-wahl-des-ortssprechers-fuer-den-ortsteil-hochdorf/,https://www.gemeinde-merching.de/download/verkuendung-des-ergebnisses-der-wahl-des-ortssprechers-fuer-den-ortsteil-hochdorf/,200,https://www.gemeinde-merching.de/download/verkuendung-des-ergebnisses-der-wahl-des-ortssprechers-fuer-den-ortsteil-hochdorf/,page,True,WXR numeric CPT links can be noncanonical/broken; use live navigation and managed downloads
10515,post,Pressemitteilung Landratsamt Aichach-Friedberg : Bündnis f. Demokratie spricht Förderempfehlungen für 2026 aus,https://www.gemeinde-merching.de/pressemitteilung-landratsamt-aichach-friedberg-buendnis-f-demokratie-spricht-foerderempfehlungen-fuer-2026-aus/,https://www.gemeinde-merching.de/pressemitteilung-landratsamt-aichach-friedberg-buendnis-f-demokratie-spricht-foerderempfehlungen-fuer-2026-aus/,200,https://www.gemeinde-merching.de/pressemitteilung-landratsamt-aichach-friedberg-buendnis-f-demokratie-spricht-foerderempfehlungen-fuer-2026-aus/,page,True,WXR numeric CPT links can be noncanonical/broken; use live navigation and managed downloads
10516,attachment,20260414_Sitzung Bündnis für Demokratie f. Homepage,https://www.gemeinde-merching.de/wp-content/uploads/2026/04/20260414_Sitzung-Buendnis-fuer-Demokratie-f.-Homepage.pdf,https://www.gemeinde-merching.de/wp-content/uploads/2026/04/20260414_Sitzung-Buendnis-fuer-Demokratie-f.-Homepage.pdf,206,,PDF,True,Attachment exposure requires public context; inherit is not publication permission
10376,wpdmpro,Prüfbericht Trinkwasser November 2025,https://www.gemeinde-merching.de/download/pruefbericht-trinkwasser-november-2025/,https://www.gemeinde-merching.de/download/pruefbericht-trinkwasser-november-2025/,200,https://www.gemeinde-merching.de/download/pruefbericht-trinkwasser-november-2025/,page,True,WXR numeric CPT links can be noncanonical/broken; use live navigation and managed downloads
10173,post,Bekanntmachung der Beitrags- und Gebührensatzung zur Wasserabgabesatzung der Gemeinde Merching v. 12.12.2025,https://www.gemeinde-merching.de/bekanntmachung-der-beitrags-und-gebuehrensatzung-zur-wasserabgabesatzung-der-gemeinde-merching-v-12-12-2025/,https://www.gemeinde-merching.de/bekanntmachung-der-beitrags-und-gebuehrensatzung-zur-wasserabgabesatzung-der-gemeinde-merching-v-12-12-2025/,200,https://www.gemeinde-merching.de/bekanntmachung-der-beitrags-und-gebuehrensatzung-zur-wasserabgabesatzung-der-gemeinde-merching-v-12-12-2025/,page,True,WXR numeric CPT links can be noncanonical/broken; use live navigation and managed downloads
10171,post,Bekanntmachung der Beitrags- und Gebührensatzung zur Entwässerungssatzung der Gemeinde Merching v. 12.12.2025,https://www.gemeinde-merching.de/bekanntmachung-der-beitrags-und-gebuehrensatzung-zur-entwaesserungssatzung-der-gemeinde-merching-v-12-12-2025/,https://www.gemeinde-merching.de/bekanntmachung-der-beitrags-und-gebuehrensatzung-zur-entwaesserungssatzung-der-gemeinde-merching-v-12-12-2025/,200,https://www.gemeinde-merching.de/bekanntmachung-der-beitrags-und-gebuehrensatzung-zur-entwaesserungssatzung-der-gemeinde-merching-v-12-12-2025/,page,True,WXR numeric CPT links can be noncanonical/broken; use live navigation and managed downloads
8674,attachment,miteinand und füreinand,https://www.gemeinde-merching.de/wp-content/uploads/2024/04/miteinand-und-fuereinand.png,https://www.gemeinde-merching.de/wp-content/uploads/2024/04/miteinand-und-fuereinand.png,206,,image,True,Attachment exposure requires public context; inherit is not publication permission
8675,attachment,Anmeldeformular 2024 1 HJ,https://www.gemeinde-merching.de/wp-content/uploads/2024/04/Anmeldeformular-2024-1-HJ.pdf,https://www.gemeinde-merching.de/wp-content/uploads/2024/04/Anmeldeformular-2024-1-HJ.pdf,206,,PDF,True,Attachment exposure requires public context; inherit is not publication permission
8715,attachment,EnergiePortal_Veröffentltext_SchadensMelder_Dez23,https://www.gemeinde-merching.de/wp-content/uploads/2024/05/EnergiePortal_Veroeffentltext_SchadensMelder_Dez23.pdf,https://www.gemeinde-merching.de/wp-content/uploads/2024/05/EnergiePortal_Veroeffentltext_SchadensMelder_Dez23.pdf,206,,PDF,True,Attachment exposure requires public context; inherit is not publication permission
8717,attachment,QRCode_StörmelderApp_Merching_210602,https://www.gemeinde-merching.de/wp-content/uploads/2024/05/QRCode_StoermelderApp_Merching_210602.png,https://www.gemeinde-merching.de/wp-content/uploads/2024/05/QRCode_StoermelderApp_Merching_210602.png,206,,image,True,Attachment exposure requires public context; inherit is not publication permission
8722,wpdmpro,"Schäden oder Störungen an Straßenlampen mit dem ""bayernwerk SchadensMelder"" an die Kommune melden",https://www.gemeinde-merching.de/download/schaeden-oder-stoerungen-an-strassenlampen-mit-dem-bayernwerk-schadensmelder-an-die-kommune-melden/,https://www.gemeinde-merching.de/download/schaeden-oder-stoerungen-an-strassenlampen-mit-dem-bayernwerk-schadensmelder-an-die-kommune-melden/,200,https://www.gemeinde-merching.de/download/schaeden-oder-stoerungen-an-strassenlampen-mit-dem-bayernwerk-schadensmelder-an-die-kommune-melden/,page,True,WXR numeric CPT links can be noncanonical/broken; use live navigation and managed downloads
8869,attachment,Antrag_Fahrkarte_2024_2025,https://www.gemeinde-merching.de/wp-content/uploads/2024/07/Antrag_Fahrkarte_2024_2025-1.pdf,https://www.gemeinde-merching.de/wp-content/uploads/2024/07/Antrag_Fahrkarte_2024_2025-1.pdf,206,,PDF,True,Attachment exposure requires public context; inherit is not publication permission
9222,page,Haushaltspläne,https://www.gemeinde-merching.de/buergerservice/haushaltsplaene/,https://www.gemeinde-merching.de/buergerservice/haushaltsplaene/,200,https://www.gemeinde-merching.de/buergerservice/haushaltsplaene/,page,True,WXR numeric CPT links can be noncanonical/broken; use live navigation and managed downloads
9246,wpdmpro,MSV - HH 6 Stellenplan 2026,https://www.gemeinde-merching.de/download/msv-hh-6-stellenplan-2026/,https://www.gemeinde-merching.de/download/msv-hh-6-stellenplan-2026/,200,https://www.gemeinde-merching.de/download/msv-hh-6-stellenplan-2026/,page,True,WXR numeric CPT links can be noncanonical/broken; use live navigation and managed downloads
9238,wpdmpro,GSV - HH 5 Haushaltsplan mit Finanzplan 2026,https://www.gemeinde-merching.de/download/gsv-hh-haushaltsplan-mit-finanzplan/,https://www.gemeinde-merching.de/download/gsv-hh-haushaltsplan-mit-finanzplan/,200,https://www.gemeinde-merching.de/download/gsv-hh-haushaltsplan-mit-finanzplan/,page,True,WXR numeric CPT links can be noncanonical/broken; use live navigation and managed downloads
8824,post,Grundsteueränderungsanzeige,https://www.gemeinde-merching.de/grundsteueraenderungsanzeige/,https://www.gemeinde-merching.de/grundsteueraenderungsanzeige/,200,https://www.gemeinde-merching.de/grundsteueraenderungsanzeige/,page,True,WXR numeric CPT links can be noncanonical/broken; use live navigation and managed downloads
8815,attachment,https://www.gemeinde-merching.de/wp-content/uploads/2021/08/Energieberatung-Landkreis-Aichach-Friedberg-Typo-schwarz-RGB-scaled-e1629102681482.jpg,https://www.gemeinde-merching.de/?attachment_id=8815,https://www.gemeinde-merching.de/?attachment_id=8815,200,https://www.gemeinde-merching.de/?attachment_id=8815,page,True,Attachment exposure requires public context; inherit is not publication permission
8816,attachment,Energieberatung-Landkreis-Aichach-Friedberg-Typo-schwarz-RGB-scaled-e1629102681482,https://www.gemeinde-merching.de/wp-content/uploads/2024/06/Energieberatung-Landkreis-Aichach-Friedberg-Typo-schwarz-RGB-scaled-e1629102681482.jpg,https://www.gemeinde-merching.de/wp-content/uploads/2024/06/Energieberatung-Landkreis-Aichach-Friedberg-Typo-schwarz-RGB-scaled-e1629102681482.jpg,206,,image,True,Attachment exposure requires public context; inherit is not publication permission
8817,attachment,https://www.gemeinde-merching.de/wp-content/uploads/2024/06/Energieberatung-Landkreis-Aichach-Friedberg-Typo-schwarz-RGB-scaled-e1719300013415.jpg,https://www.gemeinde-merching.de/?attachment_id=8817,https://www.gemeinde-merching.de/?attachment_id=8817,200,https://www.gemeinde-merching.de/?attachment_id=8817,page,True,Attachment exposure requires public context; inherit is not publication permission
8818,attachment,https://www.gemeinde-merching.de/wp-content/uploads/2023/08/Logo-Pflegestuetzpunkt-Landkreis-Aichach-Friedberg-CMYK-e1691053220541.webp,https://www.gemeinde-merching.de/?attachment_id=8818,https://www.gemeinde-merching.de/?attachment_id=8818,200,https://www.gemeinde-merching.de/?attachment_id=8818,page,True,Attachment exposure requires public context; inherit is not publication permission
8819,attachment,https://www.gemeinde-merching.de/wp-content/uploads/link-library-images/14.jpg,https://www.gemeinde-merching.de/?attachment_id=8819,https://www.gemeinde-merching.de/?attachment_id=8819,200,https://www.gemeinde-merching.de/?attachment_id=8819,page,True,Attachment exposure requires public context; inherit is not publication permission
9237,wpdmpro,GSV - HH 4 Vorbericht 2026,https://www.gemeinde-merching.de/download/gsv-hh-vorbericht-2026/,https://www.gemeinde-merching.de/download/gsv-hh-vorbericht-2026/,200,https://www.gemeinde-merching.de/download/gsv-hh-vorbericht-2026/,page,True,WXR numeric CPT links can be noncanonical/broken; use live navigation and managed downloads
9236,wpdmpro,GSV - HH 3 Schulverbandsumlage 2026,https://www.gemeinde-merching.de/download/gsv-hh-schulverbandsumlage-2026/,https://www.gemeinde-merching.de/download/gsv-hh-schulverbandsumlage-2026/,200,https://www.gemeinde-merching.de/download/gsv-hh-schulverbandsumlage-2026/,page,True,WXR numeric CPT links can be noncanonical/broken; use live navigation and managed downloads
9686,attachment,Screenshot 2025-06-25 103555,https://www.gemeinde-merching.de/wp-content/uploads/2025/06/Screenshot-2025-06-25-103555-4.jpg,https://www.gemeinde-merching.de/wp-content/uploads/2025/06/Screenshot-2025-06-25-103555-4.jpg,206,,image,True,Attachment exposure requires public context; inherit is not publication permission
9856,attachment,Sommerserenade entfällt,https://www.gemeinde-merching.de/wp-content/uploads/2025/07/Entfaellt.jpg,https://www.gemeinde-merching.de/wp-content/uploads/2025/07/Entfaellt.jpg,206,,image,True,Attachment exposure requires public context; inherit is not publication permission
9689,attachment,Familienstützpunkt Süd Programm Juli bis Sept. 2025,https://www.gemeinde-merching.de/wp-content/uploads/2025/06/Familienstuetzpunkt-Sued-Programm-Juli-bis-Sept.-2025.pdf,https://www.gemeinde-merching.de/wp-content/uploads/2025/06/Familienstuetzpunkt-Sued-Programm-Juli-bis-Sept.-2025.pdf,206,,PDF,True,Attachment exposure requires public context; inherit is not publication permission
8974,attachment,doc00268420240910131618,https://www.gemeinde-merching.de/wp-content/uploads/2024/09/doc00268420240910131618.pdf,https://www.gemeinde-merching.de/wp-content/uploads/2024/09/doc00268420240910131618.pdf,206,,PDF,True,Attachment exposure requires public context; inherit is not publication permission
8971,post,Mikrozensus 2026 - Pressemitteilung,https://www.gemeinde-merching.de/mikrozensus-2024-mitteilung-08-08-2024-50-000-buergerinnen-und-buerger-muessen-noch-bis-jahresende-mitmachen/,https://www.gemeinde-merching.de/mikrozensus-2024-mitteilung-08-08-2024-50-000-buergerinnen-und-buerger-muessen-noch-bis-jahresende-mitmachen/,200,https://www.gemeinde-merching.de/mikrozensus-2024-mitteilung-08-08-2024-50-000-buergerinnen-und-buerger-muessen-noch-bis-jahresende-mitmachen/,page,True,WXR numeric CPT links can be noncanonical/broken; use live navigation and managed downloads
8962,wpdmpro,sachlicher Teilflächennutzungsplan Windkraft,https://www.gemeinde-merching.de/download/sachlicher-teilflaechennutzungsplan-windkraft/,https://www.gemeinde-merching.de/download/sachlicher-teilflaechennutzungsplan-windkraft/,200,https://www.gemeinde-merching.de/download/sachlicher-teilflaechennutzungsplan-windkraft/,page,True,WXR numeric CPT links can be noncanonical/broken; use live navigation and managed downloads
10112,attachment,Merchinger Advent Programm_25_bearbeitet_ Plakat Schule Merching F. Lubetzki,https://www.gemeinde-merching.de/wp-content/uploads/2025/11/Merchinger-Advent-Programm_25_bearbeitet_-Plakat-Schule-Merching-F.-Lubetzki.pdf,https://www.gemeinde-merching.de/wp-content/uploads/2025/11/Merchinger-Advent-Programm_25_bearbeitet_-Plakat-Schule-Merching-F.-Lubetzki.pdf,206,,PDF,True,Attachment exposure requires public context; inherit is not publication permission
10167,attachment,Entwässerung - Beitrags- und Gebührensatzung zur Entwässerungssatzung ab 01.01.2026_NEU,https://www.gemeinde-merching.de/wp-content/uploads/2025/08/Entwaesserung-Beitrags-und-Gebuehrensatzung-zur-Entwaesserungssatzung-ab-01.01.2026_NEU.pdf,https://www.gemeinde-merching.de/wp-content/uploads/2025/08/Entwaesserung-Beitrags-und-Gebuehrensatzung-zur-Entwaesserungssatzung-ab-01.01.2026_NEU.pdf,206,,PDF,True,Attachment exposure requires public context; inherit is not publication permission
10816,attachment,Screenshot 2026-07-30 144027,https://www.gemeinde-merching.de/wp-content/uploads/2026/07/Screenshot-2026-07-30-144027.png,https://www.gemeinde-merching.de/wp-content/uploads/2026/07/Screenshot-2026-07-30-144027.png,206,,image,True,Attachment exposure requires public context; inherit is not publication permission
9230,wpdmpro,GSV - HH 0 Deckblatt 2026,https://www.gemeinde-merching.de/download/gsv-hh-deckblatt/,https://www.gemeinde-merching.de/download/gsv-hh-deckblatt/,200,https://www.gemeinde-merching.de/download/gsv-hh-deckblatt/,page,True,WXR numeric CPT links can be noncanonical/broken; use live navigation and managed downloads
9247,wpdmpro,MSV - HH 7 Anlagen 2026,https://www.gemeinde-merching.de/download/msv-hh-7-anlagen-2026/,https://www.gemeinde-merching.de/download/msv-hh-7-anlagen-2026/,200,https://www.gemeinde-merching.de/download/msv-hh-7-anlagen-2026/,page,True,WXR numeric CPT links can be noncanonical/broken; use live navigation and managed downloads
9235,wpdmpro,GSV - HH 2 Haushaltssatzung 2026,https://www.gemeinde-merching.de/download/gsv-hh-haushaltssatzung-2026/,https://www.gemeinde-merching.de/download/gsv-hh-haushaltssatzung-2026/,200,https://www.gemeinde-merching.de/download/gsv-hh-haushaltssatzung-2026/,page,True,WXR numeric CPT links can be noncanonical/broken; use live navigation and managed downloads
10477,post,Balkonkraftwerk o. klassiche Photovoltaikanlage - Sonnenstrom für jeden Bedarf,https://www.gemeinde-merching.de/balkonkraftwerk-o-klassiche-photovoltaikanlage-sonnenstrom-fuer-jeden-bedarf/,https://www.gemeinde-merching.de/balkonkraftwerk-o-klassiche-photovoltaikanlage-sonnenstrom-fuer-jeden-bedarf/,200,https://www.gemeinde-merching.de/balkonkraftwerk-o-klassiche-photovoltaikanlage-sonnenstrom-fuer-jeden-bedarf/,page,True,WXR numeric CPT links can be noncanonical/broken; use live navigation and managed downloads
10478,attachment,Logo Solaroffensive,https://www.gemeinde-merching.de/wp-content/uploads/2026/04/Logo-Solaroffensive.png,https://www.gemeinde-merching.de/wp-content/uploads/2026/04/Logo-Solaroffensive.png,206,,image,True,Attachment exposure requires public context; inherit is not publication permission
8912,attachment,Fundanzeige 24-2024,https://www.gemeinde-merching.de/wp-content/uploads/2024/08/Fundanzeige-24-2024.pdf,https://www.gemeinde-merching.de/wp-content/uploads/2024/08/Fundanzeige-24-2024.pdf,206,,PDF,True,Attachment exposure requires public context; inherit is not publication permission
10701,attachment,Plakatvorlage Sommerserenade 2026_Stand 26.05.26,https://www.gemeinde-merching.de/wp-content/uploads/2026/06/Plakatvorlage-Sommerserenade-2026_Stand-26.05.26.pdf,https://www.gemeinde-merching.de/wp-content/uploads/2026/06/Plakatvorlage-Sommerserenade-2026_Stand-26.05.26.pdf,206,,PDF,True,Attachment exposure requires public context; inherit is not publication permission
9046,attachment,Hebesatzsatzung_2025,https://www.gemeinde-merching.de/wp-content/uploads/2024/10/Hebesatzsatzung_2025.pdf,https://www.gemeinde-merching.de/wp-content/uploads/2024/10/Hebesatzsatzung_2025.pdf,206,,PDF,True,Attachment exposure requires public context; inherit is not publication permission
9458,attachment,Kauth-Yvonne-kl,https://www.gemeinde-merching.de/wp-content/uploads/2025/04/Kauth-Yvonne-kl.jpg,https://www.gemeinde-merching.de/wp-content/uploads/2025/04/Kauth-Yvonne-kl.jpg,206,,image,True,Attachment exposure requires public context; inherit is not publication permission
9288,attachment,Plakatierungsverordnung,https://www.gemeinde-merching.de/wp-content/uploads/2025/01/Plakatierungsverordnung.pdf,https://www.gemeinde-merching.de/wp-content/uploads/2025/01/Plakatierungsverordnung.pdf,206,,PDF,True,Attachment exposure requires public context; inherit is not publication permission
9291,attachment,015_2025_42_A_Mikrozensus,https://www.gemeinde-merching.de/wp-content/uploads/2025/01/015_2025_42_A_Mikrozensus.pdf,https://www.gemeinde-merching.de/wp-content/uploads/2025/01/015_2025_42_A_Mikrozensus.pdf,206,,PDF,True,Attachment exposure requires public context; inherit is not publication permission
9307,wpdmpro,Gde - HH 0 Deckblatt 2026,https://www.gemeinde-merching.de/download/gde-hh-0-deckblatt-2026/,https://www.gemeinde-merching.de/download/gde-hh-0-deckblatt-2026/,200,https://www.gemeinde-merching.de/download/gde-hh-0-deckblatt-2026/,page,True,WXR numeric CPT links can be noncanonical/broken; use live navigation and managed downloads
9308,wpdmpro,Gde - HH 1 Inhaltsverzeichnis 2026,https://www.gemeinde-merching.de/download/gde-hh-1-inhaltsverzeichnis/,https://www.gemeinde-merching.de/download/gde-hh-1-inhaltsverzeichnis/,200,https://www.gemeinde-merching.de/download/gde-hh-1-inhaltsverzeichnis/,page,True,WXR numeric CPT links can be noncanonical/broken; use live navigation and managed downloads
9309,wpdmpro,Gde - HH 2 Haushaltssatzung 2026,https://www.gemeinde-merching.de/download/gde-hh-2-haushaltssatzung-2026/,https://www.gemeinde-merching.de/download/gde-hh-2-haushaltssatzung-2026/,200,https://www.gemeinde-merching.de/download/gde-hh-2-haushaltssatzung-2026/,page,True,WXR numeric CPT links can be noncanonical/broken; use live navigation and managed downloads
9310,wpdmpro,Gde - HH 3 Vorbericht 2026,https://www.gemeinde-merching.de/download/gde-hh-3-vorbericht-2026/,https://www.gemeinde-merching.de/download/gde-hh-3-vorbericht-2026/,200,https://www.gemeinde-merching.de/download/gde-hh-3-vorbericht-2026/,page,True,WXR numeric CPT links can be noncanonical/broken; use live navigation and managed downloads
9311,wpdmpro,Gde - HH 4 Darlehen 2026,https://www.gemeinde-merching.de/download/gde-hh-4-darlehen-2026/,https://www.gemeinde-merching.de/download/gde-hh-4-darlehen-2026/,200,https://www.gemeinde-merching.de/download/gde-hh-4-darlehen-2026/,page,True,WXR numeric CPT links can be noncanonical/broken; use live navigation and managed downloads
9312,wpdmpro,Gde - HH 5 Kreditermächtigungen 2026,https://www.gemeinde-merching.de/download/gde-hh-5-kreditermaechtigungen-2026/,https://www.gemeinde-merching.de/download/gde-hh-5-kreditermaechtigungen-2026/,200,https://www.gemeinde-merching.de/download/gde-hh-5-kreditermaechtigungen-2026/,page,True,WXR numeric CPT links can be noncanonical/broken; use live navigation and managed downloads
9313,wpdmpro,Gde - HH 6 Haushaltsplan mit Finanzplan 2026,https://www.gemeinde-merching.de/download/gde-hh-6-haushaltsplan-mit-finanzplan-2026/,https://www.gemeinde-merching.de/download/gde-hh-6-haushaltsplan-mit-finanzplan-2026/,200,https://www.gemeinde-merching.de/download/gde-hh-6-haushaltsplan-mit-finanzplan-2026/,page,True,WXR numeric CPT links can be noncanonical/broken; use live navigation and managed downloads
9314,wpdmpro,Gde - HH 7 Stellenplan 2026,https://www.gemeinde-merching.de/download/gde-hh-7-stellenplan-2026/,https://www.gemeinde-merching.de/download/gde-hh-7-stellenplan-2026/,200,https://www.gemeinde-merching.de/download/gde-hh-7-stellenplan-2026/,page,True,WXR numeric CPT links can be noncanonical/broken; use live navigation and managed downloads
9315,wpdmpro,Gde - HH 8 Anlagen 2026,https://www.gemeinde-merching.de/download/gde-hh-8-anlagen-2026/,https://www.gemeinde-merching.de/download/gde-hh-8-anlagen-2026/,200,https://www.gemeinde-merching.de/download/gde-hh-8-anlagen-2026/,page,True,WXR numeric CPT links can be noncanonical/broken; use live navigation and managed downloads
9316,wpdmpro,Gde - HH 9 Finanzplan Vermögenshaushalt Detail 2026,https://www.gemeinde-merching.de/download/gde-hh-9-finanzplan-vermoegenshaushalt-detail-2026/,https://www.gemeinde-merching.de/download/gde-hh-9-finanzplan-vermoegenshaushalt-detail-2026/,200,https://www.gemeinde-merching.de/download/gde-hh-9-finanzplan-vermoegenshaushalt-detail-2026/,page,True,WXR numeric CPT links can be noncanonical/broken; use live navigation and managed downloads
10804,attachment,Gemeindekurier Sommer 2026 f. Kurier,https://www.gemeinde-merching.de/wp-content/uploads/2026/07/Gemeindekurier-Sommer-2026-f.-Kurier.pdf,https://www.gemeinde-merching.de/wp-content/uploads/2026/07/Gemeindekurier-Sommer-2026-f.-Kurier.pdf,206,,PDF,True,Attachment exposure requires public context; inherit is not publication permission
9418,attachment,Plakatierungsverordnung,https://www.gemeinde-merching.de/wp-content/uploads/2025/03/Plakatierungsverordnung.pdf,https://www.gemeinde-merching.de/wp-content/uploads/2025/03/Plakatierungsverordnung.pdf,206,,PDF,True,Attachment exposure requires public context; inherit is not publication permission
9349,attachment,Aushang,https://www.gemeinde-merching.de/wp-content/uploads/2025/02/Aushang.pdf,https://www.gemeinde-merching.de/wp-content/uploads/2025/02/Aushang.pdf,206,,PDF,True,Attachment exposure requires public context; inherit is not publication permission
9353,attachment,Aushang Homepage,https://www.gemeinde-merching.de/wp-content/uploads/2025/02/Aushang-Homepage.pdf,https://www.gemeinde-merching.de/wp-content/uploads/2025/02/Aushang-Homepage.pdf,206,,PDF,True,Attachment exposure requires public context; inherit is not publication permission
9783,attachment,175_2025_42_A_Mikrozensus_Halbzeit,https://www.gemeinde-merching.de/wp-content/uploads/2025/07/175_2025_42_A_Mikrozensus_Halbzeit.pdf,https://www.gemeinde-merching.de/wp-content/uploads/2025/07/175_2025_42_A_Mikrozensus_Halbzeit.pdf,206,,PDF,True,Attachment exposure requires public context; inherit is not publication permission
9844,attachment,Informationsflyer Blaualgen am Mandichosee,https://www.gemeinde-merching.de/wp-content/uploads/2025/07/Informationsflyer_Mandichosee.pdf,https://www.gemeinde-merching.de/wp-content/uploads/2025/07/Informationsflyer_Mandichosee.pdf,206,,PDF,True,Attachment exposure requires public context; inherit is not publication permission
9370,attachment,Bekanntm._ern_öff_Ausl_3_Änd_BPNr11_Kirchenfeld_20250228,https://www.gemeinde-merching.de/wp-content/uploads/2025/02/Bekanntm._ern_oeff_Ausl_3_Aend_BPNr11_Kirchenfeld_20250228.pdf,https://www.gemeinde-merching.de/wp-content/uploads/2025/02/Bekanntm._ern_oeff_Ausl_3_Aend_BPNr11_Kirchenfeld_20250228.pdf,206,,PDF,True,Attachment exposure requires public context; inherit is not publication permission
9372,attachment,B-Plan Nr. 11 Datenschutzinformationspflicht,https://www.gemeinde-merching.de/wp-content/uploads/2025/02/B-Plan-Nr.-11-Datenschutzinformationspflicht.pdf,https://www.gemeinde-merching.de/wp-content/uploads/2025/02/B-Plan-Nr.-11-Datenschutzinformationspflicht.pdf,206,,PDF,True,Attachment exposure requires public context; inherit is not publication permission
9542,attachment,871b0a73-8034-47e4-80ac-ea20ad13f29e,https://www.gemeinde-merching.de/wp-content/uploads/2025/05/871b0a73-8034-47e4-80ac-ea20ad13f29e.jpg,https://www.gemeinde-merching.de/wp-content/uploads/2025/05/871b0a73-8034-47e4-80ac-ea20ad13f29e.jpg,206,,image,True,Attachment exposure requires public context; inherit is not publication permission
9417,wpdmpro,Plakatierungsverordnung vom 14.12.2023,https://www.gemeinde-merching.de/download/plakatierungsverordnung-vom-14-12-2023/,https://www.gemeinde-merching.de/download/plakatierungsverordnung-vom-14-12-2023/,200,https://www.gemeinde-merching.de/download/plakatierungsverordnung-vom-14-12-2023/,page,True,WXR numeric CPT links can be noncanonical/broken; use live navigation and managed downloads
9388,attachment,BekanntmachungRattenMai2025,https://www.gemeinde-merching.de/wp-content/uploads/2025/03/BekanntmachungRattenMai2025.pdf,https://www.gemeinde-merching.de/wp-content/uploads/2025/03/BekanntmachungRattenMai2025.pdf,206,,PDF,True,Attachment exposure requires public context; inherit is not publication permission
9426,attachment,Broschüre_Tag der Vereine_01.06.2025,https://www.gemeinde-merching.de/wp-content/uploads/2025/03/Broschuere_Tag-der-Vereine_01.06.2025-1.pdf,https://www.gemeinde-merching.de/wp-content/uploads/2025/03/Broschuere_Tag-der-Vereine_01.06.2025-1.pdf,206,,PDF,True,Attachment exposure requires public context; inherit is not publication permission
9425,attachment,Broschüre_Tag der Vereine_01.06.2025,https://www.gemeinde-merching.de/wp-content/uploads/2025/03/Broschuere_Tag-der-Vereine_01.06.2025.pdf,https://www.gemeinde-merching.de/wp-content/uploads/2025/03/Broschuere_Tag-der-Vereine_01.06.2025.pdf,206,,PDF,True,Attachment exposure requires public context; inherit is not publication permission
9395,attachment,Artenschutz Relevanzprüfung 23-02-10,https://www.gemeinde-merching.de/wp-content/uploads/2025/03/Artenschutz-Relevanzpruefung-23-02-10.pdf,https://www.gemeinde-merching.de/wp-content/uploads/2025/03/Artenschutz-Relevanzpruefung-23-02-10.pdf,206,,PDF,True,Attachment exposure requires public context; inherit is not publication permission
9397,attachment,Begründung_Entwurf_BP_Kirchenfeld_3_Änd_20250123,https://www.gemeinde-merching.de/wp-content/uploads/2025/03/Begruendung_Entwurf_BP_Kirchenfeld_3_Aend_20250123.pdf,https://www.gemeinde-merching.de/wp-content/uploads/2025/03/Begruendung_Entwurf_BP_Kirchenfeld_3_Aend_20250123.pdf,206,,PDF,True,Attachment exposure requires public context; inherit is not publication permission
9399,attachment,Planzeichnung_Entwurf_3_Änd_Kirchenfeld_2025-01-23,https://www.gemeinde-merching.de/wp-content/uploads/2025/03/Planzeichnung_Entwurf_3_Aend_Kirchenfeld_2025-01-23.pdf,https://www.gemeinde-merching.de/wp-content/uploads/2025/03/Planzeichnung_Entwurf_3_Aend_Kirchenfeld_2025-01-23.pdf,206,,PDF,True,Attachment exposure requires public context; inherit is not publication permission
9401,attachment,Textteil_Entwurf_BP_Kirchenfeld_3_Änd_20250123,https://www.gemeinde-merching.de/wp-content/uploads/2025/03/Textteil_Entwurf_BP_Kirchenfeld_3_Aend_20250123.pdf,https://www.gemeinde-merching.de/wp-content/uploads/2025/03/Textteil_Entwurf_BP_Kirchenfeld_3_Aend_20250123.pdf,206,,PDF,True,Attachment exposure requires public context; inherit is not publication permission
9515,attachment,Bekanntmachung Kostensatzung,https://www.gemeinde-merching.de/wp-content/uploads/2025/05/Bekanntmachung-Kostensatzung-1.docx,https://www.gemeinde-merching.de/wp-content/uploads/2025/05/Bekanntmachung-Kostensatzung-1.docx,206,,sitemap/xml,True,Attachment exposure requires public context; inherit is not publication permission
9414,attachment,Aushang Homepage_2,https://www.gemeinde-merching.de/wp-content/uploads/2025/03/Aushang-Homepage_2.pdf,https://www.gemeinde-merching.de/wp-content/uploads/2025/03/Aushang-Homepage_2.pdf,206,,PDF,True,Attachment exposure requires public context; inherit is not publication permission
9508,post,Zensus 2022: Gesetz über den Schutz der Sonn- und Feiertage (Feiertagsgesetz) Mariä Himmelfahrt,https://www.gemeinde-merching.de/zensus-2022-gesetz-ueber-den-schutz-der-sonn-und-feiertage-feiertagsgesetz-mariae-himmelfahrt/,https://www.gemeinde-merching.de/zensus-2022-gesetz-ueber-den-schutz-der-sonn-und-feiertage-feiertagsgesetz-mariae-himmelfahrt/,200,https://www.gemeinde-merching.de/zensus-2022-gesetz-ueber-den-schutz-der-sonn-und-feiertage-feiertagsgesetz-mariae-himmelfahrt/,page,True,WXR numeric CPT links can be noncanonical/broken; use live navigation and managed downloads
9511,wpdmpro,Bekanntmachung Kostensatzung,https://www.gemeinde-merching.de/download/bekanntmachung-kostensatzung/,https://www.gemeinde-merching.de/download/bekanntmachung-kostensatzung/,200,https://www.gemeinde-merching.de/download/bekanntmachung-kostensatzung/,page,True,WXR numeric CPT links can be noncanonical/broken; use live navigation and managed downloads
9512,attachment,Bekanntmachung Kostensatzung,https://www.gemeinde-merching.de/wp-content/uploads/2025/05/Bekanntmachung-Kostensatzung.docx,https://www.gemeinde-merching.de/wp-content/uploads/2025/05/Bekanntmachung-Kostensatzung.docx,206,,sitemap/xml,True,Attachment exposure requires public context; inherit is not publication permission
9513,post,Bekanntmachung Kostensatzung,https://www.gemeinde-merching.de/bekanntmachung-kostensatzung/,https://www.gemeinde-merching.de/bekanntmachung-kostensatzung/,200,https://www.gemeinde-merching.de/bekanntmachung-kostensatzung/,page,True,WXR numeric CPT links can be noncanonical/broken; use live navigation and managed downloads
9462,attachment,8_Änd_FNP_Steinach_Ost_Bekanntmachung_Genehmigung_20250403,https://www.gemeinde-merching.de/wp-content/uploads/2025/04/8_Aend_FNP_Steinach_Ost_Bekanntmachung_Genehmigung_20250403.pdf,https://www.gemeinde-merching.de/wp-content/uploads/2025/04/8_Aend_FNP_Steinach_Ost_Bekanntmachung_Genehmigung_20250403.pdf,206,,PDF,True,Attachment exposure requires public context; inherit is not publication permission
9465,attachment,8_Änd_FNP_Steinach_Ost_zus_Erklärung_20250403,https://www.gemeinde-merching.de/wp-content/uploads/2025/04/8_Aend_FNP_Steinach_Ost_zus_Erklaerung_20250403.pdf,https://www.gemeinde-merching.de/wp-content/uploads/2025/04/8_Aend_FNP_Steinach_Ost_zus_Erklaerung_20250403.pdf,206,,PDF,True,Attachment exposure requires public context; inherit is not publication permission
9469,attachment,8_Änd_FNP_Merching_Planzeichnung_Feststellung_2024-06-20,https://www.gemeinde-merching.de/wp-content/uploads/2025/04/8_Aend_FNP_Merching_Planzeichnung_Feststellung_2024-06-20.pdf,https://www.gemeinde-merching.de/wp-content/uploads/2025/04/8_Aend_FNP_Merching_Planzeichnung_Feststellung_2024-06-20.pdf,206,,PDF,True,Attachment exposure requires public context; inherit is not publication permission
9656,attachment,Fundsache 15-2025,https://www.gemeinde-merching.de/wp-content/uploads/2025/06/Fundsache-15-2025.pdf,https://www.gemeinde-merching.de/wp-content/uploads/2025/06/Fundsache-15-2025.pdf,206,,PDF,True,Attachment exposure requires public context; inherit is not publication permission
9471,attachment,8_Änd_FNP_Steinach_Ost_Begründung_20240620,https://www.gemeinde-merching.de/wp-content/uploads/2025/04/8_Aend_FNP_Steinach_Ost_Begruendung_20240620.pdf,https://www.gemeinde-merching.de/wp-content/uploads/2025/04/8_Aend_FNP_Steinach_Ost_Begruendung_20240620.pdf,206,,PDF,True,Attachment exposure requires public context; inherit is not publication permission
9478,attachment,Gemeindekurier Ostern 2025 endgültig f. Homepage,https://www.gemeinde-merching.de/wp-content/uploads/2025/04/Gemeindekurier-Ostern-2025-endgueltig-f.-Homepage.pdf,https://www.gemeinde-merching.de/wp-content/uploads/2025/04/Gemeindekurier-Ostern-2025-endgueltig-f.-Homepage.pdf,206,,PDF,True,Attachment exposure requires public context; inherit is not publication permission
9695,attachment,Antrag_Fahrkarte_2025_2026,https://www.gemeinde-merching.de/wp-content/uploads/2025/07/Antrag_Fahrkarte_2025_2026.pdf,https://www.gemeinde-merching.de/wp-content/uploads/2025/07/Antrag_Fahrkarte_2025_2026.pdf,206,,PDF,True,Attachment exposure requires public context; inherit is not publication permission
9518,attachment,Bekanntmachung Kostensatzung,https://www.gemeinde-merching.de/wp-content/uploads/2025/05/Bekanntmachung-Kostensatzung.pdf,https://www.gemeinde-merching.de/wp-content/uploads/2025/05/Bekanntmachung-Kostensatzung.pdf,206,,PDF,True,Attachment exposure requires public context; inherit is not publication permission
9521,attachment,BP35_Geruchsprognose_230714,https://www.gemeinde-merching.de/wp-content/uploads/2025/05/BP35_Geruchsprognose_230714.pdf,https://www.gemeinde-merching.de/wp-content/uploads/2025/05/BP35_Geruchsprognose_230714.pdf,206,,PDF,True,Attachment exposure requires public context; inherit is not publication permission
9523,attachment,BP35_Steinach_Ost_Begründung_20240620,https://www.gemeinde-merching.de/wp-content/uploads/2025/05/BP35_Steinach_Ost_Begruendung_20240620.pdf,https://www.gemeinde-merching.de/wp-content/uploads/2025/05/BP35_Steinach_Ost_Begruendung_20240620.pdf,206,,PDF,True,Attachment exposure requires public context; inherit is not publication permission
9525,attachment,BP35_Steinach_Ost_Bekanntmachung_Satzungsbeschluss,https://www.gemeinde-merching.de/wp-content/uploads/2025/05/BP35_Steinach_Ost_Bekanntmachung_Satzungsbeschluss.pdf,https://www.gemeinde-merching.de/wp-content/uploads/2025/05/BP35_Steinach_Ost_Bekanntmachung_Satzungsbeschluss.pdf,206,,PDF,True,Attachment exposure requires public context; inherit is not publication permission
9527,attachment,BP35_Steinach_Ost_Planzeichnung_2024-06-20,https://www.gemeinde-merching.de/wp-content/uploads/2025/05/BP35_Steinach_Ost_Planzeichnung_2024-06-20.pdf,https://www.gemeinde-merching.de/wp-content/uploads/2025/05/BP35_Steinach_Ost_Planzeichnung_2024-06-20.pdf,206,,PDF,True,Attachment exposure requires public context; inherit is not publication permission
9529,attachment,BP35_Steinach_Ost_Textteil_20240620,https://www.gemeinde-merching.de/wp-content/uploads/2025/05/BP35_Steinach_Ost_Textteil_20240620.pdf,https://www.gemeinde-merching.de/wp-content/uploads/2025/05/BP35_Steinach_Ost_Textteil_20240620.pdf,206,,PDF,True,Attachment exposure requires public context; inherit is not publication permission
9531,attachment,BP35_Steinach_Ost_Zusammenfassende_Erklärung,https://www.gemeinde-merching.de/wp-content/uploads/2025/05/BP35_Steinach_Ost_Zusammenfassende_Erklaerung.pdf,https://www.gemeinde-merching.de/wp-content/uploads/2025/05/BP35_Steinach_Ost_Zusammenfassende_Erklaerung.pdf,206,,PDF,True,Attachment exposure requires public context; inherit is not publication permission
9545,attachment,a44955c3-7ddb-4b8d-ac70-5887973f301e,https://www.gemeinde-merching.de/wp-content/uploads/2025/05/a44955c3-7ddb-4b8d-ac70-5887973f301e.jpg,https://www.gemeinde-merching.de/wp-content/uploads/2025/05/a44955c3-7ddb-4b8d-ac70-5887973f301e.jpg,206,,image,True,Attachment exposure requires public context; inherit is not publication permission
9548,attachment,Fundanzeige 12-2025,https://www.gemeinde-merching.de/wp-content/uploads/2025/05/Fundanzeige-12-2025.pdf,https://www.gemeinde-merching.de/wp-content/uploads/2025/05/Fundanzeige-12-2025.pdf,206,,PDF,True,Attachment exposure requires public context; inherit is not publication permission
9549,attachment,Fundanzeige 13-2025,https://www.gemeinde-merching.de/wp-content/uploads/2025/05/Fundanzeige-13-2025.pdf,https://www.gemeinde-merching.de/wp-content/uploads/2025/05/Fundanzeige-13-2025.pdf,206,,PDF,True,Attachment exposure requires public context; inherit is not publication permission
10803,wpdmpro,Gemeindekurier Sommer 2026,https://www.gemeinde-merching.de/download/gemeindekurier-sommer-2026/,https://www.gemeinde-merching.de/download/gemeindekurier-sommer-2026/,200,https://www.gemeinde-merching.de/download/gemeindekurier-sommer-2026/,page,True,WXR numeric CPT links can be noncanonical/broken; use live navigation and managed downloads
9885,attachment,Gemeindekurier Sommer 2025-V1 PDF für Druckerei Richter,https://www.gemeinde-merching.de/wp-content/uploads/2025/07/Gemeindekurier-Sommer-2025-V1-PDF-fuer-Druckerei-Richter.pdf,https://www.gemeinde-merching.de/wp-content/uploads/2025/07/Gemeindekurier-Sommer-2025-V1-PDF-fuer-Druckerei-Richter.pdf,206,,PDF,True,Attachment exposure requires public context; inherit is not publication permission
9560,attachment,Fundanzeige 14 - 2025,https://www.gemeinde-merching.de/wp-content/uploads/2025/05/Fundanzeige-14-2025.pdf,https://www.gemeinde-merching.de/wp-content/uploads/2025/05/Fundanzeige-14-2025.pdf,206,,PDF,True,Attachment exposure requires public context; inherit is not publication permission
10274,attachment,Merching-Ablauf-1,https://www.gemeinde-merching.de/wp-content/uploads/2015/08/Merching-Ablauf-1.jpg,https://www.gemeinde-merching.de/wp-content/uploads/2015/08/Merching-Ablauf-1.jpg,206,,image,True,Attachment exposure requires public context; inherit is not publication permission
9878,attachment,Geldbeutel-8821920_1280,https://www.gemeinde-merching.de/wp-content/uploads/2025/07/Geldbeutel-8821920_1280.png,https://www.gemeinde-merching.de/wp-content/uploads/2025/07/Geldbeutel-8821920_1280.png,206,,image,True,Attachment exposure requires public context; inherit is not publication permission
9879,attachment,Smartphone-153650_1280 (3),https://www.gemeinde-merching.de/wp-content/uploads/2025/07/Smartphone-153650_1280-3.png,https://www.gemeinde-merching.de/wp-content/uploads/2025/07/Smartphone-153650_1280-3.png,206,,image,True,Attachment exposure requires public context; inherit is not publication permission
9880,attachment,Sonstige Fundsache-2747288_1280,https://www.gemeinde-merching.de/wp-content/uploads/2025/07/Sonstige-Fundsache-2747288_1280.png,https://www.gemeinde-merching.de/wp-content/uploads/2025/07/Sonstige-Fundsache-2747288_1280.png,206,,image,True,Attachment exposure requires public context; inherit is not publication permission
9562,post,Neues aus dem Einwohnermeldeamt (Lichtbilder),https://www.gemeinde-merching.de/neues-aus-dem-einwohnermeldeamt-lichtbilder/,https://www.gemeinde-merching.de/neues-aus-dem-einwohnermeldeamt-lichtbilder/,200,https://www.gemeinde-merching.de/neues-aus-dem-einwohnermeldeamt-lichtbilder/,page,True,WXR numeric CPT links can be noncanonical/broken; use live navigation and managed downloads
10161,attachment,Gemeindekurier Weihnachten 2025 f. Homepage,https://www.gemeinde-merching.de/wp-content/uploads/2025/12/Gemeindekurier-Weihnachten-2025-f.-Homepage.pdf,https://www.gemeinde-merching.de/wp-content/uploads/2025/12/Gemeindekurier-Weihnachten-2025-f.-Homepage.pdf,206,,PDF,True,Attachment exposure requires public context; inherit is not publication permission
9570,attachment,Mack-Petra,https://www.gemeinde-merching.de/wp-content/uploads/2025/05/Mack-Petra.jpg,https://www.gemeinde-merching.de/wp-content/uploads/2025/05/Mack-Petra.jpg,206,,image,True,Attachment exposure requires public context; inherit is not publication permission
9573,attachment,Huster-Christian,https://www.gemeinde-merching.de/wp-content/uploads/2025/05/Huster-Christian.jpg,https://www.gemeinde-merching.de/wp-content/uploads/2025/05/Huster-Christian.jpg,206,,image,True,Attachment exposure requires public context; inherit is not publication permission
9593,attachment,image0,https://www.gemeinde-merching.de/wp-content/uploads/2025/06/image0.jpeg,https://www.gemeinde-merching.de/wp-content/uploads/2025/06/image0.jpeg,206,,image,True,Attachment exposure requires public context; inherit is not publication permission
9595,attachment,image1,https://www.gemeinde-merching.de/wp-content/uploads/2025/06/image1.jpeg,https://www.gemeinde-merching.de/wp-content/uploads/2025/06/image1.jpeg,206,,image,True,Attachment exposure requires public context; inherit is not publication permission
9600,post,Spielplatz an der Paar mit Spielschiff u. gestifteten Bänken des Hühnerkomitees Merching wurde offiziell eröffnet,https://www.gemeinde-merching.de/spielschiff-an-der-paar-u-gestiftete-baenke-des-huehnerkomitees-merching-wurden-offiziell-eroeffnet/,https://www.gemeinde-merching.de/spielschiff-an-der-paar-u-gestiftete-baenke-des-huehnerkomitees-merching-wurden-offiziell-eroeffnet/,200,https://www.gemeinde-merching.de/spielschiff-an-der-paar-u-gestiftete-baenke-des-huehnerkomitees-merching-wurden-offiziell-eroeffnet/,page,True,WXR numeric CPT links can be noncanonical/broken; use live navigation and managed downloads
9603,attachment,T Spielschiff 15-05-2025,https://www.gemeinde-merching.de/wp-content/uploads/2025/06/Spielschiff-15-05-2025-1.jpg,https://www.gemeinde-merching.de/wp-content/uploads/2025/06/Spielschiff-15-05-2025-1.jpg,206,,image,True,Attachment exposure requires public context; inherit is not publication permission
9609,attachment,PDF Flyer Merchinger Ferienprogramm 2025,https://www.gemeinde-merching.de/wp-content/uploads/2025/06/PDF-Flyer-Merchinger-Ferienprogramm-2025.pdf,https://www.gemeinde-merching.de/wp-content/uploads/2025/06/PDF-Flyer-Merchinger-Ferienprogramm-2025.pdf,206,,PDF,True,Attachment exposure requires public context; inherit is not publication permission
10471,attachment,1. Bürgermeister Helmut Luichtl,https://www.gemeinde-merching.de/wp-content/uploads/2026/04/Helmut-Luichtl-kl.jpg,https://www.gemeinde-merching.de/wp-content/uploads/2026/04/Helmut-Luichtl-kl.jpg,206,,image,True,Attachment exposure requires public context; inherit is not publication permission
10508,post,Pressemitteilung Landratsamt Aichach-Friedberg - Geflügelpest: Sperrzone aufgehoben,https://www.gemeinde-merching.de/pressemitteilung-landratsamt-aichach-friedberg-gefluegelpest-sperrzone-aufgehoben/,https://www.gemeinde-merching.de/pressemitteilung-landratsamt-aichach-friedberg-gefluegelpest-sperrzone-aufgehoben/,200,https://www.gemeinde-merching.de/pressemitteilung-landratsamt-aichach-friedberg-gefluegelpest-sperrzone-aufgehoben/,page,True,WXR numeric CPT links can be noncanonical/broken; use live navigation and managed downloads
10509,attachment,20260413 AV Geflügelpest aufgehoben_LRA AIC-FDB f. Homepage u. Aushang,https://www.gemeinde-merching.de/wp-content/uploads/2026/04/20260413-AV-Gefluegelpest-aufgehoben_LRA-AIC-FDB-f.-Homepage-u.-Aushang.pdf,https://www.gemeinde-merching.de/wp-content/uploads/2026/04/20260413-AV-Gefluegelpest-aufgehoben_LRA-AIC-FDB-f.-Homepage-u.-Aushang.pdf,206,,PDF,True,Attachment exposure requires public context; inherit is not publication permission
10793,wpdmpro,Bestattung - Gebührensatzung zur Satzung für öffentl. Bestattungseinrichtung (GBS/BES) der Gemeinde Merching ab 01.01.2027,https://www.gemeinde-merching.de/download/bestattung-gebuehrensatzung-zur-satzung-fuer-oeffentl-bestattungseinrichtung-gbs-bes-der-gemeinde-merching-ab-01-01-2027/,https://www.gemeinde-merching.de/download/bestattung-gebuehrensatzung-zur-satzung-fuer-oeffentl-bestattungseinrichtung-gbs-bes-der-gemeinde-merching-ab-01-01-2027/,200,https://www.gemeinde-merching.de/download/bestattung-gebuehrensatzung-zur-satzung-fuer-oeffentl-bestattungseinrichtung-gbs-bes-der-gemeinde-merching-ab-01-01-2027/,page,True,WXR numeric CPT links can be noncanonical/broken; use live navigation and managed downloads
10315,attachment,Bekanntmachung Abschlussbericht Kommunale Wärmeplanung PDF,https://www.gemeinde-merching.de/wp-content/uploads/2026/01/Bekanntmachung-Abschlussbericht-Kommunale-Waermeplanung-PDF.pdf,https://www.gemeinde-merching.de/wp-content/uploads/2026/01/Bekanntmachung-Abschlussbericht-Kommunale-Waermeplanung-PDF.pdf,206,,PDF,True,Attachment exposure requires public context; inherit is not publication permission
10316,wpdmpro,Bekanntmachung Kommunale Wärmeplanung Merching,https://www.gemeinde-merching.de/download/bekanntmachung-kommunale-waermeplanung-merching/,https://www.gemeinde-merching.de/download/bekanntmachung-kommunale-waermeplanung-merching/,200,https://www.gemeinde-merching.de/download/bekanntmachung-kommunale-waermeplanung-merching/,page,True,WXR numeric CPT links can be noncanonical/broken; use live navigation and managed downloads
10317,attachment,Bekanntmachung Abschlussbericht Kommunale Wärmeplanung PDF,https://www.gemeinde-merching.de/wp-content/uploads/2026/01/Bekanntmachung-Abschlussbericht-Kommunale-Waermeplanung-PDF-1.pdf,https://www.gemeinde-merching.de/wp-content/uploads/2026/01/Bekanntmachung-Abschlussbericht-Kommunale-Waermeplanung-PDF-1.pdf,206,,PDF,True,Attachment exposure requires public context; inherit is not publication permission
10326,wpdmpro,Pressemitteilung Mikrozensus 2026,https://www.gemeinde-merching.de/download/pressemitteilung-mikrozensus-2026/,https://www.gemeinde-merching.de/download/pressemitteilung-mikrozensus-2026/,200,https://www.gemeinde-merching.de/download/pressemitteilung-mikrozensus-2026/,page,True,WXR numeric CPT links can be noncanonical/broken; use live navigation and managed downloads
10327,attachment,004_2026_42_A_Mikrozensus,https://www.gemeinde-merching.de/wp-content/uploads/2026/01/004_2026_42_A_Mikrozensus.pdf,https://www.gemeinde-merching.de/wp-content/uploads/2026/01/004_2026_42_A_Mikrozensus.pdf,206,,PDF,True,Attachment exposure requires public context; inherit is not publication permission
10551,attachment,20260430_LRA beim Marktsonntag Mering,https://www.gemeinde-merching.de/wp-content/uploads/2026/05/20260430_LRA-beim-Marktsonntag-Mering.docx,https://www.gemeinde-merching.de/wp-content/uploads/2026/05/20260430_LRA-beim-Marktsonntag-Mering.docx,206,,sitemap/xml,True,Attachment exposure requires public context; inherit is not publication permission
10533,attachment,Verkündung des Wahlergebnisses OT Hochdorf,https://www.gemeinde-merching.de/wp-content/uploads/2026/04/Verkuendung-des-Wahlergebnisses-OT-Hochdorf.pdf,https://www.gemeinde-merching.de/wp-content/uploads/2026/04/Verkuendung-des-Wahlergebnisses-OT-Hochdorf.pdf,206,,PDF,True,Attachment exposure requires public context; inherit is not publication permission
10377,attachment,Trinkwasserwerte f. Homepage vom Bauhof 26.02.26,https://www.gemeinde-merching.de/wp-content/uploads/2026/02/Trinkwasserwerte-f.-Homepage-vom-Bauhof-26.02.26.pdf,https://www.gemeinde-merching.de/wp-content/uploads/2026/02/Trinkwasserwerte-f.-Homepage-vom-Bauhof-26.02.26.pdf,206,,PDF,True,Attachment exposure requires public context; inherit is not publication permission
10385,attachment,Merchinger Ramadama 2026 PDF,https://www.gemeinde-merching.de/wp-content/uploads/2026/03/Merchinger-Ramadama-2026-PDF.pdf,https://www.gemeinde-merching.de/wp-content/uploads/2026/03/Merchinger-Ramadama-2026-PDF.pdf,206,,PDF,True,Attachment exposure requires public context; inherit is not publication permission
10388,attachment,Modernisierungsbündnis 2026_vhs-Kurs Merching,https://www.gemeinde-merching.de/wp-content/uploads/2026/03/Modernisierungsbuendnis-2026_vhs-Kurs-Merching.pdf,https://www.gemeinde-merching.de/wp-content/uploads/2026/03/Modernisierungsbuendnis-2026_vhs-Kurs-Merching.pdf,206,,PDF,True,Attachment exposure requires public context; inherit is not publication permission
10881,post,Fundsache,https://www.gemeinde-merching.de/fundsache/,https://www.gemeinde-merching.de/fundsache/,200,https://www.gemeinde-merching.de/fundsache/,page,True,WXR numeric CPT links can be noncanonical/broken; use live navigation and managed downloads
10772,wpdmpro,"Bekanntmachung Eröffnung Vergabeverfahren für Baugrundstücke, Baugebiet 34 ""Östlich der Nebelhornstraße""",https://www.gemeinde-merching.de/download/bekanntmachung-eroeffnung-vergabeverfahren-fuer-baugrundstuecke-baugebiet-34-oestlich-der-nebelhornstrasse/,https://www.gemeinde-merching.de/download/bekanntmachung-eroeffnung-vergabeverfahren-fuer-baugrundstuecke-baugebiet-34-oestlich-der-nebelhornstrasse/,200,https://www.gemeinde-merching.de/download/bekanntmachung-eroeffnung-vergabeverfahren-fuer-baugrundstuecke-baugebiet-34-oestlich-der-nebelhornstrasse/,page,True,WXR numeric CPT links can be noncanonical/broken; use live navigation and managed downloads
10555,attachment,20260430_LRA beim Marktsonntag Mering,https://www.gemeinde-merching.de/wp-content/uploads/2026/05/20260430_LRA-beim-Marktsonntag-Mering.pdf,https://www.gemeinde-merching.de/wp-content/uploads/2026/05/20260430_LRA-beim-Marktsonntag-Mering.pdf,206,,PDF,True,Attachment exposure requires public context; inherit is not publication permission
10394,attachment,20260226_PM_VHS Kurs Merching Gebäude,https://www.gemeinde-merching.de/wp-content/uploads/2026/03/20260226_PM_VHS-Kurs-Merching-Gebaeude.pdf,https://www.gemeinde-merching.de/wp-content/uploads/2026/03/20260226_PM_VHS-Kurs-Merching-Gebaeude.pdf,206,,PDF,True,Attachment exposure requires public context; inherit is not publication permission
10399,post,Wasserrechtliches Planfeststellungsverfahren,https://www.gemeinde-merching.de/wasserrechtliches-planfeststellungsverfahren/,https://www.gemeinde-merching.de/wasserrechtliches-planfeststellungsverfahren/,200,https://www.gemeinde-merching.de/wasserrechtliches-planfeststellungsverfahren/,page,True,WXR numeric CPT links can be noncanonical/broken; use live navigation and managed downloads
10400,attachment,DEU_Augsburg_COA_1811.svg,https://www.gemeinde-merching.de/wp-content/uploads/2026/03/DEU_Augsburg_COA_1811.svg_.png,https://www.gemeinde-merching.de/wp-content/uploads/2026/03/DEU_Augsburg_COA_1811.svg_.png,206,,image,True,Attachment exposure requires public context; inherit is not publication permission
10402,attachment,DEU_Augsburg_COA_klein,https://www.gemeinde-merching.de/wp-content/uploads/2026/03/DEU_Augsburg_COA_klein.png,https://www.gemeinde-merching.de/wp-content/uploads/2026/03/DEU_Augsburg_COA_klein.png,206,,image,True,Attachment exposure requires public context; inherit is not publication permission
10406,attachment,Plakat Benefizkonzert 05.05.2026 in Merching,https://www.gemeinde-merching.de/wp-content/uploads/2026/03/Plakat-Benefizkonzert-05.05.2026-in-Merching.pdf,https://www.gemeinde-merching.de/wp-content/uploads/2026/03/Plakat-Benefizkonzert-05.05.2026-in-Merching.pdf,206,,PDF,True,Attachment exposure requires public context; inherit is not publication permission
10407,attachment,Logo Ambulante Snipping Tool,https://www.gemeinde-merching.de/wp-content/uploads/2026/03/Logo-Ambulante-Snipping-Tool.jpg,https://www.gemeinde-merching.de/wp-content/uploads/2026/03/Logo-Ambulante-Snipping-Tool.jpg,206,,image,True,Attachment exposure requires public context; inherit is not publication permission
10408,attachment,Logo Ambulante Snipping Tool,https://www.gemeinde-merching.de/wp-content/uploads/2026/03/Logo-Ambulante-Snipping-Tool-1.jpg,https://www.gemeinde-merching.de/wp-content/uploads/2026/03/Logo-Ambulante-Snipping-Tool-1.jpg,206,,image,True,Attachment exposure requires public context; inherit is not publication permission
10418,post,Ergebnisse der Kommunalwahl 08.03.2026,https://www.gemeinde-merching.de/ergebnisse-der-kommunalwahl-08-03-2026/,https://www.gemeinde-merching.de/ergebnisse-der-kommunalwahl-08-03-2026/,200,https://www.gemeinde-merching.de/ergebnisse-der-kommunalwahl-08-03-2026/,page,True,WXR numeric CPT links can be noncanonical/broken; use live navigation and managed downloads
10432,post,Bekanntmachung des abschließenden Ergebnisses der Wahl des Gemeinderats am 08. März 2026,https://www.gemeinde-merching.de/bekanntmachung-des-abschliessenden-ergebnisses-der-wahl-des-gemeinderats-am-08-maerz-2026/,https://www.gemeinde-merching.de/bekanntmachung-des-abschliessenden-ergebnisses-der-wahl-des-gemeinderats-am-08-maerz-2026/,200,https://www.gemeinde-merching.de/bekanntmachung-des-abschliessenden-ergebnisses-der-wahl-des-gemeinderats-am-08-maerz-2026/,page,True,WXR numeric CPT links can be noncanonical/broken; use live navigation and managed downloads
10569,attachment,Bekanntmachung Vergabe von gemeindlichen Wohnbaugrundstücken,https://www.gemeinde-merching.de/wp-content/uploads/2026/05/Bekanntmachung-Vergabe-von-gemeindlichen-Wohnbaugrundstuecken.pdf,https://www.gemeinde-merching.de/wp-content/uploads/2026/05/Bekanntmachung-Vergabe-von-gemeindlichen-Wohnbaugrundstuecken.pdf,206,,PDF,True,Attachment exposure requires public context; inherit is not publication permission
10454,attachment,Gemeindekurier Ostern 2026 f. Homepage,https://www.gemeinde-merching.de/wp-content/uploads/2026/03/Gemeindekurier-Ostern-2026-f.-Homepage.pdf,https://www.gemeinde-merching.de/wp-content/uploads/2026/03/Gemeindekurier-Ostern-2026-f.-Homepage.pdf,206,,PDF,True,Attachment exposure requires public context; inherit is not publication permission
10455,wpdmpro,Ortssprecherwahl Steinach u. Hochdorf - Beilage Gemeindekurier zu Ostern f. die Ortsteile,https://www.gemeinde-merching.de/download/ortssprecherwahl-steinach-u-hochdorf-beilage-gemeindekurier-zu-ostern-f-die-ortsteile/,https://www.gemeinde-merching.de/download/ortssprecherwahl-steinach-u-hochdorf-beilage-gemeindekurier-zu-ostern-f-die-ortsteile/,200,https://www.gemeinde-merching.de/download/ortssprecherwahl-steinach-u-hochdorf-beilage-gemeindekurier-zu-ostern-f-die-ortsteile/,page,True,WXR numeric CPT links can be noncanonical/broken; use live navigation and managed downloads
10456,attachment,Information Ortssprecherwahl Steinach u. Hochdorf_Beilage Kurier Ostern 2026 f. Hochdorf u. Steinach f. Homepage,https://www.gemeinde-merching.de/wp-content/uploads/2026/03/Information-Ortssprecherwahl-Steinach-u.-Hochdorf_Beilage-Kurier-Ostern-2026-f.-Hochdorf-u.-Steinach-f.-Homepage.pdf,https://www.gemeinde-merching.de/wp-content/uploads/2026/03/Information-Ortssprecherwahl-Steinach-u.-Hochdorf_Beilage-Kurier-Ostern-2026-f.-Hochdorf-u.-Steinach-f.-Homepage.pdf,206,,PDF,True,Attachment exposure requires public context; inherit is not publication permission
10461,post,Bekanntmachung für den Erörterungstermin Licca Liber I,https://www.gemeinde-merching.de/bekanntmachung-fuer-den-eroerterungstermin-licca-liber-i/,https://www.gemeinde-merching.de/bekanntmachung-fuer-den-eroerterungstermin-licca-liber-i/,200,https://www.gemeinde-merching.de/bekanntmachung-fuer-den-eroerterungstermin-licca-liber-i/,page,True,WXR numeric CPT links can be noncanonical/broken; use live navigation and managed downloads
10463,wpdmpro,Bekanntmachung für den Erörterungstermin Licca Liber I,https://www.gemeinde-merching.de/download/bekanntmachung-fuer-den-eroerterungstermin-licca-liber-i/,https://www.gemeinde-merching.de/download/bekanntmachung-fuer-den-eroerterungstermin-licca-liber-i/,200,https://www.gemeinde-merching.de/download/bekanntmachung-fuer-den-eroerterungstermin-licca-liber-i/,page,True,WXR numeric CPT links can be noncanonical/broken; use live navigation and managed downloads
10464,attachment,2026-03-02 Lili I EÖT Bekanntmachungstext,https://www.gemeinde-merching.de/wp-content/uploads/2026/03/2026-03-02-Lili-I-EOeT-Bekanntmachungstext.pdf,https://www.gemeinde-merching.de/wp-content/uploads/2026/03/2026-03-02-Lili-I-EOeT-Bekanntmachungstext.pdf,206,,PDF,True,Attachment exposure requires public context; inherit is not publication permission
10773,attachment,Bekanntmachung Eröffnung Vergabeverfahren BG 34,https://www.gemeinde-merching.de/wp-content/uploads/2026/06/Bekanntmachung-Eroeffnung-Vergabeverfahren-BG-34.pdf,https://www.gemeinde-merching.de/wp-content/uploads/2026/06/Bekanntmachung-Eroeffnung-Vergabeverfahren-BG-34.pdf,206,,PDF,True,Attachment exposure requires public context; inherit is not publication permission
10485,post,Solaroffensive Wittelsbacher Land,https://www.gemeinde-merching.de/solaroffensive-wittelsbacher-land/,https://www.gemeinde-merching.de/solaroffensive-wittelsbacher-land/,200,https://www.gemeinde-merching.de/solaroffensive-wittelsbacher-land/,page,True,WXR numeric CPT links can be noncanonical/broken; use live navigation and managed downloads
10486,attachment,2026031Anzeige Solaroffensive und Energieberatung 04_26 f. Homepage,https://www.gemeinde-merching.de/wp-content/uploads/2026/04/2026031Anzeige-Solaroffensive-und-Energieberatung-04_26-f.-Homepage.pdf,https://www.gemeinde-merching.de/wp-content/uploads/2026/04/2026031Anzeige-Solaroffensive-und-Energieberatung-04_26-f.-Homepage.pdf,206,,PDF,True,Attachment exposure requires public context; inherit is not publication permission
10521,post,Grundsteuer - Änderungen am Grundbesitz bis 30.04.2026 dem Finanzamt anzeigen,https://www.gemeinde-merching.de/aenderungen-am-grundbesitz-dem-finanzamt-anzeigen/,https://www.gemeinde-merching.de/aenderungen-am-grundbesitz-dem-finanzamt-anzeigen/,200,https://www.gemeinde-merching.de/aenderungen-am-grundbesitz-dem-finanzamt-anzeigen/,page,True,WXR numeric CPT links can be noncanonical/broken; use live navigation and managed downloads
10498,attachment,Wahlbekanntmachung Homepage,https://www.gemeinde-merching.de/wp-content/uploads/2026/04/Wahlbekanntmachung-Homepage.pdf,https://www.gemeinde-merching.de/wp-content/uploads/2026/04/Wahlbekanntmachung-Homepage.pdf,206,,PDF,True,Attachment exposure requires public context; inherit is not publication permission
10522,attachment,26-04-16 PM Anzeigepflicht Änderungen Grundbesitz.docx,https://www.gemeinde-merching.de/wp-content/uploads/2026/04/26-04-16-PM-Anzeigepflicht-Aenderungen-Grundbesitz.docx.pdf,https://www.gemeinde-merching.de/wp-content/uploads/2026/04/26-04-16-PM-Anzeigepflicht-Aenderungen-Grundbesitz.docx.pdf,206,,PDF,True,Attachment exposure requires public context; inherit is not publication permission
10570,post,Bekanntmachung v. 12.05.2026 - Vergabe von gemeindlichen Wohnbaugrundstücken,https://www.gemeinde-merching.de/bekanntmachung-v-12-05-2026-vergabe-von-gemeindlichen-wohnbaugrundstuecken/,https://www.gemeinde-merching.de/bekanntmachung-v-12-05-2026-vergabe-von-gemeindlichen-wohnbaugrundstuecken/,200,https://www.gemeinde-merching.de/bekanntmachung-v-12-05-2026-vergabe-von-gemeindlichen-wohnbaugrundstuecken/,page,True,WXR numeric CPT links can be noncanonical/broken; use live navigation and managed downloads
10791,attachment,Friedhofs- und Bestattungssatzung ab 01.01.2027 Homepage,https://www.gemeinde-merching.de/wp-content/uploads/2026/07/Friedhofs-und-Bestattungssatzung-ab-01.01.2027-Homepage.pdf,https://www.gemeinde-merching.de/wp-content/uploads/2026/07/Friedhofs-und-Bestattungssatzung-ab-01.01.2027-Homepage.pdf,206,,PDF,True,Attachment exposure requires public context; inherit is not publication permission
10580,attachment,Grabmann-klein,https://www.gemeinde-merching.de/wp-content/uploads/2026/05/Grabmann-klein.jpg,https://www.gemeinde-merching.de/wp-content/uploads/2026/05/Grabmann-klein.jpg,206,,image,True,Attachment exposure requires public context; inherit is not publication permission
10581,attachment,Lang-klein,https://www.gemeinde-merching.de/wp-content/uploads/2026/05/Lang-klein.jpg,https://www.gemeinde-merching.de/wp-content/uploads/2026/05/Lang-klein.jpg,206,,image,True,Attachment exposure requires public context; inherit is not publication permission
10588,attachment,Helmut-Luichtl-klein,https://www.gemeinde-merching.de/wp-content/uploads/2026/05/Helmut-Luichtl-klein.jpg,https://www.gemeinde-merching.de/wp-content/uploads/2026/05/Helmut-Luichtl-klein.jpg,206,,image,True,Attachment exposure requires public context; inherit is not publication permission
10656,attachment,Luichtl-Tobias-klein,https://www.gemeinde-merching.de/wp-content/uploads/2026/05/Luichtl-Tobias-klein.jpg,https://www.gemeinde-merching.de/wp-content/uploads/2026/05/Luichtl-Tobias-klein.jpg,206,,image,True,Attachment exposure requires public context; inherit is not publication permission
10597,attachment,Pressemitteilung LRA Wettbewerb_Wir für's Wittelsbacher Land,https://www.gemeinde-merching.de/wp-content/uploads/2026/05/Pressemitteilung-LRA-Wettbewerb_Wir-fuers-Wittelsbacher-Land.pdf,https://www.gemeinde-merching.de/wp-content/uploads/2026/05/Pressemitteilung-LRA-Wettbewerb_Wir-fuers-Wittelsbacher-Land.pdf,206,,PDF,True,Attachment exposure requires public context; inherit is not publication permission
10605,attachment,Flyer SR 2026_AIC-FDB_klein,https://www.gemeinde-merching.de/wp-content/uploads/2026/05/Flyer-SR-2026_AIC-FDB_klein.pdf,https://www.gemeinde-merching.de/wp-content/uploads/2026/05/Flyer-SR-2026_AIC-FDB_klein.pdf,206,,PDF,True,Attachment exposure requires public context; inherit is not publication permission
10657,attachment,Ulrich-Kirstin-klein,https://www.gemeinde-merching.de/wp-content/uploads/2026/05/Ulrich-Kirstin-klein.jpg,https://www.gemeinde-merching.de/wp-content/uploads/2026/05/Ulrich-Kirstin-klein.jpg,206,,image,True,Attachment exposure requires public context; inherit is not publication permission
10649,attachment,Mueller-Martin-klein,https://www.gemeinde-merching.de/wp-content/uploads/2026/05/Mueller-Martin-klein.jpg,https://www.gemeinde-merching.de/wp-content/uploads/2026/05/Mueller-Martin-klein.jpg,206,,image,True,Attachment exposure requires public context; inherit is not publication permission
10650,attachment,Uthe-Tina-klein,https://www.gemeinde-merching.de/wp-content/uploads/2026/05/Uthe-Tina-klein.jpg,https://www.gemeinde-merching.de/wp-content/uploads/2026/05/Uthe-Tina-klein.jpg,206,,image,True,Attachment exposure requires public context; inherit is not publication permission
10624,wpdmpro,Satzung zur Regelung von Fragen des örtlichen Gemeindeverfassungsrechts vom 19.05.2026,https://www.gemeinde-merching.de/download/satzung-zur-regelung-von-fragen-des-oertlichen-gemeindeverfassungsrechts/,https://www.gemeinde-merching.de/download/satzung-zur-regelung-von-fragen-des-oertlichen-gemeindeverfassungsrechts/,200,https://www.gemeinde-merching.de/download/satzung-zur-regelung-von-fragen-des-oertlichen-gemeindeverfassungsrechts/,page,True,WXR numeric CPT links can be noncanonical/broken; use live navigation and managed downloads
10625,attachment,Satzung Gemeideverfassunsrechts Homepage,https://www.gemeinde-merching.de/wp-content/uploads/2026/05/Satzung-Gemeideverfassunsrechts-Homepage.pdf,https://www.gemeinde-merching.de/wp-content/uploads/2026/05/Satzung-Gemeideverfassunsrechts-Homepage.pdf,206,,PDF,True,Attachment exposure requires public context; inherit is not publication permission
10798,post,Gebührensatzung zur Friedhofs- und Bestattungssatzung ab 01.01.2027,https://www.gemeinde-merching.de/gebuehrensatzung-zur-friedhofs-und-bestattungssatzung-ab-01-01-2027/,https://www.gemeinde-merching.de/gebuehrensatzung-zur-friedhofs-und-bestattungssatzung-ab-01-01-2027/,200,https://www.gemeinde-merching.de/gebuehrensatzung-zur-friedhofs-und-bestattungssatzung-ab-01-01-2027/,page,True,WXR numeric CPT links can be noncanonical/broken; use live navigation and managed downloads
10839,attachment,Friedhofs- und Bestattungssatzung ab 01.01.2027 Homepage,https://www.gemeinde-merching.de/wp-content/uploads/2026/07/Friedhofs-und-Bestattungssatzung-ab-01.01.2027-Homepage-2.pdf,https://www.gemeinde-merching.de/wp-content/uploads/2026/07/Friedhofs-und-Bestattungssatzung-ab-01.01.2027-Homepage-2.pdf,206,,PDF,True,Attachment exposure requires public context; inherit is not publication permission
10630,attachment,Bekanntmachung_Satzung Gemeindeverfassungsrechts_Homepage,https://www.gemeinde-merching.de/wp-content/uploads/2026/05/Bekanntmachung_Satzung-Gemeindeverfassungsrechts_Homepage.pdf,https://www.gemeinde-merching.de/wp-content/uploads/2026/05/Bekanntmachung_Satzung-Gemeindeverfassungsrechts_Homepage.pdf,206,,PDF,True,Attachment exposure requires public context; inherit is not publication permission
10639,attachment,Dittebrand-Martin-klein,https://www.gemeinde-merching.de/wp-content/uploads/2026/05/Dittebrand-Martin-klein.jpg,https://www.gemeinde-merching.de/wp-content/uploads/2026/05/Dittebrand-Martin-klein.jpg,206,,image,True,Attachment exposure requires public context; inherit is not publication permission
10653,attachment,Mayr-Thomas-klein,https://www.gemeinde-merching.de/wp-content/uploads/2026/05/Mayr-Thomas-klein.jpg,https://www.gemeinde-merching.de/wp-content/uploads/2026/05/Mayr-Thomas-klein.jpg,206,,image,True,Attachment exposure requires public context; inherit is not publication permission
10641,attachment,Schwarz-Thomas-klein,https://www.gemeinde-merching.de/wp-content/uploads/2026/05/Schwarz-Thomas-klein.jpg,https://www.gemeinde-merching.de/wp-content/uploads/2026/05/Schwarz-Thomas-klein.jpg,206,,image,True,Attachment exposure requires public context; inherit is not publication permission
10642,attachment,Teifelhart-Wolfgang-klein,https://www.gemeinde-merching.de/wp-content/uploads/2026/05/Teifelhart-Wolfgang-klein.jpg,https://www.gemeinde-merching.de/wp-content/uploads/2026/05/Teifelhart-Wolfgang-klein.jpg,206,,image,True,Attachment exposure requires public context; inherit is not publication permission
10796,post,Friedhofs- und Bestattungssatzung ab 01.01.2027,https://www.gemeinde-merching.de/friedhofs-und-bestattungssatzung-ab-01-01-2027/,https://www.gemeinde-merching.de/friedhofs-und-bestattungssatzung-ab-01-01-2027/,200,https://www.gemeinde-merching.de/friedhofs-und-bestattungssatzung-ab-01-01-2027/,page,True,WXR numeric CPT links can be noncanonical/broken; use live navigation and managed downloads
10645,attachment,Bekanntmachung_Geschäftsordnung_Homepage,https://www.gemeinde-merching.de/wp-content/uploads/2026/05/Bekanntmachung_Geschaeftsordnung_Homepage.pdf,https://www.gemeinde-merching.de/wp-content/uploads/2026/05/Bekanntmachung_Geschaeftsordnung_Homepage.pdf,206,,PDF,True,Attachment exposure requires public context; inherit is not publication permission
10794,attachment,Bestattungsgebührensatzung ab 01.01.2027 _Homepage,https://www.gemeinde-merching.de/wp-content/uploads/2026/07/Bestattungsgebuehrensatzung-ab-01.01.2027-_Homepage.pdf,https://www.gemeinde-merching.de/wp-content/uploads/2026/07/Bestattungsgebuehrensatzung-ab-01.01.2027-_Homepage.pdf,206,,PDF,True,Attachment exposure requires public context; inherit is not publication permission
10662,post,Pressemitteilung Finanzamt Augsburg Land - Erinnerung an Steuervorauszahlung,https://www.gemeinde-merching.de/pressemitteilung-finanzamt-augsburg-land-erinnerung-an-steuervorauszahlung/,https://www.gemeinde-merching.de/pressemitteilung-finanzamt-augsburg-land-erinnerung-an-steuervorauszahlung/,200,https://www.gemeinde-merching.de/pressemitteilung-finanzamt-augsburg-land-erinnerung-an-steuervorauszahlung/,page,True,WXR numeric CPT links can be noncanonical/broken; use live navigation and managed downloads
10663,attachment,Kurzversion_Erinnerung an Steuervorauszahlung.docx,https://www.gemeinde-merching.de/wp-content/uploads/2026/05/Kurzversion_Erinnerung-an-Steuervorauszahlung.docx.pdf,https://www.gemeinde-merching.de/wp-content/uploads/2026/05/Kurzversion_Erinnerung-an-Steuervorauszahlung.docx.pdf,206,,PDF,True,Attachment exposure requires public context; inherit is not publication permission
10669,attachment,Kobarschik-Jochen-kl,https://www.gemeinde-merching.de/wp-content/uploads/2026/05/Kobarschik-Jochen-kl.jpg,https://www.gemeinde-merching.de/wp-content/uploads/2026/05/Kobarschik-Jochen-kl.jpg,206,,image,True,Attachment exposure requires public context; inherit is not publication permission
10754,post,Einführung des Wassercents in Bayern,https://www.gemeinde-merching.de/einfuehrung-des-wassercents-in-bayern/,https://www.gemeinde-merching.de/einfuehrung-des-wassercents-in-bayern/,200,https://www.gemeinde-merching.de/einfuehrung-des-wassercents-in-bayern/,page,True,WXR numeric CPT links can be noncanonical/broken; use live navigation and managed downloads
10757,attachment,20260623_Tonnenleerung ab 5 Uhr wegen Hitze,https://www.gemeinde-merching.de/wp-content/uploads/2026/06/20260623_Tonnenleerung-ab-5-Uhr-wegen-Hitze.pdf,https://www.gemeinde-merching.de/wp-content/uploads/2026/06/20260623_Tonnenleerung-ab-5-Uhr-wegen-Hitze.pdf,206,,PDF,True,Attachment exposure requires public context; inherit is not publication permission
10677,attachment,logo-quadratisch,https://www.gemeinde-merching.de/wp-content/uploads/2026/05/logo-quadratisch.png,https://www.gemeinde-merching.de/wp-content/uploads/2026/05/logo-quadratisch.png,206,,image,True,Attachment exposure requires public context; inherit is not publication permission
10845,attachment,20260825_Urlaub trotz Pflege,https://www.gemeinde-merching.de/wp-content/uploads/2026/08/20260825_Urlaub-trotz-Pflege.pdf,https://www.gemeinde-merching.de/wp-content/uploads/2026/08/20260825_Urlaub-trotz-Pflege.pdf,206,,PDF,True,Attachment exposure requires public context; inherit is not publication permission
10848,post,Fachstelle f. pflegende Angehörige - Tageskurs für ehrenamtlich tätige Einzelperson am 27.10.2026 in Aichach,https://www.gemeinde-merching.de/fachstelle-f-pflegende-angehoerige-tageskurs-fuer-ehrenamtlich-taetige-einzelperson-am-27-10-2026-in-aichach/,https://www.gemeinde-merching.de/fachstelle-f-pflegende-angehoerige-tageskurs-fuer-ehrenamtlich-taetige-einzelperson-am-27-10-2026-in-aichach/,200,https://www.gemeinde-merching.de/fachstelle-f-pflegende-angehoerige-tageskurs-fuer-ehrenamtlich-taetige-einzelperson-am-27-10-2026-in-aichach/,page,True,WXR numeric CPT links can be noncanonical/broken; use live navigation and managed downloads
10762,attachment,20260625_Badeseen_Beprobung LRA 25.06.2026,https://www.gemeinde-merching.de/wp-content/uploads/2026/06/20260625_Badeseen_Beprobung-LRA-25.06.2026.pdf,https://www.gemeinde-merching.de/wp-content/uploads/2026/06/20260625_Badeseen_Beprobung-LRA-25.06.2026.pdf,206,,PDF,True,Attachment exposure requires public context; inherit is not publication permission
10681,attachment,logo-quadratisch,https://www.gemeinde-merching.de/wp-content/uploads/2026/05/logo-quadratisch-1.png,https://www.gemeinde-merching.de/wp-content/uploads/2026/05/logo-quadratisch-1.png,206,,image,True,Attachment exposure requires public context; inherit is not publication permission
10683,wpdmpro,Geschäftsordnung ab Mai 2026,https://www.gemeinde-merching.de/download/geschaeftsordnung-ab-mai-2026/,https://www.gemeinde-merching.de/download/geschaeftsordnung-ab-mai-2026/,200,https://www.gemeinde-merching.de/download/geschaeftsordnung-ab-mai-2026/,page,True,WXR numeric CPT links can be noncanonical/broken; use live navigation and managed downloads
10684,attachment,Geschaeftsordnung_Homepage_ab Mai_2026,https://www.gemeinde-merching.de/wp-content/uploads/2026/05/Geschaeftsordnung_Homepage_ab-Mai_2026-.pdf,https://www.gemeinde-merching.de/wp-content/uploads/2026/05/Geschaeftsordnung_Homepage_ab-Mai_2026-.pdf,206,,PDF,True,Attachment exposure requires public context; inherit is not publication permission
10867,post,Pressemitteilung: Region wehrt sich gegen geplante Ausdünnung des Regionalverkehrs zwischen Augsburg und München,https://www.gemeinde-merching.de/pressemitteilung-region-wehrt-sich-gegen-geplante-ausduennung-des-regionalverkehrs-zwischen-augsburg-und-muenchen/,https://www.gemeinde-merching.de/pressemitteilung-region-wehrt-sich-gegen-geplante-ausduennung-des-regionalverkehrs-zwischen-augsburg-und-muenchen/,200,https://www.gemeinde-merching.de/pressemitteilung-region-wehrt-sich-gegen-geplante-ausduennung-des-regionalverkehrs-zwischen-augsburg-und-muenchen/,page,True,WXR numeric CPT links can be noncanonical/broken; use live navigation and managed downloads
10844,post,Urlaub trotz Pflege,https://www.gemeinde-merching.de/urlaub-trotz-pflege/,https://www.gemeinde-merching.de/urlaub-trotz-pflege/,200,https://www.gemeinde-merching.de/urlaub-trotz-pflege/,page,True,WXR numeric CPT links can be noncanonical/broken; use live navigation and managed downloads
10710,attachment,Juergens-Friedrich-kl,https://www.gemeinde-merching.de/wp-content/uploads/2026/06/Juergens-Friedrich-kl.jpg,https://www.gemeinde-merching.de/wp-content/uploads/2026/06/Juergens-Friedrich-kl.jpg,206,,image,True,Attachment exposure requires public context; inherit is not publication permission
10714,attachment,Bekanntmachung Schließung Rathaus 01.07. bis 03.07.2026,https://www.gemeinde-merching.de/wp-content/uploads/2026/06/Bekanntmachung-Schliessung-Rathaus-01.07.-bis-03.07.2026.pdf,https://www.gemeinde-merching.de/wp-content/uploads/2026/06/Bekanntmachung-Schliessung-Rathaus-01.07.-bis-03.07.2026.pdf,206,,PDF,True,Attachment exposure requires public context; inherit is not publication permission
10722,attachment,Waitzmann-Bernd-kl,https://www.gemeinde-merching.de/wp-content/uploads/2026/06/Waitzmann-Bernd-kl.jpg,https://www.gemeinde-merching.de/wp-content/uploads/2026/06/Waitzmann-Bernd-kl.jpg,206,,image,True,Attachment exposure requires public context; inherit is not publication permission
10723,attachment,Scheibenbogen-Monika-kl,https://www.gemeinde-merching.de/wp-content/uploads/2026/06/Scheibenbogen-Monika-kl.jpg,https://www.gemeinde-merching.de/wp-content/uploads/2026/06/Scheibenbogen-Monika-kl.jpg,206,,image,True,Attachment exposure requires public context; inherit is not publication permission
10724,attachment,Eckmann-Christian-kl,https://www.gemeinde-merching.de/wp-content/uploads/2026/06/Eckmann-Christian-kl.jpg,https://www.gemeinde-merching.de/wp-content/uploads/2026/06/Eckmann-Christian-kl.jpg,206,,image,True,Attachment exposure requires public context; inherit is not publication permission
10725,attachment,Wecker-Martin-kl,https://www.gemeinde-merching.de/wp-content/uploads/2026/06/Wecker-Martin-kl.jpg,https://www.gemeinde-merching.de/wp-content/uploads/2026/06/Wecker-Martin-kl.jpg,206,,image,True,Attachment exposure requires public context; inherit is not publication permission
10726,attachment,Failer-Christian-kl,https://www.gemeinde-merching.de/wp-content/uploads/2026/06/Failer-Christian-kl.jpg,https://www.gemeinde-merching.de/wp-content/uploads/2026/06/Failer-Christian-kl.jpg,206,,image,True,Attachment exposure requires public context; inherit is not publication permission
10727,attachment,Storch-Markus-kl,https://www.gemeinde-merching.de/wp-content/uploads/2026/06/Storch-Markus-kl.jpg,https://www.gemeinde-merching.de/wp-content/uploads/2026/06/Storch-Markus-kl.jpg,206,,image,True,Attachment exposure requires public context; inherit is not publication permission
10735,attachment,Bekanntmachung Verbandsversammlung-24.06.2026,https://www.gemeinde-merching.de/wp-content/uploads/2026/06/Bekanntmachung-Verbandsversammlung-24.06.2026.pdf,https://www.gemeinde-merching.de/wp-content/uploads/2026/06/Bekanntmachung-Verbandsversammlung-24.06.2026.pdf,206,,PDF,True,Attachment exposure requires public context; inherit is not publication permission
10931,post,"Unterstützung für Menschen mit Pfegebedarf - Tagesschulung zur ""Ehrenamtlich tätigen Einzelperson""",https://www.gemeinde-merching.de/unterstuetzung-fuer-menschen-mit-pfegebedarf-tagesschulung-zur-ehrenamtlich-taetigen-einzelperson/,https://www.gemeinde-merching.de/unterstuetzung-fuer-menschen-mit-pfegebedarf-tagesschulung-zur-ehrenamtlich-taetigen-einzelperson/,200,https://www.gemeinde-merching.de/unterstuetzung-fuer-menschen-mit-pfegebedarf-tagesschulung-zur-ehrenamtlich-taetigen-einzelperson/,page,True,WXR numeric CPT links can be noncanonical/broken; use live navigation and managed downloads
10932,attachment,20260924_Tagesschulung Ehrenamtlich tätige Einzelperson,https://www.gemeinde-merching.de/wp-content/uploads/2026/10/20260924_Tagesschulung-Ehrenamtlich-taetige-Einzelperson.pdf,https://www.gemeinde-merching.de/wp-content/uploads/2026/10/20260924_Tagesschulung-Ehrenamtlich-taetige-Einzelperson.pdf,206,,PDF,True,Attachment exposure requires public context; inherit is not publication permission
10737,wpdmpro,Bekanntmachung Einladung Verbandsversammlung Adelburggruppe 24.06.2026,https://www.gemeinde-merching.de/download/bekanntmachung-einladung-verbandsversammlung-adelburggruppe-24-06-2026/,https://www.gemeinde-merching.de/download/bekanntmachung-einladung-verbandsversammlung-adelburggruppe-24-06-2026/,200,https://www.gemeinde-merching.de/download/bekanntmachung-einladung-verbandsversammlung-adelburggruppe-24-06-2026/,page,True,WXR numeric CPT links can be noncanonical/broken; use live navigation and managed downloads
10738,attachment,Bekanntmachung Verbandsversammlung-24.06.2026,https://www.gemeinde-merching.de/wp-content/uploads/2026/06/Bekanntmachung-Verbandsversammlung-24.06.2026-1.pdf,https://www.gemeinde-merching.de/wp-content/uploads/2026/06/Bekanntmachung-Verbandsversammlung-24.06.2026-1.pdf,206,,PDF,True,Attachment exposure requires public context; inherit is not publication permission
10785,wpdmpro,Bekanntmachung Friedhofs- und Bestattungssatzung ab 01.01.2027,https://www.gemeinde-merching.de/download/bekanntmachung-friedhofs-und-bestattungssatzung-ab-01-01-2027/,https://www.gemeinde-merching.de/download/bekanntmachung-friedhofs-und-bestattungssatzung-ab-01-01-2027/,200,https://www.gemeinde-merching.de/download/bekanntmachung-friedhofs-und-bestattungssatzung-ab-01-01-2027/,page,True,WXR numeric CPT links can be noncanonical/broken; use live navigation and managed downloads
10741,wpdmpro,Rechtsverordnung über die Zulassung des Betriebs von Autowaschanlagen an Sonn- und Feiertagen,https://www.gemeinde-merching.de/download/rechtsverordnung-ueber-die-zulassung-des-betriebs-von-autowaschanlagen-an-sonn-und-feiertagen/,https://www.gemeinde-merching.de/download/rechtsverordnung-ueber-die-zulassung-des-betriebs-von-autowaschanlagen-an-sonn-und-feiertagen/,200,https://www.gemeinde-merching.de/download/rechtsverordnung-ueber-die-zulassung-des-betriebs-von-autowaschanlagen-an-sonn-und-feiertagen/,page,True,WXR numeric CPT links can be noncanonical/broken; use live navigation and managed downloads
10742,attachment,Rechtsverordnung über die Zulassung des Betriebs von Autowaschanlagen an Sonn- und Feiertagen,https://www.gemeinde-merching.de/wp-content/uploads/2026/06/Rechtsverordnung-ueber-die-Zulassung-des-Betriebs-von-Autowaschanlagen-an-Sonn-und-Feiertagen.pdf,https://www.gemeinde-merching.de/wp-content/uploads/2026/06/Rechtsverordnung-ueber-die-Zulassung-des-Betriebs-von-Autowaschanlagen-an-Sonn-und-Feiertagen.pdf,206,,PDF,True,Attachment exposure requires public context; inherit is not publication permission
10849,attachment,Kurs ehrenamtlich tätige Einzelperson 27.10.2026 LRA_Flyer,https://www.gemeinde-merching.de/wp-content/uploads/2026/09/Kurs-ehrenamtlich-taetige-Einzelperson-27.10.2026-LRA_Flyer.pdf,https://www.gemeinde-merching.de/wp-content/uploads/2026/09/Kurs-ehrenamtlich-taetige-Einzelperson-27.10.2026-LRA_Flyer.pdf,206,,PDF,True,Attachment exposure requires public context; inherit is not publication permission
10744,post,"Amtsblatt Landkreis Aichach-Friedberg 06/2026, Jahrgang 81",https://www.gemeinde-merching.de/amtsblatt-landkreis-aichach-friedberg-06-2026-jahrgang-81/,https://www.gemeinde-merching.de/amtsblatt-landkreis-aichach-friedberg-06-2026-jahrgang-81/,200,https://www.gemeinde-merching.de/amtsblatt-landkreis-aichach-friedberg-06-2026-jahrgang-81/,page,True,WXR numeric CPT links can be noncanonical/broken; use live navigation and managed downloads
10748,wpdmpro,Amtsblatt Landkreis Aichach-Friedberg vom 02.06.2026 m. Bekanntmachung Haushaltssatzung f.d. Haushalt 2026 des Zweckverband zur Wasserversorgung d. Adelburggruppe,https://www.gemeinde-merching.de/download/amtsblatt-landkreis-aichach-friedberg-vom-02-06-2026-m-bekanntmachung-haushaltssatzung-f-d-haushalt-2026-des-zweckverband-zur-wasserversorgung-d-adelburggruppe/,https://www.gemeinde-merching.de/download/amtsblatt-landkreis-aichach-friedberg-vom-02-06-2026-m-bekanntmachung-haushaltssatzung-f-d-haushalt-2026-des-zweckverband-zur-wasserversorgung-d-adelburggruppe/,200,https://www.gemeinde-merching.de/download/amtsblatt-landkreis-aichach-friedberg-vom-02-06-2026-m-bekanntmachung-haushaltssatzung-f-d-haushalt-2026-des-zweckverband-zur-wasserversorgung-d-adelburggruppe/,page,True,WXR numeric CPT links can be noncanonical/broken; use live navigation and managed downloads
10749,attachment,Amtsblatt-06-2026Jahrg.-81-Nr.-06,https://www.gemeinde-merching.de/wp-content/uploads/2026/06/Amtsblatt-06-2026Jahrg.-81-Nr.-06.pdf,https://www.gemeinde-merching.de/wp-content/uploads/2026/06/Amtsblatt-06-2026Jahrg.-81-Nr.-06.pdf,206,,PDF,True,Attachment exposure requires public context; inherit is not publication permission
10808,post,Blaualgen Tychonema am Mandichosee,https://www.gemeinde-merching.de/blaualgen-tychonema-am-mandichosee/,https://www.gemeinde-merching.de/blaualgen-tychonema-am-mandichosee/,200,https://www.gemeinde-merching.de/blaualgen-tychonema-am-mandichosee/,page,True,WXR numeric CPT links can be noncanonical/broken; use live navigation and managed downloads
10928,post,E-Rechnung im Verein: Online-Seminar des Landratsamtes informiert über neue Anforderungen,https://www.gemeinde-merching.de/e-rechnung-im-verein-online-seminar-des-landratsamtes-informiert-ueber-neue-anforderungen/,https://www.gemeinde-merching.de/e-rechnung-im-verein-online-seminar-des-landratsamtes-informiert-ueber-neue-anforderungen/,200,https://www.gemeinde-merching.de/e-rechnung-im-verein-online-seminar-des-landratsamtes-informiert-ueber-neue-anforderungen/,page,True,WXR numeric CPT links can be noncanonical/broken; use live navigation and managed downloads
10929,attachment,20260925_Vereinsforum E-Rechnung_Online Seminar LRA,https://www.gemeinde-merching.de/wp-content/uploads/2026/10/20260925_Vereinsforum-E-Rechnung_Online-Seminar-LRA.pdf,https://www.gemeinde-merching.de/wp-content/uploads/2026/10/20260925_Vereinsforum-E-Rechnung_Online-Seminar-LRA.pdf,206,,PDF,True,Attachment exposure requires public context; inherit is not publication permission
10940,post,DB InfraGO AG führt am 20.10.26 Bauarbeiten durch (Bf Kissing - Bf Augsburg Hbf u. Bf Mammendorf - Bf Mering),https://www.gemeinde-merching.de/db-infrago-ag-fuehrt-am-20-10-26-bauarbeiten-durch-bf-kissing-bf-augsburg-hbf-u-bf-mammendorf-bf-mering/,https://www.gemeinde-merching.de/db-infrago-ag-fuehrt-am-20-10-26-bauarbeiten-durch-bf-kissing-bf-augsburg-hbf-u-bf-mammendorf-bf-mering/,200,https://www.gemeinde-merching.de/db-infrago-ag-fuehrt-am-20-10-26-bauarbeiten-durch-bf-kissing-bf-augsburg-hbf-u-bf-mammendorf-bf-mering/,page,True,WXR numeric CPT links can be noncanonical/broken; use live navigation and managed downloads
10925,post,Fundsache,https://www.gemeinde-merching.de/fundsache-2/,https://www.gemeinde-merching.de/fundsache-2/,200,https://www.gemeinde-merching.de/fundsache-2/,page,True,WXR numeric CPT links can be noncanonical/broken; use live navigation and managed downloads
10826,post,"Fotowettbewerb ""Ein Herz für regionale Lebensmittel""",https://www.gemeinde-merching.de/fotowettbewerb-ein-herz-fuer-regionale-lebensmittel/,https://www.gemeinde-merching.de/fotowettbewerb-ein-herz-fuer-regionale-lebensmittel/,200,https://www.gemeinde-merching.de/fotowettbewerb-ein-herz-fuer-regionale-lebensmittel/,page,True,WXR numeric CPT links can be noncanonical/broken; use live navigation and managed downloads
10827,attachment,Sharepic_Ein Herz für regionale LM_1080x1920px,https://www.gemeinde-merching.de/wp-content/uploads/2026/08/Sharepic_Ein-Herz-fuer-regionale-LM_1080x1920px.jpg,https://www.gemeinde-merching.de/wp-content/uploads/2026/08/Sharepic_Ein-Herz-fuer-regionale-LM_1080x1920px.jpg,206,,image,True,Attachment exposure requires public context; inherit is not publication permission
10828,attachment,"Logo Amt f. Ernährung, Landwirtschaft und Forsten",https://www.gemeinde-merching.de/wp-content/uploads/2026/08/Logo-Amt-f.-Ernaehrung-Landwirtschaft-und-Forsten.jpg,https://www.gemeinde-merching.de/wp-content/uploads/2026/08/Logo-Amt-f.-Ernaehrung-Landwirtschaft-und-Forsten.jpg,206,,image,True,Attachment exposure requires public context; inherit is not publication permission
10833,post,Neue Termine für kostenlose Rückgabe von Pflanzenschutz-Verpackungen - Entsorgungssystem PAMIRA,https://www.gemeinde-merching.de/neue-termine-fuer-kostenlose-rueckgabe-von-pflanzenschutz-verpackungen-entsorgungssystem-pamira/,https://www.gemeinde-merching.de/neue-termine-fuer-kostenlose-rueckgabe-von-pflanzenschutz-verpackungen-entsorgungssystem-pamira/,200,https://www.gemeinde-merching.de/neue-termine-fuer-kostenlose-rueckgabe-von-pflanzenschutz-verpackungen-entsorgungssystem-pamira/,page,True,WXR numeric CPT links can be noncanonical/broken; use live navigation and managed downloads
10834,attachment,20260811_Pamira-Sammlung 2026,https://www.gemeinde-merching.de/wp-content/uploads/2026/08/20260811_Pamira-Sammlung-2026.pdf,https://www.gemeinde-merching.de/wp-content/uploads/2026/08/20260811_Pamira-Sammlung-2026.pdf,206,,PDF,True,Attachment exposure requires public context; inherit is not publication permission
10838,attachment,Friedhofs- und Bestattungssatzung ab 01.01.2027 Homepage,https://www.gemeinde-merching.de/wp-content/uploads/2026/07/Friedhofs-und-Bestattungssatzung-ab-01.01.2027-Homepage-1.pdf,https://www.gemeinde-merching.de/wp-content/uploads/2026/07/Friedhofs-und-Bestattungssatzung-ab-01.01.2027-Homepage-1.pdf,206,,PDF,True,Attachment exposure requires public context; inherit is not publication permission
10853,attachment,Plakat Tag der offenen Türen_Demenzwoche 2026,https://www.gemeinde-merching.de/wp-content/uploads/2026/09/Plakat-Tag-der-offenen-Tueren_Demenzwoche-2026.pdf,https://www.gemeinde-merching.de/wp-content/uploads/2026/09/Plakat-Tag-der-offenen-Tueren_Demenzwoche-2026.pdf,206,,PDF,True,Attachment exposure requires public context; inherit is not publication permission
10855,attachment,"Logo Bayer. Staatsministerium f. Gesundheit, Pflege u. Prävention",https://www.gemeinde-merching.de/wp-content/uploads/2026/09/Logo-Bayer.-Staatsministerium-f.-Gesundheit-Pflege-u.-Praevention.png,https://www.gemeinde-merching.de/wp-content/uploads/2026/09/Logo-Bayer.-Staatsministerium-f.-Gesundheit-Pflege-u.-Praevention.png,206,,image,True,Attachment exposure requires public context; inherit is not publication permission
10862,attachment,20260819 Badeseen Beprobung Tychonema,https://www.gemeinde-merching.de/wp-content/uploads/2026/09/20260819-Badeseen-Beprobung-Tychonema.pdf,https://www.gemeinde-merching.de/wp-content/uploads/2026/09/20260819-Badeseen-Beprobung-Tychonema.pdf,206,,PDF,True,Attachment exposure requires public context; inherit is not publication permission
10868,attachment,20260903_DB InfraGO Augsburg - München_Pressemitteilung LRA 09.2026,https://www.gemeinde-merching.de/wp-content/uploads/2026/09/20260903_DB-InfraGO-Augsburg-Muenchen_Pressemitteilung-LRA-09.2026.pdf,https://www.gemeinde-merching.de/wp-content/uploads/2026/09/20260903_DB-InfraGO-Augsburg-Muenchen_Pressemitteilung-LRA-09.2026.pdf,206,,PDF,True,Attachment exposure requires public context; inherit is not publication permission
10870,wpdmpro,Bodenrichtwerte ab 01.01.2026 für Merching,https://www.gemeinde-merching.de/download/bodenrichtwerte-ab-01-01-2026-fuer-merching/,https://www.gemeinde-merching.de/download/bodenrichtwerte-ab-01-01-2026-fuer-merching/,200,https://www.gemeinde-merching.de/download/bodenrichtwerte-ab-01-01-2026-fuer-merching/,page,True,WXR numeric CPT links can be noncanonical/broken; use live navigation and managed downloads
10871,attachment,Merching Bodenrichtwerte 2026,https://www.gemeinde-merching.de/wp-content/uploads/2026/09/Merching-Bodenrichtwerte-2026.pdf,https://www.gemeinde-merching.de/wp-content/uploads/2026/09/Merching-Bodenrichtwerte-2026.pdf,206,,PDF,True,Attachment exposure requires public context; inherit is not publication permission
10872,wpdmpro,Bodenrichtwerte ab 01.01.2026 für Steinach und Hochdorf,https://www.gemeinde-merching.de/download/bodenrichtwerte-ab-01-01-2026-fuer-steinach-und-hochdorf/,https://www.gemeinde-merching.de/download/bodenrichtwerte-ab-01-01-2026-fuer-steinach-und-hochdorf/,200,https://www.gemeinde-merching.de/download/bodenrichtwerte-ab-01-01-2026-fuer-steinach-und-hochdorf/,page,True,WXR numeric CPT links can be noncanonical/broken; use live navigation and managed downloads
10873,attachment,Steinach + Hochdorf Bodenrichtwerte 2026,https://www.gemeinde-merching.de/wp-content/uploads/2026/09/Steinach-Hochdorf-Bodenrichtwerte-2026.pdf,https://www.gemeinde-merching.de/wp-content/uploads/2026/09/Steinach-Hochdorf-Bodenrichtwerte-2026.pdf,206,,PDF,True,Attachment exposure requires public context; inherit is not publication permission
10874,wpdmpro,Bodenrichtwerte f. landwirtschaftliche Flächen ab 01.01.2026,https://www.gemeinde-merching.de/download/bodenrichtwerte-f-landwirtschaftliche-flaechen-ab-01-01-2026/,https://www.gemeinde-merching.de/download/bodenrichtwerte-f-landwirtschaftliche-flaechen-ab-01-01-2026/,200,https://www.gemeinde-merching.de/download/bodenrichtwerte-f-landwirtschaftliche-flaechen-ab-01-01-2026/,page,True,WXR numeric CPT links can be noncanonical/broken; use live navigation and managed downloads
10875,attachment,landwirtschaftliche Flächen Bodenrichtwerte 2026,https://www.gemeinde-merching.de/wp-content/uploads/2026/09/landwirtschaftliche-Flaechen-Bodenrichtwerte-2026.pdf,https://www.gemeinde-merching.de/wp-content/uploads/2026/09/landwirtschaftliche-Flaechen-Bodenrichtwerte-2026.pdf,206,,PDF,True,Attachment exposure requires public context; inherit is not publication permission
10876,post,Bodenrichtwerte ab 01.01.2026,https://www.gemeinde-merching.de/bodenrichtwerte-ab-01-01-2026/,https://www.gemeinde-merching.de/bodenrichtwerte-ab-01-01-2026/,200,https://www.gemeinde-merching.de/bodenrichtwerte-ab-01-01-2026/,page,True,WXR numeric CPT links can be noncanonical/broken; use live navigation and managed downloads
10885,attachment,20260908_Warntag,https://www.gemeinde-merching.de/wp-content/uploads/2026/09/20260908_Warntag.pdf,https://www.gemeinde-merching.de/wp-content/uploads/2026/09/20260908_Warntag.pdf,206,,PDF,True,Attachment exposure requires public context; inherit is not publication permission
10887,post,Pressemitteilung Landratsamt Aichach-Friedberg: Tychonema in mehreren Badeseen nachgewiesen,https://www.gemeinde-merching.de/pressemitteilung-landratsamt-aichach-friedberg-tychonema-in-mehreren-badeseen-nachgewiesen/,https://www.gemeinde-merching.de/pressemitteilung-landratsamt-aichach-friedberg-tychonema-in-mehreren-badeseen-nachgewiesen/,200,https://www.gemeinde-merching.de/pressemitteilung-landratsamt-aichach-friedberg-tychonema-in-mehreren-badeseen-nachgewiesen/,page,True,WXR numeric CPT links can be noncanonical/broken; use live navigation and managed downloads
10888,attachment,20260909_Badeseenbeprobung,https://www.gemeinde-merching.de/wp-content/uploads/2026/09/20260909_Badeseenbeprobung.pdf,https://www.gemeinde-merching.de/wp-content/uploads/2026/09/20260909_Badeseenbeprobung.pdf,206,,PDF,True,Attachment exposure requires public context; inherit is not publication permission
10890,post,Suizidprävention - Pressemitteilung Landratsamt Aichach-Friedberg,https://www.gemeinde-merching.de/suizidpraevention-pressemitteilung-landratsamt-aichach-friedberg/,https://www.gemeinde-merching.de/suizidpraevention-pressemitteilung-landratsamt-aichach-friedberg/,200,https://www.gemeinde-merching.de/suizidpraevention-pressemitteilung-landratsamt-aichach-friedberg/,page,True,WXR numeric CPT links can be noncanonical/broken; use live navigation and managed downloads
10891,attachment,20260910_Welttag Suizidprävention,https://www.gemeinde-merching.de/wp-content/uploads/2026/09/20260910_Welttag-Suizidpraevention.docx,https://www.gemeinde-merching.de/wp-content/uploads/2026/09/20260910_Welttag-Suizidpraevention.docx,206,,sitemap/xml,True,Attachment exposure requires public context; inherit is not publication permission
10896,post,Pressemitteilung Landratsamt Aichach-Friedberg: Blaualgen im Uferbereich des Auensees bei Kissing,https://www.gemeinde-merching.de/pressemitteilung-landratsamt-aichach-friedberg-blaualgen-im-uferbereich-des-auensees-bei-kissing/,https://www.gemeinde-merching.de/pressemitteilung-landratsamt-aichach-friedberg-blaualgen-im-uferbereich-des-auensees-bei-kissing/,200,https://www.gemeinde-merching.de/pressemitteilung-landratsamt-aichach-friedberg-blaualgen-im-uferbereich-des-auensees-bei-kissing/,page,True,WXR numeric CPT links can be noncanonical/broken; use live navigation and managed downloads
10897,attachment,20260915_Blaualgen Auensee Kissing (003),https://www.gemeinde-merching.de/wp-content/uploads/2026/09/20260915_Blaualgen-Auensee-Kissing-003.pdf,https://www.gemeinde-merching.de/wp-content/uploads/2026/09/20260915_Blaualgen-Auensee-Kissing-003.pdf,206,,PDF,True,Attachment exposure requires public context; inherit is not publication permission
10900,attachment,PRESSEMITTEILUNG Nachhaltigkeitstag 18.09.2026 Infos über das Programm,https://www.gemeinde-merching.de/wp-content/uploads/2026/09/PRESSEMITTEILUNG-Nachhaltigkeitstag-18.09.2026-Infos-ueber-das-Programm.pdf,https://www.gemeinde-merching.de/wp-content/uploads/2026/09/PRESSEMITTEILUNG-Nachhaltigkeitstag-18.09.2026-Infos-ueber-das-Programm.pdf,206,,PDF,True,Attachment exposure requires public context; inherit is not publication permission
10904,attachment,3. PM triathlon.de CUP Königsbrunn - Sperrungen & Anwohnerinformationen,https://www.gemeinde-merching.de/wp-content/uploads/2026/09/3.-PM-triathlon.de-CUP-Koenigsbrunn-Sperrungen-Anwohnerinformationen.pdf,https://www.gemeinde-merching.de/wp-content/uploads/2026/09/3.-PM-triathlon.de-CUP-Koenigsbrunn-Sperrungen-Anwohnerinformationen.pdf,206,,PDF,True,Attachment exposure requires public context; inherit is not publication permission
10906,attachment,TRICUP_KOEB_Flyer_Anwohner_2026-08-21,https://www.gemeinde-merching.de/wp-content/uploads/2026/09/TRICUP_KOEB_Flyer_Anwohner_2026-08-21.pdf,https://www.gemeinde-merching.de/wp-content/uploads/2026/09/TRICUP_KOEB_Flyer_Anwohner_2026-08-21.pdf,206,,PDF,True,Attachment exposure requires public context; inherit is not publication permission
10909,attachment,Triathlon,https://www.gemeinde-merching.de/wp-content/uploads/2026/09/Triathlon.png,https://www.gemeinde-merching.de/wp-content/uploads/2026/09/Triathlon.png,206,,image,True,Attachment exposure requires public context; inherit is not publication permission
10914,post,Fundfahrrad,https://www.gemeinde-merching.de/fundfahrrad/,https://www.gemeinde-merching.de/fundfahrrad/,200,https://www.gemeinde-merching.de/fundfahrrad/,page,True,WXR numeric CPT links can be noncanonical/broken; use live navigation and managed downloads
10917,post,Übernahme Papiertonne v. REMONDIS durch den Landkreis - Erfassung der Tonnen in Merching ab 19.10.2026,https://www.gemeinde-merching.de/10917-2/,https://www.gemeinde-merching.de/10917-2/,200,https://www.gemeinde-merching.de/10917-2/,page,True,WXR numeric CPT links can be noncanonical/broken; use live navigation and managed downloads
10918,attachment,20260915_Übernahme Papiertonne durch den Landkreis_Pressemitteilung LRA,https://www.gemeinde-merching.de/wp-content/uploads/2026/09/20260915_Uebernahme-Papiertonne-durch-den-Landkreis_Pressemitteilung-LRA.pdf,https://www.gemeinde-merching.de/wp-content/uploads/2026/09/20260915_Uebernahme-Papiertonne-durch-den-Landkreis_Pressemitteilung-LRA.pdf,206,,PDF,True,Attachment exposure requires public context; inherit is not publication permission
10938,post,Vollsperrung der Steinacher Straße 07.10.2026 - 31.10.2026,https://www.gemeinde-merching.de/vollsperrung-der-steinacher-strasse-07-10-2026-31-10-2026/,https://www.gemeinde-merching.de/vollsperrung-der-steinacher-strasse-07-10-2026-31-10-2026/,200,https://www.gemeinde-merching.de/vollsperrung-der-steinacher-strasse-07-10-2026-31-10-2026/,page,True,WXR numeric CPT links can be noncanonical/broken; use live navigation and managed downloads
10942,post,DB InfraGO AG führt am 13.10. u. 14.10.26 Bauarbeiten durch (Bf Mering - Bf Egling),https://www.gemeinde-merching.de/db-infrago-ag-fuehrt-am-13-10-u-14-10-26-bauarbeiten-durch-bf-mering-bf-egling/,https://www.gemeinde-merching.de/db-infrago-ag-fuehrt-am-13-10-u-14-10-26-bauarbeiten-durch-bf-mering-bf-egling/,200,https://www.gemeinde-merching.de/db-infrago-ag-fuehrt-am-13-10-u-14-10-26-bauarbeiten-durch-bf-mering-bf-egling/,page,True,WXR numeric CPT links can be noncanonical/broken; use live navigation and managed downloads
10944,post,Workshop Freiwilligenagentur: Wie gewinnen wir neue Freiwillige? Alle im Blick - Ehrenamt neu gestalten,https://www.gemeinde-merching.de/workshop-freiwilligenagentur-wie-gewinnen-wir-neue-freiwillige-alle-im-blick-ehrenamt-neu-gestalten/,https://www.gemeinde-merching.de/workshop-freiwilligenagentur-wie-gewinnen-wir-neue-freiwillige-alle-im-blick-ehrenamt-neu-gestalten/,200,https://www.gemeinde-merching.de/workshop-freiwilligenagentur-wie-gewinnen-wir-neue-freiwillige-alle-im-blick-ehrenamt-neu-gestalten/,page,True,WXR numeric CPT links can be noncanonical/broken; use live navigation and managed downloads
10945,attachment,20260918_Workshop_Alle im Blick Ehrenamt neu gestalten,https://www.gemeinde-merching.de/wp-content/uploads/2026/10/20260918_Workshop_Alle-im-Blick-Ehrenamt-neu-gestalten.pdf,https://www.gemeinde-merching.de/wp-content/uploads/2026/10/20260918_Workshop_Alle-im-Blick-Ehrenamt-neu-gestalten.pdf,206,,PDF,True,Attachment exposure requires public context; inherit is not publication permission
10947,post,Veranstaltung Landratsamt Aichach-Friedberg: Ratschen über Photovoltaik - SolarTreffs in verschiedenen Gemeinden,https://www.gemeinde-merching.de/veranstaltung-landratsamt-aichach-friedberg-ratschen-ueber-photovoltaik-solartreffs-in-verschiedenen-gemeinden/,https://www.gemeinde-merching.de/veranstaltung-landratsamt-aichach-friedberg-ratschen-ueber-photovoltaik-solartreffs-in-verschiedenen-gemeinden/,200,https://www.gemeinde-merching.de/veranstaltung-landratsamt-aichach-friedberg-ratschen-ueber-photovoltaik-solartreffs-in-verschiedenen-gemeinden/,page,True,WXR numeric CPT links can be noncanonical/broken; use live navigation and managed downloads
10948,attachment,20260928_Vorlage PM_mehrere SolarTreffs,https://www.gemeinde-merching.de/wp-content/uploads/2026/10/20260928_Vorlage-PM_mehrere-SolarTreffs.pdf,https://www.gemeinde-merching.de/wp-content/uploads/2026/10/20260928_Vorlage-PM_mehrere-SolarTreffs.pdf,206,,PDF,True,Attachment exposure requires public context; inherit is not publication permission
10952,post,Vollsperrung Bahnübergang zwischen Brunnen und St. 2052 im Zeitraum vom 13.10.2026 - 15.10.2026,https://www.gemeinde-merching.de/vollsperrung-bahnuebergang-zwischen-brunnen-und-st-2052-im-zeitraum-vom-13-10-2026-15-10-2026/,https://www.gemeinde-merching.de/vollsperrung-bahnuebergang-zwischen-brunnen-und-st-2052-im-zeitraum-vom-13-10-2026-15-10-2026/,200,https://www.gemeinde-merching.de/vollsperrung-bahnuebergang-zwischen-brunnen-und-st-2052-im-zeitraum-vom-13-10-2026-15-10-2026/,page,True,WXR numeric CPT links can be noncanonical/broken; use live navigation and managed downloads
