url,source,classification,reason
https://www.gemeinde-merching.de/wp-content/uploads/2012/09/wp-33-autoren-redakteure.pdf,documents.csv,manual review,Backup/metadata-only candidate; public availability and ownership not established; do not automatically expose
https://www.gemeinde-merching.de/wp-content/uploads/2013/06/Kombimandat_Grundschulverband.pdf,documents.csv,manual review,Backup/metadata-only candidate; public availability and ownership not established; do not automatically expose
https://www.gemeinde-merching.de/wp-content/uploads/2013/06/Kombimandat_Gemeinde_Merching.pdf,documents.csv,manual review,Backup/metadata-only candidate; public availability and ownership not established; do not automatically expose
https://www.gemeinde-merching.de/wp-content/uploads/2013/06/Kombimandat_Mittelschulverband.pdf,documents.csv,manual review,Backup/metadata-only candidate; public availability and ownership not established; do not automatically expose
https://www.gemeinde-merching.de/wp-content/uploads/2013/06/Mandat_Gemeinde_Merching.pdf,documents.csv,manual review,Backup/metadata-only candidate; public availability and ownership not established; do not automatically expose
https://www.gemeinde-merching.de/wp-content/uploads/2022/09/Programmuebersicht-LRA.pdf,documents.csv,manual review,Backup/metadata-only candidate; public availability and ownership not established; do not automatically expose
https://www.gemeinde-merching.de/wp-content/uploads/download-manager-files/Textteil_Entwurf_BP_Kirchenfeld_3_Aend_20250123.pdf,documents.csv,manual review,Backup/metadata-only candidate; public availability and ownership not established; do not automatically expose
https://www.gemeinde-merching.de/wp-content/uploads/download-manager-files/B-Plan-Nr.-35-Datenschutzinformationspflicht.pdf,documents.csv,manual review,Backup/metadata-only candidate; public availability and ownership not established; do not automatically expose
https://www.gemeinde-merching.de/wp-content/uploads/download-manager-files/Amtsblatt-03-2023Jahrg.-78-Nr.-3.pdf,documents.csv,manual review,Backup/metadata-only candidate; public availability and ownership not established; do not automatically expose
https://www.gemeinde-merching.de/wp-content/uploads/download-manager-files/BP34_Oestl_Nebelhornstrasse_Begruendung_20240620.pdf,documents.csv,manual review,Backup/metadata-only candidate; public availability and ownership not established; do not automatically expose
https://www.gemeinde-merching.de/wp-content/uploads/download-manager-files/Aushang-Homepage_2.pdf,documents.csv,manual review,Backup/metadata-only candidate; public availability and ownership not established; do not automatically expose
https://www.gemeinde-merching.de/wp-content/uploads/download-manager-files/Begruendung_Entwurf_BP_Kirchenfeld_3_Aend_20250123.pdf,documents.csv,manual review,Backup/metadata-only candidate; public availability and ownership not established; do not automatically expose
https://www.gemeinde-merching.de/wp-content/uploads/download-manager-files/B-Plan-Nr.-34-oestlich-der-Nebelhornstr.-Datenschutzinformationspflicht.pdf,documents.csv,manual review,Backup/metadata-only candidate; public availability and ownership not established; do not automatically expose
https://www.gemeinde-merching.de/wp-content/uploads/download-manager-files/Gemeindekurier-Sommer-2023-f.-Homepage.pdf,documents.csv,manual review,Backup/metadata-only candidate; public availability and ownership not established; do not automatically expose
https://www.gemeinde-merching.de/wp-content/uploads/download-manager-files/8_Aend_FNP_Steinach_Ost_Begruendung_20240620.pdf,documents.csv,manual review,Backup/metadata-only candidate; public availability and ownership not established; do not automatically expose
https://www.gemeinde-merching.de/wp-content/uploads/download-manager-files/Strassenreinigung-Herbst-2024.pdf,documents.csv,manual review,Backup/metadata-only candidate; public availability and ownership not established; do not automatically expose
https://www.gemeinde-merching.de/wp-content/uploads/download-manager-files/HH-Entwurf-Stand-26-11-2024-GSV.pdf,documents.csv,manual review,Backup/metadata-only candidate; public availability and ownership not established; do not automatically expose
https://www.gemeinde-merching.de/wp-content/uploads/download-manager-files/Oeff.-Bekanntmachung_GR25052023.pdf,documents.csv,manual review,Backup/metadata-only candidate; public availability and ownership not established; do not automatically expose
https://www.gemeinde-merching.de/wp-content/uploads/download-manager-files/BP35_Steinach_Ost_Begruendung_20240620.pdf,documents.csv,manual review,Backup/metadata-only candidate; public availability and ownership not established; do not automatically expose
https://www.gemeinde-merching.de/wp-content/uploads/download-manager-files/Schalltechnische-Untersuchung-11-05.2023.pdf,documents.csv,manual review,Backup/metadata-only candidate; public availability and ownership not established; do not automatically expose
https://www.gemeinde-merching.de/wp-content/uploads/download-manager-files/Bekanntmachung-7.Aenderung-FNP-BP-40-Photovoltaik-Mandichosee.pdf,documents.csv,manual review,Backup/metadata-only candidate; public availability and ownership not established; do not automatically expose
https://www.gemeinde-merching.de/wp-content/uploads/download-manager-files/1683279025wpdm_Bekanntmachung-ueber-oeffentl.-Auflegung-der-Vorschlagsliste.pdf,documents.csv,manual review,Backup/metadata-only candidate; public availability and ownership not established; do not automatically expose
https://www.gemeinde-merching.de/wp-content/uploads/download-manager-files/Bekanntmachung-Terminbestimmung-Vollstreckungsgericht-15.05.2025.pdf,documents.csv,manual review,Backup/metadata-only candidate; public availability and ownership not established; do not automatically expose
https://www.gemeinde-merching.de/wp-content/uploads/download-manager-files/Gemeindekurier-Ostern-2024-f.-Homepage.pdf,documents.csv,manual review,Backup/metadata-only candidate; public availability and ownership not established; do not automatically expose
https://www.gemeinde-merching.de/wp-content/uploads/download-manager-files/Stellenausschreibung_Bote_Aushang_Homepage.pdf,documents.csv,manual review,Backup/metadata-only candidate; public availability and ownership not established; do not automatically expose
https://www.gemeinde-merching.de/wp-content/uploads/download-manager-files/Bekanntmachung-Aufforderung-zur-Einreichung-von-Wahlvorschlaegen.pdf,documents.csv,manual review,Backup/metadata-only candidate; public availability and ownership not established; do not automatically expose
https://www.gemeinde-merching.de/wp-content/uploads/download-manager-files/Amtsblatt-03-2024Jahrg.-79-Nr.-03.pdf,documents.csv,manual review,Backup/metadata-only candidate; public availability and ownership not established; do not automatically expose
https://www.gemeinde-merching.de/wp-content/uploads/download-manager-files/Amtsblatt-10-202378-Nr.-10-entfaellt.pdf,documents.csv,manual review,Backup/metadata-only candidate; public availability and ownership not established; do not automatically expose
https://www.gemeinde-merching.de/wp-content/uploads/download-manager-files/Oeffentl-Bekanntmachung_GR16022023.pdf,documents.csv,manual review,Backup/metadata-only candidate; public availability and ownership not established; do not automatically expose
https://www.gemeinde-merching.de/wp-content/uploads/download-manager-files/Bekanntmachung_WSST_Schulung_23_03_2024.pdf,documents.csv,manual review,Backup/metadata-only candidate; public availability and ownership not established; do not automatically expose
https://www.gemeinde-merching.de/wp-content/uploads/download-manager-files/8_Aend_FNP_Merching_Planzeichnung_Feststellung_2024-06-20.pdf,documents.csv,manual review,Backup/metadata-only candidate; public availability and ownership not established; do not automatically expose
https://www.gemeinde-merching.de/wp-content/uploads/download-manager-files/3.Aenderung-B-Plan-Nr.-11-Datenschutzinformationspflicht.pdf,documents.csv,manual review,Backup/metadata-only candidate; public availability and ownership not established; do not automatically expose
https://www.gemeinde-merching.de/wp-content/uploads/download-manager-files/Bekanntmachung-Brennholz-vom-16.09.2025.pdf,documents.csv,manual review,Backup/metadata-only candidate; public availability and ownership not established; do not automatically expose
https://www.gemeinde-merching.de/wp-content/uploads/download-manager-files/1706178418wpdm_Plakatierungsverordnung.pdf,documents.csv,manual review,Backup/metadata-only candidate; public availability and ownership not established; do not automatically expose
https://www.gemeinde-merching.de/wp-content/uploads/download-manager-files/Plakat-Umfrage-Nachhaltigkeit.pdf,documents.csv,manual review,Backup/metadata-only candidate; public availability and ownership not established; do not automatically expose
https://www.gemeinde-merching.de/wp-content/uploads/download-manager-files/Planzeichnung_3_Aend_Kirchenfeld_2025-07-10.pdf,documents.csv,manual review,Backup/metadata-only candidate; public availability and ownership not established; do not automatically expose
https://www.gemeinde-merching.de/wp-content/uploads/download-manager-files/HH-Entwurf-Stand-26-11-2024.pdf,documents.csv,manual review,Backup/metadata-only candidate; public availability and ownership not established; do not automatically expose
https://www.gemeinde-merching.de/wp-content/uploads/download-manager-files/Bekanntmachung_8_Aend_FNP_Merching_2023-01-29.pdf,documents.csv,manual review,Backup/metadata-only candidate; public availability and ownership not established; do not automatically expose
https://www.gemeinde-merching.de/wp-content/uploads/download-manager-files/BekanntmachungRattenbekJan26.pdf,documents.csv,manual review,Backup/metadata-only candidate; public availability and ownership not established; do not automatically expose
https://www.gemeinde-merching.de/wp-content/uploads/download-manager-files/HH-Anlagen.pdf,documents.csv,manual review,Backup/metadata-only candidate; public availability and ownership not established; do not automatically expose
https://www.gemeinde-merching.de/wp-content/uploads/download-manager-files/Broschuere_Tag-der-Vereine_01.06.2025.pdf,documents.csv,manual review,Backup/metadata-only candidate; public availability and ownership not established; do not automatically expose
https://www.gemeinde-merching.de/wp-content/uploads/download-manager-files/Pruefbericht-2022.pdf,documents.csv,manual review,Backup/metadata-only candidate; public availability and ownership not established; do not automatically expose
https://www.gemeinde-merching.de/wp-content/uploads/download-manager-files/BP35_Steinach_Ost_Planzeichnung_Entwurf_2023-12-14.pdf,documents.csv,manual review,Backup/metadata-only candidate; public availability and ownership not established; do not automatically expose
https://www.gemeinde-merching.de/wp-content/uploads/download-manager-files/Textteil_BP_Kirchenfeld_3_Aend_20250710.pdf,documents.csv,manual review,Backup/metadata-only candidate; public availability and ownership not established; do not automatically expose
https://www.gemeinde-merching.de/wp-content/uploads/download-manager-files/Stellplatzsatzung-der-Gemeinde-Merching-vom-08.09.2025.pdf,documents.csv,manual review,Backup/metadata-only candidate; public availability and ownership not established; do not automatically expose
https://www.gemeinde-merching.de/wp-content/uploads/download-manager-files/BP34_Oestl_Nebelhornstrasse_Textteil_20240620.pdf,documents.csv,manual review,Backup/metadata-only candidate; public availability and ownership not established; do not automatically expose
https://www.gemeinde-merching.de/wp-content/uploads/download-manager-files/1732000425wpdm_Schallschutztechnische-Untersuchung-Anlagen.pdf,documents.csv,manual review,Backup/metadata-only candidate; public availability and ownership not established; do not automatically expose
https://www.gemeinde-merching.de/wp-content/uploads/download-manager-files/8_Aend_FNP_Steinach_Ost_Bekanntmachung_Genehmigung_20250403.pdf,documents.csv,manual review,Backup/metadata-only candidate; public availability and ownership not established; do not automatically expose
https://www.gemeinde-merching.de/wp-content/uploads/download-manager-files/010203-Programm-FSP-Sued-2026.pdf,documents.csv,manual review,Backup/metadata-only candidate; public availability and ownership not established; do not automatically expose
https://www.gemeinde-merching.de/wp-content/uploads/download-manager-files/Pruefbericht-Trinkwasser-2023.pdf,documents.csv,manual review,Backup/metadata-only candidate; public availability and ownership not established; do not automatically expose
https://www.gemeinde-merching.de/wp-content/uploads/download-manager-files/Stellungnahme-fruehz.-Beteiligung_Regierung-v.-Schwaben_Abwaegung-29.06.2023.pdf,documents.csv,manual review,Backup/metadata-only candidate; public availability and ownership not established; do not automatically expose
https://www.gemeinde-merching.de/wp-content/uploads/download-manager-files/1_Aenderung_BP_26_Entwurf_2023-01-19.pdf,documents.csv,manual review,Backup/metadata-only candidate; public availability and ownership not established; do not automatically expose
https://www.gemeinde-merching.de/wp-content/uploads/download-manager-files/5-HH-Kreditermaechtigungen-Uebersicht.pdf,documents.csv,manual review,Backup/metadata-only candidate; public availability and ownership not established; do not automatically expose
https://www.gemeinde-merching.de/wp-content/uploads/download-manager-files/oeffentl.-BekanntmachungGR13.04.23.pdf,documents.csv,manual review,Backup/metadata-only candidate; public availability and ownership not established; do not automatically expose
https://www.gemeinde-merching.de/wp-content/uploads/download-manager-files/Oeffentl.-Bekanntmachung_GR-22.02.2024.pdf,documents.csv,manual review,Backup/metadata-only candidate; public availability and ownership not established; do not automatically expose
https://www.gemeinde-merching.de/wp-content/uploads/download-manager-files/BekanntmachungRattenMai2025.pdf,documents.csv,manual review,Backup/metadata-only candidate; public availability and ownership not established; do not automatically expose
https://www.gemeinde-merching.de/wp-content/uploads/download-manager-files/BP_Nr34_Oestl._der_Nebelhornstrasse_1Aend_Textteil_m_VV_20251211.pdf,documents.csv,manual review,Backup/metadata-only candidate; public availability and ownership not established; do not automatically expose
https://www.gemeinde-merching.de/wp-content/uploads/download-manager-files/HH-Stellenplan.pdf,documents.csv,manual review,Backup/metadata-only candidate; public availability and ownership not established; do not automatically expose
https://www.gemeinde-merching.de/wp-content/uploads/download-manager-files/Wahlbekanntmachung.pdf,documents.csv,manual review,Backup/metadata-only candidate; public availability and ownership not established; do not automatically expose
https://www.gemeinde-merching.de/wp-content/uploads/download-manager-files/BP-PV-Merching-Planzeichnung-Teil-A-29.06.2023.pdf,documents.csv,manual review,Backup/metadata-only candidate; public availability and ownership not established; do not automatically expose
https://www.gemeinde-merching.de/wp-content/uploads/download-manager-files/Disco_Flyer_03_2023.pdf,documents.csv,manual review,Backup/metadata-only candidate; public availability and ownership not established; do not automatically expose
https://www.gemeinde-merching.de/wp-content/uploads/download-manager-files/Stellungnahme-fruehz.-Beteiligung_LRA-fuer-BP_Abwaegung-29.06.2023.pdf,documents.csv,manual review,Backup/metadata-only candidate; public availability and ownership not established; do not automatically expose
https://www.gemeinde-merching.de/wp-content/uploads/download-manager-files/Rattenbekaempfung-Bekanntmachung-Maerz-2023.pdf,documents.csv,manual review,Backup/metadata-only candidate; public availability and ownership not established; do not automatically expose
https://www.gemeinde-merching.de/wp-content/uploads/download-manager-files/BP37_Suedlich_Nebelhornstrasse_Begruendung_2023-01-19.pdf,documents.csv,manual review,Backup/metadata-only candidate; public availability and ownership not established; do not automatically expose
https://www.gemeinde-merching.de/wp-content/uploads/download-manager-files/Hundesteuersatzung-2026-Homepage.pdf,documents.csv,manual review,Backup/metadata-only candidate; public availability and ownership not established; do not automatically expose
https://www.gemeinde-merching.de/wp-content/uploads/download-manager-files/PDF-Flyer-Merchinger-Ferienprogramm-2025.pdf,documents.csv,manual review,Backup/metadata-only candidate; public availability and ownership not established; do not automatically expose
https://www.gemeinde-merching.de/wp-content/uploads/download-manager-files/Bekanntmachung-ueber-die-Eintragungsmoeglichkeiten-in-Unterstuetzungslisten_Homepage.pdf,documents.csv,manual review,Backup/metadata-only candidate; public availability and ownership not established; do not automatically expose
https://www.gemeinde-merching.de/wp-content/uploads/download-manager-files/Stellungnahme-fruehz.-Beteiligung_Denkmalpflege_Abwaegung-29.06.2023.pdf,documents.csv,manual review,Backup/metadata-only candidate; public availability and ownership not established; do not automatically expose
https://www.gemeinde-merching.de/wp-content/uploads/download-manager-files/BP-PV-Merching_Festsetzungen-Teil-B-29.06.2023.pdf,documents.csv,manual review,Backup/metadata-only candidate; public availability and ownership not established; do not automatically expose
https://www.gemeinde-merching.de/wp-content/uploads/download-manager-files/BP-Nr.-39-PV-Merching-Teil-C-Begruendung-mit-Umweltbericht-2023-10-26.pdf,documents.csv,manual review,Backup/metadata-only candidate; public availability and ownership not established; do not automatically expose
https://www.gemeinde-merching.de/wp-content/uploads/download-manager-files/oeffentl.-Bekanntmachung_GR-04.05.23.pdf,documents.csv,manual review,Backup/metadata-only candidate; public availability and ownership not established; do not automatically expose
https://www.gemeinde-merching.de/wp-content/uploads/download-manager-files/1737459345wpdm_Plakatierungsverordnung.pdf,documents.csv,manual review,Backup/metadata-only candidate; public availability and ownership not established; do not automatically expose
https://www.gemeinde-merching.de/wp-content/uploads/download-manager-files/Merchinger-Ramadama-2026-PDF.pdf,documents.csv,manual review,Backup/metadata-only candidate; public availability and ownership not established; do not automatically expose
https://www.gemeinde-merching.de/wp-content/uploads/download-manager-files/1736245640wpdm_HH-Haushaltssatzung.pdf,documents.csv,manual review,Backup/metadata-only candidate; public availability and ownership not established; do not automatically expose
https://www.gemeinde-merching.de/wp-content/uploads/download-manager-files/Oeffentliche-Bekanntmachung.pdf,documents.csv,manual review,Backup/metadata-only candidate; public availability and ownership not established; do not automatically expose
https://www.gemeinde-merching.de/wp-content/uploads/download-manager-files/Einsicht-in-das-WV-mit-Oeffnungszeiten_Homepage.pdf,documents.csv,manual review,Backup/metadata-only candidate; public availability and ownership not established; do not automatically expose
https://www.gemeinde-merching.de/wp-content/uploads/download-manager-files/1-HH-Inhaltsverzeichnis.pdf,documents.csv,manual review,Backup/metadata-only candidate; public availability and ownership not established; do not automatically expose
https://www.gemeinde-merching.de/wp-content/uploads/download-manager-files/Oeffentl.-Bekanntmachung_GR_27.07.2023.pdf,documents.csv,manual review,Backup/metadata-only candidate; public availability and ownership not established; do not automatically expose
https://www.gemeinde-merching.de/wp-content/uploads/download-manager-files/Abschaffung-Kinderreisepass.pdf,documents.csv,manual review,Backup/metadata-only candidate; public availability and ownership not established; do not automatically expose
https://www.gemeinde-merching.de/wp-content/uploads/download-manager-files/1685441735wpdm_Satzung-30.05.2023.pdf,documents.csv,manual review,Backup/metadata-only candidate; public availability and ownership not established; do not automatically expose
https://www.gemeinde-merching.de/wp-content/uploads/download-manager-files/Merchinger-Ramadama-2025-PDF-Plakat.pdf,documents.csv,manual review,Backup/metadata-only candidate; public availability and ownership not established; do not automatically expose
https://www.gemeinde-merching.de/wp-content/uploads/download-manager-files/8_Aend_FNP_Steinach_Ost_zus_Erklaerung_20250403.pdf,documents.csv,manual review,Backup/metadata-only candidate; public availability and ownership not established; do not automatically expose
https://www.gemeinde-merching.de/wp-content/uploads/download-manager-files/BP-PV-Mandichosee_Teil-A_Planzeichnung-2023-10-26.pdf,documents.csv,manual review,Backup/metadata-only candidate; public availability and ownership not established; do not automatically expose
https://www.gemeinde-merching.de/wp-content/uploads/download-manager-files/Rattenbekaempfung22Jan2025.pdf,documents.csv,manual review,Backup/metadata-only candidate; public availability and ownership not established; do not automatically expose
https://www.gemeinde-merching.de/wp-content/uploads/download-manager-files/BP-PV-Mandichosee_Teil-C_Begruendung-mit-Umweltbericht-2023-10-26.pdf,documents.csv,manual review,Backup/metadata-only candidate; public availability and ownership not established; do not automatically expose
https://www.gemeinde-merching.de/wp-content/uploads/download-manager-files/1732000536wpdm_Schalltechnische-Untersuchung-11-05.2023.pdf,documents.csv,manual review,Backup/metadata-only candidate; public availability and ownership not established; do not automatically expose
https://www.gemeinde-merching.de/wp-content/uploads/download-manager-files/Unternehmenssatzung-fuer-das-Kommunalunternemen-Merching-vom-16.09.2025.pdf,documents.csv,manual review,Backup/metadata-only candidate; public availability and ownership not established; do not automatically expose
https://www.gemeinde-merching.de/wp-content/uploads/download-manager-files/HH-Vorbericht.pdf,documents.csv,manual review,Backup/metadata-only candidate; public availability and ownership not established; do not automatically expose
https://www.gemeinde-merching.de/wp-content/uploads/download-manager-files/1736245676wpdm_HH-Schulverbandsumlage.pdf,documents.csv,manual review,Backup/metadata-only candidate; public availability and ownership not established; do not automatically expose
https://www.gemeinde-merching.de/wp-content/uploads/download-manager-files/1710920962wpdm_Bekanntmachung_Wahlhelfer_Aufforderung.pdf,documents.csv,manual review,Backup/metadata-only candidate; public availability and ownership not established; do not automatically expose
https://www.gemeinde-merching.de/wp-content/uploads/download-manager-files/BP-PV-Mandichosee_Teil-B_Festsetzungen-2023-10-26.pdf,documents.csv,manual review,Backup/metadata-only candidate; public availability and ownership not established; do not automatically expose
https://www.gemeinde-merching.de/wp-content/uploads/download-manager-files/Satzung-30.05.2023.pdf,documents.csv,manual review,Backup/metadata-only candidate; public availability and ownership not established; do not automatically expose
https://www.gemeinde-merching.de/wp-content/uploads/download-manager-files/BP-Nr.-39-PV-Merching-Bekanntmachung-Satzungsbeschluss.pdf,documents.csv,manual review,Backup/metadata-only candidate; public availability and ownership not established; do not automatically expose
https://www.gemeinde-merching.de/wp-content/uploads/download-manager-files/6-HH-Entwurf-14-01-2025.pdf,documents.csv,manual review,Backup/metadata-only candidate; public availability and ownership not established; do not automatically expose
https://www.gemeinde-merching.de/wp-content/uploads/download-manager-files/1.Aenderung-BP-34-oestl.-Nebelhornstr.-Bekanntmachung-Satzungsbeschluss.pdf,documents.csv,manual review,Backup/metadata-only candidate; public availability and ownership not established; do not automatically expose
https://www.gemeinde-merching.de/wp-content/uploads/download-manager-files/BP-Nr.-39-PV-Merching-Teil-A-Planzeichnung-2023-10-26.pdf,documents.csv,manual review,Backup/metadata-only candidate; public availability and ownership not established; do not automatically expose
https://www.gemeinde-merching.de/wp-content/uploads/download-manager-files/1682325696wpdm_Amtsblatt-04-2023Jahrg.-78-Nr.-4a.pdf,documents.csv,manual review,Backup/metadata-only candidate; public availability and ownership not established; do not automatically expose
https://www.gemeinde-merching.de/wp-content/uploads/download-manager-files/Landratswahl-Bekanntmachung_zugelassener_Wahlvorschlaege.pdf,documents.csv,manual review,Backup/metadata-only candidate; public availability and ownership not established; do not automatically expose
https://www.gemeinde-merching.de/wp-content/uploads/download-manager-files/6.-Aenderung-FNP-Bekanntmachung_fruehz_Beteiligung.pdf,documents.csv,manual review,Backup/metadata-only candidate; public availability and ownership not established; do not automatically expose
https://www.gemeinde-merching.de/wp-content/uploads/download-manager-files/Amtsblatt-08-2023Jahrg.-78-Nr.-08.pdf,documents.csv,manual review,Backup/metadata-only candidate; public availability and ownership not established; do not automatically expose
https://www.gemeinde-merching.de/wp-content/uploads/download-manager-files/Bekanntmachung_oeff_Ausl_BP35_Steinach_Ost_2023-01-29.pdf,documents.csv,manual review,Backup/metadata-only candidate; public availability and ownership not established; do not automatically expose
https://www.gemeinde-merching.de/wp-content/uploads/download-manager-files/BP34_Oestl_Nebelhornstrasse_Planzeichnung_Entwurf_2023-12-14.pdf,documents.csv,manual review,Backup/metadata-only candidate; public availability and ownership not established; do not automatically expose
https://www.gemeinde-merching.de/wp-content/uploads/download-manager-files/HH-Inhaltsverzeichnis.pdf,documents.csv,manual review,Backup/metadata-only candidate; public availability and ownership not established; do not automatically expose
https://www.gemeinde-merching.de/wp-content/uploads/download-manager-files/8_Aend_FNP_Merching_Planzeichnung_Entwurf_2023-12-14.pdf,documents.csv,manual review,Backup/metadata-only candidate; public availability and ownership not established; do not automatically expose
https://www.gemeinde-merching.de/wp-content/uploads/download-manager-files/BP-Nr.-39-PV-Merching-Teil-B-Festsetzungen-2023-10-26.pdf,documents.csv,manual review,Backup/metadata-only candidate; public availability and ownership not established; do not automatically expose
https://www.gemeinde-merching.de/wp-content/uploads/download-manager-files/1688034797wpdm_FNP-PV-Merching_Begruendung-mit-Umweltbericht-Teil-B_03-29.06.2023.pdf,documents.csv,manual review,Backup/metadata-only candidate; public availability and ownership not established; do not automatically expose
https://www.gemeinde-merching.de/wp-content/uploads/download-manager-files/Stellungnahme-fruehz.-Beteiligung_WWA_Abwaegung-29.06.2023.pdf,documents.csv,manual review,Backup/metadata-only candidate; public availability and ownership not established; do not automatically expose
https://www.gemeinde-merching.de/wp-content/uploads/download-manager-files/2025-08-13_Bekanntmachung_Satzung_Aufwendungs-u.-Kostenersatz_f_Einsaetze_u_andere_Leistungen_gemeindlicher_Feuerwehren_ab_01-01-2026.pdf,documents.csv,manual review,Backup/metadata-only candidate; public availability and ownership not established; do not automatically expose
https://www.gemeinde-merching.de/wp-content/uploads/download-manager-files/2023_01_19_Bekanntmachung_Oeffentliche_Gemeinderatssitzung.pdf,documents.csv,manual review,Backup/metadata-only candidate; public availability and ownership not established; do not automatically expose
https://www.gemeinde-merching.de/wp-content/uploads/download-manager-files/7-HH-Stellenplan.pdf,documents.csv,manual review,Backup/metadata-only candidate; public availability and ownership not established; do not automatically expose
https://www.gemeinde-merching.de/wp-content/uploads/download-manager-files/1736245745wpdm_HH-Vorbericht.pdf,documents.csv,manual review,Backup/metadata-only candidate; public availability and ownership not established; do not automatically expose
https://www.gemeinde-merching.de/wp-content/uploads/download-manager-files/Informationen-zur-Wahlwerbung_Europawahl_2024.pdf,documents.csv,manual review,Backup/metadata-only candidate; public availability and ownership not established; do not automatically expose
https://www.gemeinde-merching.de/wp-content/uploads/download-manager-files/Amtsblatt-04-2023Jahrg.-78-Nr.-4.pdf,documents.csv,manual review,Backup/metadata-only candidate; public availability and ownership not established; do not automatically expose
https://www.gemeinde-merching.de/wp-content/uploads/download-manager-files/Aufhebung_BP_Nr3a_Planzeichnung_2023-12-14.pdf,documents.csv,manual review,Backup/metadata-only candidate; public availability and ownership not established; do not automatically expose
https://www.gemeinde-merching.de/wp-content/uploads/download-manager-files/Amtsblatt-11-2023Jahrg.-78-Nr.-11.pdf,documents.csv,manual review,Backup/metadata-only candidate; public availability and ownership not established; do not automatically expose
https://www.gemeinde-merching.de/wp-content/uploads/download-manager-files/Amtsblatt-01-2024Jahrg.-79-Nr.-01.pdf,documents.csv,manual review,Backup/metadata-only candidate; public availability and ownership not established; do not automatically expose
https://www.gemeinde-merching.de/wp-content/uploads/download-manager-files/Familienstuetzpunkt-Sued-Programm-Juli-bis-Sept.-2025.pdf,documents.csv,manual review,Backup/metadata-only candidate; public availability and ownership not established; do not automatically expose
https://www.gemeinde-merching.de/wp-content/uploads/download-manager-files/Bekanntmachung-Schoeffenwahl-2023.pdf,documents.csv,manual review,Backup/metadata-only candidate; public availability and ownership not established; do not automatically expose
https://www.gemeinde-merching.de/wp-content/uploads/download-manager-files/Amtsblatt-06a-2023Jahrg.-78-Nr.-06a.pdf,documents.csv,manual review,Backup/metadata-only candidate; public availability and ownership not established; do not automatically expose
https://www.gemeinde-merching.de/wp-content/uploads/download-manager-files/Wahlbekanntmachung-Homepage.pdf,documents.csv,manual review,Backup/metadata-only candidate; public availability and ownership not established; do not automatically expose
https://www.gemeinde-merching.de/wp-content/uploads/download-manager-files/Bekanntmachung-Satzungsbeschluss.pdf,documents.csv,manual review,Backup/metadata-only candidate; public availability and ownership not established; do not automatically expose
https://www.gemeinde-merching.de/wp-content/uploads/download-manager-files/5.-Aenderung-FNP-PV-Merching_Begruendung-mit-Umweltbericht-Teil-B.pdf,documents.csv,manual review,Backup/metadata-only candidate; public availability and ownership not established; do not automatically expose
https://www.gemeinde-merching.de/wp-content/uploads/download-manager-files/Begruendung_BP_Kirchenfeld_3_Aend_20250710.pdf,documents.csv,manual review,Backup/metadata-only candidate; public availability and ownership not established; do not automatically expose
https://www.gemeinde-merching.de/wp-content/uploads/download-manager-files/Bekanntmachung-Gebuehren-fuer-die-Benutzung-Obdachlosenunterkuenftepdf.pdf,documents.csv,manual review,Backup/metadata-only candidate; public availability and ownership not established; do not automatically expose
https://www.gemeinde-merching.de/wp-content/uploads/download-manager-files/Rama-Dama-2023-Rathaus.pdf,documents.csv,manual review,Backup/metadata-only candidate; public availability and ownership not established; do not automatically expose
https://www.gemeinde-merching.de/wp-content/uploads/download-manager-files/1740068696wpdm_Aushang-Homepage.pdf,documents.csv,manual review,Backup/metadata-only candidate; public availability and ownership not established; do not automatically expose
https://www.gemeinde-merching.de/wp-content/uploads/download-manager-files/BP-Nr.-39-PV-Merching-zusammenfassende-Erklaerung.pdf,documents.csv,manual review,Backup/metadata-only candidate; public availability and ownership not established; do not automatically expose
https://www.gemeinde-merching.de/wp-content/uploads/download-manager-files/1713433166wpdm_Informationen-zur-Wahlwerbung_Europawahl_2024.pdf,documents.csv,manual review,Backup/metadata-only candidate; public availability and ownership not established; do not automatically expose
https://www.gemeinde-merching.de/wp-content/uploads/download-manager-files/1731597404wpdm_Strassenreinigung-Herbst-2024.pdf,documents.csv,manual review,Backup/metadata-only candidate; public availability and ownership not established; do not automatically expose
https://www.gemeinde-merching.de/wp-content/uploads/download-manager-files/Gemeindekurier-Weihnachten-2025-f.-Homepage.pdf,documents.csv,manual review,Backup/metadata-only candidate; public availability and ownership not established; do not automatically expose
https://www.gemeinde-merching.de/wp-content/uploads/download-manager-files/Bekanntmachung-der-zugelassenen-Wahlvorschlaege-GR-Teil2-2.pdf,documents.csv,manual review,Backup/metadata-only candidate; public availability and ownership not established; do not automatically expose
https://www.gemeinde-merching.de/wp-content/uploads/download-manager-files/0-HH-Deckblatt.pdf,documents.csv,manual review,Backup/metadata-only candidate; public availability and ownership not established; do not automatically expose
https://www.gemeinde-merching.de/wp-content/uploads/download-manager-files/1762446036wpdm_November-2025-Anlage.pdf,documents.csv,manual review,Backup/metadata-only candidate; public availability and ownership not established; do not automatically expose
https://www.gemeinde-merching.de/wp-content/uploads/download-manager-files/OeffentlBekanntmachung_GR6_20.06.24.pdf,documents.csv,manual review,Backup/metadata-only candidate; public availability and ownership not established; do not automatically expose
https://www.gemeinde-merching.de/wp-content/uploads/download-manager-files/Bekanntmachung_Geschaeftsordnung_Homepage.pdf,documents.csv,manual review,Backup/metadata-only candidate; public availability and ownership not established; do not automatically expose
https://www.gemeinde-merching.de/wp-content/uploads/download-manager-files/Flyer_DVS_Schoeffenwahl_sw23.pdf,documents.csv,manual review,Backup/metadata-only candidate; public availability and ownership not established; do not automatically expose
https://www.gemeinde-merching.de/wp-content/uploads/download-manager-files/8.-Aenderung-FNP-Datenschutzinformationspflicht.pdf,documents.csv,manual review,Backup/metadata-only candidate; public availability and ownership not established; do not automatically expose
https://www.gemeinde-merching.de/wp-content/uploads/download-manager-files/1_Aenderung_BP_26_Begruendung_2023-01-19.pdf,documents.csv,manual review,Backup/metadata-only candidate; public availability and ownership not established; do not automatically expose
https://www.gemeinde-merching.de/wp-content/uploads/download-manager-files/Bekanntmachung-Auflegung-der-Vorschlagsliste.pdf,documents.csv,manual review,Backup/metadata-only candidate; public availability and ownership not established; do not automatically expose
https://www.gemeinde-merching.de/wp-content/uploads/download-manager-files/8_Aend_FNP_Steinach_Ost_Begruendung_Entwurf_20231214.pdf,documents.csv,manual review,Backup/metadata-only candidate; public availability and ownership not established; do not automatically expose
https://www.gemeinde-merching.de/wp-content/uploads/download-manager-files/oeffentl.-Bekanntmachung_GR14.09.23.pdf,documents.csv,manual review,Backup/metadata-only candidate; public availability and ownership not established; do not automatically expose
https://www.gemeinde-merching.de/wp-content/uploads/download-manager-files/Flyer-Kinderdisco-2025.pdf,documents.csv,manual review,Backup/metadata-only candidate; public availability and ownership not established; do not automatically expose
https://www.gemeinde-merching.de/wp-content/uploads/download-manager-files/Oeffentl.-Bekanntmachung_GR16Mai24.pdf,documents.csv,manual review,Backup/metadata-only candidate; public availability and ownership not established; do not automatically expose
https://www.gemeinde-merching.de/wp-content/uploads/download-manager-files/eingereichte-Wahlvorschlaege-BGM.pdf,documents.csv,manual review,Backup/metadata-only candidate; public availability and ownership not established; do not automatically expose
https://www.gemeinde-merching.de/wp-content/uploads/download-manager-files/Datenschutzrechtliche-Informationspflichten-nach-Art.-13-und-14-DSGVO-29.06.2023.pdf,documents.csv,manual review,Backup/metadata-only candidate; public availability and ownership not established; do not automatically expose
https://www.gemeinde-merching.de/wp-content/uploads/download-manager-files/Flyer-Jugenddisco-2025.pdf,documents.csv,manual review,Backup/metadata-only candidate; public availability and ownership not established; do not automatically expose
https://www.gemeinde-merching.de/wp-content/uploads/download-manager-files/oeffentliche-Bekanntmachung_GSVV24.01.2023.pdf,documents.csv,manual review,Backup/metadata-only candidate; public availability and ownership not established; do not automatically expose
https://www.gemeinde-merching.de/wp-content/uploads/download-manager-files/Gemeindekurier-Sommer-2025-V1-PDF-fuer-Druckerei-Richter.pdf,documents.csv,manual review,Backup/metadata-only candidate; public availability and ownership not established; do not automatically expose
https://www.gemeinde-merching.de/wp-content/uploads/download-manager-files/FNP-PV-Mandichosee_Teil-A_Planzeichnung-2023-10-26.pdf,documents.csv,manual review,Backup/metadata-only candidate; public availability and ownership not established; do not automatically expose
https://www.gemeinde-merching.de/wp-content/uploads/download-manager-files/BGS_EWS_2026-Homepage-NEU.pdf,documents.csv,manual review,Backup/metadata-only candidate; public availability and ownership not established; do not automatically expose
https://www.gemeinde-merching.de/wp-content/uploads/download-manager-files/Planzeichnung_Vorentwurf_6_Aend_FNP_Merching_2023-01-19.pdf,documents.csv,manual review,Backup/metadata-only candidate; public availability and ownership not established; do not automatically expose
https://www.gemeinde-merching.de/wp-content/uploads/download-manager-files/BPlanNr35_Geruchsprognose_230714.pdf,documents.csv,manual review,Backup/metadata-only candidate; public availability and ownership not established; do not automatically expose
https://www.gemeinde-merching.de/wp-content/uploads/download-manager-files/1787207868wpdm_Friedhofs-und-Bestattungssatzung-ab-01.01.2027-Homepage.pdf,documents.csv,manual review,Backup/metadata-only candidate; public availability and ownership not established; do not automatically expose
https://www.gemeinde-merching.de/wp-content/uploads/download-manager-files/BP35_Steinach_Ost_Textteil_Entwurf_2023-12-14.pdf,documents.csv,manual review,Backup/metadata-only candidate; public availability and ownership not established; do not automatically expose
https://www.gemeinde-merching.de/wp-content/uploads/download-manager-files/Oeffentl.Bekanntmachung_GR1_Jan24.pdf,documents.csv,manual review,Backup/metadata-only candidate; public availability and ownership not established; do not automatically expose
https://www.gemeinde-merching.de/wp-content/uploads/download-manager-files/1736245575wpdm_HH-Deckblatt-HH.pdf,documents.csv,manual review,Backup/metadata-only candidate; public availability and ownership not established; do not automatically expose
https://www.gemeinde-merching.de/wp-content/uploads/download-manager-files/1768291253wpdm_BP_Nr34_Oestl._der_Nebelhornstrasse_1Aend_Begruendung_20251211.pdf,documents.csv,manual review,Backup/metadata-only candidate; public availability and ownership not established; do not automatically expose
https://www.gemeinde-merching.de/wp-content/uploads/download-manager-files/Amtsblatt-08a-2023Jahrg.-78-Nr.-08a.pdf,documents.csv,manual review,Backup/metadata-only candidate; public availability and ownership not established; do not automatically expose
https://www.gemeinde-merching.de/wp-content/uploads/download-manager-files/1680160897wpdm_Rama-Dama-Hochdorf.pdf,documents.csv,manual review,Backup/metadata-only candidate; public availability and ownership not established; do not automatically expose
https://www.gemeinde-merching.de/wp-content/uploads/download-manager-files/B-Plan-Nr.-11-Datenschutzinformationspflicht.pdf,documents.csv,manual review,Backup/metadata-only candidate; public availability and ownership not established; do not automatically expose
https://www.gemeinde-merching.de/wp-content/uploads/download-manager-files/Bekanntmachung_Satzungsbeschluss_3_Aend_BP_Nr_11_Kirchenfeld_20250725.pdf,documents.csv,manual review,Backup/metadata-only candidate; public availability and ownership not established; do not automatically expose
https://www.gemeinde-merching.de/wp-content/uploads/download-manager-files/Flyer-Merchinger-Ferienprogramm-2024-PDF-neu.pdf,documents.csv,manual review,Backup/metadata-only candidate; public availability and ownership not established; do not automatically expose
https://www.gemeinde-merching.de/wp-content/uploads/download-manager-files/BP35_Steinach_Ost_Textteil_20240620.pdf,documents.csv,manual review,Backup/metadata-only candidate; public availability and ownership not established; do not automatically expose
https://www.gemeinde-merching.de/wp-content/uploads/download-manager-files/Amtsblatt-02-2023Jahrg.-78-Nr.-02.pdf,documents.csv,manual review,Backup/metadata-only candidate; public availability and ownership not established; do not automatically expose
https://www.gemeinde-merching.de/wp-content/uploads/download-manager-files/Nachhaltigkeitstag-2025_Plakat_A3.pdf,documents.csv,manual review,Backup/metadata-only candidate; public availability and ownership not established; do not automatically expose
https://www.gemeinde-merching.de/wp-content/uploads/download-manager-files/1680160837wpdm_Rama-Dama-2023-Rathaus.pdf,documents.csv,manual review,Backup/metadata-only candidate; public availability and ownership not established; do not automatically expose
https://www.gemeinde-merching.de/wp-content/uploads/download-manager-files/Bekanntm._ern_oeff_Ausl_3_Aend_BPNr11_Kirchenfeld_20250228.pdf,documents.csv,manual review,Backup/metadata-only candidate; public availability and ownership not established; do not automatically expose
https://www.gemeinde-merching.de/wp-content/uploads/download-manager-files/Leseclub-Merching.pdf,documents.csv,manual review,Backup/metadata-only candidate; public availability and ownership not established; do not automatically expose
https://www.gemeinde-merching.de/wp-content/uploads/download-manager-files/8-HH-Anlagen.pdf,documents.csv,manual review,Backup/metadata-only candidate; public availability and ownership not established; do not automatically expose
https://www.gemeinde-merching.de/wp-content/uploads/download-manager-files/Bekanntmachung-Kostensatzung.pdf,documents.csv,manual review,Backup/metadata-only candidate; public availability and ownership not established; do not automatically expose
https://www.gemeinde-merching.de/wp-content/uploads/download-manager-files/1736245894wpdm_HH-Anlagen.pdf,documents.csv,manual review,Backup/metadata-only candidate; public availability and ownership not established; do not automatically expose
https://www.gemeinde-merching.de/wp-content/uploads/download-manager-files/1753426789wpdm_B-Plan-Nr.-34-Datenschutzinformationspflicht.pdf,documents.csv,manual review,Backup/metadata-only candidate; public availability and ownership not established; do not automatically expose
https://www.gemeinde-merching.de/wp-content/uploads/download-manager-files/Aufhebung_BP_Nr3a_Bekanntmachung_Satzungsbeschluss_20240129.pdf,documents.csv,manual review,Backup/metadata-only candidate; public availability and ownership not established; do not automatically expose
https://www.gemeinde-merching.de/wp-content/uploads/download-manager-files/BP-PV-Merching_Begruendung-mit-Umweltbericht-Teil-C_07-29.06.2023.pdf,documents.csv,manual review,Backup/metadata-only candidate; public availability and ownership not established; do not automatically expose
https://www.gemeinde-merching.de/wp-content/uploads/download-manager-files/1685441615wpdm_Satzung-30.05.2023.pdf,documents.csv,manual review,Backup/metadata-only candidate; public availability and ownership not established; do not automatically expose
https://www.gemeinde-merching.de/wp-content/uploads/download-manager-files/5.-Aenderung-FNP-PV-Merching-Teil-A_Planzeichnung.pdf,documents.csv,manual review,Backup/metadata-only candidate; public availability and ownership not established; do not automatically expose
https://www.gemeinde-merching.de/wp-content/uploads/download-manager-files/eingereichte-Wahlvorschlaege-GR.pdf,documents.csv,manual review,Backup/metadata-only candidate; public availability and ownership not established; do not automatically expose
https://www.gemeinde-merching.de/wp-content/uploads/download-manager-files/Merchinger-Ramadama-2023-PDF.pdf,documents.csv,manual review,Backup/metadata-only candidate; public availability and ownership not established; do not automatically expose
https://www.gemeinde-merching.de/wp-content/uploads/download-manager-files/Oeffentl.-Bekanntmachung_GR14Nov2024.pdf,documents.csv,manual review,Backup/metadata-only candidate; public availability and ownership not established; do not automatically expose
https://www.gemeinde-merching.de/wp-content/uploads/download-manager-files/Bekanntmachung_Ratten_Mai24.pdf,documents.csv,manual review,Backup/metadata-only candidate; public availability and ownership not established; do not automatically expose
https://www.gemeinde-merching.de/wp-content/uploads/download-manager-files/1762445713wpdm_November-2025-Anlage.pdf,documents.csv,manual review,Backup/metadata-only candidate; public availability and ownership not established; do not automatically expose
https://www.gemeinde-merching.de/wp-content/uploads/download-manager-files/PV-Merching_Kartierung-2023-04-27-29.06.2023.pdf,documents.csv,manual review,Backup/metadata-only candidate; public availability and ownership not established; do not automatically expose
https://www.gemeinde-merching.de/wp-content/uploads/download-manager-files/BP_Nr34_Oestl._der_Nebelhornstrasse_1Aend_Begruendung_20251211.pdf,documents.csv,manual review,Backup/metadata-only candidate; public availability and ownership not established; do not automatically expose
https://www.gemeinde-merching.de/wp-content/uploads/download-manager-files/BP37-suedl.-Nebelhornstr.-Bekanntmachung-Satzungsbeschluss-.pdf,documents.csv,manual review,Backup/metadata-only candidate; public availability and ownership not established; do not automatically expose
https://www.gemeinde-merching.de/wp-content/uploads/download-manager-files/Artenschutz-Relevanzpruefung-23-02-10.pdf,documents.csv,manual review,Backup/metadata-only candidate; public availability and ownership not established; do not automatically expose
https://www.gemeinde-merching.de/wp-content/uploads/download-manager-files/Gemeindekurier-November-2025.pdf,documents.csv,manual review,Backup/metadata-only candidate; public availability and ownership not established; do not automatically expose
https://www.gemeinde-merching.de/wp-content/uploads/download-manager-files/oeffentl.Bekanntmachung-GSVV28.11.23.pdf,documents.csv,manual review,Backup/metadata-only candidate; public availability and ownership not established; do not automatically expose
https://www.gemeinde-merching.de/wp-content/uploads/download-manager-files/HH-Deckblatt-HH.pdf,documents.csv,manual review,Backup/metadata-only candidate; public availability and ownership not established; do not automatically expose
https://www.gemeinde-merching.de/wp-content/uploads/download-manager-files/Bekanntmachung_Satzung-Gemeindeverfassungsrechts_Homepage.pdf,documents.csv,manual review,Backup/metadata-only candidate; public availability and ownership not established; do not automatically expose
https://www.gemeinde-merching.de/wp-content/uploads/download-manager-files/OeffentlBekanntmachung_GR9_17Okt24.pdf,documents.csv,manual review,Backup/metadata-only candidate; public availability and ownership not established; do not automatically expose
https://www.gemeinde-merching.de/wp-content/uploads/download-manager-files/Bekanntmachung-31-01-2023.pdf,documents.csv,manual review,Backup/metadata-only candidate; public availability and ownership not established; do not automatically expose
https://www.gemeinde-merching.de/wp-content/uploads/download-manager-files/Faschingsdienstag-nachmittag-WSST-geschlossen_2025.pdf,documents.csv,manual review,Backup/metadata-only candidate; public availability and ownership not established; do not automatically expose
https://www.gemeinde-merching.de/wp-content/uploads/download-manager-files/Bekanntmachung-der-zugelassenen-Wahlvorschlaege-GR-Teil2-3_.pdf,documents.csv,manual review,Backup/metadata-only candidate; public availability and ownership not established; do not automatically expose
https://www.gemeinde-merching.de/wp-content/uploads/download-manager-files/Amtsblatt-08b-2023Jahrg.-78-Nr.-08b.pdf,documents.csv,manual review,Backup/metadata-only candidate; public availability and ownership not established; do not automatically expose
https://www.gemeinde-merching.de/wp-content/uploads/download-manager-files/2-HH-Haushaltssatzung.pdf,documents.csv,manual review,Backup/metadata-only candidate; public availability and ownership not established; do not automatically expose
https://www.gemeinde-merching.de/wp-content/uploads/download-manager-files/Spielplatzsatzung-ab-09.08.2025.pdf,documents.csv,manual review,Backup/metadata-only candidate; public availability and ownership not established; do not automatically expose
https://www.gemeinde-merching.de/wp-content/uploads/download-manager-files/Jugenddisco_Flyer_03_2024.pdf,documents.csv,manual review,Backup/metadata-only candidate; public availability and ownership not established; do not automatically expose
https://www.gemeinde-merching.de/wp-content/uploads/download-manager-files/Kreistagswahl-Bekanntmachung-Zugelassene-Wahlvorschlaege_Anl_14_T2.pdf,documents.csv,manual review,Backup/metadata-only candidate; public availability and ownership not established; do not automatically expose
https://www.gemeinde-merching.de/wp-content/uploads/download-manager-files/Flyer-Vereinsforum-2025-2.-HJ-Version-EK.pdf,documents.csv,manual review,Backup/metadata-only candidate; public availability and ownership not established; do not automatically expose
https://www.gemeinde-merching.de/wp-content/uploads/download-manager-files/4-HH-Darlehen.pdf,documents.csv,manual review,Backup/metadata-only candidate; public availability and ownership not established; do not automatically expose
https://www.gemeinde-merching.de/wp-content/uploads/download-manager-files/Bestattungsgebuehrensatzung-ab-01.01.2027-_Homepage.pdf,documents.csv,manual review,Backup/metadata-only candidate; public availability and ownership not established; do not automatically expose
https://www.gemeinde-merching.de/wp-content/uploads/download-manager-files/Bekanntmachung-ueber-Wahlkreisvorschlaege.pdf,documents.csv,manual review,Backup/metadata-only candidate; public availability and ownership not established; do not automatically expose
https://www.gemeinde-merching.de/wp-content/uploads/download-manager-files/Aushang.pdf,documents.csv,manual review,Backup/metadata-only candidate; public availability and ownership not established; do not automatically expose
https://www.gemeinde-merching.de/wp-content/uploads/download-manager-files/1747290899wpdm_BP35_Geruchsprognose_230714.pdf,documents.csv,manual review,Backup/metadata-only candidate; public availability and ownership not established; do not automatically expose
https://www.gemeinde-merching.de/wp-content/uploads/download-manager-files/1693901378wpdm_Amtsblatt-08-2023Jahrg.-78-Nr.-08.pdf,documents.csv,manual review,Backup/metadata-only candidate; public availability and ownership not established; do not automatically expose
https://www.gemeinde-merching.de/wp-content/uploads/download-manager-files/BP35_Geruchsprognose_230714.pdf,documents.csv,manual review,Backup/metadata-only candidate; public availability and ownership not established; do not automatically expose
https://www.gemeinde-merching.de/wp-content/uploads/download-manager-files/5.-Aend.-Flaechennutzunngs-u.-Landschaftsplan-u.-Aufstell.-d.-vorhabensbez.-BP-Nr.-39-SG-Photovoltaikanl.-oestl.-der-Schmiechach.pdf,documents.csv,manual review,Backup/metadata-only candidate; public availability and ownership not established; do not automatically expose
https://www.gemeinde-merching.de/wp-content/uploads/download-manager-files/oeffentl.BekanntmachungGR_26.10.23.pdf,documents.csv,manual review,Backup/metadata-only candidate; public availability and ownership not established; do not automatically expose
https://www.gemeinde-merching.de/wp-content/uploads/download-manager-files/Bekanntmachung-Einsicht-in-das-Waehlerverzeichnis.pdf,documents.csv,manual review,Backup/metadata-only candidate; public availability and ownership not established; do not automatically expose
https://www.gemeinde-merching.de/wp-content/uploads/download-manager-files/Bekanntmachung_oeff_Ausl_BP_Nr34_Oestlich_der_Nebelhornstrasse_1Aend_20250725.pdf,documents.csv,manual review,Backup/metadata-only candidate; public availability and ownership not established; do not automatically expose
https://www.gemeinde-merching.de/wp-content/uploads/download-manager-files/Kinderdisco_Flyer_03_2024.pdf,documents.csv,manual review,Backup/metadata-only candidate; public availability and ownership not established; do not automatically expose
https://www.gemeinde-merching.de/wp-content/uploads/download-manager-files/Aushang-Homepage.pdf,documents.csv,manual review,Backup/metadata-only candidate; public availability and ownership not established; do not automatically expose
https://www.gemeinde-merching.de/wp-content/uploads/download-manager-files/Textteil_BPNr36_Freizeitanlage_Bauhof_2023-01-19.pdf,documents.csv,manual review,Backup/metadata-only candidate; public availability and ownership not established; do not automatically expose
https://www.gemeinde-merching.de/wp-content/uploads/download-manager-files/Plakatierungsverordnung.pdf,documents.csv,manual review,Backup/metadata-only candidate; public availability and ownership not established; do not automatically expose
https://www.gemeinde-merching.de/wp-content/uploads/download-manager-files/1.-Aenderung-B-Plan-Nr.-34-Datenschutzinformationspflicht.pdf,documents.csv,manual review,Backup/metadata-only candidate; public availability and ownership not established; do not automatically expose
https://www.gemeinde-merching.de/wp-content/uploads/download-manager-files/BP34_Oestl_Nebelhornstrasse_Textteil_Entwurf_2023-12-14.pdf,documents.csv,manual review,Backup/metadata-only candidate; public availability and ownership not established; do not automatically expose
https://www.gemeinde-merching.de/wp-content/uploads/download-manager-files/HH-Haushaltssatzung.pdf,documents.csv,manual review,Backup/metadata-only candidate; public availability and ownership not established; do not automatically expose
https://www.gemeinde-merching.de/wp-content/uploads/download-manager-files/oeffentl.-Bekanntmachung_GR16.03.23.pdf,documents.csv,manual review,Backup/metadata-only candidate; public availability and ownership not established; do not automatically expose
https://www.gemeinde-merching.de/wp-content/uploads/download-manager-files/Pruefberichrt-Trinkwasser-2024.pdf,documents.csv,manual review,Backup/metadata-only candidate; public availability and ownership not established; do not automatically expose
https://www.gemeinde-merching.de/wp-content/uploads/download-manager-files/Sitzung-des-Wahlausschusses-zur-Feststellung-der-Wahlergebnisse_Homepage.pdf,documents.csv,manual review,Backup/metadata-only candidate; public availability and ownership not established; do not automatically expose
https://www.gemeinde-merching.de/wp-content/uploads/download-manager-files/Begruendung_Vorentwurf_2023-01-19.pdf,documents.csv,manual review,Backup/metadata-only candidate; public availability and ownership not established; do not automatically expose
https://www.gemeinde-merching.de/wp-content/uploads/download-manager-files/Begruendung_BPNr36_Freizeitanlage_Bauhof_2023-01-19ue.pdf,documents.csv,manual review,Backup/metadata-only candidate; public availability and ownership not established; do not automatically expose
https://www.gemeinde-merching.de/wp-content/uploads/download-manager-files/Bekanntmachung-Satzungsbeschluss-B-Plan-Nr.-36-Freizeitanlage.pdf,documents.csv,manual review,Backup/metadata-only candidate; public availability and ownership not established; do not automatically expose
https://www.gemeinde-merching.de/wp-content/uploads/download-manager-files/Merchinger-Advent-Programm_25_bearbeitet_-Plakat-Schule-Merching-F.-Lubetzki.pdf,documents.csv,manual review,Backup/metadata-only candidate; public availability and ownership not established; do not automatically expose
https://www.gemeinde-merching.de/wp-content/uploads/download-manager-files/Pressebericht-Landratsamt-Juni-2023-f.-Homepage.pdf,documents.csv,manual review,Backup/metadata-only candidate; public availability and ownership not established; do not automatically expose
https://www.gemeinde-merching.de/wp-content/uploads/download-manager-files/BP_Nr34_Oestlich_der_Nebelhornstrasse_1Aend_Begruendung_Entwurf_20250710GR.pdf,documents.csv,manual review,Backup/metadata-only candidate; public availability and ownership not established; do not automatically expose
https://www.gemeinde-merching.de/wp-content/uploads/download-manager-files/BP_Nr34_Oestlich_der_Nebelhornstrasse_1Aend_Textteil_m_VV_Entwurf_20250710GR.pdf,documents.csv,manual review,Backup/metadata-only candidate; public availability and ownership not established; do not automatically expose
https://www.gemeinde-merching.de/wp-content/uploads/download-manager-files/G-011_BTW2025_Wahlbekanntmachung.pdf,documents.csv,manual review,Backup/metadata-only candidate; public availability and ownership not established; do not automatically expose
https://www.gemeinde-merching.de/wp-content/uploads/download-manager-files/plakat-.pdf,documents.csv,manual review,Backup/metadata-only candidate; public availability and ownership not established; do not automatically expose
https://www.gemeinde-merching.de/wp-content/uploads/download-manager-files/1691747473wpdm_Bekanntmachung-Satzungsbeschluss.pdf,documents.csv,manual review,Backup/metadata-only candidate; public availability and ownership not established; do not automatically expose
https://www.gemeinde-merching.de/wp-content/uploads/download-manager-files/Antrag-Fahrkarte.pdf,documents.csv,manual review,Backup/metadata-only candidate; public availability and ownership not established; do not automatically expose
https://www.gemeinde-merching.de/wp-content/uploads/download-manager-files/G-010_BTW2025_Einsicht-in-das-WVZ.pdf,documents.csv,manual review,Backup/metadata-only candidate; public availability and ownership not established; do not automatically expose
https://www.gemeinde-merching.de/wp-content/uploads/download-manager-files/BP34_Oestl_Nebelhornstrasse_Planzeichnung_Satzung_2024-06-20.pdf,documents.csv,manual review,Backup/metadata-only candidate; public availability and ownership not established; do not automatically expose
https://www.gemeinde-merching.de/wp-content/uploads/download-manager-files/B-Plan-Nr.-34-Datenschutzinformationspflicht.pdf,documents.csv,manual review,Backup/metadata-only candidate; public availability and ownership not established; do not automatically expose
https://www.gemeinde-merching.de/wp-content/uploads/download-manager-files/Formblatt-Datenschutzinformationspflicht.pdf,documents.csv,manual review,Backup/metadata-only candidate; public availability and ownership not established; do not automatically expose
https://www.gemeinde-merching.de/wp-content/uploads/download-manager-files/Gemeindekurier-Ostern-2023-f.-Homepage.pdf,documents.csv,manual review,Backup/metadata-only candidate; public availability and ownership not established; do not automatically expose
https://www.gemeinde-merching.de/wp-content/uploads/download-manager-files/Aufhebung_BP_Nr3a_Begruendung_20231214.pdf,documents.csv,manual review,Backup/metadata-only candidate; public availability and ownership not established; do not automatically expose
https://www.gemeinde-merching.de/wp-content/uploads/download-manager-files/FNP-PV-Merching-Entwurf-Teil-A-29.06.2023.pdf,documents.csv,manual review,Backup/metadata-only candidate; public availability and ownership not established; do not automatically expose
https://www.gemeinde-merching.de/wp-content/uploads/download-manager-files/Grundschulverbandsversammlung-18.06.24.pdf,documents.csv,manual review,Backup/metadata-only candidate; public availability and ownership not established; do not automatically expose
https://www.gemeinde-merching.de/wp-content/uploads/download-manager-files/Aufruf-fuer-Wahlhelfer-.pdf,documents.csv,manual review,Backup/metadata-only candidate; public availability and ownership not established; do not automatically expose
https://www.gemeinde-merching.de/wp-content/uploads/download-manager-files/Oeffentl.-Bekanntmachung_GR_16.11.2023.pdf,documents.csv,manual review,Backup/metadata-only candidate; public availability and ownership not established; do not automatically expose
https://www.gemeinde-merching.de/wp-content/uploads/download-manager-files/1736245596wpdm_HH-Inhaltsverzeichnis.pdf,documents.csv,manual review,Backup/metadata-only candidate; public availability and ownership not established; do not automatically expose
https://www.gemeinde-merching.de/wp-content/uploads/download-manager-files/Netzwerk-Familie-AELF-Kurse.pdf,documents.csv,manual review,Backup/metadata-only candidate; public availability and ownership not established; do not automatically expose
https://www.gemeinde-merching.de/wp-content/uploads/download-manager-files/2024-1-HJ.pdf,documents.csv,manual review,Backup/metadata-only candidate; public availability and ownership not established; do not automatically expose
https://www.gemeinde-merching.de/wp-content/uploads/download-manager-files/OeffentlBekanntmachungBA31Okt24.pdf,documents.csv,manual review,Backup/metadata-only candidate; public availability and ownership not established; do not automatically expose
https://www.gemeinde-merching.de/wp-content/uploads/download-manager-files/Gemeindekurier-Sommer-2024-f.-Homepage.pdf,documents.csv,manual review,Backup/metadata-only candidate; public availability and ownership not established; do not automatically expose
https://www.gemeinde-merching.de/wp-content/uploads/download-manager-files/1681206059wpdm_Aushang-Homepage.pdf,documents.csv,manual review,Backup/metadata-only candidate; public availability and ownership not established; do not automatically expose
https://www.gemeinde-merching.de/wp-content/uploads/download-manager-files/Merchinger-Rama-Dama-2026.pdf,documents.csv,manual review,Backup/metadata-only candidate; public availability and ownership not established; do not automatically expose
https://www.gemeinde-merching.de/wp-content/uploads/download-manager-files/Gemeindekurier-Ostern-2025-endgueltig-f.-Homepage.pdf,documents.csv,manual review,Backup/metadata-only candidate; public availability and ownership not established; do not automatically expose
https://www.gemeinde-merching.de/wp-content/uploads/download-manager-files/Friedhofs-und-Bestattungssatzung-ab-01.01.2027-Homepage.pdf,documents.csv,manual review,Backup/metadata-only candidate; public availability and ownership not established; do not automatically expose
https://www.gemeinde-merching.de/wp-content/uploads/download-manager-files/Schallschutztechnische-Untersuchung-Anlagen.pdf,documents.csv,manual review,Backup/metadata-only candidate; public availability and ownership not established; do not automatically expose
https://www.gemeinde-merching.de/wp-content/uploads/download-manager-files/3-HH-Vorbericht.pdf,documents.csv,manual review,Backup/metadata-only candidate; public availability and ownership not established; do not automatically expose
https://www.gemeinde-merching.de/wp-content/uploads/download-manager-files/BP34_Oestl_Nebelhornstrasse_Begruendung_Entwurf_2023-12-14.pdf,documents.csv,manual review,Backup/metadata-only candidate; public availability and ownership not established; do not automatically expose
https://www.gemeinde-merching.de/wp-content/uploads/download-manager-files/Vorkaufsrechtssatzung.pdf,documents.csv,manual review,Backup/metadata-only candidate; public availability and ownership not established; do not automatically expose
https://www.gemeinde-merching.de/wp-content/uploads/download-manager-files/5.-Aenderung-FNP-PV-Schmiechach-zusammenfassende-Erklaerung.pdf,documents.csv,manual review,Backup/metadata-only candidate; public availability and ownership not established; do not automatically expose
https://www.gemeinde-merching.de/wp-content/uploads/download-manager-files/Bekanntmachung-Jugendschoeffenwahl-2023.pdf,documents.csv,manual review,Backup/metadata-only candidate; public availability and ownership not established; do not automatically expose
https://www.gemeinde-merching.de/wp-content/uploads/download-manager-files/Plakat-2024-f.-Homepage.pdf,documents.csv,manual review,Backup/metadata-only candidate; public availability and ownership not established; do not automatically expose
https://www.gemeinde-merching.de/wp-content/uploads/download-manager-files/Plakat-2024-DIN-A4.pdf,documents.csv,manual review,Backup/metadata-only candidate; public availability and ownership not established; do not automatically expose
https://www.gemeinde-merching.de/wp-content/uploads/download-manager-files/FNP-PV-Mandichosee_Teil-B_Begruendung-m.-Umweltbericht-2023-10-26.pdf,documents.csv,manual review,Backup/metadata-only candidate; public availability and ownership not established; do not automatically expose
https://www.gemeinde-merching.de/wp-content/uploads/download-manager-files/1700725440wpdm_oeffentl.Bekanntmachung-GSVV28.11.23.pdf,documents.csv,manual review,Backup/metadata-only candidate; public availability and ownership not established; do not automatically expose
https://www.gemeinde-merching.de/wp-content/uploads/download-manager-files/Amtsblatt-04-2023Jahrg.-78-Nr.-4a.pdf,documents.csv,manual review,Backup/metadata-only candidate; public availability and ownership not established; do not automatically expose
https://www.gemeinde-merching.de/wp-content/uploads/download-manager-files/Bekanntmachung-Plakatierungsverordnung.pdf,documents.csv,manual review,Backup/metadata-only candidate; public availability and ownership not established; do not automatically expose
https://www.gemeinde-merching.de/wp-content/uploads/download-manager-files/doc00268420240910131618.pdf,documents.csv,manual review,Backup/metadata-only candidate; public availability and ownership not established; do not automatically expose
https://www.gemeinde-merching.de/wp-content/uploads/download-manager-files/Rattenbekaempfung-_Sept.23_Bekanntmachung.pdf,documents.csv,manual review,Backup/metadata-only candidate; public availability and ownership not established; do not automatically expose
https://www.gemeinde-merching.de/wp-content/uploads/download-manager-files/Bekanntmachung-der-Sitzung-des-Wahlausschusses-zur-Beschluss-ueber-eingereichten-Wahlvorschlaege.pdf,documents.csv,manual review,Backup/metadata-only candidate; public availability and ownership not established; do not automatically expose
https://www.gemeinde-merching.de/wp-content/uploads/download-manager-files/Flyer-Merchinger-Ferienprogramm-2023-PDF.pdf,documents.csv,manual review,Backup/metadata-only candidate; public availability and ownership not established; do not automatically expose
https://www.gemeinde-merching.de/wp-content/uploads/download-manager-files/Amtsblatt-05-2023Jahrg.-78-Nr.-05.pdf,documents.csv,manual review,Backup/metadata-only candidate; public availability and ownership not established; do not automatically expose
https://www.gemeinde-merching.de/wp-content/uploads/download-manager-files/BP37_Suedlich_der_Nebelhornstrasse_Plan_2023-01-19.pdf,documents.csv,manual review,Backup/metadata-only candidate; public availability and ownership not established; do not automatically expose
https://www.gemeinde-merching.de/wp-content/uploads/download-manager-files/BP-PV-Mandichosees-Fachbeitrag-Artenschutz.pdf,documents.csv,manual review,Backup/metadata-only candidate; public availability and ownership not established; do not automatically expose
https://www.gemeinde-merching.de/wp-content/uploads/download-manager-files/Gemeindekurier-Weihnachten-2023-f.-Homepage.pdf,documents.csv,manual review,Backup/metadata-only candidate; public availability and ownership not established; do not automatically expose
https://www.gemeinde-merching.de/wp-content/uploads/download-manager-files/1698057852wpdm_oeffentl.BekanntmachungGR_26.10.23.pdf,documents.csv,manual review,Backup/metadata-only candidate; public availability and ownership not established; do not automatically expose
https://www.gemeinde-merching.de/wp-content/uploads/download-manager-files/Bekanntmachung.pdf,documents.csv,manual review,Backup/metadata-only candidate; public availability and ownership not established; do not automatically expose
https://www.gemeinde-merching.de/wp-content/uploads/download-manager-files/Oeffentl_Bekanntmachung_GR18-04-24.pdf,documents.csv,manual review,Backup/metadata-only candidate; public availability and ownership not established; do not automatically expose
https://www.gemeinde-merching.de/wp-content/uploads/download-manager-files/Bekanntmachung-der-zugelassenen-Wahlvorschlaege-BGM-Homepage.pdf,documents.csv,manual review,Backup/metadata-only candidate; public availability and ownership not established; do not automatically expose
https://www.gemeinde-merching.de/wp-content/uploads/download-manager-files/9-HH-VMH-Finanzplan.pdf,documents.csv,manual review,Backup/metadata-only candidate; public availability and ownership not established; do not automatically expose
https://www.gemeinde-merching.de/wp-content/uploads/download-manager-files/oeffentl.-Bekanntmachung_GR06072023.pdf,documents.csv,manual review,Backup/metadata-only candidate; public availability and ownership not established; do not automatically expose
https://www.gemeinde-merching.de/wp-content/uploads/download-manager-files/Gemeindekurier-Weihnachten-2024-f.-Homepage.pdf,documents.csv,manual review,Backup/metadata-only candidate; public availability and ownership not established; do not automatically expose
https://www.gemeinde-merching.de/wp-content/uploads/download-manager-files/OeffentlBekanntmachungGR8Sep24.pdf,documents.csv,manual review,Backup/metadata-only candidate; public availability and ownership not established; do not automatically expose
https://www.gemeinde-merching.de/wp-content/uploads/download-manager-files/Planzeichnung_BPNr36_Freizeitanlage_Bauhof_2023-01-19.pdf,documents.csv,manual review,Backup/metadata-only candidate; public availability and ownership not established; do not automatically expose
https://www.gemeinde-merching.de/wp-content/uploads/download-manager-files/Wahlbekanntmachung-zur-Europawahl.pdf,documents.csv,manual review,Backup/metadata-only candidate; public availability and ownership not established; do not automatically expose
https://www.gemeinde-merching.de/wp-content/uploads/download-manager-files/OeffentlBekanntmachung_GR7_18Jul24.pdf,documents.csv,manual review,Backup/metadata-only candidate; public availability and ownership not established; do not automatically expose
https://www.gemeinde-merching.de/wp-content/uploads/download-manager-files/Bekanntmachung-ueber-oeffentl.-Auflegung-der-Vorschlagsliste.pdf,documents.csv,manual review,Backup/metadata-only candidate; public availability and ownership not established; do not automatically expose
https://www.gemeinde-merching.de/wp-content/uploads/download-manager-files/Rathaus-wegen-Brueckentag_2.10.2023.pdf,documents.csv,manual review,Backup/metadata-only candidate; public availability and ownership not established; do not automatically expose
https://www.gemeinde-merching.de/wp-content/uploads/download-manager-files/1688033834wpdm_BP-PV-Merching-Planzeichnung-Teil-A-29.06.2023.pdf,documents.csv,manual review,Backup/metadata-only candidate; public availability and ownership not established; do not automatically expose
https://www.gemeinde-merching.de/wp-content/uploads/download-manager-files/Mikrozensus-2024.pdf,documents.csv,manual review,Backup/metadata-only candidate; public availability and ownership not established; do not automatically expose
https://www.gemeinde-merching.de/wp-content/uploads/download-manager-files/Amtsblatt-02-2024Jahrg.-79-Nr.-02.pdf,documents.csv,manual review,Backup/metadata-only candidate; public availability and ownership not established; do not automatically expose
https://www.gemeinde-merching.de/wp-content/uploads/download-manager-files/oeffentl.-Bekanntmachung_MSVV28.11.23.pdf,documents.csv,manual review,Backup/metadata-only candidate; public availability and ownership not established; do not automatically expose
https://www.gemeinde-merching.de/wp-content/uploads/download-manager-files/1683279278wpdm_Bekanntmachung-ueber-oeffentl.-Auflegung-der-Vorschlagsliste.pdf,documents.csv,manual review,Backup/metadata-only candidate; public availability and ownership not established; do not automatically expose
https://www.gemeinde-merching.de/wp-content/uploads/download-manager-files/175_2025_42_A_Mikrozensus_Halbzeit.pdf,documents.csv,manual review,Backup/metadata-only candidate; public availability and ownership not established; do not automatically expose
https://www.gemeinde-merching.de/wp-content/uploads/download-manager-files/101112-2023-Programm-FSP-Sued.pdf,documents.csv,manual review,Backup/metadata-only candidate; public availability and ownership not established; do not automatically expose
https://www.gemeinde-merching.de/wp-content/uploads/download-manager-files/BGS_WAS_Satzung_2022.pdf,documents.csv,manual review,Backup/metadata-only candidate; public availability and ownership not established; do not automatically expose
https://www.gemeinde-merching.de/wp-content/uploads/download-manager-files/Planzeichnung_Entwurf_3_Aend_Kirchenfeld_2025-01-23.pdf,documents.csv,manual review,Backup/metadata-only candidate; public availability and ownership not established; do not automatically expose
https://www.gemeinde-merching.de/wp-content/uploads/download-manager-files/Heizung-entlueften-Hintergrundinfos-Schritt-fuer-Schritt-Anleitung-mit-Bildern.pdf,documents.csv,manual review,Backup/metadata-only candidate; public availability and ownership not established; do not automatically expose
https://www.gemeinde-merching.de/wp-content/uploads/download-manager-files/Gemeindekurier-November-2023-f.-Homepage.pdf,documents.csv,manual review,Backup/metadata-only candidate; public availability and ownership not established; do not automatically expose
https://www.gemeinde-merching.de/wp-content/uploads/download-manager-files/Rama-Dama-Hochdorf.pdf,documents.csv,manual review,Backup/metadata-only candidate; public availability and ownership not established; do not automatically expose
https://www.gemeinde-merching.de/wp-content/uploads/download-manager-files/1709650242wpdm_BP-Nr.-39-PV-Merching-zusammenfassende-Erklaerung.pdf,documents.csv,manual review,Backup/metadata-only candidate; public availability and ownership not established; do not automatically expose
https://www.gemeinde-merching.de/wp-content/uploads/download-manager-files/Bekanntmachung-der-zugelassenen-Wahlvorschlaege-GR-Teil2-1_.pdf,documents.csv,manual review,Backup/metadata-only candidate; public availability and ownership not established; do not automatically expose
https://www.gemeinde-merching.de/wp-content/uploads/download-manager-files/Bekanntmachung_oeff_Ausl_BP34_Oestl_Nebelhornstrasse_2024-01-26.pdf,documents.csv,manual review,Backup/metadata-only candidate; public availability and ownership not established; do not automatically expose
https://www.gemeinde-merching.de/wp-content/uploads/download-manager-files/23-02-10-Merching-Artenschutz-Relevanzpruefung-Entwurf.pdf,documents.csv,manual review,Backup/metadata-only candidate; public availability and ownership not established; do not automatically expose
https://www.gemeinde-merching.de/wp-content/uploads/download-manager-files/1768291132wpdm_1.-Aenderung-B-Plan-Nr.-34-Datenschutzinformationspflicht.pdf,documents.csv,manual review,Backup/metadata-only candidate; public availability and ownership not established; do not automatically expose
https://www.gemeinde-merching.de/wp-content/uploads/download-manager-files/Zusammenfassende-Erklaerung.pdf,documents.csv,manual review,Backup/metadata-only candidate; public availability and ownership not established; do not automatically expose
https://www.gemeinde-merching.de/wp-content/uploads/download-manager-files/1689056111wpdm_Stellenausschreibung-Bauhof-Bekanntmachung.pdf,documents.csv,manual review,Backup/metadata-only candidate; public availability and ownership not established; do not automatically expose
https://www.gemeinde-merching.de/wp-content/uploads/download-manager-files/Gemeindekurier-Herbst-2024-f.-Homepage.pdf,documents.csv,manual review,Backup/metadata-only candidate; public availability and ownership not established; do not automatically expose
https://www.gemeinde-merching.de/wp-content/uploads/download-manager-files/Oeffentl.-Bekanntmachung_GR-21.03.2024.pdf,documents.csv,manual review,Backup/metadata-only candidate; public availability and ownership not established; do not automatically expose
https://www.gemeinde-merching.de/wp-content/uploads/download-manager-files/1762445984wpdm_Gemeindekurier-November-2025.pdf,documents.csv,manual review,Backup/metadata-only candidate; public availability and ownership not established; do not automatically expose
https://www.gemeinde-merching.de/wp-content/uploads/download-manager-files/Stromunterbrechung-Westendstrasse.pdf,documents.csv,manual review,Backup/metadata-only candidate; public availability and ownership not established; do not automatically expose
https://www.gemeinde-merching.de/wp-content/uploads/download-manager-files/Verordnung-der-Gemeinde-Merching-ueber-das-Anbringen-von-Anschlaegen-u.-Plakaten.pdf,documents.csv,manual review,Backup/metadata-only candidate; public availability and ownership not established; do not automatically expose
https://www.gemeinde-merching.de/wp-content/uploads/download-manager-files/1736245870wpdm_HH-Stellenplan.pdf,documents.csv,manual review,Backup/metadata-only candidate; public availability and ownership not established; do not automatically expose
https://www.gemeinde-merching.de/wp-content/uploads/download-manager-files/Gemeindekurier-April-2023-f.-Homepage-neu.pdf,documents.csv,manual review,Backup/metadata-only candidate; public availability and ownership not established; do not automatically expose
https://www.gemeinde-merching.de/wp-content/uploads/download-manager-files/Stellenausschreibung-Bauhof-Bekanntmachung.pdf,documents.csv,manual review,Backup/metadata-only candidate; public availability and ownership not established; do not automatically expose
https://www.gemeinde-merching.de/wp-content/uploads/download-manager-files/015_2025_42_A_Mikrozensus.pdf,documents.csv,manual review,Backup/metadata-only candidate; public availability and ownership not established; do not automatically expose
https://www.gemeinde-merching.de/wp-content/uploads/download-manager-files/oeffentliche-Bekanntmachung_GR_14122023.pdf,documents.csv,manual review,Backup/metadata-only candidate; public availability and ownership not established; do not automatically expose
https://www.gemeinde-merching.de/wp-content/uploads/download-manager-files/Amtsblatt-07-2023Jahrg.-78-Nr.-07.pdf,documents.csv,manual review,Backup/metadata-only candidate; public availability and ownership not established; do not automatically expose
https://www.gemeinde-merching.de/wp-content/uploads/download-manager-files/Kreistagswahl-Bekanntmachung-Zugelassene-Wahlvorschlaege_Anl_14_T1.pdf,documents.csv,manual review,Backup/metadata-only candidate; public availability and ownership not established; do not automatically expose
https://www.gemeinde-merching.de/wp-content/uploads/download-manager-files/Anmeldeformular-2024-1-HJ.pdf,documents.csv,manual review,Backup/metadata-only candidate; public availability and ownership not established; do not automatically expose
https://www.gemeinde-merching.de/wp-content/uploads/download-manager-files/BP35_Steinach_Ost_Bekanntmachung_Satzungsbeschluss.pdf,documents.csv,manual review,Backup/metadata-only candidate; public availability and ownership not established; do not automatically expose
https://www.gemeinde-merching.de/wp-content/uploads/download-manager-files/1706800483wpdm_BP35_Steinach_Ost_Planzeichnung_Entwurf_2023-12-14.pdf,documents.csv,manual review,Backup/metadata-only candidate; public availability and ownership not established; do not automatically expose
https://www.gemeinde-merching.de/wp-content/uploads/download-manager-files/November-2025-Anlage.pdf,documents.csv,manual review,Backup/metadata-only candidate; public availability and ownership not established; do not automatically expose
https://www.gemeinde-merching.de/wp-content/uploads/download-manager-files/Amtsblatt-12-2023Jahrg.-78-Nr.-12.pdf,documents.csv,manual review,Backup/metadata-only candidate; public availability and ownership not established; do not automatically expose
https://www.gemeinde-merching.de/wp-content/uploads/download-manager-files/Hebesatzsatzung_2025.pdf,documents.csv,manual review,Backup/metadata-only candidate; public availability and ownership not established; do not automatically expose
https://www.gemeinde-merching.de/wp-content/uploads/download-manager-files/Amtsblatt-10a-2023Jahrg.-78-Nr.-10a.pdf,documents.csv,manual review,Backup/metadata-only candidate; public availability and ownership not established; do not automatically expose
https://www.gemeinde-merching.de/wp-content/uploads/download-manager-files/Stellenausschreibung-Hausmeister.pdf,documents.csv,manual review,Backup/metadata-only candidate; public availability and ownership not established; do not automatically expose
https://www.gemeinde-merching.de/wp-content/uploads/download-manager-files/Bekanntmachung_Wahlhelfer_Aufforderung.pdf,documents.csv,manual review,Backup/metadata-only candidate; public availability and ownership not established; do not automatically expose
https://www.gemeinde-merching.de/wp-content/uploads/download-manager-files/1714477967wpdm_Informationen-zur-Wahlwerbung_Europawahl_2024.pdf,documents.csv,manual review,Backup/metadata-only candidate; public availability and ownership not established; do not automatically expose
https://www.gemeinde-merching.de/wp-content/uploads/download-manager-files/Oeffentl.-Bekanntmachg.2_MSVV28.11.23.pdf,documents.csv,manual review,Backup/metadata-only candidate; public availability and ownership not established; do not automatically expose
https://www.gemeinde-merching.de/wp-content/uploads/download-manager-files/Oeffentl.-Bekanntmachung-MSVV-24.01.2023.pdf,documents.csv,manual review,Backup/metadata-only candidate; public availability and ownership not established; do not automatically expose
https://www.gemeinde-merching.de/wp-content/uploads/download-manager-files/Bekanntmachung-ueber-das-Recht-auf-Einsicht.pdf,documents.csv,manual review,Backup/metadata-only candidate; public availability and ownership not established; do not automatically expose
https://www.gemeinde-merching.de/wp-content/uploads/download-manager-files/1690187880wpdm_Oeffentl.-Bekanntmachung_GR_27.07.2023.pdf,documents.csv,manual review,Backup/metadata-only candidate; public availability and ownership not established; do not automatically expose
https://www.gemeinde-merching.de/wp-content/uploads/download-manager-files/1775727067wpdm_Wahlbekanntmachung-Homepage.pdf,documents.csv,manual review,Backup/metadata-only candidate; public availability and ownership not established; do not automatically expose
https://www.gemeinde-merching.de/wp-content/uploads/download-manager-files/Bekanntmachung_Auslegung-der-Planunterlagen-Licca-liber-Abschnitt-I.pdf,documents.csv,manual review,Backup/metadata-only candidate; public availability and ownership not established; do not automatically expose
https://www.gemeinde-merching.de/wp-content/uploads/download-manager-files/1678698284wpdm_Rattenbekaempfung-Bekanntmachung-Maerz-2023.pdf,documents.csv,manual review,Backup/metadata-only candidate; public availability and ownership not established; do not automatically expose
https://www.gemeinde-merching.de/wp-content/uploads/download-manager-files/Stellungnahme-fruehz.-Beteiligung_LRA-fuer-FNP_Abwaegung-29.06.2023.pdf,documents.csv,manual review,Backup/metadata-only candidate; public availability and ownership not established; do not automatically expose
https://www.gemeinde-merching.de/wp-content/uploads/download-manager-files/1706800511wpdm_BP35_Steinach_Ost_Textteil_Entwurf_2023-12-14.pdf,documents.csv,manual review,Backup/metadata-only candidate; public availability and ownership not established; do not automatically expose
https://www.gemeinde-merching.de/wp-content/uploads/download-manager-files/Entwaesserung-Beitrags-und-Gebuehrensatzung-zur-Entwaesserungssatzung-ab-01.01.20262026.pdf,documents.csv,manual review,Backup/metadata-only candidate; public availability and ownership not established; do not automatically expose
https://www.gemeinde-merching.de/wp-content/uploads/download-manager-files/FNP-PV-Merching_Begruendung-mit-Umweltbericht-Teil-B_03-29.06.2023.pdf,documents.csv,manual review,Backup/metadata-only candidate; public availability and ownership not established; do not automatically expose
https://www.gemeinde-merching.de/wp-content/uploads/download-manager-files/Flyer-Foto-Raetselrallye-Ostern-2023.pdf,documents.csv,manual review,Backup/metadata-only candidate; public availability and ownership not established; do not automatically expose
https://www.gemeinde-merching.de/wp-content/uploads/download-manager-files/Faschingsdienstag-Rathaus_Bauhof-2026.pdf,documents.csv,manual review,Backup/metadata-only candidate; public availability and ownership not established; do not automatically expose
https://www.gemeinde-merching.de/wp-content/uploads/download-manager-files/BP37_Suedlich_Nebelhornstrasse_Textteil_2023-01-19.pdf,documents.csv,manual review,Backup/metadata-only candidate; public availability and ownership not established; do not automatically expose
https://www.gemeinde-merching.de/wp-content/uploads/download-manager-files/Bekanntmachung-Obdachlosenunterkunftssatzung.pdf,documents.csv,manual review,Backup/metadata-only candidate; public availability and ownership not established; do not automatically expose
https://www.gemeinde-merching.de/wp-content/uploads/download-manager-files/Amtsblatt-12a-2023Jahrg.-78-Nr.-12a.pdf,documents.csv,manual review,Backup/metadata-only candidate; public availability and ownership not established; do not automatically expose
https://www.gemeinde-merching.de/wp-content/uploads/download-manager-files/1706017422wpdm_Amtsblatt-01-2024Jahrg.-79-Nr.-01.pdf,documents.csv,manual review,Backup/metadata-only candidate; public availability and ownership not established; do not automatically expose
https://www.gemeinde-merching.de/wp-content/uploads/download-manager-files/Bekanntmachung-der-zugelassenen-Wahlvorschlaege-GR-Teil1-Homepage.pdf,documents.csv,manual review,Backup/metadata-only candidate; public availability and ownership not established; do not automatically expose
https://www.gemeinde-merching.de/wp-content/uploads/download-manager-files/BP35_Steinach_Ost_Planzeichnung_2024-06-20.pdf,documents.csv,manual review,Backup/metadata-only candidate; public availability and ownership not established; do not automatically expose
https://www.gemeinde-merching.de/wp-content/uploads/download-manager-files/Amtsblatt-09-2023Jahrg.-78-Nr.-09.pdf,documents.csv,manual review,Backup/metadata-only candidate; public availability and ownership not established; do not automatically expose
https://www.gemeinde-merching.de/wp-content/uploads/download-manager-files/Mittelschulverbandsversammlung-18.06.24.pdf,documents.csv,manual review,Backup/metadata-only candidate; public availability and ownership not established; do not automatically expose
https://www.gemeinde-merching.de/wp-content/uploads/download-manager-files/Amtsblatt-06-2023Jahrg.-78-Nr.-06.pdf,documents.csv,manual review,Backup/metadata-only candidate; public availability and ownership not established; do not automatically expose
https://www.gemeinde-merching.de/wp-content/uploads/download-manager-files/1_Aenderung_BP_26_Bekanntmachung-Satzungsbeschluss.pdf,documents.csv,manual review,Backup/metadata-only candidate; public availability and ownership not established; do not automatically expose
https://www.gemeinde-merching.de/wp-content/uploads/download-manager-files/Feuerwehrkostensatzung_ab_01-01-2026.pdf,documents.csv,manual review,Backup/metadata-only candidate; public availability and ownership not established; do not automatically expose
https://www.gemeinde-merching.de/wp-content/uploads/download-manager-files/Wasser-Beitrags-und-Gebuehrensatzung-zur-Wasserabgabesatzung-ab-01.01.2026.pdf,documents.csv,manual review,Backup/metadata-only candidate; public availability and ownership not established; do not automatically expose
https://www.gemeinde-merching.de/wp-content/uploads/download-manager-files/1706178687wpdm_Plakatierungsverordnung.pdf,documents.csv,manual review,Backup/metadata-only candidate; public availability and ownership not established; do not automatically expose
https://www.gemeinde-merching.de/wp-content/uploads/download-manager-files/HH-Schulverbandsumlage.pdf,documents.csv,manual review,Backup/metadata-only candidate; public availability and ownership not established; do not automatically expose
https://www.gemeinde-merching.de/wp-content/uploads/download-manager-files/Modernisierungsbuendnis-2026_vhs-Kurs-Merching.pdf,documents.csv,manual review,Backup/metadata-only candidate; public availability and ownership not established; do not automatically expose
https://www.gemeinde-merching.de/wp-content/uploads/download-manager-files/BP35_Steinach_Ost_Begruendung_Entwurf_2023-12-14.pdf,documents.csv,manual review,Backup/metadata-only candidate; public availability and ownership not established; do not automatically expose
https://www.gemeinde-merching.de/wp-content/uploads/download-manager-files/BP35_Steinach_Ost_Zusammenfassende_Erklaerung.pdf,documents.csv,manual review,Backup/metadata-only candidate; public availability and ownership not established; do not automatically expose
https://www.gemeinde-merching.de/wp-content/uploads/download-manager-files/5.-Aenderung-FNP-PV-Schmiechach-Bekanntmachung-Genehmigung.pdf,documents.csv,manual review,Backup/metadata-only candidate; public availability and ownership not established; do not automatically expose
https://www.gemeinde-merching.de/wp-content/uploads/2016/06/gemeinde-merching-AKDB.zip,documents.csv,manual review,Backup/metadata-only candidate; public availability and ownership not established; do not automatically expose
https://www.gemeinde-merching.de/wp-content/uploads/wp-rollback/pt-content-views-pro-7.3.zip,documents.csv,manual review,Backup/metadata-only candidate; public availability and ownership not established; do not automatically expose
https://www.gemeinde-merching.de/wp-content/uploads/wp-rollback/cookie-cracker-1.1.zip,documents.csv,manual review,Backup/metadata-only candidate; public availability and ownership not established; do not automatically expose
https://www.gemeinde-merching.de/wp-content/uploads/wp-rollback/pt-content-views-pro-7.2.2.zip,documents.csv,manual review,Backup/metadata-only candidate; public availability and ownership not established; do not automatically expose
https://www.gemeinde-merching.de/wp-content/uploads/wp-rollback/cookie-cracker-1.0.8.zip,documents.csv,manual review,Backup/metadata-only candidate; public availability and ownership not established; do not automatically expose
https://www.gemeinde-merching.de/wp-content/uploads/wp-rollback/pt-content-views-pro-7.2.1.zip,documents.csv,manual review,Backup/metadata-only candidate; public availability and ownership not established; do not automatically expose
https://www.gemeinde-merching.de/wp-content/uploads/wp-rollback/pt-content-views-pro-7.4.zip,documents.csv,manual review,Backup/metadata-only candidate; public availability and ownership not established; do not automatically expose
https://www.gemeinde-merching.de/wp-content/uploads/download-manager-files/Aushang-Homepage.docx,documents.csv,manual review,Backup/metadata-only candidate; public availability and ownership not established; do not automatically expose
https://www.gemeinde-merching.de/wp-content/uploads/download-manager-files/Bekanntmachung-Abwasserzweckverband-Obere-Paar-Haushalt-2024.doc,documents.csv,manual review,Backup/metadata-only candidate; public availability and ownership not established; do not automatically expose
https://www.gemeinde-merching.de/wp-content/uploads/2012/06/kirche_merching.jpg,media.csv,manual review,Backup/metadata-only candidate; public availability and ownership not established; do not automatically expose
https://www.gemeinde-merching.de/wp-content/uploads/2012/06/freizeit-am-mandichosee.jpg,media.csv,manual review,Backup/metadata-only candidate; public availability and ownership not established; do not automatically expose
https://www.gemeinde-merching.de/wp-content/uploads/2012/06/freizeit-am-mandichosee-2.jpg,media.csv,manual review,Backup/metadata-only candidate; public availability and ownership not established; do not automatically expose
https://www.gemeinde-merching.de/wp-content/uploads/2012/06/rathaus.jpg,media.csv,manual review,Backup/metadata-only candidate; public availability and ownership not established; do not automatically expose
https://www.gemeinde-merching.de/wp-content/uploads/2012/07/satzungen.jpg,media.csv,manual review,Backup/metadata-only candidate; public availability and ownership not established; do not automatically expose
https://www.gemeinde-merching.de/wp-content/uploads/2012/07/bayernviewer.jpg,media.csv,manual review,Backup/metadata-only candidate; public availability and ownership not established; do not automatically expose
https://www.gemeinde-merching.de/wp-content/uploads/2012/06/Rathaus_front.jpg,media.csv,manual review,Backup/metadata-only candidate; public availability and ownership not established; do not automatically expose
https://www.gemeinde-merching.de/wp-content/uploads/2012/07/logo_raiba.jpg,media.csv,manual review,Backup/metadata-only candidate; public availability and ownership not established; do not automatically expose
https://www.gemeinde-merching.de/wp-content/uploads/2012/07/logo_sska.jpg,media.csv,manual review,Backup/metadata-only candidate; public availability and ownership not established; do not automatically expose
https://www.gemeinde-merching.de/wp-content/uploads/2012/07/logo_blau_frei.gif,media.csv,manual review,Backup/metadata-only candidate; public availability and ownership not established; do not automatically expose
https://www.gemeinde-merching.de/wp-content/uploads/2012/07/simulation.jpg,media.csv,manual review,Backup/metadata-only candidate; public availability and ownership not established; do not automatically expose
https://www.gemeinde-merching.de/wp-content/uploads/2025/09/Logo-Advent-e1763638592743.jpg,media.csv,manual review,Backup/metadata-only candidate; public availability and ownership not established; do not automatically expose
https://www.gemeinde-merching.de/wp-content/uploads/2012/07/feuerwehrhaus-merching.jpg,media.csv,manual review,Backup/metadata-only candidate; public availability and ownership not established; do not automatically expose
https://www.gemeinde-merching.de/wp-content/uploads/2012/08/slideshow.jpg,media.csv,manual review,Backup/metadata-only candidate; public availability and ownership not established; do not automatically expose
https://www.gemeinde-merching.de/wp-content/uploads/2012/08/link-kateorien.jpg,media.csv,manual review,Backup/metadata-only candidate; public availability and ownership not established; do not automatically expose
https://www.gemeinde-merching.de/wp-content/uploads/2012/08/link-kateorien1.jpg,media.csv,manual review,Backup/metadata-only candidate; public availability and ownership not established; do not automatically expose
https://www.gemeinde-merching.de/wp-content/uploads/2012/08/artikel-kategorien.jpg,media.csv,manual review,Backup/metadata-only candidate; public availability and ownership not established; do not automatically expose
https://www.gemeinde-merching.de/wp-content/uploads/2012/08/tabellen.jpg,media.csv,manual review,Backup/metadata-only candidate; public availability and ownership not established; do not automatically expose
https://www.gemeinde-merching.de/wp-content/uploads/2012/08/tabellen1.jpg,media.csv,manual review,Backup/metadata-only candidate; public availability and ownership not established; do not automatically expose
https://www.gemeinde-merching.de/wp-content/uploads/2012/09/filebase.jpg,media.csv,manual review,Backup/metadata-only candidate; public availability and ownership not established; do not automatically expose
https://www.gemeinde-merching.de/wp-content/uploads/2012/10/Merching-FC-1_Nach.jpg,media.csv,manual review,Backup/metadata-only candidate; public availability and ownership not established; do not automatically expose
https://www.gemeinde-merching.de/wp-content/uploads/2012/10/www_gemeinde-merching_de_ueber-merching_bildergalerie-merching.jpg,media.csv,manual review,Backup/metadata-only candidate; public availability and ownership not established; do not automatically expose
https://www.gemeinde-merching.de/wp-content/uploads/2012/11/Merchinger-Advent-2011-005.jpg,media.csv,manual review,Backup/metadata-only candidate; public availability and ownership not established; do not automatically expose
https://www.gemeinde-merching.de/wp-content/uploads/2015/08/post-expirator.jpg,media.csv,manual review,Backup/metadata-only candidate; public availability and ownership not established; do not automatically expose
https://www.gemeinde-merching.de/wp-content/uploads/2015/08/post-expirator2.jpg,media.csv,manual review,Backup/metadata-only candidate; public availability and ownership not established; do not automatically expose
https://www.gemeinde-merching.de/wp-content/uploads/2016/06/Gewerbeeintraege-mit-connections-anlegen-mit-homepage.jpg,media.csv,manual review,Backup/metadata-only candidate; public availability and ownership not established; do not automatically expose
https://www.gemeinde-merching.de/wp-content/uploads/2016/06/Gewerbeeintraege-mit-connections-anlegen-ohne-eigene-homepage-1.jpg,media.csv,manual review,Backup/metadata-only candidate; public availability and ownership not established; do not automatically expose
https://www.gemeinde-merching.de/wp-content/uploads/2016/06/Gewerbeeintraege-mit-connections-anlegen-ohne-eigene-homepage-2.jpg,media.csv,manual review,Backup/metadata-only candidate; public availability and ownership not established; do not automatically expose
https://www.gemeinde-merching.de/wp-content/uploads/2016/06/Gewerbeeintraege-mit-connections-verwalten.jpg,media.csv,manual review,Backup/metadata-only candidate; public availability and ownership not established; do not automatically expose
https://www.gemeinde-merching.de/wp-content/uploads/2017/01/Logo-B%C3%BCrgernetz-e1484639317192.png,media.csv,manual review,Backup/metadata-only candidate; public availability and ownership not established; do not automatically expose
https://www.gemeinde-merching.de/?fid=359&name=Energieberatung_Landkreis_Aichach-Friedberg_Typo_schwarz_RGB_klein-e1629102963937.jpg&wpfilebase_thumbnail=1,media.csv,manual review,Backup/metadata-only candidate; public availability and ownership not established; do not automatically expose
https://www.gemeinde-merching.de/wp-content/uploads/2023/10/Albrecht-Sofie-klein-scaled-e1697097621558.jpg,media.csv,manual review,Backup/metadata-only candidate; public availability and ownership not established; do not automatically expose
https://www.gemeinde-merching.de/wp-content/uploads/link-library-images/9.jpg,media.csv,manual review,Backup/metadata-only candidate; public availability and ownership not established; do not automatically expose
https://www.gemeinde-merching.de/wp-content/uploads/link-library-images/68.jpg,media.csv,manual review,Backup/metadata-only candidate; public availability and ownership not established; do not automatically expose
https://www.gemeinde-merching.de/wp-content/uploads/2020/05/coronavirus-4914026_1280-e1601544660211.jpg,media.csv,manual review,Backup/metadata-only candidate; public availability and ownership not established; do not automatically expose
https://www.gemeinde-merching.de/wp-content/uploads/2020/07/Ferienprogramm-2016-012-scaled.jpg,media.csv,manual review,Backup/metadata-only candidate; public availability and ownership not established; do not automatically expose
https://www.gemeinde-merching.de/wp-content/uploads/2022/12/Rathaus-2020-neu-scaled.jpeg,media.csv,manual review,Backup/metadata-only candidate; public availability and ownership not established; do not automatically expose
https://www.gemeinde-merching.de/wp-content/uploads/2020/10/Spielplatz_Mandichosee-scaled.jpg,media.csv,manual review,Backup/metadata-only candidate; public availability and ownership not established; do not automatically expose
https://www.gemeinde-merching.de/wp-content/uploads/2021/01/Deckblatt-e1610351802362.jpg,media.csv,manual review,Backup/metadata-only candidate; public availability and ownership not established; do not automatically expose
https://www.gemeinde-merching.de/wp-content/uploads/2022/03/Landratsamt-AIC-FDB-scaled-e1675763040684.jpg,media.csv,manual review,Backup/metadata-only candidate; public availability and ownership not established; do not automatically expose
https://www.gemeinde-merching.de/wp-content/uploads/2025/11/2025-10_Sound_Train_Anzeige-Narrneusia-Broschuere-2026-CMYK-scaled.jpg,media.csv,manual review,Backup/metadata-only candidate; public availability and ownership not established; do not automatically expose
https://www.gemeinde-merching.de/wp-content/uploads/2023/07/IMG_3692-scaled.jpg,media.csv,manual review,Backup/metadata-only candidate; public availability and ownership not established; do not automatically expose
https://www.gemeinde-merching.de/wp-content/uploads/2026/03/Logo-Ambulante-Snipping-Tool-e1772613884523.jpg,media.csv,manual review,Backup/metadata-only candidate; public availability and ownership not established; do not automatically expose
https://www.gemeinde-merching.de/wp-content/uploads/2026/05/logo-quadratisch-e1779349230105.png,media.csv,manual review,Backup/metadata-only candidate; public availability and ownership not established; do not automatically expose
https://www.gemeinde-merching.de/wp-content/uploads/2026/05/logo-quadratisch-1-e1779349796180.png,media.csv,manual review,Backup/metadata-only candidate; public availability and ownership not established; do not automatically expose
