url,status,final_url,canonical,title,type,content_type,content_length,forms,error,checked_at,classification,proposed_target,reason,images,downloads,internal_links
http://www.gemeinde-merching.de/buergerservice/downloads/,200,https://www.gemeinde-merching.de/buergerservice/downloads/,https://www.gemeinde-merching.de/buergerservice/downloads/,Weitere Downloads – Gemeinde Merching,page,text/html; charset=UTF-8,,2,,2026-10-10T14:57:16Z,duplicate/alias,https://www.gemeinde-merching.de/buergerservice/downloads/,Existing live redirect; preserve full chain destination,20,0,131
http://www.gemeinde-merching.de/buergerservice/lebenslagen/eheschliessung,200,https://www.gemeinde-merching.de/buergerservice/lebenslagen/eheschliessung/,https://www.gemeinde-merching.de/buergerservice/lebenslagen/eheschliessung/,"Eheschließung, Geburt, Sterbefall – Gemeinde Merching",page,text/html; charset=UTF-8,,2,,2026-10-10T14:57:17Z,duplicate/alias,https://www.gemeinde-merching.de/buergerservice/lebenslagen/eheschliessung/,Existing live redirect; preserve full chain destination,2,0,92
http://www.gemeinde-merching.de/buergerservice/lebenslagen/eheschliessung/,200,https://www.gemeinde-merching.de/buergerservice/lebenslagen/eheschliessung/,https://www.gemeinde-merching.de/buergerservice/lebenslagen/eheschliessung/,"Eheschließung, Geburt, Sterbefall – Gemeinde Merching",page,text/html; charset=UTF-8,,2,,2026-10-10T14:57:18Z,duplicate/alias,https://www.gemeinde-merching.de/buergerservice/lebenslagen/eheschliessung/,Existing live redirect; preserve full chain destination,2,0,92
http://www.gemeinde-merching.de/buergerservice/lebenslagen/ein-umzug-steht-bevor/,200,https://www.gemeinde-merching.de/buergerservice/lebenslagen/ein-umzug-steht-bevor/,https://www.gemeinde-merching.de/buergerservice/lebenslagen/ein-umzug-steht-bevor/,Ein Umzug steht bevor – Gemeinde Merching,page,text/html; charset=UTF-8,,2,,2026-10-10T14:57:18Z,duplicate/alias,https://www.gemeinde-merching.de/buergerservice/lebenslagen/ein-umzug-steht-bevor/,Existing live redirect; preserve full chain destination,2,0,92
http://www.gemeinde-merching.de/buergerservice/lebenslagen/fuehrungszeugnis-auskunft-aus-dem-gewerbezentralregister/,200,https://www.gemeinde-merching.de/buergerservice/lebenslagen/fuehrungszeugnis-auskunft-aus-dem-gewerbezentralregister/,https://www.gemeinde-merching.de/buergerservice/lebenslagen/fuehrungszeugnis-auskunft-aus-dem-gewerbezentralregister/,"Führungszeugnis, Auskunft aus dem Gewerbezentralregister – Gemeinde Merching",page,text/html; charset=UTF-8,,2,,2026-10-10T14:57:19Z,duplicate/alias,https://www.gemeinde-merching.de/buergerservice/lebenslagen/fuehrungszeugnis-auskunft-aus-dem-gewerbezentralregister/,Existing live redirect; preserve full chain destination,2,0,92
http://www.gemeinde-merching.de/buergerservice/lebenslagen/personalausweis/,200,https://www.gemeinde-merching.de/buergerservice/lebenslagen/personalausweis/,https://www.gemeinde-merching.de/buergerservice/lebenslagen/personalausweis/,Personalausweis – Gemeinde Merching,page,text/html; charset=UTF-8,,2,,2026-10-10T14:57:19Z,duplicate/alias,https://www.gemeinde-merching.de/buergerservice/lebenslagen/personalausweis/,Existing live redirect; preserve full chain destination,5,0,94
http://www.gemeinde-merching.de/buergerservice/lebenslagen/reisepass/,200,https://www.gemeinde-merching.de/buergerservice/lebenslagen/reisepass/,https://www.gemeinde-merching.de/buergerservice/lebenslagen/reisepass/,Reisepass – Gemeinde Merching,page,text/html; charset=UTF-8,,2,,2026-10-10T14:57:20Z,duplicate/alias,https://www.gemeinde-merching.de/buergerservice/lebenslagen/reisepass/,Existing live redirect; preserve full chain destination,2,0,92
http://www.gemeinde-merching.de/buergerservice/lebenslagen/wertstoffsammlung/,200,https://www.gemeinde-merching.de/buergerservice/lebenslagen/wertstoffsammlung/,https://www.gemeinde-merching.de/buergerservice/lebenslagen/wertstoffsammlung/,Wertstoffsammlung – Gemeinde Merching,page,text/html; charset=UTF-8,,2,,2026-10-10T14:57:21Z,duplicate/alias,https://www.gemeinde-merching.de/buergerservice/lebenslagen/wertstoffsammlung/,Existing live redirect; preserve full chain destination,2,0,92
http://www.gemeinde-merching.de/wp-content/uploads/2012/06/Rathaus_front.jpg,206,https://www.gemeinde-merching.de/wp-content/uploads/2012/06/Rathaus_front.jpg,,,image,image/jpeg,30368,0,,2026-10-10T15:01:35Z,duplicate/alias,https://www.gemeinde-merching.de/wp-content/uploads/2012/06/Rathaus_front.jpg,Existing live redirect; preserve full chain destination,0,0,0
http://www.gemeinde-merching.de/wp-content/uploads/2012/06/Wappen-Merching_k.gif,206,https://www.gemeinde-merching.de/wp-content/uploads/2012/06/Wappen-Merching_k.gif,,,image,image/gif,6800,0,,2026-10-10T15:01:36Z,duplicate/alias,https://www.gemeinde-merching.de/wp-content/uploads/2012/06/Wappen-Merching_k.gif,Existing live redirect; preserve full chain destination,0,0,0
http://www.gemeinde-merching.de/wp-content/uploads/2012/06/felder-am-ortsrand.jpg,206,https://www.gemeinde-merching.de/wp-content/uploads/2012/06/felder-am-ortsrand.jpg,,,image,image/jpeg,228601,0,,2026-10-10T15:01:37Z,duplicate/alias,https://www.gemeinde-merching.de/wp-content/uploads/2012/06/felder-am-ortsrand.jpg,Existing live redirect; preserve full chain destination,0,0,0
http://www.gemeinde-merching.de/wp-content/uploads/2012/06/freizeit-am-mandichosee-2.jpg,206,https://www.gemeinde-merching.de/wp-content/uploads/2012/06/freizeit-am-mandichosee-2.jpg,,,image,image/jpeg,67809,0,,2026-10-10T15:01:37Z,duplicate/alias,https://www.gemeinde-merching.de/wp-content/uploads/2012/06/freizeit-am-mandichosee-2.jpg,Existing live redirect; preserve full chain destination,0,0,0
http://www.gemeinde-merching.de/wp-content/uploads/2012/06/freizeit-am-mandichosee.jpg,206,https://www.gemeinde-merching.de/wp-content/uploads/2012/06/freizeit-am-mandichosee.jpg,,,image,image/jpeg,73553,0,,2026-10-10T15:01:38Z,duplicate/alias,https://www.gemeinde-merching.de/wp-content/uploads/2012/06/freizeit-am-mandichosee.jpg,Existing live redirect; preserve full chain destination,0,0,0
http://www.gemeinde-merching.de/wp-content/uploads/2012/06/kirche_merching.jpg,206,https://www.gemeinde-merching.de/wp-content/uploads/2012/06/kirche_merching.jpg,,,image,image/jpeg,153029,0,,2026-10-10T15:01:38Z,duplicate/alias,https://www.gemeinde-merching.de/wp-content/uploads/2012/06/kirche_merching.jpg,Existing live redirect; preserve full chain destination,0,0,0
http://www.gemeinde-merching.de/wp-content/uploads/2012/06/lage.jpg,206,https://www.gemeinde-merching.de/wp-content/uploads/2012/06/lage.jpg,,,image,image/jpeg,7888,0,,2026-10-10T15:01:39Z,duplicate/alias,https://www.gemeinde-merching.de/wp-content/uploads/2012/06/lage.jpg,Existing live redirect; preserve full chain destination,0,0,0
http://www.gemeinde-merching.de/wp-content/uploads/2012/06/maibaum.jpg,206,https://www.gemeinde-merching.de/wp-content/uploads/2012/06/maibaum.jpg,,,image,image/jpeg,32550,0,,2026-10-10T15:01:40Z,duplicate/alias,https://www.gemeinde-merching.de/wp-content/uploads/2012/06/maibaum.jpg,Existing live redirect; preserve full chain destination,0,0,0
http://www.gemeinde-merching.de/wp-content/uploads/2012/06/rathaus-merching2.jpg,206,https://www.gemeinde-merching.de/wp-content/uploads/2012/06/rathaus-merching2.jpg,,,image,image/jpeg,72649,0,,2026-10-10T15:01:40Z,duplicate/alias,https://www.gemeinde-merching.de/wp-content/uploads/2012/06/rathaus-merching2.jpg,Existing live redirect; preserve full chain destination,0,0,0
http://www.gemeinde-merching.de/wp-content/uploads/2012/06/rathaus-merching4.jpg,206,https://www.gemeinde-merching.de/wp-content/uploads/2012/06/rathaus-merching4.jpg,,,image,image/jpeg,218530,0,,2026-10-10T15:01:41Z,duplicate/alias,https://www.gemeinde-merching.de/wp-content/uploads/2012/06/rathaus-merching4.jpg,Existing live redirect; preserve full chain destination,0,0,0
http://www.gemeinde-merching.de/wp-content/uploads/2012/06/rathaus.jpg,206,https://www.gemeinde-merching.de/wp-content/uploads/2012/06/rathaus.jpg,,,image,image/jpeg,47086,0,,2026-10-10T15:01:41Z,duplicate/alias,https://www.gemeinde-merching.de/wp-content/uploads/2012/06/rathaus.jpg,Existing live redirect; preserve full chain destination,0,0,0
http://www.gemeinde-merching.de/wp-content/uploads/2012/07/BayernAtlas.jpg,206,https://www.gemeinde-merching.de/wp-content/uploads/2012/07/BayernAtlas.jpg,,,image,image/jpeg,919182,0,,2026-10-10T15:01:42Z,duplicate/alias,https://www.gemeinde-merching.de/wp-content/uploads/2012/07/BayernAtlas.jpg,Existing live redirect; preserve full chain destination,0,0,0
http://www.gemeinde-merching.de/wp-content/uploads/2012/07/Kopfbild-Startseite.jpg,206,https://www.gemeinde-merching.de/wp-content/uploads/2012/07/Kopfbild-Startseite.jpg,,,image,image/jpeg,52635,0,,2026-10-10T15:01:43Z,duplicate/alias,https://www.gemeinde-merching.de/wp-content/uploads/2012/07/Kopfbild-Startseite.jpg,Existing live redirect; preserve full chain destination,0,0,0
http://www.gemeinde-merching.de/wp-content/uploads/2012/07/bayernviewer.jpg,206,https://www.gemeinde-merching.de/wp-content/uploads/2012/07/bayernviewer.jpg,,,image,image/jpeg,128196,0,,2026-10-10T15:01:43Z,duplicate/alias,https://www.gemeinde-merching.de/wp-content/uploads/2012/07/bayernviewer.jpg,Existing live redirect; preserve full chain destination,0,0,0
http://www.gemeinde-merching.de/wp-content/uploads/2012/07/feuerwehrauto-merching.jpg,206,https://www.gemeinde-merching.de/wp-content/uploads/2012/07/feuerwehrauto-merching.jpg,,,image,image/jpeg,49637,0,,2026-10-10T15:01:44Z,duplicate/alias,https://www.gemeinde-merching.de/wp-content/uploads/2012/07/feuerwehrauto-merching.jpg,Existing live redirect; preserve full chain destination,0,0,0
http://www.gemeinde-merching.de/wp-content/uploads/2012/07/feuerwehrhaus-merching.jpg,206,https://www.gemeinde-merching.de/wp-content/uploads/2012/07/feuerwehrhaus-merching.jpg,,,image,image/jpeg,85701,0,,2026-10-10T15:01:44Z,duplicate/alias,https://www.gemeinde-merching.de/wp-content/uploads/2012/07/feuerwehrhaus-merching.jpg,Existing live redirect; preserve full chain destination,0,0,0
http://www.gemeinde-merching.de/wp-content/uploads/2012/07/gemeindekurier.jpg,206,https://www.gemeinde-merching.de/wp-content/uploads/2012/07/gemeindekurier.jpg,,,image,image/jpeg,14899,0,,2026-10-10T15:01:45Z,duplicate/alias,https://www.gemeinde-merching.de/wp-content/uploads/2012/07/gemeindekurier.jpg,Existing live redirect; preserve full chain destination,0,0,0
http://www.gemeinde-merching.de/wp-content/uploads/2012/07/logo_blau_frei.gif,206,https://www.gemeinde-merching.de/wp-content/uploads/2012/07/logo_blau_frei.gif,,,image,image/gif,3641,0,,2026-10-10T15:01:46Z,duplicate/alias,https://www.gemeinde-merching.de/wp-content/uploads/2012/07/logo_blau_frei.gif,Existing live redirect; preserve full chain destination,0,0,0
http://www.gemeinde-merching.de/wp-content/uploads/2012/07/logo_raiba.jpg,206,https://www.gemeinde-merching.de/wp-content/uploads/2012/07/logo_raiba.jpg,,,image,image/jpeg,9197,0,,2026-10-10T15:01:46Z,duplicate/alias,https://www.gemeinde-merching.de/wp-content/uploads/2012/07/logo_raiba.jpg,Existing live redirect; preserve full chain destination,0,0,0
http://www.gemeinde-merching.de/wp-content/uploads/2012/07/logo_sska.jpg,206,https://www.gemeinde-merching.de/wp-content/uploads/2012/07/logo_sska.jpg,,,image,image/jpeg,7819,0,,2026-10-10T15:01:47Z,duplicate/alias,https://www.gemeinde-merching.de/wp-content/uploads/2012/07/logo_sska.jpg,Existing live redirect; preserve full chain destination,0,0,0
http://www.gemeinde-merching.de/wp-content/uploads/2012/07/mandicho-stausee_2.jpg,206,https://www.gemeinde-merching.de/wp-content/uploads/2012/07/mandicho-stausee_2.jpg,,,image,image/jpeg,209026,0,,2026-10-10T15:01:47Z,duplicate/alias,https://www.gemeinde-merching.de/wp-content/uploads/2012/07/mandicho-stausee_2.jpg,Existing live redirect; preserve full chain destination,0,0,0
http://www.gemeinde-merching.de/wp-content/uploads/2012/07/ortsrecht.jpg,206,https://www.gemeinde-merching.de/wp-content/uploads/2012/07/ortsrecht.jpg,,,image,image/jpeg,12473,0,,2026-10-10T15:01:48Z,duplicate/alias,https://www.gemeinde-merching.de/wp-content/uploads/2012/07/ortsrecht.jpg,Existing live redirect; preserve full chain destination,0,0,0
http://www.gemeinde-merching.de/wp-content/uploads/2012/07/satzungen.jpg,206,https://www.gemeinde-merching.de/wp-content/uploads/2012/07/satzungen.jpg,,,image,image/jpeg,12667,0,,2026-10-10T15:01:49Z,duplicate/alias,https://www.gemeinde-merching.de/wp-content/uploads/2012/07/satzungen.jpg,Existing live redirect; preserve full chain destination,0,0,0
http://www.gemeinde-merching.de/wp-content/uploads/2012/07/schule-merching.jpg,206,https://www.gemeinde-merching.de/wp-content/uploads/2012/07/schule-merching.jpg,,,image,image/jpeg,163440,0,,2026-10-10T15:01:49Z,duplicate/alias,https://www.gemeinde-merching.de/wp-content/uploads/2012/07/schule-merching.jpg,Existing live redirect; preserve full chain destination,0,0,0
http://www.gemeinde-merching.de/wp-content/uploads/2012/07/simulation.jpg,206,https://www.gemeinde-merching.de/wp-content/uploads/2012/07/simulation.jpg,,,image,image/jpeg,29537,0,,2026-10-10T15:01:50Z,duplicate/alias,https://www.gemeinde-merching.de/wp-content/uploads/2012/07/simulation.jpg,Existing live redirect; preserve full chain destination,0,0,0
http://www.gemeinde-merching.de/wp-content/uploads/2012/08/artikel-kategorien.jpg,206,https://www.gemeinde-merching.de/wp-content/uploads/2012/08/artikel-kategorien.jpg,,,image,image/jpeg,141062,0,,2026-10-10T15:01:50Z,duplicate/alias,https://www.gemeinde-merching.de/wp-content/uploads/2012/08/artikel-kategorien.jpg,Existing live redirect; preserve full chain destination,0,0,0
http://www.gemeinde-merching.de/wp-content/uploads/2012/08/link-kateorien.jpg,206,https://www.gemeinde-merching.de/wp-content/uploads/2012/08/link-kateorien.jpg,,,image,image/jpeg,287566,0,,2026-10-10T15:01:51Z,duplicate/alias,https://www.gemeinde-merching.de/wp-content/uploads/2012/08/link-kateorien.jpg,Existing live redirect; preserve full chain destination,0,0,0
http://www.gemeinde-merching.de/wp-content/uploads/2012/08/link-kateorien1.jpg,206,https://www.gemeinde-merching.de/wp-content/uploads/2012/08/link-kateorien1.jpg,,,image,image/jpeg,287566,0,,2026-10-10T15:01:52Z,duplicate/alias,https://www.gemeinde-merching.de/wp-content/uploads/2012/08/link-kateorien1.jpg,Existing live redirect; preserve full chain destination,0,0,0
http://www.gemeinde-merching.de/wp-content/uploads/2012/08/slideshow.jpg,206,https://www.gemeinde-merching.de/wp-content/uploads/2012/08/slideshow.jpg,,,image,image/jpeg,4559,0,,2026-10-10T15:01:52Z,duplicate/alias,https://www.gemeinde-merching.de/wp-content/uploads/2012/08/slideshow.jpg,Existing live redirect; preserve full chain destination,0,0,0
http://www.gemeinde-merching.de/wp-content/uploads/2012/08/tabellen.jpg,206,https://www.gemeinde-merching.de/wp-content/uploads/2012/08/tabellen.jpg,,,image,image/jpeg,100536,0,,2026-10-10T15:01:53Z,duplicate/alias,https://www.gemeinde-merching.de/wp-content/uploads/2012/08/tabellen.jpg,Existing live redirect; preserve full chain destination,0,0,0
http://www.gemeinde-merching.de/wp-content/uploads/2012/08/tabellen1.jpg,206,https://www.gemeinde-merching.de/wp-content/uploads/2012/08/tabellen1.jpg,,,image,image/jpeg,100536,0,,2026-10-10T15:01:53Z,duplicate/alias,https://www.gemeinde-merching.de/wp-content/uploads/2012/08/tabellen1.jpg,Existing live redirect; preserve full chain destination,0,0,0
http://www.gemeinde-merching.de/wp-content/uploads/2012/09/filebase.jpg,206,https://www.gemeinde-merching.de/wp-content/uploads/2012/09/filebase.jpg,,,image,image/jpeg,223427,0,,2026-10-10T15:01:54Z,duplicate/alias,https://www.gemeinde-merching.de/wp-content/uploads/2012/09/filebase.jpg,Existing live redirect; preserve full chain destination,0,0,0
http://www.gemeinde-merching.de/wp-content/uploads/2012/09/wp-33-autoren-redakteure.pdf,206,https://www.gemeinde-merching.de/wp-content/uploads/2012/09/wp-33-autoren-redakteure.pdf,,,PDF,application/pdf,995189,0,,2026-10-10T15:01:55Z,duplicate/alias,https://www.gemeinde-merching.de/wp-content/uploads/2012/09/wp-33-autoren-redakteure.pdf,Existing live redirect; preserve full chain destination,0,0,0
http://www.gemeinde-merching.de/wp-content/uploads/2012/10/Merching-FC-1_Nach.jpg,206,https://www.gemeinde-merching.de/wp-content/uploads/2012/10/Merching-FC-1_Nach.jpg,,,image,image/jpeg,310032,0,,2026-10-10T15:01:55Z,duplicate/alias,https://www.gemeinde-merching.de/wp-content/uploads/2012/10/Merching-FC-1_Nach.jpg,Existing live redirect; preserve full chain destination,0,0,0
http://www.gemeinde-merching.de/wp-content/uploads/2012/10/www_gemeinde-merching_de_ueber-merching_bildergalerie-merching.jpg,206,https://www.gemeinde-merching.de/wp-content/uploads/2012/10/www_gemeinde-merching_de_ueber-merching_bildergalerie-merching.jpg,,,image,image/jpeg,112948,0,,2026-10-10T15:01:56Z,duplicate/alias,https://www.gemeinde-merching.de/wp-content/uploads/2012/10/www_gemeinde-merching_de_ueber-merching_bildergalerie-merching.jpg,Existing live redirect; preserve full chain destination,0,0,0
http://www.gemeinde-merching.de/wp-content/uploads/2012/11/Merchinger-Advent-2011-005.jpg,206,https://www.gemeinde-merching.de/wp-content/uploads/2012/11/Merchinger-Advent-2011-005.jpg,,,image,image/jpeg,1618702,0,,2026-10-10T15:01:56Z,duplicate/alias,https://www.gemeinde-merching.de/wp-content/uploads/2012/11/Merchinger-Advent-2011-005.jpg,Existing live redirect; preserve full chain destination,0,0,0
http://www.gemeinde-merching.de/wp-content/uploads/2013/06/Kombimandat_Gemeinde_Merching.pdf,206,https://www.gemeinde-merching.de/wp-content/uploads/2013/06/Kombimandat_Gemeinde_Merching.pdf,,,PDF,application/pdf,22157,0,,2026-10-10T15:01:57Z,duplicate/alias,https://www.gemeinde-merching.de/wp-content/uploads/2013/06/Kombimandat_Gemeinde_Merching.pdf,Existing live redirect; preserve full chain destination,0,0,0
http://www.gemeinde-merching.de/wp-content/uploads/2013/06/Kombimandat_Grundschulverband.pdf,206,https://www.gemeinde-merching.de/wp-content/uploads/2013/06/Kombimandat_Grundschulverband.pdf,,,PDF,application/pdf,21830,0,,2026-10-10T15:01:58Z,duplicate/alias,https://www.gemeinde-merching.de/wp-content/uploads/2013/06/Kombimandat_Grundschulverband.pdf,Existing live redirect; preserve full chain destination,0,0,0
http://www.gemeinde-merching.de/wp-content/uploads/2013/06/Kombimandat_Mittelschulverband.pdf,206,https://www.gemeinde-merching.de/wp-content/uploads/2013/06/Kombimandat_Mittelschulverband.pdf,,,PDF,application/pdf,21952,0,,2026-10-10T15:01:58Z,duplicate/alias,https://www.gemeinde-merching.de/wp-content/uploads/2013/06/Kombimandat_Mittelschulverband.pdf,Existing live redirect; preserve full chain destination,0,0,0
http://www.gemeinde-merching.de/wp-content/uploads/2013/06/Mandat_Gemeinde_Merching.pdf,206,https://www.gemeinde-merching.de/wp-content/uploads/2013/06/Mandat_Gemeinde_Merching.pdf,,,PDF,application/pdf,23609,0,,2026-10-10T15:01:59Z,duplicate/alias,https://www.gemeinde-merching.de/wp-content/uploads/2013/06/Mandat_Gemeinde_Merching.pdf,Existing live redirect; preserve full chain destination,0,0,0
http://www.gemeinde-merching.de/wp-content/uploads/2013/06/Mandat_Grundschulverband.pdf,206,https://www.gemeinde-merching.de/wp-content/uploads/2013/06/Mandat_Grundschulverband.pdf,,,PDF,application/pdf,23331,0,,2026-10-10T15:01:59Z,duplicate/alias,https://www.gemeinde-merching.de/wp-content/uploads/2013/06/Mandat_Grundschulverband.pdf,Existing live redirect; preserve full chain destination,0,0,0
http://www.gemeinde-merching.de/wp-content/uploads/2013/06/Mandat_Mittelschulverband.pdf,206,https://www.gemeinde-merching.de/wp-content/uploads/2013/06/Mandat_Mittelschulverband.pdf,,,PDF,application/pdf,23438,0,,2026-10-10T15:02:00Z,duplicate/alias,https://www.gemeinde-merching.de/wp-content/uploads/2013/06/Mandat_Mittelschulverband.pdf,Existing live redirect; preserve full chain destination,0,0,0
http://www.gemeinde-merching.de/wp-content/uploads/2014/11/Logo_Energieatlas.jpg,206,https://www.gemeinde-merching.de/wp-content/uploads/2014/11/Logo_Energieatlas.jpg,,,image,image/jpeg,8681,0,,2026-10-10T15:02:01Z,duplicate/alias,https://www.gemeinde-merching.de/wp-content/uploads/2014/11/Logo_Energieatlas.jpg,Existing live redirect; preserve full chain destination,0,0,0
http://www.gemeinde-merching.de/wp-content/uploads/2015/08/post-expirator.jpg,206,https://www.gemeinde-merching.de/wp-content/uploads/2015/08/post-expirator.jpg,,,image,image/jpeg,47663,0,,2026-10-10T15:02:01Z,duplicate/alias,https://www.gemeinde-merching.de/wp-content/uploads/2015/08/post-expirator.jpg,Existing live redirect; preserve full chain destination,0,0,0
http://www.gemeinde-merching.de/wp-content/uploads/2015/08/post-expirator2.jpg,206,https://www.gemeinde-merching.de/wp-content/uploads/2015/08/post-expirator2.jpg,,,image,image/jpeg,42274,0,,2026-10-10T15:02:02Z,duplicate/alias,https://www.gemeinde-merching.de/wp-content/uploads/2015/08/post-expirator2.jpg,Existing live redirect; preserve full chain destination,0,0,0
http://www.gemeinde-merching.de/wp-content/uploads/2016/06/Gewerbeeintraege-mit-connections-anlegen-mit-homepage.jpg,206,https://www.gemeinde-merching.de/wp-content/uploads/2016/06/Gewerbeeintraege-mit-connections-anlegen-mit-homepage.jpg,,,image,image/jpeg,92812,0,,2026-10-10T15:02:02Z,duplicate/alias,https://www.gemeinde-merching.de/wp-content/uploads/2016/06/Gewerbeeintraege-mit-connections-anlegen-mit-homepage.jpg,Existing live redirect; preserve full chain destination,0,0,0
http://www.gemeinde-merching.de/wp-content/uploads/2016/06/Gewerbeeintraege-mit-connections-anlegen-ohne-eigene-homepage-1.jpg,206,https://www.gemeinde-merching.de/wp-content/uploads/2016/06/Gewerbeeintraege-mit-connections-anlegen-ohne-eigene-homepage-1.jpg,,,image,image/jpeg,134523,0,,2026-10-10T15:02:03Z,duplicate/alias,https://www.gemeinde-merching.de/wp-content/uploads/2016/06/Gewerbeeintraege-mit-connections-anlegen-ohne-eigene-homepage-1.jpg,Existing live redirect; preserve full chain destination,0,0,0
http://www.gemeinde-merching.de/wp-content/uploads/2016/06/Gewerbeeintraege-mit-connections-anlegen-ohne-eigene-homepage-2.jpg,206,https://www.gemeinde-merching.de/wp-content/uploads/2016/06/Gewerbeeintraege-mit-connections-anlegen-ohne-eigene-homepage-2.jpg,,,image,image/jpeg,56104,0,,2026-10-10T15:02:04Z,duplicate/alias,https://www.gemeinde-merching.de/wp-content/uploads/2016/06/Gewerbeeintraege-mit-connections-anlegen-ohne-eigene-homepage-2.jpg,Existing live redirect; preserve full chain destination,0,0,0
http://www.gemeinde-merching.de/wp-content/uploads/2016/06/Gewerbeeintraege-mit-connections-verwalten.jpg,206,https://www.gemeinde-merching.de/wp-content/uploads/2016/06/Gewerbeeintraege-mit-connections-verwalten.jpg,,,image,image/jpeg,129195,0,,2026-10-10T15:02:04Z,duplicate/alias,https://www.gemeinde-merching.de/wp-content/uploads/2016/06/Gewerbeeintraege-mit-connections-verwalten.jpg,Existing live redirect; preserve full chain destination,0,0,0
http://www.gemeinde-merching.de/wp-content/uploads/2016/08/BSP_Logo_180.jpg,206,https://www.gemeinde-merching.de/wp-content/uploads/2016/08/BSP_Logo_180.jpg,,,image,image/jpeg,65119,0,,2026-10-10T15:02:05Z,duplicate/alias,https://www.gemeinde-merching.de/wp-content/uploads/2016/08/BSP_Logo_180.jpg,Existing live redirect; preserve full chain destination,0,0,0
http://www.gemeinde-merching.de/wp-content/uploads/2017/01/Logo-B%C3%BCrgernetz.png,206,https://www.gemeinde-merching.de/wp-content/uploads/2017/01/Logo-B%c3%bcrgernetz.png,,,image,image/png,8155,0,,2026-10-10T15:02:05Z,duplicate/alias,https://www.gemeinde-merching.de/wp-content/uploads/2017/01/Logo-B%c3%bcrgernetz.png,Existing live redirect; preserve full chain destination,0,0,0
https://www.gemeinde-merching.de/,200,https://www.gemeinde-merching.de/,https://www.gemeinde-merching.de/,Gemeinde Merching – im Landkreis Aichach-Friedberg,page,text/html; charset=UTF-8,,2,,2026-10-10T14:54:01Z,preserve exactly,https://www.gemeinde-merching.de/,Preserve public path unless domain mapping requires a reviewed change,14,0,105
https://www.gemeinde-merching.de/10917-2/,200,https://www.gemeinde-merching.de/10917-2/,https://www.gemeinde-merching.de/10917-2/,Übernahme Papiertonne v. REMONDIS durch den Landkreis – Erfassung der Tonnen in Merching ab 19.10.2026 – Gemeinde Merching,page,text/html; charset=UTF-8,,2,,2026-10-10T14:54:02Z,migrate to another canonical URL + 301,https://www.gemeinde-merching.de/10917-2,Slashless new convention; proposed same path without trailing slash,3,1,101
https://www.gemeinde-merching.de/6807/,404,https://www.gemeinde-merching.de/6807/,,Seite nicht gefunden – Gemeinde Merching,page,text/html; charset=UTF-8,,3,,2026-10-10T14:54:03Z,broken/obsolete,https://www.gemeinde-merching.de/6807/,Live endpoint missing; verify backlinks before removing,2,0,52
https://www.gemeinde-merching.de/6808/,404,https://www.gemeinde-merching.de/6808/,,Seite nicht gefunden – Gemeinde Merching,page,text/html; charset=UTF-8,,3,,2026-10-10T14:54:03Z,broken/obsolete,https://www.gemeinde-merching.de/6808/,Live endpoint missing; verify backlinks before removing,2,0,52
https://www.gemeinde-merching.de/6809/,404,https://www.gemeinde-merching.de/6809/,,Seite nicht gefunden – Gemeinde Merching,page,text/html; charset=UTF-8,,3,,2026-10-10T14:54:04Z,broken/obsolete,https://www.gemeinde-merching.de/6809/,Live endpoint missing; verify backlinks before removing,2,0,52
https://www.gemeinde-merching.de/6810/,404,https://www.gemeinde-merching.de/6810/,,Seite nicht gefunden – Gemeinde Merching,page,text/html; charset=UTF-8,,3,,2026-10-10T14:54:04Z,broken/obsolete,https://www.gemeinde-merching.de/6810/,Live endpoint missing; verify backlinks before removing,2,0,52
https://www.gemeinde-merching.de/6811/,404,https://www.gemeinde-merching.de/6811/,,Seite nicht gefunden – Gemeinde Merching,page,text/html; charset=UTF-8,,3,,2026-10-10T14:54:05Z,broken/obsolete,https://www.gemeinde-merching.de/6811/,Live endpoint missing; verify backlinks before removing,2,0,52
https://www.gemeinde-merching.de/6812/,404,https://www.gemeinde-merching.de/6812/,,Seite nicht gefunden – Gemeinde Merching,page,text/html; charset=UTF-8,,3,,2026-10-10T14:54:06Z,broken/obsolete,https://www.gemeinde-merching.de/6812/,Live endpoint missing; verify backlinks before removing,2,0,52
https://www.gemeinde-merching.de/6813/,404,https://www.gemeinde-merching.de/6813/,,Seite nicht gefunden – Gemeinde Merching,page,text/html; charset=UTF-8,,3,,2026-10-10T14:54:06Z,broken/obsolete,https://www.gemeinde-merching.de/6813/,Live endpoint missing; verify backlinks before removing,2,0,52
https://www.gemeinde-merching.de/6814/,404,https://www.gemeinde-merching.de/6814/,,Seite nicht gefunden – Gemeinde Merching,page,text/html; charset=UTF-8,,3,,2026-10-10T14:54:07Z,broken/obsolete,https://www.gemeinde-merching.de/6814/,Live endpoint missing; verify backlinks before removing,2,0,52
https://www.gemeinde-merching.de/6815/,404,https://www.gemeinde-merching.de/6815/,,Seite nicht gefunden – Gemeinde Merching,page,text/html; charset=UTF-8,,3,,2026-10-10T14:54:07Z,broken/obsolete,https://www.gemeinde-merching.de/6815/,Live endpoint missing; verify backlinks before removing,2,0,52
https://www.gemeinde-merching.de/6817/,404,https://www.gemeinde-merching.de/6817/,,Seite nicht gefunden – Gemeinde Merching,page,text/html; charset=UTF-8,,3,,2026-10-10T14:54:08Z,broken/obsolete,https://www.gemeinde-merching.de/6817/,Live endpoint missing; verify backlinks before removing,2,0,52
https://www.gemeinde-merching.de/6819/,404,https://www.gemeinde-merching.de/6819/,,Seite nicht gefunden – Gemeinde Merching,page,text/html; charset=UTF-8,,3,,2026-10-10T14:54:09Z,broken/obsolete,https://www.gemeinde-merching.de/6819/,Live endpoint missing; verify backlinks before removing,2,0,52
https://www.gemeinde-merching.de/6820/,404,https://www.gemeinde-merching.de/6820/,,Seite nicht gefunden – Gemeinde Merching,page,text/html; charset=UTF-8,,3,,2026-10-10T14:54:09Z,broken/obsolete,https://www.gemeinde-merching.de/6820/,Live endpoint missing; verify backlinks before removing,2,0,52
https://www.gemeinde-merching.de/6821/,404,https://www.gemeinde-merching.de/6821/,,Seite nicht gefunden – Gemeinde Merching,page,text/html; charset=UTF-8,,3,,2026-10-10T14:54:10Z,broken/obsolete,https://www.gemeinde-merching.de/6821/,Live endpoint missing; verify backlinks before removing,2,0,52
https://www.gemeinde-merching.de/6822/,404,https://www.gemeinde-merching.de/6822/,,Seite nicht gefunden – Gemeinde Merching,page,text/html; charset=UTF-8,,3,,2026-10-10T14:54:10Z,broken/obsolete,https://www.gemeinde-merching.de/6822/,Live endpoint missing; verify backlinks before removing,2,0,52
https://www.gemeinde-merching.de/6823/,404,https://www.gemeinde-merching.de/6823/,,Seite nicht gefunden – Gemeinde Merching,page,text/html; charset=UTF-8,,3,,2026-10-10T14:54:11Z,broken/obsolete,https://www.gemeinde-merching.de/6823/,Live endpoint missing; verify backlinks before removing,2,0,52
https://www.gemeinde-merching.de/6824/,404,https://www.gemeinde-merching.de/6824/,,Seite nicht gefunden – Gemeinde Merching,page,text/html; charset=UTF-8,,3,,2026-10-10T14:54:12Z,broken/obsolete,https://www.gemeinde-merching.de/6824/,Live endpoint missing; verify backlinks before removing,2,0,52
https://www.gemeinde-merching.de/6825/,404,https://www.gemeinde-merching.de/6825/,,Seite nicht gefunden – Gemeinde Merching,page,text/html; charset=UTF-8,,3,,2026-10-10T14:54:12Z,broken/obsolete,https://www.gemeinde-merching.de/6825/,Live endpoint missing; verify backlinks before removing,2,0,52
https://www.gemeinde-merching.de/6826/,404,https://www.gemeinde-merching.de/6826/,,Seite nicht gefunden – Gemeinde Merching,page,text/html; charset=UTF-8,,3,,2026-10-10T14:54:13Z,broken/obsolete,https://www.gemeinde-merching.de/6826/,Live endpoint missing; verify backlinks before removing,2,0,52
https://www.gemeinde-merching.de/6827/,404,https://www.gemeinde-merching.de/6827/,,Seite nicht gefunden – Gemeinde Merching,page,text/html; charset=UTF-8,,3,,2026-10-10T14:54:13Z,broken/obsolete,https://www.gemeinde-merching.de/6827/,Live endpoint missing; verify backlinks before removing,2,0,52
https://www.gemeinde-merching.de/6828/,404,https://www.gemeinde-merching.de/6828/,,Seite nicht gefunden – Gemeinde Merching,page,text/html; charset=UTF-8,,3,,2026-10-10T14:54:14Z,broken/obsolete,https://www.gemeinde-merching.de/6828/,Live endpoint missing; verify backlinks before removing,2,0,52
https://www.gemeinde-merching.de/6829/,404,https://www.gemeinde-merching.de/6829/,,Seite nicht gefunden – Gemeinde Merching,page,text/html; charset=UTF-8,,3,,2026-10-10T14:54:15Z,broken/obsolete,https://www.gemeinde-merching.de/6829/,Live endpoint missing; verify backlinks before removing,2,0,52
https://www.gemeinde-merching.de/6830/,404,https://www.gemeinde-merching.de/6830/,,Seite nicht gefunden – Gemeinde Merching,page,text/html; charset=UTF-8,,3,,2026-10-10T14:54:15Z,broken/obsolete,https://www.gemeinde-merching.de/6830/,Live endpoint missing; verify backlinks before removing,2,0,52
https://www.gemeinde-merching.de/6831/,404,https://www.gemeinde-merching.de/6831/,,Seite nicht gefunden – Gemeinde Merching,page,text/html; charset=UTF-8,,3,,2026-10-10T14:54:16Z,broken/obsolete,https://www.gemeinde-merching.de/6831/,Live endpoint missing; verify backlinks before removing,2,0,52
https://www.gemeinde-merching.de/6832/,404,https://www.gemeinde-merching.de/6832/,,Seite nicht gefunden – Gemeinde Merching,page,text/html; charset=UTF-8,,3,,2026-10-10T14:54:16Z,broken/obsolete,https://www.gemeinde-merching.de/6832/,Live endpoint missing; verify backlinks before removing,2,0,52
https://www.gemeinde-merching.de/6834/,404,https://www.gemeinde-merching.de/6834/,,Seite nicht gefunden – Gemeinde Merching,page,text/html; charset=UTF-8,,3,,2026-10-10T14:54:17Z,broken/obsolete,https://www.gemeinde-merching.de/6834/,Live endpoint missing; verify backlinks before removing,2,0,52
https://www.gemeinde-merching.de/6835/,404,https://www.gemeinde-merching.de/6835/,,Seite nicht gefunden – Gemeinde Merching,page,text/html; charset=UTF-8,,3,,2026-10-10T14:54:18Z,broken/obsolete,https://www.gemeinde-merching.de/6835/,Live endpoint missing; verify backlinks before removing,2,0,52
https://www.gemeinde-merching.de/6836/,404,https://www.gemeinde-merching.de/6836/,,Seite nicht gefunden – Gemeinde Merching,page,text/html; charset=UTF-8,,3,,2026-10-10T14:54:18Z,broken/obsolete,https://www.gemeinde-merching.de/6836/,Live endpoint missing; verify backlinks before removing,2,0,52
https://www.gemeinde-merching.de/6837/,404,https://www.gemeinde-merching.de/6837/,,Seite nicht gefunden – Gemeinde Merching,page,text/html; charset=UTF-8,,3,,2026-10-10T14:54:19Z,broken/obsolete,https://www.gemeinde-merching.de/6837/,Live endpoint missing; verify backlinks before removing,2,0,52
https://www.gemeinde-merching.de/6838/,404,https://www.gemeinde-merching.de/6838/,,Seite nicht gefunden – Gemeinde Merching,page,text/html; charset=UTF-8,,3,,2026-10-10T14:54:19Z,broken/obsolete,https://www.gemeinde-merching.de/6838/,Live endpoint missing; verify backlinks before removing,2,0,52
https://www.gemeinde-merching.de/6840/,404,https://www.gemeinde-merching.de/6840/,,Seite nicht gefunden – Gemeinde Merching,page,text/html; charset=UTF-8,,3,,2026-10-10T14:54:20Z,broken/obsolete,https://www.gemeinde-merching.de/6840/,Live endpoint missing; verify backlinks before removing,2,0,52
https://www.gemeinde-merching.de/6841/,404,https://www.gemeinde-merching.de/6841/,,Seite nicht gefunden – Gemeinde Merching,page,text/html; charset=UTF-8,,3,,2026-10-10T14:54:21Z,broken/obsolete,https://www.gemeinde-merching.de/6841/,Live endpoint missing; verify backlinks before removing,2,0,52
https://www.gemeinde-merching.de/6842/,404,https://www.gemeinde-merching.de/6842/,,Seite nicht gefunden – Gemeinde Merching,page,text/html; charset=UTF-8,,3,,2026-10-10T14:54:21Z,broken/obsolete,https://www.gemeinde-merching.de/6842/,Live endpoint missing; verify backlinks before removing,2,0,52
https://www.gemeinde-merching.de/6843/,404,https://www.gemeinde-merching.de/6843/,,Seite nicht gefunden – Gemeinde Merching,page,text/html; charset=UTF-8,,3,,2026-10-10T14:54:22Z,broken/obsolete,https://www.gemeinde-merching.de/6843/,Live endpoint missing; verify backlinks before removing,2,0,52
https://www.gemeinde-merching.de/6844/,404,https://www.gemeinde-merching.de/6844/,,Seite nicht gefunden – Gemeinde Merching,page,text/html; charset=UTF-8,,3,,2026-10-10T14:54:22Z,broken/obsolete,https://www.gemeinde-merching.de/6844/,Live endpoint missing; verify backlinks before removing,2,0,52
https://www.gemeinde-merching.de/6845/,404,https://www.gemeinde-merching.de/6845/,,Seite nicht gefunden – Gemeinde Merching,page,text/html; charset=UTF-8,,3,,2026-10-10T14:54:23Z,broken/obsolete,https://www.gemeinde-merching.de/6845/,Live endpoint missing; verify backlinks before removing,2,0,52
https://www.gemeinde-merching.de/6855/,404,https://www.gemeinde-merching.de/6855/,,Seite nicht gefunden – Gemeinde Merching,page,text/html; charset=UTF-8,,3,,2026-10-10T14:54:24Z,broken/obsolete,https://www.gemeinde-merching.de/6855/,Live endpoint missing; verify backlinks before removing,2,0,52
https://www.gemeinde-merching.de/6856/,404,https://www.gemeinde-merching.de/6856/,,Seite nicht gefunden – Gemeinde Merching,page,text/html; charset=UTF-8,,3,,2026-10-10T14:54:24Z,broken/obsolete,https://www.gemeinde-merching.de/6856/,Live endpoint missing; verify backlinks before removing,2,0,52
https://www.gemeinde-merching.de/6857/,404,https://www.gemeinde-merching.de/6857/,,Seite nicht gefunden – Gemeinde Merching,page,text/html; charset=UTF-8,,3,,2026-10-10T14:54:25Z,broken/obsolete,https://www.gemeinde-merching.de/6857/,Live endpoint missing; verify backlinks before removing,2,0,52
https://www.gemeinde-merching.de/6858/,404,https://www.gemeinde-merching.de/6858/,,Seite nicht gefunden – Gemeinde Merching,page,text/html; charset=UTF-8,,3,,2026-10-10T14:54:25Z,broken/obsolete,https://www.gemeinde-merching.de/6858/,Live endpoint missing; verify backlinks before removing,2,0,52
https://www.gemeinde-merching.de/6859/,404,https://www.gemeinde-merching.de/6859/,,Seite nicht gefunden – Gemeinde Merching,page,text/html; charset=UTF-8,,3,,2026-10-10T14:54:26Z,broken/obsolete,https://www.gemeinde-merching.de/6859/,Live endpoint missing; verify backlinks before removing,2,0,52
https://www.gemeinde-merching.de/6860/,404,https://www.gemeinde-merching.de/6860/,,Seite nicht gefunden – Gemeinde Merching,page,text/html; charset=UTF-8,,3,,2026-10-10T14:54:27Z,broken/obsolete,https://www.gemeinde-merching.de/6860/,Live endpoint missing; verify backlinks before removing,2,0,52
https://www.gemeinde-merching.de/6865/,404,https://www.gemeinde-merching.de/6865/,,Seite nicht gefunden – Gemeinde Merching,page,text/html; charset=UTF-8,,3,,2026-10-10T14:54:27Z,broken/obsolete,https://www.gemeinde-merching.de/6865/,Live endpoint missing; verify backlinks before removing,2,0,52
https://www.gemeinde-merching.de/6866/,404,https://www.gemeinde-merching.de/6866/,,Seite nicht gefunden – Gemeinde Merching,page,text/html; charset=UTF-8,,3,,2026-10-10T14:54:28Z,broken/obsolete,https://www.gemeinde-merching.de/6866/,Live endpoint missing; verify backlinks before removing,2,0,52
https://www.gemeinde-merching.de/6868/,404,https://www.gemeinde-merching.de/6868/,,Seite nicht gefunden – Gemeinde Merching,page,text/html; charset=UTF-8,,3,,2026-10-10T14:54:28Z,broken/obsolete,https://www.gemeinde-merching.de/6868/,Live endpoint missing; verify backlinks before removing,2,0,52
https://www.gemeinde-merching.de/6869/,404,https://www.gemeinde-merching.de/6869/,,Seite nicht gefunden – Gemeinde Merching,page,text/html; charset=UTF-8,,3,,2026-10-10T14:54:29Z,broken/obsolete,https://www.gemeinde-merching.de/6869/,Live endpoint missing; verify backlinks before removing,2,0,52
https://www.gemeinde-merching.de/6870/,404,https://www.gemeinde-merching.de/6870/,,Seite nicht gefunden – Gemeinde Merching,page,text/html; charset=UTF-8,,3,,2026-10-10T14:54:30Z,broken/obsolete,https://www.gemeinde-merching.de/6870/,Live endpoint missing; verify backlinks before removing,2,0,52
https://www.gemeinde-merching.de/6871/,404,https://www.gemeinde-merching.de/6871/,,Seite nicht gefunden – Gemeinde Merching,page,text/html; charset=UTF-8,,3,,2026-10-10T14:54:30Z,broken/obsolete,https://www.gemeinde-merching.de/6871/,Live endpoint missing; verify backlinks before removing,2,0,52
https://www.gemeinde-merching.de/9231/,404,https://www.gemeinde-merching.de/9231/,,Seite nicht gefunden – Gemeinde Merching,page,text/html; charset=UTF-8,,3,,2026-10-10T14:54:31Z,broken/obsolete,https://www.gemeinde-merching.de/9231/,Live endpoint missing; verify backlinks before removing,2,0,52
https://www.gemeinde-merching.de/9644/,404,https://www.gemeinde-merching.de/9644/,,Seite nicht gefunden – Gemeinde Merching,page,text/html; charset=UTF-8,,3,,2026-10-10T14:54:31Z,broken/obsolete,https://www.gemeinde-merching.de/9644/,Live endpoint missing; verify backlinks before removing,2,0,52
https://www.gemeinde-merching.de/?attachment_id=5810,200,https://www.gemeinde-merching.de/?attachment_id=5810,https://www.gemeinde-merching.de/?attachment_id=5810,https://www.gemeinde-merching.de/wp-content/uploads/2021/03/QR_Merching-e1615196274737.png – Gemeinde Merching,page,text/html; charset=UTF-8,,2,,2026-10-10T15:02:06Z,preserve exactly,https://www.gemeinde-merching.de/?attachment_id=5810,Preserve public path unless domain mapping requires a reviewed change,3,0,94
https://www.gemeinde-merching.de/?attachment_id=8815,200,https://www.gemeinde-merching.de/?attachment_id=8815,https://www.gemeinde-merching.de/?attachment_id=8815,https://www.gemeinde-merching.de/wp-content/uploads/2021/08/Energieberatung-Landkreis-Aichach-Friedberg-Typo-schwarz-RGB-scaled-e1629102681482.jpg – Gemeinde Merching,page,text/html; charset=UTF-8,,2,,2026-10-10T15:02:07Z,preserve exactly,https://www.gemeinde-merching.de/?attachment_id=8815,Preserve public path unless domain mapping requires a reviewed change,3,0,94
https://www.gemeinde-merching.de/?attachment_id=8817,200,https://www.gemeinde-merching.de/?attachment_id=8817,https://www.gemeinde-merching.de/?attachment_id=8817,https://www.gemeinde-merching.de/wp-content/uploads/2024/06/Energieberatung-Landkreis-Aichach-Friedberg-Typo-schwarz-RGB-scaled-e1719300013415.jpg – Gemeinde Merching,page,text/html; charset=UTF-8,,2,,2026-10-10T15:02:07Z,preserve exactly,https://www.gemeinde-merching.de/?attachment_id=8817,Preserve public path unless domain mapping requires a reviewed change,3,0,94
https://www.gemeinde-merching.de/?attachment_id=8818,200,https://www.gemeinde-merching.de/?attachment_id=8818,https://www.gemeinde-merching.de/?attachment_id=8818,https://www.gemeinde-merching.de/wp-content/uploads/2023/08/Logo-Pflegestuetzpunkt-Landkreis-Aichach-Friedberg-CMYK-e1691053220541.webp – Gemeinde Merching,page,text/html; charset=UTF-8,,2,,2026-10-10T15:02:08Z,preserve exactly,https://www.gemeinde-merching.de/?attachment_id=8818,Preserve public path unless domain mapping requires a reviewed change,3,0,94
https://www.gemeinde-merching.de/?attachment_id=8819,200,https://www.gemeinde-merching.de/?attachment_id=8819,https://www.gemeinde-merching.de/?attachment_id=8819,https://www.gemeinde-merching.de/wp-content/uploads/link-library-images/14.jpg – Gemeinde Merching,page,text/html; charset=UTF-8,,2,,2026-10-10T15:02:09Z,preserve exactly,https://www.gemeinde-merching.de/?attachment_id=8819,Preserve public path unless domain mapping requires a reviewed change,3,0,94
https://www.gemeinde-merching.de/?p=5152&post_type=encyclopedia,404,https://www.gemeinde-merching.de/?p=5152&post_type=encyclopedia,,Seite nicht gefunden – Gemeinde Merching,page,text/html; charset=UTF-8,,3,,2026-10-10T15:02:09Z,broken/obsolete,https://www.gemeinde-merching.de/?p=5152&post_type=encyclopedia,Live endpoint missing; verify backlinks before removing,2,0,52
https://www.gemeinde-merching.de/?p=5157&post_type=encyclopedia,404,https://www.gemeinde-merching.de/?p=5157&post_type=encyclopedia,,Seite nicht gefunden – Gemeinde Merching,page,text/html; charset=UTF-8,,3,,2026-10-10T15:02:10Z,broken/obsolete,https://www.gemeinde-merching.de/?p=5157&post_type=encyclopedia,Live endpoint missing; verify backlinks before removing,2,0,52
https://www.gemeinde-merching.de/?wpdmdl=10027,206,https://www.gemeinde-merching.de/?wpdmdl=10027,,,PDF,application/pdf,128279,0,,2026-10-10T15:25:54Z,preserve exactly,https://www.gemeinde-merching.de/?wpdmdl=10027,Direct asset URLs may have external backlinks,0,0,0
https://www.gemeinde-merching.de/?wpdmdl=10033,206,https://www.gemeinde-merching.de/?wpdmdl=10033,,,PDF,application/pdf,157738,0,,2026-10-10T15:25:55Z,preserve exactly,https://www.gemeinde-merching.de/?wpdmdl=10033,Direct asset URLs may have external backlinks,0,0,0
https://www.gemeinde-merching.de/?wpdmdl=10091,206,https://www.gemeinde-merching.de/?wpdmdl=10091,,,PDF,application/pdf,194397,0,,2026-10-10T15:25:55Z,preserve exactly,https://www.gemeinde-merching.de/?wpdmdl=10091,Direct asset URLs may have external backlinks,0,0,0
https://www.gemeinde-merching.de/?wpdmdl=10179,206,https://www.gemeinde-merching.de/?wpdmdl=10179,,,PDF,application/pdf,93082,0,,2026-10-10T15:25:56Z,preserve exactly,https://www.gemeinde-merching.de/?wpdmdl=10179,Direct asset URLs may have external backlinks,0,0,0
https://www.gemeinde-merching.de/?wpdmdl=10245,206,https://www.gemeinde-merching.de/?wpdmdl=10245,,,PDF,application/pdf,1318574,0,,2026-10-10T15:25:57Z,preserve exactly,https://www.gemeinde-merching.de/?wpdmdl=10245,Direct asset URLs may have external backlinks,0,0,0
https://www.gemeinde-merching.de/?wpdmdl=10316,206,https://www.gemeinde-merching.de/?wpdmdl=10316,,,PDF,application/pdf,189672,0,,2026-10-10T15:25:57Z,preserve exactly,https://www.gemeinde-merching.de/?wpdmdl=10316,Direct asset URLs may have external backlinks,0,0,0
https://www.gemeinde-merching.de/?wpdmdl=10326,206,https://www.gemeinde-merching.de/?wpdmdl=10326,,,PDF,application/pdf,186075,0,,2026-10-10T15:25:58Z,preserve exactly,https://www.gemeinde-merching.de/?wpdmdl=10326,Direct asset URLs may have external backlinks,0,0,0
https://www.gemeinde-merching.de/?wpdmdl=10376,206,https://www.gemeinde-merching.de/?wpdmdl=10376,,,PDF,application/pdf,275151,0,,2026-10-10T15:25:58Z,preserve exactly,https://www.gemeinde-merching.de/?wpdmdl=10376,Direct asset URLs may have external backlinks,0,0,0
https://www.gemeinde-merching.de/?wpdmdl=10426,206,https://www.gemeinde-merching.de/?wpdmdl=10426,,,PDF,application/pdf,188319,0,,2026-10-10T15:25:59Z,preserve exactly,https://www.gemeinde-merching.de/?wpdmdl=10426,Direct asset URLs may have external backlinks,0,0,0
https://www.gemeinde-merching.de/?wpdmdl=10430,206,https://www.gemeinde-merching.de/?wpdmdl=10430,,,PDF,application/pdf,191805,0,,2026-10-10T15:26:00Z,preserve exactly,https://www.gemeinde-merching.de/?wpdmdl=10430,Direct asset URLs may have external backlinks,0,0,0
https://www.gemeinde-merching.de/?wpdmdl=10453,206,https://www.gemeinde-merching.de/?wpdmdl=10453,,,PDF,application/pdf,1663303,0,,2026-10-10T15:26:00Z,preserve exactly,https://www.gemeinde-merching.de/?wpdmdl=10453,Direct asset URLs may have external backlinks,0,0,0
https://www.gemeinde-merching.de/?wpdmdl=10455,206,https://www.gemeinde-merching.de/?wpdmdl=10455,,,PDF,application/pdf,90272,0,,2026-10-10T15:26:01Z,preserve exactly,https://www.gemeinde-merching.de/?wpdmdl=10455,Direct asset URLs may have external backlinks,0,0,0
https://www.gemeinde-merching.de/?wpdmdl=10463,206,https://www.gemeinde-merching.de/?wpdmdl=10463,,,PDF,application/pdf,95241,0,,2026-10-10T15:26:01Z,preserve exactly,https://www.gemeinde-merching.de/?wpdmdl=10463,Direct asset URLs may have external backlinks,0,0,0
https://www.gemeinde-merching.de/?wpdmdl=10532,206,https://www.gemeinde-merching.de/?wpdmdl=10532,,,PDF,application/pdf,117014,0,,2026-10-10T15:26:02Z,preserve exactly,https://www.gemeinde-merching.de/?wpdmdl=10532,Direct asset URLs may have external backlinks,0,0,0
https://www.gemeinde-merching.de/?wpdmdl=10568,206,https://www.gemeinde-merching.de/?wpdmdl=10568,,,PDF,application/pdf,189269,0,,2026-10-10T15:26:03Z,preserve exactly,https://www.gemeinde-merching.de/?wpdmdl=10568,Direct asset URLs may have external backlinks,0,0,0
https://www.gemeinde-merching.de/?wpdmdl=10624,206,https://www.gemeinde-merching.de/?wpdmdl=10624,,,PDF,application/pdf,145848,0,,2026-10-10T15:26:03Z,preserve exactly,https://www.gemeinde-merching.de/?wpdmdl=10624,Direct asset URLs may have external backlinks,0,0,0
https://www.gemeinde-merching.de/?wpdmdl=10683,206,https://www.gemeinde-merching.de/?wpdmdl=10683,,,PDF,application/pdf,2097152,0,,2026-10-10T15:26:04Z,preserve exactly,https://www.gemeinde-merching.de/?wpdmdl=10683,Direct asset URLs may have external backlinks,0,0,0
https://www.gemeinde-merching.de/?wpdmdl=10737,206,https://www.gemeinde-merching.de/?wpdmdl=10737,,,PDF,application/pdf,189444,0,,2026-10-10T15:26:04Z,preserve exactly,https://www.gemeinde-merching.de/?wpdmdl=10737,Direct asset URLs may have external backlinks,0,0,0
https://www.gemeinde-merching.de/?wpdmdl=10741,206,https://www.gemeinde-merching.de/?wpdmdl=10741,,,PDF,application/pdf,166514,0,,2026-10-10T15:26:05Z,preserve exactly,https://www.gemeinde-merching.de/?wpdmdl=10741,Direct asset URLs may have external backlinks,0,0,0
https://www.gemeinde-merching.de/?wpdmdl=10748,206,https://www.gemeinde-merching.de/?wpdmdl=10748,,,PDF,application/pdf,1165763,0,,2026-10-10T15:26:06Z,preserve exactly,https://www.gemeinde-merching.de/?wpdmdl=10748,Direct asset URLs may have external backlinks,0,0,0
https://www.gemeinde-merching.de/?wpdmdl=10772,206,https://www.gemeinde-merching.de/?wpdmdl=10772,,,PDF,application/pdf,203895,0,,2026-10-10T15:26:06Z,preserve exactly,https://www.gemeinde-merching.de/?wpdmdl=10772,Direct asset URLs may have external backlinks,0,0,0
https://www.gemeinde-merching.de/?wpdmdl=10785,206,https://www.gemeinde-merching.de/?wpdmdl=10785,,,PDF,application/pdf,130330,0,,2026-10-10T15:26:07Z,preserve exactly,https://www.gemeinde-merching.de/?wpdmdl=10785,Direct asset URLs may have external backlinks,0,0,0
https://www.gemeinde-merching.de/?wpdmdl=10788,206,https://www.gemeinde-merching.de/?wpdmdl=10788,,,PDF,application/pdf,119389,0,,2026-10-10T15:26:07Z,preserve exactly,https://www.gemeinde-merching.de/?wpdmdl=10788,Direct asset URLs may have external backlinks,0,0,0
https://www.gemeinde-merching.de/?wpdmdl=10790,206,https://www.gemeinde-merching.de/?wpdmdl=10790,,,PDF,application/pdf,297695,0,,2026-10-10T15:26:08Z,preserve exactly,https://www.gemeinde-merching.de/?wpdmdl=10790,Direct asset URLs may have external backlinks,0,0,0
https://www.gemeinde-merching.de/?wpdmdl=10793,206,https://www.gemeinde-merching.de/?wpdmdl=10793,,,PDF,application/pdf,329534,0,,2026-10-10T15:26:09Z,preserve exactly,https://www.gemeinde-merching.de/?wpdmdl=10793,Direct asset URLs may have external backlinks,0,0,0
https://www.gemeinde-merching.de/?wpdmdl=10803,206,https://www.gemeinde-merching.de/?wpdmdl=10803,,,PDF,application/pdf,850144,0,,2026-10-10T15:26:09Z,preserve exactly,https://www.gemeinde-merching.de/?wpdmdl=10803,Direct asset URLs may have external backlinks,0,0,0
https://www.gemeinde-merching.de/?wpdmdl=10870,206,https://www.gemeinde-merching.de/?wpdmdl=10870,,,PDF,application/pdf,434433,0,,2026-10-10T15:26:10Z,preserve exactly,https://www.gemeinde-merching.de/?wpdmdl=10870,Direct asset URLs may have external backlinks,0,0,0
https://www.gemeinde-merching.de/?wpdmdl=10872,206,https://www.gemeinde-merching.de/?wpdmdl=10872,,,PDF,application/pdf,407581,0,,2026-10-10T15:26:10Z,preserve exactly,https://www.gemeinde-merching.de/?wpdmdl=10872,Direct asset URLs may have external backlinks,0,0,0
https://www.gemeinde-merching.de/?wpdmdl=10874,206,https://www.gemeinde-merching.de/?wpdmdl=10874,,,PDF,application/pdf,632423,0,,2026-10-10T15:26:11Z,preserve exactly,https://www.gemeinde-merching.de/?wpdmdl=10874,Direct asset URLs may have external backlinks,0,0,0
https://www.gemeinde-merching.de/?wpdmdl=7017,206,https://www.gemeinde-merching.de/?wpdmdl=7017,,,PDF,application/pdf,22559,0,,2026-10-10T15:26:12Z,preserve exactly,https://www.gemeinde-merching.de/?wpdmdl=7017,Direct asset URLs may have external backlinks,0,0,0
https://www.gemeinde-merching.de/?wpdmdl=7020,206,https://www.gemeinde-merching.de/?wpdmdl=7020,,,PDF,application/pdf,19938,0,,2026-10-10T15:26:12Z,preserve exactly,https://www.gemeinde-merching.de/?wpdmdl=7020,Direct asset URLs may have external backlinks,0,0,0
https://www.gemeinde-merching.de/?wpdmdl=7021,206,https://www.gemeinde-merching.de/?wpdmdl=7021,,,PDF,application/pdf,16713,0,,2026-10-10T15:26:13Z,preserve exactly,https://www.gemeinde-merching.de/?wpdmdl=7021,Direct asset URLs may have external backlinks,0,0,0
https://www.gemeinde-merching.de/?wpdmdl=7022,206,https://www.gemeinde-merching.de/?wpdmdl=7022,,,PDF,application/pdf,15911,0,,2026-10-10T15:26:13Z,preserve exactly,https://www.gemeinde-merching.de/?wpdmdl=7022,Direct asset URLs may have external backlinks,0,0,0
https://www.gemeinde-merching.de/?wpdmdl=7024,206,https://www.gemeinde-merching.de/?wpdmdl=7024,,,PDF,application/pdf,932317,0,,2026-10-10T15:26:14Z,preserve exactly,https://www.gemeinde-merching.de/?wpdmdl=7024,Direct asset URLs may have external backlinks,0,0,0
https://www.gemeinde-merching.de/?wpdmdl=7025,206,https://www.gemeinde-merching.de/?wpdmdl=7025,,,PDF,application/pdf,41828,0,,2026-10-10T15:26:15Z,preserve exactly,https://www.gemeinde-merching.de/?wpdmdl=7025,Direct asset URLs may have external backlinks,0,0,0
https://www.gemeinde-merching.de/?wpdmdl=7028,206,https://www.gemeinde-merching.de/?wpdmdl=7028,,,PDF,application/pdf,302289,0,,2026-10-10T15:26:15Z,preserve exactly,https://www.gemeinde-merching.de/?wpdmdl=7028,Direct asset URLs may have external backlinks,0,0,0
https://www.gemeinde-merching.de/?wpdmdl=7029,206,https://www.gemeinde-merching.de/?wpdmdl=7029,,,PDF,application/pdf,293577,0,,2026-10-10T15:26:16Z,preserve exactly,https://www.gemeinde-merching.de/?wpdmdl=7029,Direct asset URLs may have external backlinks,0,0,0
https://www.gemeinde-merching.de/?wpdmdl=7030,206,https://www.gemeinde-merching.de/?wpdmdl=7030,,,PDF,application/pdf,24642,0,,2026-10-10T15:26:16Z,preserve exactly,https://www.gemeinde-merching.de/?wpdmdl=7030,Direct asset URLs may have external backlinks,0,0,0
https://www.gemeinde-merching.de/?wpdmdl=7031,206,https://www.gemeinde-merching.de/?wpdmdl=7031,,,PDF,application/pdf,13270,0,,2026-10-10T15:26:17Z,preserve exactly,https://www.gemeinde-merching.de/?wpdmdl=7031,Direct asset URLs may have external backlinks,0,0,0
https://www.gemeinde-merching.de/?wpdmdl=7034,206,https://www.gemeinde-merching.de/?wpdmdl=7034,,,PDF,application/pdf,426162,0,,2026-10-10T15:26:18Z,preserve exactly,https://www.gemeinde-merching.de/?wpdmdl=7034,Direct asset URLs may have external backlinks,0,0,0
https://www.gemeinde-merching.de/?wpdmdl=7040,206,https://www.gemeinde-merching.de/?wpdmdl=7040,,,PDF,application/pdf,98986,0,,2026-10-10T15:26:18Z,preserve exactly,https://www.gemeinde-merching.de/?wpdmdl=7040,Direct asset URLs may have external backlinks,0,0,0
https://www.gemeinde-merching.de/?wpdmdl=7041,206,https://www.gemeinde-merching.de/?wpdmdl=7041,,,PDF,application/pdf,417648,0,,2026-10-10T15:26:19Z,preserve exactly,https://www.gemeinde-merching.de/?wpdmdl=7041,Direct asset URLs may have external backlinks,0,0,0
https://www.gemeinde-merching.de/?wpdmdl=7042,206,https://www.gemeinde-merching.de/?wpdmdl=7042,,,PDF,application/pdf,736324,0,,2026-10-10T15:26:19Z,preserve exactly,https://www.gemeinde-merching.de/?wpdmdl=7042,Direct asset URLs may have external backlinks,0,0,0
https://www.gemeinde-merching.de/?wpdmdl=7043,206,https://www.gemeinde-merching.de/?wpdmdl=7043,,,PDF,application/pdf,2097152,0,,2026-10-10T15:26:20Z,preserve exactly,https://www.gemeinde-merching.de/?wpdmdl=7043,Direct asset URLs may have external backlinks,0,0,0
https://www.gemeinde-merching.de/?wpdmdl=7049,206,https://www.gemeinde-merching.de/?wpdmdl=7049,,,PDF,application/pdf,225545,0,,2026-10-10T15:26:21Z,preserve exactly,https://www.gemeinde-merching.de/?wpdmdl=7049,Direct asset URLs may have external backlinks,0,0,0
https://www.gemeinde-merching.de/?wpdmdl=7051,206,https://www.gemeinde-merching.de/?wpdmdl=7051,,,PDF,application/pdf,2097152,0,,2026-10-10T15:26:21Z,preserve exactly,https://www.gemeinde-merching.de/?wpdmdl=7051,Direct asset URLs may have external backlinks,0,0,0
https://www.gemeinde-merching.de/?wpdmdl=7052,206,https://www.gemeinde-merching.de/?wpdmdl=7052,,,PDF,application/pdf,196927,0,,2026-10-10T15:26:22Z,preserve exactly,https://www.gemeinde-merching.de/?wpdmdl=7052,Direct asset URLs may have external backlinks,0,0,0
https://www.gemeinde-merching.de/?wpdmdl=7059,206,https://www.gemeinde-merching.de/?wpdmdl=7059,,,PDF,application/pdf,1528360,0,,2026-10-10T15:26:22Z,preserve exactly,https://www.gemeinde-merching.de/?wpdmdl=7059,Direct asset URLs may have external backlinks,0,0,0
https://www.gemeinde-merching.de/?wpdmdl=7064,206,https://www.gemeinde-merching.de/?wpdmdl=7064,,,PDF,application/pdf,237885,0,,2026-10-10T15:26:23Z,preserve exactly,https://www.gemeinde-merching.de/?wpdmdl=7064,Direct asset URLs may have external backlinks,0,0,0
https://www.gemeinde-merching.de/?wpdmdl=7608,206,https://www.gemeinde-merching.de/?wpdmdl=7608,,,PDF,application/pdf,932934,0,,2026-10-10T15:26:24Z,preserve exactly,https://www.gemeinde-merching.de/?wpdmdl=7608,Direct asset URLs may have external backlinks,0,0,0
https://www.gemeinde-merching.de/?wpdmdl=8020,206,https://www.gemeinde-merching.de/?wpdmdl=8020,,,PDF,application/pdf,321903,0,,2026-10-10T15:26:24Z,preserve exactly,https://www.gemeinde-merching.de/?wpdmdl=8020,Direct asset URLs may have external backlinks,0,0,0
https://www.gemeinde-merching.de/?wpdmdl=8088,206,https://www.gemeinde-merching.de/?wpdmdl=8088,,,PDF,application/pdf,2097152,0,,2026-10-10T15:26:25Z,preserve exactly,https://www.gemeinde-merching.de/?wpdmdl=8088,Direct asset URLs may have external backlinks,0,0,0
https://www.gemeinde-merching.de/?wpdmdl=8090,206,https://www.gemeinde-merching.de/?wpdmdl=8090,,,PDF,application/pdf,2097152,0,,2026-10-10T15:26:25Z,preserve exactly,https://www.gemeinde-merching.de/?wpdmdl=8090,Direct asset URLs may have external backlinks,0,0,0
https://www.gemeinde-merching.de/?wpdmdl=8132,206,https://www.gemeinde-merching.de/?wpdmdl=8132,,,PDF,application/pdf,134976,0,,2026-10-10T15:26:26Z,preserve exactly,https://www.gemeinde-merching.de/?wpdmdl=8132,Direct asset URLs may have external backlinks,0,0,0
https://www.gemeinde-merching.de/?wpdmdl=8659,206,https://www.gemeinde-merching.de/?wpdmdl=8659,,,PDF,application/pdf,134555,0,,2026-10-10T15:26:27Z,preserve exactly,https://www.gemeinde-merching.de/?wpdmdl=8659,Direct asset URLs may have external backlinks,0,0,0
https://www.gemeinde-merching.de/?wpdmdl=8722,200,https://www.gemeinde-merching.de/?wpdmdl=8722,,,page,text/html; charset=UTF-8,,0,,2026-10-10T15:26:27Z,preserve exactly,https://www.gemeinde-merching.de/?wpdmdl=8722,Preserve public path unless domain mapping requires a reviewed change,0,0,2
https://www.gemeinde-merching.de/?wpdmdl=8785,206,https://www.gemeinde-merching.de/?wpdmdl=8785,,,PDF,application/pdf,98580,0,,2026-10-10T15:26:28Z,preserve exactly,https://www.gemeinde-merching.de/?wpdmdl=8785,Direct asset URLs may have external backlinks,0,0,0
https://www.gemeinde-merching.de/?wpdmdl=8962,206,https://www.gemeinde-merching.de/?wpdmdl=8962,,,PDF,application/pdf,2097152,0,,2026-10-10T15:26:28Z,preserve exactly,https://www.gemeinde-merching.de/?wpdmdl=8962,Direct asset URLs may have external backlinks,0,0,0
https://www.gemeinde-merching.de/?wpdmdl=9075,206,https://www.gemeinde-merching.de/?wpdmdl=9075,,,PDF,application/pdf,91000,0,,2026-10-10T15:26:29Z,preserve exactly,https://www.gemeinde-merching.de/?wpdmdl=9075,Direct asset URLs may have external backlinks,0,0,0
https://www.gemeinde-merching.de/?wpdmdl=9230,206,https://www.gemeinde-merching.de/?wpdmdl=9230,,,PDF,application/pdf,61634,0,,2026-10-10T15:26:30Z,preserve exactly,https://www.gemeinde-merching.de/?wpdmdl=9230,Direct asset URLs may have external backlinks,0,0,0
https://www.gemeinde-merching.de/?wpdmdl=9234,206,https://www.gemeinde-merching.de/?wpdmdl=9234,,,PDF,application/pdf,12967,0,,2026-10-10T15:26:30Z,preserve exactly,https://www.gemeinde-merching.de/?wpdmdl=9234,Direct asset URLs may have external backlinks,0,0,0
https://www.gemeinde-merching.de/?wpdmdl=9235,206,https://www.gemeinde-merching.de/?wpdmdl=9235,,,PDF,application/pdf,64911,0,,2026-10-10T15:26:31Z,preserve exactly,https://www.gemeinde-merching.de/?wpdmdl=9235,Direct asset URLs may have external backlinks,0,0,0
https://www.gemeinde-merching.de/?wpdmdl=9236,206,https://www.gemeinde-merching.de/?wpdmdl=9236,,,PDF,application/pdf,80664,0,,2026-10-10T15:26:31Z,preserve exactly,https://www.gemeinde-merching.de/?wpdmdl=9236,Direct asset URLs may have external backlinks,0,0,0
https://www.gemeinde-merching.de/?wpdmdl=9237,206,https://www.gemeinde-merching.de/?wpdmdl=9237,,,PDF,application/pdf,78810,0,,2026-10-10T15:26:32Z,preserve exactly,https://www.gemeinde-merching.de/?wpdmdl=9237,Direct asset URLs may have external backlinks,0,0,0
https://www.gemeinde-merching.de/?wpdmdl=9238,206,https://www.gemeinde-merching.de/?wpdmdl=9238,,,PDF,application/pdf,1101172,0,,2026-10-10T15:26:33Z,preserve exactly,https://www.gemeinde-merching.de/?wpdmdl=9238,Direct asset URLs may have external backlinks,0,0,0
https://www.gemeinde-merching.de/?wpdmdl=9239,206,https://www.gemeinde-merching.de/?wpdmdl=9239,,,PDF,application/pdf,77009,0,,2026-10-10T15:26:33Z,preserve exactly,https://www.gemeinde-merching.de/?wpdmdl=9239,Direct asset URLs may have external backlinks,0,0,0
https://www.gemeinde-merching.de/?wpdmdl=9240,206,https://www.gemeinde-merching.de/?wpdmdl=9240,,,PDF,application/pdf,61673,0,,2026-10-10T15:26:34Z,preserve exactly,https://www.gemeinde-merching.de/?wpdmdl=9240,Direct asset URLs may have external backlinks,0,0,0
https://www.gemeinde-merching.de/?wpdmdl=9241,206,https://www.gemeinde-merching.de/?wpdmdl=9241,,,PDF,application/pdf,13123,0,,2026-10-10T15:26:34Z,preserve exactly,https://www.gemeinde-merching.de/?wpdmdl=9241,Direct asset URLs may have external backlinks,0,0,0
https://www.gemeinde-merching.de/?wpdmdl=9242,206,https://www.gemeinde-merching.de/?wpdmdl=9242,,,PDF,application/pdf,65576,0,,2026-10-10T15:26:35Z,preserve exactly,https://www.gemeinde-merching.de/?wpdmdl=9242,Direct asset URLs may have external backlinks,0,0,0
https://www.gemeinde-merching.de/?wpdmdl=9243,206,https://www.gemeinde-merching.de/?wpdmdl=9243,,,PDF,application/pdf,91676,0,,2026-10-10T15:26:36Z,preserve exactly,https://www.gemeinde-merching.de/?wpdmdl=9243,Direct asset URLs may have external backlinks,0,0,0
https://www.gemeinde-merching.de/?wpdmdl=9244,206,https://www.gemeinde-merching.de/?wpdmdl=9244,,,PDF,application/pdf,365520,0,,2026-10-10T15:26:36Z,preserve exactly,https://www.gemeinde-merching.de/?wpdmdl=9244,Direct asset URLs may have external backlinks,0,0,0
https://www.gemeinde-merching.de/?wpdmdl=9245,206,https://www.gemeinde-merching.de/?wpdmdl=9245,,,PDF,application/pdf,1282390,0,,2026-10-10T15:26:37Z,preserve exactly,https://www.gemeinde-merching.de/?wpdmdl=9245,Direct asset URLs may have external backlinks,0,0,0
https://www.gemeinde-merching.de/?wpdmdl=9246,206,https://www.gemeinde-merching.de/?wpdmdl=9246,,,PDF,application/pdf,19369,0,,2026-10-10T15:26:37Z,preserve exactly,https://www.gemeinde-merching.de/?wpdmdl=9246,Direct asset URLs may have external backlinks,0,0,0
https://www.gemeinde-merching.de/?wpdmdl=9247,206,https://www.gemeinde-merching.de/?wpdmdl=9247,,,PDF,application/pdf,76997,0,,2026-10-10T15:26:38Z,preserve exactly,https://www.gemeinde-merching.de/?wpdmdl=9247,Direct asset URLs may have external backlinks,0,0,0
https://www.gemeinde-merching.de/?wpdmdl=9307,206,https://www.gemeinde-merching.de/?wpdmdl=9307,,,PDF,application/pdf,70694,0,,2026-10-10T15:26:39Z,preserve exactly,https://www.gemeinde-merching.de/?wpdmdl=9307,Direct asset URLs may have external backlinks,0,0,0
https://www.gemeinde-merching.de/?wpdmdl=9308,206,https://www.gemeinde-merching.de/?wpdmdl=9308,,,PDF,application/pdf,101470,0,,2026-10-10T15:26:39Z,preserve exactly,https://www.gemeinde-merching.de/?wpdmdl=9308,Direct asset URLs may have external backlinks,0,0,0
https://www.gemeinde-merching.de/?wpdmdl=9309,206,https://www.gemeinde-merching.de/?wpdmdl=9309,,,PDF,application/pdf,141557,0,,2026-10-10T15:26:40Z,preserve exactly,https://www.gemeinde-merching.de/?wpdmdl=9309,Direct asset URLs may have external backlinks,0,0,0
https://www.gemeinde-merching.de/?wpdmdl=9310,206,https://www.gemeinde-merching.de/?wpdmdl=9310,,,PDF,application/pdf,235906,0,,2026-10-10T15:26:40Z,preserve exactly,https://www.gemeinde-merching.de/?wpdmdl=9310,Direct asset URLs may have external backlinks,0,0,0
https://www.gemeinde-merching.de/?wpdmdl=9311,206,https://www.gemeinde-merching.de/?wpdmdl=9311,,,PDF,application/pdf,135076,0,,2026-10-10T15:26:41Z,preserve exactly,https://www.gemeinde-merching.de/?wpdmdl=9311,Direct asset URLs may have external backlinks,0,0,0
https://www.gemeinde-merching.de/?wpdmdl=9312,206,https://www.gemeinde-merching.de/?wpdmdl=9312,,,PDF,application/pdf,142954,0,,2026-10-10T15:26:42Z,preserve exactly,https://www.gemeinde-merching.de/?wpdmdl=9312,Direct asset URLs may have external backlinks,0,0,0
https://www.gemeinde-merching.de/?wpdmdl=9313,206,https://www.gemeinde-merching.de/?wpdmdl=9313,,,PDF,application/pdf,1597725,0,,2026-10-10T15:26:42Z,preserve exactly,https://www.gemeinde-merching.de/?wpdmdl=9313,Direct asset URLs may have external backlinks,0,0,0
https://www.gemeinde-merching.de/?wpdmdl=9314,206,https://www.gemeinde-merching.de/?wpdmdl=9314,,,PDF,application/pdf,177996,0,,2026-10-10T15:26:43Z,preserve exactly,https://www.gemeinde-merching.de/?wpdmdl=9314,Direct asset URLs may have external backlinks,0,0,0
https://www.gemeinde-merching.de/?wpdmdl=9315,206,https://www.gemeinde-merching.de/?wpdmdl=9315,,,PDF,application/pdf,141381,0,,2026-10-10T15:26:43Z,preserve exactly,https://www.gemeinde-merching.de/?wpdmdl=9315,Direct asset URLs may have external backlinks,0,0,0
https://www.gemeinde-merching.de/?wpdmdl=9316,206,https://www.gemeinde-merching.de/?wpdmdl=9316,,,PDF,application/pdf,181238,0,,2026-10-10T15:26:44Z,preserve exactly,https://www.gemeinde-merching.de/?wpdmdl=9316,Direct asset URLs may have external backlinks,0,0,0
https://www.gemeinde-merching.de/?wpdmdl=9417,206,https://www.gemeinde-merching.de/?wpdmdl=9417,,,PDF,application/pdf,1278593,0,,2026-10-10T15:26:45Z,preserve exactly,https://www.gemeinde-merching.de/?wpdmdl=9417,Direct asset URLs may have external backlinks,0,0,0
https://www.gemeinde-merching.de/?wpdmdl=9511,206,https://www.gemeinde-merching.de/?wpdmdl=9511,,,PDF,application/pdf,54558,0,,2026-10-10T15:26:45Z,preserve exactly,https://www.gemeinde-merching.de/?wpdmdl=9511,Direct asset URLs may have external backlinks,0,0,0
https://www.gemeinde-merching.de/?wpdmdl=9911,206,https://www.gemeinde-merching.de/?wpdmdl=9911,,,PDF,application/pdf,191291,0,,2026-10-10T15:26:46Z,preserve exactly,https://www.gemeinde-merching.de/?wpdmdl=9911,Direct asset URLs may have external backlinks,0,0,0
https://www.gemeinde-merching.de/?wpdmdl=9913,206,https://www.gemeinde-merching.de/?wpdmdl=9913,,,PDF,application/pdf,189362,0,,2026-10-10T15:26:46Z,preserve exactly,https://www.gemeinde-merching.de/?wpdmdl=9913,Direct asset URLs may have external backlinks,0,0,0
https://www.gemeinde-merching.de/?wpdmdl=9915,206,https://www.gemeinde-merching.de/?wpdmdl=9915,,,PDF,application/pdf,137566,0,,2026-10-10T15:26:47Z,preserve exactly,https://www.gemeinde-merching.de/?wpdmdl=9915,Direct asset URLs may have external backlinks,0,0,0
https://www.gemeinde-merching.de/?wpdmdl=9922,206,https://www.gemeinde-merching.de/?wpdmdl=9922,,,PDF,application/pdf,202955,0,,2026-10-10T15:26:48Z,preserve exactly,https://www.gemeinde-merching.de/?wpdmdl=9922,Direct asset URLs may have external backlinks,0,0,0
https://www.gemeinde-merching.de/?wpdmdl=9925,206,https://www.gemeinde-merching.de/?wpdmdl=9925,,,PDF,application/pdf,202955,0,,2026-10-10T15:26:48Z,preserve exactly,https://www.gemeinde-merching.de/?wpdmdl=9925,Direct asset URLs may have external backlinks,0,0,0
https://www.gemeinde-merching.de/?wpdmdl=9939,206,https://www.gemeinde-merching.de/?wpdmdl=9939,,,PDF,application/pdf,228980,0,,2026-10-10T15:26:49Z,preserve exactly,https://www.gemeinde-merching.de/?wpdmdl=9939,Direct asset URLs may have external backlinks,0,0,0
https://www.gemeinde-merching.de/?wpdmdl=9968,206,https://www.gemeinde-merching.de/?wpdmdl=9968,,,PDF,application/pdf,120811,0,,2026-10-10T15:26:49Z,preserve exactly,https://www.gemeinde-merching.de/?wpdmdl=9968,Direct asset URLs may have external backlinks,0,0,0
https://www.gemeinde-merching.de/?wpdmdl=9972,206,https://www.gemeinde-merching.de/?wpdmdl=9972,,,PDF,application/pdf,265526,0,,2026-10-10T15:26:50Z,preserve exactly,https://www.gemeinde-merching.de/?wpdmdl=9972,Direct asset URLs may have external backlinks,0,0,0
https://www.gemeinde-merching.de/?wpdmdl=9976,206,https://www.gemeinde-merching.de/?wpdmdl=9976,,,PDF,application/pdf,118919,0,,2026-10-10T15:26:51Z,preserve exactly,https://www.gemeinde-merching.de/?wpdmdl=9976,Direct asset URLs may have external backlinks,0,0,0
https://www.gemeinde-merching.de/?wpdmdl=9978,206,https://www.gemeinde-merching.de/?wpdmdl=9978,,,PDF,application/pdf,270903,0,,2026-10-10T15:26:51Z,preserve exactly,https://www.gemeinde-merching.de/?wpdmdl=9978,Direct asset URLs may have external backlinks,0,0,0
https://www.gemeinde-merching.de/abschaffung-des-kinderreisepasses-zum-1-januar-2024/,200,https://www.gemeinde-merching.de/abschaffung-des-kinderreisepasses-zum-1-januar-2024/,https://www.gemeinde-merching.de/abschaffung-des-kinderreisepasses-zum-1-januar-2024/,Abschaffung des Kinderreisepasses zum 1. Januar 2024 – Gemeinde Merching,page,text/html; charset=UTF-8,,2,,2026-10-10T14:54:32Z,migrate to another canonical URL + 301,https://www.gemeinde-merching.de/abschaffung-des-kinderreisepasses-zum-1-januar-2024,Slashless new convention; proposed same path without trailing slash,3,1,101
https://www.gemeinde-merching.de/abschaffung-kinderreisepass-zum-01-01-2024/,200,https://www.gemeinde-merching.de/abschaffung-kinderreisepass-zum-01-01-2024/,https://www.gemeinde-merching.de/abschaffung-kinderreisepass-zum-01-01-2024/,Abschaffung Kinderreisepass zum 01.01.2024 – Gemeinde Merching,page,text/html; charset=UTF-8,,2,,2026-10-10T14:54:33Z,migrate to another canonical URL + 301,https://www.gemeinde-merching.de/abschaffung-kinderreisepass-zum-01-01-2024,Slashless new convention; proposed same path without trailing slash,3,1,101
https://www.gemeinde-merching.de/aenderungen-am-grundbesitz-dem-finanzamt-anzeigen/,200,https://www.gemeinde-merching.de/aenderungen-am-grundbesitz-dem-finanzamt-anzeigen/,https://www.gemeinde-merching.de/aenderungen-am-grundbesitz-dem-finanzamt-anzeigen/,Grundsteuer – Änderungen am Grundbesitz bis 30.04.2026 dem Finanzamt anzeigen – Gemeinde Merching,page,text/html; charset=UTF-8,,2,,2026-10-10T14:54:33Z,migrate to another canonical URL + 301,https://www.gemeinde-merching.de/aenderungen-am-grundbesitz-dem-finanzamt-anzeigen,Slashless new convention; proposed same path without trailing slash,3,1,101
https://www.gemeinde-merching.de/aktuelles/,200,https://www.gemeinde-merching.de/aktuelles/,https://www.gemeinde-merching.de/aktuelles/,Aktuelles – Gemeinde Merching,page,text/html; charset=UTF-8,,2,,2026-10-10T14:54:34Z,migrate to another canonical URL + 301,https://www.gemeinde-merching.de/aktuelles,Slashless new convention; proposed same path without trailing slash,13,0,104
https://www.gemeinde-merching.de/aktuelles/aus-dem-rathaus/,200,https://www.gemeinde-merching.de/aktuelles/aus-dem-rathaus/,https://www.gemeinde-merching.de/aktuelles/aus-dem-rathaus/,Aus dem Rathaus – Gemeinde Merching,page,text/html; charset=UTF-8,,2,,2026-10-10T14:54:34Z,migrate to another canonical URL + 301,https://www.gemeinde-merching.de/aktuelles/aus-dem-rathaus,Slashless new convention; proposed same path without trailing slash,32,0,122
https://www.gemeinde-merching.de/aktuelles/aus-merching/,200,https://www.gemeinde-merching.de/aktuelles/aus-merching/,https://www.gemeinde-merching.de/aktuelles/aus-merching/,Aus Merching – Gemeinde Merching,page,text/html; charset=UTF-8,,2,,2026-10-10T14:54:35Z,migrate to another canonical URL + 301,https://www.gemeinde-merching.de/aktuelles/aus-merching,Slashless new convention; proposed same path without trailing slash,15,0,105
https://www.gemeinde-merching.de/aktuelles/ausschreibungen/,200,https://www.gemeinde-merching.de/aktuelles/ausschreibungen/,https://www.gemeinde-merching.de/aktuelles/ausschreibungen/,Ausschreibungen – Gemeinde Merching,page,text/html; charset=UTF-8,,2,,2026-10-10T14:54:36Z,migrate to another canonical URL + 301,https://www.gemeinde-merching.de/aktuelles/ausschreibungen,Slashless new convention; proposed same path without trailing slash,2,0,91
https://www.gemeinde-merching.de/aktuelles/feed/,200,https://www.gemeinde-merching.de/aktuelles/feed/,,,sitemap/xml,application/rss+xml; charset=UTF-8,,0,,2026-10-10T15:12:55Z,manual review,https://www.gemeinde-merching.de/aktuelles/feed/,Public RSS/Atom feed continuation not implemented in the new CMS,0,0,0
https://www.gemeinde-merching.de/aktuelles/fundsachen/,200,https://www.gemeinde-merching.de/aktuelles/fundsachen/,https://www.gemeinde-merching.de/aktuelles/fundsachen/,Fundsachen – Gemeinde Merching,page,text/html; charset=UTF-8,,2,,2026-10-10T14:54:36Z,migrate to another canonical URL + 301,https://www.gemeinde-merching.de/aktuelles/fundsachen,Slashless new convention; proposed same path without trailing slash,8,0,97
https://www.gemeinde-merching.de/aktuelles/landratsamt-andere-behoerden/,200,https://www.gemeinde-merching.de/aktuelles/landratsamt-andere-behoerden/,https://www.gemeinde-merching.de/aktuelles/landratsamt-andere-behoerden/,Aus dem Landratsamt und anderen Behörden – Gemeinde Merching,page,text/html; charset=UTF-8,,2,,2026-10-10T14:54:37Z,migrate to another canonical URL + 301,https://www.gemeinde-merching.de/aktuelles/landratsamt-andere-behoerden,Slashless new convention; proposed same path without trailing slash,7,0,97
https://www.gemeinde-merching.de/aktuelles/oeffentliche-bekanntmachungen/,200,https://www.gemeinde-merching.de/aktuelles/oeffentliche-bekanntmachungen/,https://www.gemeinde-merching.de/aktuelles/oeffentliche-bekanntmachungen/,Öffentliche Bekanntmachungen – Gemeinde Merching,page,text/html; charset=UTF-8,,2,,2026-10-10T14:54:37Z,migrate to another canonical URL + 301,https://www.gemeinde-merching.de/aktuelles/oeffentliche-bekanntmachungen,Slashless new convention; proposed same path without trailing slash,12,0,113
https://www.gemeinde-merching.de/aktuelles/stellenanzeigen/,200,https://www.gemeinde-merching.de/aktuelles/stellenanzeigen/,https://www.gemeinde-merching.de/aktuelles/stellenanzeigen/,Unsere Stellenanzeigen – Gemeinde Merching,page,text/html; charset=UTF-8,,2,,2026-10-10T14:54:38Z,migrate to another canonical URL + 301,https://www.gemeinde-merching.de/aktuelles/stellenanzeigen,Slashless new convention; proposed same path without trailing slash,3,0,96
https://www.gemeinde-merching.de/aktuelles/stellenanzeigen/feed/,200,https://www.gemeinde-merching.de/aktuelles/stellenanzeigen/feed/,,,sitemap/xml,application/rss+xml; charset=UTF-8,,0,,2026-10-10T15:12:56Z,manual review,https://www.gemeinde-merching.de/aktuelles/stellenanzeigen/feed/,Public RSS/Atom feed continuation not implemented in the new CMS,0,0,0
https://www.gemeinde-merching.de/alle-downloads/,200,https://www.gemeinde-merching.de/buergerservice/alle-downloads-in-der-uebersicht/,https://www.gemeinde-merching.de/buergerservice/alle-downloads-in-der-uebersicht/,Alle Downloads in der Übersicht – Gemeinde Merching,page,text/html; charset=UTF-8,,2,,2026-10-10T14:54:39Z,duplicate/alias,https://www.gemeinde-merching.de/buergerservice/alle-downloads-in-der-uebersicht/,Existing live redirect; preserve full chain destination,2,0,92
https://www.gemeinde-merching.de/amtsblatt-landkreis-aichach-friedberg-06-2026-jahrgang-81/,200,https://www.gemeinde-merching.de/amtsblatt-landkreis-aichach-friedberg-06-2026-jahrgang-81/,https://www.gemeinde-merching.de/amtsblatt-landkreis-aichach-friedberg-06-2026-jahrgang-81/,"Amtsblatt Landkreis Aichach-Friedberg 06/2026, Jahrgang 81 – Gemeinde Merching",page,text/html; charset=UTF-8,,2,,2026-10-10T14:54:39Z,migrate to another canonical URL + 301,https://www.gemeinde-merching.de/amtsblatt-landkreis-aichach-friedberg-06-2026-jahrgang-81,Slashless new convention; proposed same path without trailing slash,3,0,97
https://www.gemeinde-merching.de/amtsblatt-nr-01-2023-der-regierung-von-schwaben/,200,https://www.gemeinde-merching.de/amtsblatt-nr-01-2023-der-regierung-von-schwaben/,https://www.gemeinde-merching.de/amtsblatt-nr-01-2023-der-regierung-von-schwaben/,Amtsblatt Nr. 18/2026 der Regierung von Schwaben – Gemeinde Merching,page,text/html; charset=UTF-8,,2,,2026-10-10T14:54:40Z,migrate to another canonical URL + 301,https://www.gemeinde-merching.de/amtsblatt-nr-01-2023-der-regierung-von-schwaben,Slashless new convention; proposed same path without trailing slash,5,0,99
https://www.gemeinde-merching.de/amtsblatt-nr-01-2023-der-regierung-von-schwaben/feed/,200,https://www.gemeinde-merching.de/amtsblatt-nr-01-2023-der-regierung-von-schwaben/feed/,,,sitemap/xml,application/rss+xml; charset=UTF-8,,0,,2026-10-10T15:12:57Z,manual review,https://www.gemeinde-merching.de/amtsblatt-nr-01-2023-der-regierung-von-schwaben/feed/,Public RSS/Atom feed continuation not implemented in the new CMS,0,0,0
https://www.gemeinde-merching.de/author/aumiller/,200,https://www.gemeinde-merching.de/author/aumiller/,,Gemeinde Merching – Gemeinde Merching,page,text/html; charset=UTF-8,,2,,2026-10-10T15:10:21Z,migrate to another canonical URL + 301,https://www.gemeinde-merching.de/author/aumiller,Slashless new convention; proposed same path without trailing slash,12,0,111
https://www.gemeinde-merching.de/author/aumiller/feed/,200,https://www.gemeinde-merching.de/author/aumiller/feed/,,,sitemap/xml,application/rss+xml; charset=UTF-8,,0,,2026-10-10T15:13:40Z,manual review,https://www.gemeinde-merching.de/author/aumiller/feed/,Public RSS/Atom feed continuation not implemented in the new CMS,0,0,0
https://www.gemeinde-merching.de/author/aumiller/page/2/,200,https://www.gemeinde-merching.de/author/aumiller/page/2/,,Gemeinde Merching – Seite 2 – Gemeinde Merching,page,text/html; charset=UTF-8,,2,,2026-10-10T15:10:23Z,migrate to another canonical URL + 301,https://www.gemeinde-merching.de/author/aumiller/page/2,Slashless new convention; proposed same path without trailing slash,14,0,115
https://www.gemeinde-merching.de/author/aumiller/page/3/,200,https://www.gemeinde-merching.de/author/aumiller/page/3/,,Gemeinde Merching – Seite 3 – Gemeinde Merching,page,text/html; charset=UTF-8,,2,,2026-10-10T15:10:24Z,migrate to another canonical URL + 301,https://www.gemeinde-merching.de/author/aumiller/page/3,Slashless new convention; proposed same path without trailing slash,16,0,113
https://www.gemeinde-merching.de/author/aumiller/page/4/,200,https://www.gemeinde-merching.de/author/aumiller/page/4/,,Gemeinde Merching – Seite 4 – Gemeinde Merching,page,text/html; charset=UTF-8,,2,,2026-10-10T15:10:25Z,migrate to another canonical URL + 301,https://www.gemeinde-merching.de/author/aumiller/page/4,Slashless new convention; proposed same path without trailing slash,15,0,114
https://www.gemeinde-merching.de/author/aumiller/page/5/,200,https://www.gemeinde-merching.de/author/aumiller/page/5/,,Gemeinde Merching – Seite 5 – Gemeinde Merching,page,text/html; charset=UTF-8,,2,,2026-10-10T15:10:24Z,migrate to another canonical URL + 301,https://www.gemeinde-merching.de/author/aumiller/page/5,Slashless new convention; proposed same path without trailing slash,3,0,100
https://www.gemeinde-merching.de/author/hagen/,200,https://www.gemeinde-merching.de/author/hagen/,,Gemeinde Merching – Gemeinde Merching,page,text/html; charset=UTF-8,,2,,2026-10-10T15:10:22Z,migrate to another canonical URL + 301,https://www.gemeinde-merching.de/author/hagen,Slashless new convention; proposed same path without trailing slash,16,0,111
https://www.gemeinde-merching.de/author/hagen/feed/,200,https://www.gemeinde-merching.de/author/hagen/feed/,,,sitemap/xml,application/rss+xml; charset=UTF-8,,0,,2026-10-10T15:13:41Z,manual review,https://www.gemeinde-merching.de/author/hagen/feed/,Public RSS/Atom feed continuation not implemented in the new CMS,0,0,0
https://www.gemeinde-merching.de/balkonkraftwerk-o-klassiche-photovoltaikanlage-sonnenstrom-fuer-jeden-bedarf/,200,https://www.gemeinde-merching.de/balkonkraftwerk-o-klassiche-photovoltaikanlage-sonnenstrom-fuer-jeden-bedarf/,https://www.gemeinde-merching.de/balkonkraftwerk-o-klassiche-photovoltaikanlage-sonnenstrom-fuer-jeden-bedarf/,Balkonkraftwerk o. klassiche Photovoltaikanlage – Sonnenstrom für jeden Bedarf – Gemeinde Merching,page,text/html; charset=UTF-8,,2,,2026-10-10T14:54:40Z,migrate to another canonical URL + 301,https://www.gemeinde-merching.de/balkonkraftwerk-o-klassiche-photovoltaikanlage-sonnenstrom-fuer-jeden-bedarf,Slashless new convention; proposed same path without trailing slash,8,0,100
https://www.gemeinde-merching.de/bekanntmachung-beschwerdeausschuss/,200,https://www.gemeinde-merching.de/bekanntmachung-beschwerdeausschuss/,https://www.gemeinde-merching.de/bekanntmachung-beschwerdeausschuss/,Bekanntmachung Beschwerdeausschuss – Gemeinde Merching,page,text/html; charset=UTF-8,,2,,2026-10-10T14:54:41Z,migrate to another canonical URL + 301,https://www.gemeinde-merching.de/bekanntmachung-beschwerdeausschuss,Slashless new convention; proposed same path without trailing slash,5,0,98
https://www.gemeinde-merching.de/bekanntmachung-der-beitrags-und-gebuehrensatzung-zur-entwaesserungssatzung-der-gemeinde-merching-v-12-12-2025/,200,https://www.gemeinde-merching.de/bekanntmachung-der-beitrags-und-gebuehrensatzung-zur-entwaesserungssatzung-der-gemeinde-merching-v-12-12-2025/,https://www.gemeinde-merching.de/bekanntmachung-der-beitrags-und-gebuehrensatzung-zur-entwaesserungssatzung-der-gemeinde-merching-v-12-12-2025/,Bekanntmachung der Beitrags- und Gebührensatzung zur Entwässerungssatzung der Gemeinde Merching v. 12.12.2025 – Gemeinde Merching,page,text/html; charset=UTF-8,,2,,2026-10-10T14:54:42Z,migrate to another canonical URL + 301,https://www.gemeinde-merching.de/bekanntmachung-der-beitrags-und-gebuehrensatzung-zur-entwaesserungssatzung-der-gemeinde-merching-v-12-12-2025,Slashless new convention; proposed same path without trailing slash,3,0,97
https://www.gemeinde-merching.de/bekanntmachung-der-beitrags-und-gebuehrensatzung-zur-wasserabgabesatzung-der-gemeinde-merching-v-12-12-2025/,200,https://www.gemeinde-merching.de/bekanntmachung-der-beitrags-und-gebuehrensatzung-zur-wasserabgabesatzung-der-gemeinde-merching-v-12-12-2025/,https://www.gemeinde-merching.de/bekanntmachung-der-beitrags-und-gebuehrensatzung-zur-wasserabgabesatzung-der-gemeinde-merching-v-12-12-2025/,Bekanntmachung der Beitrags- und Gebührensatzung zur Wasserabgabesatzung der Gemeinde Merching v. 12.12.2025 – Gemeinde Merching,page,text/html; charset=UTF-8,,2,,2026-10-10T14:54:42Z,migrate to another canonical URL + 301,https://www.gemeinde-merching.de/bekanntmachung-der-beitrags-und-gebuehrensatzung-zur-wasserabgabesatzung-der-gemeinde-merching-v-12-12-2025,Slashless new convention; proposed same path without trailing slash,3,0,97
https://www.gemeinde-merching.de/bekanntmachung-des-abschliessenden-ergebnisses-der-wahl-des-ersten-buergermeisters-am-08-maerz-2026/,200,https://www.gemeinde-merching.de/bekanntmachung-des-abschliessenden-ergebnisses-der-wahl-des-ersten-buergermeisters-am-08-maerz-2026/,https://www.gemeinde-merching.de/bekanntmachung-des-abschliessenden-ergebnisses-der-wahl-des-ersten-buergermeisters-am-08-maerz-2026/,Bekanntmachung des abschließenden Ergebnisses der Wahl des ersten Bürgermeisters am 08. März 2026 – Gemeinde Merching,page,text/html; charset=UTF-8,,2,,2026-10-10T14:54:43Z,migrate to another canonical URL + 301,https://www.gemeinde-merching.de/bekanntmachung-des-abschliessenden-ergebnisses-der-wahl-des-ersten-buergermeisters-am-08-maerz-2026,Slashless new convention; proposed same path without trailing slash,7,0,99
https://www.gemeinde-merching.de/bekanntmachung-des-abschliessenden-ergebnisses-der-wahl-des-gemeinderats-am-08-maerz-2026/,200,https://www.gemeinde-merching.de/bekanntmachung-des-abschliessenden-ergebnisses-der-wahl-des-gemeinderats-am-08-maerz-2026/,https://www.gemeinde-merching.de/bekanntmachung-des-abschliessenden-ergebnisses-der-wahl-des-gemeinderats-am-08-maerz-2026/,Bekanntmachung des abschließenden Ergebnisses der Wahl des Gemeinderats am 08. März 2026 – Gemeinde Merching,page,text/html; charset=UTF-8,,2,,2026-10-10T14:54:43Z,migrate to another canonical URL + 301,https://www.gemeinde-merching.de/bekanntmachung-des-abschliessenden-ergebnisses-der-wahl-des-gemeinderats-am-08-maerz-2026,Slashless new convention; proposed same path without trailing slash,7,0,99
https://www.gemeinde-merching.de/bekanntmachung-fuer-den-eroerterungstermin-licca-liber-i/,200,https://www.gemeinde-merching.de/bekanntmachung-fuer-den-eroerterungstermin-licca-liber-i/,https://www.gemeinde-merching.de/bekanntmachung-fuer-den-eroerterungstermin-licca-liber-i/,Bekanntmachung für den Erörterungstermin Licca Liber I – Gemeinde Merching,page,text/html; charset=UTF-8,,2,,2026-10-10T14:54:44Z,migrate to another canonical URL + 301,https://www.gemeinde-merching.de/bekanntmachung-fuer-den-eroerterungstermin-licca-liber-i,Slashless new convention; proposed same path without trailing slash,3,0,97
https://www.gemeinde-merching.de/bekanntmachung-grundsteuer-und-hundesteuer-2025/,200,https://www.gemeinde-merching.de/bekanntmachung-grundsteuer-und-hundesteuer-2025/,https://www.gemeinde-merching.de/bekanntmachung-grundsteuer-und-hundesteuer-2025/,Bekanntmachung Grundsteuer und Hundesteuer 2025 – Gemeinde Merching,page,text/html; charset=UTF-8,,2,,2026-10-10T14:54:45Z,migrate to another canonical URL + 301,https://www.gemeinde-merching.de/bekanntmachung-grundsteuer-und-hundesteuer-2025,Slashless new convention; proposed same path without trailing slash,3,0,96
https://www.gemeinde-merching.de/bekanntmachung-kostensatzung/,200,https://www.gemeinde-merching.de/bekanntmachung-kostensatzung/,https://www.gemeinde-merching.de/bekanntmachung-kostensatzung/,Bekanntmachung Kostensatzung – Gemeinde Merching,page,text/html; charset=UTF-8,,2,,2026-10-10T14:54:45Z,migrate to another canonical URL + 301,https://www.gemeinde-merching.de/bekanntmachung-kostensatzung,Slashless new convention; proposed same path without trailing slash,3,0,98
https://www.gemeinde-merching.de/bekanntmachung-ueber-die-aufforderung-zur-einreichung-von-wahlvorschlaegen-fuer-die-wahl-des-gemeinderats-und-der-ersten-buergermeisterin-des-ersten-buergermeisters/,200,https://www.gemeinde-merching.de/bekanntmachung-ueber-die-aufforderung-zur-einreichung-von-wahlvorschlaegen-fuer-die-wahl-des-gemeinderats-und-der-ersten-buergermeisterin-des-ersten-buergermeisters/,https://www.gemeinde-merching.de/bekanntmachung-ueber-die-aufforderung-zur-einreichung-von-wahlvorschlaegen-fuer-die-wahl-des-gemeinderats-und-der-ersten-buergermeisterin-des-ersten-buergermeisters/,Bekanntmachung über die Aufforderung zur Einreichung von Wahlvorschlägen für die Wahl des Gemeinderats und der ersten Bürgermeisterin/des ersten Bürgermeisters – Gemeinde Merching,page,text/html; charset=UTF-8,,2,,2026-10-10T14:54:46Z,migrate to another canonical URL + 301,https://www.gemeinde-merching.de/bekanntmachung-ueber-die-aufforderung-zur-einreichung-von-wahlvorschlaegen-fuer-die-wahl-des-gemeinderats-und-der-ersten-buergermeisterin-des-ersten-buergermeisters,Slashless new convention; proposed same path without trailing slash,3,0,96
https://www.gemeinde-merching.de/bekanntmachung-ueber-die-eintragungsmoeglichkeiten-in-unterstuetzungslisten/,200,https://www.gemeinde-merching.de/bekanntmachung-ueber-die-eintragungsmoeglichkeiten-in-unterstuetzungslisten/,https://www.gemeinde-merching.de/bekanntmachung-ueber-die-eintragungsmoeglichkeiten-in-unterstuetzungslisten/,Bekanntmachung über die Eintragungsmöglichkeiten in Unterstützungslisten – Gemeinde Merching,page,text/html; charset=UTF-8,,2,,2026-10-10T14:54:46Z,migrate to another canonical URL + 301,https://www.gemeinde-merching.de/bekanntmachung-ueber-die-eintragungsmoeglichkeiten-in-unterstuetzungslisten,Slashless new convention; proposed same path without trailing slash,3,0,96
https://www.gemeinde-merching.de/bekanntmachung-v-12-05-2026-vergabe-von-gemeindlichen-wohnbaugrundstuecken/,200,https://www.gemeinde-merching.de/bekanntmachung-v-12-05-2026-vergabe-von-gemeindlichen-wohnbaugrundstuecken/,https://www.gemeinde-merching.de/bekanntmachung-v-12-05-2026-vergabe-von-gemeindlichen-wohnbaugrundstuecken/,Bekanntmachung v. 12.05.2026 – Vergabe von gemeindlichen Wohnbaugrundstücken – Gemeinde Merching,page,text/html; charset=UTF-8,,2,,2026-10-10T14:54:47Z,migrate to another canonical URL + 301,https://www.gemeinde-merching.de/bekanntmachung-v-12-05-2026-vergabe-von-gemeindlichen-wohnbaugrundstuecken,Slashless new convention; proposed same path without trailing slash,3,1,101
https://www.gemeinde-merching.de/bekanntmachungen-zur-1-aenderung-des-bebauungsplanes-nr-34-oestlich-der-nebelhornstrasse/,200,https://www.gemeinde-merching.de/bekanntmachungen-zur-1-aenderung-des-bebauungsplanes-nr-34-oestlich-der-nebelhornstrasse/,https://www.gemeinde-merching.de/bekanntmachungen-zur-1-aenderung-des-bebauungsplanes-nr-34-oestlich-der-nebelhornstrasse/,Bekanntmachungen zur 1. Änderung des Bebauungsplanes Nr. 34 – Östlich der Nebelhornstraße – Gemeinde Merching,page,text/html; charset=UTF-8,,2,,2026-10-10T14:54:48Z,migrate to another canonical URL + 301,https://www.gemeinde-merching.de/bekanntmachungen-zur-1-aenderung-des-bebauungsplanes-nr-34-oestlich-der-nebelhornstrasse,Slashless new convention; proposed same path without trailing slash,3,0,97
https://www.gemeinde-merching.de/blaualgen-tychonema-am-mandichosee/,200,https://www.gemeinde-merching.de/blaualgen-tychonema-am-mandichosee/,https://www.gemeinde-merching.de/blaualgen-tychonema-am-mandichosee/,Blaualgen Tychonema am Mandichosee – Gemeinde Merching,page,text/html; charset=UTF-8,,2,,2026-10-10T14:54:48Z,migrate to another canonical URL + 301,https://www.gemeinde-merching.de/blaualgen-tychonema-am-mandichosee,Slashless new convention; proposed same path without trailing slash,3,0,97
https://www.gemeinde-merching.de/bodenrichtwerte-ab-01-01-2026/,200,https://www.gemeinde-merching.de/bodenrichtwerte-ab-01-01-2026/,https://www.gemeinde-merching.de/bodenrichtwerte-ab-01-01-2026/,Bodenrichtwerte ab 01.01.2026 – Gemeinde Merching,page,text/html; charset=UTF-8,,2,,2026-10-10T14:54:49Z,migrate to another canonical URL + 301,https://www.gemeinde-merching.de/bodenrichtwerte-ab-01-01-2026,Slashless new convention; proposed same path without trailing slash,3,0,97
https://www.gemeinde-merching.de/brunnenregenerierung-abgeschlossen/,200,https://www.gemeinde-merching.de/brunnenregenerierung-abgeschlossen/,https://www.gemeinde-merching.de/brunnenregenerierung-abgeschlossen/,Brunnenregenerierung abgeschlossen – Gemeinde Merching,page,text/html; charset=UTF-8,,2,,2026-10-10T14:54:49Z,migrate to another canonical URL + 301,https://www.gemeinde-merching.de/brunnenregenerierung-abgeschlossen,Slashless new convention; proposed same path without trailing slash,5,0,97
https://www.gemeinde-merching.de/buergerservice/,200,https://www.gemeinde-merching.de/buergerservice/,https://www.gemeinde-merching.de/buergerservice/,Bürgerservice – Gemeinde Merching,page,text/html; charset=UTF-8,,2,,2026-10-10T14:54:50Z,migrate to another canonical URL + 301,https://www.gemeinde-merching.de/buergerservice,Slashless new convention; proposed same path without trailing slash,3,0,93
https://www.gemeinde-merching.de/buergerservice/alle-downloads-in-der-uebersicht/,200,https://www.gemeinde-merching.de/buergerservice/alle-downloads-in-der-uebersicht/,https://www.gemeinde-merching.de/buergerservice/alle-downloads-in-der-uebersicht/,Alle Downloads in der Übersicht – Gemeinde Merching,page,text/html; charset=UTF-8,,2,,2026-10-10T14:54:51Z,migrate to another canonical URL + 301,https://www.gemeinde-merching.de/buergerservice/alle-downloads-in-der-uebersicht,Slashless new convention; proposed same path without trailing slash,2,0,92
https://www.gemeinde-merching.de/buergerservice/buergerservice-von-a-z/,200,https://www.gemeinde-merching.de/buergerservice/buergerservice-von-a-z/,https://www.gemeinde-merching.de/buergerservice/buergerservice-von-a-z/,Bürgerservice von A-Z – Gemeinde Merching,page,text/html; charset=UTF-8,,2,,2026-10-10T14:54:51Z,migrate to another canonical URL + 301,https://www.gemeinde-merching.de/buergerservice/buergerservice-von-a-z,Slashless new convention; proposed same path without trailing slash,2,0,101
https://www.gemeinde-merching.de/buergerservice/buergerservice-von-a-z/feed/,200,https://www.gemeinde-merching.de/buergerservice/buergerservice-von-a-z/feed/,,,sitemap/xml,application/rss+xml; charset=UTF-8,,0,,2026-10-10T15:12:58Z,manual review,https://www.gemeinde-merching.de/buergerservice/buergerservice-von-a-z/feed/,Public RSS/Atom feed continuation not implemented in the new CMS,0,0,0
https://www.gemeinde-merching.de/buergerservice/buergerserviceportal/,200,https://www.gemeinde-merching.de/buergerservice/buergerserviceportal/,https://www.gemeinde-merching.de/buergerservice/buergerserviceportal/,Bürgerserviceportal – Gemeinde Merching,page,text/html; charset=UTF-8,,2,,2026-10-10T14:54:52Z,migrate to another canonical URL + 301,https://www.gemeinde-merching.de/buergerservice/buergerserviceportal,Slashless new convention; proposed same path without trailing slash,3,0,92
https://www.gemeinde-merching.de/buergerservice/downloads/,200,https://www.gemeinde-merching.de/buergerservice/downloads/,https://www.gemeinde-merching.de/buergerservice/downloads/,Weitere Downloads – Gemeinde Merching,page,text/html; charset=UTF-8,,2,,2026-10-10T14:54:52Z,migrate to another canonical URL + 301,https://www.gemeinde-merching.de/buergerservice/downloads,Slashless new convention; proposed same path without trailing slash,20,0,131
https://www.gemeinde-merching.de/buergerservice/feed/,200,https://www.gemeinde-merching.de/buergerservice/feed/,,,sitemap/xml,application/rss+xml; charset=UTF-8,,0,,2026-10-10T15:12:58Z,manual review,https://www.gemeinde-merching.de/buergerservice/feed/,Public RSS/Atom feed continuation not implemented in the new CMS,0,0,0
https://www.gemeinde-merching.de/buergerservice/flaechennutzungsplan-bebauungsplaene/,200,https://www.gemeinde-merching.de/buergerservice/flaechennutzungsplan-bebauungsplaene/,https://www.gemeinde-merching.de/buergerservice/flaechennutzungsplan-bebauungsplaene/,Flächennutzungsplan – Bebauungspläne – Gemeinde Merching,page,text/html; charset=UTF-8,,2,,2026-10-10T14:54:53Z,migrate to another canonical URL + 301,https://www.gemeinde-merching.de/buergerservice/flaechennutzungsplan-bebauungsplaene,Slashless new convention; proposed same path without trailing slash,3,0,96
https://www.gemeinde-merching.de/buergerservice/flaechennutzungsplan-bebauungsplaene/feed/,200,https://www.gemeinde-merching.de/buergerservice/flaechennutzungsplan-bebauungsplaene/feed/,,,sitemap/xml,application/rss+xml; charset=UTF-8,,0,,2026-10-10T15:12:59Z,manual review,https://www.gemeinde-merching.de/buergerservice/flaechennutzungsplan-bebauungsplaene/feed/,Public RSS/Atom feed continuation not implemented in the new CMS,0,0,0
https://www.gemeinde-merching.de/buergerservice/formulare/,200,https://www.gemeinde-merching.de/buergerservice/formulare/,https://www.gemeinde-merching.de/buergerservice/formulare/,Formulare – Gemeinde Merching,page,text/html; charset=UTF-8,,2,,2026-10-10T14:54:54Z,migrate to another canonical URL + 301,https://www.gemeinde-merching.de/buergerservice/formulare,Slashless new convention; proposed same path without trailing slash,2,9,101
https://www.gemeinde-merching.de/buergerservice/formulare/feed/,200,https://www.gemeinde-merching.de/buergerservice/formulare/feed/,,,sitemap/xml,application/rss+xml; charset=UTF-8,,0,,2026-10-10T15:13:00Z,manual review,https://www.gemeinde-merching.de/buergerservice/formulare/feed/,Public RSS/Atom feed continuation not implemented in the new CMS,0,0,0
https://www.gemeinde-merching.de/buergerservice/gemeindebroschuere/,200,https://www.gemeinde-merching.de/buergerservice/gemeindebroschuere/,https://www.gemeinde-merching.de/buergerservice/gemeindebroschuere/,Gemeindebroschüre – Gemeinde Merching,page,text/html; charset=UTF-8,,2,,2026-10-10T14:54:54Z,migrate to another canonical URL + 301,https://www.gemeinde-merching.de/buergerservice/gemeindebroschuere,Slashless new convention; proposed same path without trailing slash,5,0,93
https://www.gemeinde-merching.de/buergerservice/gemeindekurier/,200,https://www.gemeinde-merching.de/buergerservice/gemeindekurier/,https://www.gemeinde-merching.de/buergerservice/gemeindekurier/,Gemeindekurier und Bürgerinformationen – Gemeinde Merching,page,text/html; charset=UTF-8,,2,,2026-10-10T14:54:55Z,migrate to another canonical URL + 301,https://www.gemeinde-merching.de/buergerservice/gemeindekurier,Slashless new convention; proposed same path without trailing slash,8,0,102
https://www.gemeinde-merching.de/buergerservice/gemeindekurier/feed/,200,https://www.gemeinde-merching.de/buergerservice/gemeindekurier/feed/,,,sitemap/xml,application/rss+xml; charset=UTF-8,,0,,2026-10-10T15:13:01Z,manual review,https://www.gemeinde-merching.de/buergerservice/gemeindekurier/feed/,Public RSS/Atom feed continuation not implemented in the new CMS,0,0,0
https://www.gemeinde-merching.de/buergerservice/gemeinderat/,200,https://www.gemeinde-merching.de/buergerservice/gemeinderat/,https://www.gemeinde-merching.de/buergerservice/gemeinderat/,Ratsinformation Gemeinderat und Schulverbände – Gemeinde Merching,page,text/html; charset=UTF-8,,2,,2026-10-10T14:54:55Z,migrate to another canonical URL + 301,https://www.gemeinde-merching.de/buergerservice/gemeinderat,Slashless new convention; proposed same path without trailing slash,2,0,92
https://www.gemeinde-merching.de/buergerservice/gemeinderat/feed/,200,https://www.gemeinde-merching.de/buergerservice/gemeinderat/feed/,,,sitemap/xml,application/rss+xml; charset=UTF-8,,0,,2026-10-10T15:13:01Z,manual review,https://www.gemeinde-merching.de/buergerservice/gemeinderat/feed/,Public RSS/Atom feed continuation not implemented in the new CMS,0,0,0
https://www.gemeinde-merching.de/buergerservice/haushaltsplaene/,200,https://www.gemeinde-merching.de/buergerservice/haushaltsplaene/,https://www.gemeinde-merching.de/buergerservice/haushaltsplaene/,Haushaltspläne – Gemeinde Merching,page,text/html; charset=UTF-8,,2,,2026-10-10T14:54:56Z,migrate to another canonical URL + 301,https://www.gemeinde-merching.de/buergerservice/haushaltsplaene,Slashless new convention; proposed same path without trailing slash,27,0,143
https://www.gemeinde-merching.de/buergerservice/interessante-links-im-web/,200,https://www.gemeinde-merching.de/buergerservice/interessante-links-im-web/,https://www.gemeinde-merching.de/buergerservice/interessante-links-im-web/,Interessante Links im Web – Gemeinde Merching,page,text/html; charset=UTF-8,,2,,2026-10-10T14:54:57Z,migrate to another canonical URL + 301,https://www.gemeinde-merching.de/buergerservice/interessante-links-im-web,Slashless new convention; proposed same path without trailing slash,19,0,106
https://www.gemeinde-merching.de/buergerservice/interessante-links-im-web/feed/,200,https://www.gemeinde-merching.de/buergerservice/interessante-links-im-web/feed/,,,sitemap/xml,application/rss+xml; charset=UTF-8,,0,,2026-10-10T15:13:02Z,manual review,https://www.gemeinde-merching.de/buergerservice/interessante-links-im-web/feed/,Public RSS/Atom feed continuation not implemented in the new CMS,0,0,0
https://www.gemeinde-merching.de/buergerservice/lebenslagen/,200,https://www.gemeinde-merching.de/buergerservice/lebenslagen/,https://www.gemeinde-merching.de/buergerservice/lebenslagen/,Lebenslagen – Gemeinde Merching,page,text/html; charset=UTF-8,,2,,2026-10-10T14:54:57Z,migrate to another canonical URL + 301,https://www.gemeinde-merching.de/buergerservice/lebenslagen,Slashless new convention; proposed same path without trailing slash,2,0,92
https://www.gemeinde-merching.de/buergerservice/lebenslagen/eheschliessung/,200,https://www.gemeinde-merching.de/buergerservice/lebenslagen/eheschliessung/,https://www.gemeinde-merching.de/buergerservice/lebenslagen/eheschliessung/,"Eheschließung, Geburt, Sterbefall – Gemeinde Merching",page,text/html; charset=UTF-8,,2,,2026-10-10T14:54:58Z,migrate to another canonical URL + 301,https://www.gemeinde-merching.de/buergerservice/lebenslagen/eheschliessung,Slashless new convention; proposed same path without trailing slash,2,0,92
https://www.gemeinde-merching.de/buergerservice/lebenslagen/eheschliessung/feed/,200,https://www.gemeinde-merching.de/buergerservice/lebenslagen/eheschliessung/feed/,,,sitemap/xml,application/rss+xml; charset=UTF-8,,0,,2026-10-10T15:13:03Z,manual review,https://www.gemeinde-merching.de/buergerservice/lebenslagen/eheschliessung/feed/,Public RSS/Atom feed continuation not implemented in the new CMS,0,0,0
https://www.gemeinde-merching.de/buergerservice/lebenslagen/ein-umzug-steht-bevor/,200,https://www.gemeinde-merching.de/buergerservice/lebenslagen/ein-umzug-steht-bevor/,https://www.gemeinde-merching.de/buergerservice/lebenslagen/ein-umzug-steht-bevor/,Ein Umzug steht bevor – Gemeinde Merching,page,text/html; charset=UTF-8,,2,,2026-10-10T14:54:58Z,migrate to another canonical URL + 301,https://www.gemeinde-merching.de/buergerservice/lebenslagen/ein-umzug-steht-bevor,Slashless new convention; proposed same path without trailing slash,2,0,92
https://www.gemeinde-merching.de/buergerservice/lebenslagen/ein-umzug-steht-bevor/feed/,200,https://www.gemeinde-merching.de/buergerservice/lebenslagen/ein-umzug-steht-bevor/feed/,,,sitemap/xml,application/rss+xml; charset=UTF-8,,0,,2026-10-10T15:13:04Z,manual review,https://www.gemeinde-merching.de/buergerservice/lebenslagen/ein-umzug-steht-bevor/feed/,Public RSS/Atom feed continuation not implemented in the new CMS,0,0,0
https://www.gemeinde-merching.de/buergerservice/lebenslagen/feed/,200,https://www.gemeinde-merching.de/buergerservice/lebenslagen/feed/,,,sitemap/xml,application/rss+xml; charset=UTF-8,,0,,2026-10-10T15:13:02Z,manual review,https://www.gemeinde-merching.de/buergerservice/lebenslagen/feed/,Public RSS/Atom feed continuation not implemented in the new CMS,0,0,0
https://www.gemeinde-merching.de/buergerservice/lebenslagen/fuehrungszeugnis-auskunft-aus-dem-gewerbezentralregister/,200,https://www.gemeinde-merching.de/buergerservice/lebenslagen/fuehrungszeugnis-auskunft-aus-dem-gewerbezentralregister/,https://www.gemeinde-merching.de/buergerservice/lebenslagen/fuehrungszeugnis-auskunft-aus-dem-gewerbezentralregister/,"Führungszeugnis, Auskunft aus dem Gewerbezentralregister – Gemeinde Merching",page,text/html; charset=UTF-8,,2,,2026-10-10T14:54:59Z,migrate to another canonical URL + 301,https://www.gemeinde-merching.de/buergerservice/lebenslagen/fuehrungszeugnis-auskunft-aus-dem-gewerbezentralregister,Slashless new convention; proposed same path without trailing slash,2,0,92
https://www.gemeinde-merching.de/buergerservice/lebenslagen/fuehrungszeugnis-auskunft-aus-dem-gewerbezentralregister/feed/,200,https://www.gemeinde-merching.de/buergerservice/lebenslagen/fuehrungszeugnis-auskunft-aus-dem-gewerbezentralregister/feed/,,,sitemap/xml,application/rss+xml; charset=UTF-8,,0,,2026-10-10T15:13:04Z,manual review,https://www.gemeinde-merching.de/buergerservice/lebenslagen/fuehrungszeugnis-auskunft-aus-dem-gewerbezentralregister/feed/,Public RSS/Atom feed continuation not implemented in the new CMS,0,0,0
https://www.gemeinde-merching.de/buergerservice/lebenslagen/personalausweis/,200,https://www.gemeinde-merching.de/buergerservice/lebenslagen/personalausweis/,https://www.gemeinde-merching.de/buergerservice/lebenslagen/personalausweis/,Personalausweis – Gemeinde Merching,page,text/html; charset=UTF-8,,2,,2026-10-10T14:55:00Z,migrate to another canonical URL + 301,https://www.gemeinde-merching.de/buergerservice/lebenslagen/personalausweis,Slashless new convention; proposed same path without trailing slash,5,0,94
https://www.gemeinde-merching.de/buergerservice/lebenslagen/personalausweis/feed/,200,https://www.gemeinde-merching.de/buergerservice/lebenslagen/personalausweis/feed/,,,sitemap/xml,application/rss+xml; charset=UTF-8,,0,,2026-10-10T15:13:05Z,manual review,https://www.gemeinde-merching.de/buergerservice/lebenslagen/personalausweis/feed/,Public RSS/Atom feed continuation not implemented in the new CMS,0,0,0
https://www.gemeinde-merching.de/buergerservice/lebenslagen/reisepass/,200,https://www.gemeinde-merching.de/buergerservice/lebenslagen/reisepass/,https://www.gemeinde-merching.de/buergerservice/lebenslagen/reisepass/,Reisepass – Gemeinde Merching,page,text/html; charset=UTF-8,,2,,2026-10-10T14:55:00Z,migrate to another canonical URL + 301,https://www.gemeinde-merching.de/buergerservice/lebenslagen/reisepass,Slashless new convention; proposed same path without trailing slash,2,0,92
https://www.gemeinde-merching.de/buergerservice/lebenslagen/reisepass/feed/,200,https://www.gemeinde-merching.de/buergerservice/lebenslagen/reisepass/feed/,,,sitemap/xml,application/rss+xml; charset=UTF-8,,0,,2026-10-10T15:13:05Z,manual review,https://www.gemeinde-merching.de/buergerservice/lebenslagen/reisepass/feed/,Public RSS/Atom feed continuation not implemented in the new CMS,0,0,0
https://www.gemeinde-merching.de/buergerservice/lebenslagen/wertstoffsammlung/,200,https://www.gemeinde-merching.de/buergerservice/lebenslagen/wertstoffsammlung/,https://www.gemeinde-merching.de/buergerservice/lebenslagen/wertstoffsammlung/,Wertstoffsammlung – Gemeinde Merching,page,text/html; charset=UTF-8,,2,,2026-10-10T14:55:01Z,migrate to another canonical URL + 301,https://www.gemeinde-merching.de/buergerservice/lebenslagen/wertstoffsammlung,Slashless new convention; proposed same path without trailing slash,2,0,92
https://www.gemeinde-merching.de/buergerservice/lebenslagen/wertstoffsammlung/feed/,200,https://www.gemeinde-merching.de/buergerservice/lebenslagen/wertstoffsammlung/feed/,,,sitemap/xml,application/rss+xml; charset=UTF-8,,0,,2026-10-10T15:13:06Z,manual review,https://www.gemeinde-merching.de/buergerservice/lebenslagen/wertstoffsammlung/feed/,Public RSS/Atom feed continuation not implemented in the new CMS,0,0,0
https://www.gemeinde-merching.de/buergerservice/ortsrecht/,200,https://www.gemeinde-merching.de/buergerservice/ortsrecht/,https://www.gemeinde-merching.de/buergerservice/ortsrecht/,Ortsrecht – Gemeinde Merching,page,text/html; charset=UTF-8,,2,,2026-10-10T14:55:01Z,migrate to another canonical URL + 301,https://www.gemeinde-merching.de/buergerservice/ortsrecht,Slashless new convention; proposed same path without trailing slash,32,0,152
https://www.gemeinde-merching.de/buergerservice/ortsrecht/feed/,200,https://www.gemeinde-merching.de/buergerservice/ortsrecht/feed/,,,sitemap/xml,application/rss+xml; charset=UTF-8,,0,,2026-10-10T15:13:07Z,manual review,https://www.gemeinde-merching.de/buergerservice/ortsrecht/feed/,Public RSS/Atom feed continuation not implemented in the new CMS,0,0,0
https://www.gemeinde-merching.de/category/andere-behoerden/,200,https://www.gemeinde-merching.de/category/andere-behoerden/,,Aus anderen Behörden – Gemeinde Merching,page,text/html; charset=UTF-8,,2,,2026-10-10T14:57:09Z,migrate to another canonical URL + 301,https://www.gemeinde-merching.de/category/andere-behoerden,Slashless new convention; proposed same path without trailing slash,9,0,105
https://www.gemeinde-merching.de/category/andere-behoerden/feed/,200,https://www.gemeinde-merching.de/category/andere-behoerden/feed/,,,sitemap/xml,application/rss+xml; charset=UTF-8,,0,,2026-10-10T15:13:32Z,manual review,https://www.gemeinde-merching.de/category/andere-behoerden/feed/,Public RSS/Atom feed continuation not implemented in the new CMS,0,0,0
https://www.gemeinde-merching.de/category/aus-merching/,200,https://www.gemeinde-merching.de/category/aus-merching/,,Aus Merching – Gemeinde Merching,page,text/html; charset=UTF-8,,2,,2026-10-10T14:57:34Z,migrate to another canonical URL + 301,https://www.gemeinde-merching.de/category/aus-merching,Slashless new convention; proposed same path without trailing slash,12,0,110
https://www.gemeinde-merching.de/category/aus-merching/feed/,200,https://www.gemeinde-merching.de/category/aus-merching/feed/,,,sitemap/xml,application/rss+xml; charset=UTF-8,,0,,2026-10-10T15:13:33Z,manual review,https://www.gemeinde-merching.de/category/aus-merching/feed/,Public RSS/Atom feed continuation not implemented in the new CMS,0,0,0
https://www.gemeinde-merching.de/category/aus-merching/page/2/,200,https://www.gemeinde-merching.de/category/aus-merching/page/2/,,Aus Merching – Seite 2 – Gemeinde Merching,page,text/html; charset=UTF-8,,2,,2026-10-10T14:59:47Z,migrate to another canonical URL + 301,https://www.gemeinde-merching.de/category/aus-merching/page/2,Slashless new convention; proposed same path without trailing slash,8,0,103
https://www.gemeinde-merching.de/category/fundsachen/,200,https://www.gemeinde-merching.de/category/fundsachen/,,Fundsachen – Gemeinde Merching,page,text/html; charset=UTF-8,,2,,2026-10-10T14:58:42Z,migrate to another canonical URL + 301,https://www.gemeinde-merching.de/category/fundsachen,Slashless new convention; proposed same path without trailing slash,9,0,101
https://www.gemeinde-merching.de/category/fundsachen/feed/,200,https://www.gemeinde-merching.de/category/fundsachen/feed/,,,sitemap/xml,application/rss+xml; charset=UTF-8,,0,,2026-10-10T15:13:40Z,manual review,https://www.gemeinde-merching.de/category/fundsachen/feed/,Public RSS/Atom feed continuation not implemented in the new CMS,0,0,0
https://www.gemeinde-merching.de/category/oeffentliche-bekanntmachungen/,200,https://www.gemeinde-merching.de/category/oeffentliche-bekanntmachungen/,,Öffentliche Bekanntmachungen – Gemeinde Merching,page,text/html; charset=UTF-8,,2,,2026-10-10T14:57:13Z,migrate to another canonical URL + 301,https://www.gemeinde-merching.de/category/oeffentliche-bekanntmachungen,Slashless new convention; proposed same path without trailing slash,3,0,97
https://www.gemeinde-merching.de/category/oeffentliche-bekanntmachungen/feed/,200,https://www.gemeinde-merching.de/category/oeffentliche-bekanntmachungen/feed/,,,sitemap/xml,application/rss+xml; charset=UTF-8,,0,,2026-10-10T15:13:32Z,manual review,https://www.gemeinde-merching.de/category/oeffentliche-bekanntmachungen/feed/,Public RSS/Atom feed continuation not implemented in the new CMS,0,0,0
https://www.gemeinde-merching.de/category/rathaus/,200,https://www.gemeinde-merching.de/category/rathaus/,,Aus dem Rathaus – Gemeinde Merching,page,text/html; charset=UTF-8,,2,,2026-10-10T14:56:58Z,migrate to another canonical URL + 301,https://www.gemeinde-merching.de/category/rathaus,Slashless new convention; proposed same path without trailing slash,16,0,113
https://www.gemeinde-merching.de/category/rathaus/feed/,200,https://www.gemeinde-merching.de/category/rathaus/feed/,,,sitemap/xml,application/rss+xml; charset=UTF-8,,0,,2026-10-10T15:13:31Z,manual review,https://www.gemeinde-merching.de/category/rathaus/feed/,Public RSS/Atom feed continuation not implemented in the new CMS,0,0,0
https://www.gemeinde-merching.de/category/rathaus/page/2/,200,https://www.gemeinde-merching.de/category/rathaus/page/2/,,Aus dem Rathaus – Seite 2 – Gemeinde Merching,page,text/html; charset=UTF-8,,2,,2026-10-10T14:59:45Z,migrate to another canonical URL + 301,https://www.gemeinde-merching.de/category/rathaus/page/2,Slashless new convention; proposed same path without trailing slash,16,0,111
https://www.gemeinde-merching.de/category/rathaus/page/3/,200,https://www.gemeinde-merching.de/category/rathaus/page/3/,,Aus dem Rathaus – Seite 3 – Gemeinde Merching,page,text/html; charset=UTF-8,,2,,2026-10-10T14:59:51Z,migrate to another canonical URL + 301,https://www.gemeinde-merching.de/category/rathaus/page/3,Slashless new convention; proposed same path without trailing slash,15,0,116
https://www.gemeinde-merching.de/category/rathaus/page/4/,200,https://www.gemeinde-merching.de/category/rathaus/page/4/,,Aus dem Rathaus – Seite 4 – Gemeinde Merching,page,text/html; charset=UTF-8,,2,,2026-10-10T14:59:45Z,migrate to another canonical URL + 301,https://www.gemeinde-merching.de/category/rathaus/page/4,Slashless new convention; proposed same path without trailing slash,12,0,108
https://www.gemeinde-merching.de/category/topaktuell/,200,https://www.gemeinde-merching.de/category/topaktuell/,,Topaktuell – Gemeinde Merching,page,text/html; charset=UTF-8,,2,,2026-10-10T14:56:59Z,migrate to another canonical URL + 301,https://www.gemeinde-merching.de/category/topaktuell,Slashless new convention; proposed same path without trailing slash,16,0,115
https://www.gemeinde-merching.de/category/topaktuell/feed/,200,https://www.gemeinde-merching.de/category/topaktuell/feed/,,,sitemap/xml,application/rss+xml; charset=UTF-8,,0,,2026-10-10T15:13:31Z,manual review,https://www.gemeinde-merching.de/category/topaktuell/feed/,Public RSS/Atom feed continuation not implemented in the new CMS,0,0,0
https://www.gemeinde-merching.de/category/topaktuell/page/2/,200,https://www.gemeinde-merching.de/category/topaktuell/page/2/,,Topaktuell – Seite 2 – Gemeinde Merching,page,text/html; charset=UTF-8,,2,,2026-10-10T14:59:46Z,migrate to another canonical URL + 301,https://www.gemeinde-merching.de/category/topaktuell/page/2,Slashless new convention; proposed same path without trailing slash,14,0,114
https://www.gemeinde-merching.de/category/topaktuell/page/3/,200,https://www.gemeinde-merching.de/category/topaktuell/page/3/,,Topaktuell – Seite 3 – Gemeinde Merching,page,text/html; charset=UTF-8,,2,,2026-10-10T14:59:52Z,migrate to another canonical URL + 301,https://www.gemeinde-merching.de/category/topaktuell/page/3,Slashless new convention; proposed same path without trailing slash,16,0,114
https://www.gemeinde-merching.de/category/topaktuell/page/4/,200,https://www.gemeinde-merching.de/category/topaktuell/page/4/,,Topaktuell – Seite 4 – Gemeinde Merching,page,text/html; charset=UTF-8,,2,,2026-10-10T14:59:53Z,migrate to another canonical URL + 301,https://www.gemeinde-merching.de/category/topaktuell/page/4,Slashless new convention; proposed same path without trailing slash,28,0,119
https://www.gemeinde-merching.de/category/topaktuell/page/5/,200,https://www.gemeinde-merching.de/category/topaktuell/page/5/,,Topaktuell – Seite 5 – Gemeinde Merching,page,text/html; charset=UTF-8,,2,,2026-10-10T14:59:54Z,migrate to another canonical URL + 301,https://www.gemeinde-merching.de/category/topaktuell/page/5,Slashless new convention; proposed same path without trailing slash,19,0,119
https://www.gemeinde-merching.de/category/topaktuell/page/6/,200,https://www.gemeinde-merching.de/category/topaktuell/page/6/,,Topaktuell – Seite 6 – Gemeinde Merching,page,text/html; charset=UTF-8,,2,,2026-10-10T14:59:53Z,migrate to another canonical URL + 301,https://www.gemeinde-merching.de/category/topaktuell/page/6,Slashless new convention; proposed same path without trailing slash,15,0,114
https://www.gemeinde-merching.de/category/topaktuell/page/7/,200,https://www.gemeinde-merching.de/category/topaktuell/page/7/,,Topaktuell – Seite 7 – Gemeinde Merching,page,text/html; charset=UTF-8,,2,,2026-10-10T14:59:47Z,migrate to another canonical URL + 301,https://www.gemeinde-merching.de/category/topaktuell/page/7,Slashless new convention; proposed same path without trailing slash,3,0,99
https://www.gemeinde-merching.de/comments/feed/,200,https://www.gemeinde-merching.de/comments/feed/,,,sitemap/xml,application/rss+xml; charset=UTF-8,,0,,2026-10-10T15:12:30Z,manual review,https://www.gemeinde-merching.de/comments/feed/,Public RSS/Atom feed continuation not implemented in the new CMS,0,0,0
https://www.gemeinde-merching.de/db-infrago-ag-fuehrt-am-13-10-u-14-10-26-bauarbeiten-durch-bf-mering-bf-egling/,200,https://www.gemeinde-merching.de/db-infrago-ag-fuehrt-am-13-10-u-14-10-26-bauarbeiten-durch-bf-mering-bf-egling/,https://www.gemeinde-merching.de/db-infrago-ag-fuehrt-am-13-10-u-14-10-26-bauarbeiten-durch-bf-mering-bf-egling/,DB InfraGO AG führt am 13.10. u. 14.10.26 Bauarbeiten durch (Bf Mering – Bf Egling) – Gemeinde Merching,page,text/html; charset=UTF-8,,2,,2026-10-10T14:55:02Z,migrate to another canonical URL + 301,https://www.gemeinde-merching.de/db-infrago-ag-fuehrt-am-13-10-u-14-10-26-bauarbeiten-durch-bf-mering-bf-egling,Slashless new convention; proposed same path without trailing slash,3,0,97
https://www.gemeinde-merching.de/db-infrago-ag-fuehrt-am-20-10-26-bauarbeiten-durch-bf-kissing-bf-augsburg-hbf-u-bf-mammendorf-bf-mering/,200,https://www.gemeinde-merching.de/db-infrago-ag-fuehrt-am-20-10-26-bauarbeiten-durch-bf-kissing-bf-augsburg-hbf-u-bf-mammendorf-bf-mering/,https://www.gemeinde-merching.de/db-infrago-ag-fuehrt-am-20-10-26-bauarbeiten-durch-bf-kissing-bf-augsburg-hbf-u-bf-mammendorf-bf-mering/,DB InfraGO AG führt am 20.10.26 Bauarbeiten durch (Bf Kissing – Bf Augsburg Hbf u. Bf Mammendorf – Bf Mering) – Gemeinde Merching,page,text/html; charset=UTF-8,,2,,2026-10-10T14:55:03Z,migrate to another canonical URL + 301,https://www.gemeinde-merching.de/db-infrago-ag-fuehrt-am-20-10-26-bauarbeiten-durch-bf-kissing-bf-augsburg-hbf-u-bf-mammendorf-bf-mering,Slashless new convention; proposed same path without trailing slash,3,0,97
https://www.gemeinde-merching.de/download-category/allgemeine-formulare/,200,https://www.gemeinde-merching.de/download-category/allgemeine-formulare/,,Allgemeine Formulare – Gemeinde Merching,page,text/html; charset=UTF-8,,2,,2026-10-10T14:57:59Z,migrate to another canonical URL + 301,https://www.gemeinde-merching.de/download-category/allgemeine-formulare,Slashless new convention; proposed same path without trailing slash,2,0,94
https://www.gemeinde-merching.de/download-category/allgemeine-formulare/feed/,200,https://www.gemeinde-merching.de/download-category/allgemeine-formulare/feed/,,,sitemap/xml,application/rss+xml; charset=UTF-8,,0,,2026-10-10T15:13:38Z,manual review,https://www.gemeinde-merching.de/download-category/allgemeine-formulare/feed/,Public RSS/Atom feed continuation not implemented in the new CMS,0,0,0
https://www.gemeinde-merching.de/download-category/ausschreibungen-stellenanzeigen/,200,https://www.gemeinde-merching.de/download-category/ausschreibungen-stellenanzeigen/,,Ausschreibungen – Stellenanzeigen – Gemeinde Merching,page,text/html; charset=UTF-8,,2,,2026-10-10T14:57:49Z,migrate to another canonical URL + 301,https://www.gemeinde-merching.de/download-category/ausschreibungen-stellenanzeigen,Slashless new convention; proposed same path without trailing slash,2,0,94
https://www.gemeinde-merching.de/download-category/ausschreibungen-stellenanzeigen/feed/,200,https://www.gemeinde-merching.de/download-category/ausschreibungen-stellenanzeigen/feed/,,,sitemap/xml,application/rss+xml; charset=UTF-8,,0,,2026-10-10T15:13:36Z,manual review,https://www.gemeinde-merching.de/download-category/ausschreibungen-stellenanzeigen/feed/,Public RSS/Atom feed continuation not implemented in the new CMS,0,0,0
https://www.gemeinde-merching.de/download-category/flaechennutzungsplan-bebauungsplaene/,200,https://www.gemeinde-merching.de/download-category/flaechennutzungsplan-bebauungsplaene/,,Flächennutzungsplan – Bebauungspläne – Gemeinde Merching,page,text/html; charset=UTF-8,,2,,2026-10-10T14:58:04Z,migrate to another canonical URL + 301,https://www.gemeinde-merching.de/download-category/flaechennutzungsplan-bebauungsplaene,Slashless new convention; proposed same path without trailing slash,2,0,94
https://www.gemeinde-merching.de/download-category/flaechennutzungsplan-bebauungsplaene/feed/,200,https://www.gemeinde-merching.de/download-category/flaechennutzungsplan-bebauungsplaene/feed/,,,sitemap/xml,application/rss+xml; charset=UTF-8,,0,,2026-10-10T15:13:39Z,manual review,https://www.gemeinde-merching.de/download-category/flaechennutzungsplan-bebauungsplaene/feed/,Public RSS/Atom feed continuation not implemented in the new CMS,0,0,0
https://www.gemeinde-merching.de/download-category/gemeinde-kurier-merching/,200,https://www.gemeinde-merching.de/download-category/gemeinde-kurier-merching/,,Gemeinde-Kurier Merching – Gemeinde Merching,page,text/html; charset=UTF-8,,2,,2026-10-10T14:57:56Z,migrate to another canonical URL + 301,https://www.gemeinde-merching.de/download-category/gemeinde-kurier-merching,Slashless new convention; proposed same path without trailing slash,2,0,96
https://www.gemeinde-merching.de/download-category/gemeinde-kurier-merching/feed/,200,https://www.gemeinde-merching.de/download-category/gemeinde-kurier-merching/feed/,,,sitemap/xml,application/rss+xml; charset=UTF-8,,0,,2026-10-10T15:13:37Z,manual review,https://www.gemeinde-merching.de/download-category/gemeinde-kurier-merching/feed/,Public RSS/Atom feed continuation not implemented in the new CMS,0,0,0
https://www.gemeinde-merching.de/download-category/haushaltsplaene/,200,https://www.gemeinde-merching.de/download-category/haushaltsplaene/,,Haushaltspläne – Gemeinde Merching,page,text/html; charset=UTF-8,,2,,2026-10-10T14:57:55Z,migrate to another canonical URL + 301,https://www.gemeinde-merching.de/download-category/haushaltsplaene,Slashless new convention; proposed same path without trailing slash,2,0,105
https://www.gemeinde-merching.de/download-category/haushaltsplaene/feed/,200,https://www.gemeinde-merching.de/download-category/haushaltsplaene/feed/,,,sitemap/xml,application/rss+xml; charset=UTF-8,,0,,2026-10-10T15:13:37Z,manual review,https://www.gemeinde-merching.de/download-category/haushaltsplaene/feed/,Public RSS/Atom feed continuation not implemented in the new CMS,0,0,0
https://www.gemeinde-merching.de/download-category/haushaltsplaene/page/2/,200,https://www.gemeinde-merching.de/download-category/haushaltsplaene/page/2/,,Haushaltspläne – Seite 2 – Gemeinde Merching,page,text/html; charset=UTF-8,,2,,2026-10-10T14:59:50Z,migrate to another canonical URL + 301,https://www.gemeinde-merching.de/download-category/haushaltsplaene/page/2,Slashless new convention; proposed same path without trailing slash,2,0,105
https://www.gemeinde-merching.de/download-category/haushaltsplaene/page/3/,200,https://www.gemeinde-merching.de/download-category/haushaltsplaene/page/3/,,Haushaltspläne – Seite 3 – Gemeinde Merching,page,text/html; charset=UTF-8,,2,,2026-10-10T14:59:51Z,migrate to another canonical URL + 301,https://www.gemeinde-merching.de/download-category/haushaltsplaene/page/3,Slashless new convention; proposed same path without trailing slash,2,0,100
https://www.gemeinde-merching.de/download-category/informationsmaterial/,200,https://www.gemeinde-merching.de/download-category/informationsmaterial/,,Informationsmaterial – Gemeinde Merching,page,text/html; charset=UTF-8,,2,,2026-10-10T14:57:35Z,migrate to another canonical URL + 301,https://www.gemeinde-merching.de/download-category/informationsmaterial,Slashless new convention; proposed same path without trailing slash,2,0,104
https://www.gemeinde-merching.de/download-category/informationsmaterial/feed/,200,https://www.gemeinde-merching.de/download-category/informationsmaterial/feed/,,,sitemap/xml,application/rss+xml; charset=UTF-8,,0,,2026-10-10T15:13:34Z,manual review,https://www.gemeinde-merching.de/download-category/informationsmaterial/feed/,Public RSS/Atom feed continuation not implemented in the new CMS,0,0,0
https://www.gemeinde-merching.de/download-category/informationsmaterial/page/2/,200,https://www.gemeinde-merching.de/download-category/informationsmaterial/page/2/,,Informationsmaterial – Seite 2 – Gemeinde Merching,page,text/html; charset=UTF-8,,2,,2026-10-10T14:59:48Z,migrate to another canonical URL + 301,https://www.gemeinde-merching.de/download-category/informationsmaterial/page/2,Slashless new convention; proposed same path without trailing slash,2,0,103
https://www.gemeinde-merching.de/download-category/kinder-und-jugend/,200,https://www.gemeinde-merching.de/download-category/kinder-und-jugend/,,Kinder und Jugend – Gemeinde Merching,page,text/html; charset=UTF-8,,2,,2026-10-10T14:57:36Z,migrate to another canonical URL + 301,https://www.gemeinde-merching.de/download-category/kinder-und-jugend,Slashless new convention; proposed same path without trailing slash,2,0,94
https://www.gemeinde-merching.de/download-category/kinder-und-jugend/feed/,200,https://www.gemeinde-merching.de/download-category/kinder-und-jugend/feed/,,,sitemap/xml,application/rss+xml; charset=UTF-8,,0,,2026-10-10T15:13:34Z,manual review,https://www.gemeinde-merching.de/download-category/kinder-und-jugend/feed/,Public RSS/Atom feed continuation not implemented in the new CMS,0,0,0
https://www.gemeinde-merching.de/download-category/oeffentliche-bekannmachungen/,200,https://www.gemeinde-merching.de/download-category/oeffentliche-bekannmachungen/,,Öffentliche Bekanntmachungen – Gemeinde Merching,page,text/html; charset=UTF-8,,2,,2026-10-10T14:57:38Z,migrate to another canonical URL + 301,https://www.gemeinde-merching.de/download-category/oeffentliche-bekannmachungen,Slashless new convention; proposed same path without trailing slash,2,0,104
https://www.gemeinde-merching.de/download-category/oeffentliche-bekannmachungen/feed/,200,https://www.gemeinde-merching.de/download-category/oeffentliche-bekannmachungen/feed/,,,sitemap/xml,application/rss+xml; charset=UTF-8,,0,,2026-10-10T15:13:35Z,manual review,https://www.gemeinde-merching.de/download-category/oeffentliche-bekannmachungen/feed/,Public RSS/Atom feed continuation not implemented in the new CMS,0,0,0
https://www.gemeinde-merching.de/download-category/oeffentliche-bekannmachungen/page/2/,200,https://www.gemeinde-merching.de/download-category/oeffentliche-bekannmachungen/page/2/,,Öffentliche Bekanntmachungen – Seite 2 – Gemeinde Merching,page,text/html; charset=UTF-8,,2,,2026-10-10T14:59:48Z,migrate to another canonical URL + 301,https://www.gemeinde-merching.de/download-category/oeffentliche-bekannmachungen/page/2,Slashless new convention; proposed same path without trailing slash,2,0,100
https://www.gemeinde-merching.de/download-category/satzungen-verordnungen-gemeinde-merching/,200,https://www.gemeinde-merching.de/download-category/satzungen-verordnungen-gemeinde-merching/,,Satzungen und Verordnungen der Gemeinde Merching – Gemeinde Merching,page,text/html; charset=UTF-8,,2,,2026-10-10T14:57:48Z,migrate to another canonical URL + 301,https://www.gemeinde-merching.de/download-category/satzungen-verordnungen-gemeinde-merching,Slashless new convention; proposed same path without trailing slash,2,0,105
https://www.gemeinde-merching.de/download-category/satzungen-verordnungen-gemeinde-merching/feed/,200,https://www.gemeinde-merching.de/download-category/satzungen-verordnungen-gemeinde-merching/feed/,,,sitemap/xml,application/rss+xml; charset=UTF-8,,0,,2026-10-10T15:13:35Z,manual review,https://www.gemeinde-merching.de/download-category/satzungen-verordnungen-gemeinde-merching/feed/,Public RSS/Atom feed continuation not implemented in the new CMS,0,0,0
https://www.gemeinde-merching.de/download-category/satzungen-verordnungen-gemeinde-merching/page/2/,200,https://www.gemeinde-merching.de/download-category/satzungen-verordnungen-gemeinde-merching/page/2/,,Satzungen und Verordnungen der Gemeinde Merching – Seite 2 – Gemeinde Merching,page,text/html; charset=UTF-8,,2,,2026-10-10T14:59:49Z,migrate to another canonical URL + 301,https://www.gemeinde-merching.de/download-category/satzungen-verordnungen-gemeinde-merching/page/2,Slashless new convention; proposed same path without trailing slash,2,0,105
https://www.gemeinde-merching.de/download-category/satzungen-verordnungen-gemeinde-merching/page/3/,200,https://www.gemeinde-merching.de/download-category/satzungen-verordnungen-gemeinde-merching/page/3/,,Satzungen und Verordnungen der Gemeinde Merching – Seite 3 – Gemeinde Merching,page,text/html; charset=UTF-8,,2,,2026-10-10T14:59:50Z,migrate to another canonical URL + 301,https://www.gemeinde-merching.de/download-category/satzungen-verordnungen-gemeinde-merching/page/3,Slashless new convention; proposed same path without trailing slash,2,0,103
https://www.gemeinde-merching.de/download-category/wasserversorgung/,200,https://www.gemeinde-merching.de/download-category/wasserversorgung/,,Wasserversorgung – Gemeinde Merching,page,text/html; charset=UTF-8,,2,,2026-10-10T14:58:02Z,migrate to another canonical URL + 301,https://www.gemeinde-merching.de/download-category/wasserversorgung,Slashless new convention; proposed same path without trailing slash,2,0,97
https://www.gemeinde-merching.de/download-category/wasserversorgung/feed/,200,https://www.gemeinde-merching.de/download-category/wasserversorgung/feed/,,,sitemap/xml,application/rss+xml; charset=UTF-8,,0,,2026-10-10T15:13:38Z,manual review,https://www.gemeinde-merching.de/download-category/wasserversorgung/feed/,Public RSS/Atom feed continuation not implemented in the new CMS,0,0,0
https://www.gemeinde-merching.de/download/MandatGemeindeMerchingab2016.pdf,404,https://www.gemeinde-merching.de/download/MandatGemeindeMerchingab2016.pdf,,Seite nicht gefunden – Gemeinde Merching,page,text/html; charset=UTF-8,,3,,2026-10-10T15:02:10Z,broken/obsolete,https://www.gemeinde-merching.de/download/MandatGemeindeMerchingab2016.pdf,Live endpoint missing; verify backlinks before removing,2,4,52
https://www.gemeinde-merching.de/download/abschaffung-des-kinderreisepasses-zum-01-01-2024/,200,https://www.gemeinde-merching.de/download/abschaffung-des-kinderreisepasses-zum-01-01-2024/,https://www.gemeinde-merching.de/download/abschaffung-des-kinderreisepasses-zum-01-01-2024/,Abschaffung des Kinderreisepasses zum 01.01.2024 – Gemeinde Merching,page,text/html; charset=UTF-8,,2,,2026-10-10T14:55:03Z,migrate to another canonical URL + 301,https://www.gemeinde-merching.de/download/abschaffung-des-kinderreisepasses-zum-01-01-2024,Slashless new convention; proposed same path without trailing slash,2,1,102
https://www.gemeinde-merching.de/download/abschaffung-des-kinderreisepasses-zum-01-01-2024/?wpdmdl=8132,206,https://www.gemeinde-merching.de/download/abschaffung-des-kinderreisepasses-zum-01-01-2024/?wpdmdl=8132,,,PDF,application/pdf,134976,0,,2026-10-10T15:26:58Z,preserve exactly,https://www.gemeinde-merching.de/download/abschaffung-des-kinderreisepasses-zum-01-01-2024/?wpdmdl=8132,Direct asset URLs may have external backlinks,0,0,0
https://www.gemeinde-merching.de/download/amtsblatt-landkreis-aichach-friedberg-vom-02-06-2026-m-bekanntmachung-haushaltssatzung-f-d-haushalt-2026-des-zweckverband-zur-wasserversorgung-d-adelburggruppe/,200,https://www.gemeinde-merching.de/download/amtsblatt-landkreis-aichach-friedberg-vom-02-06-2026-m-bekanntmachung-haushaltssatzung-f-d-haushalt-2026-des-zweckverband-zur-wasserversorgung-d-adelburggruppe/,https://www.gemeinde-merching.de/download/amtsblatt-landkreis-aichach-friedberg-vom-02-06-2026-m-bekanntmachung-haushaltssatzung-f-d-haushalt-2026-des-zweckverband-zur-wasserversorgung-d-adelburggruppe/,Amtsblatt Landkreis Aichach-Friedberg vom 02.06.2026 m. Bekanntmachung Haushaltssatzung f.d. Haushalt 2026 des Zweckverband zur Wasserversorgung d. Adelburggruppe – Gemeinde Merching,page,text/html; charset=UTF-8,,2,,2026-10-10T14:55:04Z,migrate to another canonical URL + 301,https://www.gemeinde-merching.de/download/amtsblatt-landkreis-aichach-friedberg-vom-02-06-2026-m-bekanntmachung-haushaltssatzung-f-d-haushalt-2026-des-zweckverband-zur-wasserversorgung-d-adelburggruppe,Slashless new convention; proposed same path without trailing slash,2,1,101
https://www.gemeinde-merching.de/download/amtsblatt-landkreis-aichach-friedberg-vom-02-06-2026-m-bekanntmachung-haushaltssatzung-f-d-haushalt-2026-des-zweckverband-zur-wasserversorgung-d-adelburggruppe/?wpdmdl=10748,206,https://www.gemeinde-merching.de/download/amtsblatt-landkreis-aichach-friedberg-vom-02-06-2026-m-bekanntmachung-haushaltssatzung-f-d-haushalt-2026-des-zweckverband-zur-wasserversorgung-d-adelburggruppe/?wpdmdl=10748,,,PDF,application/pdf,1165763,0,,2026-10-10T15:26:59Z,preserve exactly,https://www.gemeinde-merching.de/download/amtsblatt-landkreis-aichach-friedberg-vom-02-06-2026-m-bekanntmachung-haushaltssatzung-f-d-haushalt-2026-des-zweckverband-zur-wasserversorgung-d-adelburggruppe/?wpdmdl=10748,Direct asset URLs may have external backlinks,0,0,0
https://www.gemeinde-merching.de/download/anmeldung-eines-gartenwasserzaehlers/,200,https://www.gemeinde-merching.de/download/anmeldung-eines-gartenwasserzaehlers/,https://www.gemeinde-merching.de/download/anmeldung-eines-gartenwasserzaehlers/,Anmeldung eines Gartenwasserzählers – Gemeinde Merching,page,text/html; charset=UTF-8,,2,,2026-10-10T14:55:04Z,migrate to another canonical URL + 301,https://www.gemeinde-merching.de/download/anmeldung-eines-gartenwasserzaehlers,Slashless new convention; proposed same path without trailing slash,2,0,96
https://www.gemeinde-merching.de/download/anmeldung-eines-gartenwasserzaehlers/?wpdmdl=7034,206,https://www.gemeinde-merching.de/download/anmeldung-eines-gartenwasserzaehlers/?wpdmdl=7034,,,PDF,application/pdf,426162,0,,2026-10-10T15:27:43Z,preserve exactly,https://www.gemeinde-merching.de/download/anmeldung-eines-gartenwasserzaehlers/?wpdmdl=7034,Direct asset URLs may have external backlinks,0,0,0
https://www.gemeinde-merching.de/download/antrag-fuer-wasserbezug/,200,https://www.gemeinde-merching.de/download/antrag-fuer-wasserbezug/,https://www.gemeinde-merching.de/download/antrag-fuer-wasserbezug/,Antrag Fuer Wasserbezug – Gemeinde Merching,page,text/html; charset=UTF-8,,2,,2026-10-10T14:55:05Z,migrate to another canonical URL + 301,https://www.gemeinde-merching.de/download/antrag-fuer-wasserbezug,Slashless new convention; proposed same path without trailing slash,2,0,96
https://www.gemeinde-merching.de/download/antrag-fuer-wasserbezug/?wpdmdl=7028,206,https://www.gemeinde-merching.de/download/antrag-fuer-wasserbezug/?wpdmdl=7028,,,PDF,application/pdf,302289,0,,2026-10-10T15:27:44Z,preserve exactly,https://www.gemeinde-merching.de/download/antrag-fuer-wasserbezug/?wpdmdl=7028,Direct asset URLs may have external backlinks,0,0,0
https://www.gemeinde-merching.de/download/ausschreibung-architekturpreis-bezirk-schwaben-2026/,200,https://www.gemeinde-merching.de/download/ausschreibung-architekturpreis-bezirk-schwaben-2026/,https://www.gemeinde-merching.de/download/ausschreibung-architekturpreis-bezirk-schwaben-2026/,Ausschreibung Architekturpreis Bezirk Schwaben 2026 – Gemeinde Merching,page,text/html; charset=UTF-8,,2,,2026-10-10T14:55:06Z,migrate to another canonical URL + 301,https://www.gemeinde-merching.de/download/ausschreibung-architekturpreis-bezirk-schwaben-2026,Slashless new convention; proposed same path without trailing slash,2,1,101
https://www.gemeinde-merching.de/download/ausschreibung-architekturpreis-bezirk-schwaben-2026/?wpdmdl=9939,206,https://www.gemeinde-merching.de/download/ausschreibung-architekturpreis-bezirk-schwaben-2026/?wpdmdl=9939,,,PDF,application/pdf,228980,0,,2026-10-10T15:27:00Z,preserve exactly,https://www.gemeinde-merching.de/download/ausschreibung-architekturpreis-bezirk-schwaben-2026/?wpdmdl=9939,Direct asset URLs may have external backlinks,0,0,0
https://www.gemeinde-merching.de/download/bauwasserbezugsvertrag/,200,https://www.gemeinde-merching.de/download/bauwasserbezugsvertrag/,https://www.gemeinde-merching.de/download/bauwasserbezugsvertrag/,Bauwasserbezugsvertrag – Gemeinde Merching,page,text/html; charset=UTF-8,,2,,2026-10-10T14:55:06Z,migrate to another canonical URL + 301,https://www.gemeinde-merching.de/download/bauwasserbezugsvertrag,Slashless new convention; proposed same path without trailing slash,2,0,96
https://www.gemeinde-merching.de/download/bauwasserbezugsvertrag/?wpdmdl=7029,206,https://www.gemeinde-merching.de/download/bauwasserbezugsvertrag/?wpdmdl=7029,,,PDF,application/pdf,293577,0,,2026-10-10T15:27:45Z,preserve exactly,https://www.gemeinde-merching.de/download/bauwasserbezugsvertrag/?wpdmdl=7029,Direct asset URLs may have external backlinks,0,0,0
https://www.gemeinde-merching.de/download/bekanntmachung-beschwerdeausschuss/,200,https://www.gemeinde-merching.de/download/bekanntmachung-beschwerdeausschuss/,https://www.gemeinde-merching.de/download/bekanntmachung-beschwerdeausschuss/,Bekanntmachung Beschwerdeausschuss – Gemeinde Merching,page,text/html; charset=UTF-8,,2,,2026-10-10T14:55:07Z,migrate to another canonical URL + 301,https://www.gemeinde-merching.de/download/bekanntmachung-beschwerdeausschuss,Slashless new convention; proposed same path without trailing slash,2,1,101
https://www.gemeinde-merching.de/download/bekanntmachung-beschwerdeausschuss/?wpdmdl=10179,206,https://www.gemeinde-merching.de/download/bekanntmachung-beschwerdeausschuss/?wpdmdl=10179,,,PDF,application/pdf,93082,0,,2026-10-10T15:26:52Z,preserve exactly,https://www.gemeinde-merching.de/download/bekanntmachung-beschwerdeausschuss/?wpdmdl=10179,Direct asset URLs may have external backlinks,0,0,0
https://www.gemeinde-merching.de/download/bekanntmachung-der-gebuehrensatzung-zur-friedhofs-und-bestattungssatzung-ab-01-01-2027/,200,https://www.gemeinde-merching.de/download/bekanntmachung-der-gebuehrensatzung-zur-friedhofs-und-bestattungssatzung-ab-01-01-2027/,https://www.gemeinde-merching.de/download/bekanntmachung-der-gebuehrensatzung-zur-friedhofs-und-bestattungssatzung-ab-01-01-2027/,Bekanntmachung der Gebührensatzung zur Friedhofs- und Bestattungssatzung ab 01.01.2027 – Gemeinde Merching,page,text/html; charset=UTF-8,,2,,2026-10-10T14:55:07Z,migrate to another canonical URL + 301,https://www.gemeinde-merching.de/download/bekanntmachung-der-gebuehrensatzung-zur-friedhofs-und-bestattungssatzung-ab-01-01-2027,Slashless new convention; proposed same path without trailing slash,2,1,101
https://www.gemeinde-merching.de/download/bekanntmachung-der-gebuehrensatzung-zur-friedhofs-und-bestattungssatzung-ab-01-01-2027/?wpdmdl=10788,206,https://www.gemeinde-merching.de/download/bekanntmachung-der-gebuehrensatzung-zur-friedhofs-und-bestattungssatzung-ab-01-01-2027/?wpdmdl=10788,,,PDF,application/pdf,119389,0,,2026-10-10T15:26:52Z,preserve exactly,https://www.gemeinde-merching.de/download/bekanntmachung-der-gebuehrensatzung-zur-friedhofs-und-bestattungssatzung-ab-01-01-2027/?wpdmdl=10788,Direct asset URLs may have external backlinks,0,0,0
https://www.gemeinde-merching.de/download/bekanntmachung-des-abschliessenden-ergebnisses-der-wahl-des-ersten-buergermeisters-am-08-03-2026/,200,https://www.gemeinde-merching.de/download/bekanntmachung-des-abschliessenden-ergebnisses-der-wahl-des-ersten-buergermeisters-am-08-03-2026/,https://www.gemeinde-merching.de/download/bekanntmachung-des-abschliessenden-ergebnisses-der-wahl-des-ersten-buergermeisters-am-08-03-2026/,Bekanntmachung des abschließenden Ergebnisses der Wahl des ersten Bürgermeisters am 08.03.2026 – Gemeinde Merching,page,text/html; charset=UTF-8,,2,,2026-10-10T14:55:08Z,migrate to another canonical URL + 301,https://www.gemeinde-merching.de/download/bekanntmachung-des-abschliessenden-ergebnisses-der-wahl-des-ersten-buergermeisters-am-08-03-2026,Slashless new convention; proposed same path without trailing slash,2,1,101
https://www.gemeinde-merching.de/download/bekanntmachung-des-abschliessenden-ergebnisses-der-wahl-des-ersten-buergermeisters-am-08-03-2026/?wpdmdl=10426,206,https://www.gemeinde-merching.de/download/bekanntmachung-des-abschliessenden-ergebnisses-der-wahl-des-ersten-buergermeisters-am-08-03-2026/?wpdmdl=10426,,,PDF,application/pdf,188319,0,,2026-10-10T15:26:53Z,preserve exactly,https://www.gemeinde-merching.de/download/bekanntmachung-des-abschliessenden-ergebnisses-der-wahl-des-ersten-buergermeisters-am-08-03-2026/?wpdmdl=10426,Direct asset URLs may have external backlinks,0,0,0
https://www.gemeinde-merching.de/download/bekanntmachung-des-abschliessenden-ergebnisses-der-wahl-des-gemeinderats-am-08-maerz-2026/,200,https://www.gemeinde-merching.de/download/bekanntmachung-des-abschliessenden-ergebnisses-der-wahl-des-gemeinderats-am-08-maerz-2026/,https://www.gemeinde-merching.de/download/bekanntmachung-des-abschliessenden-ergebnisses-der-wahl-des-gemeinderats-am-08-maerz-2026/,Bekanntmachung des abschließenden Ergebnisses der Wahl des Gemeinderats am 08. März 2026 – Gemeinde Merching,page,text/html; charset=UTF-8,,2,,2026-10-10T14:55:09Z,migrate to another canonical URL + 301,https://www.gemeinde-merching.de/download/bekanntmachung-des-abschliessenden-ergebnisses-der-wahl-des-gemeinderats-am-08-maerz-2026,Slashless new convention; proposed same path without trailing slash,2,1,101
https://www.gemeinde-merching.de/download/bekanntmachung-des-abschliessenden-ergebnisses-der-wahl-des-gemeinderats-am-08-maerz-2026/?wpdmdl=10430,206,https://www.gemeinde-merching.de/download/bekanntmachung-des-abschliessenden-ergebnisses-der-wahl-des-gemeinderats-am-08-maerz-2026/?wpdmdl=10430,,,PDF,application/pdf,191805,0,,2026-10-10T15:26:54Z,preserve exactly,https://www.gemeinde-merching.de/download/bekanntmachung-des-abschliessenden-ergebnisses-der-wahl-des-gemeinderats-am-08-maerz-2026/?wpdmdl=10430,Direct asset URLs may have external backlinks,0,0,0
https://www.gemeinde-merching.de/download/bekanntmachung-einladung-verbandsversammlung-adelburggruppe-24-06-2026/,200,https://www.gemeinde-merching.de/download/bekanntmachung-einladung-verbandsversammlung-adelburggruppe-24-06-2026/,https://www.gemeinde-merching.de/download/bekanntmachung-einladung-verbandsversammlung-adelburggruppe-24-06-2026/,Bekanntmachung Einladung Verbandsversammlung Adelburggruppe 24.06.2026 – Gemeinde Merching,page,text/html; charset=UTF-8,,2,,2026-10-10T14:55:09Z,migrate to another canonical URL + 301,https://www.gemeinde-merching.de/download/bekanntmachung-einladung-verbandsversammlung-adelburggruppe-24-06-2026,Slashless new convention; proposed same path without trailing slash,2,1,101
https://www.gemeinde-merching.de/download/bekanntmachung-einladung-verbandsversammlung-adelburggruppe-24-06-2026/?wpdmdl=10737,206,https://www.gemeinde-merching.de/download/bekanntmachung-einladung-verbandsversammlung-adelburggruppe-24-06-2026/?wpdmdl=10737,,,PDF,application/pdf,189444,0,,2026-10-10T15:26:54Z,preserve exactly,https://www.gemeinde-merching.de/download/bekanntmachung-einladung-verbandsversammlung-adelburggruppe-24-06-2026/?wpdmdl=10737,Direct asset URLs may have external backlinks,0,0,0
https://www.gemeinde-merching.de/download/bekanntmachung-eroeffnung-vergabeverfahren-fuer-baugrundstuecke-baugebiet-34-oestlich-der-nebelhornstrasse/,200,https://www.gemeinde-merching.de/download/bekanntmachung-eroeffnung-vergabeverfahren-fuer-baugrundstuecke-baugebiet-34-oestlich-der-nebelhornstrasse/,https://www.gemeinde-merching.de/download/bekanntmachung-eroeffnung-vergabeverfahren-fuer-baugrundstuecke-baugebiet-34-oestlich-der-nebelhornstrasse/,"Bekanntmachung Eröffnung Vergabeverfahren für Baugrundstücke, Baugebiet 34 „Östlich der Nebelhornstraße“ – Gemeinde Merching",page,text/html; charset=UTF-8,,2,,2026-10-10T14:55:10Z,migrate to another canonical URL + 301,https://www.gemeinde-merching.de/download/bekanntmachung-eroeffnung-vergabeverfahren-fuer-baugrundstuecke-baugebiet-34-oestlich-der-nebelhornstrasse,Slashless new convention; proposed same path without trailing slash,2,1,101
https://www.gemeinde-merching.de/download/bekanntmachung-eroeffnung-vergabeverfahren-fuer-baugrundstuecke-baugebiet-34-oestlich-der-nebelhornstrasse/?wpdmdl=10772,206,https://www.gemeinde-merching.de/download/bekanntmachung-eroeffnung-vergabeverfahren-fuer-baugrundstuecke-baugebiet-34-oestlich-der-nebelhornstrasse/?wpdmdl=10772,,,PDF,application/pdf,203895,0,,2026-10-10T15:26:55Z,preserve exactly,https://www.gemeinde-merching.de/download/bekanntmachung-eroeffnung-vergabeverfahren-fuer-baugrundstuecke-baugebiet-34-oestlich-der-nebelhornstrasse/?wpdmdl=10772,Direct asset URLs may have external backlinks,0,0,0
https://www.gemeinde-merching.de/download/bekanntmachung-friedhofs-und-bestattungssatzung-ab-01-01-2027/,200,https://www.gemeinde-merching.de/download/bekanntmachung-friedhofs-und-bestattungssatzung-ab-01-01-2027/,https://www.gemeinde-merching.de/download/bekanntmachung-friedhofs-und-bestattungssatzung-ab-01-01-2027/,Bekanntmachung Friedhofs- und Bestattungssatzung ab 01.01.2027 – Gemeinde Merching,page,text/html; charset=UTF-8,,2,,2026-10-10T14:55:10Z,migrate to another canonical URL + 301,https://www.gemeinde-merching.de/download/bekanntmachung-friedhofs-und-bestattungssatzung-ab-01-01-2027,Slashless new convention; proposed same path without trailing slash,2,1,101
https://www.gemeinde-merching.de/download/bekanntmachung-friedhofs-und-bestattungssatzung-ab-01-01-2027/?wpdmdl=10785,206,https://www.gemeinde-merching.de/download/bekanntmachung-friedhofs-und-bestattungssatzung-ab-01-01-2027/?wpdmdl=10785,,,PDF,application/pdf,130330,0,,2026-10-10T15:26:55Z,preserve exactly,https://www.gemeinde-merching.de/download/bekanntmachung-friedhofs-und-bestattungssatzung-ab-01-01-2027/?wpdmdl=10785,Direct asset URLs may have external backlinks,0,0,0
https://www.gemeinde-merching.de/download/bekanntmachung-fuer-den-eroerterungstermin-licca-liber-i/,200,https://www.gemeinde-merching.de/download/bekanntmachung-fuer-den-eroerterungstermin-licca-liber-i/,https://www.gemeinde-merching.de/download/bekanntmachung-fuer-den-eroerterungstermin-licca-liber-i/,Bekanntmachung für den Erörterungstermin Licca Liber I – Gemeinde Merching,page,text/html; charset=UTF-8,,2,,2026-10-10T14:55:11Z,migrate to another canonical URL + 301,https://www.gemeinde-merching.de/download/bekanntmachung-fuer-den-eroerterungstermin-licca-liber-i,Slashless new convention; proposed same path without trailing slash,2,1,101
https://www.gemeinde-merching.de/download/bekanntmachung-fuer-den-eroerterungstermin-licca-liber-i/?wpdmdl=10463,206,https://www.gemeinde-merching.de/download/bekanntmachung-fuer-den-eroerterungstermin-licca-liber-i/?wpdmdl=10463,,,PDF,application/pdf,95241,0,,2026-10-10T15:26:56Z,preserve exactly,https://www.gemeinde-merching.de/download/bekanntmachung-fuer-den-eroerterungstermin-licca-liber-i/?wpdmdl=10463,Direct asset URLs may have external backlinks,0,0,0
https://www.gemeinde-merching.de/download/bekanntmachung-grundsteuer-und-hundesteuer-2025/,200,https://www.gemeinde-merching.de/download/bekanntmachung-grundsteuer-und-hundesteuer-2025/,https://www.gemeinde-merching.de/download/bekanntmachung-grundsteuer-und-hundesteuer-2025/,Bekanntmachung Grundsteuer und Hundesteuer 2025 – Gemeinde Merching,page,text/html; charset=UTF-8,,2,,2026-10-10T14:55:12Z,migrate to another canonical URL + 301,https://www.gemeinde-merching.de/download/bekanntmachung-grundsteuer-und-hundesteuer-2025,Slashless new convention; proposed same path without trailing slash,2,1,101
https://www.gemeinde-merching.de/download/bekanntmachung-grundsteuer-und-hundesteuer-2025/?wpdmdl=9075,206,https://www.gemeinde-merching.de/download/bekanntmachung-grundsteuer-und-hundesteuer-2025/?wpdmdl=9075,,,PDF,application/pdf,91000,0,,2026-10-10T15:26:57Z,preserve exactly,https://www.gemeinde-merching.de/download/bekanntmachung-grundsteuer-und-hundesteuer-2025/?wpdmdl=9075,Direct asset URLs may have external backlinks,0,0,0
https://www.gemeinde-merching.de/download/bekanntmachung-kommunale-waermeplanung-merching/,200,https://www.gemeinde-merching.de/download/bekanntmachung-kommunale-waermeplanung-merching/,https://www.gemeinde-merching.de/download/bekanntmachung-kommunale-waermeplanung-merching/,Bekanntmachung Kommunale Wärmeplanung Merching – Gemeinde Merching,page,text/html; charset=UTF-8,,2,,2026-10-10T14:55:12Z,migrate to another canonical URL + 301,https://www.gemeinde-merching.de/download/bekanntmachung-kommunale-waermeplanung-merching,Slashless new convention; proposed same path without trailing slash,2,1,101
https://www.gemeinde-merching.de/download/bekanntmachung-kommunale-waermeplanung-merching/?wpdmdl=10316,206,https://www.gemeinde-merching.de/download/bekanntmachung-kommunale-waermeplanung-merching/?wpdmdl=10316,,,PDF,application/pdf,189672,0,,2026-10-10T15:26:57Z,preserve exactly,https://www.gemeinde-merching.de/download/bekanntmachung-kommunale-waermeplanung-merching/?wpdmdl=10316,Direct asset URLs may have external backlinks,0,0,0
https://www.gemeinde-merching.de/download/bekanntmachung-kostensatzung/,200,https://www.gemeinde-merching.de/download/bekanntmachung-kostensatzung/,https://www.gemeinde-merching.de/download/bekanntmachung-kostensatzung/,Bekanntmachung Kostensatzung – Gemeinde Merching,page,text/html; charset=UTF-8,,2,,2026-10-10T14:55:13Z,migrate to another canonical URL + 301,https://www.gemeinde-merching.de/download/bekanntmachung-kostensatzung,Slashless new convention; proposed same path without trailing slash,2,2,102
https://www.gemeinde-merching.de/download/bekanntmachung-kostensatzung/?wpdmdl=9511,206,https://www.gemeinde-merching.de/download/bekanntmachung-kostensatzung/?wpdmdl=9511,,,PDF,application/pdf,54558,0,,2026-10-10T15:27:45Z,preserve exactly,https://www.gemeinde-merching.de/download/bekanntmachung-kostensatzung/?wpdmdl=9511,Direct asset URLs may have external backlinks,0,0,0
https://www.gemeinde-merching.de/download/bekanntmachung-satzung-d-gemeinde-merching-ue-aufwendungs-u-kostenersatz-f-einsaetze-u-andere-leistungen-gemeindlicher-feuerwehren-ab-01-01-2026/,200,https://www.gemeinde-merching.de/download/bekanntmachung-satzung-d-gemeinde-merching-ue-aufwendungs-u-kostenersatz-f-einsaetze-u-andere-leistungen-gemeindlicher-feuerwehren-ab-01-01-2026/,https://www.gemeinde-merching.de/download/bekanntmachung-satzung-d-gemeinde-merching-ue-aufwendungs-u-kostenersatz-f-einsaetze-u-andere-leistungen-gemeindlicher-feuerwehren-ab-01-01-2026/,Feuerwehr – Satzung über Aufwendungs- und Kostenersatz für Einsätze und andere Leistungen gemeindlicher Feuerwehren ab 01.01.2026 – Gemeinde Merching,page,text/html; charset=UTF-8,,2,,2026-10-10T14:55:13Z,migrate to another canonical URL + 301,https://www.gemeinde-merching.de/download/bekanntmachung-satzung-d-gemeinde-merching-ue-aufwendungs-u-kostenersatz-f-einsaetze-u-andere-leistungen-gemeindlicher-feuerwehren-ab-01-01-2026,Slashless new convention; proposed same path without trailing slash,2,1,101
https://www.gemeinde-merching.de/download/bekanntmachung-satzung-d-gemeinde-merching-ue-aufwendungs-u-kostenersatz-f-einsaetze-u-andere-leistungen-gemeindlicher-feuerwehren-ab-01-01-2026/?wpdmdl=9925,206,https://www.gemeinde-merching.de/download/bekanntmachung-satzung-d-gemeinde-merching-ue-aufwendungs-u-kostenersatz-f-einsaetze-u-andere-leistungen-gemeindlicher-feuerwehren-ab-01-01-2026/?wpdmdl=9925,,,PDF,application/pdf,202955,0,,2026-10-10T15:27:46Z,preserve exactly,https://www.gemeinde-merching.de/download/bekanntmachung-satzung-d-gemeinde-merching-ue-aufwendungs-u-kostenersatz-f-einsaetze-u-andere-leistungen-gemeindlicher-feuerwehren-ab-01-01-2026/?wpdmdl=9925,Direct asset URLs may have external backlinks,0,0,0
https://www.gemeinde-merching.de/download/bekanntmachung-stellplatzsatzung-vom-08-09-2025/,200,https://www.gemeinde-merching.de/download/bekanntmachung-stellplatzsatzung-vom-08-09-2025/,https://www.gemeinde-merching.de/download/bekanntmachung-stellplatzsatzung-vom-08-09-2025/,Bekanntmachung Stellplatzsatzung vom 08.09.2025 – Gemeinde Merching,page,text/html; charset=UTF-8,,2,,2026-10-10T14:55:14Z,migrate to another canonical URL + 301,https://www.gemeinde-merching.de/download/bekanntmachung-stellplatzsatzung-vom-08-09-2025,Slashless new convention; proposed same path without trailing slash,2,1,101
https://www.gemeinde-merching.de/download/bekanntmachung-stellplatzsatzung-vom-08-09-2025/?wpdmdl=9968,206,https://www.gemeinde-merching.de/download/bekanntmachung-stellplatzsatzung-vom-08-09-2025/?wpdmdl=9968,,,PDF,application/pdf,120811,0,,2026-10-10T15:27:46Z,preserve exactly,https://www.gemeinde-merching.de/download/bekanntmachung-stellplatzsatzung-vom-08-09-2025/?wpdmdl=9968,Direct asset URLs may have external backlinks,0,0,0
https://www.gemeinde-merching.de/download/bekanntmachung-unternehmenssatzung-fuer-das-kommunalunternehmen-merching-vom-16-09-2026/,200,https://www.gemeinde-merching.de/download/bekanntmachung-unternehmenssatzung-fuer-das-kommunalunternehmen-merching-vom-16-09-2026/,https://www.gemeinde-merching.de/download/bekanntmachung-unternehmenssatzung-fuer-das-kommunalunternehmen-merching-vom-16-09-2026/,Bekanntmachung Unternehmenssatzung für das Kommunalunternehmen Merching vom 16.09.2026 – Gemeinde Merching,page,text/html; charset=UTF-8,,2,,2026-10-10T14:55:15Z,migrate to another canonical URL + 301,https://www.gemeinde-merching.de/download/bekanntmachung-unternehmenssatzung-fuer-das-kommunalunternehmen-merching-vom-16-09-2026,Slashless new convention; proposed same path without trailing slash,2,1,101
https://www.gemeinde-merching.de/download/bekanntmachung-unternehmenssatzung-fuer-das-kommunalunternehmen-merching-vom-16-09-2026/?wpdmdl=9976,206,https://www.gemeinde-merching.de/download/bekanntmachung-unternehmenssatzung-fuer-das-kommunalunternehmen-merching-vom-16-09-2026/?wpdmdl=9976,,,PDF,application/pdf,118919,0,,2026-10-10T15:27:47Z,preserve exactly,https://www.gemeinde-merching.de/download/bekanntmachung-unternehmenssatzung-fuer-das-kommunalunternehmen-merching-vom-16-09-2026/?wpdmdl=9976,Direct asset URLs may have external backlinks,0,0,0
https://www.gemeinde-merching.de/download/bekanntmachung-vergabe-von-gemeindlichen-wohnbaugrundstuecken/,200,https://www.gemeinde-merching.de/download/bekanntmachung-vergabe-von-gemeindlichen-wohnbaugrundstuecken/,https://www.gemeinde-merching.de/download/bekanntmachung-vergabe-von-gemeindlichen-wohnbaugrundstuecken/,Bekanntmachung Vergabe von gemeindlichen Wohnbaugrundstücken – Gemeinde Merching,page,text/html; charset=UTF-8,,2,,2026-10-10T14:55:15Z,migrate to another canonical URL + 301,https://www.gemeinde-merching.de/download/bekanntmachung-vergabe-von-gemeindlichen-wohnbaugrundstuecken,Slashless new convention; proposed same path without trailing slash,2,1,101
https://www.gemeinde-merching.de/download/bekanntmachung-vergabe-von-gemeindlichen-wohnbaugrundstuecken/?wpdmdl=10568,206,https://www.gemeinde-merching.de/download/bekanntmachung-vergabe-von-gemeindlichen-wohnbaugrundstuecken/?wpdmdl=10568,,,PDF,application/pdf,189269,0,,2026-10-10T15:27:48Z,preserve exactly,https://www.gemeinde-merching.de/download/bekanntmachung-vergabe-von-gemeindlichen-wohnbaugrundstuecken/?wpdmdl=10568,Direct asset URLs may have external backlinks,0,0,0
https://www.gemeinde-merching.de/download/bestattung-gebuehrensatzung-zur-satzung-fuer-die-oeffentl-bestattungseinrichtung-gbs-bes-der-gemeinde-merching-vom-18-07-2022-gueltig-ab-01-01-2023/,200,https://www.gemeinde-merching.de/download/bestattung-gebuehrensatzung-zur-satzung-fuer-die-oeffentl-bestattungseinrichtung-gbs-bes-der-gemeinde-merching-vom-18-07-2022-gueltig-ab-01-01-2023/,https://www.gemeinde-merching.de/download/bestattung-gebuehrensatzung-zur-satzung-fuer-die-oeffentl-bestattungseinrichtung-gbs-bes-der-gemeinde-merching-vom-18-07-2022-gueltig-ab-01-01-2023/,Bestattung – Gebührensatzung zur Satzung für die öffentl. Bestattungseinrichtung (GBS/BES) der Gemeinde Merching bis 31.12.2026 – Gemeinde Merching,page,text/html; charset=UTF-8,,2,,2026-10-10T14:55:16Z,migrate to another canonical URL + 301,https://www.gemeinde-merching.de/download/bestattung-gebuehrensatzung-zur-satzung-fuer-die-oeffentl-bestattungseinrichtung-gbs-bes-der-gemeinde-merching-vom-18-07-2022-gueltig-ab-01-01-2023,Slashless new convention; proposed same path without trailing slash,2,0,97
https://www.gemeinde-merching.de/download/bestattung-gebuehrensatzung-zur-satzung-fuer-die-oeffentl-bestattungseinrichtung-gbs-bes-der-gemeinde-merching-vom-18-07-2022-gueltig-ab-01-01-2023/?wpdmdl=7059,206,https://www.gemeinde-merching.de/download/bestattung-gebuehrensatzung-zur-satzung-fuer-die-oeffentl-bestattungseinrichtung-gbs-bes-der-gemeinde-merching-vom-18-07-2022-gueltig-ab-01-01-2023/?wpdmdl=7059,,,PDF,application/pdf,1528360,0,,2026-10-10T15:27:27Z,preserve exactly,https://www.gemeinde-merching.de/download/bestattung-gebuehrensatzung-zur-satzung-fuer-die-oeffentl-bestattungseinrichtung-gbs-bes-der-gemeinde-merching-vom-18-07-2022-gueltig-ab-01-01-2023/?wpdmdl=7059,Direct asset URLs may have external backlinks,0,0,0
https://www.gemeinde-merching.de/download/bestattung-gebuehrensatzung-zur-satzung-fuer-oeffentl-bestattungseinrichtung-gbs-bes-der-gemeinde-merching-ab-01-01-2027/,200,https://www.gemeinde-merching.de/download/bestattung-gebuehrensatzung-zur-satzung-fuer-oeffentl-bestattungseinrichtung-gbs-bes-der-gemeinde-merching-ab-01-01-2027/,https://www.gemeinde-merching.de/download/bestattung-gebuehrensatzung-zur-satzung-fuer-oeffentl-bestattungseinrichtung-gbs-bes-der-gemeinde-merching-ab-01-01-2027/,Bestattung – Gebührensatzung zur Satzung für öffentl. Bestattungseinrichtung (GBS/BES) der Gemeinde Merching ab 01.01.2027 – Gemeinde Merching,page,text/html; charset=UTF-8,,2,,2026-10-10T14:55:16Z,migrate to another canonical URL + 301,https://www.gemeinde-merching.de/download/bestattung-gebuehrensatzung-zur-satzung-fuer-oeffentl-bestattungseinrichtung-gbs-bes-der-gemeinde-merching-ab-01-01-2027,Slashless new convention; proposed same path without trailing slash,2,1,101
https://www.gemeinde-merching.de/download/bestattung-gebuehrensatzung-zur-satzung-fuer-oeffentl-bestattungseinrichtung-gbs-bes-der-gemeinde-merching-ab-01-01-2027/?wpdmdl=10793,206,https://www.gemeinde-merching.de/download/bestattung-gebuehrensatzung-zur-satzung-fuer-oeffentl-bestattungseinrichtung-gbs-bes-der-gemeinde-merching-ab-01-01-2027/?wpdmdl=10793,,,PDF,application/pdf,329534,0,,2026-10-10T15:27:27Z,preserve exactly,https://www.gemeinde-merching.de/download/bestattung-gebuehrensatzung-zur-satzung-fuer-oeffentl-bestattungseinrichtung-gbs-bes-der-gemeinde-merching-ab-01-01-2027/?wpdmdl=10793,Direct asset URLs may have external backlinks,0,0,0
https://www.gemeinde-merching.de/download/bestattung-satzung-ueber-die-oeffentl-bestattungseinrichtung-der-gemeinde-merching-vom-18-07-2022-gueltig-ab-01-01-2023/,200,https://www.gemeinde-merching.de/download/bestattung-satzung-ueber-die-oeffentl-bestattungseinrichtung-der-gemeinde-merching-vom-18-07-2022-gueltig-ab-01-01-2023/,https://www.gemeinde-merching.de/download/bestattung-satzung-ueber-die-oeffentl-bestattungseinrichtung-der-gemeinde-merching-vom-18-07-2022-gueltig-ab-01-01-2023/,Bestattung – Satzung über die öffentl. Bestattungseinrichtung der Gemeinde Merching vom 18.07.2022 – gültig bis 31.12.2026 – Gemeinde Merching,page,text/html; charset=UTF-8,,2,,2026-10-10T14:55:17Z,migrate to another canonical URL + 301,https://www.gemeinde-merching.de/download/bestattung-satzung-ueber-die-oeffentl-bestattungseinrichtung-der-gemeinde-merching-vom-18-07-2022-gueltig-ab-01-01-2023,Slashless new convention; proposed same path without trailing slash,2,0,97
https://www.gemeinde-merching.de/download/bestattung-satzung-ueber-die-oeffentl-bestattungseinrichtung-der-gemeinde-merching-vom-18-07-2022-gueltig-ab-01-01-2023/?wpdmdl=7043,206,https://www.gemeinde-merching.de/download/bestattung-satzung-ueber-die-oeffentl-bestattungseinrichtung-der-gemeinde-merching-vom-18-07-2022-gueltig-ab-01-01-2023/?wpdmdl=7043,,,PDF,application/pdf,2097152,0,,2026-10-10T15:27:28Z,preserve exactly,https://www.gemeinde-merching.de/download/bestattung-satzung-ueber-die-oeffentl-bestattungseinrichtung-der-gemeinde-merching-vom-18-07-2022-gueltig-ab-01-01-2023/?wpdmdl=7043,Direct asset URLs may have external backlinks,0,0,0
https://www.gemeinde-merching.de/download/beste-ausbildungs-und-studienchanchen-in-der-oeffentlichen-verwaltung-bayerns/,200,https://www.gemeinde-merching.de/download/beste-ausbildungs-und-studienchanchen-in-der-oeffentlichen-verwaltung-bayerns/,https://www.gemeinde-merching.de/download/beste-ausbildungs-und-studienchanchen-in-der-oeffentlichen-verwaltung-bayerns/,Beste Ausbildungs- und Studienchanchen in der öffentlichen Verwaltung Bayerns – Gemeinde Merching,page,text/html; charset=UTF-8,,2,,2026-10-10T14:55:18Z,migrate to another canonical URL + 301,https://www.gemeinde-merching.de/download/beste-ausbildungs-und-studienchanchen-in-der-oeffentlichen-verwaltung-bayerns,Slashless new convention; proposed same path without trailing slash,2,1,102
https://www.gemeinde-merching.de/download/beste-ausbildungs-und-studienchanchen-in-der-oeffentlichen-verwaltung-bayerns/?wpdmdl=8659,206,https://www.gemeinde-merching.de/download/beste-ausbildungs-und-studienchanchen-in-der-oeffentlichen-verwaltung-bayerns/?wpdmdl=8659,,,PDF,application/pdf,134555,0,,2026-10-10T15:26:58Z,preserve exactly,https://www.gemeinde-merching.de/download/beste-ausbildungs-und-studienchanchen-in-der-oeffentlichen-verwaltung-bayerns/?wpdmdl=8659,Direct asset URLs may have external backlinks,0,0,0
https://www.gemeinde-merching.de/download/blauzungenkrankheit-amtsblatt-75-nr-4b-des-landkreises-aichach-friedberg/,200,https://www.gemeinde-merching.de/download/blauzungenkrankheit-amtsblatt-75-nr-4b-des-landkreises-aichach-friedberg/,https://www.gemeinde-merching.de/download/blauzungenkrankheit-amtsblatt-75-nr-4b-des-landkreises-aichach-friedberg/,Blauzungenkrankheit – Amtsblatt 75 Nr. 4b des Landkreises Aichach-Friedberg – Gemeinde Merching,page,text/html; charset=UTF-8,,2,,2026-10-10T14:55:18Z,migrate to another canonical URL + 301,https://www.gemeinde-merching.de/download/blauzungenkrankheit-amtsblatt-75-nr-4b-des-landkreises-aichach-friedberg,Slashless new convention; proposed same path without trailing slash,2,0,96
https://www.gemeinde-merching.de/download/blauzungenkrankheit-amtsblatt-75-nr-4b-des-landkreises-aichach-friedberg/?wpdmdl=7040,206,https://www.gemeinde-merching.de/download/blauzungenkrankheit-amtsblatt-75-nr-4b-des-landkreises-aichach-friedberg/?wpdmdl=7040,,,PDF,application/pdf,98986,0,,2026-10-10T15:27:00Z,preserve exactly,https://www.gemeinde-merching.de/download/blauzungenkrankheit-amtsblatt-75-nr-4b-des-landkreises-aichach-friedberg/?wpdmdl=7040,Direct asset URLs may have external backlinks,0,0,0
https://www.gemeinde-merching.de/download/bodenrichtwerte-ab-01-01-2026-fuer-merching/,200,https://www.gemeinde-merching.de/download/bodenrichtwerte-ab-01-01-2026-fuer-merching/,https://www.gemeinde-merching.de/download/bodenrichtwerte-ab-01-01-2026-fuer-merching/,Bodenrichtwerte ab 01.01.2026 für Merching – Gemeinde Merching,page,text/html; charset=UTF-8,,2,,2026-10-10T14:55:19Z,migrate to another canonical URL + 301,https://www.gemeinde-merching.de/download/bodenrichtwerte-ab-01-01-2026-fuer-merching,Slashless new convention; proposed same path without trailing slash,2,1,101
https://www.gemeinde-merching.de/download/bodenrichtwerte-ab-01-01-2026-fuer-merching/?wpdmdl=10870,206,https://www.gemeinde-merching.de/download/bodenrichtwerte-ab-01-01-2026-fuer-merching/?wpdmdl=10870,,,PDF,application/pdf,434433,0,,2026-10-10T15:27:01Z,preserve exactly,https://www.gemeinde-merching.de/download/bodenrichtwerte-ab-01-01-2026-fuer-merching/?wpdmdl=10870,Direct asset URLs may have external backlinks,0,0,0
https://www.gemeinde-merching.de/download/bodenrichtwerte-ab-01-01-2026-fuer-steinach-und-hochdorf/,200,https://www.gemeinde-merching.de/download/bodenrichtwerte-ab-01-01-2026-fuer-steinach-und-hochdorf/,https://www.gemeinde-merching.de/download/bodenrichtwerte-ab-01-01-2026-fuer-steinach-und-hochdorf/,Bodenrichtwerte ab 01.01.2026 für Steinach und Hochdorf – Gemeinde Merching,page,text/html; charset=UTF-8,,2,,2026-10-10T14:55:19Z,migrate to another canonical URL + 301,https://www.gemeinde-merching.de/download/bodenrichtwerte-ab-01-01-2026-fuer-steinach-und-hochdorf,Slashless new convention; proposed same path without trailing slash,2,1,101
https://www.gemeinde-merching.de/download/bodenrichtwerte-ab-01-01-2026-fuer-steinach-und-hochdorf/?wpdmdl=10872,206,https://www.gemeinde-merching.de/download/bodenrichtwerte-ab-01-01-2026-fuer-steinach-und-hochdorf/?wpdmdl=10872,,,PDF,application/pdf,407581,0,,2026-10-10T15:27:01Z,preserve exactly,https://www.gemeinde-merching.de/download/bodenrichtwerte-ab-01-01-2026-fuer-steinach-und-hochdorf/?wpdmdl=10872,Direct asset URLs may have external backlinks,0,0,0
https://www.gemeinde-merching.de/download/bodenrichtwerte-f-landwirtschaftliche-flaechen-ab-01-01-2026/,200,https://www.gemeinde-merching.de/download/bodenrichtwerte-f-landwirtschaftliche-flaechen-ab-01-01-2026/,https://www.gemeinde-merching.de/download/bodenrichtwerte-f-landwirtschaftliche-flaechen-ab-01-01-2026/,Bodenrichtwerte f. landwirtschaftliche Flächen ab 01.01.2026 – Gemeinde Merching,page,text/html; charset=UTF-8,,2,,2026-10-10T14:55:20Z,migrate to another canonical URL + 301,https://www.gemeinde-merching.de/download/bodenrichtwerte-f-landwirtschaftliche-flaechen-ab-01-01-2026,Slashless new convention; proposed same path without trailing slash,2,1,100
https://www.gemeinde-merching.de/download/bodenrichtwerte-f-landwirtschaftliche-flaechen-ab-01-01-2026/?wpdmdl=10874,206,https://www.gemeinde-merching.de/download/bodenrichtwerte-f-landwirtschaftliche-flaechen-ab-01-01-2026/?wpdmdl=10874,,,PDF,application/pdf,632423,0,,2026-10-10T15:27:02Z,preserve exactly,https://www.gemeinde-merching.de/download/bodenrichtwerte-f-landwirtschaftliche-flaechen-ab-01-01-2026/?wpdmdl=10874,Direct asset URLs may have external backlinks,0,0,0
https://www.gemeinde-merching.de/download/buergertelefon-krebs/,200,https://www.gemeinde-merching.de/download/buergertelefon-krebs/,https://www.gemeinde-merching.de/download/buergertelefon-krebs/,Bürgertelefon Krebs – Gemeinde Merching,page,text/html; charset=UTF-8,,2,,2026-10-10T14:55:21Z,migrate to another canonical URL + 301,https://www.gemeinde-merching.de/download/buergertelefon-krebs,Slashless new convention; proposed same path without trailing slash,2,1,101
https://www.gemeinde-merching.de/download/buergertelefon-krebs/?wpdmdl=10245,206,https://www.gemeinde-merching.de/download/buergertelefon-krebs/?wpdmdl=10245,,,PDF,application/pdf,1318574,0,,2026-10-10T15:27:03Z,preserve exactly,https://www.gemeinde-merching.de/download/buergertelefon-krebs/?wpdmdl=10245,Direct asset URLs may have external backlinks,0,0,0
https://www.gemeinde-merching.de/download/ehrungen-satzung-ueber-die-verleihung-von-ehrungen-durch-die-gemeinde-merching-ab-07-08-2025/,200,https://www.gemeinde-merching.de/download/ehrungen-satzung-ueber-die-verleihung-von-ehrungen-durch-die-gemeinde-merching-ab-07-08-2025/,https://www.gemeinde-merching.de/download/ehrungen-satzung-ueber-die-verleihung-von-ehrungen-durch-die-gemeinde-merching-ab-07-08-2025/,Ehrungen – Satzung über die Verleihung von Ehrungen durch die Gemeinde Merching – Gemeinde Merching,page,text/html; charset=UTF-8,,2,,2026-10-10T14:55:21Z,migrate to another canonical URL + 301,https://www.gemeinde-merching.de/download/ehrungen-satzung-ueber-die-verleihung-von-ehrungen-durch-die-gemeinde-merching-ab-07-08-2025,Slashless new convention; proposed same path without trailing slash,2,1,101
https://www.gemeinde-merching.de/download/ehrungen-satzung-ueber-die-verleihung-von-ehrungen-durch-die-gemeinde-merching-ab-07-08-2025/?wpdmdl=9915,206,https://www.gemeinde-merching.de/download/ehrungen-satzung-ueber-die-verleihung-von-ehrungen-durch-die-gemeinde-merching-ab-07-08-2025/?wpdmdl=9915,,,PDF,application/pdf,137566,0,,2026-10-10T15:27:29Z,preserve exactly,https://www.gemeinde-merching.de/download/ehrungen-satzung-ueber-die-verleihung-von-ehrungen-durch-die-gemeinde-merching-ab-07-08-2025/?wpdmdl=9915,Direct asset URLs may have external backlinks,0,0,0
https://www.gemeinde-merching.de/download/einfriedung-satzung-der-gemeinde-merching-ueber-die-hoehe-von-einfriedungen-einfriedungssatzung/,200,https://www.gemeinde-merching.de/download/einfriedung-satzung-der-gemeinde-merching-ueber-die-hoehe-von-einfriedungen-einfriedungssatzung/,https://www.gemeinde-merching.de/download/einfriedung-satzung-der-gemeinde-merching-ueber-die-hoehe-von-einfriedungen-einfriedungssatzung/,Einfriedung – Satzung der Gemeinde Merching über die Höhe von Einfriedungen (Einfriedungssatzung) – Gemeinde Merching,page,text/html; charset=UTF-8,,2,,2026-10-10T14:55:22Z,migrate to another canonical URL + 301,https://www.gemeinde-merching.de/download/einfriedung-satzung-der-gemeinde-merching-ueber-die-hoehe-von-einfriedungen-einfriedungssatzung,Slashless new convention; proposed same path without trailing slash,2,0,96
https://www.gemeinde-merching.de/download/einfriedung-satzung-der-gemeinde-merching-ueber-die-hoehe-von-einfriedungen-einfriedungssatzung/?wpdmdl=7030,206,https://www.gemeinde-merching.de/download/einfriedung-satzung-der-gemeinde-merching-ueber-die-hoehe-von-einfriedungen-einfriedungssatzung/?wpdmdl=7030,,,PDF,application/pdf,24642,0,,2026-10-10T15:27:30Z,preserve exactly,https://www.gemeinde-merching.de/download/einfriedung-satzung-der-gemeinde-merching-ueber-die-hoehe-von-einfriedungen-einfriedungssatzung/?wpdmdl=7030,Direct asset URLs may have external backlinks,0,0,0
https://www.gemeinde-merching.de/download/entwaesserung-beitrags-und-gebuehrensatzung-zur-entwaesserungsatzung/,200,https://www.gemeinde-merching.de/download/entwaesserung-beitrags-und-gebuehrensatzung-zur-entwaesserungsatzung/,https://www.gemeinde-merching.de/download/entwaesserung-beitrags-und-gebuehrensatzung-zur-entwaesserungsatzung/,Entwässerung – Beitrags- und Gebührensatzung zur Entwässerungsatzung ab 01.01.2026 – Gemeinde Merching,page,text/html; charset=UTF-8,,2,,2026-10-10T14:55:22Z,migrate to another canonical URL + 301,https://www.gemeinde-merching.de/download/entwaesserung-beitrags-und-gebuehrensatzung-zur-entwaesserungsatzung,Slashless new convention; proposed same path without trailing slash,2,1,101
https://www.gemeinde-merching.de/download/entwaesserung-beitrags-und-gebuehrensatzung-zur-entwaesserungsatzung/?wpdmdl=9913,206,https://www.gemeinde-merching.de/download/entwaesserung-beitrags-und-gebuehrensatzung-zur-entwaesserungsatzung/?wpdmdl=9913,,,PDF,application/pdf,189362,0,,2026-10-10T15:27:30Z,preserve exactly,https://www.gemeinde-merching.de/download/entwaesserung-beitrags-und-gebuehrensatzung-zur-entwaesserungsatzung/?wpdmdl=9913,Direct asset URLs may have external backlinks,0,0,0
https://www.gemeinde-merching.de/download/entwaesserungssatzung-01-01-2022/,200,https://www.gemeinde-merching.de/download/entwaesserungssatzung-01-01-2022/,https://www.gemeinde-merching.de/download/entwaesserungssatzung-01-01-2022/,Entwässerungssatzung 01.01.2022 – Gemeinde Merching,page,text/html; charset=UTF-8,,2,,2026-10-10T14:55:23Z,migrate to another canonical URL + 301,https://www.gemeinde-merching.de/download/entwaesserungssatzung-01-01-2022,Slashless new convention; proposed same path without trailing slash,2,1,101
https://www.gemeinde-merching.de/download/entwaesserungssatzung-01-01-2022/?wpdmdl=8090,206,https://www.gemeinde-merching.de/download/entwaesserungssatzung-01-01-2022/?wpdmdl=8090,,,PDF,application/pdf,2097152,0,,2026-10-10T15:27:31Z,preserve exactly,https://www.gemeinde-merching.de/download/entwaesserungssatzung-01-01-2022/?wpdmdl=8090,Direct asset URLs may have external backlinks,0,0,0
https://www.gemeinde-merching.de/download/erhebung-verwaltungskosten-satzung-ueber-die-erhebung-von-verwaltungskosten-fuer-amtshandlungen-im-eigenen-wirkungskreis-der-gemeinde-merching-kostensatzung/,200,https://www.gemeinde-merching.de/download/erhebung-verwaltungskosten-satzung-ueber-die-erhebung-von-verwaltungskosten-fuer-amtshandlungen-im-eigenen-wirkungskreis-der-gemeinde-merching-kostensatzung/,https://www.gemeinde-merching.de/download/erhebung-verwaltungskosten-satzung-ueber-die-erhebung-von-verwaltungskosten-fuer-amtshandlungen-im-eigenen-wirkungskreis-der-gemeinde-merching-kostensatzung/,Erhebung Verwaltungskosten – Satzung über die Erhebung von Verwaltungskosten für Amtshandlungen im eigenen Wirkungskreis der Gemeinde Merching – Kostensatzung – Gemeinde Merching,page,text/html; charset=UTF-8,,2,,2026-10-10T14:55:24Z,migrate to another canonical URL + 301,https://www.gemeinde-merching.de/download/erhebung-verwaltungskosten-satzung-ueber-die-erhebung-von-verwaltungskosten-fuer-amtshandlungen-im-eigenen-wirkungskreis-der-gemeinde-merching-kostensatzung,Slashless new convention; proposed same path without trailing slash,2,0,95
https://www.gemeinde-merching.de/download/erhebung-verwaltungskosten-satzung-ueber-die-erhebung-von-verwaltungskosten-fuer-amtshandlungen-im-eigenen-wirkungskreis-der-gemeinde-merching-kostensatzung/?wpdmdl=7017,206,https://www.gemeinde-merching.de/download/erhebung-verwaltungskosten-satzung-ueber-die-erhebung-von-verwaltungskosten-fuer-amtshandlungen-im-eigenen-wirkungskreis-der-gemeinde-merching-kostensatzung/?wpdmdl=7017,,,PDF,application/pdf,22559,0,,2026-10-10T15:27:31Z,preserve exactly,https://www.gemeinde-merching.de/download/erhebung-verwaltungskosten-satzung-ueber-die-erhebung-von-verwaltungskosten-fuer-amtshandlungen-im-eigenen-wirkungskreis-der-gemeinde-merching-kostensatzung/?wpdmdl=7017,Direct asset URLs may have external backlinks,0,0,0
https://www.gemeinde-merching.de/download/erschliessungsbeitraege-satzung-ueber-die-erschliessungsbeitraege-in-der-fassung-der-2-aenderung-vom-15-05-1992/,200,https://www.gemeinde-merching.de/download/erschliessungsbeitraege-satzung-ueber-die-erschliessungsbeitraege-in-der-fassung-der-2-aenderung-vom-15-05-1992/,https://www.gemeinde-merching.de/download/erschliessungsbeitraege-satzung-ueber-die-erschliessungsbeitraege-in-der-fassung-der-2-aenderung-vom-15-05-1992/,Erschließungsbeiträge – Satzung über die Erschließungsbeiträge in der Fassung der 2. Änderung vom 15.05.1992 – Gemeinde Merching,page,text/html; charset=UTF-8,,2,,2026-10-10T14:55:24Z,migrate to another canonical URL + 301,https://www.gemeinde-merching.de/download/erschliessungsbeitraege-satzung-ueber-die-erschliessungsbeitraege-in-der-fassung-der-2-aenderung-vom-15-05-1992,Slashless new convention; proposed same path without trailing slash,2,0,96
https://www.gemeinde-merching.de/download/erschliessungsbeitraege-satzung-ueber-die-erschliessungsbeitraege-in-der-fassung-der-2-aenderung-vom-15-05-1992/?wpdmdl=7020,206,https://www.gemeinde-merching.de/download/erschliessungsbeitraege-satzung-ueber-die-erschliessungsbeitraege-in-der-fassung-der-2-aenderung-vom-15-05-1992/?wpdmdl=7020,,,PDF,application/pdf,19938,0,,2026-10-10T15:27:32Z,preserve exactly,https://www.gemeinde-merching.de/download/erschliessungsbeitraege-satzung-ueber-die-erschliessungsbeitraege-in-der-fassung-der-2-aenderung-vom-15-05-1992/?wpdmdl=7020,Direct asset URLs may have external backlinks,0,0,0
https://www.gemeinde-merching.de/download/flyer-stromausfall-vorbereitungsmassnahmen-und-anlaufstellen/,200,https://www.gemeinde-merching.de/download/flyer-stromausfall-vorbereitungsmassnahmen-und-anlaufstellen/,https://www.gemeinde-merching.de/download/flyer-stromausfall-vorbereitungsmassnahmen-und-anlaufstellen/,Flyer „Stromausfall“ – Vorbereitungsmaßnahmen und Anlaufstellen – Gemeinde Merching,page,text/html; charset=UTF-8,,2,,2026-10-10T14:55:25Z,migrate to another canonical URL + 301,https://www.gemeinde-merching.de/download/flyer-stromausfall-vorbereitungsmassnahmen-und-anlaufstellen,Slashless new convention; proposed same path without trailing slash,2,1,101
https://www.gemeinde-merching.de/download/flyer-stromausfall-vorbereitungsmassnahmen-und-anlaufstellen/?wpdmdl=8020,206,https://www.gemeinde-merching.de/download/flyer-stromausfall-vorbereitungsmassnahmen-und-anlaufstellen/?wpdmdl=8020,,,PDF,application/pdf,321903,0,,2026-10-10T15:27:03Z,preserve exactly,https://www.gemeinde-merching.de/download/flyer-stromausfall-vorbereitungsmassnahmen-und-anlaufstellen/?wpdmdl=8020,Direct asset URLs may have external backlinks,0,0,0
https://www.gemeinde-merching.de/download/friedhofs-und-bestattungssatzung-ab-01-01-2027/,200,https://www.gemeinde-merching.de/download/friedhofs-und-bestattungssatzung-ab-01-01-2027/,https://www.gemeinde-merching.de/download/friedhofs-und-bestattungssatzung-ab-01-01-2027/,Bestattung – Satzung über die öffentl. Bestattungseinrichtung der Gemeinde Merching vom 17.07.2026 – gültig ab 01.01.2027 – Gemeinde Merching,page,text/html; charset=UTF-8,,2,,2026-10-10T14:55:25Z,migrate to another canonical URL + 301,https://www.gemeinde-merching.de/download/friedhofs-und-bestattungssatzung-ab-01-01-2027,Slashless new convention; proposed same path without trailing slash,2,1,101
https://www.gemeinde-merching.de/download/friedhofs-und-bestattungssatzung-ab-01-01-2027/?wpdmdl=10790,206,https://www.gemeinde-merching.de/download/friedhofs-und-bestattungssatzung-ab-01-01-2027/?wpdmdl=10790,,,PDF,application/pdf,297695,0,,2026-10-10T15:27:28Z,preserve exactly,https://www.gemeinde-merching.de/download/friedhofs-und-bestattungssatzung-ab-01-01-2027/?wpdmdl=10790,Direct asset URLs may have external backlinks,0,0,0
https://www.gemeinde-merching.de/download/gde-hh-0-deckblatt-2026/,200,https://www.gemeinde-merching.de/download/gde-hh-0-deckblatt-2026/,https://www.gemeinde-merching.de/download/gde-hh-0-deckblatt-2026/,Gde – HH 0 Deckblatt 2026 – Gemeinde Merching,page,text/html; charset=UTF-8,,2,,2026-10-10T14:55:26Z,migrate to another canonical URL + 301,https://www.gemeinde-merching.de/download/gde-hh-0-deckblatt-2026,Slashless new convention; proposed same path without trailing slash,2,0,97
https://www.gemeinde-merching.de/download/gde-hh-0-deckblatt-2026/?wpdmdl=9307,206,https://www.gemeinde-merching.de/download/gde-hh-0-deckblatt-2026/?wpdmdl=9307,,,PDF,application/pdf,70694,0,,2026-10-10T15:27:12Z,preserve exactly,https://www.gemeinde-merching.de/download/gde-hh-0-deckblatt-2026/?wpdmdl=9307,Direct asset URLs may have external backlinks,0,0,0
https://www.gemeinde-merching.de/download/gde-hh-1-inhaltsverzeichnis/,200,https://www.gemeinde-merching.de/download/gde-hh-1-inhaltsverzeichnis/,https://www.gemeinde-merching.de/download/gde-hh-1-inhaltsverzeichnis/,Gde – HH 1 Inhaltsverzeichnis 2026 – Gemeinde Merching,page,text/html; charset=UTF-8,,2,,2026-10-10T14:55:27Z,migrate to another canonical URL + 301,https://www.gemeinde-merching.de/download/gde-hh-1-inhaltsverzeichnis,Slashless new convention; proposed same path without trailing slash,2,0,97
https://www.gemeinde-merching.de/download/gde-hh-1-inhaltsverzeichnis/?wpdmdl=9308,206,https://www.gemeinde-merching.de/download/gde-hh-1-inhaltsverzeichnis/?wpdmdl=9308,,,PDF,application/pdf,101470,0,,2026-10-10T15:27:12Z,preserve exactly,https://www.gemeinde-merching.de/download/gde-hh-1-inhaltsverzeichnis/?wpdmdl=9308,Direct asset URLs may have external backlinks,0,0,0
https://www.gemeinde-merching.de/download/gde-hh-2-haushaltssatzung-2026/,200,https://www.gemeinde-merching.de/download/gde-hh-2-haushaltssatzung-2026/,https://www.gemeinde-merching.de/download/gde-hh-2-haushaltssatzung-2026/,Gde – HH 2 Haushaltssatzung 2026 – Gemeinde Merching,page,text/html; charset=UTF-8,,2,,2026-10-10T14:55:27Z,migrate to another canonical URL + 301,https://www.gemeinde-merching.de/download/gde-hh-2-haushaltssatzung-2026,Slashless new convention; proposed same path without trailing slash,2,0,97
https://www.gemeinde-merching.de/download/gde-hh-2-haushaltssatzung-2026/?wpdmdl=9309,206,https://www.gemeinde-merching.de/download/gde-hh-2-haushaltssatzung-2026/?wpdmdl=9309,,,PDF,application/pdf,141557,0,,2026-10-10T15:27:13Z,preserve exactly,https://www.gemeinde-merching.de/download/gde-hh-2-haushaltssatzung-2026/?wpdmdl=9309,Direct asset URLs may have external backlinks,0,0,0
https://www.gemeinde-merching.de/download/gde-hh-3-vorbericht-2026/,200,https://www.gemeinde-merching.de/download/gde-hh-3-vorbericht-2026/,https://www.gemeinde-merching.de/download/gde-hh-3-vorbericht-2026/,Gde – HH 3 Vorbericht 2026 – Gemeinde Merching,page,text/html; charset=UTF-8,,2,,2026-10-10T14:55:28Z,migrate to another canonical URL + 301,https://www.gemeinde-merching.de/download/gde-hh-3-vorbericht-2026,Slashless new convention; proposed same path without trailing slash,2,0,97
https://www.gemeinde-merching.de/download/gde-hh-3-vorbericht-2026/?wpdmdl=9310,206,https://www.gemeinde-merching.de/download/gde-hh-3-vorbericht-2026/?wpdmdl=9310,,,PDF,application/pdf,235906,0,,2026-10-10T15:27:13Z,preserve exactly,https://www.gemeinde-merching.de/download/gde-hh-3-vorbericht-2026/?wpdmdl=9310,Direct asset URLs may have external backlinks,0,0,0
https://www.gemeinde-merching.de/download/gde-hh-4-darlehen-2026/,200,https://www.gemeinde-merching.de/download/gde-hh-4-darlehen-2026/,https://www.gemeinde-merching.de/download/gde-hh-4-darlehen-2026/,Gde – HH 4 Darlehen 2026 – Gemeinde Merching,page,text/html; charset=UTF-8,,2,,2026-10-10T14:55:28Z,migrate to another canonical URL + 301,https://www.gemeinde-merching.de/download/gde-hh-4-darlehen-2026,Slashless new convention; proposed same path without trailing slash,2,0,97
https://www.gemeinde-merching.de/download/gde-hh-4-darlehen-2026/?wpdmdl=9311,206,https://www.gemeinde-merching.de/download/gde-hh-4-darlehen-2026/?wpdmdl=9311,,,PDF,application/pdf,135076,0,,2026-10-10T15:27:14Z,preserve exactly,https://www.gemeinde-merching.de/download/gde-hh-4-darlehen-2026/?wpdmdl=9311,Direct asset URLs may have external backlinks,0,0,0
https://www.gemeinde-merching.de/download/gde-hh-5-kreditermaechtigungen-2026/,200,https://www.gemeinde-merching.de/download/gde-hh-5-kreditermaechtigungen-2026/,https://www.gemeinde-merching.de/download/gde-hh-5-kreditermaechtigungen-2026/,Gde – HH 5 Kreditermächtigungen 2026 – Gemeinde Merching,page,text/html; charset=UTF-8,,2,,2026-10-10T14:55:29Z,migrate to another canonical URL + 301,https://www.gemeinde-merching.de/download/gde-hh-5-kreditermaechtigungen-2026,Slashless new convention; proposed same path without trailing slash,2,0,97
https://www.gemeinde-merching.de/download/gde-hh-5-kreditermaechtigungen-2026/?wpdmdl=9312,206,https://www.gemeinde-merching.de/download/gde-hh-5-kreditermaechtigungen-2026/?wpdmdl=9312,,,PDF,application/pdf,142954,0,,2026-10-10T15:27:15Z,preserve exactly,https://www.gemeinde-merching.de/download/gde-hh-5-kreditermaechtigungen-2026/?wpdmdl=9312,Direct asset URLs may have external backlinks,0,0,0
https://www.gemeinde-merching.de/download/gde-hh-6-haushaltsplan-mit-finanzplan-2026/,200,https://www.gemeinde-merching.de/download/gde-hh-6-haushaltsplan-mit-finanzplan-2026/,https://www.gemeinde-merching.de/download/gde-hh-6-haushaltsplan-mit-finanzplan-2026/,Gde – HH 6 Haushaltsplan mit Finanzplan 2026 – Gemeinde Merching,page,text/html; charset=UTF-8,,2,,2026-10-10T14:55:30Z,migrate to another canonical URL + 301,https://www.gemeinde-merching.de/download/gde-hh-6-haushaltsplan-mit-finanzplan-2026,Slashless new convention; proposed same path without trailing slash,2,0,97
https://www.gemeinde-merching.de/download/gde-hh-6-haushaltsplan-mit-finanzplan-2026/?wpdmdl=9313,206,https://www.gemeinde-merching.de/download/gde-hh-6-haushaltsplan-mit-finanzplan-2026/?wpdmdl=9313,,,PDF,application/pdf,1597725,0,,2026-10-10T15:27:15Z,preserve exactly,https://www.gemeinde-merching.de/download/gde-hh-6-haushaltsplan-mit-finanzplan-2026/?wpdmdl=9313,Direct asset URLs may have external backlinks,0,0,0
https://www.gemeinde-merching.de/download/gde-hh-7-stellenplan-2026/,200,https://www.gemeinde-merching.de/download/gde-hh-7-stellenplan-2026/,https://www.gemeinde-merching.de/download/gde-hh-7-stellenplan-2026/,Gde – HH 7 Stellenplan 2026 – Gemeinde Merching,page,text/html; charset=UTF-8,,2,,2026-10-10T14:55:30Z,migrate to another canonical URL + 301,https://www.gemeinde-merching.de/download/gde-hh-7-stellenplan-2026,Slashless new convention; proposed same path without trailing slash,2,0,97
https://www.gemeinde-merching.de/download/gde-hh-7-stellenplan-2026/?wpdmdl=9314,206,https://www.gemeinde-merching.de/download/gde-hh-7-stellenplan-2026/?wpdmdl=9314,,,PDF,application/pdf,177996,0,,2026-10-10T15:27:16Z,preserve exactly,https://www.gemeinde-merching.de/download/gde-hh-7-stellenplan-2026/?wpdmdl=9314,Direct asset URLs may have external backlinks,0,0,0
https://www.gemeinde-merching.de/download/gde-hh-8-anlagen-2026/,200,https://www.gemeinde-merching.de/download/gde-hh-8-anlagen-2026/,https://www.gemeinde-merching.de/download/gde-hh-8-anlagen-2026/,Gde – HH 8 Anlagen 2026 – Gemeinde Merching,page,text/html; charset=UTF-8,,2,,2026-10-10T14:55:31Z,migrate to another canonical URL + 301,https://www.gemeinde-merching.de/download/gde-hh-8-anlagen-2026,Slashless new convention; proposed same path without trailing slash,2,0,97
https://www.gemeinde-merching.de/download/gde-hh-8-anlagen-2026/?wpdmdl=9315,206,https://www.gemeinde-merching.de/download/gde-hh-8-anlagen-2026/?wpdmdl=9315,,,PDF,application/pdf,141381,0,,2026-10-10T15:27:16Z,preserve exactly,https://www.gemeinde-merching.de/download/gde-hh-8-anlagen-2026/?wpdmdl=9315,Direct asset URLs may have external backlinks,0,0,0
https://www.gemeinde-merching.de/download/gde-hh-9-finanzplan-vermoegenshaushalt-detail-2026/,200,https://www.gemeinde-merching.de/download/gde-hh-9-finanzplan-vermoegenshaushalt-detail-2026/,https://www.gemeinde-merching.de/download/gde-hh-9-finanzplan-vermoegenshaushalt-detail-2026/,Gde – HH 9 Finanzplan Vermögenshaushalt Detail 2026 – Gemeinde Merching,page,text/html; charset=UTF-8,,2,,2026-10-10T14:55:31Z,migrate to another canonical URL + 301,https://www.gemeinde-merching.de/download/gde-hh-9-finanzplan-vermoegenshaushalt-detail-2026,Slashless new convention; proposed same path without trailing slash,2,0,97
https://www.gemeinde-merching.de/download/gde-hh-9-finanzplan-vermoegenshaushalt-detail-2026/?wpdmdl=9316,206,https://www.gemeinde-merching.de/download/gde-hh-9-finanzplan-vermoegenshaushalt-detail-2026/?wpdmdl=9316,,,PDF,application/pdf,181238,0,,2026-10-10T15:27:17Z,preserve exactly,https://www.gemeinde-merching.de/download/gde-hh-9-finanzplan-vermoegenshaushalt-detail-2026/?wpdmdl=9316,Direct asset URLs may have external backlinks,0,0,0
https://www.gemeinde-merching.de/download/gemeindekurier-ostern-2026/,200,https://www.gemeinde-merching.de/download/gemeindekurier-ostern-2026/,https://www.gemeinde-merching.de/download/gemeindekurier-ostern-2026/,Gemeindekurier Ostern 2026 – Gemeinde Merching,page,text/html; charset=UTF-8,,2,,2026-10-10T14:55:32Z,migrate to another canonical URL + 301,https://www.gemeinde-merching.de/download/gemeindekurier-ostern-2026,Slashless new convention; proposed same path without trailing slash,2,1,101
https://www.gemeinde-merching.de/download/gemeindekurier-ostern-2026/?wpdmdl=10453,206,https://www.gemeinde-merching.de/download/gemeindekurier-ostern-2026/?wpdmdl=10453,,,PDF,application/pdf,1663303,0,,2026-10-10T15:27:11Z,preserve exactly,https://www.gemeinde-merching.de/download/gemeindekurier-ostern-2026/?wpdmdl=10453,Direct asset URLs may have external backlinks,0,0,0
https://www.gemeinde-merching.de/download/gemeindekurier-sommer-2026/,200,https://www.gemeinde-merching.de/download/gemeindekurier-sommer-2026/,https://www.gemeinde-merching.de/download/gemeindekurier-sommer-2026/,Gemeindekurier Sommer 2026 – Gemeinde Merching,page,text/html; charset=UTF-8,,2,,2026-10-10T14:55:33Z,migrate to another canonical URL + 301,https://www.gemeinde-merching.de/download/gemeindekurier-sommer-2026,Slashless new convention; proposed same path without trailing slash,2,1,101
https://www.gemeinde-merching.de/download/gemeindekurier-sommer-2026/?wpdmdl=10803,206,https://www.gemeinde-merching.de/download/gemeindekurier-sommer-2026/?wpdmdl=10803,,,PDF,application/pdf,850144,0,,2026-10-10T15:27:10Z,preserve exactly,https://www.gemeinde-merching.de/download/gemeindekurier-sommer-2026/?wpdmdl=10803,Direct asset URLs may have external backlinks,0,0,0
https://www.gemeinde-merching.de/download/gemeindeverfassungsrecht-satzung-zur-regelung-von-fragen-des-oertlichen-gemeindeverfassungsrechts-06-05-2020/,200,https://www.gemeinde-merching.de/download/gemeindeverfassungsrecht-satzung-zur-regelung-von-fragen-des-oertlichen-gemeindeverfassungsrechts-06-05-2020/,https://www.gemeinde-merching.de/download/gemeindeverfassungsrecht-satzung-zur-regelung-von-fragen-des-oertlichen-gemeindeverfassungsrechts-06-05-2020/,Gemeindeverfassungsrecht – Satzung zur Regelung von Fragen des örtlichen Gemeindeverfassungsrechts 06.05.2020 – Gemeinde Merching,page,text/html; charset=UTF-8,,2,,2026-10-10T14:55:33Z,migrate to another canonical URL + 301,https://www.gemeinde-merching.de/download/gemeindeverfassungsrecht-satzung-zur-regelung-von-fragen-des-oertlichen-gemeindeverfassungsrechts-06-05-2020,Slashless new convention; proposed same path without trailing slash,2,0,97
https://www.gemeinde-merching.de/download/gemeindeverfassungsrecht-satzung-zur-regelung-von-fragen-des-oertlichen-gemeindeverfassungsrechts-06-05-2020/?wpdmdl=7042,206,https://www.gemeinde-merching.de/download/gemeindeverfassungsrecht-satzung-zur-regelung-von-fragen-des-oertlichen-gemeindeverfassungsrechts-06-05-2020/?wpdmdl=7042,,,PDF,application/pdf,736324,0,,2026-10-10T15:27:33Z,preserve exactly,https://www.gemeinde-merching.de/download/gemeindeverfassungsrecht-satzung-zur-regelung-von-fragen-des-oertlichen-gemeindeverfassungsrechts-06-05-2020/?wpdmdl=7042,Direct asset URLs may have external backlinks,0,0,0
https://www.gemeinde-merching.de/download/geschaeftsordnung-ab-mai-2026/,200,https://www.gemeinde-merching.de/download/geschaeftsordnung-ab-mai-2026/,https://www.gemeinde-merching.de/download/geschaeftsordnung-ab-mai-2026/,Geschäftsordnung ab Mai 2026 – Gemeinde Merching,page,text/html; charset=UTF-8,,2,,2026-10-10T14:55:34Z,migrate to another canonical URL + 301,https://www.gemeinde-merching.de/download/geschaeftsordnung-ab-mai-2026,Slashless new convention; proposed same path without trailing slash,2,1,101
https://www.gemeinde-merching.de/download/geschaeftsordnung-ab-mai-2026/?wpdmdl=10683,206,https://www.gemeinde-merching.de/download/geschaeftsordnung-ab-mai-2026/?wpdmdl=10683,,,PDF,application/pdf,2097152,0,,2026-10-10T15:27:34Z,preserve exactly,https://www.gemeinde-merching.de/download/geschaeftsordnung-ab-mai-2026/?wpdmdl=10683,Direct asset URLs may have external backlinks,0,0,0
https://www.gemeinde-merching.de/download/geschaeftsordnung-geschaeftsordnung-2020/,200,https://www.gemeinde-merching.de/download/geschaeftsordnung-geschaeftsordnung-2020/,https://www.gemeinde-merching.de/download/geschaeftsordnung-geschaeftsordnung-2020/,Geschäftsordnung – Geschäftsordnung 2020 – Gemeinde Merching,page,text/html; charset=UTF-8,,2,,2026-10-10T14:55:34Z,migrate to another canonical URL + 301,https://www.gemeinde-merching.de/download/geschaeftsordnung-geschaeftsordnung-2020,Slashless new convention; proposed same path without trailing slash,2,0,97
https://www.gemeinde-merching.de/download/geschaeftsordnung-geschaeftsordnung-2020/?wpdmdl=7041,206,https://www.gemeinde-merching.de/download/geschaeftsordnung-geschaeftsordnung-2020/?wpdmdl=7041,,,PDF,application/pdf,417648,0,,2026-10-10T15:27:34Z,preserve exactly,https://www.gemeinde-merching.de/download/geschaeftsordnung-geschaeftsordnung-2020/?wpdmdl=7041,Direct asset URLs may have external backlinks,0,0,0
https://www.gemeinde-merching.de/download/grundsteuererklaerung-informationen-14-12-2022/,200,https://www.gemeinde-merching.de/download/grundsteuererklaerung-informationen-14-12-2022/,https://www.gemeinde-merching.de/download/grundsteuererklaerung-informationen-14-12-2022/,Grundsteuererklärung Informationen 14.12.2022 – Gemeinde Merching,page,text/html; charset=UTF-8,,2,,2026-10-10T14:55:35Z,migrate to another canonical URL + 301,https://www.gemeinde-merching.de/download/grundsteuererklaerung-informationen-14-12-2022,Slashless new convention; proposed same path without trailing slash,2,0,96
https://www.gemeinde-merching.de/download/grundsteuererklaerung-informationen-14-12-2022/?wpdmdl=7064,206,https://www.gemeinde-merching.de/download/grundsteuererklaerung-informationen-14-12-2022/?wpdmdl=7064,,,PDF,application/pdf,237885,0,,2026-10-10T15:27:04Z,preserve exactly,https://www.gemeinde-merching.de/download/grundsteuererklaerung-informationen-14-12-2022/?wpdmdl=7064,Direct asset URLs may have external backlinks,0,0,0
https://www.gemeinde-merching.de/download/grundsteuerreform-die-neue-grundsteuer-in-bayern/,200,https://www.gemeinde-merching.de/download/grundsteuerreform-die-neue-grundsteuer-in-bayern/,https://www.gemeinde-merching.de/download/grundsteuerreform-die-neue-grundsteuer-in-bayern/,Grundsteuerreform – Die neue Grundsteuer in Bayern – Gemeinde Merching,page,text/html; charset=UTF-8,,2,,2026-10-10T14:55:36Z,migrate to another canonical URL + 301,https://www.gemeinde-merching.de/download/grundsteuerreform-die-neue-grundsteuer-in-bayern,Slashless new convention; proposed same path without trailing slash,2,0,96
https://www.gemeinde-merching.de/download/grundsteuerreform-die-neue-grundsteuer-in-bayern/?wpdmdl=7052,206,https://www.gemeinde-merching.de/download/grundsteuerreform-die-neue-grundsteuer-in-bayern/?wpdmdl=7052,,,PDF,application/pdf,196927,0,,2026-10-10T15:27:04Z,preserve exactly,https://www.gemeinde-merching.de/download/grundsteuerreform-die-neue-grundsteuer-in-bayern/?wpdmdl=7052,Direct asset URLs may have external backlinks,0,0,0
https://www.gemeinde-merching.de/download/gsv-hh-anlagen-2026/,200,https://www.gemeinde-merching.de/download/gsv-hh-anlagen-2026/,https://www.gemeinde-merching.de/download/gsv-hh-anlagen-2026/,GSV – HH 6 Anlagen 2026 – Gemeinde Merching,page,text/html; charset=UTF-8,,2,,2026-10-10T14:55:36Z,migrate to another canonical URL + 301,https://www.gemeinde-merching.de/download/gsv-hh-anlagen-2026,Slashless new convention; proposed same path without trailing slash,2,0,97
https://www.gemeinde-merching.de/download/gsv-hh-anlagen-2026/?wpdmdl=9239,206,https://www.gemeinde-merching.de/download/gsv-hh-anlagen-2026/?wpdmdl=9239,,,PDF,application/pdf,77009,0,,2026-10-10T15:27:21Z,preserve exactly,https://www.gemeinde-merching.de/download/gsv-hh-anlagen-2026/?wpdmdl=9239,Direct asset URLs may have external backlinks,0,0,0
https://www.gemeinde-merching.de/download/gsv-hh-deckblatt/,200,https://www.gemeinde-merching.de/download/gsv-hh-deckblatt/,https://www.gemeinde-merching.de/download/gsv-hh-deckblatt/,GSV – HH 0 Deckblatt 2026 – Gemeinde Merching,page,text/html; charset=UTF-8,,2,,2026-10-10T14:55:37Z,migrate to another canonical URL + 301,https://www.gemeinde-merching.de/download/gsv-hh-deckblatt,Slashless new convention; proposed same path without trailing slash,2,0,97
https://www.gemeinde-merching.de/download/gsv-hh-deckblatt/?wpdmdl=9230,206,https://www.gemeinde-merching.de/download/gsv-hh-deckblatt/?wpdmdl=9230,,,PDF,application/pdf,61634,0,,2026-10-10T15:27:18Z,preserve exactly,https://www.gemeinde-merching.de/download/gsv-hh-deckblatt/?wpdmdl=9230,Direct asset URLs may have external backlinks,0,0,0
https://www.gemeinde-merching.de/download/gsv-hh-haushaltsplan-mit-finanzplan/,200,https://www.gemeinde-merching.de/download/gsv-hh-haushaltsplan-mit-finanzplan/,https://www.gemeinde-merching.de/download/gsv-hh-haushaltsplan-mit-finanzplan/,GSV – HH 5 Haushaltsplan mit Finanzplan 2026 – Gemeinde Merching,page,text/html; charset=UTF-8,,2,,2026-10-10T14:55:37Z,migrate to another canonical URL + 301,https://www.gemeinde-merching.de/download/gsv-hh-haushaltsplan-mit-finanzplan,Slashless new convention; proposed same path without trailing slash,2,0,97
https://www.gemeinde-merching.de/download/gsv-hh-haushaltsplan-mit-finanzplan/?wpdmdl=9238,206,https://www.gemeinde-merching.de/download/gsv-hh-haushaltsplan-mit-finanzplan/?wpdmdl=9238,,,PDF,application/pdf,1101172,0,,2026-10-10T15:27:21Z,preserve exactly,https://www.gemeinde-merching.de/download/gsv-hh-haushaltsplan-mit-finanzplan/?wpdmdl=9238,Direct asset URLs may have external backlinks,0,0,0
https://www.gemeinde-merching.de/download/gsv-hh-haushaltssatzung-2026/,200,https://www.gemeinde-merching.de/download/gsv-hh-haushaltssatzung-2026/,https://www.gemeinde-merching.de/download/gsv-hh-haushaltssatzung-2026/,GSV – HH 2 Haushaltssatzung 2026 – Gemeinde Merching,page,text/html; charset=UTF-8,,2,,2026-10-10T14:55:38Z,migrate to another canonical URL + 301,https://www.gemeinde-merching.de/download/gsv-hh-haushaltssatzung-2026,Slashless new convention; proposed same path without trailing slash,2,0,97
https://www.gemeinde-merching.de/download/gsv-hh-haushaltssatzung-2026/?wpdmdl=9235,206,https://www.gemeinde-merching.de/download/gsv-hh-haushaltssatzung-2026/?wpdmdl=9235,,,PDF,application/pdf,64911,0,,2026-10-10T15:27:19Z,preserve exactly,https://www.gemeinde-merching.de/download/gsv-hh-haushaltssatzung-2026/?wpdmdl=9235,Direct asset URLs may have external backlinks,0,0,0
https://www.gemeinde-merching.de/download/gsv-hh-inhaltsverzeichnis-2026/,200,https://www.gemeinde-merching.de/download/gsv-hh-inhaltsverzeichnis-2026/,https://www.gemeinde-merching.de/download/gsv-hh-inhaltsverzeichnis-2026/,GSV – HH 1 Inhaltsverzeichnis 2026 – Gemeinde Merching,page,text/html; charset=UTF-8,,2,,2026-10-10T14:55:39Z,migrate to another canonical URL + 301,https://www.gemeinde-merching.de/download/gsv-hh-inhaltsverzeichnis-2026,Slashless new convention; proposed same path without trailing slash,2,0,97
https://www.gemeinde-merching.de/download/gsv-hh-inhaltsverzeichnis-2026/?wpdmdl=9234,206,https://www.gemeinde-merching.de/download/gsv-hh-inhaltsverzeichnis-2026/?wpdmdl=9234,,,PDF,application/pdf,12967,0,,2026-10-10T15:27:18Z,preserve exactly,https://www.gemeinde-merching.de/download/gsv-hh-inhaltsverzeichnis-2026/?wpdmdl=9234,Direct asset URLs may have external backlinks,0,0,0
https://www.gemeinde-merching.de/download/gsv-hh-schulverbandsumlage-2026/,200,https://www.gemeinde-merching.de/download/gsv-hh-schulverbandsumlage-2026/,https://www.gemeinde-merching.de/download/gsv-hh-schulverbandsumlage-2026/,GSV – HH 3 Schulverbandsumlage 2026 – Gemeinde Merching,page,text/html; charset=UTF-8,,2,,2026-10-10T14:55:39Z,migrate to another canonical URL + 301,https://www.gemeinde-merching.de/download/gsv-hh-schulverbandsumlage-2026,Slashless new convention; proposed same path without trailing slash,2,0,97
https://www.gemeinde-merching.de/download/gsv-hh-schulverbandsumlage-2026/?wpdmdl=9236,206,https://www.gemeinde-merching.de/download/gsv-hh-schulverbandsumlage-2026/?wpdmdl=9236,,,PDF,application/pdf,80664,0,,2026-10-10T15:27:19Z,preserve exactly,https://www.gemeinde-merching.de/download/gsv-hh-schulverbandsumlage-2026/?wpdmdl=9236,Direct asset URLs may have external backlinks,0,0,0
https://www.gemeinde-merching.de/download/gsv-hh-vorbericht-2026/,200,https://www.gemeinde-merching.de/download/gsv-hh-vorbericht-2026/,https://www.gemeinde-merching.de/download/gsv-hh-vorbericht-2026/,GSV – HH 4 Vorbericht 2026 – Gemeinde Merching,page,text/html; charset=UTF-8,,2,,2026-10-10T14:55:40Z,migrate to another canonical URL + 301,https://www.gemeinde-merching.de/download/gsv-hh-vorbericht-2026,Slashless new convention; proposed same path without trailing slash,2,0,97
https://www.gemeinde-merching.de/download/gsv-hh-vorbericht-2026/?wpdmdl=9237,206,https://www.gemeinde-merching.de/download/gsv-hh-vorbericht-2026/?wpdmdl=9237,,,PDF,application/pdf,78810,0,,2026-10-10T15:27:20Z,preserve exactly,https://www.gemeinde-merching.de/download/gsv-hh-vorbericht-2026/?wpdmdl=9237,Direct asset URLs may have external backlinks,0,0,0
https://www.gemeinde-merching.de/download/hausnummerierung-satzung-ueber-die-hausnummerierung/,200,https://www.gemeinde-merching.de/download/hausnummerierung-satzung-ueber-die-hausnummerierung/,https://www.gemeinde-merching.de/download/hausnummerierung-satzung-ueber-die-hausnummerierung/,Hausnummerierung – Satzung über die Hausnummerierung – Gemeinde Merching,page,text/html; charset=UTF-8,,2,,2026-10-10T14:55:40Z,migrate to another canonical URL + 301,https://www.gemeinde-merching.de/download/hausnummerierung-satzung-ueber-die-hausnummerierung,Slashless new convention; proposed same path without trailing slash,2,0,96
https://www.gemeinde-merching.de/download/hausnummerierung-satzung-ueber-die-hausnummerierung/?wpdmdl=7021,206,https://www.gemeinde-merching.de/download/hausnummerierung-satzung-ueber-die-hausnummerierung/?wpdmdl=7021,,,PDF,application/pdf,16713,0,,2026-10-10T15:27:35Z,preserve exactly,https://www.gemeinde-merching.de/download/hausnummerierung-satzung-ueber-die-hausnummerierung/?wpdmdl=7021,Direct asset URLs may have external backlinks,0,0,0
https://www.gemeinde-merching.de/download/hundesteuer-satzung-der-gemeinde-merching-fuer-die-erhebung-der-hundesteuer-hundesteuersatzung-hsts/,200,https://www.gemeinde-merching.de/download/hundesteuer-satzung-der-gemeinde-merching-fuer-die-erhebung-der-hundesteuer-hundesteuersatzung-hsts/,https://www.gemeinde-merching.de/download/hundesteuer-satzung-der-gemeinde-merching-fuer-die-erhebung-der-hundesteuer-hundesteuersatzung-hsts/,Hundesteuer – Satzung der Gemeinde Merching für die Erhebung der Hundesteuer (Hundesteuersatzung – HStS) ab 2026 – Gemeinde Merching,page,text/html; charset=UTF-8,,2,,2026-10-10T14:55:41Z,migrate to another canonical URL + 301,https://www.gemeinde-merching.de/download/hundesteuer-satzung-der-gemeinde-merching-fuer-die-erhebung-der-hundesteuer-hundesteuersatzung-hsts,Slashless new convention; proposed same path without trailing slash,2,1,101
https://www.gemeinde-merching.de/download/hundesteuer-satzung-der-gemeinde-merching-fuer-die-erhebung-der-hundesteuer-hundesteuersatzung-hsts/?wpdmdl=10027,206,https://www.gemeinde-merching.de/download/hundesteuer-satzung-der-gemeinde-merching-fuer-die-erhebung-der-hundesteuer-hundesteuersatzung-hsts/?wpdmdl=10027,,,PDF,application/pdf,128279,0,,2026-10-10T15:27:36Z,preserve exactly,https://www.gemeinde-merching.de/download/hundesteuer-satzung-der-gemeinde-merching-fuer-die-erhebung-der-hundesteuer-hundesteuersatzung-hsts/?wpdmdl=10027,Direct asset URLs may have external backlinks,0,0,0
https://www.gemeinde-merching.de/download/information-zur-elektronischen-lohnsteuerkarte/,200,https://www.gemeinde-merching.de/download/information-zur-elektronischen-lohnsteuerkarte/,https://www.gemeinde-merching.de/download/information-zur-elektronischen-lohnsteuerkarte/,Information zur elektronischen Lohnsteuerkarte – Gemeinde Merching,page,text/html; charset=UTF-8,,2,,2026-10-10T14:55:42Z,migrate to another canonical URL + 301,https://www.gemeinde-merching.de/download/information-zur-elektronischen-lohnsteuerkarte,Slashless new convention; proposed same path without trailing slash,2,0,96
https://www.gemeinde-merching.de/download/information-zur-elektronischen-lohnsteuerkarte/?wpdmdl=7024,206,https://www.gemeinde-merching.de/download/information-zur-elektronischen-lohnsteuerkarte/?wpdmdl=7024,,,PDF,application/pdf,932317,0,,2026-10-10T15:27:05Z,preserve exactly,https://www.gemeinde-merching.de/download/information-zur-elektronischen-lohnsteuerkarte/?wpdmdl=7024,Direct asset URLs may have external backlinks,0,0,0
https://www.gemeinde-merching.de/download/kleineinleiter-satzung-fuer-die-erhebung-einer-kommunalabgabe-zur-abwaelzung-der-abwasserabgabe-fuer-kleineinleiter/,200,https://www.gemeinde-merching.de/download/kleineinleiter-satzung-fuer-die-erhebung-einer-kommunalabgabe-zur-abwaelzung-der-abwasserabgabe-fuer-kleineinleiter/,https://www.gemeinde-merching.de/download/kleineinleiter-satzung-fuer-die-erhebung-einer-kommunalabgabe-zur-abwaelzung-der-abwasserabgabe-fuer-kleineinleiter/,Kleineinleiter – Satzung für die Erhebung einer Kommunalabgabe zur Abwälzung der Abwasserabgabe für Kleineinleiter – Gemeinde Merching,page,text/html; charset=UTF-8,,2,,2026-10-10T14:55:42Z,migrate to another canonical URL + 301,https://www.gemeinde-merching.de/download/kleineinleiter-satzung-fuer-die-erhebung-einer-kommunalabgabe-zur-abwaelzung-der-abwasserabgabe-fuer-kleineinleiter,Slashless new convention; proposed same path without trailing slash,2,0,96
https://www.gemeinde-merching.de/download/kleineinleiter-satzung-fuer-die-erhebung-einer-kommunalabgabe-zur-abwaelzung-der-abwasserabgabe-fuer-kleineinleiter/?wpdmdl=7022,206,https://www.gemeinde-merching.de/download/kleineinleiter-satzung-fuer-die-erhebung-einer-kommunalabgabe-zur-abwaelzung-der-abwasserabgabe-fuer-kleineinleiter/?wpdmdl=7022,,,PDF,application/pdf,15911,0,,2026-10-10T15:27:36Z,preserve exactly,https://www.gemeinde-merching.de/download/kleineinleiter-satzung-fuer-die-erhebung-einer-kommunalabgabe-zur-abwaelzung-der-abwasserabgabe-fuer-kleineinleiter/?wpdmdl=7022,Direct asset URLs may have external backlinks,0,0,0
https://www.gemeinde-merching.de/download/landespflegegeld-unterstuetzt-pflegebeduerftige-pressemitteilung-landratsamt-aichach-friedberg-08-2021/,200,https://www.gemeinde-merching.de/download/landespflegegeld-unterstuetzt-pflegebeduerftige-pressemitteilung-landratsamt-aichach-friedberg-08-2021/,https://www.gemeinde-merching.de/download/landespflegegeld-unterstuetzt-pflegebeduerftige-pressemitteilung-landratsamt-aichach-friedberg-08-2021/,Landespflegegeld unterstützt Pflegebedürftige – Pressemitteilung Landratsamt Aichach-Friedberg 08/2021 – Gemeinde Merching,page,text/html; charset=UTF-8,,2,,2026-10-10T14:55:43Z,migrate to another canonical URL + 301,https://www.gemeinde-merching.de/download/landespflegegeld-unterstuetzt-pflegebeduerftige-pressemitteilung-landratsamt-aichach-friedberg-08-2021,Slashless new convention; proposed same path without trailing slash,2,0,96
https://www.gemeinde-merching.de/download/landespflegegeld-unterstuetzt-pflegebeduerftige-pressemitteilung-landratsamt-aichach-friedberg-08-2021/?wpdmdl=7049,206,https://www.gemeinde-merching.de/download/landespflegegeld-unterstuetzt-pflegebeduerftige-pressemitteilung-landratsamt-aichach-friedberg-08-2021/?wpdmdl=7049,,,PDF,application/pdf,225545,0,,2026-10-10T15:27:06Z,preserve exactly,https://www.gemeinde-merching.de/download/landespflegegeld-unterstuetzt-pflegebeduerftige-pressemitteilung-landratsamt-aichach-friedberg-08-2021/?wpdmdl=7049,Direct asset URLs may have external backlinks,0,0,0
https://www.gemeinde-merching.de/download/mandat-gemeinde-merching/,200,https://www.gemeinde-merching.de/download/mandat-gemeinde-merching/,https://www.gemeinde-merching.de/download/mandat-gemeinde-merching/,SEPA-Mandat Gemeinde Merching – Gemeinde Merching,page,text/html; charset=UTF-8,,2,,2026-10-10T14:55:43Z,migrate to another canonical URL + 301,https://www.gemeinde-merching.de/download/mandat-gemeinde-merching,Slashless new convention; proposed same path without trailing slash,2,0,97
https://www.gemeinde-merching.de/download/mandat-gemeinde-merching/?wpdmdl=7031,206,https://www.gemeinde-merching.de/download/mandat-gemeinde-merching/?wpdmdl=7031,,,PDF,application/pdf,13270,0,,2026-10-10T15:27:48Z,preserve exactly,https://www.gemeinde-merching.de/download/mandat-gemeinde-merching/?wpdmdl=7031,Direct asset URLs may have external backlinks,0,0,0
https://www.gemeinde-merching.de/download/merkblatt-zum-richtigen-verhalten-gegenueber-wasser-zugvoegeln/,200,https://www.gemeinde-merching.de/download/merkblatt-zum-richtigen-verhalten-gegenueber-wasser-zugvoegeln/,https://www.gemeinde-merching.de/download/merkblatt-zum-richtigen-verhalten-gegenueber-wasser-zugvoegeln/,Merkblatt zum richtigen Verhalten gegenüber Wasser-/Zugvögeln – Gemeinde Merching,page,text/html; charset=UTF-8,,2,,2026-10-10T14:55:44Z,migrate to another canonical URL + 301,https://www.gemeinde-merching.de/download/merkblatt-zum-richtigen-verhalten-gegenueber-wasser-zugvoegeln,Slashless new convention; proposed same path without trailing slash,2,1,101
https://www.gemeinde-merching.de/download/merkblatt-zum-richtigen-verhalten-gegenueber-wasser-zugvoegeln/?wpdmdl=10091,206,https://www.gemeinde-merching.de/download/merkblatt-zum-richtigen-verhalten-gegenueber-wasser-zugvoegeln/?wpdmdl=10091,,,PDF,application/pdf,194397,0,,2026-10-10T15:27:06Z,preserve exactly,https://www.gemeinde-merching.de/download/merkblatt-zum-richtigen-verhalten-gegenueber-wasser-zugvoegeln/?wpdmdl=10091,Direct asset URLs may have external backlinks,0,0,0
https://www.gemeinde-merching.de/download/msv-hh-0-deckblatt-2026/,200,https://www.gemeinde-merching.de/download/msv-hh-0-deckblatt-2026/,https://www.gemeinde-merching.de/download/msv-hh-0-deckblatt-2026/,MSV – HH 0 Deckblatt 2026 – Gemeinde Merching,page,text/html; charset=UTF-8,,2,,2026-10-10T14:55:45Z,migrate to another canonical URL + 301,https://www.gemeinde-merching.de/download/msv-hh-0-deckblatt-2026,Slashless new convention; proposed same path without trailing slash,2,0,97
https://www.gemeinde-merching.de/download/msv-hh-0-deckblatt-2026/?wpdmdl=9240,206,https://www.gemeinde-merching.de/download/msv-hh-0-deckblatt-2026/?wpdmdl=9240,,,PDF,application/pdf,61673,0,,2026-10-10T15:27:22Z,preserve exactly,https://www.gemeinde-merching.de/download/msv-hh-0-deckblatt-2026/?wpdmdl=9240,Direct asset URLs may have external backlinks,0,0,0
https://www.gemeinde-merching.de/download/msv-hh-1-inhaltsverzeichnis-2026/,200,https://www.gemeinde-merching.de/download/msv-hh-1-inhaltsverzeichnis-2026/,https://www.gemeinde-merching.de/download/msv-hh-1-inhaltsverzeichnis-2026/,MSV – HH 1 Inhaltsverzeichnis 2026 – Gemeinde Merching,page,text/html; charset=UTF-8,,2,,2026-10-10T14:55:45Z,migrate to another canonical URL + 301,https://www.gemeinde-merching.de/download/msv-hh-1-inhaltsverzeichnis-2026,Slashless new convention; proposed same path without trailing slash,2,0,97
https://www.gemeinde-merching.de/download/msv-hh-1-inhaltsverzeichnis-2026/?wpdmdl=9241,206,https://www.gemeinde-merching.de/download/msv-hh-1-inhaltsverzeichnis-2026/?wpdmdl=9241,,,PDF,application/pdf,13123,0,,2026-10-10T15:27:22Z,preserve exactly,https://www.gemeinde-merching.de/download/msv-hh-1-inhaltsverzeichnis-2026/?wpdmdl=9241,Direct asset URLs may have external backlinks,0,0,0
https://www.gemeinde-merching.de/download/msv-hh-2-haushaltssatzung-2026/,200,https://www.gemeinde-merching.de/download/msv-hh-2-haushaltssatzung-2026/,https://www.gemeinde-merching.de/download/msv-hh-2-haushaltssatzung-2026/,MSV – HH 2 Haushaltssatzung 2026 – Gemeinde Merching,page,text/html; charset=UTF-8,,2,,2026-10-10T14:55:46Z,migrate to another canonical URL + 301,https://www.gemeinde-merching.de/download/msv-hh-2-haushaltssatzung-2026,Slashless new convention; proposed same path without trailing slash,2,0,97
https://www.gemeinde-merching.de/download/msv-hh-2-haushaltssatzung-2026/?wpdmdl=9242,206,https://www.gemeinde-merching.de/download/msv-hh-2-haushaltssatzung-2026/?wpdmdl=9242,,,PDF,application/pdf,65576,0,,2026-10-10T15:27:23Z,preserve exactly,https://www.gemeinde-merching.de/download/msv-hh-2-haushaltssatzung-2026/?wpdmdl=9242,Direct asset URLs may have external backlinks,0,0,0
https://www.gemeinde-merching.de/download/msv-hh-3-schulverbandsumlage-2026/,200,https://www.gemeinde-merching.de/download/msv-hh-3-schulverbandsumlage-2026/,https://www.gemeinde-merching.de/download/msv-hh-3-schulverbandsumlage-2026/,MSV – HH 3 Schulverbandsumlage 2026 – Gemeinde Merching,page,text/html; charset=UTF-8,,2,,2026-10-10T14:55:46Z,migrate to another canonical URL + 301,https://www.gemeinde-merching.de/download/msv-hh-3-schulverbandsumlage-2026,Slashless new convention; proposed same path without trailing slash,2,0,97
https://www.gemeinde-merching.de/download/msv-hh-3-schulverbandsumlage-2026/?wpdmdl=9243,206,https://www.gemeinde-merching.de/download/msv-hh-3-schulverbandsumlage-2026/?wpdmdl=9243,,,PDF,application/pdf,91676,0,,2026-10-10T15:27:24Z,preserve exactly,https://www.gemeinde-merching.de/download/msv-hh-3-schulverbandsumlage-2026/?wpdmdl=9243,Direct asset URLs may have external backlinks,0,0,0
https://www.gemeinde-merching.de/download/msv-hh-4-vorbericht-2026/,200,https://www.gemeinde-merching.de/download/msv-hh-4-vorbericht-2026/,https://www.gemeinde-merching.de/download/msv-hh-4-vorbericht-2026/,MSV – HH 4 Vorbericht 2026 – Gemeinde Merching,page,text/html; charset=UTF-8,,2,,2026-10-10T14:55:47Z,migrate to another canonical URL + 301,https://www.gemeinde-merching.de/download/msv-hh-4-vorbericht-2026,Slashless new convention; proposed same path without trailing slash,2,0,97
https://www.gemeinde-merching.de/download/msv-hh-4-vorbericht-2026/?wpdmdl=9244,206,https://www.gemeinde-merching.de/download/msv-hh-4-vorbericht-2026/?wpdmdl=9244,,,PDF,application/pdf,365520,0,,2026-10-10T15:27:24Z,preserve exactly,https://www.gemeinde-merching.de/download/msv-hh-4-vorbericht-2026/?wpdmdl=9244,Direct asset URLs may have external backlinks,0,0,0
https://www.gemeinde-merching.de/download/msv-hh-5-haushaltsplan-mit-finanzplan-2026/,200,https://www.gemeinde-merching.de/download/msv-hh-5-haushaltsplan-mit-finanzplan-2026/,https://www.gemeinde-merching.de/download/msv-hh-5-haushaltsplan-mit-finanzplan-2026/,MSV – HH 5 Haushaltsplan mit Finanzplan 2026 – Gemeinde Merching,page,text/html; charset=UTF-8,,2,,2026-10-10T14:55:48Z,migrate to another canonical URL + 301,https://www.gemeinde-merching.de/download/msv-hh-5-haushaltsplan-mit-finanzplan-2026,Slashless new convention; proposed same path without trailing slash,2,0,97
https://www.gemeinde-merching.de/download/msv-hh-5-haushaltsplan-mit-finanzplan-2026/?wpdmdl=9245,206,https://www.gemeinde-merching.de/download/msv-hh-5-haushaltsplan-mit-finanzplan-2026/?wpdmdl=9245,,,PDF,application/pdf,1282390,0,,2026-10-10T15:27:25Z,preserve exactly,https://www.gemeinde-merching.de/download/msv-hh-5-haushaltsplan-mit-finanzplan-2026/?wpdmdl=9245,Direct asset URLs may have external backlinks,0,0,0
https://www.gemeinde-merching.de/download/msv-hh-6-stellenplan-2026/,200,https://www.gemeinde-merching.de/download/msv-hh-6-stellenplan-2026/,https://www.gemeinde-merching.de/download/msv-hh-6-stellenplan-2026/,MSV – HH 6 Stellenplan 2026 – Gemeinde Merching,page,text/html; charset=UTF-8,,2,,2026-10-10T14:55:48Z,migrate to another canonical URL + 301,https://www.gemeinde-merching.de/download/msv-hh-6-stellenplan-2026,Slashless new convention; proposed same path without trailing slash,2,0,97
https://www.gemeinde-merching.de/download/msv-hh-6-stellenplan-2026/?wpdmdl=9246,206,https://www.gemeinde-merching.de/download/msv-hh-6-stellenplan-2026/?wpdmdl=9246,,,PDF,application/pdf,19369,0,,2026-10-10T15:27:25Z,preserve exactly,https://www.gemeinde-merching.de/download/msv-hh-6-stellenplan-2026/?wpdmdl=9246,Direct asset URLs may have external backlinks,0,0,0
https://www.gemeinde-merching.de/download/msv-hh-7-anlagen-2026/,200,https://www.gemeinde-merching.de/download/msv-hh-7-anlagen-2026/,https://www.gemeinde-merching.de/download/msv-hh-7-anlagen-2026/,MSV – HH 7 Anlagen 2026 – Gemeinde Merching,page,text/html; charset=UTF-8,,2,,2026-10-10T14:55:49Z,migrate to another canonical URL + 301,https://www.gemeinde-merching.de/download/msv-hh-7-anlagen-2026,Slashless new convention; proposed same path without trailing slash,2,0,97
https://www.gemeinde-merching.de/download/msv-hh-7-anlagen-2026/?wpdmdl=9247,206,https://www.gemeinde-merching.de/download/msv-hh-7-anlagen-2026/?wpdmdl=9247,,,PDF,application/pdf,76997,0,,2026-10-10T15:27:26Z,preserve exactly,https://www.gemeinde-merching.de/download/msv-hh-7-anlagen-2026/?wpdmdl=9247,Direct asset URLs may have external backlinks,0,0,0
https://www.gemeinde-merching.de/download/ortssprecherwahl-steinach-u-hochdorf-beilage-gemeindekurier-zu-ostern-f-die-ortsteile/,200,https://www.gemeinde-merching.de/download/ortssprecherwahl-steinach-u-hochdorf-beilage-gemeindekurier-zu-ostern-f-die-ortsteile/,https://www.gemeinde-merching.de/download/ortssprecherwahl-steinach-u-hochdorf-beilage-gemeindekurier-zu-ostern-f-die-ortsteile/,Ortssprecherwahl Steinach u. Hochdorf – Beilage Gemeindekurier zu Ostern f. die Ortsteile – Gemeinde Merching,page,text/html; charset=UTF-8,,2,,2026-10-10T14:55:50Z,migrate to another canonical URL + 301,https://www.gemeinde-merching.de/download/ortssprecherwahl-steinach-u-hochdorf-beilage-gemeindekurier-zu-ostern-f-die-ortsteile,Slashless new convention; proposed same path without trailing slash,2,1,101
https://www.gemeinde-merching.de/download/ortssprecherwahl-steinach-u-hochdorf-beilage-gemeindekurier-zu-ostern-f-die-ortsteile/?wpdmdl=10455,206,https://www.gemeinde-merching.de/download/ortssprecherwahl-steinach-u-hochdorf-beilage-gemeindekurier-zu-ostern-f-die-ortsteile/?wpdmdl=10455,,,PDF,application/pdf,90272,0,,2026-10-10T15:27:10Z,preserve exactly,https://www.gemeinde-merching.de/download/ortssprecherwahl-steinach-u-hochdorf-beilage-gemeindekurier-zu-ostern-f-die-ortsteile/?wpdmdl=10455,Direct asset URLs may have external backlinks,0,0,0
https://www.gemeinde-merching.de/download/plakatierungsverordnung-vom-14-12-2023/,200,https://www.gemeinde-merching.de/download/plakatierungsverordnung-vom-14-12-2023/,https://www.gemeinde-merching.de/download/plakatierungsverordnung-vom-14-12-2023/,Plakatierungsverordnung vom 14.12.2023 – Gemeinde Merching,page,text/html; charset=UTF-8,,2,,2026-10-10T14:55:51Z,migrate to another canonical URL + 301,https://www.gemeinde-merching.de/download/plakatierungsverordnung-vom-14-12-2023,Slashless new convention; proposed same path without trailing slash,2,1,101
https://www.gemeinde-merching.de/download/plakatierungsverordnung-vom-14-12-2023/?wpdmdl=9417,206,https://www.gemeinde-merching.de/download/plakatierungsverordnung-vom-14-12-2023/?wpdmdl=9417,,,PDF,application/pdf,1278593,0,,2026-10-10T15:27:37Z,preserve exactly,https://www.gemeinde-merching.de/download/plakatierungsverordnung-vom-14-12-2023/?wpdmdl=9417,Direct asset URLs may have external backlinks,0,0,0
https://www.gemeinde-merching.de/download/pressemitteilung-mikrozensus-2026/,200,https://www.gemeinde-merching.de/download/pressemitteilung-mikrozensus-2026/,https://www.gemeinde-merching.de/download/pressemitteilung-mikrozensus-2026/,Pressemitteilung Mikrozensus 2026 – Gemeinde Merching,page,text/html; charset=UTF-8,,2,,2026-10-10T14:55:51Z,migrate to another canonical URL + 301,https://www.gemeinde-merching.de/download/pressemitteilung-mikrozensus-2026,Slashless new convention; proposed same path without trailing slash,2,1,101
https://www.gemeinde-merching.de/download/pressemitteilung-mikrozensus-2026/?wpdmdl=10326,206,https://www.gemeinde-merching.de/download/pressemitteilung-mikrozensus-2026/?wpdmdl=10326,,,PDF,application/pdf,186075,0,,2026-10-10T15:27:07Z,preserve exactly,https://www.gemeinde-merching.de/download/pressemitteilung-mikrozensus-2026/?wpdmdl=10326,Direct asset URLs may have external backlinks,0,0,0
https://www.gemeinde-merching.de/download/pruefbericht-trinkwasser-november-2025/,200,https://www.gemeinde-merching.de/download/pruefbericht-trinkwasser-november-2025/,https://www.gemeinde-merching.de/download/pruefbericht-trinkwasser-november-2025/,Prüfbericht Trinkwasser November 2025 – Gemeinde Merching,page,text/html; charset=UTF-8,,2,,2026-10-10T14:55:52Z,migrate to another canonical URL + 301,https://www.gemeinde-merching.de/download/pruefbericht-trinkwasser-november-2025,Slashless new convention; proposed same path without trailing slash,2,1,102
https://www.gemeinde-merching.de/download/pruefbericht-trinkwasser-november-2025/?wpdmdl=10376,206,https://www.gemeinde-merching.de/download/pruefbericht-trinkwasser-november-2025/?wpdmdl=10376,,,PDF,application/pdf,275151,0,,2026-10-10T15:27:07Z,preserve exactly,https://www.gemeinde-merching.de/download/pruefbericht-trinkwasser-november-2025/?wpdmdl=10376,Direct asset URLs may have external backlinks,0,0,0
https://www.gemeinde-merching.de/download/rechtsverordnung-ueber-die-zulassung-des-betriebs-von-autowaschanlagen-an-sonn-und-feiertagen/,200,https://www.gemeinde-merching.de/download/rechtsverordnung-ueber-die-zulassung-des-betriebs-von-autowaschanlagen-an-sonn-und-feiertagen/,https://www.gemeinde-merching.de/download/rechtsverordnung-ueber-die-zulassung-des-betriebs-von-autowaschanlagen-an-sonn-und-feiertagen/,Rechtsverordnung über die Zulassung des Betriebs von Autowaschanlagen an Sonn- und Feiertagen – Gemeinde Merching,page,text/html; charset=UTF-8,,2,,2026-10-10T14:55:52Z,migrate to another canonical URL + 301,https://www.gemeinde-merching.de/download/rechtsverordnung-ueber-die-zulassung-des-betriebs-von-autowaschanlagen-an-sonn-und-feiertagen,Slashless new convention; proposed same path without trailing slash,2,1,101
https://www.gemeinde-merching.de/download/rechtsverordnung-ueber-die-zulassung-des-betriebs-von-autowaschanlagen-an-sonn-und-feiertagen/?wpdmdl=10741,206,https://www.gemeinde-merching.de/download/rechtsverordnung-ueber-die-zulassung-des-betriebs-von-autowaschanlagen-an-sonn-und-feiertagen/?wpdmdl=10741,,,PDF,application/pdf,166514,0,,2026-10-10T15:27:37Z,preserve exactly,https://www.gemeinde-merching.de/download/rechtsverordnung-ueber-die-zulassung-des-betriebs-von-autowaschanlagen-an-sonn-und-feiertagen/?wpdmdl=10741,Direct asset URLs may have external backlinks,0,0,0
https://www.gemeinde-merching.de/download/reinigungs-und-winterdienstverordnung-vom-04-11-2021/,200,https://www.gemeinde-merching.de/download/reinigungs-und-winterdienstverordnung-vom-04-11-2021/,https://www.gemeinde-merching.de/download/reinigungs-und-winterdienstverordnung-vom-04-11-2021/,Reinigungs- und Winterdienstverordnung vom 04.11.2021 – Gemeinde Merching,page,text/html; charset=UTF-8,,2,,2026-10-10T14:55:53Z,migrate to another canonical URL + 301,https://www.gemeinde-merching.de/download/reinigungs-und-winterdienstverordnung-vom-04-11-2021,Slashless new convention; proposed same path without trailing slash,2,0,96
https://www.gemeinde-merching.de/download/reinigungs-und-winterdienstverordnung-vom-04-11-2021/?wpdmdl=7051,206,https://www.gemeinde-merching.de/download/reinigungs-und-winterdienstverordnung-vom-04-11-2021/?wpdmdl=7051,,,PDF,application/pdf,2097152,0,,2026-10-10T15:27:38Z,preserve exactly,https://www.gemeinde-merching.de/download/reinigungs-und-winterdienstverordnung-vom-04-11-2021/?wpdmdl=7051,Direct asset URLs may have external backlinks,0,0,0
https://www.gemeinde-merching.de/download/sachlicher-teilflaechennutzungsplan-windkraft/,200,https://www.gemeinde-merching.de/download/sachlicher-teilflaechennutzungsplan-windkraft/,https://www.gemeinde-merching.de/download/sachlicher-teilflaechennutzungsplan-windkraft/,sachlicher Teilflächennutzungsplan Windkraft – Gemeinde Merching,page,text/html; charset=UTF-8,,2,,2026-10-10T14:55:54Z,migrate to another canonical URL + 301,https://www.gemeinde-merching.de/download/sachlicher-teilflaechennutzungsplan-windkraft,Slashless new convention; proposed same path without trailing slash,2,0,97
https://www.gemeinde-merching.de/download/sachlicher-teilflaechennutzungsplan-windkraft/?wpdmdl=8962,206,https://www.gemeinde-merching.de/download/sachlicher-teilflaechennutzungsplan-windkraft/?wpdmdl=8962,,,PDF,application/pdf,2097152,0,,2026-10-10T15:27:09Z,preserve exactly,https://www.gemeinde-merching.de/download/sachlicher-teilflaechennutzungsplan-windkraft/?wpdmdl=8962,Direct asset URLs may have external backlinks,0,0,0
https://www.gemeinde-merching.de/download/satzung-aufwendungs-u-kostenersatz-f-einsaetze-u-andere-leistungen-gemeindlicher-feuerwehren-ab-01-01-2026/,200,https://www.gemeinde-merching.de/download/satzung-aufwendungs-u-kostenersatz-f-einsaetze-u-andere-leistungen-gemeindlicher-feuerwehren-ab-01-01-2026/,https://www.gemeinde-merching.de/download/satzung-aufwendungs-u-kostenersatz-f-einsaetze-u-andere-leistungen-gemeindlicher-feuerwehren-ab-01-01-2026/,Feuerwehr – Satzung über Aufwendungs- und Kostenersatz für Einsätze und andere Leistungen gemeindlicher Feuerwehren ab 01.01.2026 – Gemeinde Merching,page,text/html; charset=UTF-8,,2,,2026-10-10T14:55:54Z,migrate to another canonical URL + 301,https://www.gemeinde-merching.de/download/satzung-aufwendungs-u-kostenersatz-f-einsaetze-u-andere-leistungen-gemeindlicher-feuerwehren-ab-01-01-2026,Slashless new convention; proposed same path without trailing slash,2,1,101
https://www.gemeinde-merching.de/download/satzung-aufwendungs-u-kostenersatz-f-einsaetze-u-andere-leistungen-gemeindlicher-feuerwehren-ab-01-01-2026/?wpdmdl=9922,206,https://www.gemeinde-merching.de/download/satzung-aufwendungs-u-kostenersatz-f-einsaetze-u-andere-leistungen-gemeindlicher-feuerwehren-ab-01-01-2026/?wpdmdl=9922,,,PDF,application/pdf,202955,0,,2026-10-10T15:27:33Z,preserve exactly,https://www.gemeinde-merching.de/download/satzung-aufwendungs-u-kostenersatz-f-einsaetze-u-andere-leistungen-gemeindlicher-feuerwehren-ab-01-01-2026/?wpdmdl=9922,Direct asset URLs may have external backlinks,0,0,0
https://www.gemeinde-merching.de/download/satzung-ueber-das-besondere-vorkaufsrecht-d-gemeinde-merching-f-den-bereich-d-fl-nr-88-1-90-und-93-3-d-gemarkung-merching/,200,https://www.gemeinde-merching.de/download/satzung-ueber-das-besondere-vorkaufsrecht-d-gemeinde-merching-f-den-bereich-d-fl-nr-88-1-90-und-93-3-d-gemarkung-merching/,https://www.gemeinde-merching.de/download/satzung-ueber-das-besondere-vorkaufsrecht-d-gemeinde-merching-f-den-bereich-d-fl-nr-88-1-90-und-93-3-d-gemarkung-merching/,"Satzung über das besondere Vorkaufsrecht d. Gemeinde Merching f. den Bereich d. Fl.Nr. 88/1, 90 und 93/3 d. Gemarkung Merching – Gemeinde Merching",page,text/html; charset=UTF-8,,2,,2026-10-10T14:55:55Z,migrate to another canonical URL + 301,https://www.gemeinde-merching.de/download/satzung-ueber-das-besondere-vorkaufsrecht-d-gemeinde-merching-f-den-bereich-d-fl-nr-88-1-90-und-93-3-d-gemarkung-merching,Slashless new convention; proposed same path without trailing slash,2,1,101
https://www.gemeinde-merching.de/download/satzung-ueber-das-besondere-vorkaufsrecht-d-gemeinde-merching-f-den-bereich-d-fl-nr-88-1-90-und-93-3-d-gemarkung-merching/?wpdmdl=7608,206,https://www.gemeinde-merching.de/download/satzung-ueber-das-besondere-vorkaufsrecht-d-gemeinde-merching-f-den-bereich-d-fl-nr-88-1-90-und-93-3-d-gemarkung-merching/?wpdmdl=7608,,,PDF,application/pdf,932934,0,,2026-10-10T15:27:39Z,preserve exactly,https://www.gemeinde-merching.de/download/satzung-ueber-das-besondere-vorkaufsrecht-d-gemeinde-merching-f-den-bereich-d-fl-nr-88-1-90-und-93-3-d-gemarkung-merching/?wpdmdl=7608,Direct asset URLs may have external backlinks,0,0,0
https://www.gemeinde-merching.de/download/satzung-zur-einfuehrung-einer-pflicht-zum-nachweis-eines-spielplatzes-fuer-kinder-spielplatzsatzung/,200,https://www.gemeinde-merching.de/download/satzung-zur-einfuehrung-einer-pflicht-zum-nachweis-eines-spielplatzes-fuer-kinder-spielplatzsatzung/,https://www.gemeinde-merching.de/download/satzung-zur-einfuehrung-einer-pflicht-zum-nachweis-eines-spielplatzes-fuer-kinder-spielplatzsatzung/,Satzung zur Einführung einer Pflicht zum Nachweis eines Spielplatzes für Kinder – Spielplatzsatzung – Gemeinde Merching,page,text/html; charset=UTF-8,,2,,2026-10-10T14:55:55Z,migrate to another canonical URL + 301,https://www.gemeinde-merching.de/download/satzung-zur-einfuehrung-einer-pflicht-zum-nachweis-eines-spielplatzes-fuer-kinder-spielplatzsatzung,Slashless new convention; proposed same path without trailing slash,2,1,101
https://www.gemeinde-merching.de/download/satzung-zur-einfuehrung-einer-pflicht-zum-nachweis-eines-spielplatzes-fuer-kinder-spielplatzsatzung/?wpdmdl=10033,206,https://www.gemeinde-merching.de/download/satzung-zur-einfuehrung-einer-pflicht-zum-nachweis-eines-spielplatzes-fuer-kinder-spielplatzsatzung/?wpdmdl=10033,,,PDF,application/pdf,157738,0,,2026-10-10T15:27:39Z,preserve exactly,https://www.gemeinde-merching.de/download/satzung-zur-einfuehrung-einer-pflicht-zum-nachweis-eines-spielplatzes-fuer-kinder-spielplatzsatzung/?wpdmdl=10033,Direct asset URLs may have external backlinks,0,0,0
https://www.gemeinde-merching.de/download/satzung-zur-regelung-von-fragen-des-oertlichen-gemeindeverfassungsrechts/,200,https://www.gemeinde-merching.de/download/satzung-zur-regelung-von-fragen-des-oertlichen-gemeindeverfassungsrechts/,https://www.gemeinde-merching.de/download/satzung-zur-regelung-von-fragen-des-oertlichen-gemeindeverfassungsrechts/,Satzung zur Regelung von Fragen des örtlichen Gemeindeverfassungsrechts vom 19.05.2026 – Gemeinde Merching,page,text/html; charset=UTF-8,,2,,2026-10-10T14:55:56Z,migrate to another canonical URL + 301,https://www.gemeinde-merching.de/download/satzung-zur-regelung-von-fragen-des-oertlichen-gemeindeverfassungsrechts,Slashless new convention; proposed same path without trailing slash,2,1,101
https://www.gemeinde-merching.de/download/satzung-zur-regelung-von-fragen-des-oertlichen-gemeindeverfassungsrechts/?wpdmdl=10624,206,https://www.gemeinde-merching.de/download/satzung-zur-regelung-von-fragen-des-oertlichen-gemeindeverfassungsrechts/?wpdmdl=10624,,,PDF,application/pdf,145848,0,,2026-10-10T15:27:40Z,preserve exactly,https://www.gemeinde-merching.de/download/satzung-zur-regelung-von-fragen-des-oertlichen-gemeindeverfassungsrechts/?wpdmdl=10624,Direct asset URLs may have external backlinks,0,0,0
https://www.gemeinde-merching.de/download/schaeden-oder-stoerungen-an-strassenlampen-mit-dem-bayernwerk-schadensmelder-an-die-kommune-melden/,200,https://www.gemeinde-merching.de/download/schaeden-oder-stoerungen-an-strassenlampen-mit-dem-bayernwerk-schadensmelder-an-die-kommune-melden/,https://www.gemeinde-merching.de/download/schaeden-oder-stoerungen-an-strassenlampen-mit-dem-bayernwerk-schadensmelder-an-die-kommune-melden/,Schäden oder Störungen an Straßenlampen mit dem „bayernwerk SchadensMelder“ an die Kommune melden – Gemeinde Merching,page,text/html; charset=UTF-8,,2,,2026-10-10T14:55:57Z,migrate to another canonical URL + 301,https://www.gemeinde-merching.de/download/schaeden-oder-stoerungen-an-strassenlampen-mit-dem-bayernwerk-schadensmelder-an-die-kommune-melden,Slashless new convention; proposed same path without trailing slash,7,1,105
https://www.gemeinde-merching.de/download/schaeden-oder-stoerungen-an-strassenlampen-mit-dem-bayernwerk-schadensmelder-an-die-kommune-melden/?wpdmdl=8722,200,https://www.gemeinde-merching.de/download/schaeden-oder-stoerungen-an-strassenlampen-mit-dem-bayernwerk-schadensmelder-an-die-kommune-melden/?wpdmdl=8722,,,page,text/html; charset=UTF-8,,0,,2026-10-10T15:27:08Z,migrate to another canonical URL + 301,https://www.gemeinde-merching.de/download/schaeden-oder-stoerungen-an-strassenlampen-mit-dem-bayernwerk-schadensmelder-an-die-kommune-melden/?wpdmdl=8722,Slashless new convention; proposed same path without trailing slash,0,0,2
https://www.gemeinde-merching.de/download/stellplatzsatzung-vom-08-09-2025/,200,https://www.gemeinde-merching.de/download/stellplatzsatzung-vom-08-09-2025/,https://www.gemeinde-merching.de/download/stellplatzsatzung-vom-08-09-2025/,Stellplatzsatzung der Gemeinde Merching vom 08.09.2025 – Gemeinde Merching,page,text/html; charset=UTF-8,,2,,2026-10-10T14:55:57Z,migrate to another canonical URL + 301,https://www.gemeinde-merching.de/download/stellplatzsatzung-vom-08-09-2025,Slashless new convention; proposed same path without trailing slash,2,1,101
https://www.gemeinde-merching.de/download/stellplatzsatzung-vom-08-09-2025/?wpdmdl=9972,206,https://www.gemeinde-merching.de/download/stellplatzsatzung-vom-08-09-2025/?wpdmdl=9972,,,PDF,application/pdf,265526,0,,2026-10-10T15:27:40Z,preserve exactly,https://www.gemeinde-merching.de/download/stellplatzsatzung-vom-08-09-2025/?wpdmdl=9972,Direct asset URLs may have external backlinks,0,0,0
https://www.gemeinde-merching.de/download/unternehmenssatzung-fuer-das-kommunalunternehmen-merching-vom-16-09-2025/,200,https://www.gemeinde-merching.de/download/unternehmenssatzung-fuer-das-kommunalunternehmen-merching-vom-16-09-2025/,https://www.gemeinde-merching.de/download/unternehmenssatzung-fuer-das-kommunalunternehmen-merching-vom-16-09-2025/,Unternehmenssatzung für das Kommunalunternehmen Merching vom 16.09.2025 – Gemeinde Merching,page,text/html; charset=UTF-8,,2,,2026-10-10T14:55:58Z,migrate to another canonical URL + 301,https://www.gemeinde-merching.de/download/unternehmenssatzung-fuer-das-kommunalunternehmen-merching-vom-16-09-2025,Slashless new convention; proposed same path without trailing slash,2,0,97
https://www.gemeinde-merching.de/download/unternehmenssatzung-fuer-das-kommunalunternehmen-merching-vom-16-09-2025/?wpdmdl=9978,206,https://www.gemeinde-merching.de/download/unternehmenssatzung-fuer-das-kommunalunternehmen-merching-vom-16-09-2025/?wpdmdl=9978,,,PDF,application/pdf,270903,0,,2026-10-10T15:27:41Z,preserve exactly,https://www.gemeinde-merching.de/download/unternehmenssatzung-fuer-das-kommunalunternehmen-merching-vom-16-09-2025/?wpdmdl=9978,Direct asset URLs may have external backlinks,0,0,0
https://www.gemeinde-merching.de/download/vereinsfoerderrichtlinien-der-gemeinde-merching-ab-2013/,200,https://www.gemeinde-merching.de/download/vereinsfoerderrichtlinien-der-gemeinde-merching-ab-2013/,https://www.gemeinde-merching.de/download/vereinsfoerderrichtlinien-der-gemeinde-merching-ab-2013/,Vereinsförderrichtlinien der Gemeinde Merching ab 2013 – Gemeinde Merching,page,text/html; charset=UTF-8,,2,,2026-10-10T14:55:58Z,migrate to another canonical URL + 301,https://www.gemeinde-merching.de/download/vereinsfoerderrichtlinien-der-gemeinde-merching-ab-2013,Slashless new convention; proposed same path without trailing slash,2,0,96
https://www.gemeinde-merching.de/download/vereinsfoerderrichtlinien-der-gemeinde-merching-ab-2013/?wpdmdl=7025,206,https://www.gemeinde-merching.de/download/vereinsfoerderrichtlinien-der-gemeinde-merching-ab-2013/?wpdmdl=7025,,,PDF,application/pdf,41828,0,,2026-10-10T15:27:42Z,preserve exactly,https://www.gemeinde-merching.de/download/vereinsfoerderrichtlinien-der-gemeinde-merching-ab-2013/?wpdmdl=7025,Direct asset URLs may have external backlinks,0,0,0
https://www.gemeinde-merching.de/download/verkuendung-des-ergebnisses-der-wahl-des-ortssprechers-fuer-den-ortsteil-hochdorf/,200,https://www.gemeinde-merching.de/download/verkuendung-des-ergebnisses-der-wahl-des-ortssprechers-fuer-den-ortsteil-hochdorf/,https://www.gemeinde-merching.de/download/verkuendung-des-ergebnisses-der-wahl-des-ortssprechers-fuer-den-ortsteil-hochdorf/,Verkündung des Ergebnisses der Wahl des Ortssprechers für den Ortsteil Hochdorf – Gemeinde Merching,page,text/html; charset=UTF-8,,2,,2026-10-10T14:55:59Z,migrate to another canonical URL + 301,https://www.gemeinde-merching.de/download/verkuendung-des-ergebnisses-der-wahl-des-ortssprechers-fuer-den-ortsteil-hochdorf,Slashless new convention; proposed same path without trailing slash,2,1,101
https://www.gemeinde-merching.de/download/verkuendung-des-ergebnisses-der-wahl-des-ortssprechers-fuer-den-ortsteil-hochdorf/?wpdmdl=10532,206,https://www.gemeinde-merching.de/download/verkuendung-des-ergebnisses-der-wahl-des-ortssprechers-fuer-den-ortsteil-hochdorf/?wpdmdl=10532,,,PDF,application/pdf,117014,0,,2026-10-10T15:27:49Z,preserve exactly,https://www.gemeinde-merching.de/download/verkuendung-des-ergebnisses-der-wahl-des-ortssprechers-fuer-den-ortsteil-hochdorf/?wpdmdl=10532,Direct asset URLs may have external backlinks,0,0,0
https://www.gemeinde-merching.de/download/was-soll-ich-tun-bei-hochwasser/,200,https://www.gemeinde-merching.de/download/was-soll-ich-tun-bei-hochwasser/,https://www.gemeinde-merching.de/download/was-soll-ich-tun-bei-hochwasser/,Was soll ich tun bei Hochwasser? – Gemeinde Merching,page,text/html; charset=UTF-8,,2,,2026-10-10T14:56:00Z,migrate to another canonical URL + 301,https://www.gemeinde-merching.de/download/was-soll-ich-tun-bei-hochwasser,Slashless new convention; proposed same path without trailing slash,2,1,101
https://www.gemeinde-merching.de/download/was-soll-ich-tun-bei-hochwasser/?wpdmdl=8785,206,https://www.gemeinde-merching.de/download/was-soll-ich-tun-bei-hochwasser/?wpdmdl=8785,,,PDF,application/pdf,98580,0,,2026-10-10T15:27:09Z,preserve exactly,https://www.gemeinde-merching.de/download/was-soll-ich-tun-bei-hochwasser/?wpdmdl=8785,Direct asset URLs may have external backlinks,0,0,0
https://www.gemeinde-merching.de/download/wasser-beitrags-und-gebuehrensatzung-zur-wasserabgabesatzung-ab-01-01-2026/,200,https://www.gemeinde-merching.de/download/wasser-beitrags-und-gebuehrensatzung-zur-wasserabgabesatzung-ab-01-01-2026/,https://www.gemeinde-merching.de/download/wasser-beitrags-und-gebuehrensatzung-zur-wasserabgabesatzung-ab-01-01-2026/,Wasser – Beitrags- und Gebührensatzung zur Wasserabgabesatzung ab 01.01.2026 – Gemeinde Merching,page,text/html; charset=UTF-8,,2,,2026-10-10T14:56:00Z,migrate to another canonical URL + 301,https://www.gemeinde-merching.de/download/wasser-beitrags-und-gebuehrensatzung-zur-wasserabgabesatzung-ab-01-01-2026,Slashless new convention; proposed same path without trailing slash,2,1,101
https://www.gemeinde-merching.de/download/wasser-beitrags-und-gebuehrensatzung-zur-wasserabgabesatzung-ab-01-01-2026/?wpdmdl=9911,206,https://www.gemeinde-merching.de/download/wasser-beitrags-und-gebuehrensatzung-zur-wasserabgabesatzung-ab-01-01-2026/?wpdmdl=9911,,,PDF,application/pdf,191291,0,,2026-10-10T15:27:42Z,preserve exactly,https://www.gemeinde-merching.de/download/wasser-beitrags-und-gebuehrensatzung-zur-wasserabgabesatzung-ab-01-01-2026/?wpdmdl=9911,Direct asset URLs may have external backlinks,0,0,0
https://www.gemeinde-merching.de/download/wasserabgabesatzung-01-01-2022/,200,https://www.gemeinde-merching.de/download/wasserabgabesatzung-01-01-2022/,https://www.gemeinde-merching.de/download/wasserabgabesatzung-01-01-2022/,Wasserabgabesatzung 01.01.2022 – Gemeinde Merching,page,text/html; charset=UTF-8,,2,,2026-10-10T14:56:01Z,migrate to another canonical URL + 301,https://www.gemeinde-merching.de/download/wasserabgabesatzung-01-01-2022,Slashless new convention; proposed same path without trailing slash,2,1,101
https://www.gemeinde-merching.de/download/wasserabgabesatzung-01-01-2022/?wpdmdl=8088,206,https://www.gemeinde-merching.de/download/wasserabgabesatzung-01-01-2022/?wpdmdl=8088,,,PDF,application/pdf,2097152,0,,2026-10-10T15:27:43Z,preserve exactly,https://www.gemeinde-merching.de/download/wasserabgabesatzung-01-01-2022/?wpdmdl=8088,Direct asset URLs may have external backlinks,0,0,0
https://www.gemeinde-merching.de/download/wasserversorgung/Anmeldung_eines_Gartenwasserzaehlers.pdf,404,https://www.gemeinde-merching.de/download/wasserversorgung/Anmeldung_eines_Gartenwasserzaehlers.pdf,,Seite nicht gefunden – Gemeinde Merching,page,text/html; charset=UTF-8,,3,,2026-10-10T15:02:11Z,broken/obsolete,https://www.gemeinde-merching.de/download/wasserversorgung/Anmeldung_eines_Gartenwasserzaehlers.pdf,Live endpoint missing; verify backlinks before removing,2,4,52
https://www.gemeinde-merching.de/download/wasserversorgung/Anmeldung_eines_Gartenwasserzaehlers_NEU_ab_2022.pdf,404,https://www.gemeinde-merching.de/download/wasserversorgung/Anmeldung_eines_Gartenwasserzaehlers_NEU_ab_2022.pdf,,Seite nicht gefunden – Gemeinde Merching,page,text/html; charset=UTF-8,,3,,2026-10-10T14:56:01Z,broken/obsolete,https://www.gemeinde-merching.de/download/wasserversorgung/Anmeldung_eines_Gartenwasserzaehlers_NEU_ab_2022.pdf,Live endpoint missing; verify backlinks before removing,2,4,52
https://www.gemeinde-merching.de/download/wasserversorgung/Antrag_fuer_Bauwasserbezug.pdf,404,https://www.gemeinde-merching.de/download/wasserversorgung/Antrag_fuer_Bauwasserbezug.pdf,,Seite nicht gefunden – Gemeinde Merching,page,text/html; charset=UTF-8,,3,,2026-10-10T15:02:12Z,broken/obsolete,https://www.gemeinde-merching.de/download/wasserversorgung/Antrag_fuer_Bauwasserbezug.pdf,Live endpoint missing; verify backlinks before removing,2,4,52
https://www.gemeinde-merching.de/download/wasserversorgung/Antrag_fuer_Wasserbezug.pdf,404,https://www.gemeinde-merching.de/download/wasserversorgung/Antrag_fuer_Wasserbezug.pdf,,Seite nicht gefunden – Gemeinde Merching,page,text/html; charset=UTF-8,,3,,2026-10-10T14:56:02Z,broken/obsolete,https://www.gemeinde-merching.de/download/wasserversorgung/Antrag_fuer_Wasserbezug.pdf,Live endpoint missing; verify backlinks before removing,2,4,52
https://www.gemeinde-merching.de/download/wasserversorgung/Bauwasserbezugsvertrag.pdf,404,https://www.gemeinde-merching.de/download/wasserversorgung/Bauwasserbezugsvertrag.pdf,,Seite nicht gefunden – Gemeinde Merching,page,text/html; charset=UTF-8,,3,,2026-10-10T14:56:03Z,broken/obsolete,https://www.gemeinde-merching.de/download/wasserversorgung/Bauwasserbezugsvertrag.pdf,Live endpoint missing; verify backlinks before removing,2,4,52
https://www.gemeinde-merching.de/e-rechnung-im-verein-online-seminar-des-landratsamtes-informiert-ueber-neue-anforderungen/,200,https://www.gemeinde-merching.de/e-rechnung-im-verein-online-seminar-des-landratsamtes-informiert-ueber-neue-anforderungen/,https://www.gemeinde-merching.de/e-rechnung-im-verein-online-seminar-des-landratsamtes-informiert-ueber-neue-anforderungen/,E-Rechnung im Verein: Online-Seminar des Landratsamtes informiert über neue Anforderungen – Gemeinde Merching,page,text/html; charset=UTF-8,,2,,2026-10-10T14:56:03Z,migrate to another canonical URL + 301,https://www.gemeinde-merching.de/e-rechnung-im-verein-online-seminar-des-landratsamtes-informiert-ueber-neue-anforderungen,Slashless new convention; proposed same path without trailing slash,3,1,101
https://www.gemeinde-merching.de/einfuehrung-des-wassercents-in-bayern/,200,https://www.gemeinde-merching.de/einfuehrung-des-wassercents-in-bayern/,https://www.gemeinde-merching.de/einfuehrung-des-wassercents-in-bayern/,Einführung des Wassercents in Bayern – Gemeinde Merching,page,text/html; charset=UTF-8,,2,,2026-10-10T14:56:04Z,migrate to another canonical URL + 301,https://www.gemeinde-merching.de/einfuehrung-des-wassercents-in-bayern,Slashless new convention; proposed same path without trailing slash,3,0,97
https://www.gemeinde-merching.de/email-formular/,200,https://www.gemeinde-merching.de/email-formular/,https://www.gemeinde-merching.de/email-formular/,eMail-Formular – Gemeinde Merching,page,text/html; charset=UTF-8,,3,,2026-10-10T14:56:04Z,migrate to another canonical URL + 301,https://www.gemeinde-merching.de/email-formular,Slashless new convention; proposed same path without trailing slash,3,0,93
https://www.gemeinde-merching.de/email-formular/feed/,200,https://www.gemeinde-merching.de/email-formular/feed/,,,sitemap/xml,application/rss+xml; charset=UTF-8,,0,,2026-10-10T15:13:07Z,manual review,https://www.gemeinde-merching.de/email-formular/feed/,Public RSS/Atom feed continuation not implemented in the new CMS,0,0,0
https://www.gemeinde-merching.de/ergebnisse-der-kommunalwahl-08-03-2026/,200,https://www.gemeinde-merching.de/ergebnisse-der-kommunalwahl-08-03-2026/,https://www.gemeinde-merching.de/ergebnisse-der-kommunalwahl-08-03-2026/,Ergebnisse der Kommunalwahl 08.03.2026 – Gemeinde Merching,page,text/html; charset=UTF-8,,2,,2026-10-10T14:56:05Z,migrate to another canonical URL + 301,https://www.gemeinde-merching.de/ergebnisse-der-kommunalwahl-08-03-2026,Slashless new convention; proposed same path without trailing slash,7,0,99
https://www.gemeinde-merching.de/fachstelle-f-pflegende-angehoerige-tageskurs-fuer-ehrenamtlich-taetige-einzelperson-am-27-10-2026-in-aichach/,200,https://www.gemeinde-merching.de/fachstelle-f-pflegende-angehoerige-tageskurs-fuer-ehrenamtlich-taetige-einzelperson-am-27-10-2026-in-aichach/,https://www.gemeinde-merching.de/fachstelle-f-pflegende-angehoerige-tageskurs-fuer-ehrenamtlich-taetige-einzelperson-am-27-10-2026-in-aichach/,Fachstelle f. pflegende Angehörige – Tageskurs für ehrenamtlich tätige Einzelperson am 27.10.2026 in Aichach – Gemeinde Merching,page,text/html; charset=UTF-8,,2,,2026-10-10T14:56:06Z,migrate to another canonical URL + 301,https://www.gemeinde-merching.de/fachstelle-f-pflegende-angehoerige-tageskurs-fuer-ehrenamtlich-taetige-einzelperson-am-27-10-2026-in-aichach,Slashless new convention; proposed same path without trailing slash,3,1,101
https://www.gemeinde-merching.de/feed/,200,https://www.gemeinde-merching.de/feed/,,,sitemap/xml,application/rss+xml; charset=UTF-8,,0,,2026-10-10T15:12:29Z,manual review,https://www.gemeinde-merching.de/feed/,Public RSS/Atom feed continuation not implemented in the new CMS,0,0,0
https://www.gemeinde-merching.de/flaechennutzungsplan-bebauungsplaene/,200,https://www.gemeinde-merching.de/buergerservice/flaechennutzungsplan-bebauungsplaene/,https://www.gemeinde-merching.de/buergerservice/flaechennutzungsplan-bebauungsplaene/,Flächennutzungsplan – Bebauungspläne – Gemeinde Merching,page,text/html; charset=UTF-8,,2,,2026-10-10T14:56:06Z,duplicate/alias,https://www.gemeinde-merching.de/buergerservice/flaechennutzungsplan-bebauungsplaene/,Existing live redirect; preserve full chain destination,3,0,96
https://www.gemeinde-merching.de/flyer-stromausfall-was-ist-ein-blackout-und-wie-bereiten-wir-uns-darauf-vor/,200,https://www.gemeinde-merching.de/flyer-stromausfall-was-ist-ein-blackout-und-wie-bereiten-wir-uns-darauf-vor/,https://www.gemeinde-merching.de/flyer-stromausfall-was-ist-ein-blackout-und-wie-bereiten-wir-uns-darauf-vor/,Flyer „Stromausfall“ – Was ist ein Blackout und wie bereiten wir uns darauf vor? – Gemeinde Merching,page,text/html; charset=UTF-8,,2,,2026-10-10T14:56:07Z,migrate to another canonical URL + 301,https://www.gemeinde-merching.de/flyer-stromausfall-was-ist-ein-blackout-und-wie-bereiten-wir-uns-darauf-vor,Slashless new convention; proposed same path without trailing slash,3,0,97
https://www.gemeinde-merching.de/footer/,404,https://www.gemeinde-merching.de/footer/,,Seite nicht gefunden – Gemeinde Merching,page,text/html; charset=UTF-8,,3,,2026-10-10T14:56:07Z,broken/obsolete,https://www.gemeinde-merching.de/footer/,Live endpoint missing; verify backlinks before removing,2,0,52
https://www.gemeinde-merching.de/fotowettbewerb-ein-herz-fuer-regionale-lebensmittel/,200,https://www.gemeinde-merching.de/fotowettbewerb-ein-herz-fuer-regionale-lebensmittel/,https://www.gemeinde-merching.de/fotowettbewerb-ein-herz-fuer-regionale-lebensmittel/,Fotowettbewerb „Ein Herz für regionale Lebensmittel“ – Gemeinde Merching,page,text/html; charset=UTF-8,,2,,2026-10-10T14:56:08Z,migrate to another canonical URL + 301,https://www.gemeinde-merching.de/fotowettbewerb-ein-herz-fuer-regionale-lebensmittel,Slashless new convention; proposed same path without trailing slash,12,0,104
https://www.gemeinde-merching.de/freizeit/,200,https://www.gemeinde-merching.de/freizeit/,https://www.gemeinde-merching.de/freizeit/,Freizeit – Gemeinde Merching,page,text/html; charset=UTF-8,,2,,2026-10-10T14:56:09Z,migrate to another canonical URL + 301,https://www.gemeinde-merching.de/freizeit,Slashless new convention; proposed same path without trailing slash,30,0,126
https://www.gemeinde-merching.de/freizeit/feed/,200,https://www.gemeinde-merching.de/freizeit/feed/,,,sitemap/xml,application/rss+xml; charset=UTF-8,,0,,2026-10-10T15:13:08Z,manual review,https://www.gemeinde-merching.de/freizeit/feed/,Public RSS/Atom feed continuation not implemented in the new CMS,0,0,0
https://www.gemeinde-merching.de/freizeit/infrastruktur/,200,https://www.gemeinde-merching.de/freizeit/infrastruktur/,https://www.gemeinde-merching.de/freizeit/infrastruktur/,Infrastruktur – Gemeinde Merching,page,text/html; charset=UTF-8,,2,,2026-10-10T14:56:09Z,migrate to another canonical URL + 301,https://www.gemeinde-merching.de/freizeit/infrastruktur,Slashless new convention; proposed same path without trailing slash,17,0,103
https://www.gemeinde-merching.de/freizeit/infrastruktur/feed/,200,https://www.gemeinde-merching.de/freizeit/infrastruktur/feed/,,,sitemap/xml,application/rss+xml; charset=UTF-8,,0,,2026-10-10T15:13:16Z,manual review,https://www.gemeinde-merching.de/freizeit/infrastruktur/feed/,Public RSS/Atom feed continuation not implemented in the new CMS,0,0,0
https://www.gemeinde-merching.de/freizeit/kinder-und-jugend/,200,https://www.gemeinde-merching.de/freizeit/kinder-und-jugend/,https://www.gemeinde-merching.de/freizeit/kinder-und-jugend/,Kinder und Jugend – Gemeinde Merching,page,text/html; charset=UTF-8,,2,,2026-10-10T14:56:10Z,migrate to another canonical URL + 301,https://www.gemeinde-merching.de/freizeit/kinder-und-jugend,Slashless new convention; proposed same path without trailing slash,6,0,99
https://www.gemeinde-merching.de/freizeit/kinder-und-jugend/feed/,200,https://www.gemeinde-merching.de/freizeit/kinder-und-jugend/feed/,,,sitemap/xml,application/rss+xml; charset=UTF-8,,0,,2026-10-10T15:13:17Z,manual review,https://www.gemeinde-merching.de/freizeit/kinder-und-jugend/feed/,Public RSS/Atom feed continuation not implemented in the new CMS,0,0,0
https://www.gemeinde-merching.de/freizeit/vereine/,200,https://www.gemeinde-merching.de/freizeit/vereine/,https://www.gemeinde-merching.de/freizeit/vereine/,Vereine – Gemeinde Merching,page,text/html; charset=UTF-8,,2,,2026-10-10T14:56:10Z,migrate to another canonical URL + 301,https://www.gemeinde-merching.de/freizeit/vereine,Slashless new convention; proposed same path without trailing slash,2,0,93
https://www.gemeinde-merching.de/freizeit/vereine/feed/,200,https://www.gemeinde-merching.de/freizeit/vereine/feed/,,,sitemap/xml,application/rss+xml; charset=UTF-8,,0,,2026-10-10T15:13:17Z,manual review,https://www.gemeinde-merching.de/freizeit/vereine/feed/,Public RSS/Atom feed continuation not implemented in the new CMS,0,0,0
https://www.gemeinde-merching.de/freizeit/wasserqualitaet-der-badeseen/,200,https://www.gemeinde-merching.de/freizeit/wasserqualitaet-der-badeseen/,https://www.gemeinde-merching.de/freizeit/wasserqualitaet-der-badeseen/,Badeseen – Gemeinde Merching,page,text/html; charset=UTF-8,,2,,2026-10-10T14:56:11Z,migrate to another canonical URL + 301,https://www.gemeinde-merching.de/freizeit/wasserqualitaet-der-badeseen,Slashless new convention; proposed same path without trailing slash,8,1,100
https://www.gemeinde-merching.de/friedhofs-und-bestattungssatzung-ab-01-01-2027/,200,https://www.gemeinde-merching.de/friedhofs-und-bestattungssatzung-ab-01-01-2027/,https://www.gemeinde-merching.de/friedhofs-und-bestattungssatzung-ab-01-01-2027/,Friedhofs- und Bestattungssatzung ab 01.01.2027 – Gemeinde Merching,page,text/html; charset=UTF-8,,2,,2026-10-10T14:56:12Z,migrate to another canonical URL + 301,https://www.gemeinde-merching.de/friedhofs-und-bestattungssatzung-ab-01-01-2027,Slashless new convention; proposed same path without trailing slash,3,0,96
https://www.gemeinde-merching.de/fundfahrrad/,200,https://www.gemeinde-merching.de/fundfahrrad/,https://www.gemeinde-merching.de/fundfahrrad/,Fundfahrrad – Gemeinde Merching,page,text/html; charset=UTF-8,,2,,2026-10-10T14:56:12Z,migrate to another canonical URL + 301,https://www.gemeinde-merching.de/fundfahrrad,Slashless new convention; proposed same path without trailing slash,3,0,96
https://www.gemeinde-merching.de/fundsache-2/,200,https://www.gemeinde-merching.de/fundsache-2/,https://www.gemeinde-merching.de/fundsache-2/,Fundsache – Gemeinde Merching,page,text/html; charset=UTF-8,,2,,2026-10-10T14:56:13Z,migrate to another canonical URL + 301,https://www.gemeinde-merching.de/fundsache-2,Slashless new convention; proposed same path without trailing slash,7,0,99
https://www.gemeinde-merching.de/fundsache/,200,https://www.gemeinde-merching.de/fundsache/,https://www.gemeinde-merching.de/fundsache/,Fundsache – Gemeinde Merching,page,text/html; charset=UTF-8,,2,,2026-10-10T14:56:13Z,migrate to another canonical URL + 301,https://www.gemeinde-merching.de/fundsache,Slashless new convention; proposed same path without trailing slash,3,0,96
https://www.gemeinde-merching.de/gebuehrensatzung-zur-friedhofs-und-bestattungssatzung-ab-01-01-2027/,200,https://www.gemeinde-merching.de/gebuehrensatzung-zur-friedhofs-und-bestattungssatzung-ab-01-01-2027/,https://www.gemeinde-merching.de/gebuehrensatzung-zur-friedhofs-und-bestattungssatzung-ab-01-01-2027/,Gebührensatzung zur Friedhofs- und Bestattungssatzung ab 01.01.2027 – Gemeinde Merching,page,text/html; charset=UTF-8,,2,,2026-10-10T14:56:14Z,migrate to another canonical URL + 301,https://www.gemeinde-merching.de/gebuehrensatzung-zur-friedhofs-und-bestattungssatzung-ab-01-01-2027,Slashless new convention; proposed same path without trailing slash,3,0,96
https://www.gemeinde-merching.de/gemeindekurier-herbst-2024-m-einladung-zu-den-buergerversammlungen-2024/,200,https://www.gemeinde-merching.de/gemeindekurier-herbst-2024-m-einladung-zu-den-buergerversammlungen-2024/,https://www.gemeinde-merching.de/gemeindekurier-herbst-2024-m-einladung-zu-den-buergerversammlungen-2024/,Gemeindekurier Sommer 2026 – Gemeinde Merching,page,text/html; charset=UTF-8,,2,,2026-10-10T14:56:15Z,migrate to another canonical URL + 301,https://www.gemeinde-merching.de/gemeindekurier-herbst-2024-m-einladung-zu-den-buergerversammlungen-2024,Slashless new convention; proposed same path without trailing slash,3,0,97
https://www.gemeinde-merching.de/grundsteuer-ab-2025-info-des-finanzamtes-zur-korrektur-der-messbetraege/,200,https://www.gemeinde-merching.de/grundsteuer-ab-2025-info-des-finanzamtes-zur-korrektur-der-messbetraege/,https://www.gemeinde-merching.de/grundsteuer-ab-2025-info-des-finanzamtes-zur-korrektur-der-messbetraege/,Grundsteuer ab 2025 – Info des Finanzamtes zur Korrektur der Messbeträge – Gemeinde Merching,page,text/html; charset=UTF-8,,2,,2026-10-10T14:56:15Z,migrate to another canonical URL + 301,https://www.gemeinde-merching.de/grundsteuer-ab-2025-info-des-finanzamtes-zur-korrektur-der-messbetraege,Slashless new convention; proposed same path without trailing slash,3,1,99
https://www.gemeinde-merching.de/grundsteuer-ab-2025/,200,https://www.gemeinde-merching.de/grundsteuer-ab-2025/,https://www.gemeinde-merching.de/grundsteuer-ab-2025/,Grundsteuer ab 2025 – Gemeinde Merching,page,text/html; charset=UTF-8,,2,,2026-10-10T14:56:16Z,migrate to another canonical URL + 301,https://www.gemeinde-merching.de/grundsteuer-ab-2025,Slashless new convention; proposed same path without trailing slash,3,0,97
https://www.gemeinde-merching.de/grundsteueraenderungsanzeige/,200,https://www.gemeinde-merching.de/grundsteueraenderungsanzeige/,https://www.gemeinde-merching.de/grundsteueraenderungsanzeige/,Grundsteueränderungsanzeige – Gemeinde Merching,page,text/html; charset=UTF-8,,2,,2026-10-10T14:56:16Z,migrate to another canonical URL + 301,https://www.gemeinde-merching.de/grundsteueraenderungsanzeige,Slashless new convention; proposed same path without trailing slash,3,0,96
https://www.gemeinde-merching.de/haeuserbuch-im-wandel-der-zeit-im-rathaus-erhaeltlich/,200,https://www.gemeinde-merching.de/haeuserbuch-im-wandel-der-zeit-im-rathaus-erhaeltlich/,https://www.gemeinde-merching.de/haeuserbuch-im-wandel-der-zeit-im-rathaus-erhaeltlich/,Häuserbuch „Im Wandel der Zeit“ im Rathaus erhältlich – Gemeinde Merching,page,text/html; charset=UTF-8,,2,,2026-10-10T14:56:17Z,migrate to another canonical URL + 301,https://www.gemeinde-merching.de/haeuserbuch-im-wandel-der-zeit-im-rathaus-erhaeltlich,Slashless new convention; proposed same path without trailing slash,3,0,97
https://www.gemeinde-merching.de/handel-gewerbe/,200,https://www.gemeinde-merching.de/handel-gewerbe/,https://www.gemeinde-merching.de/handel-gewerbe/,Handel & Gewerbe – Gemeinde Merching,page,text/html; charset=UTF-8,,2,,2026-10-10T14:56:18Z,migrate to another canonical URL + 301,https://www.gemeinde-merching.de/handel-gewerbe,Slashless new convention; proposed same path without trailing slash,4,0,94
https://www.gemeinde-merching.de/handel-gewerbe/feed/,200,https://www.gemeinde-merching.de/handel-gewerbe/feed/,,,sitemap/xml,application/rss+xml; charset=UTF-8,,0,,2026-10-10T15:13:18Z,manual review,https://www.gemeinde-merching.de/handel-gewerbe/feed/,Public RSS/Atom feed continuation not implemented in the new CMS,0,0,0
https://www.gemeinde-merching.de/handel-gewerbe/gastronomiebetriebe/,200,https://www.gemeinde-merching.de/handel-gewerbe/gastronomiebetriebe/,https://www.gemeinde-merching.de/handel-gewerbe/gastronomiebetriebe/,Gastronomiebetriebe – Gemeinde Merching,page,text/html; charset=UTF-8,,2,,2026-10-10T14:56:18Z,migrate to another canonical URL + 301,https://www.gemeinde-merching.de/handel-gewerbe/gastronomiebetriebe,Slashless new convention; proposed same path without trailing slash,2,0,92
https://www.gemeinde-merching.de/handel-gewerbe/gastronomiebetriebe/feed/,200,https://www.gemeinde-merching.de/handel-gewerbe/gastronomiebetriebe/feed/,,,sitemap/xml,application/rss+xml; charset=UTF-8,,0,,2026-10-10T15:13:19Z,manual review,https://www.gemeinde-merching.de/handel-gewerbe/gastronomiebetriebe/feed/,Public RSS/Atom feed continuation not implemented in the new CMS,0,0,0
https://www.gemeinde-merching.de/handel-gewerbe/gewerbepark-am-lerchenberg/geografische-lage/,200,https://www.gemeinde-merching.de/handel-gewerbe/gewerbepark-am-lerchenberg/geografische-lage/,https://www.gemeinde-merching.de/handel-gewerbe/gewerbepark-am-lerchenberg/geografische-lage/,Geografische Lage – Gemeinde Merching,page,text/html; charset=UTF-8,,2,,2026-10-10T14:56:19Z,migrate to another canonical URL + 301,https://www.gemeinde-merching.de/handel-gewerbe/gewerbepark-am-lerchenberg/geografische-lage,Slashless new convention; proposed same path without trailing slash,2,0,93
https://www.gemeinde-merching.de/handel-gewerbe/gewerbepark-am-lerchenberg/geografische-lage/feed/,200,https://www.gemeinde-merching.de/handel-gewerbe/gewerbepark-am-lerchenberg/geografische-lage/feed/,,,sitemap/xml,application/rss+xml; charset=UTF-8,,0,,2026-10-10T15:13:19Z,manual review,https://www.gemeinde-merching.de/handel-gewerbe/gewerbepark-am-lerchenberg/geografische-lage/feed/,Public RSS/Atom feed continuation not implemented in the new CMS,0,0,0
https://www.gemeinde-merching.de/handel-gewerbe/gewerbepark-am-lerchenberg/nutzungskonzept/,200,https://www.gemeinde-merching.de/handel-gewerbe/gewerbepark-am-lerchenberg/nutzungskonzept/,https://www.gemeinde-merching.de/handel-gewerbe/gewerbepark-am-lerchenberg/nutzungskonzept/,Nutzungskonzept – Gemeinde Merching,page,text/html; charset=UTF-8,,2,,2026-10-10T14:56:19Z,migrate to another canonical URL + 301,https://www.gemeinde-merching.de/handel-gewerbe/gewerbepark-am-lerchenberg/nutzungskonzept,Slashless new convention; proposed same path without trailing slash,2,0,93
https://www.gemeinde-merching.de/handel-gewerbe/gewerbepark-am-lerchenberg/nutzungskonzept/feed/,200,https://www.gemeinde-merching.de/handel-gewerbe/gewerbepark-am-lerchenberg/nutzungskonzept/feed/,,,sitemap/xml,application/rss+xml; charset=UTF-8,,0,,2026-10-10T15:13:20Z,manual review,https://www.gemeinde-merching.de/handel-gewerbe/gewerbepark-am-lerchenberg/nutzungskonzept/feed/,Public RSS/Atom feed continuation not implemented in the new CMS,0,0,0
https://www.gemeinde-merching.de/handel-gewerbe/gewerbepark-am-lerchenberg/standorterschliessung/,200,https://www.gemeinde-merching.de/handel-gewerbe/gewerbepark-am-lerchenberg/standorterschliessung/,https://www.gemeinde-merching.de/handel-gewerbe/gewerbepark-am-lerchenberg/standorterschliessung/,Standorterschließung – Gemeinde Merching,page,text/html; charset=UTF-8,,2,,2026-10-10T14:56:20Z,migrate to another canonical URL + 301,https://www.gemeinde-merching.de/handel-gewerbe/gewerbepark-am-lerchenberg/standorterschliessung,Slashless new convention; proposed same path without trailing slash,2,0,93
https://www.gemeinde-merching.de/handel-gewerbe/gewerbepark-am-lerchenberg/standorterschliessung/feed/,200,https://www.gemeinde-merching.de/handel-gewerbe/gewerbepark-am-lerchenberg/standorterschliessung/feed/,,,sitemap/xml,application/rss+xml; charset=UTF-8,,0,,2026-10-10T15:13:20Z,manual review,https://www.gemeinde-merching.de/handel-gewerbe/gewerbepark-am-lerchenberg/standorterschliessung/feed/,Public RSS/Atom feed continuation not implemented in the new CMS,0,0,0
https://www.gemeinde-merching.de/handel-gewerbe/gewerbepark-am-lerchenberg/verkehrsanbindung/,200,https://www.gemeinde-merching.de/handel-gewerbe/gewerbepark-am-lerchenberg/verkehrsanbindung/,https://www.gemeinde-merching.de/handel-gewerbe/gewerbepark-am-lerchenberg/verkehrsanbindung/,Verkehrsanbindung – Gemeinde Merching,page,text/html; charset=UTF-8,,2,,2026-10-10T14:56:21Z,migrate to another canonical URL + 301,https://www.gemeinde-merching.de/handel-gewerbe/gewerbepark-am-lerchenberg/verkehrsanbindung,Slashless new convention; proposed same path without trailing slash,2,0,93
https://www.gemeinde-merching.de/handel-gewerbe/gewerbepark-am-lerchenberg/verkehrsanbindung/feed/,200,https://www.gemeinde-merching.de/handel-gewerbe/gewerbepark-am-lerchenberg/verkehrsanbindung/feed/,,,sitemap/xml,application/rss+xml; charset=UTF-8,,0,,2026-10-10T15:13:21Z,manual review,https://www.gemeinde-merching.de/handel-gewerbe/gewerbepark-am-lerchenberg/verkehrsanbindung/feed/,Public RSS/Atom feed continuation not implemented in the new CMS,0,0,0
https://www.gemeinde-merching.de/handel-gewerbe/gewerbepark-am-lerchenberg/weitere-standortfaktoren/,200,https://www.gemeinde-merching.de/handel-gewerbe/gewerbepark-am-lerchenberg/weitere-standortfaktoren/,https://www.gemeinde-merching.de/handel-gewerbe/gewerbepark-am-lerchenberg/weitere-standortfaktoren/,Weitere Standortfaktoren – Gemeinde Merching,page,text/html; charset=UTF-8,,2,,2026-10-10T14:56:21Z,migrate to another canonical URL + 301,https://www.gemeinde-merching.de/handel-gewerbe/gewerbepark-am-lerchenberg/weitere-standortfaktoren,Slashless new convention; proposed same path without trailing slash,2,0,93
https://www.gemeinde-merching.de/handel-gewerbe/gewerbepark-am-lerchenberg/weitere-standortfaktoren/feed/,200,https://www.gemeinde-merching.de/handel-gewerbe/gewerbepark-am-lerchenberg/weitere-standortfaktoren/feed/,,,sitemap/xml,application/rss+xml; charset=UTF-8,,0,,2026-10-10T15:13:22Z,manual review,https://www.gemeinde-merching.de/handel-gewerbe/gewerbepark-am-lerchenberg/weitere-standortfaktoren/feed/,Public RSS/Atom feed continuation not implemented in the new CMS,0,0,0
https://www.gemeinde-merching.de/hundesteuer-ab-2026/,200,https://www.gemeinde-merching.de/hundesteuer-ab-2026/,https://www.gemeinde-merching.de/hundesteuer-ab-2026/,Hundesteuer ab 2026 – Gemeinde Merching,page,text/html; charset=UTF-8,,2,,2026-10-10T14:56:22Z,migrate to another canonical URL + 301,https://www.gemeinde-merching.de/hundesteuer-ab-2026,Slashless new convention; proposed same path without trailing slash,3,0,97
https://www.gemeinde-merching.de/impressum/,200,https://www.gemeinde-merching.de/impressum/,https://www.gemeinde-merching.de/impressum/,Impressum – Gemeinde Merching,page,text/html; charset=UTF-8,,2,,2026-10-10T14:56:22Z,migrate to another canonical URL + 301,https://www.gemeinde-merching.de/impressum,Slashless new convention; proposed same path without trailing slash,3,0,91
https://www.gemeinde-merching.de/impressum/datenschutzerklaerung/,200,https://www.gemeinde-merching.de/impressum/datenschutzerklaerung/,https://www.gemeinde-merching.de/impressum/datenschutzerklaerung/,Datenschutzerklärung – Gemeinde Merching,page,text/html; charset=UTF-8,,2,,2026-10-10T14:56:23Z,migrate to another canonical URL + 301,https://www.gemeinde-merching.de/impressum/datenschutzerklaerung,Slashless new convention; proposed same path without trailing slash,2,0,91
https://www.gemeinde-merching.de/impressum/feed/,200,https://www.gemeinde-merching.de/impressum/feed/,,,sitemap/xml,application/rss+xml; charset=UTF-8,,0,,2026-10-10T15:13:22Z,manual review,https://www.gemeinde-merching.de/impressum/feed/,Public RSS/Atom feed continuation not implemented in the new CMS,0,0,0
https://www.gemeinde-merching.de/kommunale-it-sicherheit/,200,https://www.gemeinde-merching.de/kommunale-it-sicherheit/,https://www.gemeinde-merching.de/kommunale-it-sicherheit/,Kommunale IT-Sicherheit – Gemeinde Merching,page,text/html; charset=UTF-8,,2,,2026-10-10T14:56:24Z,migrate to another canonical URL + 301,https://www.gemeinde-merching.de/kommunale-it-sicherheit,Slashless new convention; proposed same path without trailing slash,6,0,99
https://www.gemeinde-merching.de/links/nuetzliche-und-hilfreiche-links/4149/httpswww-gemeinde-merching-dewpfilebase_thumbnail1fid359nameenergieberatung_landkreis_aichach-friedberg_typo_schwarz_rgb_klein-jpg/,404,https://www.gemeinde-merching.de/links/nuetzliche-und-hilfreiche-links/4149/httpswww-gemeinde-merching-dewpfilebase_thumbnail1fid359nameenergieberatung_landkreis_aichach-friedberg_typo_schwarz_rgb_klein-jpg/,,Seite nicht gefunden – Gemeinde Merching,page,text/html; charset=UTF-8,,3,,2026-10-10T15:02:12Z,broken/obsolete,https://www.gemeinde-merching.de/links/nuetzliche-und-hilfreiche-links/4149/httpswww-gemeinde-merching-dewpfilebase_thumbnail1fid359nameenergieberatung_landkreis_aichach-friedberg_typo_schwarz_rgb_klein-jpg/,Live endpoint missing; verify backlinks before removing,2,0,52
https://www.gemeinde-merching.de/links/nuetzliche-und-hilfreiche-links/buergernetz-mering/httpswww-gemeinde-merching-dewp-contentuploads201701logo-buergernetz-e1484639317192-png/,404,https://www.gemeinde-merching.de/links/nuetzliche-und-hilfreiche-links/buergernetz-mering/httpswww-gemeinde-merching-dewp-contentuploads201701logo-buergernetz-e1484639317192-png/,,Seite nicht gefunden – Gemeinde Merching,page,text/html; charset=UTF-8,,3,,2026-10-10T15:02:13Z,broken/obsolete,https://www.gemeinde-merching.de/links/nuetzliche-und-hilfreiche-links/buergernetz-mering/httpswww-gemeinde-merching-dewp-contentuploads201701logo-buergernetz-e1484639317192-png/,Live endpoint missing; verify backlinks before removing,2,0,52
https://www.gemeinde-merching.de/links/nuetzliche-und-hilfreiche-links/formulare-zur-beantragung-eines-schwerbehindertenausweises-sowie-fuer-kindergeldleistungen/httpswww-gemeinde-merching-dewp-contentuploadslink-library-images68-jpg/,404,https://www.gemeinde-merching.de/links/nuetzliche-und-hilfreiche-links/formulare-zur-beantragung-eines-schwerbehindertenausweises-sowie-fuer-kindergeldleistungen/httpswww-gemeinde-merching-dewp-contentuploadslink-library-images68-jpg/,,Seite nicht gefunden – Gemeinde Merching,page,text/html; charset=UTF-8,,3,,2026-10-10T15:02:13Z,broken/obsolete,https://www.gemeinde-merching.de/links/nuetzliche-und-hilfreiche-links/formulare-zur-beantragung-eines-schwerbehindertenausweises-sowie-fuer-kindergeldleistungen/httpswww-gemeinde-merching-dewp-contentuploadslink-library-images68-jpg/,Live endpoint missing; verify backlinks before removing,2,0,52
https://www.gemeinde-merching.de/links/nuetzliche-und-hilfreiche-links/mifaz-mitfahrzentrale/httpswww-gemeinde-merching-dewp-contentuploadslink-library-images9-jpg/,404,https://www.gemeinde-merching.de/links/nuetzliche-und-hilfreiche-links/mifaz-mitfahrzentrale/httpswww-gemeinde-merching-dewp-contentuploadslink-library-images9-jpg/,,Seite nicht gefunden – Gemeinde Merching,page,text/html; charset=UTF-8,,3,,2026-10-10T15:02:14Z,broken/obsolete,https://www.gemeinde-merching.de/links/nuetzliche-und-hilfreiche-links/mifaz-mitfahrzentrale/httpswww-gemeinde-merching-dewp-contentuploadslink-library-images9-jpg/,Live endpoint missing; verify backlinks before removing,2,0,52
https://www.gemeinde-merching.de/mikrozensus-2024-mitteilung-08-08-2024-50-000-buergerinnen-und-buerger-muessen-noch-bis-jahresende-mitmachen/,200,https://www.gemeinde-merching.de/mikrozensus-2024-mitteilung-08-08-2024-50-000-buergerinnen-und-buerger-muessen-noch-bis-jahresende-mitmachen/,https://www.gemeinde-merching.de/mikrozensus-2024-mitteilung-08-08-2024-50-000-buergerinnen-und-buerger-muessen-noch-bis-jahresende-mitmachen/,Mikrozensus 2026 – Pressemitteilung – Gemeinde Merching,page,text/html; charset=UTF-8,,2,,2026-10-10T14:56:24Z,migrate to another canonical URL + 301,https://www.gemeinde-merching.de/mikrozensus-2024-mitteilung-08-08-2024-50-000-buergerinnen-und-buerger-muessen-noch-bis-jahresende-mitmachen,Slashless new convention; proposed same path without trailing slash,3,0,98
https://www.gemeinde-merching.de/neue-termine-fuer-kostenlose-rueckgabe-von-pflanzenschutz-verpackungen-entsorgungssystem-pamira/,200,https://www.gemeinde-merching.de/neue-termine-fuer-kostenlose-rueckgabe-von-pflanzenschutz-verpackungen-entsorgungssystem-pamira/,https://www.gemeinde-merching.de/neue-termine-fuer-kostenlose-rueckgabe-von-pflanzenschutz-verpackungen-entsorgungssystem-pamira/,Neue Termine für kostenlose Rückgabe von Pflanzenschutz-Verpackungen – Entsorgungssystem PAMIRA – Gemeinde Merching,page,text/html; charset=UTF-8,,2,,2026-10-10T14:56:25Z,migrate to another canonical URL + 301,https://www.gemeinde-merching.de/neue-termine-fuer-kostenlose-rueckgabe-von-pflanzenschutz-verpackungen-entsorgungssystem-pamira,Slashless new convention; proposed same path without trailing slash,3,1,101
https://www.gemeinde-merching.de/neues-aus-dem-einwohnermeldeamt-lichtbilder/,200,https://www.gemeinde-merching.de/neues-aus-dem-einwohnermeldeamt-lichtbilder/,https://www.gemeinde-merching.de/neues-aus-dem-einwohnermeldeamt-lichtbilder/,Neues aus dem Einwohnermeldeamt (Lichtbilder) – Gemeinde Merching,page,text/html; charset=UTF-8,,2,,2026-10-10T14:56:25Z,migrate to another canonical URL + 301,https://www.gemeinde-merching.de/neues-aus-dem-einwohnermeldeamt-lichtbilder,Slashless new convention; proposed same path without trailing slash,3,0,97
https://www.gemeinde-merching.de/nextgen-attach_to_post/preview/id--2890,404,https://www.gemeinde-merching.de/nextgen-attach_to_post/preview/id--2890,,Seite nicht gefunden – Gemeinde Merching,page,text/html; charset=UTF-8,,3,,2026-10-10T15:02:15Z,broken/obsolete,https://www.gemeinde-merching.de/nextgen-attach_to_post/preview/id--2890,Live endpoint missing; verify backlinks before removing,2,0,52
https://www.gemeinde-merching.de/pressemitteilung-finanzamt-augsburg-land-erinnerung-an-steuervorauszahlung/,200,https://www.gemeinde-merching.de/pressemitteilung-finanzamt-augsburg-land-erinnerung-an-steuervorauszahlung/,https://www.gemeinde-merching.de/pressemitteilung-finanzamt-augsburg-land-erinnerung-an-steuervorauszahlung/,Pressemitteilung Finanzamt Augsburg Land – Erinnerung an Steuervorauszahlung – Gemeinde Merching,page,text/html; charset=UTF-8,,2,,2026-10-10T14:56:26Z,migrate to another canonical URL + 301,https://www.gemeinde-merching.de/pressemitteilung-finanzamt-augsburg-land-erinnerung-an-steuervorauszahlung,Slashless new convention; proposed same path without trailing slash,3,1,101
https://www.gemeinde-merching.de/pressemitteilung-landratsamt-aichach-friedberg-blaualgen-im-uferbereich-des-auensees-bei-kissing/,200,https://www.gemeinde-merching.de/pressemitteilung-landratsamt-aichach-friedberg-blaualgen-im-uferbereich-des-auensees-bei-kissing/,https://www.gemeinde-merching.de/pressemitteilung-landratsamt-aichach-friedberg-blaualgen-im-uferbereich-des-auensees-bei-kissing/,Pressemitteilung Landratsamt Aichach-Friedberg: Blaualgen im Uferbereich des Auensees bei Kissing – Gemeinde Merching,page,text/html; charset=UTF-8,,2,,2026-10-10T14:56:27Z,migrate to another canonical URL + 301,https://www.gemeinde-merching.de/pressemitteilung-landratsamt-aichach-friedberg-blaualgen-im-uferbereich-des-auensees-bei-kissing,Slashless new convention; proposed same path without trailing slash,3,1,101
https://www.gemeinde-merching.de/pressemitteilung-landratsamt-aichach-friedberg-buendnis-f-demokratie-spricht-foerderempfehlungen-fuer-2026-aus/,200,https://www.gemeinde-merching.de/pressemitteilung-landratsamt-aichach-friedberg-buendnis-f-demokratie-spricht-foerderempfehlungen-fuer-2026-aus/,https://www.gemeinde-merching.de/pressemitteilung-landratsamt-aichach-friedberg-buendnis-f-demokratie-spricht-foerderempfehlungen-fuer-2026-aus/,Pressemitteilung Landratsamt Aichach-Friedberg : Bündnis f. Demokratie spricht Förderempfehlungen für 2026 aus – Gemeinde Merching,page,text/html; charset=UTF-8,,2,,2026-10-10T14:56:27Z,migrate to another canonical URL + 301,https://www.gemeinde-merching.de/pressemitteilung-landratsamt-aichach-friedberg-buendnis-f-demokratie-spricht-foerderempfehlungen-fuer-2026-aus,Slashless new convention; proposed same path without trailing slash,3,1,101
https://www.gemeinde-merching.de/pressemitteilung-landratsamt-aichach-friedberg-gefluegelpest-sperrzone-aufgehoben/,200,https://www.gemeinde-merching.de/pressemitteilung-landratsamt-aichach-friedberg-gefluegelpest-sperrzone-aufgehoben/,https://www.gemeinde-merching.de/pressemitteilung-landratsamt-aichach-friedberg-gefluegelpest-sperrzone-aufgehoben/,Pressemitteilung Landratsamt Aichach-Friedberg – Geflügelpest: Sperrzone aufgehoben – Gemeinde Merching,page,text/html; charset=UTF-8,,2,,2026-10-10T14:56:28Z,migrate to another canonical URL + 301,https://www.gemeinde-merching.de/pressemitteilung-landratsamt-aichach-friedberg-gefluegelpest-sperrzone-aufgehoben,Slashless new convention; proposed same path without trailing slash,3,1,101
https://www.gemeinde-merching.de/pressemitteilung-landratsamt-aichach-friedberg-tychonema-in-mehreren-badeseen-nachgewiesen/,200,https://www.gemeinde-merching.de/pressemitteilung-landratsamt-aichach-friedberg-tychonema-in-mehreren-badeseen-nachgewiesen/,https://www.gemeinde-merching.de/pressemitteilung-landratsamt-aichach-friedberg-tychonema-in-mehreren-badeseen-nachgewiesen/,Pressemitteilung Landratsamt Aichach-Friedberg: Tychonema in mehreren Badeseen nachgewiesen – Gemeinde Merching,page,text/html; charset=UTF-8,,2,,2026-10-10T14:56:28Z,migrate to another canonical URL + 301,https://www.gemeinde-merching.de/pressemitteilung-landratsamt-aichach-friedberg-tychonema-in-mehreren-badeseen-nachgewiesen,Slashless new convention; proposed same path without trailing slash,3,1,101
https://www.gemeinde-merching.de/pressemitteilung-region-wehrt-sich-gegen-geplante-ausduennung-des-regionalverkehrs-zwischen-augsburg-und-muenchen/,200,https://www.gemeinde-merching.de/pressemitteilung-region-wehrt-sich-gegen-geplante-ausduennung-des-regionalverkehrs-zwischen-augsburg-und-muenchen/,https://www.gemeinde-merching.de/pressemitteilung-region-wehrt-sich-gegen-geplante-ausduennung-des-regionalverkehrs-zwischen-augsburg-und-muenchen/,Pressemitteilung: Region wehrt sich gegen geplante Ausdünnung des Regionalverkehrs zwischen Augsburg und München – Gemeinde Merching,page,text/html; charset=UTF-8,,2,,2026-10-10T14:56:29Z,migrate to another canonical URL + 301,https://www.gemeinde-merching.de/pressemitteilung-region-wehrt-sich-gegen-geplante-ausduennung-des-regionalverkehrs-zwischen-augsburg-und-muenchen,Slashless new convention; proposed same path without trailing slash,3,1,101
https://www.gemeinde-merching.de/pt_view/portalseite-aus-merching-copy-2/,200,https://www.gemeinde-merching.de/,https://www.gemeinde-merching.de/,Gemeinde Merching – im Landkreis Aichach-Friedberg,page,text/html; charset=UTF-8,,2,,2026-10-10T14:56:30Z,duplicate/alias,https://www.gemeinde-merching.de/,Existing live redirect; preserve full chain destination,14,0,105
https://www.gemeinde-merching.de/pt_view/portalseite-aus-merching-copy-3/,200,https://www.gemeinde-merching.de/,https://www.gemeinde-merching.de/,Gemeinde Merching – im Landkreis Aichach-Friedberg,page,text/html; charset=UTF-8,,2,,2026-10-10T14:56:30Z,duplicate/alias,https://www.gemeinde-merching.de/,Existing live redirect; preserve full chain destination,14,0,105
https://www.gemeinde-merching.de/pt_view/portalseite-aus-merching-copy-4/,200,https://www.gemeinde-merching.de/,https://www.gemeinde-merching.de/,Gemeinde Merching – im Landkreis Aichach-Friedberg,page,text/html; charset=UTF-8,,2,,2026-10-10T14:56:31Z,duplicate/alias,https://www.gemeinde-merching.de/,Existing live redirect; preserve full chain destination,14,0,105
https://www.gemeinde-merching.de/pt_view/portalseite-aus-merching-copy-5/,200,https://www.gemeinde-merching.de/,https://www.gemeinde-merching.de/,Gemeinde Merching – im Landkreis Aichach-Friedberg,page,text/html; charset=UTF-8,,2,,2026-10-10T14:56:31Z,duplicate/alias,https://www.gemeinde-merching.de/,Existing live redirect; preserve full chain destination,14,0,105
https://www.gemeinde-merching.de/pt_view/portalseite-aus-merching-copy/,200,https://www.gemeinde-merching.de/,https://www.gemeinde-merching.de/,Gemeinde Merching – im Landkreis Aichach-Friedberg,page,text/html; charset=UTF-8,,2,,2026-10-10T14:56:32Z,duplicate/alias,https://www.gemeinde-merching.de/,Existing live redirect; preserve full chain destination,14,0,105
https://www.gemeinde-merching.de/pt_view/prototyp-v1-portalseite-aus-merching-copy/,200,https://www.gemeinde-merching.de/,https://www.gemeinde-merching.de/,Gemeinde Merching – im Landkreis Aichach-Friedberg,page,text/html; charset=UTF-8,,2,,2026-10-10T14:56:33Z,duplicate/alias,https://www.gemeinde-merching.de/,Existing live redirect; preserve full chain destination,14,0,105
https://www.gemeinde-merching.de/rattenproblematik-in-der-gemeinde-merching/,200,https://www.gemeinde-merching.de/rattenproblematik-in-der-gemeinde-merching/,https://www.gemeinde-merching.de/rattenproblematik-in-der-gemeinde-merching/,Rattenproblematik in der Gemeinde Merching – Gemeinde Merching,page,text/html; charset=UTF-8,,2,,2026-10-10T14:56:33Z,migrate to another canonical URL + 301,https://www.gemeinde-merching.de/rattenproblematik-in-der-gemeinde-merching,Slashless new convention; proposed same path without trailing slash,3,0,97
https://www.gemeinde-merching.de/richtiges-verhalten-gegenueber-wasser-zugvoegeln/,200,https://www.gemeinde-merching.de/richtiges-verhalten-gegenueber-wasser-zugvoegeln/,https://www.gemeinde-merching.de/richtiges-verhalten-gegenueber-wasser-zugvoegeln/,Richtiges Verhalten gegenüber Wasser- / Zugvögeln – Gemeinde Merching,page,text/html; charset=UTF-8,,2,,2026-10-10T14:56:34Z,migrate to another canonical URL + 301,https://www.gemeinde-merching.de/richtiges-verhalten-gegenueber-wasser-zugvoegeln,Slashless new convention; proposed same path without trailing slash,3,0,97
https://www.gemeinde-merching.de/robots.txt,200,https://www.gemeinde-merching.de/robots.txt,,,file,text/plain; charset=utf-8,,0,,2026-10-10T14:56:34Z,preserve exactly,https://www.gemeinde-merching.de/robots.txt,Direct asset URLs may have external backlinks,0,0,0
https://www.gemeinde-merching.de/sitemap/,200,https://www.gemeinde-merching.de/sitemap/,https://www.gemeinde-merching.de/sitemap/,Inhaltsverzeichnis – Gemeinde Merching,page,text/html; charset=UTF-8,,2,,2026-10-10T14:56:35Z,migrate to another canonical URL + 301,https://www.gemeinde-merching.de/sitemap,Slashless new convention; proposed same path without trailing slash,2,0,92
https://www.gemeinde-merching.de/sitemap/feed/,200,https://www.gemeinde-merching.de/sitemap/feed/,,,sitemap/xml,application/rss+xml; charset=UTF-8,,0,,2026-10-10T15:13:23Z,manual review,https://www.gemeinde-merching.de/sitemap/feed/,Public RSS/Atom feed continuation not implemented in the new CMS,0,0,0
https://www.gemeinde-merching.de/sitemap_index.xml,404,https://www.gemeinde-merching.de/sitemap_index.xml,,Seite nicht gefunden – Gemeinde Merching,page,text/html; charset=UTF-8,,3,,2026-10-10T14:56:36Z,broken/obsolete,https://www.gemeinde-merching.de/sitemap_index.xml,Live endpoint missing; verify backlinks before removing,2,0,52
https://www.gemeinde-merching.de/solaroffensive-wittelsbacher-land/,200,https://www.gemeinde-merching.de/solaroffensive-wittelsbacher-land/,https://www.gemeinde-merching.de/solaroffensive-wittelsbacher-land/,Solaroffensive Wittelsbacher Land – Gemeinde Merching,page,text/html; charset=UTF-8,,2,,2026-10-10T14:56:36Z,migrate to another canonical URL + 301,https://www.gemeinde-merching.de/solaroffensive-wittelsbacher-land,Slashless new convention; proposed same path without trailing slash,5,1,102
https://www.gemeinde-merching.de/spielschiff-an-der-paar-u-gestiftete-baenke-des-huehnerkomitees-merching-wurden-offiziell-eroeffnet/,200,https://www.gemeinde-merching.de/spielschiff-an-der-paar-u-gestiftete-baenke-des-huehnerkomitees-merching-wurden-offiziell-eroeffnet/,https://www.gemeinde-merching.de/spielschiff-an-der-paar-u-gestiftete-baenke-des-huehnerkomitees-merching-wurden-offiziell-eroeffnet/,Spielplatz an der Paar mit Spielschiff u. gestifteten Bänken des Hühnerkomitees Merching wurde offiziell eröffnet – Gemeinde Merching,page,text/html; charset=UTF-8,,2,,2026-10-10T14:56:37Z,migrate to another canonical URL + 301,https://www.gemeinde-merching.de/spielschiff-an-der-paar-u-gestiftete-baenke-des-huehnerkomitees-merching-wurden-offiziell-eroeffnet,Slashless new convention; proposed same path without trailing slash,6,0,100
https://www.gemeinde-merching.de/suizidpraevention-pressemitteilung-landratsamt-aichach-friedberg/,200,https://www.gemeinde-merching.de/suizidpraevention-pressemitteilung-landratsamt-aichach-friedberg/,https://www.gemeinde-merching.de/suizidpraevention-pressemitteilung-landratsamt-aichach-friedberg/,Suizidprävention – Pressemitteilung Landratsamt Aichach-Friedberg – Gemeinde Merching,page,text/html; charset=UTF-8,,2,,2026-10-10T14:56:37Z,migrate to another canonical URL + 301,https://www.gemeinde-merching.de/suizidpraevention-pressemitteilung-landratsamt-aichach-friedberg,Slashless new convention; proposed same path without trailing slash,3,1,98
https://www.gemeinde-merching.de/ueber-merching/,200,https://www.gemeinde-merching.de/ueber-merching/,https://www.gemeinde-merching.de/ueber-merching/,Über Merching – Gemeinde Merching,page,text/html; charset=UTF-8,,2,,2026-10-10T14:56:38Z,migrate to another canonical URL + 301,https://www.gemeinde-merching.de/ueber-merching,Slashless new convention; proposed same path without trailing slash,6,0,95
https://www.gemeinde-merching.de/ueber-merching/accessibility-statement/,200,https://www.gemeinde-merching.de/ueber-merching/accessibility-statement/,https://www.gemeinde-merching.de/ueber-merching/accessibility-statement/,Barrieren reduzieren in unserem Webauftritt – Gemeinde Merching,page,text/html; charset=UTF-8,,2,,2026-10-10T14:56:39Z,migrate to another canonical URL + 301,https://www.gemeinde-merching.de/ueber-merching/accessibility-statement,Slashless new convention; proposed same path without trailing slash,2,0,91
https://www.gemeinde-merching.de/ueber-merching/adressen-oeffnungszeiten/,200,https://www.gemeinde-merching.de/ueber-merching/adressen-oeffnungszeiten/,https://www.gemeinde-merching.de/ueber-merching/adressen-oeffnungszeiten/,Verwaltung: Adressen und Öffnungszeiten – Gemeinde Merching,page,text/html; charset=UTF-8,,2,,2026-10-10T14:56:39Z,migrate to another canonical URL + 301,https://www.gemeinde-merching.de/ueber-merching/adressen-oeffnungszeiten,Slashless new convention; proposed same path without trailing slash,24,0,114
https://www.gemeinde-merching.de/ueber-merching/adressen-oeffnungszeiten/feed/,200,https://www.gemeinde-merching.de/ueber-merching/adressen-oeffnungszeiten/feed/,,,sitemap/xml,application/rss+xml; charset=UTF-8,,0,,2026-10-10T15:13:24Z,manual review,https://www.gemeinde-merching.de/ueber-merching/adressen-oeffnungszeiten/feed/,Public RSS/Atom feed continuation not implemented in the new CMS,0,0,0
https://www.gemeinde-merching.de/ueber-merching/bayernatlas/,200,https://www.gemeinde-merching.de/ueber-merching/bayernatlas/,https://www.gemeinde-merching.de/ueber-merching/bayernatlas/,BayernAtlas – Gemeinde Merching,page,text/html; charset=UTF-8,,2,,2026-10-10T14:56:40Z,migrate to another canonical URL + 301,https://www.gemeinde-merching.de/ueber-merching/bayernatlas,Slashless new convention; proposed same path without trailing slash,6,0,95
https://www.gemeinde-merching.de/ueber-merching/bayernatlas/feed/,200,https://www.gemeinde-merching.de/ueber-merching/bayernatlas/feed/,,,sitemap/xml,application/rss+xml; charset=UTF-8,,0,,2026-10-10T15:13:25Z,manual review,https://www.gemeinde-merching.de/ueber-merching/bayernatlas/feed/,Public RSS/Atom feed continuation not implemented in the new CMS,0,0,0
https://www.gemeinde-merching.de/ueber-merching/bildergalerie-merching/,200,https://www.gemeinde-merching.de/ueber-merching/bildergalerie-merching/,https://www.gemeinde-merching.de/ueber-merching/bildergalerie-merching/,Bildergalerien aus Merching – Gemeinde Merching,page,text/html; charset=UTF-8,,2,,2026-10-10T14:56:40Z,migrate to another canonical URL + 301,https://www.gemeinde-merching.de/ueber-merching/bildergalerie-merching,Slashless new convention; proposed same path without trailing slash,2,0,112
https://www.gemeinde-merching.de/ueber-merching/bildergalerie-merching/feed/,200,https://www.gemeinde-merching.de/ueber-merching/bildergalerie-merching/feed/,,,sitemap/xml,application/rss+xml; charset=UTF-8,,0,,2026-10-10T15:13:25Z,manual review,https://www.gemeinde-merching.de/ueber-merching/bildergalerie-merching/feed/,Public RSS/Atom feed continuation not implemented in the new CMS,0,0,0
https://www.gemeinde-merching.de/ueber-merching/bildergalerie-merching/nggallery/album/2024-buergerball,200,https://www.gemeinde-merching.de/ueber-merching/bildergalerie-merching/nggallery/album/2024-buergerball,https://www.gemeinde-merching.de/ueber-merching/bildergalerie-merching/,Bildergalerien aus Merching – Gemeinde Merching,page,text/html; charset=UTF-8,,2,,2026-10-10T14:59:14Z,duplicate/alias,https://www.gemeinde-merching.de/ueber-merching/bildergalerie-merching/,Live canonical differs,2,0,110
https://www.gemeinde-merching.de/ueber-merching/bildergalerie-merching/nggallery/album/2024-krippenweg,200,https://www.gemeinde-merching.de/ueber-merching/bildergalerie-merching/nggallery/album/2024-krippenweg,https://www.gemeinde-merching.de/ueber-merching/bildergalerie-merching/,Bildergalerien aus Merching – Gemeinde Merching,page,text/html; charset=UTF-8,,2,,2026-10-10T14:59:15Z,duplicate/alias,https://www.gemeinde-merching.de/ueber-merching/bildergalerie-merching/,Live canonical differs,2,0,110
https://www.gemeinde-merching.de/ueber-merching/bildergalerie-merching/nggallery/album/2025-adventsfenster,200,https://www.gemeinde-merching.de/ueber-merching/bildergalerie-merching/nggallery/album/2025-adventsfenster,https://www.gemeinde-merching.de/ueber-merching/bildergalerie-merching/,Bildergalerien aus Merching – Gemeinde Merching,page,text/html; charset=UTF-8,,2,,2026-10-10T14:59:15Z,duplicate/alias,https://www.gemeinde-merching.de/ueber-merching/bildergalerie-merching/,Live canonical differs,2,0,110
https://www.gemeinde-merching.de/ueber-merching/bildergalerie-merching/nggallery/album/bilder-rund-um-merching-hochdorf-und-steinach,200,https://www.gemeinde-merching.de/ueber-merching/bildergalerie-merching/nggallery/album/bilder-rund-um-merching-hochdorf-und-steinach,https://www.gemeinde-merching.de/ueber-merching/bildergalerie-merching/,Bildergalerien aus Merching – Gemeinde Merching,page,text/html; charset=UTF-8,,2,,2026-10-10T14:59:16Z,duplicate/alias,https://www.gemeinde-merching.de/ueber-merching/bildergalerie-merching/,Live canonical differs,2,0,110
https://www.gemeinde-merching.de/ueber-merching/bildergalerie-merching/nggallery/album/gewerbegebiet-am-lerchenberg,200,https://www.gemeinde-merching.de/ueber-merching/bildergalerie-merching/nggallery/album/gewerbegebiet-am-lerchenberg,https://www.gemeinde-merching.de/ueber-merching/bildergalerie-merching/,Bildergalerien aus Merching – Gemeinde Merching,page,text/html; charset=UTF-8,,2,,2026-10-10T14:59:17Z,duplicate/alias,https://www.gemeinde-merching.de/ueber-merching/bildergalerie-merching/,Live canonical differs,2,0,110
https://www.gemeinde-merching.de/ueber-merching/bildergalerie-merching/nggallery/album/merching-im-advent,200,https://www.gemeinde-merching.de/ueber-merching/bildergalerie-merching/nggallery/album/merching-im-advent,https://www.gemeinde-merching.de/ueber-merching/bildergalerie-merching/,Bildergalerien aus Merching – Gemeinde Merching,page,text/html; charset=UTF-8,,2,,2026-10-10T14:59:17Z,duplicate/alias,https://www.gemeinde-merching.de/ueber-merching/bildergalerie-merching/,Live canonical differs,2,0,110
https://www.gemeinde-merching.de/ueber-merching/bildergalerie-merching/nggallery/album/naherholungsgebiet-mandichosee,200,https://www.gemeinde-merching.de/ueber-merching/bildergalerie-merching/nggallery/album/naherholungsgebiet-mandichosee,https://www.gemeinde-merching.de/ueber-merching/bildergalerie-merching/,Bildergalerien aus Merching – Gemeinde Merching,page,text/html; charset=UTF-8,,2,,2026-10-10T14:59:18Z,duplicate/alias,https://www.gemeinde-merching.de/ueber-merching/bildergalerie-merching/,Live canonical differs,2,0,110
https://www.gemeinde-merching.de/ueber-merching/bildergalerie-merching/nggallery/album/sommerimpressionen,200,https://www.gemeinde-merching.de/ueber-merching/bildergalerie-merching/nggallery/album/sommerimpressionen,https://www.gemeinde-merching.de/ueber-merching/bildergalerie-merching/,Bildergalerien aus Merching – Gemeinde Merching,page,text/html; charset=UTF-8,,2,,2026-10-10T14:59:18Z,duplicate/alias,https://www.gemeinde-merching.de/ueber-merching/bildergalerie-merching/,Live canonical differs,2,0,110
https://www.gemeinde-merching.de/ueber-merching/feed/,200,https://www.gemeinde-merching.de/ueber-merching/feed/,,,sitemap/xml,application/rss+xml; charset=UTF-8,,0,,2026-10-10T15:13:23Z,manual review,https://www.gemeinde-merching.de/ueber-merching/feed/,Public RSS/Atom feed continuation not implemented in the new CMS,0,0,0
https://www.gemeinde-merching.de/ueber-merching/gemeinderat/,200,https://www.gemeinde-merching.de/ueber-merching/gemeinderat/,https://www.gemeinde-merching.de/ueber-merching/gemeinderat/,Gemeinderat – Gemeinde Merching,page,text/html; charset=UTF-8,,2,,2026-10-10T14:56:41Z,migrate to another canonical URL + 301,https://www.gemeinde-merching.de/ueber-merching/gemeinderat,Slashless new convention; proposed same path without trailing slash,21,0,112
https://www.gemeinde-merching.de/ueber-merching/gemeinderat/feed/,200,https://www.gemeinde-merching.de/ueber-merching/gemeinderat/feed/,,,sitemap/xml,application/rss+xml; charset=UTF-8,,0,,2026-10-10T15:13:28Z,manual review,https://www.gemeinde-merching.de/ueber-merching/gemeinderat/feed/,Public RSS/Atom feed continuation not implemented in the new CMS,0,0,0
https://www.gemeinde-merching.de/ueber-merching/grusswort/,200,https://www.gemeinde-merching.de/ueber-merching/grusswort/,https://www.gemeinde-merching.de/ueber-merching/grusswort/,Grußwort des 1. Bürgermeisters – Gemeinde Merching,page,text/html; charset=UTF-8,,2,,2026-10-10T14:56:42Z,migrate to another canonical URL + 301,https://www.gemeinde-merching.de/ueber-merching/grusswort,Slashless new convention; proposed same path without trailing slash,3,0,93
https://www.gemeinde-merching.de/ueber-merching/grusswort/feed/,200,https://www.gemeinde-merching.de/ueber-merching/grusswort/feed/,,,sitemap/xml,application/rss+xml; charset=UTF-8,,0,,2026-10-10T15:13:29Z,manual review,https://www.gemeinde-merching.de/ueber-merching/grusswort/feed/,Public RSS/Atom feed continuation not implemented in the new CMS,0,0,0
https://www.gemeinde-merching.de/ueber-merching/lage-anfahrt/,200,https://www.gemeinde-merching.de/ueber-merching/lage-anfahrt/,https://www.gemeinde-merching.de/ueber-merching/lage-anfahrt/,Lage & Anfahrt – Gemeinde Merching,page,text/html; charset=UTF-8,,2,,2026-10-10T14:56:42Z,migrate to another canonical URL + 301,https://www.gemeinde-merching.de/ueber-merching/lage-anfahrt,Slashless new convention; proposed same path without trailing slash,2,0,92
https://www.gemeinde-merching.de/ueber-merching/lage-anfahrt/feed/,200,https://www.gemeinde-merching.de/ueber-merching/lage-anfahrt/feed/,,,sitemap/xml,application/rss+xml; charset=UTF-8,,0,,2026-10-10T15:13:29Z,manual review,https://www.gemeinde-merching.de/ueber-merching/lage-anfahrt/feed/,Public RSS/Atom feed continuation not implemented in the new CMS,0,0,0
https://www.gemeinde-merching.de/ueber-merching/standortfaktoren-leben-und-wohnen-in-merching/,200,https://www.gemeinde-merching.de/ueber-merching/standortfaktoren-leben-und-wohnen-in-merching/,https://www.gemeinde-merching.de/ueber-merching/standortfaktoren-leben-und-wohnen-in-merching/,Standortfaktoren Leben und Wohnen in Merching – Gemeinde Merching,page,text/html; charset=UTF-8,,2,,2026-10-10T14:56:43Z,migrate to another canonical URL + 301,https://www.gemeinde-merching.de/ueber-merching/standortfaktoren-leben-und-wohnen-in-merching,Slashless new convention; proposed same path without trailing slash,59,0,132
https://www.gemeinde-merching.de/unterstuetzung-fuer-menschen-mit-pfegebedarf-tagesschulung-zur-ehrenamtlich-taetigen-einzelperson/,200,https://www.gemeinde-merching.de/unterstuetzung-fuer-menschen-mit-pfegebedarf-tagesschulung-zur-ehrenamtlich-taetigen-einzelperson/,https://www.gemeinde-merching.de/unterstuetzung-fuer-menschen-mit-pfegebedarf-tagesschulung-zur-ehrenamtlich-taetigen-einzelperson/,Unterstützung für Menschen mit Pfegebedarf – Tagesschulung zur „Ehrenamtlich tätigen Einzelperson“ – Gemeinde Merching,page,text/html; charset=UTF-8,,2,,2026-10-10T14:56:43Z,migrate to another canonical URL + 301,https://www.gemeinde-merching.de/unterstuetzung-fuer-menschen-mit-pfegebedarf-tagesschulung-zur-ehrenamtlich-taetigen-einzelperson,Slashless new convention; proposed same path without trailing slash,3,1,101
https://www.gemeinde-merching.de/urlaub-trotz-pflege/,200,https://www.gemeinde-merching.de/urlaub-trotz-pflege/,https://www.gemeinde-merching.de/urlaub-trotz-pflege/,Urlaub trotz Pflege – Gemeinde Merching,page,text/html; charset=UTF-8,,2,,2026-10-10T14:56:44Z,migrate to another canonical URL + 301,https://www.gemeinde-merching.de/urlaub-trotz-pflege,Slashless new convention; proposed same path without trailing slash,3,1,101
https://www.gemeinde-merching.de/veranstaltung-landratsamt-aichach-friedberg-ratschen-ueber-photovoltaik-solartreffs-in-verschiedenen-gemeinden/,200,https://www.gemeinde-merching.de/veranstaltung-landratsamt-aichach-friedberg-ratschen-ueber-photovoltaik-solartreffs-in-verschiedenen-gemeinden/,https://www.gemeinde-merching.de/veranstaltung-landratsamt-aichach-friedberg-ratschen-ueber-photovoltaik-solartreffs-in-verschiedenen-gemeinden/,Veranstaltung Landratsamt Aichach-Friedberg: Ratschen über Photovoltaik – SolarTreffs in verschiedenen Gemeinden – Gemeinde Merching,page,text/html; charset=UTF-8,,2,,2026-10-10T14:56:45Z,migrate to another canonical URL + 301,https://www.gemeinde-merching.de/veranstaltung-landratsamt-aichach-friedberg-ratschen-ueber-photovoltaik-solartreffs-in-verschiedenen-gemeinden,Slashless new convention; proposed same path without trailing slash,3,1,101
https://www.gemeinde-merching.de/veranstaltungskalender/,200,https://www.gemeinde-merching.de/veranstaltungskalender/,https://www.gemeinde-merching.de/veranstaltungskalender/,Veranstaltungen – Gemeinde Merching,page,text/html; charset=UTF-8,,2,,2026-10-10T14:56:45Z,migrate to another canonical URL + 301,https://www.gemeinde-merching.de/veranstaltungskalender,Slashless new convention; proposed same path without trailing slash,2,0,93
https://www.gemeinde-merching.de/veranstaltungskalender/feed/,200,https://www.gemeinde-merching.de/veranstaltungskalender/feed/,,,sitemap/xml,application/rss+xml; charset=UTF-8,,0,,2026-10-10T15:13:30Z,manual review,https://www.gemeinde-merching.de/veranstaltungskalender/feed/,Public RSS/Atom feed continuation not implemented in the new CMS,0,0,0
https://www.gemeinde-merching.de/verkuendung-des-ergebnisses-der-wahl-des-ortssprechers-fuer-den-ortsteil-hochdorf/,200,https://www.gemeinde-merching.de/verkuendung-des-ergebnisses-der-wahl-des-ortssprechers-fuer-den-ortsteil-hochdorf/,https://www.gemeinde-merching.de/verkuendung-des-ergebnisses-der-wahl-des-ortssprechers-fuer-den-ortsteil-hochdorf/,Verkündung des Ergebnisses der Wahl des Ortssprechers für den Ortsteil Hochdorf – Gemeinde Merching,page,text/html; charset=UTF-8,,2,,2026-10-10T14:56:46Z,migrate to another canonical URL + 301,https://www.gemeinde-merching.de/verkuendung-des-ergebnisses-der-wahl-des-ortssprechers-fuer-den-ortsteil-hochdorf,Slashless new convention; proposed same path without trailing slash,7,0,99
https://www.gemeinde-merching.de/vollsperrung-bahnuebergang-zwischen-brunnen-und-st-2052-im-zeitraum-vom-13-10-2026-15-10-2026/,200,https://www.gemeinde-merching.de/vollsperrung-bahnuebergang-zwischen-brunnen-und-st-2052-im-zeitraum-vom-13-10-2026-15-10-2026/,https://www.gemeinde-merching.de/vollsperrung-bahnuebergang-zwischen-brunnen-und-st-2052-im-zeitraum-vom-13-10-2026-15-10-2026/,Vollsperrung Bahnübergang zwischen Brunnen und St. 2052 im Zeitraum vom 13.10.2026 – 15.10.2026 – Gemeinde Merching,page,text/html; charset=UTF-8,,2,,2026-10-10T14:56:46Z,migrate to another canonical URL + 301,https://www.gemeinde-merching.de/vollsperrung-bahnuebergang-zwischen-brunnen-und-st-2052-im-zeitraum-vom-13-10-2026-15-10-2026,Slashless new convention; proposed same path without trailing slash,5,0,96
https://www.gemeinde-merching.de/vollsperrung-der-steinacher-strasse-07-10-2026-31-10-2026/,200,https://www.gemeinde-merching.de/vollsperrung-der-steinacher-strasse-07-10-2026-31-10-2026/,https://www.gemeinde-merching.de/vollsperrung-der-steinacher-strasse-07-10-2026-31-10-2026/,Vollsperrung der Steinacher Straße 07.10.2026 – 31.10.2026 – Gemeinde Merching,page,text/html; charset=UTF-8,,2,,2026-10-10T14:56:47Z,migrate to another canonical URL + 301,https://www.gemeinde-merching.de/vollsperrung-der-steinacher-strasse-07-10-2026-31-10-2026,Slashless new convention; proposed same path without trailing slash,3,0,96
https://www.gemeinde-merching.de/was-soll-ich-tun-bei-hochwasser/,200,https://www.gemeinde-merching.de/was-soll-ich-tun-bei-hochwasser/,https://www.gemeinde-merching.de/was-soll-ich-tun-bei-hochwasser/,Was soll ich tun bei Hochwasser? – Gemeinde Merching,page,text/html; charset=UTF-8,,2,,2026-10-10T14:56:48Z,migrate to another canonical URL + 301,https://www.gemeinde-merching.de/was-soll-ich-tun-bei-hochwasser,Slashless new convention; proposed same path without trailing slash,3,0,97
https://www.gemeinde-merching.de/wasserrechtliches-planfeststellungsverfahren/,200,https://www.gemeinde-merching.de/wasserrechtliches-planfeststellungsverfahren/,https://www.gemeinde-merching.de/wasserrechtliches-planfeststellungsverfahren/,Wasserrechtliches Planfeststellungsverfahren – Gemeinde Merching,page,text/html; charset=UTF-8,,2,,2026-10-10T14:56:48Z,migrate to another canonical URL + 301,https://www.gemeinde-merching.de/wasserrechtliches-planfeststellungsverfahren,Slashless new convention; proposed same path without trailing slash,3,0,96
https://www.gemeinde-merching.de/willkommen-in-merching/feed/,200,https://www.gemeinde-merching.de/willkommen-in-merching/feed/,,,sitemap/xml,application/rss+xml; charset=UTF-8,,0,,2026-10-10T15:12:31Z,manual review,https://www.gemeinde-merching.de/willkommen-in-merching/feed/,Public RSS/Atom feed continuation not implemented in the new CMS,0,0,0
https://www.gemeinde-merching.de/workshop-freiwilligenagentur-wie-gewinnen-wir-neue-freiwillige-alle-im-blick-ehrenamt-neu-gestalten/,200,https://www.gemeinde-merching.de/workshop-freiwilligenagentur-wie-gewinnen-wir-neue-freiwillige-alle-im-blick-ehrenamt-neu-gestalten/,https://www.gemeinde-merching.de/workshop-freiwilligenagentur-wie-gewinnen-wir-neue-freiwillige-alle-im-blick-ehrenamt-neu-gestalten/,Workshop Freiwilligenagentur: Wie gewinnen wir neue Freiwillige? Alle im Blick – Ehrenamt neu gestalten – Gemeinde Merching,page,text/html; charset=UTF-8,,2,,2026-10-10T14:56:49Z,migrate to another canonical URL + 301,https://www.gemeinde-merching.de/workshop-freiwilligenagentur-wie-gewinnen-wir-neue-freiwillige-alle-im-blick-ehrenamt-neu-gestalten,Slashless new convention; proposed same path without trailing slash,3,1,101
https://www.gemeinde-merching.de/wp-content/astra-local-fonts/astra-local-fonts.css?ver=4.13.10,206,https://www.gemeinde-merching.de/wp-content/astra-local-fonts/astra-local-fonts.css?ver=4.13.10,,,stylesheet,text/css,2371,0,,2026-10-10T15:12:34Z,preserve exactly,https://www.gemeinde-merching.de/wp-content/astra-local-fonts/astra-local-fonts.css?ver=4.13.10,Preserve public path unless domain mapping requires a reviewed change,0,0,5
https://www.gemeinde-merching.de/wp-content/astra-local-fonts/dm-serif-display/-nFnOHM81r4j6k0gjAW3mujVU2B2G_5x0ujy.woff2,206,https://www.gemeinde-merching.de/wp-content/astra-local-fonts/dm-serif-display/-nFnOHM81r4j6k0gjAW3mujVU2B2G_5x0ujy.woff2,,,file,font/woff2,10844,0,,2026-10-10T15:13:46Z,preserve exactly,https://www.gemeinde-merching.de/wp-content/astra-local-fonts/dm-serif-display/-nFnOHM81r4j6k0gjAW3mujVU2B2G_5x0ujy.woff2,Direct asset URLs may have external backlinks,0,0,0
https://www.gemeinde-merching.de/wp-content/astra-local-fonts/dm-serif-display/-nFnOHM81r4j6k0gjAW3mujVU2B2G_Bx0g.woff2,206,https://www.gemeinde-merching.de/wp-content/astra-local-fonts/dm-serif-display/-nFnOHM81r4j6k0gjAW3mujVU2B2G_Bx0g.woff2,,,file,font/woff2,24676,0,,2026-10-10T15:12:28Z,preserve exactly,https://www.gemeinde-merching.de/wp-content/astra-local-fonts/dm-serif-display/-nFnOHM81r4j6k0gjAW3mujVU2B2G_Bx0g.woff2,Direct asset URLs may have external backlinks,0,0,0
https://www.gemeinde-merching.de/wp-content/astra-local-fonts/work-sans/QGY_z_wNahGAdqQ43RhVcIgYT2Xz5u32K0nXBi8Jpg.woff2,206,https://www.gemeinde-merching.de/wp-content/astra-local-fonts/work-sans/QGY_z_wNahGAdqQ43RhVcIgYT2Xz5u32K0nXBi8Jpg.woff2,,,file,font/woff2,19904,0,,2026-10-10T15:12:29Z,preserve exactly,https://www.gemeinde-merching.de/wp-content/astra-local-fonts/work-sans/QGY_z_wNahGAdqQ43RhVcIgYT2Xz5u32K0nXBi8Jpg.woff2,Direct asset URLs may have external backlinks,0,0,0
https://www.gemeinde-merching.de/wp-content/astra-local-fonts/work-sans/QGY_z_wNahGAdqQ43RhVcIgYT2Xz5u32K0nXBiAJpp_c.woff2,206,https://www.gemeinde-merching.de/wp-content/astra-local-fonts/work-sans/QGY_z_wNahGAdqQ43RhVcIgYT2Xz5u32K0nXBiAJpp_c.woff2,,,file,font/woff2,5020,0,,2026-10-10T15:13:46Z,preserve exactly,https://www.gemeinde-merching.de/wp-content/astra-local-fonts/work-sans/QGY_z_wNahGAdqQ43RhVcIgYT2Xz5u32K0nXBiAJpp_c.woff2,Direct asset URLs may have external backlinks,0,0,0
https://www.gemeinde-merching.de/wp-content/astra-local-fonts/work-sans/QGY_z_wNahGAdqQ43RhVcIgYT2Xz5u32K0nXBiEJpp_c.woff2,206,https://www.gemeinde-merching.de/wp-content/astra-local-fonts/work-sans/QGY_z_wNahGAdqQ43RhVcIgYT2Xz5u32K0nXBiEJpp_c.woff2,,,file,font/woff2,15288,0,,2026-10-10T15:13:47Z,preserve exactly,https://www.gemeinde-merching.de/wp-content/astra-local-fonts/work-sans/QGY_z_wNahGAdqQ43RhVcIgYT2Xz5u32K0nXBiEJpp_c.woff2,Direct asset URLs may have external backlinks,0,0,0
https://www.gemeinde-merching.de/wp-content/gallery/2024-buergerball/1.JPG,206,https://www.gemeinde-merching.de/wp-content/gallery/2024-buergerball/1.JPG,,,image,image/jpeg,2097152,0,,2026-10-10T15:02:15Z,preserve exactly,https://www.gemeinde-merching.de/wp-content/gallery/2024-buergerball/1.JPG,Direct asset URLs may have external backlinks,0,0,0
https://www.gemeinde-merching.de/wp-content/gallery/2024-buergerball/10.JPG,206,https://www.gemeinde-merching.de/wp-content/gallery/2024-buergerball/10.JPG,,,image,image/jpeg,2097152,0,,2026-10-10T15:02:16Z,preserve exactly,https://www.gemeinde-merching.de/wp-content/gallery/2024-buergerball/10.JPG,Direct asset URLs may have external backlinks,0,0,0
https://www.gemeinde-merching.de/wp-content/gallery/2024-buergerball/11.JPG,206,https://www.gemeinde-merching.de/wp-content/gallery/2024-buergerball/11.JPG,,,image,image/jpeg,2097152,0,,2026-10-10T15:02:16Z,preserve exactly,https://www.gemeinde-merching.de/wp-content/gallery/2024-buergerball/11.JPG,Direct asset URLs may have external backlinks,0,0,0
https://www.gemeinde-merching.de/wp-content/gallery/2024-buergerball/12.JPG,206,https://www.gemeinde-merching.de/wp-content/gallery/2024-buergerball/12.JPG,,,image,image/jpeg,2097152,0,,2026-10-10T15:02:17Z,preserve exactly,https://www.gemeinde-merching.de/wp-content/gallery/2024-buergerball/12.JPG,Direct asset URLs may have external backlinks,0,0,0
https://www.gemeinde-merching.de/wp-content/gallery/2024-buergerball/13.JPG,206,https://www.gemeinde-merching.de/wp-content/gallery/2024-buergerball/13.JPG,,,image,image/jpeg,2097152,0,,2026-10-10T15:02:18Z,preserve exactly,https://www.gemeinde-merching.de/wp-content/gallery/2024-buergerball/13.JPG,Direct asset URLs may have external backlinks,0,0,0
https://www.gemeinde-merching.de/wp-content/gallery/2024-buergerball/14.JPG,206,https://www.gemeinde-merching.de/wp-content/gallery/2024-buergerball/14.JPG,,,image,image/jpeg,2097152,0,,2026-10-10T15:02:18Z,preserve exactly,https://www.gemeinde-merching.de/wp-content/gallery/2024-buergerball/14.JPG,Direct asset URLs may have external backlinks,0,0,0
https://www.gemeinde-merching.de/wp-content/gallery/2024-buergerball/15.JPG,206,https://www.gemeinde-merching.de/wp-content/gallery/2024-buergerball/15.JPG,,,image,image/jpeg,2097152,0,,2026-10-10T15:02:19Z,preserve exactly,https://www.gemeinde-merching.de/wp-content/gallery/2024-buergerball/15.JPG,Direct asset URLs may have external backlinks,0,0,0
https://www.gemeinde-merching.de/wp-content/gallery/2024-buergerball/16.JPG,206,https://www.gemeinde-merching.de/wp-content/gallery/2024-buergerball/16.JPG,,,image,image/jpeg,2097152,0,,2026-10-10T15:02:19Z,preserve exactly,https://www.gemeinde-merching.de/wp-content/gallery/2024-buergerball/16.JPG,Direct asset URLs may have external backlinks,0,0,0
https://www.gemeinde-merching.de/wp-content/gallery/2024-buergerball/17.JPG,206,https://www.gemeinde-merching.de/wp-content/gallery/2024-buergerball/17.JPG,,,image,image/jpeg,2097152,0,,2026-10-10T15:02:20Z,preserve exactly,https://www.gemeinde-merching.de/wp-content/gallery/2024-buergerball/17.JPG,Direct asset URLs may have external backlinks,0,0,0
https://www.gemeinde-merching.de/wp-content/gallery/2024-buergerball/18.JPG,206,https://www.gemeinde-merching.de/wp-content/gallery/2024-buergerball/18.JPG,,,image,image/jpeg,2097152,0,,2026-10-10T15:02:21Z,preserve exactly,https://www.gemeinde-merching.de/wp-content/gallery/2024-buergerball/18.JPG,Direct asset URLs may have external backlinks,0,0,0
https://www.gemeinde-merching.de/wp-content/gallery/2024-buergerball/19.JPG,206,https://www.gemeinde-merching.de/wp-content/gallery/2024-buergerball/19.JPG,,,image,image/jpeg,2097152,0,,2026-10-10T15:02:21Z,preserve exactly,https://www.gemeinde-merching.de/wp-content/gallery/2024-buergerball/19.JPG,Direct asset URLs may have external backlinks,0,0,0
https://www.gemeinde-merching.de/wp-content/gallery/2024-buergerball/2.jpg,206,https://www.gemeinde-merching.de/wp-content/gallery/2024-buergerball/2.jpg,,,image,image/jpeg,2097152,0,,2026-10-10T15:02:22Z,preserve exactly,https://www.gemeinde-merching.de/wp-content/gallery/2024-buergerball/2.jpg,Direct asset URLs may have external backlinks,0,0,0
https://www.gemeinde-merching.de/wp-content/gallery/2024-buergerball/20.JPG,206,https://www.gemeinde-merching.de/wp-content/gallery/2024-buergerball/20.JPG,,,image,image/jpeg,2097152,0,,2026-10-10T15:02:22Z,preserve exactly,https://www.gemeinde-merching.de/wp-content/gallery/2024-buergerball/20.JPG,Direct asset URLs may have external backlinks,0,0,0
https://www.gemeinde-merching.de/wp-content/gallery/2024-buergerball/21.jpg,206,https://www.gemeinde-merching.de/wp-content/gallery/2024-buergerball/21.jpg,,,image,image/jpeg,2097152,0,,2026-10-10T15:02:23Z,preserve exactly,https://www.gemeinde-merching.de/wp-content/gallery/2024-buergerball/21.jpg,Direct asset URLs may have external backlinks,0,0,0
https://www.gemeinde-merching.de/wp-content/gallery/2024-buergerball/3.JPG,206,https://www.gemeinde-merching.de/wp-content/gallery/2024-buergerball/3.JPG,,,image,image/jpeg,2097152,0,,2026-10-10T15:02:24Z,preserve exactly,https://www.gemeinde-merching.de/wp-content/gallery/2024-buergerball/3.JPG,Direct asset URLs may have external backlinks,0,0,0
https://www.gemeinde-merching.de/wp-content/gallery/2024-buergerball/4.JPG,206,https://www.gemeinde-merching.de/wp-content/gallery/2024-buergerball/4.JPG,,,image,image/jpeg,2018750,0,,2026-10-10T15:02:24Z,preserve exactly,https://www.gemeinde-merching.de/wp-content/gallery/2024-buergerball/4.JPG,Direct asset URLs may have external backlinks,0,0,0
https://www.gemeinde-merching.de/wp-content/gallery/2024-buergerball/6.JPG,206,https://www.gemeinde-merching.de/wp-content/gallery/2024-buergerball/6.JPG,,,image,image/jpeg,2097152,0,,2026-10-10T15:02:25Z,preserve exactly,https://www.gemeinde-merching.de/wp-content/gallery/2024-buergerball/6.JPG,Direct asset URLs may have external backlinks,0,0,0
https://www.gemeinde-merching.de/wp-content/gallery/2024-buergerball/7.JPG,206,https://www.gemeinde-merching.de/wp-content/gallery/2024-buergerball/7.JPG,,,image,image/jpeg,2097152,0,,2026-10-10T15:02:25Z,preserve exactly,https://www.gemeinde-merching.de/wp-content/gallery/2024-buergerball/7.JPG,Direct asset URLs may have external backlinks,0,0,0
https://www.gemeinde-merching.de/wp-content/gallery/2024-buergerball/8.JPG,206,https://www.gemeinde-merching.de/wp-content/gallery/2024-buergerball/8.JPG,,,image,image/jpeg,2097152,0,,2026-10-10T15:02:26Z,preserve exactly,https://www.gemeinde-merching.de/wp-content/gallery/2024-buergerball/8.JPG,Direct asset URLs may have external backlinks,0,0,0
https://www.gemeinde-merching.de/wp-content/gallery/2024-buergerball/9.JPG,206,https://www.gemeinde-merching.de/wp-content/gallery/2024-buergerball/9.JPG,,,image,image/jpeg,2097152,0,,2026-10-10T15:02:27Z,preserve exactly,https://www.gemeinde-merching.de/wp-content/gallery/2024-buergerball/9.JPG,Direct asset URLs may have external backlinks,0,0,0
https://www.gemeinde-merching.de/wp-content/gallery/2024-buergerball/DSC07298.JPG,206,https://www.gemeinde-merching.de/wp-content/gallery/2024-buergerball/DSC07298.JPG,,,image,image/jpeg,2097152,0,,2026-10-10T15:02:27Z,preserve exactly,https://www.gemeinde-merching.de/wp-content/gallery/2024-buergerball/DSC07298.JPG,Direct asset URLs may have external backlinks,0,0,0
https://www.gemeinde-merching.de/wp-content/gallery/2024-buergerball/DSC07299.JPG,206,https://www.gemeinde-merching.de/wp-content/gallery/2024-buergerball/DSC07299.JPG,,,image,image/jpeg,2097152,0,,2026-10-10T15:02:28Z,preserve exactly,https://www.gemeinde-merching.de/wp-content/gallery/2024-buergerball/DSC07299.JPG,Direct asset URLs may have external backlinks,0,0,0
https://www.gemeinde-merching.de/wp-content/gallery/2024-buergerball/DSC07309.JPG,206,https://www.gemeinde-merching.de/wp-content/gallery/2024-buergerball/DSC07309.JPG,,,image,image/jpeg,2097152,0,,2026-10-10T15:02:28Z,preserve exactly,https://www.gemeinde-merching.de/wp-content/gallery/2024-buergerball/DSC07309.JPG,Direct asset URLs may have external backlinks,0,0,0
https://www.gemeinde-merching.de/wp-content/gallery/2024-buergerball/DSC07310.JPG,206,https://www.gemeinde-merching.de/wp-content/gallery/2024-buergerball/DSC07310.JPG,,,image,image/jpeg,2097152,0,,2026-10-10T15:02:29Z,preserve exactly,https://www.gemeinde-merching.de/wp-content/gallery/2024-buergerball/DSC07310.JPG,Direct asset URLs may have external backlinks,0,0,0
https://www.gemeinde-merching.de/wp-content/gallery/2024-buergerball/DSC07311.JPG,206,https://www.gemeinde-merching.de/wp-content/gallery/2024-buergerball/DSC07311.JPG,,,image,image/jpeg,2097152,0,,2026-10-10T15:02:30Z,preserve exactly,https://www.gemeinde-merching.de/wp-content/gallery/2024-buergerball/DSC07311.JPG,Direct asset URLs may have external backlinks,0,0,0
https://www.gemeinde-merching.de/wp-content/gallery/2024-buergerball/DSC07315.JPG,206,https://www.gemeinde-merching.de/wp-content/gallery/2024-buergerball/DSC07315.JPG,,,image,image/jpeg,2097152,0,,2026-10-10T15:02:30Z,preserve exactly,https://www.gemeinde-merching.de/wp-content/gallery/2024-buergerball/DSC07315.JPG,Direct asset URLs may have external backlinks,0,0,0
https://www.gemeinde-merching.de/wp-content/gallery/2024-buergerball/DSC07317.JPG,206,https://www.gemeinde-merching.de/wp-content/gallery/2024-buergerball/DSC07317.JPG,,,image,image/jpeg,2097152,0,,2026-10-10T15:02:31Z,preserve exactly,https://www.gemeinde-merching.de/wp-content/gallery/2024-buergerball/DSC07317.JPG,Direct asset URLs may have external backlinks,0,0,0
https://www.gemeinde-merching.de/wp-content/gallery/2024-buergerball/DSC07318.JPG,206,https://www.gemeinde-merching.de/wp-content/gallery/2024-buergerball/DSC07318.JPG,,,image,image/jpeg,2097152,0,,2026-10-10T15:02:31Z,preserve exactly,https://www.gemeinde-merching.de/wp-content/gallery/2024-buergerball/DSC07318.JPG,Direct asset URLs may have external backlinks,0,0,0
https://www.gemeinde-merching.de/wp-content/gallery/2024-buergerball/DSC07319.JPG,206,https://www.gemeinde-merching.de/wp-content/gallery/2024-buergerball/DSC07319.JPG,,,image,image/jpeg,2097152,0,,2026-10-10T15:02:32Z,preserve exactly,https://www.gemeinde-merching.de/wp-content/gallery/2024-buergerball/DSC07319.JPG,Direct asset URLs may have external backlinks,0,0,0
https://www.gemeinde-merching.de/wp-content/gallery/2024-buergerball/DSC07320.JPG,206,https://www.gemeinde-merching.de/wp-content/gallery/2024-buergerball/DSC07320.JPG,,,image,image/jpeg,2097152,0,,2026-10-10T15:02:33Z,preserve exactly,https://www.gemeinde-merching.de/wp-content/gallery/2024-buergerball/DSC07320.JPG,Direct asset URLs may have external backlinks,0,0,0
https://www.gemeinde-merching.de/wp-content/gallery/2024-buergerball/DSC07321.JPG,206,https://www.gemeinde-merching.de/wp-content/gallery/2024-buergerball/DSC07321.JPG,,,image,image/jpeg,2097152,0,,2026-10-10T15:02:33Z,preserve exactly,https://www.gemeinde-merching.de/wp-content/gallery/2024-buergerball/DSC07321.JPG,Direct asset URLs may have external backlinks,0,0,0
https://www.gemeinde-merching.de/wp-content/gallery/2024-buergerball/DSC07322.JPG,206,https://www.gemeinde-merching.de/wp-content/gallery/2024-buergerball/DSC07322.JPG,,,image,image/jpeg,2097152,0,,2026-10-10T15:02:34Z,preserve exactly,https://www.gemeinde-merching.de/wp-content/gallery/2024-buergerball/DSC07322.JPG,Direct asset URLs may have external backlinks,0,0,0
https://www.gemeinde-merching.de/wp-content/gallery/2024-buergerball/DSC07325.JPG,206,https://www.gemeinde-merching.de/wp-content/gallery/2024-buergerball/DSC07325.JPG,,,image,image/jpeg,2097152,0,,2026-10-10T15:02:34Z,preserve exactly,https://www.gemeinde-merching.de/wp-content/gallery/2024-buergerball/DSC07325.JPG,Direct asset URLs may have external backlinks,0,0,0
https://www.gemeinde-merching.de/wp-content/gallery/2024-buergerball/DSC07333.JPG,206,https://www.gemeinde-merching.de/wp-content/gallery/2024-buergerball/DSC07333.JPG,,,image,image/jpeg,2097152,0,,2026-10-10T15:02:35Z,preserve exactly,https://www.gemeinde-merching.de/wp-content/gallery/2024-buergerball/DSC07333.JPG,Direct asset URLs may have external backlinks,0,0,0
https://www.gemeinde-merching.de/wp-content/gallery/2024-buergerball/DSC07336.JPG,206,https://www.gemeinde-merching.de/wp-content/gallery/2024-buergerball/DSC07336.JPG,,,image,image/jpeg,2097152,0,,2026-10-10T15:02:36Z,preserve exactly,https://www.gemeinde-merching.de/wp-content/gallery/2024-buergerball/DSC07336.JPG,Direct asset URLs may have external backlinks,0,0,0
https://www.gemeinde-merching.de/wp-content/gallery/2024-buergerball/DSC07337.JPG,206,https://www.gemeinde-merching.de/wp-content/gallery/2024-buergerball/DSC07337.JPG,,,image,image/jpeg,2097152,0,,2026-10-10T15:02:36Z,preserve exactly,https://www.gemeinde-merching.de/wp-content/gallery/2024-buergerball/DSC07337.JPG,Direct asset URLs may have external backlinks,0,0,0
https://www.gemeinde-merching.de/wp-content/gallery/2024-buergerball/DSC07338.JPG,206,https://www.gemeinde-merching.de/wp-content/gallery/2024-buergerball/DSC07338.JPG,,,image,image/jpeg,2097152,0,,2026-10-10T15:02:37Z,preserve exactly,https://www.gemeinde-merching.de/wp-content/gallery/2024-buergerball/DSC07338.JPG,Direct asset URLs may have external backlinks,0,0,0
https://www.gemeinde-merching.de/wp-content/gallery/2024-buergerball/DSC07342.JPG,206,https://www.gemeinde-merching.de/wp-content/gallery/2024-buergerball/DSC07342.JPG,,,image,image/jpeg,2097152,0,,2026-10-10T15:02:37Z,preserve exactly,https://www.gemeinde-merching.de/wp-content/gallery/2024-buergerball/DSC07342.JPG,Direct asset URLs may have external backlinks,0,0,0
https://www.gemeinde-merching.de/wp-content/gallery/2024-buergerball/DSC07346.JPG,206,https://www.gemeinde-merching.de/wp-content/gallery/2024-buergerball/DSC07346.JPG,,,image,image/jpeg,2097152,0,,2026-10-10T15:02:38Z,preserve exactly,https://www.gemeinde-merching.de/wp-content/gallery/2024-buergerball/DSC07346.JPG,Direct asset URLs may have external backlinks,0,0,0
https://www.gemeinde-merching.de/wp-content/gallery/2024-buergerball/DSC07351.JPG,206,https://www.gemeinde-merching.de/wp-content/gallery/2024-buergerball/DSC07351.JPG,,,image,image/jpeg,2097152,0,,2026-10-10T15:02:39Z,preserve exactly,https://www.gemeinde-merching.de/wp-content/gallery/2024-buergerball/DSC07351.JPG,Direct asset URLs may have external backlinks,0,0,0
https://www.gemeinde-merching.de/wp-content/gallery/2024-buergerball/DSC07356.JPG,206,https://www.gemeinde-merching.de/wp-content/gallery/2024-buergerball/DSC07356.JPG,,,image,image/jpeg,2097152,0,,2026-10-10T15:02:39Z,preserve exactly,https://www.gemeinde-merching.de/wp-content/gallery/2024-buergerball/DSC07356.JPG,Direct asset URLs may have external backlinks,0,0,0
https://www.gemeinde-merching.de/wp-content/gallery/2024-buergerball/DSC07358.JPG,206,https://www.gemeinde-merching.de/wp-content/gallery/2024-buergerball/DSC07358.JPG,,,image,image/jpeg,2097152,0,,2026-10-10T15:02:40Z,preserve exactly,https://www.gemeinde-merching.de/wp-content/gallery/2024-buergerball/DSC07358.JPG,Direct asset URLs may have external backlinks,0,0,0
https://www.gemeinde-merching.de/wp-content/gallery/2024-buergerball/DSC07359.JPG,206,https://www.gemeinde-merching.de/wp-content/gallery/2024-buergerball/DSC07359.JPG,,,image,image/jpeg,2097152,0,,2026-10-10T15:02:40Z,preserve exactly,https://www.gemeinde-merching.de/wp-content/gallery/2024-buergerball/DSC07359.JPG,Direct asset URLs may have external backlinks,0,0,0
https://www.gemeinde-merching.de/wp-content/gallery/2024-buergerball/DSC07361.JPG,206,https://www.gemeinde-merching.de/wp-content/gallery/2024-buergerball/DSC07361.JPG,,,image,image/jpeg,2097152,0,,2026-10-10T15:02:41Z,preserve exactly,https://www.gemeinde-merching.de/wp-content/gallery/2024-buergerball/DSC07361.JPG,Direct asset URLs may have external backlinks,0,0,0
https://www.gemeinde-merching.de/wp-content/gallery/2024-buergerball/DSC07362.JPG,206,https://www.gemeinde-merching.de/wp-content/gallery/2024-buergerball/DSC07362.JPG,,,image,image/jpeg,2097152,0,,2026-10-10T15:02:42Z,preserve exactly,https://www.gemeinde-merching.de/wp-content/gallery/2024-buergerball/DSC07362.JPG,Direct asset URLs may have external backlinks,0,0,0
https://www.gemeinde-merching.de/wp-content/gallery/2024-buergerball/DSC07364.JPG,206,https://www.gemeinde-merching.de/wp-content/gallery/2024-buergerball/DSC07364.JPG,,,image,image/jpeg,2097152,0,,2026-10-10T15:02:42Z,preserve exactly,https://www.gemeinde-merching.de/wp-content/gallery/2024-buergerball/DSC07364.JPG,Direct asset URLs may have external backlinks,0,0,0
https://www.gemeinde-merching.de/wp-content/gallery/2024-buergerball/DSC07365.JPG,206,https://www.gemeinde-merching.de/wp-content/gallery/2024-buergerball/DSC07365.JPG,,,image,image/jpeg,2097152,0,,2026-10-10T15:02:43Z,preserve exactly,https://www.gemeinde-merching.de/wp-content/gallery/2024-buergerball/DSC07365.JPG,Direct asset URLs may have external backlinks,0,0,0
https://www.gemeinde-merching.de/wp-content/gallery/2024-buergerball/DSC07366.JPG,206,https://www.gemeinde-merching.de/wp-content/gallery/2024-buergerball/DSC07366.JPG,,,image,image/jpeg,2097152,0,,2026-10-10T15:02:43Z,preserve exactly,https://www.gemeinde-merching.de/wp-content/gallery/2024-buergerball/DSC07366.JPG,Direct asset URLs may have external backlinks,0,0,0
https://www.gemeinde-merching.de/wp-content/gallery/2024-buergerball/DSC07367.JPG,206,https://www.gemeinde-merching.de/wp-content/gallery/2024-buergerball/DSC07367.JPG,,,image,image/jpeg,2097152,0,,2026-10-10T15:02:44Z,preserve exactly,https://www.gemeinde-merching.de/wp-content/gallery/2024-buergerball/DSC07367.JPG,Direct asset URLs may have external backlinks,0,0,0
https://www.gemeinde-merching.de/wp-content/gallery/2024-buergerball/DSC07369.JPG,206,https://www.gemeinde-merching.de/wp-content/gallery/2024-buergerball/DSC07369.JPG,,,image,image/jpeg,2097152,0,,2026-10-10T15:02:45Z,preserve exactly,https://www.gemeinde-merching.de/wp-content/gallery/2024-buergerball/DSC07369.JPG,Direct asset URLs may have external backlinks,0,0,0
https://www.gemeinde-merching.de/wp-content/gallery/2024-buergerball/DSC07370.JPG,206,https://www.gemeinde-merching.de/wp-content/gallery/2024-buergerball/DSC07370.JPG,,,image,image/jpeg,2097152,0,,2026-10-10T15:02:45Z,preserve exactly,https://www.gemeinde-merching.de/wp-content/gallery/2024-buergerball/DSC07370.JPG,Direct asset URLs may have external backlinks,0,0,0
https://www.gemeinde-merching.de/wp-content/gallery/2024-buergerball/DSC07371.JPG,206,https://www.gemeinde-merching.de/wp-content/gallery/2024-buergerball/DSC07371.JPG,,,image,image/jpeg,2097152,0,,2026-10-10T15:02:46Z,preserve exactly,https://www.gemeinde-merching.de/wp-content/gallery/2024-buergerball/DSC07371.JPG,Direct asset URLs may have external backlinks,0,0,0
https://www.gemeinde-merching.de/wp-content/gallery/2024-buergerball/DSC07374.JPG,206,https://www.gemeinde-merching.de/wp-content/gallery/2024-buergerball/DSC07374.JPG,,,image,image/jpeg,2097152,0,,2026-10-10T15:02:46Z,preserve exactly,https://www.gemeinde-merching.de/wp-content/gallery/2024-buergerball/DSC07374.JPG,Direct asset URLs may have external backlinks,0,0,0
https://www.gemeinde-merching.de/wp-content/gallery/2024-buergerball/DSC07382.JPG,206,https://www.gemeinde-merching.de/wp-content/gallery/2024-buergerball/DSC07382.JPG,,,image,image/jpeg,1879585,0,,2026-10-10T15:02:47Z,preserve exactly,https://www.gemeinde-merching.de/wp-content/gallery/2024-buergerball/DSC07382.JPG,Direct asset URLs may have external backlinks,0,0,0
https://www.gemeinde-merching.de/wp-content/gallery/2024-buergerball/DSC07386.JPG,206,https://www.gemeinde-merching.de/wp-content/gallery/2024-buergerball/DSC07386.JPG,,,image,image/jpeg,2097152,0,,2026-10-10T15:02:48Z,preserve exactly,https://www.gemeinde-merching.de/wp-content/gallery/2024-buergerball/DSC07386.JPG,Direct asset URLs may have external backlinks,0,0,0
https://www.gemeinde-merching.de/wp-content/gallery/2024-buergerball/DSC07387.JPG,206,https://www.gemeinde-merching.de/wp-content/gallery/2024-buergerball/DSC07387.JPG,,,image,image/jpeg,2097152,0,,2026-10-10T15:02:48Z,preserve exactly,https://www.gemeinde-merching.de/wp-content/gallery/2024-buergerball/DSC07387.JPG,Direct asset URLs may have external backlinks,0,0,0
https://www.gemeinde-merching.de/wp-content/gallery/2024-buergerball/DSC07388.JPG,206,https://www.gemeinde-merching.de/wp-content/gallery/2024-buergerball/DSC07388.JPG,,,image,image/jpeg,2097152,0,,2026-10-10T15:02:49Z,preserve exactly,https://www.gemeinde-merching.de/wp-content/gallery/2024-buergerball/DSC07388.JPG,Direct asset URLs may have external backlinks,0,0,0
https://www.gemeinde-merching.de/wp-content/gallery/2024-buergerball/DSC07389.JPG,206,https://www.gemeinde-merching.de/wp-content/gallery/2024-buergerball/DSC07389.JPG,,,image,image/jpeg,2097152,0,,2026-10-10T15:02:49Z,preserve exactly,https://www.gemeinde-merching.de/wp-content/gallery/2024-buergerball/DSC07389.JPG,Direct asset URLs may have external backlinks,0,0,0
https://www.gemeinde-merching.de/wp-content/gallery/2024-buergerball/DSC07390.JPG,206,https://www.gemeinde-merching.de/wp-content/gallery/2024-buergerball/DSC07390.JPG,,,image,image/jpeg,2097152,0,,2026-10-10T15:02:50Z,preserve exactly,https://www.gemeinde-merching.de/wp-content/gallery/2024-buergerball/DSC07390.JPG,Direct asset URLs may have external backlinks,0,0,0
https://www.gemeinde-merching.de/wp-content/gallery/2024-buergerball/DSC07393.JPG,206,https://www.gemeinde-merching.de/wp-content/gallery/2024-buergerball/DSC07393.JPG,,,image,image/jpeg,2097152,0,,2026-10-10T15:02:51Z,preserve exactly,https://www.gemeinde-merching.de/wp-content/gallery/2024-buergerball/DSC07393.JPG,Direct asset URLs may have external backlinks,0,0,0
https://www.gemeinde-merching.de/wp-content/gallery/2024-buergerball/DSC07394.JPG,206,https://www.gemeinde-merching.de/wp-content/gallery/2024-buergerball/DSC07394.JPG,,,image,image/jpeg,1952808,0,,2026-10-10T15:02:51Z,preserve exactly,https://www.gemeinde-merching.de/wp-content/gallery/2024-buergerball/DSC07394.JPG,Direct asset URLs may have external backlinks,0,0,0
https://www.gemeinde-merching.de/wp-content/gallery/2024-buergerball/DSC07395.JPG,206,https://www.gemeinde-merching.de/wp-content/gallery/2024-buergerball/DSC07395.JPG,,,image,image/jpeg,2097152,0,,2026-10-10T15:02:52Z,preserve exactly,https://www.gemeinde-merching.de/wp-content/gallery/2024-buergerball/DSC07395.JPG,Direct asset URLs may have external backlinks,0,0,0
https://www.gemeinde-merching.de/wp-content/gallery/2024-buergerball/DSC07398.JPG,206,https://www.gemeinde-merching.de/wp-content/gallery/2024-buergerball/DSC07398.JPG,,,image,image/jpeg,1572584,0,,2026-10-10T15:02:52Z,preserve exactly,https://www.gemeinde-merching.de/wp-content/gallery/2024-buergerball/DSC07398.JPG,Direct asset URLs may have external backlinks,0,0,0
https://www.gemeinde-merching.de/wp-content/gallery/2024-buergerball/DSC07400.JPG,206,https://www.gemeinde-merching.de/wp-content/gallery/2024-buergerball/DSC07400.JPG,,,image,image/jpeg,2018750,0,,2026-10-10T15:02:53Z,preserve exactly,https://www.gemeinde-merching.de/wp-content/gallery/2024-buergerball/DSC07400.JPG,Direct asset URLs may have external backlinks,0,0,0
https://www.gemeinde-merching.de/wp-content/gallery/2024-buergerball/DSC07401.JPG,206,https://www.gemeinde-merching.de/wp-content/gallery/2024-buergerball/DSC07401.JPG,,,image,image/jpeg,2097152,0,,2026-10-10T15:02:54Z,preserve exactly,https://www.gemeinde-merching.de/wp-content/gallery/2024-buergerball/DSC07401.JPG,Direct asset URLs may have external backlinks,0,0,0
https://www.gemeinde-merching.de/wp-content/gallery/2024-buergerball/DSC07404.JPG,206,https://www.gemeinde-merching.de/wp-content/gallery/2024-buergerball/DSC07404.JPG,,,image,image/jpeg,2097152,0,,2026-10-10T15:02:54Z,preserve exactly,https://www.gemeinde-merching.de/wp-content/gallery/2024-buergerball/DSC07404.JPG,Direct asset URLs may have external backlinks,0,0,0
https://www.gemeinde-merching.de/wp-content/gallery/2024-buergerball/DSC07405.JPG,206,https://www.gemeinde-merching.de/wp-content/gallery/2024-buergerball/DSC07405.JPG,,,image,image/jpeg,2097152,0,,2026-10-10T15:02:55Z,preserve exactly,https://www.gemeinde-merching.de/wp-content/gallery/2024-buergerball/DSC07405.JPG,Direct asset URLs may have external backlinks,0,0,0
https://www.gemeinde-merching.de/wp-content/gallery/2024-buergerball/DSC07406.JPG,206,https://www.gemeinde-merching.de/wp-content/gallery/2024-buergerball/DSC07406.JPG,,,image,image/jpeg,2097152,0,,2026-10-10T15:02:55Z,preserve exactly,https://www.gemeinde-merching.de/wp-content/gallery/2024-buergerball/DSC07406.JPG,Direct asset URLs may have external backlinks,0,0,0
https://www.gemeinde-merching.de/wp-content/gallery/2024-buergerball/DSC07407.JPG,206,https://www.gemeinde-merching.de/wp-content/gallery/2024-buergerball/DSC07407.JPG,,,image,image/jpeg,2097152,0,,2026-10-10T15:02:56Z,preserve exactly,https://www.gemeinde-merching.de/wp-content/gallery/2024-buergerball/DSC07407.JPG,Direct asset URLs may have external backlinks,0,0,0
https://www.gemeinde-merching.de/wp-content/gallery/2024-buergerball/DSC07408.JPG,206,https://www.gemeinde-merching.de/wp-content/gallery/2024-buergerball/DSC07408.JPG,,,image,image/jpeg,2097152,0,,2026-10-10T15:02:57Z,preserve exactly,https://www.gemeinde-merching.de/wp-content/gallery/2024-buergerball/DSC07408.JPG,Direct asset URLs may have external backlinks,0,0,0
https://www.gemeinde-merching.de/wp-content/gallery/2024-buergerball/DSC07409.JPG,206,https://www.gemeinde-merching.de/wp-content/gallery/2024-buergerball/DSC07409.JPG,,,image,image/jpeg,2097152,0,,2026-10-10T15:02:57Z,preserve exactly,https://www.gemeinde-merching.de/wp-content/gallery/2024-buergerball/DSC07409.JPG,Direct asset URLs may have external backlinks,0,0,0
https://www.gemeinde-merching.de/wp-content/gallery/2024-buergerball/DSC07410.JPG,206,https://www.gemeinde-merching.de/wp-content/gallery/2024-buergerball/DSC07410.JPG,,,image,image/jpeg,2097152,0,,2026-10-10T15:02:58Z,preserve exactly,https://www.gemeinde-merching.de/wp-content/gallery/2024-buergerball/DSC07410.JPG,Direct asset URLs may have external backlinks,0,0,0
https://www.gemeinde-merching.de/wp-content/gallery/2024-buergerball/DSC07411.JPG,206,https://www.gemeinde-merching.de/wp-content/gallery/2024-buergerball/DSC07411.JPG,,,image,image/jpeg,2097152,0,,2026-10-10T15:02:58Z,preserve exactly,https://www.gemeinde-merching.de/wp-content/gallery/2024-buergerball/DSC07411.JPG,Direct asset URLs may have external backlinks,0,0,0
https://www.gemeinde-merching.de/wp-content/gallery/2024-buergerball/DSC07413.JPG,206,https://www.gemeinde-merching.de/wp-content/gallery/2024-buergerball/DSC07413.JPG,,,image,image/jpeg,2097152,0,,2026-10-10T15:02:59Z,preserve exactly,https://www.gemeinde-merching.de/wp-content/gallery/2024-buergerball/DSC07413.JPG,Direct asset URLs may have external backlinks,0,0,0
https://www.gemeinde-merching.de/wp-content/gallery/2024-buergerball/DSC07415.JPG,206,https://www.gemeinde-merching.de/wp-content/gallery/2024-buergerball/DSC07415.JPG,,,image,image/jpeg,2097152,0,,2026-10-10T15:03:00Z,preserve exactly,https://www.gemeinde-merching.de/wp-content/gallery/2024-buergerball/DSC07415.JPG,Direct asset URLs may have external backlinks,0,0,0
https://www.gemeinde-merching.de/wp-content/gallery/2024-buergerball/DSC07416.JPG,206,https://www.gemeinde-merching.de/wp-content/gallery/2024-buergerball/DSC07416.JPG,,,image,image/jpeg,2097152,0,,2026-10-10T15:03:00Z,preserve exactly,https://www.gemeinde-merching.de/wp-content/gallery/2024-buergerball/DSC07416.JPG,Direct asset URLs may have external backlinks,0,0,0
https://www.gemeinde-merching.de/wp-content/gallery/2024-buergerball/DSC07418.JPG,206,https://www.gemeinde-merching.de/wp-content/gallery/2024-buergerball/DSC07418.JPG,,,image,image/jpeg,2097152,0,,2026-10-10T15:03:01Z,preserve exactly,https://www.gemeinde-merching.de/wp-content/gallery/2024-buergerball/DSC07418.JPG,Direct asset URLs may have external backlinks,0,0,0
https://www.gemeinde-merching.de/wp-content/gallery/2024-buergerball/DSC07419.JPG,206,https://www.gemeinde-merching.de/wp-content/gallery/2024-buergerball/DSC07419.JPG,,,image,image/jpeg,2097152,0,,2026-10-10T15:03:01Z,preserve exactly,https://www.gemeinde-merching.de/wp-content/gallery/2024-buergerball/DSC07419.JPG,Direct asset URLs may have external backlinks,0,0,0
https://www.gemeinde-merching.de/wp-content/gallery/2024-buergerball/DSC07423.JPG,206,https://www.gemeinde-merching.de/wp-content/gallery/2024-buergerball/DSC07423.JPG,,,image,image/jpeg,2097152,0,,2026-10-10T15:03:02Z,preserve exactly,https://www.gemeinde-merching.de/wp-content/gallery/2024-buergerball/DSC07423.JPG,Direct asset URLs may have external backlinks,0,0,0
https://www.gemeinde-merching.de/wp-content/gallery/2024-buergerball/DSC07435.JPG,206,https://www.gemeinde-merching.de/wp-content/gallery/2024-buergerball/DSC07435.JPG,,,image,image/jpeg,2097152,0,,2026-10-10T15:03:03Z,preserve exactly,https://www.gemeinde-merching.de/wp-content/gallery/2024-buergerball/DSC07435.JPG,Direct asset URLs may have external backlinks,0,0,0
https://www.gemeinde-merching.de/wp-content/gallery/2024-buergerball/DSC07438.JPG,206,https://www.gemeinde-merching.de/wp-content/gallery/2024-buergerball/DSC07438.JPG,,,image,image/jpeg,2080666,0,,2026-10-10T15:03:03Z,preserve exactly,https://www.gemeinde-merching.de/wp-content/gallery/2024-buergerball/DSC07438.JPG,Direct asset URLs may have external backlinks,0,0,0
https://www.gemeinde-merching.de/wp-content/gallery/2024-buergerball/DSC07444.JPG,206,https://www.gemeinde-merching.de/wp-content/gallery/2024-buergerball/DSC07444.JPG,,,image,image/jpeg,2097152,0,,2026-10-10T15:03:04Z,preserve exactly,https://www.gemeinde-merching.de/wp-content/gallery/2024-buergerball/DSC07444.JPG,Direct asset URLs may have external backlinks,0,0,0
https://www.gemeinde-merching.de/wp-content/gallery/2024-buergerball/DSC07449.JPG,206,https://www.gemeinde-merching.de/wp-content/gallery/2024-buergerball/DSC07449.JPG,,,image,image/jpeg,2097152,0,,2026-10-10T15:03:04Z,preserve exactly,https://www.gemeinde-merching.de/wp-content/gallery/2024-buergerball/DSC07449.JPG,Direct asset URLs may have external backlinks,0,0,0
https://www.gemeinde-merching.de/wp-content/gallery/2024-buergerball/DSC07450.JPG,206,https://www.gemeinde-merching.de/wp-content/gallery/2024-buergerball/DSC07450.JPG,,,image,image/jpeg,2097152,0,,2026-10-10T15:03:05Z,preserve exactly,https://www.gemeinde-merching.de/wp-content/gallery/2024-buergerball/DSC07450.JPG,Direct asset URLs may have external backlinks,0,0,0
https://www.gemeinde-merching.de/wp-content/gallery/2024-buergerball/DSC07451.JPG,206,https://www.gemeinde-merching.de/wp-content/gallery/2024-buergerball/DSC07451.JPG,,,image,image/jpeg,2097152,0,,2026-10-10T15:03:06Z,preserve exactly,https://www.gemeinde-merching.de/wp-content/gallery/2024-buergerball/DSC07451.JPG,Direct asset URLs may have external backlinks,0,0,0
https://www.gemeinde-merching.de/wp-content/gallery/2024-buergerball/DSC07452.JPG,206,https://www.gemeinde-merching.de/wp-content/gallery/2024-buergerball/DSC07452.JPG,,,image,image/jpeg,2097152,0,,2026-10-10T15:03:06Z,preserve exactly,https://www.gemeinde-merching.de/wp-content/gallery/2024-buergerball/DSC07452.JPG,Direct asset URLs may have external backlinks,0,0,0
https://www.gemeinde-merching.de/wp-content/gallery/2024-buergerball/DSC07453.JPG,206,https://www.gemeinde-merching.de/wp-content/gallery/2024-buergerball/DSC07453.JPG,,,image,image/jpeg,2097152,0,,2026-10-10T15:03:07Z,preserve exactly,https://www.gemeinde-merching.de/wp-content/gallery/2024-buergerball/DSC07453.JPG,Direct asset URLs may have external backlinks,0,0,0
https://www.gemeinde-merching.de/wp-content/gallery/2024-buergerball/DSC07454.JPG,206,https://www.gemeinde-merching.de/wp-content/gallery/2024-buergerball/DSC07454.JPG,,,image,image/jpeg,2097152,0,,2026-10-10T15:03:07Z,preserve exactly,https://www.gemeinde-merching.de/wp-content/gallery/2024-buergerball/DSC07454.JPG,Direct asset URLs may have external backlinks,0,0,0
https://www.gemeinde-merching.de/wp-content/gallery/2024-buergerball/DSC07455.JPG,206,https://www.gemeinde-merching.de/wp-content/gallery/2024-buergerball/DSC07455.JPG,,,image,image/jpeg,2097152,0,,2026-10-10T15:03:08Z,preserve exactly,https://www.gemeinde-merching.de/wp-content/gallery/2024-buergerball/DSC07455.JPG,Direct asset URLs may have external backlinks,0,0,0
https://www.gemeinde-merching.de/wp-content/gallery/2024-buergerball/DSC07456.JPG,206,https://www.gemeinde-merching.de/wp-content/gallery/2024-buergerball/DSC07456.JPG,,,image,image/jpeg,2097152,0,,2026-10-10T15:03:09Z,preserve exactly,https://www.gemeinde-merching.de/wp-content/gallery/2024-buergerball/DSC07456.JPG,Direct asset URLs may have external backlinks,0,0,0
https://www.gemeinde-merching.de/wp-content/gallery/2024-buergerball/DSC07458.JPG,206,https://www.gemeinde-merching.de/wp-content/gallery/2024-buergerball/DSC07458.JPG,,,image,image/jpeg,2097152,0,,2026-10-10T15:03:09Z,preserve exactly,https://www.gemeinde-merching.de/wp-content/gallery/2024-buergerball/DSC07458.JPG,Direct asset URLs may have external backlinks,0,0,0
https://www.gemeinde-merching.de/wp-content/gallery/2024-buergerball/DSC07460.JPG,206,https://www.gemeinde-merching.de/wp-content/gallery/2024-buergerball/DSC07460.JPG,,,image,image/jpeg,2097152,0,,2026-10-10T15:03:10Z,preserve exactly,https://www.gemeinde-merching.de/wp-content/gallery/2024-buergerball/DSC07460.JPG,Direct asset URLs may have external backlinks,0,0,0
https://www.gemeinde-merching.de/wp-content/gallery/2024-buergerball/DSC07461.JPG,206,https://www.gemeinde-merching.de/wp-content/gallery/2024-buergerball/DSC07461.JPG,,,image,image/jpeg,2097152,0,,2026-10-10T15:03:10Z,preserve exactly,https://www.gemeinde-merching.de/wp-content/gallery/2024-buergerball/DSC07461.JPG,Direct asset URLs may have external backlinks,0,0,0
https://www.gemeinde-merching.de/wp-content/gallery/2024-buergerball/DSC07462.JPG,206,https://www.gemeinde-merching.de/wp-content/gallery/2024-buergerball/DSC07462.JPG,,,image,image/jpeg,2097152,0,,2026-10-10T15:03:11Z,preserve exactly,https://www.gemeinde-merching.de/wp-content/gallery/2024-buergerball/DSC07462.JPG,Direct asset URLs may have external backlinks,0,0,0
https://www.gemeinde-merching.de/wp-content/gallery/2024-buergerball/DSC07463.JPG,206,https://www.gemeinde-merching.de/wp-content/gallery/2024-buergerball/DSC07463.JPG,,,image,image/jpeg,2097152,0,,2026-10-10T15:03:12Z,preserve exactly,https://www.gemeinde-merching.de/wp-content/gallery/2024-buergerball/DSC07463.JPG,Direct asset URLs may have external backlinks,0,0,0
https://www.gemeinde-merching.de/wp-content/gallery/2024-buergerball/DSC07464.JPG,206,https://www.gemeinde-merching.de/wp-content/gallery/2024-buergerball/DSC07464.JPG,,,image,image/jpeg,2097152,0,,2026-10-10T15:03:12Z,preserve exactly,https://www.gemeinde-merching.de/wp-content/gallery/2024-buergerball/DSC07464.JPG,Direct asset URLs may have external backlinks,0,0,0
https://www.gemeinde-merching.de/wp-content/gallery/2024-buergerball/DSC07465.JPG,206,https://www.gemeinde-merching.de/wp-content/gallery/2024-buergerball/DSC07465.JPG,,,image,image/jpeg,2097152,0,,2026-10-10T15:03:13Z,preserve exactly,https://www.gemeinde-merching.de/wp-content/gallery/2024-buergerball/DSC07465.JPG,Direct asset URLs may have external backlinks,0,0,0
https://www.gemeinde-merching.de/wp-content/gallery/2024-buergerball/DSC07466.JPG,206,https://www.gemeinde-merching.de/wp-content/gallery/2024-buergerball/DSC07466.JPG,,,image,image/jpeg,2097152,0,,2026-10-10T15:03:13Z,preserve exactly,https://www.gemeinde-merching.de/wp-content/gallery/2024-buergerball/DSC07466.JPG,Direct asset URLs may have external backlinks,0,0,0
https://www.gemeinde-merching.de/wp-content/gallery/2024-buergerball/DSC07467.JPG,206,https://www.gemeinde-merching.de/wp-content/gallery/2024-buergerball/DSC07467.JPG,,,image,image/jpeg,2097152,0,,2026-10-10T15:03:14Z,preserve exactly,https://www.gemeinde-merching.de/wp-content/gallery/2024-buergerball/DSC07467.JPG,Direct asset URLs may have external backlinks,0,0,0
https://www.gemeinde-merching.de/wp-content/gallery/2024-buergerball/DSC07468.JPG,206,https://www.gemeinde-merching.de/wp-content/gallery/2024-buergerball/DSC07468.JPG,,,image,image/jpeg,2097152,0,,2026-10-10T15:03:15Z,preserve exactly,https://www.gemeinde-merching.de/wp-content/gallery/2024-buergerball/DSC07468.JPG,Direct asset URLs may have external backlinks,0,0,0
https://www.gemeinde-merching.de/wp-content/gallery/2024-buergerball/DSC07469.JPG,206,https://www.gemeinde-merching.de/wp-content/gallery/2024-buergerball/DSC07469.JPG,,,image,image/jpeg,2097152,0,,2026-10-10T15:03:15Z,preserve exactly,https://www.gemeinde-merching.de/wp-content/gallery/2024-buergerball/DSC07469.JPG,Direct asset URLs may have external backlinks,0,0,0
https://www.gemeinde-merching.de/wp-content/gallery/2024-buergerball/DSC07470.JPG,206,https://www.gemeinde-merching.de/wp-content/gallery/2024-buergerball/DSC07470.JPG,,,image,image/jpeg,2097152,0,,2026-10-10T15:03:16Z,preserve exactly,https://www.gemeinde-merching.de/wp-content/gallery/2024-buergerball/DSC07470.JPG,Direct asset URLs may have external backlinks,0,0,0
https://www.gemeinde-merching.de/wp-content/gallery/2024-buergerball/DSC07471.JPG,206,https://www.gemeinde-merching.de/wp-content/gallery/2024-buergerball/DSC07471.JPG,,,image,image/jpeg,2097152,0,,2026-10-10T15:03:16Z,preserve exactly,https://www.gemeinde-merching.de/wp-content/gallery/2024-buergerball/DSC07471.JPG,Direct asset URLs may have external backlinks,0,0,0
https://www.gemeinde-merching.de/wp-content/gallery/2024-buergerball/DSC07473.JPG,206,https://www.gemeinde-merching.de/wp-content/gallery/2024-buergerball/DSC07473.JPG,,,image,image/jpeg,2097152,0,,2026-10-10T15:03:17Z,preserve exactly,https://www.gemeinde-merching.de/wp-content/gallery/2024-buergerball/DSC07473.JPG,Direct asset URLs may have external backlinks,0,0,0
https://www.gemeinde-merching.de/wp-content/gallery/2024-buergerball/DSC07476.JPG,206,https://www.gemeinde-merching.de/wp-content/gallery/2024-buergerball/DSC07476.JPG,,,image,image/jpeg,2097152,0,,2026-10-10T15:03:18Z,preserve exactly,https://www.gemeinde-merching.de/wp-content/gallery/2024-buergerball/DSC07476.JPG,Direct asset URLs may have external backlinks,0,0,0
https://www.gemeinde-merching.de/wp-content/gallery/2024-buergerball/DSC07480.JPG,206,https://www.gemeinde-merching.de/wp-content/gallery/2024-buergerball/DSC07480.JPG,,,image,image/jpeg,2097152,0,,2026-10-10T15:03:18Z,preserve exactly,https://www.gemeinde-merching.de/wp-content/gallery/2024-buergerball/DSC07480.JPG,Direct asset URLs may have external backlinks,0,0,0
https://www.gemeinde-merching.de/wp-content/gallery/2024-buergerball/DSC07481.JPG,206,https://www.gemeinde-merching.de/wp-content/gallery/2024-buergerball/DSC07481.JPG,,,image,image/jpeg,2097152,0,,2026-10-10T15:03:19Z,preserve exactly,https://www.gemeinde-merching.de/wp-content/gallery/2024-buergerball/DSC07481.JPG,Direct asset URLs may have external backlinks,0,0,0
https://www.gemeinde-merching.de/wp-content/gallery/2024-buergerball/DSC07482.JPG,206,https://www.gemeinde-merching.de/wp-content/gallery/2024-buergerball/DSC07482.JPG,,,image,image/jpeg,2097152,0,,2026-10-10T15:03:19Z,preserve exactly,https://www.gemeinde-merching.de/wp-content/gallery/2024-buergerball/DSC07482.JPG,Direct asset URLs may have external backlinks,0,0,0
https://www.gemeinde-merching.de/wp-content/gallery/2024-buergerball/DSC07484.JPG,206,https://www.gemeinde-merching.de/wp-content/gallery/2024-buergerball/DSC07484.JPG,,,image,image/jpeg,2097152,0,,2026-10-10T15:03:20Z,preserve exactly,https://www.gemeinde-merching.de/wp-content/gallery/2024-buergerball/DSC07484.JPG,Direct asset URLs may have external backlinks,0,0,0
https://www.gemeinde-merching.de/wp-content/gallery/2024-buergerball/DSC07486.JPG,206,https://www.gemeinde-merching.de/wp-content/gallery/2024-buergerball/DSC07486.JPG,,,image,image/jpeg,2097152,0,,2026-10-10T15:03:21Z,preserve exactly,https://www.gemeinde-merching.de/wp-content/gallery/2024-buergerball/DSC07486.JPG,Direct asset URLs may have external backlinks,0,0,0
https://www.gemeinde-merching.de/wp-content/gallery/2024-buergerball/DSC07488.JPG,206,https://www.gemeinde-merching.de/wp-content/gallery/2024-buergerball/DSC07488.JPG,,,image,image/jpeg,2097152,0,,2026-10-10T15:03:21Z,preserve exactly,https://www.gemeinde-merching.de/wp-content/gallery/2024-buergerball/DSC07488.JPG,Direct asset URLs may have external backlinks,0,0,0
https://www.gemeinde-merching.de/wp-content/gallery/2024-buergerball/DSC07489.JPG,206,https://www.gemeinde-merching.de/wp-content/gallery/2024-buergerball/DSC07489.JPG,,,image,image/jpeg,2097152,0,,2026-10-10T15:03:22Z,preserve exactly,https://www.gemeinde-merching.de/wp-content/gallery/2024-buergerball/DSC07489.JPG,Direct asset URLs may have external backlinks,0,0,0
https://www.gemeinde-merching.de/wp-content/gallery/2024-buergerball/DSC07490.JPG,206,https://www.gemeinde-merching.de/wp-content/gallery/2024-buergerball/DSC07490.JPG,,,image,image/jpeg,2097152,0,,2026-10-10T15:03:22Z,preserve exactly,https://www.gemeinde-merching.de/wp-content/gallery/2024-buergerball/DSC07490.JPG,Direct asset URLs may have external backlinks,0,0,0
https://www.gemeinde-merching.de/wp-content/gallery/2024-buergerball/DSC07491.JPG,206,https://www.gemeinde-merching.de/wp-content/gallery/2024-buergerball/DSC07491.JPG,,,image,image/jpeg,2097152,0,,2026-10-10T15:03:23Z,preserve exactly,https://www.gemeinde-merching.de/wp-content/gallery/2024-buergerball/DSC07491.JPG,Direct asset URLs may have external backlinks,0,0,0
https://www.gemeinde-merching.de/wp-content/gallery/2024-buergerball/DSC07492.JPG,206,https://www.gemeinde-merching.de/wp-content/gallery/2024-buergerball/DSC07492.JPG,,,image,image/jpeg,2097152,0,,2026-10-10T15:03:24Z,preserve exactly,https://www.gemeinde-merching.de/wp-content/gallery/2024-buergerball/DSC07492.JPG,Direct asset URLs may have external backlinks,0,0,0
https://www.gemeinde-merching.de/wp-content/gallery/2024-buergerball/DSC07493.JPG,206,https://www.gemeinde-merching.de/wp-content/gallery/2024-buergerball/DSC07493.JPG,,,image,image/jpeg,2097152,0,,2026-10-10T15:03:24Z,preserve exactly,https://www.gemeinde-merching.de/wp-content/gallery/2024-buergerball/DSC07493.JPG,Direct asset URLs may have external backlinks,0,0,0
https://www.gemeinde-merching.de/wp-content/gallery/2024-buergerball/DSC07494.JPG,206,https://www.gemeinde-merching.de/wp-content/gallery/2024-buergerball/DSC07494.JPG,,,image,image/jpeg,2097152,0,,2026-10-10T15:03:25Z,preserve exactly,https://www.gemeinde-merching.de/wp-content/gallery/2024-buergerball/DSC07494.JPG,Direct asset URLs may have external backlinks,0,0,0
https://www.gemeinde-merching.de/wp-content/gallery/2024-buergerball/DSC07496.JPG,206,https://www.gemeinde-merching.de/wp-content/gallery/2024-buergerball/DSC07496.JPG,,,image,image/jpeg,2097152,0,,2026-10-10T15:03:25Z,preserve exactly,https://www.gemeinde-merching.de/wp-content/gallery/2024-buergerball/DSC07496.JPG,Direct asset URLs may have external backlinks,0,0,0
https://www.gemeinde-merching.de/wp-content/gallery/2024-buergerball/DSC07497.JPG,206,https://www.gemeinde-merching.de/wp-content/gallery/2024-buergerball/DSC07497.JPG,,,image,image/jpeg,2097152,0,,2026-10-10T15:03:26Z,preserve exactly,https://www.gemeinde-merching.de/wp-content/gallery/2024-buergerball/DSC07497.JPG,Direct asset URLs may have external backlinks,0,0,0
https://www.gemeinde-merching.de/wp-content/gallery/2024-buergerball/DSC07502.JPG,206,https://www.gemeinde-merching.de/wp-content/gallery/2024-buergerball/DSC07502.JPG,,,image,image/jpeg,2097152,0,,2026-10-10T15:03:27Z,preserve exactly,https://www.gemeinde-merching.de/wp-content/gallery/2024-buergerball/DSC07502.JPG,Direct asset URLs may have external backlinks,0,0,0
https://www.gemeinde-merching.de/wp-content/gallery/2024-buergerball/DSC07503.JPG,206,https://www.gemeinde-merching.de/wp-content/gallery/2024-buergerball/DSC07503.JPG,,,image,image/jpeg,2097152,0,,2026-10-10T15:03:27Z,preserve exactly,https://www.gemeinde-merching.de/wp-content/gallery/2024-buergerball/DSC07503.JPG,Direct asset URLs may have external backlinks,0,0,0
https://www.gemeinde-merching.de/wp-content/gallery/2024-buergerball/DSC07504.JPG,206,https://www.gemeinde-merching.de/wp-content/gallery/2024-buergerball/DSC07504.JPG,,,image,image/jpeg,2097152,0,,2026-10-10T15:03:28Z,preserve exactly,https://www.gemeinde-merching.de/wp-content/gallery/2024-buergerball/DSC07504.JPG,Direct asset URLs may have external backlinks,0,0,0
https://www.gemeinde-merching.de/wp-content/gallery/2024-buergerball/DSC07505.JPG,206,https://www.gemeinde-merching.de/wp-content/gallery/2024-buergerball/DSC07505.JPG,,,image,image/jpeg,2097152,0,,2026-10-10T15:03:28Z,preserve exactly,https://www.gemeinde-merching.de/wp-content/gallery/2024-buergerball/DSC07505.JPG,Direct asset URLs may have external backlinks,0,0,0
https://www.gemeinde-merching.de/wp-content/gallery/2024-buergerball/DSC07506.JPG,206,https://www.gemeinde-merching.de/wp-content/gallery/2024-buergerball/DSC07506.JPG,,,image,image/jpeg,2097152,0,,2026-10-10T15:03:29Z,preserve exactly,https://www.gemeinde-merching.de/wp-content/gallery/2024-buergerball/DSC07506.JPG,Direct asset URLs may have external backlinks,0,0,0
https://www.gemeinde-merching.de/wp-content/gallery/2024-buergerball/DSC07508.JPG,206,https://www.gemeinde-merching.de/wp-content/gallery/2024-buergerball/DSC07508.JPG,,,image,image/jpeg,2097152,0,,2026-10-10T15:03:30Z,preserve exactly,https://www.gemeinde-merching.de/wp-content/gallery/2024-buergerball/DSC07508.JPG,Direct asset URLs may have external backlinks,0,0,0
https://www.gemeinde-merching.de/wp-content/gallery/2024-buergerball/DSC07521.JPG,206,https://www.gemeinde-merching.de/wp-content/gallery/2024-buergerball/DSC07521.JPG,,,image,image/jpeg,2097152,0,,2026-10-10T15:03:30Z,preserve exactly,https://www.gemeinde-merching.de/wp-content/gallery/2024-buergerball/DSC07521.JPG,Direct asset URLs may have external backlinks,0,0,0
https://www.gemeinde-merching.de/wp-content/gallery/2024-buergerball/DSC07522.JPG,206,https://www.gemeinde-merching.de/wp-content/gallery/2024-buergerball/DSC07522.JPG,,,image,image/jpeg,2097152,0,,2026-10-10T15:03:31Z,preserve exactly,https://www.gemeinde-merching.de/wp-content/gallery/2024-buergerball/DSC07522.JPG,Direct asset URLs may have external backlinks,0,0,0
https://www.gemeinde-merching.de/wp-content/gallery/2024-buergerball/DSC07524.JPG,206,https://www.gemeinde-merching.de/wp-content/gallery/2024-buergerball/DSC07524.JPG,,,image,image/jpeg,2097152,0,,2026-10-10T15:03:31Z,preserve exactly,https://www.gemeinde-merching.de/wp-content/gallery/2024-buergerball/DSC07524.JPG,Direct asset URLs may have external backlinks,0,0,0
https://www.gemeinde-merching.de/wp-content/gallery/2024-buergerball/DSC07525.JPG,206,https://www.gemeinde-merching.de/wp-content/gallery/2024-buergerball/DSC07525.JPG,,,image,image/jpeg,2097152,0,,2026-10-10T15:03:32Z,preserve exactly,https://www.gemeinde-merching.de/wp-content/gallery/2024-buergerball/DSC07525.JPG,Direct asset URLs may have external backlinks,0,0,0
https://www.gemeinde-merching.de/wp-content/gallery/2024-krippenweg/1.jpg,206,https://www.gemeinde-merching.de/wp-content/gallery/2024-krippenweg/1.jpg,,,image,image/jpeg,190561,0,,2026-10-10T15:03:33Z,preserve exactly,https://www.gemeinde-merching.de/wp-content/gallery/2024-krippenweg/1.jpg,Direct asset URLs may have external backlinks,0,0,0
https://www.gemeinde-merching.de/wp-content/gallery/2024-krippenweg/1a.jpg,206,https://www.gemeinde-merching.de/wp-content/gallery/2024-krippenweg/1a.jpg,,,image,image/jpeg,1537264,0,,2026-10-10T15:03:33Z,preserve exactly,https://www.gemeinde-merching.de/wp-content/gallery/2024-krippenweg/1a.jpg,Direct asset URLs may have external backlinks,0,0,0
https://www.gemeinde-merching.de/wp-content/gallery/2024-krippenweg/2.jpg,206,https://www.gemeinde-merching.de/wp-content/gallery/2024-krippenweg/2.jpg,,,image,image/jpeg,1477800,0,,2026-10-10T15:03:34Z,preserve exactly,https://www.gemeinde-merching.de/wp-content/gallery/2024-krippenweg/2.jpg,Direct asset URLs may have external backlinks,0,0,0
https://www.gemeinde-merching.de/wp-content/gallery/2024-krippenweg/20240106_125929-002.jpg,206,https://www.gemeinde-merching.de/wp-content/gallery/2024-krippenweg/20240106_125929-002.jpg,,,image,image/jpeg,207623,0,,2026-10-10T15:03:34Z,preserve exactly,https://www.gemeinde-merching.de/wp-content/gallery/2024-krippenweg/20240106_125929-002.jpg,Direct asset URLs may have external backlinks,0,0,0
https://www.gemeinde-merching.de/wp-content/gallery/2024-krippenweg/20240106_130139.jpg,206,https://www.gemeinde-merching.de/wp-content/gallery/2024-krippenweg/20240106_130139.jpg,,,image,image/jpeg,272330,0,,2026-10-10T15:03:35Z,preserve exactly,https://www.gemeinde-merching.de/wp-content/gallery/2024-krippenweg/20240106_130139.jpg,Direct asset URLs may have external backlinks,0,0,0
https://www.gemeinde-merching.de/wp-content/gallery/2024-krippenweg/20240106_131203.jpg,206,https://www.gemeinde-merching.de/wp-content/gallery/2024-krippenweg/20240106_131203.jpg,,,image,image/jpeg,158946,0,,2026-10-10T15:03:36Z,preserve exactly,https://www.gemeinde-merching.de/wp-content/gallery/2024-krippenweg/20240106_131203.jpg,Direct asset URLs may have external backlinks,0,0,0
https://www.gemeinde-merching.de/wp-content/gallery/2024-krippenweg/20240106_132326.jpg,206,https://www.gemeinde-merching.de/wp-content/gallery/2024-krippenweg/20240106_132326.jpg,,,image,image/jpeg,281041,0,,2026-10-10T15:03:36Z,preserve exactly,https://www.gemeinde-merching.de/wp-content/gallery/2024-krippenweg/20240106_132326.jpg,Direct asset URLs may have external backlinks,0,0,0
https://www.gemeinde-merching.de/wp-content/gallery/2024-krippenweg/20240106_143503.jpg,206,https://www.gemeinde-merching.de/wp-content/gallery/2024-krippenweg/20240106_143503.jpg,,,image,image/jpeg,2097152,0,,2026-10-10T15:03:37Z,preserve exactly,https://www.gemeinde-merching.de/wp-content/gallery/2024-krippenweg/20240106_143503.jpg,Direct asset URLs may have external backlinks,0,0,0
https://www.gemeinde-merching.de/wp-content/gallery/2024-krippenweg/20240106_143634.jpg,206,https://www.gemeinde-merching.de/wp-content/gallery/2024-krippenweg/20240106_143634.jpg,,,image,image/jpeg,82580,0,,2026-10-10T15:03:37Z,preserve exactly,https://www.gemeinde-merching.de/wp-content/gallery/2024-krippenweg/20240106_143634.jpg,Direct asset URLs may have external backlinks,0,0,0
https://www.gemeinde-merching.de/wp-content/gallery/2024-krippenweg/20240106_143920.jpg,206,https://www.gemeinde-merching.de/wp-content/gallery/2024-krippenweg/20240106_143920.jpg,,,image,image/jpeg,2097152,0,,2026-10-10T15:03:38Z,preserve exactly,https://www.gemeinde-merching.de/wp-content/gallery/2024-krippenweg/20240106_143920.jpg,Direct asset URLs may have external backlinks,0,0,0
https://www.gemeinde-merching.de/wp-content/gallery/2024-krippenweg/20240106_144202.jpg,206,https://www.gemeinde-merching.de/wp-content/gallery/2024-krippenweg/20240106_144202.jpg,,,image,image/jpeg,90061,0,,2026-10-10T15:03:39Z,preserve exactly,https://www.gemeinde-merching.de/wp-content/gallery/2024-krippenweg/20240106_144202.jpg,Direct asset URLs may have external backlinks,0,0,0
https://www.gemeinde-merching.de/wp-content/gallery/2024-krippenweg/20240106_144551.jpg,206,https://www.gemeinde-merching.de/wp-content/gallery/2024-krippenweg/20240106_144551.jpg,,,image,image/jpeg,228433,0,,2026-10-10T15:03:39Z,preserve exactly,https://www.gemeinde-merching.de/wp-content/gallery/2024-krippenweg/20240106_144551.jpg,Direct asset URLs may have external backlinks,0,0,0
https://www.gemeinde-merching.de/wp-content/gallery/2024-krippenweg/20240106_144956.jpg,206,https://www.gemeinde-merching.de/wp-content/gallery/2024-krippenweg/20240106_144956.jpg,,,image,image/jpeg,229373,0,,2026-10-10T15:03:40Z,preserve exactly,https://www.gemeinde-merching.de/wp-content/gallery/2024-krippenweg/20240106_144956.jpg,Direct asset URLs may have external backlinks,0,0,0
https://www.gemeinde-merching.de/wp-content/gallery/2024-krippenweg/20240106_145607.jpg,206,https://www.gemeinde-merching.de/wp-content/gallery/2024-krippenweg/20240106_145607.jpg,,,image,image/jpeg,229083,0,,2026-10-10T15:03:40Z,preserve exactly,https://www.gemeinde-merching.de/wp-content/gallery/2024-krippenweg/20240106_145607.jpg,Direct asset URLs may have external backlinks,0,0,0
https://www.gemeinde-merching.de/wp-content/gallery/2024-krippenweg/20240106_145613.jpg,206,https://www.gemeinde-merching.de/wp-content/gallery/2024-krippenweg/20240106_145613.jpg,,,image,image/jpeg,313197,0,,2026-10-10T15:03:41Z,preserve exactly,https://www.gemeinde-merching.de/wp-content/gallery/2024-krippenweg/20240106_145613.jpg,Direct asset URLs may have external backlinks,0,0,0
https://www.gemeinde-merching.de/wp-content/gallery/2024-krippenweg/20240106_145631.jpg,206,https://www.gemeinde-merching.de/wp-content/gallery/2024-krippenweg/20240106_145631.jpg,,,image,image/jpeg,245923,0,,2026-10-10T15:03:42Z,preserve exactly,https://www.gemeinde-merching.de/wp-content/gallery/2024-krippenweg/20240106_145631.jpg,Direct asset URLs may have external backlinks,0,0,0
https://www.gemeinde-merching.de/wp-content/gallery/2024-krippenweg/20240106_145733.jpg,206,https://www.gemeinde-merching.de/wp-content/gallery/2024-krippenweg/20240106_145733.jpg,,,image,image/jpeg,2097152,0,,2026-10-10T15:03:42Z,preserve exactly,https://www.gemeinde-merching.de/wp-content/gallery/2024-krippenweg/20240106_145733.jpg,Direct asset URLs may have external backlinks,0,0,0
https://www.gemeinde-merching.de/wp-content/gallery/2024-krippenweg/20240106_145755.jpg,206,https://www.gemeinde-merching.de/wp-content/gallery/2024-krippenweg/20240106_145755.jpg,,,image,image/jpeg,250302,0,,2026-10-10T15:03:43Z,preserve exactly,https://www.gemeinde-merching.de/wp-content/gallery/2024-krippenweg/20240106_145755.jpg,Direct asset URLs may have external backlinks,0,0,0
https://www.gemeinde-merching.de/wp-content/gallery/2024-krippenweg/20240106_145812.jpg,206,https://www.gemeinde-merching.de/wp-content/gallery/2024-krippenweg/20240106_145812.jpg,,,image,image/jpeg,2097152,0,,2026-10-10T15:03:43Z,preserve exactly,https://www.gemeinde-merching.de/wp-content/gallery/2024-krippenweg/20240106_145812.jpg,Direct asset URLs may have external backlinks,0,0,0
https://www.gemeinde-merching.de/wp-content/gallery/2024-krippenweg/20240106_150209.jpg,206,https://www.gemeinde-merching.de/wp-content/gallery/2024-krippenweg/20240106_150209.jpg,,,image,image/jpeg,244070,0,,2026-10-10T15:03:44Z,preserve exactly,https://www.gemeinde-merching.de/wp-content/gallery/2024-krippenweg/20240106_150209.jpg,Direct asset URLs may have external backlinks,0,0,0
https://www.gemeinde-merching.de/wp-content/gallery/2024-krippenweg/20240106_150651.jpg,206,https://www.gemeinde-merching.de/wp-content/gallery/2024-krippenweg/20240106_150651.jpg,,,image,image/jpeg,2097152,0,,2026-10-10T15:03:45Z,preserve exactly,https://www.gemeinde-merching.de/wp-content/gallery/2024-krippenweg/20240106_150651.jpg,Direct asset URLs may have external backlinks,0,0,0
https://www.gemeinde-merching.de/wp-content/gallery/2024-krippenweg/20240106_151238.jpg,206,https://www.gemeinde-merching.de/wp-content/gallery/2024-krippenweg/20240106_151238.jpg,,,image,image/jpeg,318066,0,,2026-10-10T15:03:45Z,preserve exactly,https://www.gemeinde-merching.de/wp-content/gallery/2024-krippenweg/20240106_151238.jpg,Direct asset URLs may have external backlinks,0,0,0
https://www.gemeinde-merching.de/wp-content/gallery/2024-krippenweg/20240106_151752.jpg,206,https://www.gemeinde-merching.de/wp-content/gallery/2024-krippenweg/20240106_151752.jpg,,,image,image/jpeg,189619,0,,2026-10-10T15:03:46Z,preserve exactly,https://www.gemeinde-merching.de/wp-content/gallery/2024-krippenweg/20240106_151752.jpg,Direct asset URLs may have external backlinks,0,0,0
https://www.gemeinde-merching.de/wp-content/gallery/2024-krippenweg/20240106_152846.jpg,206,https://www.gemeinde-merching.de/wp-content/gallery/2024-krippenweg/20240106_152846.jpg,,,image,image/jpeg,250517,0,,2026-10-10T15:03:46Z,preserve exactly,https://www.gemeinde-merching.de/wp-content/gallery/2024-krippenweg/20240106_152846.jpg,Direct asset URLs may have external backlinks,0,0,0
https://www.gemeinde-merching.de/wp-content/gallery/2024-krippenweg/20240106_153315.jpg,206,https://www.gemeinde-merching.de/wp-content/gallery/2024-krippenweg/20240106_153315.jpg,,,image,image/jpeg,2097152,0,,2026-10-10T15:03:47Z,preserve exactly,https://www.gemeinde-merching.de/wp-content/gallery/2024-krippenweg/20240106_153315.jpg,Direct asset URLs may have external backlinks,0,0,0
https://www.gemeinde-merching.de/wp-content/gallery/2024-krippenweg/20240106_154337.jpg,206,https://www.gemeinde-merching.de/wp-content/gallery/2024-krippenweg/20240106_154337.jpg,,,image,image/jpeg,2097152,0,,2026-10-10T15:03:48Z,preserve exactly,https://www.gemeinde-merching.de/wp-content/gallery/2024-krippenweg/20240106_154337.jpg,Direct asset URLs may have external backlinks,0,0,0
https://www.gemeinde-merching.de/wp-content/gallery/2024-krippenweg/20240106_154756.jpg,206,https://www.gemeinde-merching.de/wp-content/gallery/2024-krippenweg/20240106_154756.jpg,,,image,image/jpeg,289435,0,,2026-10-10T15:03:48Z,preserve exactly,https://www.gemeinde-merching.de/wp-content/gallery/2024-krippenweg/20240106_154756.jpg,Direct asset URLs may have external backlinks,0,0,0
https://www.gemeinde-merching.de/wp-content/gallery/2024-krippenweg/20240106_155536.jpg,206,https://www.gemeinde-merching.de/wp-content/gallery/2024-krippenweg/20240106_155536.jpg,,,image,image/jpeg,253003,0,,2026-10-10T15:03:49Z,preserve exactly,https://www.gemeinde-merching.de/wp-content/gallery/2024-krippenweg/20240106_155536.jpg,Direct asset URLs may have external backlinks,0,0,0
https://www.gemeinde-merching.de/wp-content/gallery/2024-krippenweg/20240106_160205.jpg,206,https://www.gemeinde-merching.de/wp-content/gallery/2024-krippenweg/20240106_160205.jpg,,,image,image/jpeg,1248435,0,,2026-10-10T15:03:49Z,preserve exactly,https://www.gemeinde-merching.de/wp-content/gallery/2024-krippenweg/20240106_160205.jpg,Direct asset URLs may have external backlinks,0,0,0
https://www.gemeinde-merching.de/wp-content/gallery/2024-krippenweg/20240106_160450.jpg,206,https://www.gemeinde-merching.de/wp-content/gallery/2024-krippenweg/20240106_160450.jpg,,,image,image/jpeg,1973194,0,,2026-10-10T15:03:50Z,preserve exactly,https://www.gemeinde-merching.de/wp-content/gallery/2024-krippenweg/20240106_160450.jpg,Direct asset URLs may have external backlinks,0,0,0
https://www.gemeinde-merching.de/wp-content/gallery/2024-krippenweg/20240106_160521.jpg,206,https://www.gemeinde-merching.de/wp-content/gallery/2024-krippenweg/20240106_160521.jpg,,,image,image/jpeg,291757,0,,2026-10-10T15:03:51Z,preserve exactly,https://www.gemeinde-merching.de/wp-content/gallery/2024-krippenweg/20240106_160521.jpg,Direct asset URLs may have external backlinks,0,0,0
https://www.gemeinde-merching.de/wp-content/gallery/2024-krippenweg/20240106_160640.jpg,206,https://www.gemeinde-merching.de/wp-content/gallery/2024-krippenweg/20240106_160640.jpg,,,image,image/jpeg,428220,0,,2026-10-10T15:03:51Z,preserve exactly,https://www.gemeinde-merching.de/wp-content/gallery/2024-krippenweg/20240106_160640.jpg,Direct asset URLs may have external backlinks,0,0,0
https://www.gemeinde-merching.de/wp-content/gallery/2024-krippenweg/20240106_161511.jpg,206,https://www.gemeinde-merching.de/wp-content/gallery/2024-krippenweg/20240106_161511.jpg,,,image,image/jpeg,191952,0,,2026-10-10T15:03:52Z,preserve exactly,https://www.gemeinde-merching.de/wp-content/gallery/2024-krippenweg/20240106_161511.jpg,Direct asset URLs may have external backlinks,0,0,0
https://www.gemeinde-merching.de/wp-content/gallery/2024-krippenweg/3.jpg,206,https://www.gemeinde-merching.de/wp-content/gallery/2024-krippenweg/3.jpg,,,image,image/jpeg,186978,0,,2026-10-10T15:03:52Z,preserve exactly,https://www.gemeinde-merching.de/wp-content/gallery/2024-krippenweg/3.jpg,Direct asset URLs may have external backlinks,0,0,0
https://www.gemeinde-merching.de/wp-content/gallery/2024-krippenweg/4.jpg,206,https://www.gemeinde-merching.de/wp-content/gallery/2024-krippenweg/4.jpg,,,image,image/jpeg,332583,0,,2026-10-10T15:03:53Z,preserve exactly,https://www.gemeinde-merching.de/wp-content/gallery/2024-krippenweg/4.jpg,Direct asset URLs may have external backlinks,0,0,0
https://www.gemeinde-merching.de/wp-content/gallery/2024-krippenweg/5.jpg,206,https://www.gemeinde-merching.de/wp-content/gallery/2024-krippenweg/5.jpg,,,image,image/jpeg,2097152,0,,2026-10-10T15:03:54Z,preserve exactly,https://www.gemeinde-merching.de/wp-content/gallery/2024-krippenweg/5.jpg,Direct asset URLs may have external backlinks,0,0,0
https://www.gemeinde-merching.de/wp-content/gallery/2025-adventsfenster/Fenster-1.JPG,206,https://www.gemeinde-merching.de/wp-content/gallery/2025-adventsfenster/Fenster-1.JPG,,,image,image/jpeg,517779,0,,2026-10-10T15:03:54Z,preserve exactly,https://www.gemeinde-merching.de/wp-content/gallery/2025-adventsfenster/Fenster-1.JPG,Direct asset URLs may have external backlinks,0,0,0
https://www.gemeinde-merching.de/wp-content/gallery/2025-adventsfenster/Fenster-10.JPG,206,https://www.gemeinde-merching.de/wp-content/gallery/2025-adventsfenster/Fenster-10.JPG,,,image,image/jpeg,646306,0,,2026-10-10T15:03:55Z,preserve exactly,https://www.gemeinde-merching.de/wp-content/gallery/2025-adventsfenster/Fenster-10.JPG,Direct asset URLs may have external backlinks,0,0,0
https://www.gemeinde-merching.de/wp-content/gallery/2025-adventsfenster/Fenster-11.JPG,206,https://www.gemeinde-merching.de/wp-content/gallery/2025-adventsfenster/Fenster-11.JPG,,,image,image/jpeg,427753,0,,2026-10-10T15:03:55Z,preserve exactly,https://www.gemeinde-merching.de/wp-content/gallery/2025-adventsfenster/Fenster-11.JPG,Direct asset URLs may have external backlinks,0,0,0
https://www.gemeinde-merching.de/wp-content/gallery/2025-adventsfenster/Fenster-12.JPG,206,https://www.gemeinde-merching.de/wp-content/gallery/2025-adventsfenster/Fenster-12.JPG,,,image,image/jpeg,332296,0,,2026-10-10T15:03:56Z,preserve exactly,https://www.gemeinde-merching.de/wp-content/gallery/2025-adventsfenster/Fenster-12.JPG,Direct asset URLs may have external backlinks,0,0,0
https://www.gemeinde-merching.de/wp-content/gallery/2025-adventsfenster/Fenster-13.JPG,206,https://www.gemeinde-merching.de/wp-content/gallery/2025-adventsfenster/Fenster-13.JPG,,,image,image/jpeg,378235,0,,2026-10-10T15:03:57Z,preserve exactly,https://www.gemeinde-merching.de/wp-content/gallery/2025-adventsfenster/Fenster-13.JPG,Direct asset URLs may have external backlinks,0,0,0
https://www.gemeinde-merching.de/wp-content/gallery/2025-adventsfenster/Fenster-14.JPG,206,https://www.gemeinde-merching.de/wp-content/gallery/2025-adventsfenster/Fenster-14.JPG,,,image,image/jpeg,455924,0,,2026-10-10T15:03:57Z,preserve exactly,https://www.gemeinde-merching.de/wp-content/gallery/2025-adventsfenster/Fenster-14.JPG,Direct asset URLs may have external backlinks,0,0,0
https://www.gemeinde-merching.de/wp-content/gallery/2025-adventsfenster/Fenster-15.JPG,206,https://www.gemeinde-merching.de/wp-content/gallery/2025-adventsfenster/Fenster-15.JPG,,,image,image/jpeg,324974,0,,2026-10-10T15:03:58Z,preserve exactly,https://www.gemeinde-merching.de/wp-content/gallery/2025-adventsfenster/Fenster-15.JPG,Direct asset URLs may have external backlinks,0,0,0
https://www.gemeinde-merching.de/wp-content/gallery/2025-adventsfenster/Fenster-16.JPG,206,https://www.gemeinde-merching.de/wp-content/gallery/2025-adventsfenster/Fenster-16.JPG,,,image,image/jpeg,404729,0,,2026-10-10T15:03:58Z,preserve exactly,https://www.gemeinde-merching.de/wp-content/gallery/2025-adventsfenster/Fenster-16.JPG,Direct asset URLs may have external backlinks,0,0,0
https://www.gemeinde-merching.de/wp-content/gallery/2025-adventsfenster/Fenster-17.JPG,206,https://www.gemeinde-merching.de/wp-content/gallery/2025-adventsfenster/Fenster-17.JPG,,,image,image/jpeg,576340,0,,2026-10-10T15:03:59Z,preserve exactly,https://www.gemeinde-merching.de/wp-content/gallery/2025-adventsfenster/Fenster-17.JPG,Direct asset URLs may have external backlinks,0,0,0
https://www.gemeinde-merching.de/wp-content/gallery/2025-adventsfenster/Fenster-18.JPG,206,https://www.gemeinde-merching.de/wp-content/gallery/2025-adventsfenster/Fenster-18.JPG,,,image,image/jpeg,393507,0,,2026-10-10T15:04:00Z,preserve exactly,https://www.gemeinde-merching.de/wp-content/gallery/2025-adventsfenster/Fenster-18.JPG,Direct asset URLs may have external backlinks,0,0,0
https://www.gemeinde-merching.de/wp-content/gallery/2025-adventsfenster/Fenster-19.JPG,206,https://www.gemeinde-merching.de/wp-content/gallery/2025-adventsfenster/Fenster-19.JPG,,,image,image/jpeg,401231,0,,2026-10-10T15:04:00Z,preserve exactly,https://www.gemeinde-merching.de/wp-content/gallery/2025-adventsfenster/Fenster-19.JPG,Direct asset URLs may have external backlinks,0,0,0
https://www.gemeinde-merching.de/wp-content/gallery/2025-adventsfenster/Fenster-2.JPG,206,https://www.gemeinde-merching.de/wp-content/gallery/2025-adventsfenster/Fenster-2.JPG,,,image,image/jpeg,419161,0,,2026-10-10T15:04:01Z,preserve exactly,https://www.gemeinde-merching.de/wp-content/gallery/2025-adventsfenster/Fenster-2.JPG,Direct asset URLs may have external backlinks,0,0,0
https://www.gemeinde-merching.de/wp-content/gallery/2025-adventsfenster/Fenster-20.JPG,206,https://www.gemeinde-merching.de/wp-content/gallery/2025-adventsfenster/Fenster-20.JPG,,,image,image/jpeg,352615,0,,2026-10-10T15:04:01Z,preserve exactly,https://www.gemeinde-merching.de/wp-content/gallery/2025-adventsfenster/Fenster-20.JPG,Direct asset URLs may have external backlinks,0,0,0
https://www.gemeinde-merching.de/wp-content/gallery/2025-adventsfenster/Fenster-21-Kerzenlichtstunde.JPG,206,https://www.gemeinde-merching.de/wp-content/gallery/2025-adventsfenster/Fenster-21-Kerzenlichtstunde.JPG,,,image,image/jpeg,517398,0,,2026-10-10T15:04:02Z,preserve exactly,https://www.gemeinde-merching.de/wp-content/gallery/2025-adventsfenster/Fenster-21-Kerzenlichtstunde.JPG,Direct asset URLs may have external backlinks,0,0,0
https://www.gemeinde-merching.de/wp-content/gallery/2025-adventsfenster/Fenster-22.JPG,206,https://www.gemeinde-merching.de/wp-content/gallery/2025-adventsfenster/Fenster-22.JPG,,,image,image/jpeg,392336,0,,2026-10-10T15:04:03Z,preserve exactly,https://www.gemeinde-merching.de/wp-content/gallery/2025-adventsfenster/Fenster-22.JPG,Direct asset URLs may have external backlinks,0,0,0
https://www.gemeinde-merching.de/wp-content/gallery/2025-adventsfenster/Fenster-23.JPG,206,https://www.gemeinde-merching.de/wp-content/gallery/2025-adventsfenster/Fenster-23.JPG,,,image,image/jpeg,433362,0,,2026-10-10T15:04:03Z,preserve exactly,https://www.gemeinde-merching.de/wp-content/gallery/2025-adventsfenster/Fenster-23.JPG,Direct asset URLs may have external backlinks,0,0,0
https://www.gemeinde-merching.de/wp-content/gallery/2025-adventsfenster/Fenster-24-Hirtenfeuer.JPG,206,https://www.gemeinde-merching.de/wp-content/gallery/2025-adventsfenster/Fenster-24-Hirtenfeuer.JPG,,,image,image/jpeg,556786,0,,2026-10-10T15:04:04Z,preserve exactly,https://www.gemeinde-merching.de/wp-content/gallery/2025-adventsfenster/Fenster-24-Hirtenfeuer.JPG,Direct asset URLs may have external backlinks,0,0,0
https://www.gemeinde-merching.de/wp-content/gallery/2025-adventsfenster/Fenster-3.JPG,206,https://www.gemeinde-merching.de/wp-content/gallery/2025-adventsfenster/Fenster-3.JPG,,,image,image/jpeg,470457,0,,2026-10-10T15:04:04Z,preserve exactly,https://www.gemeinde-merching.de/wp-content/gallery/2025-adventsfenster/Fenster-3.JPG,Direct asset URLs may have external backlinks,0,0,0
https://www.gemeinde-merching.de/wp-content/gallery/2025-adventsfenster/Fenster-4.JPG,206,https://www.gemeinde-merching.de/wp-content/gallery/2025-adventsfenster/Fenster-4.JPG,,,image,image/jpeg,932104,0,,2026-10-10T15:04:05Z,preserve exactly,https://www.gemeinde-merching.de/wp-content/gallery/2025-adventsfenster/Fenster-4.JPG,Direct asset URLs may have external backlinks,0,0,0
https://www.gemeinde-merching.de/wp-content/gallery/2025-adventsfenster/Fenster-5.JPG,206,https://www.gemeinde-merching.de/wp-content/gallery/2025-adventsfenster/Fenster-5.JPG,,,image,image/jpeg,461251,0,,2026-10-10T15:04:06Z,preserve exactly,https://www.gemeinde-merching.de/wp-content/gallery/2025-adventsfenster/Fenster-5.JPG,Direct asset URLs may have external backlinks,0,0,0
https://www.gemeinde-merching.de/wp-content/gallery/2025-adventsfenster/Fenster-6.JPG,206,https://www.gemeinde-merching.de/wp-content/gallery/2025-adventsfenster/Fenster-6.JPG,,,image,image/jpeg,595383,0,,2026-10-10T15:04:06Z,preserve exactly,https://www.gemeinde-merching.de/wp-content/gallery/2025-adventsfenster/Fenster-6.JPG,Direct asset URLs may have external backlinks,0,0,0
https://www.gemeinde-merching.de/wp-content/gallery/2025-adventsfenster/Fenster-7.JPG,206,https://www.gemeinde-merching.de/wp-content/gallery/2025-adventsfenster/Fenster-7.JPG,,,image,image/jpeg,461791,0,,2026-10-10T15:04:07Z,preserve exactly,https://www.gemeinde-merching.de/wp-content/gallery/2025-adventsfenster/Fenster-7.JPG,Direct asset URLs may have external backlinks,0,0,0
https://www.gemeinde-merching.de/wp-content/gallery/2025-adventsfenster/Fenster-8.JPG,206,https://www.gemeinde-merching.de/wp-content/gallery/2025-adventsfenster/Fenster-8.JPG,,,image,image/jpeg,475351,0,,2026-10-10T15:04:07Z,preserve exactly,https://www.gemeinde-merching.de/wp-content/gallery/2025-adventsfenster/Fenster-8.JPG,Direct asset URLs may have external backlinks,0,0,0
https://www.gemeinde-merching.de/wp-content/gallery/2025-adventsfenster/Fenster-9.JPG,206,https://www.gemeinde-merching.de/wp-content/gallery/2025-adventsfenster/Fenster-9.JPG,,,image,image/jpeg,482201,0,,2026-10-10T15:04:08Z,preserve exactly,https://www.gemeinde-merching.de/wp-content/gallery/2025-adventsfenster/Fenster-9.JPG,Direct asset URLs may have external backlinks,0,0,0
https://www.gemeinde-merching.de/wp-content/gallery/gewerbegebiet-am-lerchenpark/cimg1915.jpg,206,https://www.gemeinde-merching.de/wp-content/gallery/gewerbegebiet-am-lerchenpark/cimg1915.jpg,,,image,image/jpeg,482389,0,,2026-10-10T15:04:09Z,preserve exactly,https://www.gemeinde-merching.de/wp-content/gallery/gewerbegebiet-am-lerchenpark/cimg1915.jpg,Direct asset URLs may have external backlinks,0,0,0
https://www.gemeinde-merching.de/wp-content/gallery/gewerbegebiet-am-lerchenpark/cimg1916.jpg,206,https://www.gemeinde-merching.de/wp-content/gallery/gewerbegebiet-am-lerchenpark/cimg1916.jpg,,,image,image/jpeg,370034,0,,2026-10-10T15:04:09Z,preserve exactly,https://www.gemeinde-merching.de/wp-content/gallery/gewerbegebiet-am-lerchenpark/cimg1916.jpg,Direct asset URLs may have external backlinks,0,0,0
https://www.gemeinde-merching.de/wp-content/gallery/gewerbegebiet-am-lerchenpark/cimg1917.jpg,206,https://www.gemeinde-merching.de/wp-content/gallery/gewerbegebiet-am-lerchenpark/cimg1917.jpg,,,image,image/jpeg,405916,0,,2026-10-10T15:04:10Z,preserve exactly,https://www.gemeinde-merching.de/wp-content/gallery/gewerbegebiet-am-lerchenpark/cimg1917.jpg,Direct asset URLs may have external backlinks,0,0,0
https://www.gemeinde-merching.de/wp-content/gallery/gewerbegebiet-am-lerchenpark/cimg1918.jpg,206,https://www.gemeinde-merching.de/wp-content/gallery/gewerbegebiet-am-lerchenpark/cimg1918.jpg,,,image,image/jpeg,444013,0,,2026-10-10T15:04:10Z,preserve exactly,https://www.gemeinde-merching.de/wp-content/gallery/gewerbegebiet-am-lerchenpark/cimg1918.jpg,Direct asset URLs may have external backlinks,0,0,0
https://www.gemeinde-merching.de/wp-content/gallery/gewerbegebiet-am-lerchenpark/cimg1919.jpg,206,https://www.gemeinde-merching.de/wp-content/gallery/gewerbegebiet-am-lerchenpark/cimg1919.jpg,,,image,image/jpeg,400531,0,,2026-10-10T15:04:11Z,preserve exactly,https://www.gemeinde-merching.de/wp-content/gallery/gewerbegebiet-am-lerchenpark/cimg1919.jpg,Direct asset URLs may have external backlinks,0,0,0
https://www.gemeinde-merching.de/wp-content/gallery/gewerbegebiet-am-lerchenpark/cimg1920.jpg,206,https://www.gemeinde-merching.de/wp-content/gallery/gewerbegebiet-am-lerchenpark/cimg1920.jpg,,,image,image/jpeg,392566,0,,2026-10-10T15:04:12Z,preserve exactly,https://www.gemeinde-merching.de/wp-content/gallery/gewerbegebiet-am-lerchenpark/cimg1920.jpg,Direct asset URLs may have external backlinks,0,0,0
https://www.gemeinde-merching.de/wp-content/gallery/merching/an-der-paar.jpg,206,https://www.gemeinde-merching.de/wp-content/gallery/merching/an-der-paar.jpg,,,image,image/jpeg,287106,0,,2026-10-10T15:04:12Z,preserve exactly,https://www.gemeinde-merching.de/wp-content/gallery/merching/an-der-paar.jpg,Direct asset URLs may have external backlinks,0,0,0
https://www.gemeinde-merching.de/wp-content/gallery/merching/bacherleh-in-steinach.jpg,206,https://www.gemeinde-merching.de/wp-content/gallery/merching/bacherleh-in-steinach.jpg,,,image,image/jpeg,453332,0,,2026-10-10T15:04:13Z,preserve exactly,https://www.gemeinde-merching.de/wp-content/gallery/merching/bacherleh-in-steinach.jpg,Direct asset URLs may have external backlinks,0,0,0
https://www.gemeinde-merching.de/wp-content/gallery/merching/bild-kirche-neu.jpg,206,https://www.gemeinde-merching.de/wp-content/gallery/merching/bild-kirche-neu.jpg,,,image,image/jpeg,348374,0,,2026-10-10T15:04:13Z,preserve exactly,https://www.gemeinde-merching.de/wp-content/gallery/merching/bild-kirche-neu.jpg,Direct asset URLs may have external backlinks,0,0,0
https://www.gemeinde-merching.de/wp-content/gallery/merching/cimg1913.jpg,206,https://www.gemeinde-merching.de/wp-content/gallery/merching/cimg1913.jpg,,,image,image/jpeg,479103,0,,2026-10-10T15:04:14Z,preserve exactly,https://www.gemeinde-merching.de/wp-content/gallery/merching/cimg1913.jpg,Direct asset URLs may have external backlinks,0,0,0
https://www.gemeinde-merching.de/wp-content/gallery/merching/cimg1914.jpg,206,https://www.gemeinde-merching.de/wp-content/gallery/merching/cimg1914.jpg,,,image,image/jpeg,471677,0,,2026-10-10T15:04:15Z,preserve exactly,https://www.gemeinde-merching.de/wp-content/gallery/merching/cimg1914.jpg,Direct asset URLs may have external backlinks,0,0,0
https://www.gemeinde-merching.de/wp-content/gallery/merching/der-bayrische-himmel-ueber-merching.jpg,206,https://www.gemeinde-merching.de/wp-content/gallery/merching/der-bayrische-himmel-ueber-merching.jpg,,,image,image/jpeg,51754,0,,2026-10-10T15:04:15Z,preserve exactly,https://www.gemeinde-merching.de/wp-content/gallery/merching/der-bayrische-himmel-ueber-merching.jpg,Direct asset URLs may have external backlinks,0,0,0
https://www.gemeinde-merching.de/wp-content/gallery/merching/felder-am-ortsrand.jpg,206,https://www.gemeinde-merching.de/wp-content/gallery/merching/felder-am-ortsrand.jpg,,,image,image/jpeg,228601,0,,2026-10-10T15:04:16Z,preserve exactly,https://www.gemeinde-merching.de/wp-content/gallery/merching/felder-am-ortsrand.jpg,Direct asset URLs may have external backlinks,0,0,0
https://www.gemeinde-merching.de/wp-content/gallery/merching/feuerwehr-merching.jpg,206,https://www.gemeinde-merching.de/wp-content/gallery/merching/feuerwehr-merching.jpg,,,image,image/jpeg,361250,0,,2026-10-10T15:04:16Z,preserve exactly,https://www.gemeinde-merching.de/wp-content/gallery/merching/feuerwehr-merching.jpg,Direct asset URLs may have external backlinks,0,0,0
https://www.gemeinde-merching.de/wp-content/gallery/merching/feuerwehrauto-merching.jpg,206,https://www.gemeinde-merching.de/wp-content/gallery/merching/feuerwehrauto-merching.jpg,,,image,image/jpeg,49637,0,,2026-10-10T15:04:17Z,preserve exactly,https://www.gemeinde-merching.de/wp-content/gallery/merching/feuerwehrauto-merching.jpg,Direct asset URLs may have external backlinks,0,0,0
https://www.gemeinde-merching.de/wp-content/gallery/merching/feuerwehrhaus-merching.jpg,206,https://www.gemeinde-merching.de/wp-content/gallery/merching/feuerwehrhaus-merching.jpg,,,image,image/jpeg,85701,0,,2026-10-10T15:04:18Z,preserve exactly,https://www.gemeinde-merching.de/wp-content/gallery/merching/feuerwehrhaus-merching.jpg,Direct asset URLs may have external backlinks,0,0,0
https://www.gemeinde-merching.de/wp-content/gallery/merching/grund-und-mittelschule.jpg,206,https://www.gemeinde-merching.de/wp-content/gallery/merching/grund-und-mittelschule.jpg,,,image,image/jpeg,554287,0,,2026-10-10T15:04:18Z,preserve exactly,https://www.gemeinde-merching.de/wp-content/gallery/merching/grund-und-mittelschule.jpg,Direct asset URLs may have external backlinks,0,0,0
https://www.gemeinde-merching.de/wp-content/gallery/merching/hochdorf.jpg,206,https://www.gemeinde-merching.de/wp-content/gallery/merching/hochdorf.jpg,,,image,image/jpeg,166392,0,,2026-10-10T15:04:19Z,preserve exactly,https://www.gemeinde-merching.de/wp-content/gallery/merching/hochdorf.jpg,Direct asset URLs may have external backlinks,0,0,0
https://www.gemeinde-merching.de/wp-content/gallery/merching/im-ort-merching.jpg,206,https://www.gemeinde-merching.de/wp-content/gallery/merching/im-ort-merching.jpg,,,image,image/jpeg,219788,0,,2026-10-10T15:04:19Z,preserve exactly,https://www.gemeinde-merching.de/wp-content/gallery/merching/im-ort-merching.jpg,Direct asset URLs may have external backlinks,0,0,0
https://www.gemeinde-merching.de/wp-content/gallery/merching/kapelle-st-margaretha011.jpg,206,https://www.gemeinde-merching.de/wp-content/gallery/merching/kapelle-st-margaretha011.jpg,,,image,image/jpeg,567732,0,,2026-10-10T15:04:20Z,preserve exactly,https://www.gemeinde-merching.de/wp-content/gallery/merching/kapelle-st-margaretha011.jpg,Direct asset URLs may have external backlinks,0,0,0
https://www.gemeinde-merching.de/wp-content/gallery/merching/kapelle-und-kreuz008.jpg,206,https://www.gemeinde-merching.de/wp-content/gallery/merching/kapelle-und-kreuz008.jpg,,,image,image/jpeg,643387,0,,2026-10-10T15:04:21Z,preserve exactly,https://www.gemeinde-merching.de/wp-content/gallery/merching/kapelle-und-kreuz008.jpg,Direct asset URLs may have external backlinks,0,0,0
https://www.gemeinde-merching.de/wp-content/gallery/merching/kindergarten.jpg,206,https://www.gemeinde-merching.de/wp-content/gallery/merching/kindergarten.jpg,,,image,image/jpeg,428141,0,,2026-10-10T15:04:21Z,preserve exactly,https://www.gemeinde-merching.de/wp-content/gallery/merching/kindergarten.jpg,Direct asset URLs may have external backlinks,0,0,0
https://www.gemeinde-merching.de/wp-content/gallery/merching/kinderkrippe.jpg,206,https://www.gemeinde-merching.de/wp-content/gallery/merching/kinderkrippe.jpg,,,image,image/jpeg,412910,0,,2026-10-10T15:04:22Z,preserve exactly,https://www.gemeinde-merching.de/wp-content/gallery/merching/kinderkrippe.jpg,Direct asset URLs may have external backlinks,0,0,0
https://www.gemeinde-merching.de/wp-content/gallery/merching/kirche-hochdorf.jpg,206,https://www.gemeinde-merching.de/wp-content/gallery/merching/kirche-hochdorf.jpg,,,image,image/jpeg,111381,0,,2026-10-10T15:04:22Z,preserve exactly,https://www.gemeinde-merching.de/wp-content/gallery/merching/kirche-hochdorf.jpg,Direct asset URLs may have external backlinks,0,0,0
https://www.gemeinde-merching.de/wp-content/gallery/merching/kirche-merching.jpg,206,https://www.gemeinde-merching.de/wp-content/gallery/merching/kirche-merching.jpg,,,image,image/jpeg,51085,0,,2026-10-10T15:04:23Z,preserve exactly,https://www.gemeinde-merching.de/wp-content/gallery/merching/kirche-merching.jpg,Direct asset URLs may have external backlinks,0,0,0
https://www.gemeinde-merching.de/wp-content/gallery/merching/kirche-merching_0.jpg,206,https://www.gemeinde-merching.de/wp-content/gallery/merching/kirche-merching_0.jpg,,,image,image/jpeg,265087,0,,2026-10-10T15:04:24Z,preserve exactly,https://www.gemeinde-merching.de/wp-content/gallery/merching/kirche-merching_0.jpg,Direct asset URLs may have external backlinks,0,0,0
https://www.gemeinde-merching.de/wp-content/gallery/merching/kirche-merching_2.jpg,206,https://www.gemeinde-merching.de/wp-content/gallery/merching/kirche-merching_2.jpg,,,image,image/jpeg,177234,0,,2026-10-10T15:04:24Z,preserve exactly,https://www.gemeinde-merching.de/wp-content/gallery/merching/kirche-merching_2.jpg,Direct asset URLs may have external backlinks,0,0,0
https://www.gemeinde-merching.de/wp-content/gallery/merching/kirche-merching_3.jpg,206,https://www.gemeinde-merching.de/wp-content/gallery/merching/kirche-merching_3.jpg,,,image,image/jpeg,107410,0,,2026-10-10T15:04:25Z,preserve exactly,https://www.gemeinde-merching.de/wp-content/gallery/merching/kirche-merching_3.jpg,Direct asset URLs may have external backlinks,0,0,0
https://www.gemeinde-merching.de/wp-content/gallery/merching/kirche-merching_4.jpg,206,https://www.gemeinde-merching.de/wp-content/gallery/merching/kirche-merching_4.jpg,,,image,image/jpeg,155047,0,,2026-10-10T15:04:25Z,preserve exactly,https://www.gemeinde-merching.de/wp-content/gallery/merching/kirche-merching_4.jpg,Direct asset URLs may have external backlinks,0,0,0
https://www.gemeinde-merching.de/wp-content/gallery/merching/kirche-steinach-001.jpg,206,https://www.gemeinde-merching.de/wp-content/gallery/merching/kirche-steinach-001.jpg,,,image,image/jpeg,490798,0,,2026-10-10T15:04:26Z,preserve exactly,https://www.gemeinde-merching.de/wp-content/gallery/merching/kirche-steinach-001.jpg,Direct asset URLs may have external backlinks,0,0,0
https://www.gemeinde-merching.de/wp-content/gallery/merching/kirche-steinach.jpg,206,https://www.gemeinde-merching.de/wp-content/gallery/merching/kirche-steinach.jpg,,,image,image/jpeg,130969,0,,2026-10-10T15:04:27Z,preserve exactly,https://www.gemeinde-merching.de/wp-content/gallery/merching/kirche-steinach.jpg,Direct asset URLs may have external backlinks,0,0,0
https://www.gemeinde-merching.de/wp-content/gallery/merching/kirchturmuhr-merching.jpg,206,https://www.gemeinde-merching.de/wp-content/gallery/merching/kirchturmuhr-merching.jpg,,,image,image/jpeg,92080,0,,2026-10-10T15:04:27Z,preserve exactly,https://www.gemeinde-merching.de/wp-content/gallery/merching/kirchturmuhr-merching.jpg,Direct asset URLs may have external backlinks,0,0,0
https://www.gemeinde-merching.de/wp-content/gallery/merching/klostergarten.jpg,206,https://www.gemeinde-merching.de/wp-content/gallery/merching/klostergarten.jpg,,,image,image/jpeg,511429,0,,2026-10-10T15:04:28Z,preserve exactly,https://www.gemeinde-merching.de/wp-content/gallery/merching/klostergarten.jpg,Direct asset URLs may have external backlinks,0,0,0
https://www.gemeinde-merching.de/wp-content/gallery/merching/kopie-von-snc000881.jpg,206,https://www.gemeinde-merching.de/wp-content/gallery/merching/kopie-von-snc000881.jpg,,,image,image/jpeg,484055,0,,2026-10-10T15:04:28Z,preserve exactly,https://www.gemeinde-merching.de/wp-content/gallery/merching/kopie-von-snc000881.jpg,Direct asset URLs may have external backlinks,0,0,0
https://www.gemeinde-merching.de/wp-content/gallery/merching/maibaum-merching.jpg,206,https://www.gemeinde-merching.de/wp-content/gallery/merching/maibaum-merching.jpg,,,image,image/jpeg,271391,0,,2026-10-10T15:04:29Z,preserve exactly,https://www.gemeinde-merching.de/wp-content/gallery/merching/maibaum-merching.jpg,Direct asset URLs may have external backlinks,0,0,0
https://www.gemeinde-merching.de/wp-content/gallery/merching/maibaum-steinach.jpg,206,https://www.gemeinde-merching.de/wp-content/gallery/merching/maibaum-steinach.jpg,,,image,image/jpeg,347523,0,,2026-10-10T15:04:30Z,preserve exactly,https://www.gemeinde-merching.de/wp-content/gallery/merching/maibaum-steinach.jpg,Direct asset URLs may have external backlinks,0,0,0
https://www.gemeinde-merching.de/wp-content/gallery/merching/maibaum.jpg,206,https://www.gemeinde-merching.de/wp-content/gallery/merching/maibaum.jpg,,,image,image/jpeg,235674,0,,2026-10-10T15:04:30Z,preserve exactly,https://www.gemeinde-merching.de/wp-content/gallery/merching/maibaum.jpg,Direct asset URLs may have external backlinks,0,0,0
https://www.gemeinde-merching.de/wp-content/gallery/merching/maibaum_0.jpg,206,https://www.gemeinde-merching.de/wp-content/gallery/merching/maibaum_0.jpg,,,image,image/jpeg,323928,0,,2026-10-10T15:04:31Z,preserve exactly,https://www.gemeinde-merching.de/wp-content/gallery/merching/maibaum_0.jpg,Direct asset URLs may have external backlinks,0,0,0
https://www.gemeinde-merching.de/wp-content/gallery/merching/mandicho-stausee_1.jpg,206,https://www.gemeinde-merching.de/wp-content/gallery/merching/mandicho-stausee_1.jpg,,,image,image/jpeg,136721,0,,2026-10-10T15:04:31Z,preserve exactly,https://www.gemeinde-merching.de/wp-content/gallery/merching/mandicho-stausee_1.jpg,Direct asset URLs may have external backlinks,0,0,0
https://www.gemeinde-merching.de/wp-content/gallery/merching/mandicho-stausee_2.jpg,206,https://www.gemeinde-merching.de/wp-content/gallery/merching/mandicho-stausee_2.jpg,,,image,image/jpeg,209026,0,,2026-10-10T15:04:32Z,preserve exactly,https://www.gemeinde-merching.de/wp-content/gallery/merching/mandicho-stausee_2.jpg,Direct asset URLs may have external backlinks,0,0,0
https://www.gemeinde-merching.de/wp-content/gallery/merching/mehrzweckhalle.jpg,206,https://www.gemeinde-merching.de/wp-content/gallery/merching/mehrzweckhalle.jpg,,,image,image/jpeg,347566,0,,2026-10-10T15:04:33Z,preserve exactly,https://www.gemeinde-merching.de/wp-content/gallery/merching/mehrzweckhalle.jpg,Direct asset URLs may have external backlinks,0,0,0
https://www.gemeinde-merching.de/wp-content/gallery/merching/merching2.jpg,206,https://www.gemeinde-merching.de/wp-content/gallery/merching/merching2.jpg,,,image,image/jpeg,191019,0,,2026-10-10T15:04:33Z,preserve exactly,https://www.gemeinde-merching.de/wp-content/gallery/merching/merching2.jpg,Direct asset URLs may have external backlinks,0,0,0
https://www.gemeinde-merching.de/wp-content/gallery/merching/nepomuk.jpg,206,https://www.gemeinde-merching.de/wp-content/gallery/merching/nepomuk.jpg,,,image,image/jpeg,424882,0,,2026-10-10T15:04:34Z,preserve exactly,https://www.gemeinde-merching.de/wp-content/gallery/merching/nepomuk.jpg,Direct asset URLs may have external backlinks,0,0,0
https://www.gemeinde-merching.de/wp-content/gallery/merching/pfarramt-figur.jpg,206,https://www.gemeinde-merching.de/wp-content/gallery/merching/pfarramt-figur.jpg,,,image,image/jpeg,280184,0,,2026-10-10T15:04:34Z,preserve exactly,https://www.gemeinde-merching.de/wp-content/gallery/merching/pfarramt-figur.jpg,Direct asset URLs may have external backlinks,0,0,0
https://www.gemeinde-merching.de/wp-content/gallery/merching/pfarramt.jpg,206,https://www.gemeinde-merching.de/wp-content/gallery/merching/pfarramt.jpg,,,image,image/jpeg,359731,0,,2026-10-10T15:04:35Z,preserve exactly,https://www.gemeinde-merching.de/wp-content/gallery/merching/pfarramt.jpg,Direct asset URLs may have external backlinks,0,0,0
https://www.gemeinde-merching.de/wp-content/gallery/merching/pfarrhof.jpg,206,https://www.gemeinde-merching.de/wp-content/gallery/merching/pfarrhof.jpg,,,image,image/jpeg,521540,0,,2026-10-10T15:04:36Z,preserve exactly,https://www.gemeinde-merching.de/wp-content/gallery/merching/pfarrhof.jpg,Direct asset URLs may have external backlinks,0,0,0
https://www.gemeinde-merching.de/wp-content/gallery/merching/rathaus-merching.jpg,206,https://www.gemeinde-merching.de/wp-content/gallery/merching/rathaus-merching.jpg,,,image,image/jpeg,166103,0,,2026-10-10T15:04:36Z,preserve exactly,https://www.gemeinde-merching.de/wp-content/gallery/merching/rathaus-merching.jpg,Direct asset URLs may have external backlinks,0,0,0
https://www.gemeinde-merching.de/wp-content/gallery/merching/rathaus-merching2.jpg,206,https://www.gemeinde-merching.de/wp-content/gallery/merching/rathaus-merching2.jpg,,,image,image/jpeg,116886,0,,2026-10-10T15:04:37Z,preserve exactly,https://www.gemeinde-merching.de/wp-content/gallery/merching/rathaus-merching2.jpg,Direct asset URLs may have external backlinks,0,0,0
https://www.gemeinde-merching.de/wp-content/gallery/merching/rathaus-merching3.jpg,206,https://www.gemeinde-merching.de/wp-content/gallery/merching/rathaus-merching3.jpg,,,image,image/jpeg,259516,0,,2026-10-10T15:04:37Z,preserve exactly,https://www.gemeinde-merching.de/wp-content/gallery/merching/rathaus-merching3.jpg,Direct asset URLs may have external backlinks,0,0,0
https://www.gemeinde-merching.de/wp-content/gallery/merching/rathaus-merching4.jpg,206,https://www.gemeinde-merching.de/wp-content/gallery/merching/rathaus-merching4.jpg,,,image,image/jpeg,218530,0,,2026-10-10T15:04:38Z,preserve exactly,https://www.gemeinde-merching.de/wp-content/gallery/merching/rathaus-merching4.jpg,Direct asset URLs may have external backlinks,0,0,0
https://www.gemeinde-merching.de/wp-content/gallery/merching/saeule.jpg,206,https://www.gemeinde-merching.de/wp-content/gallery/merching/saeule.jpg,,,image,image/jpeg,201365,0,,2026-10-10T15:04:39Z,preserve exactly,https://www.gemeinde-merching.de/wp-content/gallery/merching/saeule.jpg,Direct asset URLs may have external backlinks,0,0,0
https://www.gemeinde-merching.de/wp-content/gallery/merching/schule-merching.jpg,206,https://www.gemeinde-merching.de/wp-content/gallery/merching/schule-merching.jpg,,,image,image/jpeg,163440,0,,2026-10-10T15:04:39Z,preserve exactly,https://www.gemeinde-merching.de/wp-content/gallery/merching/schule-merching.jpg,Direct asset URLs may have external backlinks,0,0,0
https://www.gemeinde-merching.de/wp-content/gallery/merching/segelboote-am-mandichosee.jpg,206,https://www.gemeinde-merching.de/wp-content/gallery/merching/segelboote-am-mandichosee.jpg,,,image,image/jpeg,129587,0,,2026-10-10T15:04:40Z,preserve exactly,https://www.gemeinde-merching.de/wp-content/gallery/merching/segelboote-am-mandichosee.jpg,Direct asset URLs may have external backlinks,0,0,0
https://www.gemeinde-merching.de/wp-content/gallery/merching/skulptur-im-friedhof.jpg,206,https://www.gemeinde-merching.de/wp-content/gallery/merching/skulptur-im-friedhof.jpg,,,image,image/jpeg,424351,0,,2026-10-10T15:04:40Z,preserve exactly,https://www.gemeinde-merching.de/wp-content/gallery/merching/skulptur-im-friedhof.jpg,Direct asset URLs may have external backlinks,0,0,0
https://www.gemeinde-merching.de/wp-content/gallery/merching/sprudelstein.jpg,206,https://www.gemeinde-merching.de/wp-content/gallery/merching/sprudelstein.jpg,,,image,image/jpeg,516309,0,,2026-10-10T15:04:41Z,preserve exactly,https://www.gemeinde-merching.de/wp-content/gallery/merching/sprudelstein.jpg,Direct asset URLs may have external backlinks,0,0,0
https://www.gemeinde-merching.de/wp-content/gallery/merching/stausee.jpg,206,https://www.gemeinde-merching.de/wp-content/gallery/merching/stausee.jpg,,,image,image/jpeg,174001,0,,2026-10-10T15:04:42Z,preserve exactly,https://www.gemeinde-merching.de/wp-content/gallery/merching/stausee.jpg,Direct asset URLs may have external backlinks,0,0,0
https://www.gemeinde-merching.de/wp-content/gallery/merchinger-advent/w-01.jpg,206,https://www.gemeinde-merching.de/wp-content/gallery/merchinger-advent/w-01.jpg,,,image,image/jpeg,168609,0,,2026-10-10T15:04:42Z,preserve exactly,https://www.gemeinde-merching.de/wp-content/gallery/merchinger-advent/w-01.jpg,Direct asset URLs may have external backlinks,0,0,0
https://www.gemeinde-merching.de/wp-content/gallery/merchinger-advent/w-02.jpg,206,https://www.gemeinde-merching.de/wp-content/gallery/merchinger-advent/w-02.jpg,,,image,image/jpeg,322105,0,,2026-10-10T15:04:43Z,preserve exactly,https://www.gemeinde-merching.de/wp-content/gallery/merchinger-advent/w-02.jpg,Direct asset URLs may have external backlinks,0,0,0
https://www.gemeinde-merching.de/wp-content/gallery/merchinger-advent/w-03.jpg,206,https://www.gemeinde-merching.de/wp-content/gallery/merchinger-advent/w-03.jpg,,,image,image/jpeg,247869,0,,2026-10-10T15:04:43Z,preserve exactly,https://www.gemeinde-merching.de/wp-content/gallery/merchinger-advent/w-03.jpg,Direct asset URLs may have external backlinks,0,0,0
https://www.gemeinde-merching.de/wp-content/gallery/merchinger-advent/w-04.jpg,206,https://www.gemeinde-merching.de/wp-content/gallery/merchinger-advent/w-04.jpg,,,image,image/jpeg,266784,0,,2026-10-10T15:04:44Z,preserve exactly,https://www.gemeinde-merching.de/wp-content/gallery/merchinger-advent/w-04.jpg,Direct asset URLs may have external backlinks,0,0,0
https://www.gemeinde-merching.de/wp-content/gallery/merchinger-advent/w-05.jpg,206,https://www.gemeinde-merching.de/wp-content/gallery/merchinger-advent/w-05.jpg,,,image,image/jpeg,378300,0,,2026-10-10T15:04:45Z,preserve exactly,https://www.gemeinde-merching.de/wp-content/gallery/merchinger-advent/w-05.jpg,Direct asset URLs may have external backlinks,0,0,0
https://www.gemeinde-merching.de/wp-content/gallery/merchinger-advent/w-06.jpg,206,https://www.gemeinde-merching.de/wp-content/gallery/merchinger-advent/w-06.jpg,,,image,image/jpeg,446245,0,,2026-10-10T15:04:45Z,preserve exactly,https://www.gemeinde-merching.de/wp-content/gallery/merchinger-advent/w-06.jpg,Direct asset URLs may have external backlinks,0,0,0
https://www.gemeinde-merching.de/wp-content/gallery/merchinger-advent/w-07.jpg,206,https://www.gemeinde-merching.de/wp-content/gallery/merchinger-advent/w-07.jpg,,,image,image/jpeg,268255,0,,2026-10-10T15:04:46Z,preserve exactly,https://www.gemeinde-merching.de/wp-content/gallery/merchinger-advent/w-07.jpg,Direct asset URLs may have external backlinks,0,0,0
https://www.gemeinde-merching.de/wp-content/gallery/merchinger-advent/w-08.jpg,206,https://www.gemeinde-merching.de/wp-content/gallery/merchinger-advent/w-08.jpg,,,image,image/jpeg,278174,0,,2026-10-10T15:04:46Z,preserve exactly,https://www.gemeinde-merching.de/wp-content/gallery/merchinger-advent/w-08.jpg,Direct asset URLs may have external backlinks,0,0,0
https://www.gemeinde-merching.de/wp-content/gallery/merchinger-advent/w-09.jpg,206,https://www.gemeinde-merching.de/wp-content/gallery/merchinger-advent/w-09.jpg,,,image,image/jpeg,239723,0,,2026-10-10T15:04:47Z,preserve exactly,https://www.gemeinde-merching.de/wp-content/gallery/merchinger-advent/w-09.jpg,Direct asset URLs may have external backlinks,0,0,0
https://www.gemeinde-merching.de/wp-content/gallery/merchinger-advent/w-10.jpg,206,https://www.gemeinde-merching.de/wp-content/gallery/merchinger-advent/w-10.jpg,,,image,image/jpeg,342764,0,,2026-10-10T15:04:48Z,preserve exactly,https://www.gemeinde-merching.de/wp-content/gallery/merchinger-advent/w-10.jpg,Direct asset URLs may have external backlinks,0,0,0
https://www.gemeinde-merching.de/wp-content/gallery/merchinger-advent/w-11.jpg,206,https://www.gemeinde-merching.de/wp-content/gallery/merchinger-advent/w-11.jpg,,,image,image/jpeg,174726,0,,2026-10-10T15:04:48Z,preserve exactly,https://www.gemeinde-merching.de/wp-content/gallery/merchinger-advent/w-11.jpg,Direct asset URLs may have external backlinks,0,0,0
https://www.gemeinde-merching.de/wp-content/gallery/merchinger-advent/w-12.jpg,206,https://www.gemeinde-merching.de/wp-content/gallery/merchinger-advent/w-12.jpg,,,image,image/jpeg,296968,0,,2026-10-10T15:04:49Z,preserve exactly,https://www.gemeinde-merching.de/wp-content/gallery/merchinger-advent/w-12.jpg,Direct asset URLs may have external backlinks,0,0,0
https://www.gemeinde-merching.de/wp-content/gallery/merchinger-advent/w-13.jpg,206,https://www.gemeinde-merching.de/wp-content/gallery/merchinger-advent/w-13.jpg,,,image,image/jpeg,415938,0,,2026-10-10T15:04:49Z,preserve exactly,https://www.gemeinde-merching.de/wp-content/gallery/merchinger-advent/w-13.jpg,Direct asset URLs may have external backlinks,0,0,0
https://www.gemeinde-merching.de/wp-content/gallery/merchinger-advent/w-14.jpg,206,https://www.gemeinde-merching.de/wp-content/gallery/merchinger-advent/w-14.jpg,,,image,image/jpeg,245951,0,,2026-10-10T15:04:50Z,preserve exactly,https://www.gemeinde-merching.de/wp-content/gallery/merchinger-advent/w-14.jpg,Direct asset URLs may have external backlinks,0,0,0
https://www.gemeinde-merching.de/wp-content/gallery/merchinger-advent/w-15.jpg,206,https://www.gemeinde-merching.de/wp-content/gallery/merchinger-advent/w-15.jpg,,,image,image/jpeg,308997,0,,2026-10-10T15:04:51Z,preserve exactly,https://www.gemeinde-merching.de/wp-content/gallery/merchinger-advent/w-15.jpg,Direct asset URLs may have external backlinks,0,0,0
https://www.gemeinde-merching.de/wp-content/gallery/merchinger-advent/w-16.jpg,206,https://www.gemeinde-merching.de/wp-content/gallery/merchinger-advent/w-16.jpg,,,image,image/jpeg,257024,0,,2026-10-10T15:04:51Z,preserve exactly,https://www.gemeinde-merching.de/wp-content/gallery/merchinger-advent/w-16.jpg,Direct asset URLs may have external backlinks,0,0,0
https://www.gemeinde-merching.de/wp-content/gallery/merchinger-advent/w-17.jpg,206,https://www.gemeinde-merching.de/wp-content/gallery/merchinger-advent/w-17.jpg,,,image,image/jpeg,535369,0,,2026-10-10T15:04:52Z,preserve exactly,https://www.gemeinde-merching.de/wp-content/gallery/merchinger-advent/w-17.jpg,Direct asset URLs may have external backlinks,0,0,0
https://www.gemeinde-merching.de/wp-content/gallery/merchinger-advent/w-18.jpg,206,https://www.gemeinde-merching.de/wp-content/gallery/merchinger-advent/w-18.jpg,,,image,image/jpeg,318353,0,,2026-10-10T15:04:52Z,preserve exactly,https://www.gemeinde-merching.de/wp-content/gallery/merchinger-advent/w-18.jpg,Direct asset URLs may have external backlinks,0,0,0
https://www.gemeinde-merching.de/wp-content/gallery/merchinger-advent/w-19.jpg,206,https://www.gemeinde-merching.de/wp-content/gallery/merchinger-advent/w-19.jpg,,,image,image/jpeg,307746,0,,2026-10-10T15:04:53Z,preserve exactly,https://www.gemeinde-merching.de/wp-content/gallery/merchinger-advent/w-19.jpg,Direct asset URLs may have external backlinks,0,0,0
https://www.gemeinde-merching.de/wp-content/gallery/merchinger-advent/w-20.jpg,206,https://www.gemeinde-merching.de/wp-content/gallery/merchinger-advent/w-20.jpg,,,image,image/jpeg,206792,0,,2026-10-10T15:04:54Z,preserve exactly,https://www.gemeinde-merching.de/wp-content/gallery/merchinger-advent/w-20.jpg,Direct asset URLs may have external backlinks,0,0,0
https://www.gemeinde-merching.de/wp-content/gallery/merchinger-advent/w-21.jpg,206,https://www.gemeinde-merching.de/wp-content/gallery/merchinger-advent/w-21.jpg,,,image,image/jpeg,294346,0,,2026-10-10T15:04:54Z,preserve exactly,https://www.gemeinde-merching.de/wp-content/gallery/merchinger-advent/w-21.jpg,Direct asset URLs may have external backlinks,0,0,0
https://www.gemeinde-merching.de/wp-content/gallery/merchinger-advent/w-22.jpg,206,https://www.gemeinde-merching.de/wp-content/gallery/merchinger-advent/w-22.jpg,,,image,image/jpeg,336881,0,,2026-10-10T15:04:55Z,preserve exactly,https://www.gemeinde-merching.de/wp-content/gallery/merchinger-advent/w-22.jpg,Direct asset URLs may have external backlinks,0,0,0
https://www.gemeinde-merching.de/wp-content/gallery/merchinger-advent/w-23.jpg,206,https://www.gemeinde-merching.de/wp-content/gallery/merchinger-advent/w-23.jpg,,,image,image/jpeg,141718,0,,2026-10-10T15:04:55Z,preserve exactly,https://www.gemeinde-merching.de/wp-content/gallery/merchinger-advent/w-23.jpg,Direct asset URLs may have external backlinks,0,0,0
https://www.gemeinde-merching.de/wp-content/gallery/merchinger-advent/w-24.jpg,206,https://www.gemeinde-merching.de/wp-content/gallery/merchinger-advent/w-24.jpg,,,image,image/jpeg,266583,0,,2026-10-10T15:04:56Z,preserve exactly,https://www.gemeinde-merching.de/wp-content/gallery/merchinger-advent/w-24.jpg,Direct asset URLs may have external backlinks,0,0,0
https://www.gemeinde-merching.de/wp-content/gallery/merchinger-advent/w-25.jpg,206,https://www.gemeinde-merching.de/wp-content/gallery/merchinger-advent/w-25.jpg,,,image,image/jpeg,377157,0,,2026-10-10T15:04:57Z,preserve exactly,https://www.gemeinde-merching.de/wp-content/gallery/merchinger-advent/w-25.jpg,Direct asset URLs may have external backlinks,0,0,0
https://www.gemeinde-merching.de/wp-content/gallery/merchinger-advent/w-26.jpg,206,https://www.gemeinde-merching.de/wp-content/gallery/merchinger-advent/w-26.jpg,,,image,image/jpeg,300463,0,,2026-10-10T15:04:57Z,preserve exactly,https://www.gemeinde-merching.de/wp-content/gallery/merchinger-advent/w-26.jpg,Direct asset URLs may have external backlinks,0,0,0
https://www.gemeinde-merching.de/wp-content/gallery/merchinger-advent/w-27.jpg,206,https://www.gemeinde-merching.de/wp-content/gallery/merchinger-advent/w-27.jpg,,,image,image/jpeg,388928,0,,2026-10-10T15:04:58Z,preserve exactly,https://www.gemeinde-merching.de/wp-content/gallery/merchinger-advent/w-27.jpg,Direct asset URLs may have external backlinks,0,0,0
https://www.gemeinde-merching.de/wp-content/gallery/merchinger-advent/w-28.jpg,206,https://www.gemeinde-merching.de/wp-content/gallery/merchinger-advent/w-28.jpg,,,image,image/jpeg,251579,0,,2026-10-10T15:04:58Z,preserve exactly,https://www.gemeinde-merching.de/wp-content/gallery/merchinger-advent/w-28.jpg,Direct asset URLs may have external backlinks,0,0,0
https://www.gemeinde-merching.de/wp-content/gallery/merchinger-advent/w-29.jpg,206,https://www.gemeinde-merching.de/wp-content/gallery/merchinger-advent/w-29.jpg,,,image,image/jpeg,305010,0,,2026-10-10T15:04:59Z,preserve exactly,https://www.gemeinde-merching.de/wp-content/gallery/merchinger-advent/w-29.jpg,Direct asset URLs may have external backlinks,0,0,0
https://www.gemeinde-merching.de/wp-content/gallery/merchinger-advent/w-30.jpg,206,https://www.gemeinde-merching.de/wp-content/gallery/merchinger-advent/w-30.jpg,,,image,image/jpeg,521617,0,,2026-10-10T15:05:00Z,preserve exactly,https://www.gemeinde-merching.de/wp-content/gallery/merchinger-advent/w-30.jpg,Direct asset URLs may have external backlinks,0,0,0
https://www.gemeinde-merching.de/wp-content/gallery/merchinger-advent/w-31.jpg,206,https://www.gemeinde-merching.de/wp-content/gallery/merchinger-advent/w-31.jpg,,,image,image/jpeg,247335,0,,2026-10-10T15:05:00Z,preserve exactly,https://www.gemeinde-merching.de/wp-content/gallery/merchinger-advent/w-31.jpg,Direct asset URLs may have external backlinks,0,0,0
https://www.gemeinde-merching.de/wp-content/gallery/merchinger-advent/w-32.jpg,206,https://www.gemeinde-merching.de/wp-content/gallery/merchinger-advent/w-32.jpg,,,image,image/jpeg,418270,0,,2026-10-10T15:05:01Z,preserve exactly,https://www.gemeinde-merching.de/wp-content/gallery/merchinger-advent/w-32.jpg,Direct asset URLs may have external backlinks,0,0,0
https://www.gemeinde-merching.de/wp-content/gallery/merchinger-advent/w-33.jpg,206,https://www.gemeinde-merching.de/wp-content/gallery/merchinger-advent/w-33.jpg,,,image,image/jpeg,547596,0,,2026-10-10T15:05:01Z,preserve exactly,https://www.gemeinde-merching.de/wp-content/gallery/merchinger-advent/w-33.jpg,Direct asset URLs may have external backlinks,0,0,0
https://www.gemeinde-merching.de/wp-content/gallery/merchinger-advent/w-34.jpg,206,https://www.gemeinde-merching.de/wp-content/gallery/merchinger-advent/w-34.jpg,,,image,image/jpeg,291007,0,,2026-10-10T15:05:02Z,preserve exactly,https://www.gemeinde-merching.de/wp-content/gallery/merchinger-advent/w-34.jpg,Direct asset URLs may have external backlinks,0,0,0
https://www.gemeinde-merching.de/wp-content/gallery/merchinger-advent/w-35.jpg,206,https://www.gemeinde-merching.de/wp-content/gallery/merchinger-advent/w-35.jpg,,,image,image/jpeg,259148,0,,2026-10-10T15:05:03Z,preserve exactly,https://www.gemeinde-merching.de/wp-content/gallery/merchinger-advent/w-35.jpg,Direct asset URLs may have external backlinks,0,0,0
https://www.gemeinde-merching.de/wp-content/gallery/merchinger-advent/w-36.jpg,206,https://www.gemeinde-merching.de/wp-content/gallery/merchinger-advent/w-36.jpg,,,image,image/jpeg,311377,0,,2026-10-10T15:05:03Z,preserve exactly,https://www.gemeinde-merching.de/wp-content/gallery/merchinger-advent/w-36.jpg,Direct asset URLs may have external backlinks,0,0,0
https://www.gemeinde-merching.de/wp-content/gallery/merchinger-advent/w-37.jpg,206,https://www.gemeinde-merching.de/wp-content/gallery/merchinger-advent/w-37.jpg,,,image,image/jpeg,565156,0,,2026-10-10T15:05:04Z,preserve exactly,https://www.gemeinde-merching.de/wp-content/gallery/merchinger-advent/w-37.jpg,Direct asset URLs may have external backlinks,0,0,0
https://www.gemeinde-merching.de/wp-content/gallery/merchinger-advent/w-38.jpg,206,https://www.gemeinde-merching.de/wp-content/gallery/merchinger-advent/w-38.jpg,,,image,image/jpeg,472395,0,,2026-10-10T15:05:04Z,preserve exactly,https://www.gemeinde-merching.de/wp-content/gallery/merchinger-advent/w-38.jpg,Direct asset URLs may have external backlinks,0,0,0
https://www.gemeinde-merching.de/wp-content/gallery/merchinger-advent/w-39.jpg,206,https://www.gemeinde-merching.de/wp-content/gallery/merchinger-advent/w-39.jpg,,,image,image/jpeg,189648,0,,2026-10-10T15:05:05Z,preserve exactly,https://www.gemeinde-merching.de/wp-content/gallery/merchinger-advent/w-39.jpg,Direct asset URLs may have external backlinks,0,0,0
https://www.gemeinde-merching.de/wp-content/gallery/merchinger-advent/w-40.jpg,206,https://www.gemeinde-merching.de/wp-content/gallery/merchinger-advent/w-40.jpg,,,image,image/jpeg,356230,0,,2026-10-10T15:05:06Z,preserve exactly,https://www.gemeinde-merching.de/wp-content/gallery/merchinger-advent/w-40.jpg,Direct asset URLs may have external backlinks,0,0,0
https://www.gemeinde-merching.de/wp-content/gallery/merchinger-advent/w-41.jpg,206,https://www.gemeinde-merching.de/wp-content/gallery/merchinger-advent/w-41.jpg,,,image,image/jpeg,334926,0,,2026-10-10T15:05:06Z,preserve exactly,https://www.gemeinde-merching.de/wp-content/gallery/merchinger-advent/w-41.jpg,Direct asset URLs may have external backlinks,0,0,0
https://www.gemeinde-merching.de/wp-content/gallery/merchinger-advent/w-42.jpg,206,https://www.gemeinde-merching.de/wp-content/gallery/merchinger-advent/w-42.jpg,,,image,image/jpeg,278178,0,,2026-10-10T15:05:07Z,preserve exactly,https://www.gemeinde-merching.de/wp-content/gallery/merchinger-advent/w-42.jpg,Direct asset URLs may have external backlinks,0,0,0
https://www.gemeinde-merching.de/wp-content/gallery/merchinger-advent/w-43.jpg,206,https://www.gemeinde-merching.de/wp-content/gallery/merchinger-advent/w-43.jpg,,,image,image/jpeg,279299,0,,2026-10-10T15:05:07Z,preserve exactly,https://www.gemeinde-merching.de/wp-content/gallery/merchinger-advent/w-43.jpg,Direct asset URLs may have external backlinks,0,0,0
https://www.gemeinde-merching.de/wp-content/gallery/merchinger-advent/w-44.jpg,206,https://www.gemeinde-merching.de/wp-content/gallery/merchinger-advent/w-44.jpg,,,image,image/jpeg,384151,0,,2026-10-10T15:05:08Z,preserve exactly,https://www.gemeinde-merching.de/wp-content/gallery/merchinger-advent/w-44.jpg,Direct asset URLs may have external backlinks,0,0,0
https://www.gemeinde-merching.de/wp-content/gallery/merchinger-advent/w-45.jpg,206,https://www.gemeinde-merching.de/wp-content/gallery/merchinger-advent/w-45.jpg,,,image,image/jpeg,201066,0,,2026-10-10T15:05:09Z,preserve exactly,https://www.gemeinde-merching.de/wp-content/gallery/merchinger-advent/w-45.jpg,Direct asset URLs may have external backlinks,0,0,0
https://www.gemeinde-merching.de/wp-content/gallery/naherholungsgebiet-mandichosee/merching_mandichosee_1.jpg,206,https://www.gemeinde-merching.de/wp-content/gallery/naherholungsgebiet-mandichosee/merching_mandichosee_1.jpg,,,image,image/jpeg,137848,0,,2026-10-10T15:05:09Z,preserve exactly,https://www.gemeinde-merching.de/wp-content/gallery/naherholungsgebiet-mandichosee/merching_mandichosee_1.jpg,Direct asset URLs may have external backlinks,0,0,0
https://www.gemeinde-merching.de/wp-content/gallery/naherholungsgebiet-mandichosee/merching_mandichosee_10.jpg,206,https://www.gemeinde-merching.de/wp-content/gallery/naherholungsgebiet-mandichosee/merching_mandichosee_10.jpg,,,image,image/jpeg,77992,0,,2026-10-10T15:05:10Z,preserve exactly,https://www.gemeinde-merching.de/wp-content/gallery/naherholungsgebiet-mandichosee/merching_mandichosee_10.jpg,Direct asset URLs may have external backlinks,0,0,0
https://www.gemeinde-merching.de/wp-content/gallery/naherholungsgebiet-mandichosee/merching_mandichosee_11.jpg,206,https://www.gemeinde-merching.de/wp-content/gallery/naherholungsgebiet-mandichosee/merching_mandichosee_11.jpg,,,image,image/jpeg,93800,0,,2026-10-10T15:05:10Z,preserve exactly,https://www.gemeinde-merching.de/wp-content/gallery/naherholungsgebiet-mandichosee/merching_mandichosee_11.jpg,Direct asset URLs may have external backlinks,0,0,0
https://www.gemeinde-merching.de/wp-content/gallery/naherholungsgebiet-mandichosee/merching_mandichosee_12.jpg,206,https://www.gemeinde-merching.de/wp-content/gallery/naherholungsgebiet-mandichosee/merching_mandichosee_12.jpg,,,image,image/jpeg,93534,0,,2026-10-10T15:05:11Z,preserve exactly,https://www.gemeinde-merching.de/wp-content/gallery/naherholungsgebiet-mandichosee/merching_mandichosee_12.jpg,Direct asset URLs may have external backlinks,0,0,0
https://www.gemeinde-merching.de/wp-content/gallery/naherholungsgebiet-mandichosee/merching_mandichosee_13.jpg,206,https://www.gemeinde-merching.de/wp-content/gallery/naherholungsgebiet-mandichosee/merching_mandichosee_13.jpg,,,image,image/jpeg,98340,0,,2026-10-10T15:05:12Z,preserve exactly,https://www.gemeinde-merching.de/wp-content/gallery/naherholungsgebiet-mandichosee/merching_mandichosee_13.jpg,Direct asset URLs may have external backlinks,0,0,0
https://www.gemeinde-merching.de/wp-content/gallery/naherholungsgebiet-mandichosee/merching_mandichosee_14.jpg,206,https://www.gemeinde-merching.de/wp-content/gallery/naherholungsgebiet-mandichosee/merching_mandichosee_14.jpg,,,image,image/jpeg,142285,0,,2026-10-10T15:05:12Z,preserve exactly,https://www.gemeinde-merching.de/wp-content/gallery/naherholungsgebiet-mandichosee/merching_mandichosee_14.jpg,Direct asset URLs may have external backlinks,0,0,0
https://www.gemeinde-merching.de/wp-content/gallery/naherholungsgebiet-mandichosee/merching_mandichosee_15.jpg,206,https://www.gemeinde-merching.de/wp-content/gallery/naherholungsgebiet-mandichosee/merching_mandichosee_15.jpg,,,image,image/jpeg,131164,0,,2026-10-10T15:05:13Z,preserve exactly,https://www.gemeinde-merching.de/wp-content/gallery/naherholungsgebiet-mandichosee/merching_mandichosee_15.jpg,Direct asset URLs may have external backlinks,0,0,0
https://www.gemeinde-merching.de/wp-content/gallery/naherholungsgebiet-mandichosee/merching_mandichosee_16.jpg,206,https://www.gemeinde-merching.de/wp-content/gallery/naherholungsgebiet-mandichosee/merching_mandichosee_16.jpg,,,image,image/jpeg,93292,0,,2026-10-10T15:05:13Z,preserve exactly,https://www.gemeinde-merching.de/wp-content/gallery/naherholungsgebiet-mandichosee/merching_mandichosee_16.jpg,Direct asset URLs may have external backlinks,0,0,0
https://www.gemeinde-merching.de/wp-content/gallery/naherholungsgebiet-mandichosee/merching_mandichosee_17.jpg,206,https://www.gemeinde-merching.de/wp-content/gallery/naherholungsgebiet-mandichosee/merching_mandichosee_17.jpg,,,image,image/jpeg,162018,0,,2026-10-10T15:05:14Z,preserve exactly,https://www.gemeinde-merching.de/wp-content/gallery/naherholungsgebiet-mandichosee/merching_mandichosee_17.jpg,Direct asset URLs may have external backlinks,0,0,0
https://www.gemeinde-merching.de/wp-content/gallery/naherholungsgebiet-mandichosee/merching_mandichosee_18.jpg,206,https://www.gemeinde-merching.de/wp-content/gallery/naherholungsgebiet-mandichosee/merching_mandichosee_18.jpg,,,image,image/jpeg,104661,0,,2026-10-10T15:05:15Z,preserve exactly,https://www.gemeinde-merching.de/wp-content/gallery/naherholungsgebiet-mandichosee/merching_mandichosee_18.jpg,Direct asset URLs may have external backlinks,0,0,0
https://www.gemeinde-merching.de/wp-content/gallery/naherholungsgebiet-mandichosee/merching_mandichosee_19.jpg,206,https://www.gemeinde-merching.de/wp-content/gallery/naherholungsgebiet-mandichosee/merching_mandichosee_19.jpg,,,image,image/jpeg,156997,0,,2026-10-10T15:05:15Z,preserve exactly,https://www.gemeinde-merching.de/wp-content/gallery/naherholungsgebiet-mandichosee/merching_mandichosee_19.jpg,Direct asset URLs may have external backlinks,0,0,0
https://www.gemeinde-merching.de/wp-content/gallery/naherholungsgebiet-mandichosee/merching_mandichosee_2.jpg,206,https://www.gemeinde-merching.de/wp-content/gallery/naherholungsgebiet-mandichosee/merching_mandichosee_2.jpg,,,image,image/jpeg,131198,0,,2026-10-10T15:05:16Z,preserve exactly,https://www.gemeinde-merching.de/wp-content/gallery/naherholungsgebiet-mandichosee/merching_mandichosee_2.jpg,Direct asset URLs may have external backlinks,0,0,0
https://www.gemeinde-merching.de/wp-content/gallery/naherholungsgebiet-mandichosee/merching_mandichosee_20.jpg,206,https://www.gemeinde-merching.de/wp-content/gallery/naherholungsgebiet-mandichosee/merching_mandichosee_20.jpg,,,image,image/jpeg,105257,0,,2026-10-10T15:05:16Z,preserve exactly,https://www.gemeinde-merching.de/wp-content/gallery/naherholungsgebiet-mandichosee/merching_mandichosee_20.jpg,Direct asset URLs may have external backlinks,0,0,0
https://www.gemeinde-merching.de/wp-content/gallery/naherholungsgebiet-mandichosee/merching_mandichosee_3.jpg,206,https://www.gemeinde-merching.de/wp-content/gallery/naherholungsgebiet-mandichosee/merching_mandichosee_3.jpg,,,image,image/jpeg,124377,0,,2026-10-10T15:05:17Z,preserve exactly,https://www.gemeinde-merching.de/wp-content/gallery/naherholungsgebiet-mandichosee/merching_mandichosee_3.jpg,Direct asset URLs may have external backlinks,0,0,0
https://www.gemeinde-merching.de/wp-content/gallery/naherholungsgebiet-mandichosee/merching_mandichosee_4.jpg,206,https://www.gemeinde-merching.de/wp-content/gallery/naherholungsgebiet-mandichosee/merching_mandichosee_4.jpg,,,image,image/jpeg,55504,0,,2026-10-10T15:05:18Z,preserve exactly,https://www.gemeinde-merching.de/wp-content/gallery/naherholungsgebiet-mandichosee/merching_mandichosee_4.jpg,Direct asset URLs may have external backlinks,0,0,0
https://www.gemeinde-merching.de/wp-content/gallery/naherholungsgebiet-mandichosee/merching_mandichosee_5.jpg,206,https://www.gemeinde-merching.de/wp-content/gallery/naherholungsgebiet-mandichosee/merching_mandichosee_5.jpg,,,image,image/jpeg,133244,0,,2026-10-10T15:05:18Z,preserve exactly,https://www.gemeinde-merching.de/wp-content/gallery/naherholungsgebiet-mandichosee/merching_mandichosee_5.jpg,Direct asset URLs may have external backlinks,0,0,0
https://www.gemeinde-merching.de/wp-content/gallery/naherholungsgebiet-mandichosee/merching_mandichosee_6.jpg,206,https://www.gemeinde-merching.de/wp-content/gallery/naherholungsgebiet-mandichosee/merching_mandichosee_6.jpg,,,image,image/jpeg,63771,0,,2026-10-10T15:05:19Z,preserve exactly,https://www.gemeinde-merching.de/wp-content/gallery/naherholungsgebiet-mandichosee/merching_mandichosee_6.jpg,Direct asset URLs may have external backlinks,0,0,0
https://www.gemeinde-merching.de/wp-content/gallery/naherholungsgebiet-mandichosee/merching_mandichosee_7.jpg,206,https://www.gemeinde-merching.de/wp-content/gallery/naherholungsgebiet-mandichosee/merching_mandichosee_7.jpg,,,image,image/jpeg,82334,0,,2026-10-10T15:05:19Z,preserve exactly,https://www.gemeinde-merching.de/wp-content/gallery/naherholungsgebiet-mandichosee/merching_mandichosee_7.jpg,Direct asset URLs may have external backlinks,0,0,0
https://www.gemeinde-merching.de/wp-content/gallery/naherholungsgebiet-mandichosee/merching_mandichosee_8.jpg,206,https://www.gemeinde-merching.de/wp-content/gallery/naherholungsgebiet-mandichosee/merching_mandichosee_8.jpg,,,image,image/jpeg,99787,0,,2026-10-10T15:05:20Z,preserve exactly,https://www.gemeinde-merching.de/wp-content/gallery/naherholungsgebiet-mandichosee/merching_mandichosee_8.jpg,Direct asset URLs may have external backlinks,0,0,0
https://www.gemeinde-merching.de/wp-content/gallery/naherholungsgebiet-mandichosee/merching_mandichosee_9.jpg,206,https://www.gemeinde-merching.de/wp-content/gallery/naherholungsgebiet-mandichosee/merching_mandichosee_9.jpg,,,image,image/jpeg,96350,0,,2026-10-10T15:05:21Z,preserve exactly,https://www.gemeinde-merching.de/wp-content/gallery/naherholungsgebiet-mandichosee/merching_mandichosee_9.jpg,Direct asset URLs may have external backlinks,0,0,0
https://www.gemeinde-merching.de/wp-content/gallery/sommerspass/mandicho-stausee_1.jpg,206,https://www.gemeinde-merching.de/wp-content/gallery/sommerspass/mandicho-stausee_1.jpg,,,image,image/jpeg,272365,0,,2026-10-10T15:05:21Z,preserve exactly,https://www.gemeinde-merching.de/wp-content/gallery/sommerspass/mandicho-stausee_1.jpg,Direct asset URLs may have external backlinks,0,0,0
https://www.gemeinde-merching.de/wp-content/gallery/sommerspass/mandicho-stausee_2.jpg,206,https://www.gemeinde-merching.de/wp-content/gallery/sommerspass/mandicho-stausee_2.jpg,,,image,image/jpeg,389095,0,,2026-10-10T15:05:22Z,preserve exactly,https://www.gemeinde-merching.de/wp-content/gallery/sommerspass/mandicho-stausee_2.jpg,Direct asset URLs may have external backlinks,0,0,0
https://www.gemeinde-merching.de/wp-content/gallery/sommerspass/segelboote-am-mandichosee.jpg,206,https://www.gemeinde-merching.de/wp-content/gallery/sommerspass/segelboote-am-mandichosee.jpg,,,image,image/jpeg,254163,0,,2026-10-10T15:05:22Z,preserve exactly,https://www.gemeinde-merching.de/wp-content/gallery/sommerspass/segelboote-am-mandichosee.jpg,Direct asset URLs may have external backlinks,0,0,0
https://www.gemeinde-merching.de/wp-content/gallery/sommerspass/stausee.jpg,206,https://www.gemeinde-merching.de/wp-content/gallery/sommerspass/stausee.jpg,,,image,image/jpeg,327344,0,,2026-10-10T15:05:23Z,preserve exactly,https://www.gemeinde-merching.de/wp-content/gallery/sommerspass/stausee.jpg,Direct asset URLs may have external backlinks,0,0,0
https://www.gemeinde-merching.de/wp-content/plugins/contact-form-7/includes/css/styles.css?ver=6.1.7,206,https://www.gemeinde-merching.de/wp-content/plugins/contact-form-7/includes/css/styles.css?ver=6.1.7,,,stylesheet,text/css,2979,0,,2026-10-10T15:12:35Z,preserve exactly,https://www.gemeinde-merching.de/wp-content/plugins/contact-form-7/includes/css/styles.css?ver=6.1.7,Preserve public path unless domain mapping requires a reviewed change,0,0,0
https://www.gemeinde-merching.de/wp-content/plugins/contact-form-7/includes/js/index.js?ver=6.1.7,206,https://www.gemeinde-merching.de/wp-content/plugins/contact-form-7/includes/js/index.js?ver=6.1.7,,,file,text/javascript,13452,0,,2026-10-10T15:12:49Z,preserve exactly,https://www.gemeinde-merching.de/wp-content/plugins/contact-form-7/includes/js/index.js?ver=6.1.7,Direct asset URLs may have external backlinks,0,0,0
https://www.gemeinde-merching.de/wp-content/plugins/contact-form-7/includes/swv/js/index.js?ver=6.1.7,206,https://www.gemeinde-merching.de/wp-content/plugins/contact-form-7/includes/swv/js/index.js?ver=6.1.7,,,file,text/javascript,12512,0,,2026-10-10T15:12:49Z,preserve exactly,https://www.gemeinde-merching.de/wp-content/plugins/contact-form-7/includes/swv/js/index.js?ver=6.1.7,Direct asset URLs may have external backlinks,0,0,0
https://www.gemeinde-merching.de/wp-content/plugins/content-views-query-and-display-post-page/public/assets/css/cv.css?ver=4.5.1.1,206,https://www.gemeinde-merching.de/wp-content/plugins/content-views-query-and-display-post-page/public/assets/css/cv.css?ver=4.5.1.1,,,stylesheet,text/css,87144,0,,2026-10-10T15:12:32Z,preserve exactly,https://www.gemeinde-merching.de/wp-content/plugins/content-views-query-and-display-post-page/public/assets/css/cv.css?ver=4.5.1.1,Preserve public path unless domain mapping requires a reviewed change,0,0,5
https://www.gemeinde-merching.de/wp-content/plugins/content-views-query-and-display-post-page/public/assets/fonts/glyphicons-halflings-regular.eot,206,https://www.gemeinde-merching.de/wp-content/plugins/content-views-query-and-display-post-page/public/assets/fonts/glyphicons-halflings-regular.eot,,,file,application/vnd.ms-fontobject,20335,0,,2026-10-10T15:13:43Z,preserve exactly,https://www.gemeinde-merching.de/wp-content/plugins/content-views-query-and-display-post-page/public/assets/fonts/glyphicons-halflings-regular.eot,Direct asset URLs may have external backlinks,0,0,0
https://www.gemeinde-merching.de/wp-content/plugins/content-views-query-and-display-post-page/public/assets/fonts/glyphicons-halflings-regular.svg,206,https://www.gemeinde-merching.de/wp-content/plugins/content-views-query-and-display-post-page/public/assets/fonts/glyphicons-halflings-regular.svg,,,sitemap/xml,image/svg+xml,62927,0,,2026-10-10T15:13:43Z,preserve exactly,https://www.gemeinde-merching.de/wp-content/plugins/content-views-query-and-display-post-page/public/assets/fonts/glyphicons-halflings-regular.svg,Preserve public path unless domain mapping requires a reviewed change,0,0,0
https://www.gemeinde-merching.de/wp-content/plugins/content-views-query-and-display-post-page/public/assets/fonts/glyphicons-halflings-regular.ttf,206,https://www.gemeinde-merching.de/wp-content/plugins/content-views-query-and-display-post-page/public/assets/fonts/glyphicons-halflings-regular.ttf,,,file,font/ttf,41280,0,,2026-10-10T15:13:44Z,preserve exactly,https://www.gemeinde-merching.de/wp-content/plugins/content-views-query-and-display-post-page/public/assets/fonts/glyphicons-halflings-regular.ttf,Direct asset URLs may have external backlinks,0,0,0
https://www.gemeinde-merching.de/wp-content/plugins/content-views-query-and-display-post-page/public/assets/fonts/glyphicons-halflings-regular.woff,206,https://www.gemeinde-merching.de/wp-content/plugins/content-views-query-and-display-post-page/public/assets/fonts/glyphicons-halflings-regular.woff,,,file,font/woff,23320,0,,2026-10-10T15:13:44Z,preserve exactly,https://www.gemeinde-merching.de/wp-content/plugins/content-views-query-and-display-post-page/public/assets/fonts/glyphicons-halflings-regular.woff,Direct asset URLs may have external backlinks,0,0,0
https://www.gemeinde-merching.de/wp-content/plugins/content-views-query-and-display-post-page/public/assets/fonts/glyphicons-halflings-regular.woff2,206,https://www.gemeinde-merching.de/wp-content/plugins/content-views-query-and-display-post-page/public/assets/fonts/glyphicons-halflings-regular.woff2,,,file,font/woff2,18028,0,,2026-10-10T15:13:45Z,preserve exactly,https://www.gemeinde-merching.de/wp-content/plugins/content-views-query-and-display-post-page/public/assets/fonts/glyphicons-halflings-regular.woff2,Direct asset URLs may have external backlinks,0,0,0
https://www.gemeinde-merching.de/wp-content/plugins/content-views-query-and-display-post-page/public/assets/js/cv.js?ver=4.5.1.1,206,https://www.gemeinde-merching.de/wp-content/plugins/content-views-query-and-display-post-page/public/assets/js/cv.js?ver=4.5.1.1,,,file,text/javascript,23824,0,,2026-10-10T15:12:50Z,preserve exactly,https://www.gemeinde-merching.de/wp-content/plugins/content-views-query-and-display-post-page/public/assets/js/cv.js?ver=4.5.1.1,Direct asset URLs may have external backlinks,0,0,0
https://www.gemeinde-merching.de/wp-content/plugins/cookie-cracker/assets/cc-cookies.min.js?ver=1.2,206,https://www.gemeinde-merching.de/wp-content/plugins/cookie-cracker/assets/cc-cookies.min.js?ver=1.2,,,file,text/javascript,7449,0,,2026-10-10T15:12:46Z,preserve exactly,https://www.gemeinde-merching.de/wp-content/plugins/cookie-cracker/assets/cc-cookies.min.js?ver=1.2,Direct asset URLs may have external backlinks,0,0,0
https://www.gemeinde-merching.de/wp-content/plugins/cookie-cracker/assets/cc-ihavecookies.min.js?ver=1.2,206,https://www.gemeinde-merching.de/wp-content/plugins/cookie-cracker/assets/cc-ihavecookies.min.js?ver=1.2,,,file,text/javascript,11719,0,,2026-10-10T15:12:45Z,preserve exactly,https://www.gemeinde-merching.de/wp-content/plugins/cookie-cracker/assets/cc-ihavecookies.min.js?ver=1.2,Direct asset URLs may have external backlinks,0,0,0
https://www.gemeinde-merching.de/wp-content/plugins/download-manager/assets/css/front-dark.min.css,206,https://www.gemeinde-merching.de/wp-content/plugins/download-manager/assets/css/front-dark.min.css,,,stylesheet,text/css,13806,0,,2026-10-10T15:27:49Z,preserve exactly,https://www.gemeinde-merching.de/wp-content/plugins/download-manager/assets/css/front-dark.min.css,Preserve public path unless domain mapping requires a reviewed change,0,0,1
https://www.gemeinde-merching.de/wp-content/plugins/download-manager/assets/css/front-dark.min.css?ver=3.3.68,206,https://www.gemeinde-merching.de/wp-content/plugins/download-manager/assets/css/front-dark.min.css?ver=3.3.68,,,stylesheet,text/css,13806,0,,2026-10-10T15:12:37Z,preserve exactly,https://www.gemeinde-merching.de/wp-content/plugins/download-manager/assets/css/front-dark.min.css?ver=3.3.68,Preserve public path unless domain mapping requires a reviewed change,0,0,1
https://www.gemeinde-merching.de/wp-content/plugins/download-manager/assets/css/front.min.css,206,https://www.gemeinde-merching.de/wp-content/plugins/download-manager/assets/css/front.min.css,,,stylesheet,text/css,61665,0,,2026-10-10T15:27:50Z,preserve exactly,https://www.gemeinde-merching.de/wp-content/plugins/download-manager/assets/css/front.min.css,Preserve public path unless domain mapping requires a reviewed change,0,0,1
https://www.gemeinde-merching.de/wp-content/plugins/download-manager/assets/css/front.min.css?ver=3.3.68,206,https://www.gemeinde-merching.de/wp-content/plugins/download-manager/assets/css/front.min.css?ver=3.3.68,,,stylesheet,text/css,61665,0,,2026-10-10T15:12:37Z,preserve exactly,https://www.gemeinde-merching.de/wp-content/plugins/download-manager/assets/css/front.min.css?ver=3.3.68,Preserve public path unless domain mapping requires a reviewed change,0,0,1
https://www.gemeinde-merching.de/wp-content/plugins/download-manager/assets/file-type-icons/pdf.svg,206,https://www.gemeinde-merching.de/wp-content/plugins/download-manager/assets/file-type-icons/pdf.svg,,,sitemap/xml,image/svg+xml,3336,0,,2026-10-10T14:57:05Z,preserve exactly,https://www.gemeinde-merching.de/wp-content/plugins/download-manager/assets/file-type-icons/pdf.svg,Preserve public path unless domain mapping requires a reviewed change,0,0,0
https://www.gemeinde-merching.de/wp-content/plugins/download-manager/assets/images/loader.svg,206,https://www.gemeinde-merching.de/wp-content/plugins/download-manager/assets/images/loader.svg,,,sitemap/xml,image/svg+xml,1733,0,,2026-10-10T15:13:47Z,preserve exactly,https://www.gemeinde-merching.de/wp-content/plugins/download-manager/assets/images/loader.svg,Preserve public path unless domain mapping requires a reviewed change,0,0,0
https://www.gemeinde-merching.de/wp-content/plugins/download-manager/assets/images/sort.svg,206,https://www.gemeinde-merching.de/wp-content/plugins/download-manager/assets/images/sort.svg,,,sitemap/xml,image/svg+xml,353,0,,2026-10-10T15:13:48Z,preserve exactly,https://www.gemeinde-merching.de/wp-content/plugins/download-manager/assets/images/sort.svg,Preserve public path unless domain mapping requires a reviewed change,0,0,0
https://www.gemeinde-merching.de/wp-content/plugins/download-manager/assets/js/front.min.js?ver=3.3.68,206,https://www.gemeinde-merching.de/wp-content/plugins/download-manager/assets/js/front.min.js?ver=3.3.68,,,file,text/javascript,28108,0,,2026-10-10T15:12:44Z,preserve exactly,https://www.gemeinde-merching.de/wp-content/plugins/download-manager/assets/js/front.min.js?ver=3.3.68,Direct asset URLs may have external backlinks,0,0,0
https://www.gemeinde-merching.de/wp-content/plugins/download-manager/assets/js/wpdm.min.js?ver=e9e38349e2091aa53e40aec826a6cece,206,https://www.gemeinde-merching.de/wp-content/plugins/download-manager/assets/js/wpdm.min.js?ver=e9e38349e2091aa53e40aec826a6cece,,,file,text/javascript,3670,0,,2026-10-10T15:12:43Z,preserve exactly,https://www.gemeinde-merching.de/wp-content/plugins/download-manager/assets/js/wpdm.min.js?ver=e9e38349e2091aa53e40aec826a6cece,Direct asset URLs may have external backlinks,0,0,0
https://www.gemeinde-merching.de/wp-content/plugins/download-manager/assets/modal/wpdm-modal.min.css?ver=3.3.68,206,https://www.gemeinde-merching.de/wp-content/plugins/download-manager/assets/modal/wpdm-modal.min.css?ver=3.3.68,,,stylesheet,text/css,16894,0,,2026-10-10T15:12:38Z,preserve exactly,https://www.gemeinde-merching.de/wp-content/plugins/download-manager/assets/modal/wpdm-modal.min.css?ver=3.3.68,Preserve public path unless domain mapping requires a reviewed change,0,0,0
https://www.gemeinde-merching.de/wp-content/plugins/download-manager/assets/modal/wpdm-modal.min.js?ver=3.3.68,206,https://www.gemeinde-merching.de/wp-content/plugins/download-manager/assets/modal/wpdm-modal.min.js?ver=3.3.68,,,file,text/javascript,13517,0,,2026-10-10T15:12:43Z,preserve exactly,https://www.gemeinde-merching.de/wp-content/plugins/download-manager/assets/modal/wpdm-modal.min.js?ver=3.3.68,Direct asset URLs may have external backlinks,0,0,0
https://www.gemeinde-merching.de/wp-content/plugins/download-manager/assets/wpdm-iconfont/css/wpdm-icons.css?ver=e9e38349e2091aa53e40aec826a6cece,206,https://www.gemeinde-merching.de/wp-content/plugins/download-manager/assets/wpdm-iconfont/css/wpdm-icons.css?ver=e9e38349e2091aa53e40aec826a6cece,,,stylesheet,text/css,3092,0,,2026-10-10T15:12:36Z,preserve exactly,https://www.gemeinde-merching.de/wp-content/plugins/download-manager/assets/wpdm-iconfont/css/wpdm-icons.css?ver=e9e38349e2091aa53e40aec826a6cece,Preserve public path unless domain mapping requires a reviewed change,0,0,0
https://www.gemeinde-merching.de/wp-content/plugins/download-manager/src/User/views/auth-forms.css?ver=3.3.68,206,https://www.gemeinde-merching.de/wp-content/plugins/download-manager/src/User/views/auth-forms.css?ver=3.3.68,,,stylesheet,text/css,27132,0,,2026-10-10T15:12:55Z,preserve exactly,https://www.gemeinde-merching.de/wp-content/plugins/download-manager/src/User/views/auth-forms.css?ver=3.3.68,Preserve public path unless domain mapping requires a reviewed change,0,0,0
https://www.gemeinde-merching.de/wp-content/plugins/link-library/colorbox/colorbox.css?ver=e9e38349e2091aa53e40aec826a6cece,206,https://www.gemeinde-merching.de/wp-content/plugins/link-library/colorbox/colorbox.css?ver=e9e38349e2091aa53e40aec826a6cece,,,stylesheet,text/css,3025,0,,2026-10-10T15:12:31Z,preserve exactly,https://www.gemeinde-merching.de/wp-content/plugins/link-library/colorbox/colorbox.css?ver=e9e38349e2091aa53e40aec826a6cece,Preserve public path unless domain mapping requires a reviewed change,0,0,2
https://www.gemeinde-merching.de/wp-content/plugins/link-library/colorbox/images/controls.png,206,https://www.gemeinde-merching.de/wp-content/plugins/link-library/colorbox/images/controls.png,,,image,image/png,1633,0,,2026-10-10T15:13:41Z,preserve exactly,https://www.gemeinde-merching.de/wp-content/plugins/link-library/colorbox/images/controls.png,Direct asset URLs may have external backlinks,0,0,0
https://www.gemeinde-merching.de/wp-content/plugins/link-library/colorbox/images/loading.gif,206,https://www.gemeinde-merching.de/wp-content/plugins/link-library/colorbox/images/loading.gif,,,image,image/gif,6244,0,,2026-10-10T15:13:42Z,preserve exactly,https://www.gemeinde-merching.de/wp-content/plugins/link-library/colorbox/images/loading.gif,Direct asset URLs may have external backlinks,0,0,0
https://www.gemeinde-merching.de/wp-content/plugins/link-library/colorbox/jquery.colorbox-min.js?ver=1.3.9,206,https://www.gemeinde-merching.de/wp-content/plugins/link-library/colorbox/jquery.colorbox-min.js?ver=1.3.9,,,file,text/javascript,11960,0,,2026-10-10T15:12:42Z,preserve exactly,https://www.gemeinde-merching.de/wp-content/plugins/link-library/colorbox/jquery.colorbox-min.js?ver=1.3.9,Direct asset URLs may have external backlinks,0,0,0
https://www.gemeinde-merching.de/wp-content/plugins/link-library/upvote-downvote/css/style.css?ver=1.0.0,206,https://www.gemeinde-merching.de/wp-content/plugins/link-library/upvote-downvote/css/style.css?ver=1.0.0,,,stylesheet,text/css,8922,0,,2026-10-10T15:12:38Z,preserve exactly,https://www.gemeinde-merching.de/wp-content/plugins/link-library/upvote-downvote/css/style.css?ver=1.0.0,Preserve public path unless domain mapping requires a reviewed change,0,0,0
https://www.gemeinde-merching.de/wp-content/plugins/link-library/upvote-downvote/js/general.js?ver=4.0.1,206,https://www.gemeinde-merching.de/wp-content/plugins/link-library/upvote-downvote/js/general.js?ver=4.0.1,,,file,text/javascript,2157,0,,2026-10-10T15:12:44Z,preserve exactly,https://www.gemeinde-merching.de/wp-content/plugins/link-library/upvote-downvote/js/general.js?ver=4.0.1,Direct asset URLs may have external backlinks,0,0,0
https://www.gemeinde-merching.de/wp-content/plugins/nextgen-gallery/src/Legacy/xml/media-rss.php,200,https://www.gemeinde-merching.de/wp-content/plugins/nextgen-gallery/src/Legacy/xml/media-rss.php,,,sitemap/xml,text/xml;charset=utf-8,,0,,2026-10-10T15:12:46Z,preserve exactly,https://www.gemeinde-merching.de/wp-content/plugins/nextgen-gallery/src/Legacy/xml/media-rss.php,Preserve public path unless domain mapping requires a reviewed change,0,0,0
https://www.gemeinde-merching.de/wp-content/plugins/nextgen-gallery/static/Albums/init.js?ver=4.4.0,206,https://www.gemeinde-merching.de/wp-content/plugins/nextgen-gallery/static/Albums/init.js?ver=4.4.0,,,file,text/javascript,298,0,,2026-10-10T15:13:27Z,preserve exactly,https://www.gemeinde-merching.de/wp-content/plugins/nextgen-gallery/static/Albums/init.js?ver=4.4.0,Direct asset URLs may have external backlinks,0,0,0
https://www.gemeinde-merching.de/wp-content/plugins/nextgen-gallery/static/Albums/nextgen_basic_album.css?ver=4.4.0,206,https://www.gemeinde-merching.de/wp-content/plugins/nextgen-gallery/static/Albums/nextgen_basic_album.css?ver=4.4.0,,,stylesheet,text/css,5209,0,,2026-10-10T15:13:26Z,preserve exactly,https://www.gemeinde-merching.de/wp-content/plugins/nextgen-gallery/static/Albums/nextgen_basic_album.css?ver=4.4.0,Preserve public path unless domain mapping requires a reviewed change,0,0,0
https://www.gemeinde-merching.de/wp-content/plugins/nextgen-gallery/static/FontAwesome/css/ngg-icons.min.css?ver=4.4.0,206,https://www.gemeinde-merching.de/wp-content/plugins/nextgen-gallery/static/FontAwesome/css/ngg-icons.min.css?ver=4.4.0,,,stylesheet,text/css,16457,0,,2026-10-10T15:13:10Z,preserve exactly,https://www.gemeinde-merching.de/wp-content/plugins/nextgen-gallery/static/FontAwesome/css/ngg-icons.min.css?ver=4.4.0,Preserve public path unless domain mapping requires a reviewed change,0,0,6
https://www.gemeinde-merching.de/wp-content/plugins/nextgen-gallery/static/FontAwesome/webfonts/fa-brands-400.ttf,206,https://www.gemeinde-merching.de/wp-content/plugins/nextgen-gallery/static/FontAwesome/webfonts/fa-brands-400.ttf,,,file,font/ttf,207972,0,,2026-10-10T15:14:26Z,preserve exactly,https://www.gemeinde-merching.de/wp-content/plugins/nextgen-gallery/static/FontAwesome/webfonts/fa-brands-400.ttf,Direct asset URLs may have external backlinks,0,0,0
https://www.gemeinde-merching.de/wp-content/plugins/nextgen-gallery/static/FontAwesome/webfonts/fa-brands-400.woff2,206,https://www.gemeinde-merching.de/wp-content/plugins/nextgen-gallery/static/FontAwesome/webfonts/fa-brands-400.woff2,,,file,font/woff2,117372,0,,2026-10-10T15:14:27Z,preserve exactly,https://www.gemeinde-merching.de/wp-content/plugins/nextgen-gallery/static/FontAwesome/webfonts/fa-brands-400.woff2,Direct asset URLs may have external backlinks,0,0,0
https://www.gemeinde-merching.de/wp-content/plugins/nextgen-gallery/static/FontAwesome/webfonts/fa-regular-400.ttf,206,https://www.gemeinde-merching.de/wp-content/plugins/nextgen-gallery/static/FontAwesome/webfonts/fa-regular-400.ttf,,,file,font/ttf,68004,0,,2026-10-10T15:14:28Z,preserve exactly,https://www.gemeinde-merching.de/wp-content/plugins/nextgen-gallery/static/FontAwesome/webfonts/fa-regular-400.ttf,Direct asset URLs may have external backlinks,0,0,0
https://www.gemeinde-merching.de/wp-content/plugins/nextgen-gallery/static/FontAwesome/webfonts/fa-regular-400.woff2,206,https://www.gemeinde-merching.de/wp-content/plugins/nextgen-gallery/static/FontAwesome/webfonts/fa-regular-400.woff2,,,file,font/woff2,25452,0,,2026-10-10T15:14:28Z,preserve exactly,https://www.gemeinde-merching.de/wp-content/plugins/nextgen-gallery/static/FontAwesome/webfonts/fa-regular-400.woff2,Direct asset URLs may have external backlinks,0,0,0
https://www.gemeinde-merching.de/wp-content/plugins/nextgen-gallery/static/FontAwesome/webfonts/fa-solid-900.ttf,206,https://www.gemeinde-merching.de/wp-content/plugins/nextgen-gallery/static/FontAwesome/webfonts/fa-solid-900.ttf,,,file,font/ttf,419720,0,,2026-10-10T15:14:29Z,preserve exactly,https://www.gemeinde-merching.de/wp-content/plugins/nextgen-gallery/static/FontAwesome/webfonts/fa-solid-900.ttf,Direct asset URLs may have external backlinks,0,0,0
https://www.gemeinde-merching.de/wp-content/plugins/nextgen-gallery/static/FontAwesome/webfonts/fa-solid-900.woff2,206,https://www.gemeinde-merching.de/wp-content/plugins/nextgen-gallery/static/FontAwesome/webfonts/fa-solid-900.woff2,,,file,font/woff2,156496,0,,2026-10-10T15:14:29Z,preserve exactly,https://www.gemeinde-merching.de/wp-content/plugins/nextgen-gallery/static/FontAwesome/webfonts/fa-solid-900.woff2,Direct asset URLs may have external backlinks,0,0,0
https://www.gemeinde-merching.de/wp-content/plugins/nextgen-gallery/static/GalleryDisplay/common.js?ver=4.4.0,206,https://www.gemeinde-merching.de/wp-content/plugins/nextgen-gallery/static/GalleryDisplay/common.js?ver=4.4.0,,,file,text/javascript,8913,0,,2026-10-10T15:13:13Z,preserve exactly,https://www.gemeinde-merching.de/wp-content/plugins/nextgen-gallery/static/GalleryDisplay/common.js?ver=4.4.0,Direct asset URLs may have external backlinks,0,0,0
https://www.gemeinde-merching.de/wp-content/plugins/nextgen-gallery/static/GalleryDisplay/pagination_style.css?ver=4.4.0,206,https://www.gemeinde-merching.de/wp-content/plugins/nextgen-gallery/static/GalleryDisplay/pagination_style.css?ver=4.4.0,,,stylesheet,text/css,1668,0,,2026-10-10T15:13:26Z,preserve exactly,https://www.gemeinde-merching.de/wp-content/plugins/nextgen-gallery/static/GalleryDisplay/pagination_style.css?ver=4.4.0,Preserve public path unless domain mapping requires a reviewed change,0,0,0
https://www.gemeinde-merching.de/wp-content/plugins/nextgen-gallery/static/GalleryDisplay/shave.js?ver=4.4.0,206,https://www.gemeinde-merching.de/wp-content/plugins/nextgen-gallery/static/GalleryDisplay/shave.js?ver=4.4.0,,,file,text/javascript,3403,0,,2026-10-10T15:13:28Z,preserve exactly,https://www.gemeinde-merching.de/wp-content/plugins/nextgen-gallery/static/GalleryDisplay/shave.js?ver=4.4.0,Direct asset URLs may have external backlinks,0,0,0
https://www.gemeinde-merching.de/wp-content/plugins/nextgen-gallery/static/GalleryDisplay/trigger_buttons.css?ver=4.4.0,206,https://www.gemeinde-merching.de/wp-content/plugins/nextgen-gallery/static/GalleryDisplay/trigger_buttons.css?ver=4.4.0,,,stylesheet,text/css,896,0,,2026-10-10T15:13:08Z,preserve exactly,https://www.gemeinde-merching.de/wp-content/plugins/nextgen-gallery/static/GalleryDisplay/trigger_buttons.css?ver=4.4.0,Preserve public path unless domain mapping requires a reviewed change,0,0,0
https://www.gemeinde-merching.de/wp-content/plugins/nextgen-gallery/static/Legacy/ajax.min.js?ver=4.4.0,206,https://www.gemeinde-merching.de/wp-content/plugins/nextgen-gallery/static/Legacy/ajax.min.js?ver=4.4.0,,,file,text/javascript,2782,0,,2026-10-10T15:13:12Z,preserve exactly,https://www.gemeinde-merching.de/wp-content/plugins/nextgen-gallery/static/Legacy/ajax.min.js?ver=4.4.0,Direct asset URLs may have external backlinks,0,0,0
https://www.gemeinde-merching.de/wp-content/plugins/nextgen-gallery/static/Lightbox/lightbox_context.js?ver=4.4.0,206,https://www.gemeinde-merching.de/wp-content/plugins/nextgen-gallery/static/Lightbox/lightbox_context.js?ver=4.4.0,,,file,text/javascript,971,0,,2026-10-10T15:13:14Z,preserve exactly,https://www.gemeinde-merching.de/wp-content/plugins/nextgen-gallery/static/Lightbox/lightbox_context.js?ver=4.4.0,Direct asset URLs may have external backlinks,0,0,0
https://www.gemeinde-merching.de/wp-content/plugins/nextgen-gallery/static/Lightbox/shutter/nextgen_shutter.js?ver=4.4.0,206,https://www.gemeinde-merching.de/wp-content/plugins/nextgen-gallery/static/Lightbox/shutter/nextgen_shutter.js?ver=4.4.0,,,file,text/javascript,5998,0,,2026-10-10T15:13:15Z,preserve exactly,https://www.gemeinde-merching.de/wp-content/plugins/nextgen-gallery/static/Lightbox/shutter/nextgen_shutter.js?ver=4.4.0,Direct asset URLs may have external backlinks,0,0,0
https://www.gemeinde-merching.de/wp-content/plugins/nextgen-gallery/static/Lightbox/shutter/shutter.css?ver=4.4.0,206,https://www.gemeinde-merching.de/wp-content/plugins/nextgen-gallery/static/Lightbox/shutter/shutter.css?ver=4.4.0,,,stylesheet,text/css,1530,0,,2026-10-10T15:13:09Z,preserve exactly,https://www.gemeinde-merching.de/wp-content/plugins/nextgen-gallery/static/Lightbox/shutter/shutter.css?ver=4.4.0,Preserve public path unless domain mapping requires a reviewed change,0,0,0
https://www.gemeinde-merching.de/wp-content/plugins/nextgen-gallery/static/Lightbox/shutter/shutter.js?ver=4.4.0,206,https://www.gemeinde-merching.de/wp-content/plugins/nextgen-gallery/static/Lightbox/shutter/shutter.js?ver=4.4.0,,,file,text/javascript,11193,0,,2026-10-10T15:13:14Z,preserve exactly,https://www.gemeinde-merching.de/wp-content/plugins/nextgen-gallery/static/Lightbox/shutter/shutter.js?ver=4.4.0,Direct asset URLs may have external backlinks,0,0,0
https://www.gemeinde-merching.de/wp-content/plugins/nextgen-gallery/static/Slideshow/ngg_basic_slideshow.css?ver=4.4.0,206,https://www.gemeinde-merching.de/wp-content/plugins/nextgen-gallery/static/Slideshow/ngg_basic_slideshow.css?ver=4.4.0,,,stylesheet,text/css,2212,0,,2026-10-10T15:13:10Z,preserve exactly,https://www.gemeinde-merching.de/wp-content/plugins/nextgen-gallery/static/Slideshow/ngg_basic_slideshow.css?ver=4.4.0,Preserve public path unless domain mapping requires a reviewed change,0,0,0
https://www.gemeinde-merching.de/wp-content/plugins/nextgen-gallery/static/Slideshow/ngg_basic_slideshow.js?ver=4.4.0,206,https://www.gemeinde-merching.de/wp-content/plugins/nextgen-gallery/static/Slideshow/ngg_basic_slideshow.js?ver=4.4.0,,,file,text/javascript,1083,0,,2026-10-10T15:13:16Z,preserve exactly,https://www.gemeinde-merching.de/wp-content/plugins/nextgen-gallery/static/Slideshow/ngg_basic_slideshow.js?ver=4.4.0,Direct asset URLs may have external backlinks,0,0,0
https://www.gemeinde-merching.de/wp-content/plugins/nextgen-gallery/static/Slideshow/slick/ajax-loader.gif,206,https://www.gemeinde-merching.de/wp-content/plugins/nextgen-gallery/static/Slideshow/slick/ajax-loader.gif,,,image,image/gif,4178,0,,2026-10-10T15:14:30Z,preserve exactly,https://www.gemeinde-merching.de/wp-content/plugins/nextgen-gallery/static/Slideshow/slick/ajax-loader.gif,Direct asset URLs may have external backlinks,0,0,0
https://www.gemeinde-merching.de/wp-content/plugins/nextgen-gallery/static/Slideshow/slick/fonts/slick.eot,206,https://www.gemeinde-merching.de/wp-content/plugins/nextgen-gallery/static/Slideshow/slick/fonts/slick.eot,,,file,application/vnd.ms-fontobject,2048,0,,2026-10-10T15:14:31Z,preserve exactly,https://www.gemeinde-merching.de/wp-content/plugins/nextgen-gallery/static/Slideshow/slick/fonts/slick.eot,Direct asset URLs may have external backlinks,0,0,0
https://www.gemeinde-merching.de/wp-content/plugins/nextgen-gallery/static/Slideshow/slick/fonts/slick.svg,206,https://www.gemeinde-merching.de/wp-content/plugins/nextgen-gallery/static/Slideshow/slick/fonts/slick.svg,,,sitemap/xml,image/svg+xml,2152,0,,2026-10-10T15:14:31Z,preserve exactly,https://www.gemeinde-merching.de/wp-content/plugins/nextgen-gallery/static/Slideshow/slick/fonts/slick.svg,Preserve public path unless domain mapping requires a reviewed change,0,0,0
https://www.gemeinde-merching.de/wp-content/plugins/nextgen-gallery/static/Slideshow/slick/fonts/slick.ttf,206,https://www.gemeinde-merching.de/wp-content/plugins/nextgen-gallery/static/Slideshow/slick/fonts/slick.ttf,,,file,font/ttf,1892,0,,2026-10-10T15:14:32Z,preserve exactly,https://www.gemeinde-merching.de/wp-content/plugins/nextgen-gallery/static/Slideshow/slick/fonts/slick.ttf,Direct asset URLs may have external backlinks,0,0,0
https://www.gemeinde-merching.de/wp-content/plugins/nextgen-gallery/static/Slideshow/slick/fonts/slick.woff,206,https://www.gemeinde-merching.de/wp-content/plugins/nextgen-gallery/static/Slideshow/slick/fonts/slick.woff,,,file,font/woff,1380,0,,2026-10-10T15:14:32Z,preserve exactly,https://www.gemeinde-merching.de/wp-content/plugins/nextgen-gallery/static/Slideshow/slick/fonts/slick.woff,Direct asset URLs may have external backlinks,0,0,0
https://www.gemeinde-merching.de/wp-content/plugins/nextgen-gallery/static/Slideshow/slick/slick-1.8.0-modded.js?ver=4.4.0,206,https://www.gemeinde-merching.de/wp-content/plugins/nextgen-gallery/static/Slideshow/slick/slick-1.8.0-modded.js?ver=4.4.0,,,file,text/javascript,89024,0,,2026-10-10T15:13:13Z,preserve exactly,https://www.gemeinde-merching.de/wp-content/plugins/nextgen-gallery/static/Slideshow/slick/slick-1.8.0-modded.js?ver=4.4.0,Direct asset URLs may have external backlinks,0,0,0
https://www.gemeinde-merching.de/wp-content/plugins/nextgen-gallery/static/Slideshow/slick/slick-theme.css?ver=4.4.0,206,https://www.gemeinde-merching.de/wp-content/plugins/nextgen-gallery/static/Slideshow/slick/slick-theme.css?ver=4.4.0,,,stylesheet,text/css,3145,0,,2026-10-10T15:13:11Z,preserve exactly,https://www.gemeinde-merching.de/wp-content/plugins/nextgen-gallery/static/Slideshow/slick/slick-theme.css?ver=4.4.0,Preserve public path unless domain mapping requires a reviewed change,0,0,5
https://www.gemeinde-merching.de/wp-content/plugins/nextgen-gallery/static/Slideshow/slick/slick.css?ver=4.4.0,206,https://www.gemeinde-merching.de/wp-content/plugins/nextgen-gallery/static/Slideshow/slick/slick.css?ver=4.4.0,,,stylesheet,text/css,1793,0,,2026-10-10T15:13:11Z,preserve exactly,https://www.gemeinde-merching.de/wp-content/plugins/nextgen-gallery/static/Slideshow/slick/slick.css?ver=4.4.0,Preserve public path unless domain mapping requires a reviewed change,0,0,0
https://www.gemeinde-merching.de/wp-content/plugins/pdf-embedder/assets/css/pdfemb.min.css?ver=5.0.2,206,https://www.gemeinde-merching.de/wp-content/plugins/pdf-embedder/assets/css/pdfemb.min.css?ver=5.0.2,,,stylesheet,text/css,5517,0,,2026-10-10T15:12:53Z,preserve exactly,https://www.gemeinde-merching.de/wp-content/plugins/pdf-embedder/assets/css/pdfemb.min.css?ver=5.0.2,Preserve public path unless domain mapping requires a reviewed change,0,0,6
https://www.gemeinde-merching.de/wp-content/plugins/pdf-embedder/assets/img/toolbarButton-download.png,206,https://www.gemeinde-merching.de/wp-content/plugins/pdf-embedder/assets/img/toolbarButton-download.png,,,image,image/png,259,0,,2026-10-10T15:14:08Z,preserve exactly,https://www.gemeinde-merching.de/wp-content/plugins/pdf-embedder/assets/img/toolbarButton-download.png,Direct asset URLs may have external backlinks,0,0,0
https://www.gemeinde-merching.de/wp-content/plugins/pdf-embedder/assets/img/toolbarButton-pageDown.png,206,https://www.gemeinde-merching.de/wp-content/plugins/pdf-embedder/assets/img/toolbarButton-pageDown.png,,,image,image/png,238,0,,2026-10-10T15:14:08Z,preserve exactly,https://www.gemeinde-merching.de/wp-content/plugins/pdf-embedder/assets/img/toolbarButton-pageDown.png,Direct asset URLs may have external backlinks,0,0,0
https://www.gemeinde-merching.de/wp-content/plugins/pdf-embedder/assets/img/toolbarButton-pageUp.png,206,https://www.gemeinde-merching.de/wp-content/plugins/pdf-embedder/assets/img/toolbarButton-pageUp.png,,,image,image/png,246,0,,2026-10-10T15:14:09Z,preserve exactly,https://www.gemeinde-merching.de/wp-content/plugins/pdf-embedder/assets/img/toolbarButton-pageUp.png,Direct asset URLs may have external backlinks,0,0,0
https://www.gemeinde-merching.de/wp-content/plugins/pdf-embedder/assets/img/toolbarButton-presentationMode.png,206,https://www.gemeinde-merching.de/wp-content/plugins/pdf-embedder/assets/img/toolbarButton-presentationMode.png,,,image,image/png,321,0,,2026-10-10T15:14:10Z,preserve exactly,https://www.gemeinde-merching.de/wp-content/plugins/pdf-embedder/assets/img/toolbarButton-presentationMode.png,Direct asset URLs may have external backlinks,0,0,0
https://www.gemeinde-merching.de/wp-content/plugins/pdf-embedder/assets/img/toolbarButton-zoomIn.png,206,https://www.gemeinde-merching.de/wp-content/plugins/pdf-embedder/assets/img/toolbarButton-zoomIn.png,,,image,image/png,136,0,,2026-10-10T15:14:10Z,preserve exactly,https://www.gemeinde-merching.de/wp-content/plugins/pdf-embedder/assets/img/toolbarButton-zoomIn.png,Direct asset URLs may have external backlinks,0,0,0
https://www.gemeinde-merching.de/wp-content/plugins/pdf-embedder/assets/img/toolbarButton-zoomOut.png,206,https://www.gemeinde-merching.de/wp-content/plugins/pdf-embedder/assets/img/toolbarButton-zoomOut.png,,,image,image/png,88,0,,2026-10-10T15:14:11Z,preserve exactly,https://www.gemeinde-merching.de/wp-content/plugins/pdf-embedder/assets/img/toolbarButton-zoomOut.png,Direct asset URLs may have external backlinks,0,0,0
https://www.gemeinde-merching.de/wp-content/plugins/pdf-embedder/assets/js/pdfemb.min.js?ver=5.0.2,206,https://www.gemeinde-merching.de/wp-content/plugins/pdf-embedder/assets/js/pdfemb.min.js?ver=5.0.2,,,file,text/javascript,19652,0,,2026-10-10T15:12:54Z,preserve exactly,https://www.gemeinde-merching.de/wp-content/plugins/pdf-embedder/assets/js/pdfemb.min.js?ver=5.0.2,Direct asset URLs may have external backlinks,0,0,0
https://www.gemeinde-merching.de/wp-content/plugins/pdf-embedder/assets/js/pdfjs/pdf.min.js?ver=2.16.105,206,https://www.gemeinde-merching.de/wp-content/plugins/pdf-embedder/assets/js/pdfjs/pdf.min.js?ver=2.16.105,,,file,text/javascript,366111,0,,2026-10-10T15:12:53Z,preserve exactly,https://www.gemeinde-merching.de/wp-content/plugins/pdf-embedder/assets/js/pdfjs/pdf.min.js?ver=2.16.105,Direct asset URLs may have external backlinks,0,0,0
https://www.gemeinde-merching.de/wp-content/plugins/pojo-accessibility/assets/build/fonts.css?ver=4.1.4,206,https://www.gemeinde-merching.de/wp-content/plugins/pojo-accessibility/assets/build/fonts.css?ver=4.1.4,,,stylesheet,text/css,14000,0,,2026-10-10T15:12:39Z,preserve exactly,https://www.gemeinde-merching.de/wp-content/plugins/pojo-accessibility/assets/build/fonts.css?ver=4.1.4,Preserve public path unless domain mapping requires a reviewed change,0,0,32
https://www.gemeinde-merching.de/wp-content/plugins/pojo-accessibility/assets/build/fonts/Roboto-400-cyrillic-ext.ef54216e.woff2,206,https://www.gemeinde-merching.de/wp-content/plugins/pojo-accessibility/assets/build/fonts/Roboto-400-cyrillic-ext.ef54216e.woff2,,,file,font/woff2,30424,0,,2026-10-10T15:13:49Z,preserve exactly,https://www.gemeinde-merching.de/wp-content/plugins/pojo-accessibility/assets/build/fonts/Roboto-400-cyrillic-ext.ef54216e.woff2,Direct asset URLs may have external backlinks,0,0,0
https://www.gemeinde-merching.de/wp-content/plugins/pojo-accessibility/assets/build/fonts/Roboto-400-cyrillic.969ea6a3.woff2,206,https://www.gemeinde-merching.de/wp-content/plugins/pojo-accessibility/assets/build/fonts/Roboto-400-cyrillic.969ea6a3.woff2,,,file,font/woff2,18852,0,,2026-10-10T15:13:49Z,preserve exactly,https://www.gemeinde-merching.de/wp-content/plugins/pojo-accessibility/assets/build/fonts/Roboto-400-cyrillic.969ea6a3.woff2,Direct asset URLs may have external backlinks,0,0,0
https://www.gemeinde-merching.de/wp-content/plugins/pojo-accessibility/assets/build/fonts/Roboto-400-greek-ext.04782fd5.woff2,206,https://www.gemeinde-merching.de/wp-content/plugins/pojo-accessibility/assets/build/fonts/Roboto-400-greek-ext.04782fd5.woff2,,,file,font/woff2,1580,0,,2026-10-10T15:13:50Z,preserve exactly,https://www.gemeinde-merching.de/wp-content/plugins/pojo-accessibility/assets/build/fonts/Roboto-400-greek-ext.04782fd5.woff2,Direct asset URLs may have external backlinks,0,0,0
https://www.gemeinde-merching.de/wp-content/plugins/pojo-accessibility/assets/build/fonts/Roboto-400-greek.9e4a3805.woff2,206,https://www.gemeinde-merching.de/wp-content/plugins/pojo-accessibility/assets/build/fonts/Roboto-400-greek.9e4a3805.woff2,,,file,font/woff2,13952,0,,2026-10-10T15:13:50Z,preserve exactly,https://www.gemeinde-merching.de/wp-content/plugins/pojo-accessibility/assets/build/fonts/Roboto-400-greek.9e4a3805.woff2,Direct asset URLs may have external backlinks,0,0,0
https://www.gemeinde-merching.de/wp-content/plugins/pojo-accessibility/assets/build/fonts/Roboto-400-latin-ext.6d1ff22c.woff2,206,https://www.gemeinde-merching.de/wp-content/plugins/pojo-accessibility/assets/build/fonts/Roboto-400-latin-ext.6d1ff22c.woff2,,,file,font/woff2,21440,0,,2026-10-10T15:13:51Z,preserve exactly,https://www.gemeinde-merching.de/wp-content/plugins/pojo-accessibility/assets/build/fonts/Roboto-400-latin-ext.6d1ff22c.woff2,Direct asset URLs may have external backlinks,0,0,0
https://www.gemeinde-merching.de/wp-content/plugins/pojo-accessibility/assets/build/fonts/Roboto-400-latin.75e6c243.woff2,206,https://www.gemeinde-merching.de/wp-content/plugins/pojo-accessibility/assets/build/fonts/Roboto-400-latin.75e6c243.woff2,,,file,font/woff2,34668,0,,2026-10-10T15:13:52Z,preserve exactly,https://www.gemeinde-merching.de/wp-content/plugins/pojo-accessibility/assets/build/fonts/Roboto-400-latin.75e6c243.woff2,Direct asset URLs may have external backlinks,0,0,0
https://www.gemeinde-merching.de/wp-content/plugins/pojo-accessibility/assets/build/fonts/Roboto-400-symbols.f5851590.woff2,206,https://www.gemeinde-merching.de/wp-content/plugins/pojo-accessibility/assets/build/fonts/Roboto-400-symbols.f5851590.woff2,,,file,font/woff2,16548,0,,2026-10-10T15:13:52Z,preserve exactly,https://www.gemeinde-merching.de/wp-content/plugins/pojo-accessibility/assets/build/fonts/Roboto-400-symbols.f5851590.woff2,Direct asset URLs may have external backlinks,0,0,0
https://www.gemeinde-merching.de/wp-content/plugins/pojo-accessibility/assets/build/fonts/Roboto-400-vietnamese.b13ae75f.woff2,206,https://www.gemeinde-merching.de/wp-content/plugins/pojo-accessibility/assets/build/fonts/Roboto-400-vietnamese.b13ae75f.woff2,,,file,font/woff2,9276,0,,2026-10-10T15:13:53Z,preserve exactly,https://www.gemeinde-merching.de/wp-content/plugins/pojo-accessibility/assets/build/fonts/Roboto-400-vietnamese.b13ae75f.woff2,Direct asset URLs may have external backlinks,0,0,0
https://www.gemeinde-merching.de/wp-content/plugins/pojo-accessibility/assets/build/fonts/Roboto-500-cyrillic-ext.ef54216e.woff2,206,https://www.gemeinde-merching.de/wp-content/plugins/pojo-accessibility/assets/build/fonts/Roboto-500-cyrillic-ext.ef54216e.woff2,,,file,font/woff2,30424,0,,2026-10-10T15:13:53Z,preserve exactly,https://www.gemeinde-merching.de/wp-content/plugins/pojo-accessibility/assets/build/fonts/Roboto-500-cyrillic-ext.ef54216e.woff2,Direct asset URLs may have external backlinks,0,0,0
https://www.gemeinde-merching.de/wp-content/plugins/pojo-accessibility/assets/build/fonts/Roboto-500-cyrillic.969ea6a3.woff2,206,https://www.gemeinde-merching.de/wp-content/plugins/pojo-accessibility/assets/build/fonts/Roboto-500-cyrillic.969ea6a3.woff2,,,file,font/woff2,18852,0,,2026-10-10T15:13:54Z,preserve exactly,https://www.gemeinde-merching.de/wp-content/plugins/pojo-accessibility/assets/build/fonts/Roboto-500-cyrillic.969ea6a3.woff2,Direct asset URLs may have external backlinks,0,0,0
https://www.gemeinde-merching.de/wp-content/plugins/pojo-accessibility/assets/build/fonts/Roboto-500-greek-ext.04782fd5.woff2,206,https://www.gemeinde-merching.de/wp-content/plugins/pojo-accessibility/assets/build/fonts/Roboto-500-greek-ext.04782fd5.woff2,,,file,font/woff2,1580,0,,2026-10-10T15:13:55Z,preserve exactly,https://www.gemeinde-merching.de/wp-content/plugins/pojo-accessibility/assets/build/fonts/Roboto-500-greek-ext.04782fd5.woff2,Direct asset URLs may have external backlinks,0,0,0
https://www.gemeinde-merching.de/wp-content/plugins/pojo-accessibility/assets/build/fonts/Roboto-500-greek.9e4a3805.woff2,206,https://www.gemeinde-merching.de/wp-content/plugins/pojo-accessibility/assets/build/fonts/Roboto-500-greek.9e4a3805.woff2,,,file,font/woff2,13952,0,,2026-10-10T15:13:55Z,preserve exactly,https://www.gemeinde-merching.de/wp-content/plugins/pojo-accessibility/assets/build/fonts/Roboto-500-greek.9e4a3805.woff2,Direct asset URLs may have external backlinks,0,0,0
https://www.gemeinde-merching.de/wp-content/plugins/pojo-accessibility/assets/build/fonts/Roboto-500-latin-ext.6d1ff22c.woff2,206,https://www.gemeinde-merching.de/wp-content/plugins/pojo-accessibility/assets/build/fonts/Roboto-500-latin-ext.6d1ff22c.woff2,,,file,font/woff2,21440,0,,2026-10-10T15:13:56Z,preserve exactly,https://www.gemeinde-merching.de/wp-content/plugins/pojo-accessibility/assets/build/fonts/Roboto-500-latin-ext.6d1ff22c.woff2,Direct asset URLs may have external backlinks,0,0,0
https://www.gemeinde-merching.de/wp-content/plugins/pojo-accessibility/assets/build/fonts/Roboto-500-latin.75e6c243.woff2,206,https://www.gemeinde-merching.de/wp-content/plugins/pojo-accessibility/assets/build/fonts/Roboto-500-latin.75e6c243.woff2,,,file,font/woff2,34668,0,,2026-10-10T15:13:56Z,preserve exactly,https://www.gemeinde-merching.de/wp-content/plugins/pojo-accessibility/assets/build/fonts/Roboto-500-latin.75e6c243.woff2,Direct asset URLs may have external backlinks,0,0,0
https://www.gemeinde-merching.de/wp-content/plugins/pojo-accessibility/assets/build/fonts/Roboto-500-symbols.f5851590.woff2,206,https://www.gemeinde-merching.de/wp-content/plugins/pojo-accessibility/assets/build/fonts/Roboto-500-symbols.f5851590.woff2,,,file,font/woff2,16548,0,,2026-10-10T15:13:57Z,preserve exactly,https://www.gemeinde-merching.de/wp-content/plugins/pojo-accessibility/assets/build/fonts/Roboto-500-symbols.f5851590.woff2,Direct asset URLs may have external backlinks,0,0,0
https://www.gemeinde-merching.de/wp-content/plugins/pojo-accessibility/assets/build/fonts/Roboto-500-vietnamese.b13ae75f.woff2,206,https://www.gemeinde-merching.de/wp-content/plugins/pojo-accessibility/assets/build/fonts/Roboto-500-vietnamese.b13ae75f.woff2,,,file,font/woff2,9276,0,,2026-10-10T15:13:58Z,preserve exactly,https://www.gemeinde-merching.de/wp-content/plugins/pojo-accessibility/assets/build/fonts/Roboto-500-vietnamese.b13ae75f.woff2,Direct asset URLs may have external backlinks,0,0,0
https://www.gemeinde-merching.de/wp-content/plugins/pojo-accessibility/assets/build/fonts/Roboto-600-cyrillic-ext.ef54216e.woff2,206,https://www.gemeinde-merching.de/wp-content/plugins/pojo-accessibility/assets/build/fonts/Roboto-600-cyrillic-ext.ef54216e.woff2,,,file,font/woff2,30424,0,,2026-10-10T15:13:58Z,preserve exactly,https://www.gemeinde-merching.de/wp-content/plugins/pojo-accessibility/assets/build/fonts/Roboto-600-cyrillic-ext.ef54216e.woff2,Direct asset URLs may have external backlinks,0,0,0
https://www.gemeinde-merching.de/wp-content/plugins/pojo-accessibility/assets/build/fonts/Roboto-600-cyrillic.969ea6a3.woff2,206,https://www.gemeinde-merching.de/wp-content/plugins/pojo-accessibility/assets/build/fonts/Roboto-600-cyrillic.969ea6a3.woff2,,,file,font/woff2,18852,0,,2026-10-10T15:13:59Z,preserve exactly,https://www.gemeinde-merching.de/wp-content/plugins/pojo-accessibility/assets/build/fonts/Roboto-600-cyrillic.969ea6a3.woff2,Direct asset URLs may have external backlinks,0,0,0
https://www.gemeinde-merching.de/wp-content/plugins/pojo-accessibility/assets/build/fonts/Roboto-600-greek-ext.04782fd5.woff2,206,https://www.gemeinde-merching.de/wp-content/plugins/pojo-accessibility/assets/build/fonts/Roboto-600-greek-ext.04782fd5.woff2,,,file,font/woff2,1580,0,,2026-10-10T15:13:59Z,preserve exactly,https://www.gemeinde-merching.de/wp-content/plugins/pojo-accessibility/assets/build/fonts/Roboto-600-greek-ext.04782fd5.woff2,Direct asset URLs may have external backlinks,0,0,0
https://www.gemeinde-merching.de/wp-content/plugins/pojo-accessibility/assets/build/fonts/Roboto-600-greek.9e4a3805.woff2,206,https://www.gemeinde-merching.de/wp-content/plugins/pojo-accessibility/assets/build/fonts/Roboto-600-greek.9e4a3805.woff2,,,file,font/woff2,13952,0,,2026-10-10T15:14:00Z,preserve exactly,https://www.gemeinde-merching.de/wp-content/plugins/pojo-accessibility/assets/build/fonts/Roboto-600-greek.9e4a3805.woff2,Direct asset URLs may have external backlinks,0,0,0
https://www.gemeinde-merching.de/wp-content/plugins/pojo-accessibility/assets/build/fonts/Roboto-600-latin-ext.6d1ff22c.woff2,206,https://www.gemeinde-merching.de/wp-content/plugins/pojo-accessibility/assets/build/fonts/Roboto-600-latin-ext.6d1ff22c.woff2,,,file,font/woff2,21440,0,,2026-10-10T15:14:01Z,preserve exactly,https://www.gemeinde-merching.de/wp-content/plugins/pojo-accessibility/assets/build/fonts/Roboto-600-latin-ext.6d1ff22c.woff2,Direct asset URLs may have external backlinks,0,0,0
https://www.gemeinde-merching.de/wp-content/plugins/pojo-accessibility/assets/build/fonts/Roboto-600-latin.75e6c243.woff2,206,https://www.gemeinde-merching.de/wp-content/plugins/pojo-accessibility/assets/build/fonts/Roboto-600-latin.75e6c243.woff2,,,file,font/woff2,34668,0,,2026-10-10T15:14:01Z,preserve exactly,https://www.gemeinde-merching.de/wp-content/plugins/pojo-accessibility/assets/build/fonts/Roboto-600-latin.75e6c243.woff2,Direct asset URLs may have external backlinks,0,0,0
https://www.gemeinde-merching.de/wp-content/plugins/pojo-accessibility/assets/build/fonts/Roboto-600-symbols.f5851590.woff2,206,https://www.gemeinde-merching.de/wp-content/plugins/pojo-accessibility/assets/build/fonts/Roboto-600-symbols.f5851590.woff2,,,file,font/woff2,16548,0,,2026-10-10T15:14:02Z,preserve exactly,https://www.gemeinde-merching.de/wp-content/plugins/pojo-accessibility/assets/build/fonts/Roboto-600-symbols.f5851590.woff2,Direct asset URLs may have external backlinks,0,0,0
https://www.gemeinde-merching.de/wp-content/plugins/pojo-accessibility/assets/build/fonts/Roboto-600-vietnamese.b13ae75f.woff2,206,https://www.gemeinde-merching.de/wp-content/plugins/pojo-accessibility/assets/build/fonts/Roboto-600-vietnamese.b13ae75f.woff2,,,file,font/woff2,9276,0,,2026-10-10T15:14:02Z,preserve exactly,https://www.gemeinde-merching.de/wp-content/plugins/pojo-accessibility/assets/build/fonts/Roboto-600-vietnamese.b13ae75f.woff2,Direct asset URLs may have external backlinks,0,0,0
https://www.gemeinde-merching.de/wp-content/plugins/pojo-accessibility/assets/build/fonts/Roboto-700-cyrillic-ext.ef54216e.woff2,206,https://www.gemeinde-merching.de/wp-content/plugins/pojo-accessibility/assets/build/fonts/Roboto-700-cyrillic-ext.ef54216e.woff2,,,file,font/woff2,30424,0,,2026-10-10T15:14:03Z,preserve exactly,https://www.gemeinde-merching.de/wp-content/plugins/pojo-accessibility/assets/build/fonts/Roboto-700-cyrillic-ext.ef54216e.woff2,Direct asset URLs may have external backlinks,0,0,0
https://www.gemeinde-merching.de/wp-content/plugins/pojo-accessibility/assets/build/fonts/Roboto-700-cyrillic.969ea6a3.woff2,206,https://www.gemeinde-merching.de/wp-content/plugins/pojo-accessibility/assets/build/fonts/Roboto-700-cyrillic.969ea6a3.woff2,,,file,font/woff2,18852,0,,2026-10-10T15:14:04Z,preserve exactly,https://www.gemeinde-merching.de/wp-content/plugins/pojo-accessibility/assets/build/fonts/Roboto-700-cyrillic.969ea6a3.woff2,Direct asset URLs may have external backlinks,0,0,0
https://www.gemeinde-merching.de/wp-content/plugins/pojo-accessibility/assets/build/fonts/Roboto-700-greek-ext.04782fd5.woff2,206,https://www.gemeinde-merching.de/wp-content/plugins/pojo-accessibility/assets/build/fonts/Roboto-700-greek-ext.04782fd5.woff2,,,file,font/woff2,1580,0,,2026-10-10T15:14:04Z,preserve exactly,https://www.gemeinde-merching.de/wp-content/plugins/pojo-accessibility/assets/build/fonts/Roboto-700-greek-ext.04782fd5.woff2,Direct asset URLs may have external backlinks,0,0,0
https://www.gemeinde-merching.de/wp-content/plugins/pojo-accessibility/assets/build/fonts/Roboto-700-greek.9e4a3805.woff2,206,https://www.gemeinde-merching.de/wp-content/plugins/pojo-accessibility/assets/build/fonts/Roboto-700-greek.9e4a3805.woff2,,,file,font/woff2,13952,0,,2026-10-10T15:14:05Z,preserve exactly,https://www.gemeinde-merching.de/wp-content/plugins/pojo-accessibility/assets/build/fonts/Roboto-700-greek.9e4a3805.woff2,Direct asset URLs may have external backlinks,0,0,0
https://www.gemeinde-merching.de/wp-content/plugins/pojo-accessibility/assets/build/fonts/Roboto-700-latin-ext.6d1ff22c.woff2,206,https://www.gemeinde-merching.de/wp-content/plugins/pojo-accessibility/assets/build/fonts/Roboto-700-latin-ext.6d1ff22c.woff2,,,file,font/woff2,21440,0,,2026-10-10T15:14:05Z,preserve exactly,https://www.gemeinde-merching.de/wp-content/plugins/pojo-accessibility/assets/build/fonts/Roboto-700-latin-ext.6d1ff22c.woff2,Direct asset URLs may have external backlinks,0,0,0
https://www.gemeinde-merching.de/wp-content/plugins/pojo-accessibility/assets/build/fonts/Roboto-700-latin.75e6c243.woff2,206,https://www.gemeinde-merching.de/wp-content/plugins/pojo-accessibility/assets/build/fonts/Roboto-700-latin.75e6c243.woff2,,,file,font/woff2,34668,0,,2026-10-10T15:14:06Z,preserve exactly,https://www.gemeinde-merching.de/wp-content/plugins/pojo-accessibility/assets/build/fonts/Roboto-700-latin.75e6c243.woff2,Direct asset URLs may have external backlinks,0,0,0
https://www.gemeinde-merching.de/wp-content/plugins/pojo-accessibility/assets/build/fonts/Roboto-700-symbols.f5851590.woff2,206,https://www.gemeinde-merching.de/wp-content/plugins/pojo-accessibility/assets/build/fonts/Roboto-700-symbols.f5851590.woff2,,,file,font/woff2,16548,0,,2026-10-10T15:14:07Z,preserve exactly,https://www.gemeinde-merching.de/wp-content/plugins/pojo-accessibility/assets/build/fonts/Roboto-700-symbols.f5851590.woff2,Direct asset URLs may have external backlinks,0,0,0
https://www.gemeinde-merching.de/wp-content/plugins/pojo-accessibility/assets/build/fonts/Roboto-700-vietnamese.b13ae75f.woff2,206,https://www.gemeinde-merching.de/wp-content/plugins/pojo-accessibility/assets/build/fonts/Roboto-700-vietnamese.b13ae75f.woff2,,,file,font/woff2,9276,0,,2026-10-10T15:14:07Z,preserve exactly,https://www.gemeinde-merching.de/wp-content/plugins/pojo-accessibility/assets/build/fonts/Roboto-700-vietnamese.b13ae75f.woff2,Direct asset URLs may have external backlinks,0,0,0
https://www.gemeinde-merching.de/wp-content/plugins/pojo-accessibility/assets/build/lib-postcss.js?ver=dd3d6ae95e727956a431,206,https://www.gemeinde-merching.de/wp-content/plugins/pojo-accessibility/assets/build/lib-postcss.js?ver=dd3d6ae95e727956a431,,,file,text/javascript,51469,0,,2026-10-10T15:12:52Z,preserve exactly,https://www.gemeinde-merching.de/wp-content/plugins/pojo-accessibility/assets/build/lib-postcss.js?ver=dd3d6ae95e727956a431,Direct asset URLs may have external backlinks,0,0,0
https://www.gemeinde-merching.de/wp-content/plugins/pojo-accessibility/assets/build/remediation-module.js?ver=dd3d6ae95e727956a431,206,https://www.gemeinde-merching.de/wp-content/plugins/pojo-accessibility/assets/build/remediation-module.js?ver=dd3d6ae95e727956a431,,,file,text/javascript,10195,0,,2026-10-10T15:12:52Z,preserve exactly,https://www.gemeinde-merching.de/wp-content/plugins/pojo-accessibility/assets/build/remediation-module.js?ver=dd3d6ae95e727956a431,Direct asset URLs may have external backlinks,0,0,0
https://www.gemeinde-merching.de/wp-content/plugins/pojo-accessibility/assets/build/skip-link.css?ver=4.1.4,206,https://www.gemeinde-merching.de/wp-content/plugins/pojo-accessibility/assets/build/skip-link.css?ver=4.1.4,,,stylesheet,text/css,664,0,,2026-10-10T15:12:40Z,preserve exactly,https://www.gemeinde-merching.de/wp-content/plugins/pojo-accessibility/assets/build/skip-link.css?ver=4.1.4,Preserve public path unless domain mapping requires a reviewed change,0,0,0
https://www.gemeinde-merching.de/wp-content/plugins/pt-content-views-pro/public/assets/css/cvpro.min.css?ver=7.4.1,206,https://www.gemeinde-merching.de/wp-content/plugins/pt-content-views-pro/public/assets/css/cvpro.min.css?ver=7.4.1,,,stylesheet,text/css,65327,0,,2026-10-10T15:12:32Z,preserve exactly,https://www.gemeinde-merching.de/wp-content/plugins/pt-content-views-pro/public/assets/css/cvpro.min.css?ver=7.4.1,Preserve public path unless domain mapping requires a reviewed change,0,0,0
https://www.gemeinde-merching.de/wp-content/plugins/pt-content-views-pro/public/assets/images/lazy_image.png,206,https://www.gemeinde-merching.de/wp-content/plugins/pt-content-views-pro/public/assets/images/lazy_image.png,,,image,image/png,115,0,,2026-10-10T14:56:56Z,preserve exactly,https://www.gemeinde-merching.de/wp-content/plugins/pt-content-views-pro/public/assets/images/lazy_image.png,Direct asset URLs may have external backlinks,0,0,0
https://www.gemeinde-merching.de/wp-content/plugins/pt-content-views-pro/public/assets/js/cvpro.min.js?ver=7.4.1,206,https://www.gemeinde-merching.de/wp-content/plugins/pt-content-views-pro/public/assets/js/cvpro.min.js?ver=7.4.1,,,file,text/javascript,165225,0,,2026-10-10T15:12:50Z,preserve exactly,https://www.gemeinde-merching.de/wp-content/plugins/pt-content-views-pro/public/assets/js/cvpro.min.js?ver=7.4.1,Direct asset URLs may have external backlinks,0,0,0
https://www.gemeinde-merching.de/wp-content/plugins/tablepress/css/build/default.css?ver=3.3.4,206,https://www.gemeinde-merching.de/wp-content/plugins/tablepress/css/build/default.css?ver=3.3.4,,,stylesheet,text/css,8064,0,,2026-10-10T15:12:40Z,preserve exactly,https://www.gemeinde-merching.de/wp-content/plugins/tablepress/css/build/default.css?ver=3.3.4,Preserve public path unless domain mapping requires a reviewed change,0,0,0
https://www.gemeinde-merching.de/wp-content/plugins/tablepress/js/jquery.datatables.min.js?ver=3.3.4,206,https://www.gemeinde-merching.de/wp-content/plugins/tablepress/js/jquery.datatables.min.js?ver=3.3.4,,,file,text/javascript,99074,0,,2026-10-10T15:12:59Z,preserve exactly,https://www.gemeinde-merching.de/wp-content/plugins/tablepress/js/jquery.datatables.min.js?ver=3.3.4,Direct asset URLs may have external backlinks,0,0,0
https://www.gemeinde-merching.de/wp-content/plugins/wpdm-extended-shortcodes/css/jqueryFileTree.css,206,https://www.gemeinde-merching.de/wp-content/plugins/wpdm-extended-shortcodes/css/jqueryFileTree.css,,,stylesheet,text/css,7086,0,,2026-10-10T15:12:56Z,preserve exactly,https://www.gemeinde-merching.de/wp-content/plugins/wpdm-extended-shortcodes/css/jqueryFileTree.css,Preserve public path unless domain mapping requires a reviewed change,0,0,25
https://www.gemeinde-merching.de/wp-content/plugins/wpdm-extended-shortcodes/images/application.png,206,https://www.gemeinde-merching.de/wp-content/plugins/wpdm-extended-shortcodes/images/application.png,,,image,image/png,464,0,,2026-10-10T15:14:11Z,preserve exactly,https://www.gemeinde-merching.de/wp-content/plugins/wpdm-extended-shortcodes/images/application.png,Direct asset URLs may have external backlinks,0,0,0
https://www.gemeinde-merching.de/wp-content/plugins/wpdm-extended-shortcodes/images/code.png,206,https://www.gemeinde-merching.de/wp-content/plugins/wpdm-extended-shortcodes/images/code.png,,,image,image/png,603,0,,2026-10-10T15:14:12Z,preserve exactly,https://www.gemeinde-merching.de/wp-content/plugins/wpdm-extended-shortcodes/images/code.png,Direct asset URLs may have external backlinks,0,0,0
https://www.gemeinde-merching.de/wp-content/plugins/wpdm-extended-shortcodes/images/css.png,206,https://www.gemeinde-merching.de/wp-content/plugins/wpdm-extended-shortcodes/images/css.png,,,image,image/png,618,0,,2026-10-10T15:14:13Z,preserve exactly,https://www.gemeinde-merching.de/wp-content/plugins/wpdm-extended-shortcodes/images/css.png,Direct asset URLs may have external backlinks,0,0,0
https://www.gemeinde-merching.de/wp-content/plugins/wpdm-extended-shortcodes/images/db.png,206,https://www.gemeinde-merching.de/wp-content/plugins/wpdm-extended-shortcodes/images/db.png,,,image,image/png,579,0,,2026-10-10T15:14:13Z,preserve exactly,https://www.gemeinde-merching.de/wp-content/plugins/wpdm-extended-shortcodes/images/db.png,Direct asset URLs may have external backlinks,0,0,0
https://www.gemeinde-merching.de/wp-content/plugins/wpdm-extended-shortcodes/images/directory.png,206,https://www.gemeinde-merching.de/wp-content/plugins/wpdm-extended-shortcodes/images/directory.png,,,image,image/png,537,0,,2026-10-10T15:14:14Z,preserve exactly,https://www.gemeinde-merching.de/wp-content/plugins/wpdm-extended-shortcodes/images/directory.png,Direct asset URLs may have external backlinks,0,0,0
https://www.gemeinde-merching.de/wp-content/plugins/wpdm-extended-shortcodes/images/doc.png,206,https://www.gemeinde-merching.de/wp-content/plugins/wpdm-extended-shortcodes/images/doc.png,,,image,image/png,651,0,,2026-10-10T15:14:14Z,preserve exactly,https://www.gemeinde-merching.de/wp-content/plugins/wpdm-extended-shortcodes/images/doc.png,Direct asset URLs may have external backlinks,0,0,0
https://www.gemeinde-merching.de/wp-content/plugins/wpdm-extended-shortcodes/images/file.png,206,https://www.gemeinde-merching.de/wp-content/plugins/wpdm-extended-shortcodes/images/file.png,,,image,image/png,294,0,,2026-10-10T15:14:15Z,preserve exactly,https://www.gemeinde-merching.de/wp-content/plugins/wpdm-extended-shortcodes/images/file.png,Direct asset URLs may have external backlinks,0,0,0
https://www.gemeinde-merching.de/wp-content/plugins/wpdm-extended-shortcodes/images/film.png,206,https://www.gemeinde-merching.de/wp-content/plugins/wpdm-extended-shortcodes/images/film.png,,,image,image/png,653,0,,2026-10-10T15:14:16Z,preserve exactly,https://www.gemeinde-merching.de/wp-content/plugins/wpdm-extended-shortcodes/images/film.png,Direct asset URLs may have external backlinks,0,0,0
https://www.gemeinde-merching.de/wp-content/plugins/wpdm-extended-shortcodes/images/flash.png,206,https://www.gemeinde-merching.de/wp-content/plugins/wpdm-extended-shortcodes/images/flash.png,,,image,image/png,582,0,,2026-10-10T15:14:16Z,preserve exactly,https://www.gemeinde-merching.de/wp-content/plugins/wpdm-extended-shortcodes/images/flash.png,Direct asset URLs may have external backlinks,0,0,0
https://www.gemeinde-merching.de/wp-content/plugins/wpdm-extended-shortcodes/images/folder_open.png,206,https://www.gemeinde-merching.de/wp-content/plugins/wpdm-extended-shortcodes/images/folder_open.png,,,image,image/png,583,0,,2026-10-10T15:14:17Z,preserve exactly,https://www.gemeinde-merching.de/wp-content/plugins/wpdm-extended-shortcodes/images/folder_open.png,Direct asset URLs may have external backlinks,0,0,0
https://www.gemeinde-merching.de/wp-content/plugins/wpdm-extended-shortcodes/images/html.png,206,https://www.gemeinde-merching.de/wp-content/plugins/wpdm-extended-shortcodes/images/html.png,,,image,image/png,734,0,,2026-10-10T15:14:17Z,preserve exactly,https://www.gemeinde-merching.de/wp-content/plugins/wpdm-extended-shortcodes/images/html.png,Direct asset URLs may have external backlinks,0,0,0
https://www.gemeinde-merching.de/wp-content/plugins/wpdm-extended-shortcodes/images/java.png,206,https://www.gemeinde-merching.de/wp-content/plugins/wpdm-extended-shortcodes/images/java.png,,,image,image/png,633,0,,2026-10-10T15:14:18Z,preserve exactly,https://www.gemeinde-merching.de/wp-content/plugins/wpdm-extended-shortcodes/images/java.png,Direct asset URLs may have external backlinks,0,0,0
https://www.gemeinde-merching.de/wp-content/plugins/wpdm-extended-shortcodes/images/linux.png,206,https://www.gemeinde-merching.de/wp-content/plugins/wpdm-extended-shortcodes/images/linux.png,,,image,image/png,668,0,,2026-10-10T15:14:19Z,preserve exactly,https://www.gemeinde-merching.de/wp-content/plugins/wpdm-extended-shortcodes/images/linux.png,Direct asset URLs may have external backlinks,0,0,0
https://www.gemeinde-merching.de/wp-content/plugins/wpdm-extended-shortcodes/images/music.png,206,https://www.gemeinde-merching.de/wp-content/plugins/wpdm-extended-shortcodes/images/music.png,,,image,image/png,385,0,,2026-10-10T15:14:19Z,preserve exactly,https://www.gemeinde-merching.de/wp-content/plugins/wpdm-extended-shortcodes/images/music.png,Direct asset URLs may have external backlinks,0,0,0
https://www.gemeinde-merching.de/wp-content/plugins/wpdm-extended-shortcodes/images/pdf.png,206,https://www.gemeinde-merching.de/wp-content/plugins/wpdm-extended-shortcodes/images/pdf.png,,,image,image/png,591,0,,2026-10-10T15:14:20Z,preserve exactly,https://www.gemeinde-merching.de/wp-content/plugins/wpdm-extended-shortcodes/images/pdf.png,Direct asset URLs may have external backlinks,0,0,0
https://www.gemeinde-merching.de/wp-content/plugins/wpdm-extended-shortcodes/images/php.png,206,https://www.gemeinde-merching.de/wp-content/plugins/wpdm-extended-shortcodes/images/php.png,,,image,image/png,538,0,,2026-10-10T15:14:20Z,preserve exactly,https://www.gemeinde-merching.de/wp-content/plugins/wpdm-extended-shortcodes/images/php.png,Direct asset URLs may have external backlinks,0,0,0
https://www.gemeinde-merching.de/wp-content/plugins/wpdm-extended-shortcodes/images/picture.png,206,https://www.gemeinde-merching.de/wp-content/plugins/wpdm-extended-shortcodes/images/picture.png,,,image,image/png,606,0,,2026-10-10T15:14:21Z,preserve exactly,https://www.gemeinde-merching.de/wp-content/plugins/wpdm-extended-shortcodes/images/picture.png,Direct asset URLs may have external backlinks,0,0,0
https://www.gemeinde-merching.de/wp-content/plugins/wpdm-extended-shortcodes/images/ppt.png,206,https://www.gemeinde-merching.de/wp-content/plugins/wpdm-extended-shortcodes/images/ppt.png,,,image,image/png,588,0,,2026-10-10T15:14:22Z,preserve exactly,https://www.gemeinde-merching.de/wp-content/plugins/wpdm-extended-shortcodes/images/ppt.png,Direct asset URLs may have external backlinks,0,0,0
https://www.gemeinde-merching.de/wp-content/plugins/wpdm-extended-shortcodes/images/psd.png,206,https://www.gemeinde-merching.de/wp-content/plugins/wpdm-extended-shortcodes/images/psd.png,,,image,image/png,856,0,,2026-10-10T15:14:22Z,preserve exactly,https://www.gemeinde-merching.de/wp-content/plugins/wpdm-extended-shortcodes/images/psd.png,Direct asset URLs may have external backlinks,0,0,0
https://www.gemeinde-merching.de/wp-content/plugins/wpdm-extended-shortcodes/images/ruby.png,206,https://www.gemeinde-merching.de/wp-content/plugins/wpdm-extended-shortcodes/images/ruby.png,,,image,image/png,626,0,,2026-10-10T15:14:23Z,preserve exactly,https://www.gemeinde-merching.de/wp-content/plugins/wpdm-extended-shortcodes/images/ruby.png,Direct asset URLs may have external backlinks,0,0,0
https://www.gemeinde-merching.de/wp-content/plugins/wpdm-extended-shortcodes/images/script.png,206,https://www.gemeinde-merching.de/wp-content/plugins/wpdm-extended-shortcodes/images/script.png,,,image,image/png,859,0,,2026-10-10T15:14:23Z,preserve exactly,https://www.gemeinde-merching.de/wp-content/plugins/wpdm-extended-shortcodes/images/script.png,Direct asset URLs may have external backlinks,0,0,0
https://www.gemeinde-merching.de/wp-content/plugins/wpdm-extended-shortcodes/images/spinner.gif,206,https://www.gemeinde-merching.de/wp-content/plugins/wpdm-extended-shortcodes/images/spinner.gif,,,image,image/gif,2530,0,,2026-10-10T15:14:24Z,preserve exactly,https://www.gemeinde-merching.de/wp-content/plugins/wpdm-extended-shortcodes/images/spinner.gif,Direct asset URLs may have external backlinks,0,0,0
https://www.gemeinde-merching.de/wp-content/plugins/wpdm-extended-shortcodes/images/txt.png,206,https://www.gemeinde-merching.de/wp-content/plugins/wpdm-extended-shortcodes/images/txt.png,,,image,image/png,342,0,,2026-10-10T15:14:25Z,preserve exactly,https://www.gemeinde-merching.de/wp-content/plugins/wpdm-extended-shortcodes/images/txt.png,Direct asset URLs may have external backlinks,0,0,0
https://www.gemeinde-merching.de/wp-content/plugins/wpdm-extended-shortcodes/images/xls.png,206,https://www.gemeinde-merching.de/wp-content/plugins/wpdm-extended-shortcodes/images/xls.png,,,image,image/png,663,0,,2026-10-10T15:14:25Z,preserve exactly,https://www.gemeinde-merching.de/wp-content/plugins/wpdm-extended-shortcodes/images/xls.png,Direct asset URLs may have external backlinks,0,0,0
https://www.gemeinde-merching.de/wp-content/plugins/wpdm-extended-shortcodes/images/zip.png,206,https://www.gemeinde-merching.de/wp-content/plugins/wpdm-extended-shortcodes/images/zip.png,,,image,image/png,386,0,,2026-10-10T15:14:26Z,preserve exactly,https://www.gemeinde-merching.de/wp-content/plugins/wpdm-extended-shortcodes/images/zip.png,Direct asset URLs may have external backlinks,0,0,0
https://www.gemeinde-merching.de/wp-content/themes/astra/assets/css/minified/compatibility/contact-form-7-main.min.css?ver=4.13.10,206,https://www.gemeinde-merching.de/wp-content/themes/astra/assets/css/minified/compatibility/contact-form-7-main.min.css?ver=4.13.10,,,stylesheet,text/css,882,0,,2026-10-10T15:12:35Z,preserve exactly,https://www.gemeinde-merching.de/wp-content/themes/astra/assets/css/minified/compatibility/contact-form-7-main.min.css?ver=4.13.10,Preserve public path unless domain mapping requires a reviewed change,0,0,0
https://www.gemeinde-merching.de/wp-content/themes/astra/assets/css/minified/main.min.css?ver=4.13.10,206,https://www.gemeinde-merching.de/wp-content/themes/astra/assets/css/minified/main.min.css?ver=4.13.10,,,stylesheet,text/css,44905,0,,2026-10-10T15:12:33Z,preserve exactly,https://www.gemeinde-merching.de/wp-content/themes/astra/assets/css/minified/main.min.css?ver=4.13.10,Preserve public path unless domain mapping requires a reviewed change,0,0,0
https://www.gemeinde-merching.de/wp-content/themes/astra/assets/css/minified/menu-animation.min.css?ver=4.13.10,206,https://www.gemeinde-merching.de/wp-content/themes/astra/assets/css/minified/menu-animation.min.css?ver=4.13.10,,,stylesheet,text/css,3501,0,,2026-10-10T15:12:34Z,preserve exactly,https://www.gemeinde-merching.de/wp-content/themes/astra/assets/css/minified/menu-animation.min.css?ver=4.13.10,Preserve public path unless domain mapping requires a reviewed change,0,0,0
https://www.gemeinde-merching.de/wp-content/themes/astra/assets/js/minified/frontend.min.js?ver=4.13.10,206,https://www.gemeinde-merching.de/wp-content/themes/astra/assets/js/minified/frontend.min.js?ver=4.13.10,,,file,text/javascript,26311,0,,2026-10-10T15:12:47Z,preserve exactly,https://www.gemeinde-merching.de/wp-content/themes/astra/assets/js/minified/frontend.min.js?ver=4.13.10,Direct asset URLs may have external backlinks,0,0,0
https://www.gemeinde-merching.de/wp-content/uploads/2012/06/Wappen-Merching_k.gif,206,https://www.gemeinde-merching.de/wp-content/uploads/2012/06/Wappen-Merching_k.gif,,,image,image/gif,6800,0,,2026-10-10T14:58:48Z,preserve exactly,https://www.gemeinde-merching.de/wp-content/uploads/2012/06/Wappen-Merching_k.gif,Direct asset URLs may have external backlinks,0,0,0
https://www.gemeinde-merching.de/wp-content/uploads/2012/06/felder-am-ortsrand-300x200.jpg,206,https://www.gemeinde-merching.de/wp-content/uploads/2012/06/felder-am-ortsrand-300x200.jpg,,,image,image/jpeg,33669,0,,2026-10-10T14:58:58Z,preserve exactly,https://www.gemeinde-merching.de/wp-content/uploads/2012/06/felder-am-ortsrand-300x200.jpg,Direct asset URLs may have external backlinks,0,0,0
https://www.gemeinde-merching.de/wp-content/uploads/2012/06/felder-am-ortsrand.jpg,206,https://www.gemeinde-merching.de/wp-content/uploads/2012/06/felder-am-ortsrand.jpg,,,image,image/jpeg,228601,0,,2026-10-10T14:58:59Z,preserve exactly,https://www.gemeinde-merching.de/wp-content/uploads/2012/06/felder-am-ortsrand.jpg,Direct asset URLs may have external backlinks,0,0,0
https://www.gemeinde-merching.de/wp-content/uploads/2012/06/lage.jpg,206,https://www.gemeinde-merching.de/wp-content/uploads/2012/06/lage.jpg,,,image,image/jpeg,7888,0,,2026-10-10T14:58:46Z,preserve exactly,https://www.gemeinde-merching.de/wp-content/uploads/2012/06/lage.jpg,Direct asset URLs may have external backlinks,0,0,0
https://www.gemeinde-merching.de/wp-content/uploads/2012/06/maibaum.jpg,206,https://www.gemeinde-merching.de/wp-content/uploads/2012/06/maibaum.jpg,,,image,image/jpeg,32550,0,,2026-10-10T14:57:03Z,preserve exactly,https://www.gemeinde-merching.de/wp-content/uploads/2012/06/maibaum.jpg,Direct asset URLs may have external backlinks,0,0,0
https://www.gemeinde-merching.de/wp-content/uploads/2012/06/rathaus-merching2.jpg,206,https://www.gemeinde-merching.de/wp-content/uploads/2012/06/rathaus-merching2.jpg,,,image,image/jpeg,72649,0,,2026-10-10T14:57:16Z,preserve exactly,https://www.gemeinde-merching.de/wp-content/uploads/2012/06/rathaus-merching2.jpg,Direct asset URLs may have external backlinks,0,0,0
https://www.gemeinde-merching.de/wp-content/uploads/2012/06/rathaus-merching4.jpg,206,https://www.gemeinde-merching.de/wp-content/uploads/2012/06/rathaus-merching4.jpg,,,image,image/jpeg,218530,0,,2026-10-10T15:05:24Z,preserve exactly,https://www.gemeinde-merching.de/wp-content/uploads/2012/06/rathaus-merching4.jpg,Direct asset URLs may have external backlinks,0,0,0
https://www.gemeinde-merching.de/wp-content/uploads/2012/07/BayernAtlas-1024x552.jpg,206,https://www.gemeinde-merching.de/wp-content/uploads/2012/07/BayernAtlas-1024x552.jpg,,,image,image/jpeg,153509,0,,2026-10-10T14:59:12Z,preserve exactly,https://www.gemeinde-merching.de/wp-content/uploads/2012/07/BayernAtlas-1024x552.jpg,Direct asset URLs may have external backlinks,0,0,0
https://www.gemeinde-merching.de/wp-content/uploads/2012/07/BayernAtlas-300x161.jpg,206,https://www.gemeinde-merching.de/wp-content/uploads/2012/07/BayernAtlas-300x161.jpg,,,image,image/jpeg,19725,0,,2026-10-10T14:59:13Z,preserve exactly,https://www.gemeinde-merching.de/wp-content/uploads/2012/07/BayernAtlas-300x161.jpg,Direct asset URLs may have external backlinks,0,0,0
https://www.gemeinde-merching.de/wp-content/uploads/2012/07/BayernAtlas.jpg,206,https://www.gemeinde-merching.de/wp-content/uploads/2012/07/BayernAtlas.jpg,,,image,image/jpeg,919182,0,,2026-10-10T14:59:13Z,preserve exactly,https://www.gemeinde-merching.de/wp-content/uploads/2012/07/BayernAtlas.jpg,Direct asset URLs may have external backlinks,0,0,0
https://www.gemeinde-merching.de/wp-content/uploads/2012/07/Kopfbild-Startseite-300x120.jpg,206,https://www.gemeinde-merching.de/wp-content/uploads/2012/07/Kopfbild-Startseite-300x120.jpg,,,image,image/jpeg,9091,0,,2026-10-10T14:57:32Z,preserve exactly,https://www.gemeinde-merching.de/wp-content/uploads/2012/07/Kopfbild-Startseite-300x120.jpg,Direct asset URLs may have external backlinks,0,0,0
https://www.gemeinde-merching.de/wp-content/uploads/2012/07/Kopfbild-Startseite.jpg,206,https://www.gemeinde-merching.de/wp-content/uploads/2012/07/Kopfbild-Startseite.jpg,,,image,image/jpeg,52635,0,,2026-10-10T14:57:33Z,preserve exactly,https://www.gemeinde-merching.de/wp-content/uploads/2012/07/Kopfbild-Startseite.jpg,Direct asset URLs may have external backlinks,0,0,0
https://www.gemeinde-merching.de/wp-content/uploads/2012/07/feuerwehrauto-merching-300x200.jpg,206,https://www.gemeinde-merching.de/wp-content/uploads/2012/07/feuerwehrauto-merching-300x200.jpg,,,image,image/jpeg,18695,0,,2026-10-10T14:58:33Z,preserve exactly,https://www.gemeinde-merching.de/wp-content/uploads/2012/07/feuerwehrauto-merching-300x200.jpg,Direct asset URLs may have external backlinks,0,0,0
https://www.gemeinde-merching.de/wp-content/uploads/2012/07/feuerwehrauto-merching.jpg,206,https://www.gemeinde-merching.de/wp-content/uploads/2012/07/feuerwehrauto-merching.jpg,,,image,image/jpeg,49637,0,,2026-10-10T14:58:33Z,preserve exactly,https://www.gemeinde-merching.de/wp-content/uploads/2012/07/feuerwehrauto-merching.jpg,Direct asset URLs may have external backlinks,0,0,0
https://www.gemeinde-merching.de/wp-content/uploads/2012/07/gemeindekurier-300x68.jpg,206,https://www.gemeinde-merching.de/wp-content/uploads/2012/07/gemeindekurier-300x68.jpg,,,image,image/jpeg,8835,0,,2026-10-10T14:57:23Z,preserve exactly,https://www.gemeinde-merching.de/wp-content/uploads/2012/07/gemeindekurier-300x68.jpg,Direct asset URLs may have external backlinks,0,0,0
https://www.gemeinde-merching.de/wp-content/uploads/2012/07/gemeindekurier.jpg,206,https://www.gemeinde-merching.de/wp-content/uploads/2012/07/gemeindekurier.jpg,,,image,image/jpeg,14899,0,,2026-10-10T14:57:24Z,preserve exactly,https://www.gemeinde-merching.de/wp-content/uploads/2012/07/gemeindekurier.jpg,Direct asset URLs may have external backlinks,0,0,0
https://www.gemeinde-merching.de/wp-content/uploads/2012/07/mandicho-stausee_2-300x200.jpg,206,https://www.gemeinde-merching.de/wp-content/uploads/2012/07/mandicho-stausee_2-300x200.jpg,,,image,image/jpeg,30194,0,,2026-10-10T14:58:34Z,preserve exactly,https://www.gemeinde-merching.de/wp-content/uploads/2012/07/mandicho-stausee_2-300x200.jpg,Direct asset URLs may have external backlinks,0,0,0
https://www.gemeinde-merching.de/wp-content/uploads/2012/07/mandicho-stausee_2.jpg,206,https://www.gemeinde-merching.de/wp-content/uploads/2012/07/mandicho-stausee_2.jpg,,,image,image/jpeg,209026,0,,2026-10-10T14:58:34Z,preserve exactly,https://www.gemeinde-merching.de/wp-content/uploads/2012/07/mandicho-stausee_2.jpg,Direct asset URLs may have external backlinks,0,0,0
https://www.gemeinde-merching.de/wp-content/uploads/2012/07/ortsrecht-300x68.jpg,206,https://www.gemeinde-merching.de/wp-content/uploads/2012/07/ortsrecht-300x68.jpg,,,image,image/jpeg,7345,0,,2026-10-10T14:57:33Z,preserve exactly,https://www.gemeinde-merching.de/wp-content/uploads/2012/07/ortsrecht-300x68.jpg,Direct asset URLs may have external backlinks,0,0,0
https://www.gemeinde-merching.de/wp-content/uploads/2012/07/ortsrecht.jpg,206,https://www.gemeinde-merching.de/wp-content/uploads/2012/07/ortsrecht.jpg,,,image,image/jpeg,12473,0,,2026-10-10T14:57:34Z,preserve exactly,https://www.gemeinde-merching.de/wp-content/uploads/2012/07/ortsrecht.jpg,Direct asset URLs may have external backlinks,0,0,0
https://www.gemeinde-merching.de/wp-content/uploads/2012/07/schule-merching-300x200.jpg,206,https://www.gemeinde-merching.de/wp-content/uploads/2012/07/schule-merching-300x200.jpg,,,image,image/jpeg,21746,0,,2026-10-10T14:58:35Z,preserve exactly,https://www.gemeinde-merching.de/wp-content/uploads/2012/07/schule-merching-300x200.jpg,Direct asset URLs may have external backlinks,0,0,0
https://www.gemeinde-merching.de/wp-content/uploads/2012/07/schule-merching.jpg,206,https://www.gemeinde-merching.de/wp-content/uploads/2012/07/schule-merching.jpg,,,image,image/jpeg,163440,0,,2026-10-10T14:58:36Z,preserve exactly,https://www.gemeinde-merching.de/wp-content/uploads/2012/07/schule-merching.jpg,Direct asset URLs may have external backlinks,0,0,0
https://www.gemeinde-merching.de/wp-content/uploads/2013/06/Mandat_Grundschulverband.pdf,206,https://www.gemeinde-merching.de/wp-content/uploads/2013/06/Mandat_Grundschulverband.pdf,,,PDF,application/pdf,23331,0,,2026-10-10T14:56:49Z,preserve exactly,https://www.gemeinde-merching.de/wp-content/uploads/2013/06/Mandat_Grundschulverband.pdf,Direct asset URLs may have external backlinks,0,0,0
https://www.gemeinde-merching.de/wp-content/uploads/2013/06/Mandat_Mittelschulverband.pdf,206,https://www.gemeinde-merching.de/wp-content/uploads/2013/06/Mandat_Mittelschulverband.pdf,,,PDF,application/pdf,23438,0,,2026-10-10T14:56:50Z,preserve exactly,https://www.gemeinde-merching.de/wp-content/uploads/2013/06/Mandat_Mittelschulverband.pdf,Direct asset URLs may have external backlinks,0,0,0
https://www.gemeinde-merching.de/wp-content/uploads/2014/11/Logo_Energieatlas.jpg,206,https://www.gemeinde-merching.de/wp-content/uploads/2014/11/Logo_Energieatlas.jpg,,,image,image/jpeg,8681,0,,2026-10-10T14:57:24Z,preserve exactly,https://www.gemeinde-merching.de/wp-content/uploads/2014/11/Logo_Energieatlas.jpg,Direct asset URLs may have external backlinks,0,0,0
https://www.gemeinde-merching.de/wp-content/uploads/2015/08/Merching-Ablauf-1.jpg,206,https://www.gemeinde-merching.de/wp-content/uploads/2015/08/Merching-Ablauf-1.jpg,,,image,image/jpeg,112250,0,,2026-10-10T15:05:24Z,preserve exactly,https://www.gemeinde-merching.de/wp-content/uploads/2015/08/Merching-Ablauf-1.jpg,Direct asset URLs may have external backlinks,0,0,0
https://www.gemeinde-merching.de/wp-content/uploads/2015/08/Merching-Ablauf-2.jpg,206,https://www.gemeinde-merching.de/wp-content/uploads/2015/08/Merching-Ablauf-2.jpg,,,image,image/jpeg,65591,0,,2026-10-10T15:05:25Z,preserve exactly,https://www.gemeinde-merching.de/wp-content/uploads/2015/08/Merching-Ablauf-2.jpg,Direct asset URLs may have external backlinks,0,0,0
https://www.gemeinde-merching.de/wp-content/uploads/2015/08/Merching-Ablauf-3.jpg,206,https://www.gemeinde-merching.de/wp-content/uploads/2015/08/Merching-Ablauf-3.jpg,,,image,image/jpeg,96514,0,,2026-10-10T15:05:25Z,preserve exactly,https://www.gemeinde-merching.de/wp-content/uploads/2015/08/Merching-Ablauf-3.jpg,Direct asset URLs may have external backlinks,0,0,0
https://www.gemeinde-merching.de/wp-content/uploads/2016/08/BSP_Logo_180.jpg,206,https://www.gemeinde-merching.de/wp-content/uploads/2016/08/BSP_Logo_180.jpg,,,image,image/jpeg,65119,0,,2026-10-10T14:57:21Z,preserve exactly,https://www.gemeinde-merching.de/wp-content/uploads/2016/08/BSP_Logo_180.jpg,Direct asset URLs may have external backlinks,0,0,0
https://www.gemeinde-merching.de/wp-content/uploads/2018/08/Logo-Hochwasser.jpg,206,https://www.gemeinde-merching.de/wp-content/uploads/2018/08/Logo-Hochwasser.jpg,,,image,image/jpeg,4621,0,,2026-10-10T14:57:25Z,preserve exactly,https://www.gemeinde-merching.de/wp-content/uploads/2018/08/Logo-Hochwasser.jpg,Direct asset URLs may have external backlinks,0,0,0
https://www.gemeinde-merching.de/wp-content/uploads/2018/09/Logo-BRB.jpg,206,https://www.gemeinde-merching.de/wp-content/uploads/2018/09/Logo-BRB.jpg,,,image,image/jpeg,2381,0,,2026-10-10T14:57:25Z,preserve exactly,https://www.gemeinde-merching.de/wp-content/uploads/2018/09/Logo-BRB.jpg,Direct asset URLs may have external backlinks,0,0,0
https://www.gemeinde-merching.de/wp-content/uploads/2018/11/Logo-Advent.pdf,206,https://www.gemeinde-merching.de/wp-content/uploads/2018/11/Logo-Advent.pdf,,,PDF,application/pdf,280548,0,,2026-10-10T15:05:26Z,preserve exactly,https://www.gemeinde-merching.de/wp-content/uploads/2018/11/Logo-Advent.pdf,Direct asset URLs may have external backlinks,0,0,0
https://www.gemeinde-merching.de/wp-content/uploads/2019/03/Vordruck_Bauplatzbewerbung.pdf,206,https://www.gemeinde-merching.de/wp-content/uploads/2019/03/Vordruck_Bauplatzbewerbung.pdf,,,PDF,application/pdf,8426,0,,2026-10-10T15:05:27Z,preserve exactly,https://www.gemeinde-merching.de/wp-content/uploads/2019/03/Vordruck_Bauplatzbewerbung.pdf,Direct asset URLs may have external backlinks,0,0,0
https://www.gemeinde-merching.de/wp-content/uploads/2020/05/1-Luichtl-217x300.jpg,206,https://www.gemeinde-merching.de/wp-content/uploads/2020/05/1-Luichtl-217x300.jpg,,,image,image/jpeg,23187,0,,2026-10-10T15:05:27Z,preserve exactly,https://www.gemeinde-merching.de/wp-content/uploads/2020/05/1-Luichtl-217x300.jpg,Direct asset URLs may have external backlinks,0,0,0
https://www.gemeinde-merching.de/wp-content/uploads/2020/05/1-Luichtl-scaled.jpg,206,https://www.gemeinde-merching.de/wp-content/uploads/2020/05/1-Luichtl-scaled.jpg,,,image,image/jpeg,693300,0,,2026-10-10T14:59:30Z,preserve exactly,https://www.gemeinde-merching.de/wp-content/uploads/2020/05/1-Luichtl-scaled.jpg,Direct asset URLs may have external backlinks,0,0,0
https://www.gemeinde-merching.de/wp-content/uploads/2020/05/1-Luichtl.jpg,206,https://www.gemeinde-merching.de/wp-content/uploads/2020/05/1-Luichtl.jpg,,,image,image/jpeg,2097152,0,,2026-10-10T15:05:28Z,preserve exactly,https://www.gemeinde-merching.de/wp-content/uploads/2020/05/1-Luichtl.jpg,Direct asset URLs may have external backlinks,0,0,0
https://www.gemeinde-merching.de/wp-content/uploads/2020/05/1-Luichtl2-micro.jpg,206,https://www.gemeinde-merching.de/wp-content/uploads/2020/05/1-Luichtl2-micro.jpg,,,image,image/jpeg,7245,0,,2026-10-10T15:05:28Z,preserve exactly,https://www.gemeinde-merching.de/wp-content/uploads/2020/05/1-Luichtl2-micro.jpg,Direct asset URLs may have external backlinks,0,0,0
https://www.gemeinde-merching.de/wp-content/uploads/2020/05/1-Luichtl2.jpg,206,https://www.gemeinde-merching.de/wp-content/uploads/2020/05/1-Luichtl2.jpg,,,image,image/jpeg,50793,0,,2026-10-10T15:05:29Z,preserve exactly,https://www.gemeinde-merching.de/wp-content/uploads/2020/05/1-Luichtl2.jpg,Direct asset URLs may have external backlinks,0,0,0
https://www.gemeinde-merching.de/wp-content/uploads/2020/05/1-Luichtl2_klein.jpg,206,https://www.gemeinde-merching.de/wp-content/uploads/2020/05/1-Luichtl2_klein.jpg,,,image,image/jpeg,5727,0,,2026-10-10T15:05:30Z,preserve exactly,https://www.gemeinde-merching.de/wp-content/uploads/2020/05/1-Luichtl2_klein.jpg,Direct asset URLs may have external backlinks,0,0,0
https://www.gemeinde-merching.de/wp-content/uploads/2020/05/14-Schwarz2.jpg,206,https://www.gemeinde-merching.de/wp-content/uploads/2020/05/14-Schwarz2.jpg,,,image,image/jpeg,27612,0,,2026-10-10T15:05:30Z,preserve exactly,https://www.gemeinde-merching.de/wp-content/uploads/2020/05/14-Schwarz2.jpg,Direct asset URLs may have external backlinks,0,0,0
https://www.gemeinde-merching.de/wp-content/uploads/2020/05/14-Schwarz2_klein.jpg,206,https://www.gemeinde-merching.de/wp-content/uploads/2020/05/14-Schwarz2_klein.jpg,,,image,image/jpeg,4331,0,,2026-10-10T15:05:31Z,preserve exactly,https://www.gemeinde-merching.de/wp-content/uploads/2020/05/14-Schwarz2_klein.jpg,Direct asset URLs may have external backlinks,0,0,0
https://www.gemeinde-merching.de/wp-content/uploads/2020/05/15-Dittebrand2.jpg,206,https://www.gemeinde-merching.de/wp-content/uploads/2020/05/15-Dittebrand2.jpg,,,image,image/jpeg,28050,0,,2026-10-10T15:05:31Z,preserve exactly,https://www.gemeinde-merching.de/wp-content/uploads/2020/05/15-Dittebrand2.jpg,Direct asset URLs may have external backlinks,0,0,0
https://www.gemeinde-merching.de/wp-content/uploads/2020/05/15-Dittebrand2_klein.jpg,206,https://www.gemeinde-merching.de/wp-content/uploads/2020/05/15-Dittebrand2_klein.jpg,,,image,image/jpeg,4600,0,,2026-10-10T15:05:32Z,preserve exactly,https://www.gemeinde-merching.de/wp-content/uploads/2020/05/15-Dittebrand2_klein.jpg,Direct asset URLs may have external backlinks,0,0,0
https://www.gemeinde-merching.de/wp-content/uploads/2020/05/1_Robert_Graf_400.jpg,206,https://www.gemeinde-merching.de/wp-content/uploads/2020/05/1_Robert_Graf_400.jpg,,,image,image/jpeg,166260,0,,2026-10-10T15:05:33Z,preserve exactly,https://www.gemeinde-merching.de/wp-content/uploads/2020/05/1_Robert_Graf_400.jpg,Direct asset URLs may have external backlinks,0,0,0
https://www.gemeinde-merching.de/wp-content/uploads/2020/05/1_Robert_Graf_400_klein.jpg,206,https://www.gemeinde-merching.de/wp-content/uploads/2020/05/1_Robert_Graf_400_klein.jpg,,,image,image/jpeg,12721,0,,2026-10-10T15:05:33Z,preserve exactly,https://www.gemeinde-merching.de/wp-content/uploads/2020/05/1_Robert_Graf_400_klein.jpg,Direct asset URLs may have external backlinks,0,0,0
https://www.gemeinde-merching.de/wp-content/uploads/2020/05/2-Teifelhart2.jpg,206,https://www.gemeinde-merching.de/wp-content/uploads/2020/05/2-Teifelhart2.jpg,,,image,image/jpeg,28148,0,,2026-10-10T15:05:34Z,preserve exactly,https://www.gemeinde-merching.de/wp-content/uploads/2020/05/2-Teifelhart2.jpg,Direct asset URLs may have external backlinks,0,0,0
https://www.gemeinde-merching.de/wp-content/uploads/2020/05/2-Teifelhart2_klein.jpg,206,https://www.gemeinde-merching.de/wp-content/uploads/2020/05/2-Teifelhart2_klein.jpg,,,image,image/jpeg,4754,0,,2026-10-10T15:05:34Z,preserve exactly,https://www.gemeinde-merching.de/wp-content/uploads/2020/05/2-Teifelhart2_klein.jpg,Direct asset URLs may have external backlinks,0,0,0
https://www.gemeinde-merching.de/wp-content/uploads/2020/05/3_Wolfgang_Schlagenhauf_400.jpg,206,https://www.gemeinde-merching.de/wp-content/uploads/2020/05/3_Wolfgang_Schlagenhauf_400.jpg,,,image,image/jpeg,165401,0,,2026-10-10T15:05:35Z,preserve exactly,https://www.gemeinde-merching.de/wp-content/uploads/2020/05/3_Wolfgang_Schlagenhauf_400.jpg,Direct asset URLs may have external backlinks,0,0,0
https://www.gemeinde-merching.de/wp-content/uploads/2020/05/3_Wolfgang_Schlagenhauf_400_klein.jpg,206,https://www.gemeinde-merching.de/wp-content/uploads/2020/05/3_Wolfgang_Schlagenhauf_400_klein.jpg,,,image,image/jpeg,9901,0,,2026-10-10T15:05:36Z,preserve exactly,https://www.gemeinde-merching.de/wp-content/uploads/2020/05/3_Wolfgang_Schlagenhauf_400_klein.jpg,Direct asset URLs may have external backlinks,0,0,0
https://www.gemeinde-merching.de/wp-content/uploads/2020/05/4-Mayr2.jpg,206,https://www.gemeinde-merching.de/wp-content/uploads/2020/05/4-Mayr2.jpg,,,image,image/jpeg,44691,0,,2026-10-10T15:05:36Z,preserve exactly,https://www.gemeinde-merching.de/wp-content/uploads/2020/05/4-Mayr2.jpg,Direct asset URLs may have external backlinks,0,0,0
https://www.gemeinde-merching.de/wp-content/uploads/2020/05/4-Mayr2_klein.jpg,206,https://www.gemeinde-merching.de/wp-content/uploads/2020/05/4-Mayr2_klein.jpg,,,image,image/jpeg,5144,0,,2026-10-10T15:05:37Z,preserve exactly,https://www.gemeinde-merching.de/wp-content/uploads/2020/05/4-Mayr2_klein.jpg,Direct asset URLs may have external backlinks,0,0,0
https://www.gemeinde-merching.de/wp-content/uploads/2020/05/6-Greipel2.jpg,206,https://www.gemeinde-merching.de/wp-content/uploads/2020/05/6-Greipel2.jpg,,,image,image/jpeg,29267,0,,2026-10-10T15:05:37Z,preserve exactly,https://www.gemeinde-merching.de/wp-content/uploads/2020/05/6-Greipel2.jpg,Direct asset URLs may have external backlinks,0,0,0
https://www.gemeinde-merching.de/wp-content/uploads/2020/05/6-Greipel2_klein.jpg,206,https://www.gemeinde-merching.de/wp-content/uploads/2020/05/6-Greipel2_klein.jpg,,,image,image/jpeg,5361,0,,2026-10-10T14:58:36Z,preserve exactly,https://www.gemeinde-merching.de/wp-content/uploads/2020/05/6-Greipel2_klein.jpg,Direct asset URLs may have external backlinks,0,0,0
https://www.gemeinde-merching.de/wp-content/uploads/2020/05/7_0Storch.jpg,206,https://www.gemeinde-merching.de/wp-content/uploads/2020/05/7_0Storch.jpg,,,image,image/jpeg,43068,0,,2026-10-10T15:05:38Z,preserve exactly,https://www.gemeinde-merching.de/wp-content/uploads/2020/05/7_0Storch.jpg,Direct asset URLs may have external backlinks,0,0,0
https://www.gemeinde-merching.de/wp-content/uploads/2020/05/7_0Storch_klein.jpg,206,https://www.gemeinde-merching.de/wp-content/uploads/2020/05/7_0Storch_klein.jpg,,,image,image/jpeg,5487,0,,2026-10-10T15:05:39Z,preserve exactly,https://www.gemeinde-merching.de/wp-content/uploads/2020/05/7_0Storch_klein.jpg,Direct asset URLs may have external backlinks,0,0,0
https://www.gemeinde-merching.de/wp-content/uploads/2020/05/7_12Scheibenbogen.jpg,206,https://www.gemeinde-merching.de/wp-content/uploads/2020/05/7_12Scheibenbogen.jpg,,,image,image/jpeg,38767,0,,2026-10-10T15:05:39Z,preserve exactly,https://www.gemeinde-merching.de/wp-content/uploads/2020/05/7_12Scheibenbogen.jpg,Direct asset URLs may have external backlinks,0,0,0
https://www.gemeinde-merching.de/wp-content/uploads/2020/05/7_12Scheibenbogen_klein.jpg,206,https://www.gemeinde-merching.de/wp-content/uploads/2020/05/7_12Scheibenbogen_klein.jpg,,,image,image/jpeg,5409,0,,2026-10-10T15:05:40Z,preserve exactly,https://www.gemeinde-merching.de/wp-content/uploads/2020/05/7_12Scheibenbogen_klein.jpg,Direct asset URLs may have external backlinks,0,0,0
https://www.gemeinde-merching.de/wp-content/uploads/2020/05/7_14Waitzmann.jpg,206,https://www.gemeinde-merching.de/wp-content/uploads/2020/05/7_14Waitzmann.jpg,,,image,image/jpeg,28253,0,,2026-10-10T15:05:40Z,preserve exactly,https://www.gemeinde-merching.de/wp-content/uploads/2020/05/7_14Waitzmann.jpg,Direct asset URLs may have external backlinks,0,0,0
https://www.gemeinde-merching.de/wp-content/uploads/2020/05/7_14Waitzmann_klein.jpg,206,https://www.gemeinde-merching.de/wp-content/uploads/2020/05/7_14Waitzmann_klein.jpg,,,image,image/jpeg,4767,0,,2026-10-10T15:05:41Z,preserve exactly,https://www.gemeinde-merching.de/wp-content/uploads/2020/05/7_14Waitzmann_klein.jpg,Direct asset URLs may have external backlinks,0,0,0
https://www.gemeinde-merching.de/wp-content/uploads/2020/05/7_15Wecker_Martin.jpg,206,https://www.gemeinde-merching.de/wp-content/uploads/2020/05/7_15Wecker_Martin.jpg,,,image,image/jpeg,24661,0,,2026-10-10T15:05:42Z,preserve exactly,https://www.gemeinde-merching.de/wp-content/uploads/2020/05/7_15Wecker_Martin.jpg,Direct asset URLs may have external backlinks,0,0,0
https://www.gemeinde-merching.de/wp-content/uploads/2020/05/7_15Wecker_Martin_klein.jpg,206,https://www.gemeinde-merching.de/wp-content/uploads/2020/05/7_15Wecker_Martin_klein.jpg,,,image,image/jpeg,4712,0,,2026-10-10T15:05:42Z,preserve exactly,https://www.gemeinde-merching.de/wp-content/uploads/2020/05/7_15Wecker_Martin_klein.jpg,Direct asset URLs may have external backlinks,0,0,0
https://www.gemeinde-merching.de/wp-content/uploads/2020/05/7_2Eckmann.jpg,206,https://www.gemeinde-merching.de/wp-content/uploads/2020/05/7_2Eckmann.jpg,,,image,image/jpeg,34532,0,,2026-10-10T15:05:43Z,preserve exactly,https://www.gemeinde-merching.de/wp-content/uploads/2020/05/7_2Eckmann.jpg,Direct asset URLs may have external backlinks,0,0,0
https://www.gemeinde-merching.de/wp-content/uploads/2020/05/7_2Eckmann_klein.jpg,206,https://www.gemeinde-merching.de/wp-content/uploads/2020/05/7_2Eckmann_klein.jpg,,,image,image/jpeg,4778,0,,2026-10-10T15:05:43Z,preserve exactly,https://www.gemeinde-merching.de/wp-content/uploads/2020/05/7_2Eckmann_klein.jpg,Direct asset URLs may have external backlinks,0,0,0
https://www.gemeinde-merching.de/wp-content/uploads/2020/05/7_3Failer-Josef.jpg,206,https://www.gemeinde-merching.de/wp-content/uploads/2020/05/7_3Failer-Josef.jpg,,,image,image/jpeg,25011,0,,2026-10-10T15:05:44Z,preserve exactly,https://www.gemeinde-merching.de/wp-content/uploads/2020/05/7_3Failer-Josef.jpg,Direct asset URLs may have external backlinks,0,0,0
https://www.gemeinde-merching.de/wp-content/uploads/2020/05/7_3Failer-Josef_klein.jpg,206,https://www.gemeinde-merching.de/wp-content/uploads/2020/05/7_3Failer-Josef_klein.jpg,,,image,image/jpeg,4207,0,,2026-10-10T15:05:45Z,preserve exactly,https://www.gemeinde-merching.de/wp-content/uploads/2020/05/7_3Failer-Josef_klein.jpg,Direct asset URLs may have external backlinks,0,0,0
https://www.gemeinde-merching.de/wp-content/uploads/2020/05/7_4Failer_Christian.jpg,206,https://www.gemeinde-merching.de/wp-content/uploads/2020/05/7_4Failer_Christian.jpg,,,image,image/jpeg,52407,0,,2026-10-10T15:05:45Z,preserve exactly,https://www.gemeinde-merching.de/wp-content/uploads/2020/05/7_4Failer_Christian.jpg,Direct asset URLs may have external backlinks,0,0,0
https://www.gemeinde-merching.de/wp-content/uploads/2020/05/7_4Failer_Christian_klein.jpg,206,https://www.gemeinde-merching.de/wp-content/uploads/2020/05/7_4Failer_Christian_klein.jpg,,,image,image/jpeg,4819,0,,2026-10-10T15:05:46Z,preserve exactly,https://www.gemeinde-merching.de/wp-content/uploads/2020/05/7_4Failer_Christian_klein.jpg,Direct asset URLs may have external backlinks,0,0,0
https://www.gemeinde-merching.de/wp-content/uploads/2020/05/7_7Lutz.jpg,206,https://www.gemeinde-merching.de/wp-content/uploads/2020/05/7_7Lutz.jpg,,,image,image/jpeg,27383,0,,2026-10-10T15:05:46Z,preserve exactly,https://www.gemeinde-merching.de/wp-content/uploads/2020/05/7_7Lutz.jpg,Direct asset URLs may have external backlinks,0,0,0
https://www.gemeinde-merching.de/wp-content/uploads/2020/05/7_7Lutz_klein.jpg,206,https://www.gemeinde-merching.de/wp-content/uploads/2020/05/7_7Lutz_klein.jpg,,,image,image/jpeg,4233,0,,2026-10-10T15:05:47Z,preserve exactly,https://www.gemeinde-merching.de/wp-content/uploads/2020/05/7_7Lutz_klein.jpg,Direct asset URLs may have external backlinks,0,0,0
https://www.gemeinde-merching.de/wp-content/uploads/2020/05/7_9Natalie-Lang_klein.jpg,206,https://www.gemeinde-merching.de/wp-content/uploads/2020/05/7_9Natalie-Lang_klein.jpg,,,image,image/jpeg,4609,0,,2026-10-10T14:58:37Z,preserve exactly,https://www.gemeinde-merching.de/wp-content/uploads/2020/05/7_9Natalie-Lang_klein.jpg,Direct asset URLs may have external backlinks,0,0,0
https://www.gemeinde-merching.de/wp-content/uploads/2020/05/B,404,https://www.gemeinde-merching.de/wp-content/uploads/2020/05/B,,Seite nicht gefunden – Gemeinde Merching,page,text/html; charset=UTF-8,,3,,2026-10-10T15:05:48Z,broken/obsolete,https://www.gemeinde-merching.de/wp-content/uploads/2020/05/B,Live endpoint missing; verify backlinks before removing,2,0,52
https://www.gemeinde-merching.de/wp-content/uploads/2020/05/B%C3%A4cker-2561_640-300x200.jpg,206,https://www.gemeinde-merching.de/wp-content/uploads/2020/05/B%C3%A4cker-2561_640-300x200.jpg,,,image,image/jpeg,16587,0,,2026-10-10T15:05:48Z,preserve exactly,https://www.gemeinde-merching.de/wp-content/uploads/2020/05/B%C3%A4cker-2561_640-300x200.jpg,Direct asset URLs may have external backlinks,0,0,0
https://www.gemeinde-merching.de/wp-content/uploads/2020/05/B%C3%A4cker-2561_640.jpg,206,https://www.gemeinde-merching.de/wp-content/uploads/2020/05/B%C3%A4cker-2561_640.jpg,,,image,image/jpeg,76294,0,,2026-10-10T15:05:49Z,preserve exactly,https://www.gemeinde-merching.de/wp-content/uploads/2020/05/B%C3%A4cker-2561_640.jpg,Direct asset URLs may have external backlinks,0,0,0
https://www.gemeinde-merching.de/wp-content/uploads/2020/05/Beitragsbild_Logo_Merching-2.jpg,206,https://www.gemeinde-merching.de/wp-content/uploads/2020/05/Beitragsbild_Logo_Merching-2.jpg,,,image,image/jpeg,10993,0,,2026-10-10T15:05:49Z,preserve exactly,https://www.gemeinde-merching.de/wp-content/uploads/2020/05/Beitragsbild_Logo_Merching-2.jpg,Direct asset URLs may have external backlinks,0,0,0
https://www.gemeinde-merching.de/wp-content/uploads/2020/05/Bäcker-2561_640-300x200.jpg,206,https://www.gemeinde-merching.de/wp-content/uploads/2020/05/B%C3%A4cker-2561_640-300x200.jpg,,,image,image/jpeg,16587,0,,2026-10-10T15:12:27Z,preserve exactly,https://www.gemeinde-merching.de/wp-content/uploads/2020/05/B%C3%A4cker-2561_640-300x200.jpg,Direct asset URLs may have external backlinks,0,0,0
https://www.gemeinde-merching.de/wp-content/uploads/2020/05/Bäcker-2561_640.jpg,206,https://www.gemeinde-merching.de/wp-content/uploads/2020/05/B%C3%A4cker-2561_640.jpg,,,image,image/jpeg,76294,0,,2026-10-10T15:12:28Z,preserve exactly,https://www.gemeinde-merching.de/wp-content/uploads/2020/05/B%C3%A4cker-2561_640.jpg,Direct asset URLs may have external backlinks,0,0,0
https://www.gemeinde-merching.de/wp-content/uploads/2020/05/Fragebogen_Gemeinde_Selbstauskunft.pdf,206,https://www.gemeinde-merching.de/wp-content/uploads/2020/05/Fragebogen_Gemeinde_Selbstauskunft.pdf,,,PDF,application/pdf,465875,0,,2026-10-10T15:05:50Z,preserve exactly,https://www.gemeinde-merching.de/wp-content/uploads/2020/05/Fragebogen_Gemeinde_Selbstauskunft.pdf,Direct asset URLs may have external backlinks,0,0,0
https://www.gemeinde-merching.de/wp-content/uploads/2020/05/Huber_klein-1.jpg,206,https://www.gemeinde-merching.de/wp-content/uploads/2020/05/Huber_klein-1.jpg,,,image,image/jpeg,7028,0,,2026-10-10T15:05:51Z,preserve exactly,https://www.gemeinde-merching.de/wp-content/uploads/2020/05/Huber_klein-1.jpg,Direct asset URLs may have external backlinks,0,0,0
https://www.gemeinde-merching.de/wp-content/uploads/2020/05/Huber_klein.jpg,206,https://www.gemeinde-merching.de/wp-content/uploads/2020/05/Huber_klein.jpg,,,image,image/jpeg,9292,0,,2026-10-10T15:05:51Z,preserve exactly,https://www.gemeinde-merching.de/wp-content/uploads/2020/05/Huber_klein.jpg,Direct asset URLs may have external backlinks,0,0,0
https://www.gemeinde-merching.de/wp-content/uploads/2020/05/Huber_klein2-1.jpg,206,https://www.gemeinde-merching.de/wp-content/uploads/2020/05/Huber_klein2-1.jpg,,,image,image/jpeg,6561,0,,2026-10-10T15:05:52Z,preserve exactly,https://www.gemeinde-merching.de/wp-content/uploads/2020/05/Huber_klein2-1.jpg,Direct asset URLs may have external backlinks,0,0,0
https://www.gemeinde-merching.de/wp-content/uploads/2020/05/Huber_klein2.jpg,206,https://www.gemeinde-merching.de/wp-content/uploads/2020/05/Huber_klein2.jpg,,,image,image/jpeg,8885,0,,2026-10-10T15:05:52Z,preserve exactly,https://www.gemeinde-merching.de/wp-content/uploads/2020/05/Huber_klein2.jpg,Direct asset URLs may have external backlinks,0,0,0
https://www.gemeinde-merching.de/wp-content/uploads/2020/05/IMG_7090-mikro.jpg,206,https://www.gemeinde-merching.de/wp-content/uploads/2020/05/IMG_7090-mikro.jpg,,,image,image/jpeg,12180,0,,2026-10-10T15:05:53Z,preserve exactly,https://www.gemeinde-merching.de/wp-content/uploads/2020/05/IMG_7090-mikro.jpg,Direct asset URLs may have external backlinks,0,0,0
https://www.gemeinde-merching.de/wp-content/uploads/2020/05/IMG_7090-mini-2.jpg,206,https://www.gemeinde-merching.de/wp-content/uploads/2020/05/IMG_7090-mini-2.jpg,,,image,image/jpeg,16267,0,,2026-10-10T15:05:54Z,preserve exactly,https://www.gemeinde-merching.de/wp-content/uploads/2020/05/IMG_7090-mini-2.jpg,Direct asset URLs may have external backlinks,0,0,0
https://www.gemeinde-merching.de/wp-content/uploads/2020/05/Kategorien-mit-iDs.jpg,206,https://www.gemeinde-merching.de/wp-content/uploads/2020/05/Kategorien-mit-iDs.jpg,,,image,image/jpeg,109291,0,,2026-10-10T15:05:54Z,preserve exactly,https://www.gemeinde-merching.de/wp-content/uploads/2020/05/Kategorien-mit-iDs.jpg,Direct asset URLs may have external backlinks,0,0,0
https://www.gemeinde-merching.de/wp-content/uploads/2020/05/Wieja_klein.jpg,206,https://www.gemeinde-merching.de/wp-content/uploads/2020/05/Wieja_klein.jpg,,,image,image/jpeg,14642,0,,2026-10-10T15:05:55Z,preserve exactly,https://www.gemeinde-merching.de/wp-content/uploads/2020/05/Wieja_klein.jpg,Direct asset URLs may have external backlinks,0,0,0
https://www.gemeinde-merching.de/wp-content/uploads/2020/05/barrier-4967989_1280.jpg,206,https://www.gemeinde-merching.de/wp-content/uploads/2020/05/barrier-4967989_1280.jpg,,,image,image/jpeg,142531,0,,2026-10-10T15:05:55Z,preserve exactly,https://www.gemeinde-merching.de/wp-content/uploads/2020/05/barrier-4967989_1280.jpg,Direct asset URLs may have external backlinks,0,0,0
https://www.gemeinde-merching.de/wp-content/uploads/2020/05/barrier-4968021_1280.jpg,206,https://www.gemeinde-merching.de/wp-content/uploads/2020/05/barrier-4968021_1280.jpg,,,image,image/jpeg,293287,0,,2026-10-10T15:05:56Z,preserve exactly,https://www.gemeinde-merching.de/wp-content/uploads/2020/05/barrier-4968021_1280.jpg,Direct asset URLs may have external backlinks,0,0,0
https://www.gemeinde-merching.de/wp-content/uploads/2020/05/child-1864718_640-300x200.jpg,206,https://www.gemeinde-merching.de/wp-content/uploads/2020/05/child-1864718_640-300x200.jpg,,,image,image/jpeg,11596,0,,2026-10-10T14:59:32Z,preserve exactly,https://www.gemeinde-merching.de/wp-content/uploads/2020/05/child-1864718_640-300x200.jpg,Direct asset URLs may have external backlinks,0,0,0
https://www.gemeinde-merching.de/wp-content/uploads/2020/05/child-1864718_640.jpg,206,https://www.gemeinde-merching.de/wp-content/uploads/2020/05/child-1864718_640.jpg,,,image,image/jpeg,42234,0,,2026-10-10T14:59:33Z,preserve exactly,https://www.gemeinde-merching.de/wp-content/uploads/2020/05/child-1864718_640.jpg,Direct asset URLs may have external backlinks,0,0,0
https://www.gemeinde-merching.de/wp-content/uploads/2020/05/children-3566360_640.jpg,206,https://www.gemeinde-merching.de/wp-content/uploads/2020/05/children-3566360_640.jpg,,,image,image/jpeg,63754,0,,2026-10-10T15:05:57Z,preserve exactly,https://www.gemeinde-merching.de/wp-content/uploads/2020/05/children-3566360_640.jpg,Direct asset URLs may have external backlinks,0,0,0
https://www.gemeinde-merching.de/wp-content/uploads/2020/05/coronavirus-4914026_1280.jpg,206,https://www.gemeinde-merching.de/wp-content/uploads/2020/05/coronavirus-4914026_1280.jpg,,,image,image/jpeg,87041,0,,2026-10-10T15:05:57Z,preserve exactly,https://www.gemeinde-merching.de/wp-content/uploads/2020/05/coronavirus-4914026_1280.jpg,Direct asset URLs may have external backlinks,0,0,0
https://www.gemeinde-merching.de/wp-content/uploads/2020/05/cutlery-1313930_640-300x225.jpg,206,https://www.gemeinde-merching.de/wp-content/uploads/2020/05/cutlery-1313930_640-300x225.jpg,,,image,image/jpeg,11472,0,,2026-10-10T14:58:20Z,preserve exactly,https://www.gemeinde-merching.de/wp-content/uploads/2020/05/cutlery-1313930_640-300x225.jpg,Direct asset URLs may have external backlinks,0,0,0
https://www.gemeinde-merching.de/wp-content/uploads/2020/05/cutlery-1313930_640.jpg,206,https://www.gemeinde-merching.de/wp-content/uploads/2020/05/cutlery-1313930_640.jpg,,,image,image/jpeg,65113,0,,2026-10-10T14:58:21Z,preserve exactly,https://www.gemeinde-merching.de/wp-content/uploads/2020/05/cutlery-1313930_640.jpg,Direct asset URLs may have external backlinks,0,0,0
https://www.gemeinde-merching.de/wp-content/uploads/2020/05/dog-2561134_640-300x200.jpg,206,https://www.gemeinde-merching.de/wp-content/uploads/2020/05/dog-2561134_640-300x200.jpg,,,image,image/jpeg,9098,0,,2026-10-10T14:59:33Z,preserve exactly,https://www.gemeinde-merching.de/wp-content/uploads/2020/05/dog-2561134_640-300x200.jpg,Direct asset URLs may have external backlinks,0,0,0
https://www.gemeinde-merching.de/wp-content/uploads/2020/05/dog-2561134_640.jpg,206,https://www.gemeinde-merching.de/wp-content/uploads/2020/05/dog-2561134_640.jpg,,,image,image/jpeg,42988,0,,2026-10-10T14:59:34Z,preserve exactly,https://www.gemeinde-merching.de/wp-content/uploads/2020/05/dog-2561134_640.jpg,Direct asset URLs may have external backlinks,0,0,0
https://www.gemeinde-merching.de/wp-content/uploads/2020/05/drops-of-water-578897_640-300x200.jpg,206,https://www.gemeinde-merching.de/wp-content/uploads/2020/05/drops-of-water-578897_640-300x200.jpg,,,image,image/jpeg,10052,0,,2026-10-10T14:57:15Z,preserve exactly,https://www.gemeinde-merching.de/wp-content/uploads/2020/05/drops-of-water-578897_640-300x200.jpg,Direct asset URLs may have external backlinks,0,0,0
https://www.gemeinde-merching.de/wp-content/uploads/2020/05/drops-of-water-578897_640.jpg,206,https://www.gemeinde-merching.de/wp-content/uploads/2020/05/drops-of-water-578897_640.jpg,,,image,image/jpeg,40319,0,,2026-10-10T14:57:15Z,preserve exactly,https://www.gemeinde-merching.de/wp-content/uploads/2020/05/drops-of-water-578897_640.jpg,Direct asset URLs may have external backlinks,0,0,0
https://www.gemeinde-merching.de/wp-content/uploads/2020/05/kalender-1.jpg,206,https://www.gemeinde-merching.de/wp-content/uploads/2020/05/kalender-1.jpg,,,image,image/jpeg,64932,0,,2026-10-10T15:05:58Z,preserve exactly,https://www.gemeinde-merching.de/wp-content/uploads/2020/05/kalender-1.jpg,Direct asset URLs may have external backlinks,0,0,0
https://www.gemeinde-merching.de/wp-content/uploads/2020/05/kalender-2.jpg,206,https://www.gemeinde-merching.de/wp-content/uploads/2020/05/kalender-2.jpg,,,image,image/jpeg,65407,0,,2026-10-10T15:05:58Z,preserve exactly,https://www.gemeinde-merching.de/wp-content/uploads/2020/05/kalender-2.jpg,Direct asset URLs may have external backlinks,0,0,0
https://www.gemeinde-merching.de/wp-content/uploads/2020/05/kalender-3.jpg,206,https://www.gemeinde-merching.de/wp-content/uploads/2020/05/kalender-3.jpg,,,image,image/jpeg,135029,0,,2026-10-10T15:05:59Z,preserve exactly,https://www.gemeinde-merching.de/wp-content/uploads/2020/05/kalender-3.jpg,Direct asset URLs may have external backlinks,0,0,0
https://www.gemeinde-merching.de/wp-content/uploads/2020/05/kalender-4.jpg,206,https://www.gemeinde-merching.de/wp-content/uploads/2020/05/kalender-4.jpg,,,image,image/jpeg,191379,0,,2026-10-10T15:06:00Z,preserve exactly,https://www.gemeinde-merching.de/wp-content/uploads/2020/05/kalender-4.jpg,Direct asset URLs may have external backlinks,0,0,0
https://www.gemeinde-merching.de/wp-content/uploads/2020/05/kalender-5.jpg,206,https://www.gemeinde-merching.de/wp-content/uploads/2020/05/kalender-5.jpg,,,image,image/jpeg,151250,0,,2026-10-10T15:06:00Z,preserve exactly,https://www.gemeinde-merching.de/wp-content/uploads/2020/05/kalender-5.jpg,Direct asset URLs may have external backlinks,0,0,0
https://www.gemeinde-merching.de/wp-content/uploads/2020/05/kalender-6.jpg,206,https://www.gemeinde-merching.de/wp-content/uploads/2020/05/kalender-6.jpg,,,image,image/jpeg,27026,0,,2026-10-10T15:06:01Z,preserve exactly,https://www.gemeinde-merching.de/wp-content/uploads/2020/05/kalender-6.jpg,Direct asset URLs may have external backlinks,0,0,0
https://www.gemeinde-merching.de/wp-content/uploads/2020/05/kalender-7.jpg,206,https://www.gemeinde-merching.de/wp-content/uploads/2020/05/kalender-7.jpg,,,image,image/jpeg,111794,0,,2026-10-10T15:06:01Z,preserve exactly,https://www.gemeinde-merching.de/wp-content/uploads/2020/05/kalender-7.jpg,Direct asset URLs may have external backlinks,0,0,0
https://www.gemeinde-merching.de/wp-content/uploads/2020/05/kalender-sort.jpg,206,https://www.gemeinde-merching.de/wp-content/uploads/2020/05/kalender-sort.jpg,,,image,image/jpeg,57077,0,,2026-10-10T15:06:02Z,preserve exactly,https://www.gemeinde-merching.de/wp-content/uploads/2020/05/kalender-sort.jpg,Direct asset URLs may have external backlinks,0,0,0
https://www.gemeinde-merching.de/wp-content/uploads/2020/05/kids-1093758_640-300x200.jpg,206,https://www.gemeinde-merching.de/wp-content/uploads/2020/05/kids-1093758_640-300x200.jpg,,,image,image/jpeg,12945,0,,2026-10-10T14:59:35Z,preserve exactly,https://www.gemeinde-merching.de/wp-content/uploads/2020/05/kids-1093758_640-300x200.jpg,Direct asset URLs may have external backlinks,0,0,0
https://www.gemeinde-merching.de/wp-content/uploads/2020/05/kids-1093758_640.jpg,206,https://www.gemeinde-merching.de/wp-content/uploads/2020/05/kids-1093758_640.jpg,,,image,image/jpeg,59113,0,,2026-10-10T14:59:35Z,preserve exactly,https://www.gemeinde-merching.de/wp-content/uploads/2020/05/kids-1093758_640.jpg,Direct asset URLs may have external backlinks,0,0,0
https://www.gemeinde-merching.de/wp-content/uploads/2020/05/money-1005464_640-300x173.jpg,206,https://www.gemeinde-merching.de/wp-content/uploads/2020/05/money-1005464_640-300x173.jpg,,,image,image/jpeg,10423,0,,2026-10-10T14:58:47Z,preserve exactly,https://www.gemeinde-merching.de/wp-content/uploads/2020/05/money-1005464_640-300x173.jpg,Direct asset URLs may have external backlinks,0,0,0
https://www.gemeinde-merching.de/wp-content/uploads/2020/05/money-1005464_640.jpg,206,https://www.gemeinde-merching.de/wp-content/uploads/2020/05/money-1005464_640.jpg,,,image,image/jpeg,38050,0,,2026-10-10T14:58:45Z,preserve exactly,https://www.gemeinde-merching.de/wp-content/uploads/2020/05/money-1005464_640.jpg,Direct asset URLs may have external backlinks,0,0,0
https://www.gemeinde-merching.de/wp-content/uploads/2020/05/network-cable-2245837_640-300x199.jpg,206,https://www.gemeinde-merching.de/wp-content/uploads/2020/05/network-cable-2245837_640-300x199.jpg,,,image,image/jpeg,6325,0,,2026-10-10T14:59:36Z,preserve exactly,https://www.gemeinde-merching.de/wp-content/uploads/2020/05/network-cable-2245837_640-300x199.jpg,Direct asset URLs may have external backlinks,0,0,0
https://www.gemeinde-merching.de/wp-content/uploads/2020/05/network-cable-2245837_640.jpg,206,https://www.gemeinde-merching.de/wp-content/uploads/2020/05/network-cable-2245837_640.jpg,,,image,image/jpeg,29786,0,,2026-10-10T14:59:36Z,preserve exactly,https://www.gemeinde-merching.de/wp-content/uploads/2020/05/network-cable-2245837_640.jpg,Direct asset URLs may have external backlinks,0,0,0
https://www.gemeinde-merching.de/wp-content/uploads/2020/05/rad-3553814_640-300x200.jpg,206,https://www.gemeinde-merching.de/wp-content/uploads/2020/05/rad-3553814_640-300x200.jpg,,,image,image/jpeg,10613,0,,2026-10-10T14:58:21Z,preserve exactly,https://www.gemeinde-merching.de/wp-content/uploads/2020/05/rad-3553814_640-300x200.jpg,Direct asset URLs may have external backlinks,0,0,0
https://www.gemeinde-merching.de/wp-content/uploads/2020/05/rad-3553814_640.jpg,206,https://www.gemeinde-merching.de/wp-content/uploads/2020/05/rad-3553814_640.jpg,,,image,image/jpeg,56783,0,,2026-10-10T14:58:22Z,preserve exactly,https://www.gemeinde-merching.de/wp-content/uploads/2020/05/rad-3553814_640.jpg,Direct asset URLs may have external backlinks,0,0,0
https://www.gemeinde-merching.de/wp-content/uploads/2020/05/rails-3309912_640-300x200.jpg,206,https://www.gemeinde-merching.de/wp-content/uploads/2020/05/rails-3309912_640-300x200.jpg,,,image,image/jpeg,26558,0,,2026-10-10T14:59:37Z,preserve exactly,https://www.gemeinde-merching.de/wp-content/uploads/2020/05/rails-3309912_640-300x200.jpg,Direct asset URLs may have external backlinks,0,0,0
https://www.gemeinde-merching.de/wp-content/uploads/2020/05/rails-3309912_640.jpg,206,https://www.gemeinde-merching.de/wp-content/uploads/2020/05/rails-3309912_640.jpg,,,image,image/jpeg,134799,0,,2026-10-10T14:59:38Z,preserve exactly,https://www.gemeinde-merching.de/wp-content/uploads/2020/05/rails-3309912_640.jpg,Direct asset URLs may have external backlinks,0,0,0
https://www.gemeinde-merching.de/wp-content/uploads/2020/05/room-2365613_640-300x269.jpg,206,https://www.gemeinde-merching.de/wp-content/uploads/2020/05/room-2365613_640-300x269.jpg,,,image,image/jpeg,13552,0,,2026-10-10T14:58:22Z,preserve exactly,https://www.gemeinde-merching.de/wp-content/uploads/2020/05/room-2365613_640-300x269.jpg,Direct asset URLs may have external backlinks,0,0,0
https://www.gemeinde-merching.de/wp-content/uploads/2020/05/room-2365613_640.jpg,206,https://www.gemeinde-merching.de/wp-content/uploads/2020/05/room-2365613_640.jpg,,,image,image/jpeg,75186,0,,2026-10-10T14:58:23Z,preserve exactly,https://www.gemeinde-merching.de/wp-content/uploads/2020/05/room-2365613_640.jpg,Direct asset URLs may have external backlinks,0,0,0
https://www.gemeinde-merching.de/wp-content/uploads/2020/05/sewer-pipes-2259514_640-300x200.jpg,206,https://www.gemeinde-merching.de/wp-content/uploads/2020/05/sewer-pipes-2259514_640-300x200.jpg,,,image,image/jpeg,13131,0,,2026-10-10T14:59:38Z,preserve exactly,https://www.gemeinde-merching.de/wp-content/uploads/2020/05/sewer-pipes-2259514_640-300x200.jpg,Direct asset URLs may have external backlinks,0,0,0
https://www.gemeinde-merching.de/wp-content/uploads/2020/05/sewer-pipes-2259514_640.jpg,206,https://www.gemeinde-merching.de/wp-content/uploads/2020/05/sewer-pipes-2259514_640.jpg,,,image,image/jpeg,53930,0,,2026-10-10T14:59:39Z,preserve exactly,https://www.gemeinde-merching.de/wp-content/uploads/2020/05/sewer-pipes-2259514_640.jpg,Direct asset URLs may have external backlinks,0,0,0
https://www.gemeinde-merching.de/wp-content/uploads/2020/05/stand-paddling-4517331_640-300x178.jpg,206,https://www.gemeinde-merching.de/wp-content/uploads/2020/05/stand-paddling-4517331_640-300x178.jpg,,,image,image/jpeg,13483,0,,2026-10-10T14:58:24Z,preserve exactly,https://www.gemeinde-merching.de/wp-content/uploads/2020/05/stand-paddling-4517331_640-300x178.jpg,Direct asset URLs may have external backlinks,0,0,0
https://www.gemeinde-merching.de/wp-content/uploads/2020/05/stand-paddling-4517331_640.jpg,206,https://www.gemeinde-merching.de/wp-content/uploads/2020/05/stand-paddling-4517331_640.jpg,,,image,image/jpeg,66639,0,,2026-10-10T14:58:24Z,preserve exactly,https://www.gemeinde-merching.de/wp-content/uploads/2020/05/stand-paddling-4517331_640.jpg,Direct asset URLs may have external backlinks,0,0,0
https://www.gemeinde-merching.de/wp-content/uploads/2020/05/stocking-1701768_640-300x200.jpg,206,https://www.gemeinde-merching.de/wp-content/uploads/2020/05/stocking-1701768_640-300x200.jpg,,,image,image/jpeg,15355,0,,2026-10-10T14:58:25Z,preserve exactly,https://www.gemeinde-merching.de/wp-content/uploads/2020/05/stocking-1701768_640-300x200.jpg,Direct asset URLs may have external backlinks,0,0,0
https://www.gemeinde-merching.de/wp-content/uploads/2020/05/stocking-1701768_640.jpg,206,https://www.gemeinde-merching.de/wp-content/uploads/2020/05/stocking-1701768_640.jpg,,,image,image/jpeg,84997,0,,2026-10-10T14:58:25Z,preserve exactly,https://www.gemeinde-merching.de/wp-content/uploads/2020/05/stocking-1701768_640.jpg,Direct asset URLs may have external backlinks,0,0,0
https://www.gemeinde-merching.de/wp-content/uploads/2020/06/Banner_1.jpg,206,https://www.gemeinde-merching.de/wp-content/uploads/2020/06/Banner_1.jpg,,,image,image/jpeg,26435,0,,2026-10-10T15:06:03Z,preserve exactly,https://www.gemeinde-merching.de/wp-content/uploads/2020/06/Banner_1.jpg,Direct asset URLs may have external backlinks,0,0,0
https://www.gemeinde-merching.de/wp-content/uploads/2020/06/Beitragsbild_Logo_Merching-2-150x150-1.jpg,206,https://www.gemeinde-merching.de/wp-content/uploads/2020/06/Beitragsbild_Logo_Merching-2-150x150-1.jpg,,,image,image/jpeg,9430,0,,2026-10-10T14:58:55Z,preserve exactly,https://www.gemeinde-merching.de/wp-content/uploads/2020/06/Beitragsbild_Logo_Merching-2-150x150-1.jpg,Direct asset URLs may have external backlinks,0,0,0
https://www.gemeinde-merching.de/wp-content/uploads/2020/06/Fahrrad.png,206,https://www.gemeinde-merching.de/wp-content/uploads/2020/06/Fahrrad.png,,,image,image/png,5630,0,,2026-10-10T14:58:42Z,preserve exactly,https://www.gemeinde-merching.de/wp-content/uploads/2020/06/Fahrrad.png,Direct asset URLs may have external backlinks,0,0,0
https://www.gemeinde-merching.de/wp-content/uploads/2020/06/Kette.png,206,https://www.gemeinde-merching.de/wp-content/uploads/2020/06/Kette.png,,,image,image/png,139763,0,,2026-10-10T15:06:03Z,preserve exactly,https://www.gemeinde-merching.de/wp-content/uploads/2020/06/Kette.png,Direct asset URLs may have external backlinks,0,0,0
https://www.gemeinde-merching.de/wp-content/uploads/2020/06/Schluessel-I.png,206,https://www.gemeinde-merching.de/wp-content/uploads/2020/06/Schluessel-I.png,,,image,image/png,13224,0,,2026-10-10T15:06:04Z,preserve exactly,https://www.gemeinde-merching.de/wp-content/uploads/2020/06/Schluessel-I.png,Direct asset URLs may have external backlinks,0,0,0
https://www.gemeinde-merching.de/wp-content/uploads/2020/06/Schulungsflyer_Mandichosee.pdf,206,https://www.gemeinde-merching.de/wp-content/uploads/2020/06/Schulungsflyer_Mandichosee.pdf,,,PDF,application/pdf,774771,0,,2026-10-10T15:06:04Z,preserve exactly,https://www.gemeinde-merching.de/wp-content/uploads/2020/06/Schulungsflyer_Mandichosee.pdf,Direct asset URLs may have external backlinks,0,0,0
https://www.gemeinde-merching.de/wp-content/uploads/2020/06/Wappen-alternativ.png,206,https://www.gemeinde-merching.de/wp-content/uploads/2020/06/Wappen-alternativ.png,,,image,image/png,29092,0,,2026-10-10T15:06:05Z,preserve exactly,https://www.gemeinde-merching.de/wp-content/uploads/2020/06/Wappen-alternativ.png,Direct asset URLs may have external backlinks,0,0,0
https://www.gemeinde-merching.de/wp-content/uploads/2020/06/collage-merching-8.jpg,206,https://www.gemeinde-merching.de/wp-content/uploads/2020/06/collage-merching-8.jpg,,,image,image/jpeg,148238,0,,2026-10-10T15:06:06Z,preserve exactly,https://www.gemeinde-merching.de/wp-content/uploads/2020/06/collage-merching-8.jpg,Direct asset URLs may have external backlinks,0,0,0
https://www.gemeinde-merching.de/wp-content/uploads/2020/06/collage-merching.jpg,206,https://www.gemeinde-merching.de/wp-content/uploads/2020/06/collage-merching.jpg,,,image,image/jpeg,125014,0,,2026-10-10T15:06:06Z,preserve exactly,https://www.gemeinde-merching.de/wp-content/uploads/2020/06/collage-merching.jpg,Direct asset URLs may have external backlinks,0,0,0
https://www.gemeinde-merching.de/wp-content/uploads/2020/06/cropped-Wappen-alternativ.png,206,https://www.gemeinde-merching.de/wp-content/uploads/2020/06/cropped-Wappen-alternativ.png,,,image,image/png,26050,0,,2026-10-10T14:59:42Z,preserve exactly,https://www.gemeinde-merching.de/wp-content/uploads/2020/06/cropped-Wappen-alternativ.png,Direct asset URLs may have external backlinks,0,0,0
https://www.gemeinde-merching.de/wp-content/uploads/2020/06/cropped-cropped-Wappen-alternativ.png,206,https://www.gemeinde-merching.de/wp-content/uploads/2020/06/cropped-cropped-Wappen-alternativ.png,,,image,image/png,194479,0,,2026-10-10T15:06:07Z,preserve exactly,https://www.gemeinde-merching.de/wp-content/uploads/2020/06/cropped-cropped-Wappen-alternativ.png,Direct asset URLs may have external backlinks,0,0,0
https://www.gemeinde-merching.de/wp-content/uploads/2020/06/fund-office-2516068_640-199x300.jpg,206,https://www.gemeinde-merching.de/wp-content/uploads/2020/06/fund-office-2516068_640-199x300.jpg,,,image,image/jpeg,14786,0,,2026-10-10T14:57:04Z,preserve exactly,https://www.gemeinde-merching.de/wp-content/uploads/2020/06/fund-office-2516068_640-199x300.jpg,Direct asset URLs may have external backlinks,0,0,0
https://www.gemeinde-merching.de/wp-content/uploads/2020/06/fund-office-2516068_640.jpg,206,https://www.gemeinde-merching.de/wp-content/uploads/2020/06/fund-office-2516068_640.jpg,,,image,image/jpeg,96601,0,,2026-10-10T14:57:04Z,preserve exactly,https://www.gemeinde-merching.de/wp-content/uploads/2020/06/fund-office-2516068_640.jpg,Direct asset URLs may have external backlinks,0,0,0
https://www.gemeinde-merching.de/wp-content/uploads/2020/06/rain-455124_640-300x174.jpg,206,https://www.gemeinde-merching.de/wp-content/uploads/2020/06/rain-455124_640-300x174.jpg,,,image,image/jpeg,15921,0,,2026-10-10T14:59:39Z,preserve exactly,https://www.gemeinde-merching.de/wp-content/uploads/2020/06/rain-455124_640-300x174.jpg,Direct asset URLs may have external backlinks,0,0,0
https://www.gemeinde-merching.de/wp-content/uploads/2020/06/rain-455124_640.jpg,206,https://www.gemeinde-merching.de/wp-content/uploads/2020/06/rain-455124_640.jpg,,,image,image/jpeg,70717,0,,2026-10-10T14:59:40Z,preserve exactly,https://www.gemeinde-merching.de/wp-content/uploads/2020/06/rain-455124_640.jpg,Direct asset URLs may have external backlinks,0,0,0
https://www.gemeinde-merching.de/wp-content/uploads/2020/06/splashing-165192_640.jpg,206,https://www.gemeinde-merching.de/wp-content/uploads/2020/06/splashing-165192_640.jpg,,,image,image/jpeg,70538,0,,2026-10-10T15:06:07Z,preserve exactly,https://www.gemeinde-merching.de/wp-content/uploads/2020/06/splashing-165192_640.jpg,Direct asset URLs may have external backlinks,0,0,0
https://www.gemeinde-merching.de/wp-content/uploads/2020/07/Dominikus-u.-Lorena-bei-der-Schnitzeljagd.png,206,https://www.gemeinde-merching.de/wp-content/uploads/2020/07/Dominikus-u.-Lorena-bei-der-Schnitzeljagd.png,,,image,image/png,1053727,0,,2026-10-10T15:06:08Z,preserve exactly,https://www.gemeinde-merching.de/wp-content/uploads/2020/07/Dominikus-u.-Lorena-bei-der-Schnitzeljagd.png,Direct asset URLs may have external backlinks,0,0,0
https://www.gemeinde-merching.de/wp-content/uploads/2020/07/Ferienprogramm-2016-012.jpg,206,https://www.gemeinde-merching.de/wp-content/uploads/2020/07/Ferienprogramm-2016-012.jpg,,,image,image/jpeg,2097152,0,,2026-10-10T15:06:09Z,preserve exactly,https://www.gemeinde-merching.de/wp-content/uploads/2020/07/Ferienprogramm-2016-012.jpg,Direct asset URLs may have external backlinks,0,0,0
https://www.gemeinde-merching.de/wp-content/uploads/2020/07/Rathaus-2020.jpg,206,https://www.gemeinde-merching.de/wp-content/uploads/2020/07/Rathaus-2020.jpg,,,image,image/jpeg,573306,0,,2026-10-10T15:06:09Z,preserve exactly,https://www.gemeinde-merching.de/wp-content/uploads/2020/07/Rathaus-2020.jpg,Direct asset URLs may have external backlinks,0,0,0
https://www.gemeinde-merching.de/wp-content/uploads/2020/07/collage-merching-9.jpg,206,https://www.gemeinde-merching.de/wp-content/uploads/2020/07/collage-merching-9.jpg,,,image,image/jpeg,128494,0,,2026-10-10T15:06:10Z,preserve exactly,https://www.gemeinde-merching.de/wp-content/uploads/2020/07/collage-merching-9.jpg,Direct asset URLs may have external backlinks,0,0,0
https://www.gemeinde-merching.de/wp-content/uploads/2020/09/Banner-Gemeindewebsite-Merching-1009x714_final-1.jpg,206,https://www.gemeinde-merching.de/wp-content/uploads/2020/09/Banner-Gemeindewebsite-Merching-1009x714_final-1.jpg,,,image,image/jpeg,425209,0,,2026-10-10T15:06:10Z,preserve exactly,https://www.gemeinde-merching.de/wp-content/uploads/2020/09/Banner-Gemeindewebsite-Merching-1009x714_final-1.jpg,Direct asset URLs may have external backlinks,0,0,0
https://www.gemeinde-merching.de/wp-content/uploads/2020/09/Bildschirmfoto-Browser-zoomen-menue.jpg,206,https://www.gemeinde-merching.de/wp-content/uploads/2020/09/Bildschirmfoto-Browser-zoomen-menue.jpg,,,image,image/jpeg,149717,0,,2026-10-10T15:06:11Z,preserve exactly,https://www.gemeinde-merching.de/wp-content/uploads/2020/09/Bildschirmfoto-Browser-zoomen-menue.jpg,Direct asset URLs may have external backlinks,0,0,0
https://www.gemeinde-merching.de/wp-content/uploads/2020/09/Bildschirmfoto-Browser-zoomen.jpg,206,https://www.gemeinde-merching.de/wp-content/uploads/2020/09/Bildschirmfoto-Browser-zoomen.jpg,,,image,image/jpeg,180714,0,,2026-10-10T15:06:12Z,preserve exactly,https://www.gemeinde-merching.de/wp-content/uploads/2020/09/Bildschirmfoto-Browser-zoomen.jpg,Direct asset URLs may have external backlinks,0,0,0
https://www.gemeinde-merching.de/wp-content/uploads/2020/09/Bildschirmfoto-alle-links-sind-unterstrichen.jpg,206,https://www.gemeinde-merching.de/wp-content/uploads/2020/09/Bildschirmfoto-alle-links-sind-unterstrichen.jpg,,,image,image/jpeg,176244,0,,2026-10-10T15:06:12Z,preserve exactly,https://www.gemeinde-merching.de/wp-content/uploads/2020/09/Bildschirmfoto-alle-links-sind-unterstrichen.jpg,Direct asset URLs may have external backlinks,0,0,0
https://www.gemeinde-merching.de/wp-content/uploads/2020/09/Bildschirmfoto-beispiel-leichte-sprache.jpg,206,https://www.gemeinde-merching.de/wp-content/uploads/2020/09/Bildschirmfoto-beispiel-leichte-sprache.jpg,,,image,image/jpeg,193315,0,,2026-10-10T15:06:13Z,preserve exactly,https://www.gemeinde-merching.de/wp-content/uploads/2020/09/Bildschirmfoto-beispiel-leichte-sprache.jpg,Direct asset URLs may have external backlinks,0,0,0
https://www.gemeinde-merching.de/wp-content/uploads/2020/09/Bildschirmfoto-groessere-schrift-einstellen.jpg,206,https://www.gemeinde-merching.de/wp-content/uploads/2020/09/Bildschirmfoto-groessere-schrift-einstellen.jpg,,,image,image/jpeg,203040,0,,2026-10-10T15:06:13Z,preserve exactly,https://www.gemeinde-merching.de/wp-content/uploads/2020/09/Bildschirmfoto-groessere-schrift-einstellen.jpg,Direct asset URLs may have external backlinks,0,0,0
https://www.gemeinde-merching.de/wp-content/uploads/2020/09/Bildschirmfoto-starken-kontrast-einstellen.jpg,206,https://www.gemeinde-merching.de/wp-content/uploads/2020/09/Bildschirmfoto-starken-kontrast-einstellen.jpg,,,image,image/jpeg,219712,0,,2026-10-10T15:06:14Z,preserve exactly,https://www.gemeinde-merching.de/wp-content/uploads/2020/09/Bildschirmfoto-starken-kontrast-einstellen.jpg,Direct asset URLs may have external backlinks,0,0,0
https://www.gemeinde-merching.de/wp-content/uploads/2020/09/glossar-eintraege-erstellen-1.jpg,206,https://www.gemeinde-merching.de/wp-content/uploads/2020/09/glossar-eintraege-erstellen-1.jpg,,,image,image/jpeg,102254,0,,2026-10-10T15:06:15Z,preserve exactly,https://www.gemeinde-merching.de/wp-content/uploads/2020/09/glossar-eintraege-erstellen-1.jpg,Direct asset URLs may have external backlinks,0,0,0
https://www.gemeinde-merching.de/wp-content/uploads/2020/09/glossar-eintraege-erstellen-2.jpg,206,https://www.gemeinde-merching.de/wp-content/uploads/2020/09/glossar-eintraege-erstellen-2.jpg,,,image,image/jpeg,204278,0,,2026-10-10T15:06:15Z,preserve exactly,https://www.gemeinde-merching.de/wp-content/uploads/2020/09/glossar-eintraege-erstellen-2.jpg,Direct asset URLs may have external backlinks,0,0,0
https://www.gemeinde-merching.de/wp-content/uploads/2020/09/glossar-eintraege-erstellen-3.jpg,206,https://www.gemeinde-merching.de/wp-content/uploads/2020/09/glossar-eintraege-erstellen-3.jpg,,,image,image/jpeg,260092,0,,2026-10-10T15:06:16Z,preserve exactly,https://www.gemeinde-merching.de/wp-content/uploads/2020/09/glossar-eintraege-erstellen-3.jpg,Direct asset URLs may have external backlinks,0,0,0
https://www.gemeinde-merching.de/wp-content/uploads/2020/09/glossar-eintraege-erstellen-4.jpg,206,https://www.gemeinde-merching.de/wp-content/uploads/2020/09/glossar-eintraege-erstellen-4.jpg,,,image,image/jpeg,107696,0,,2026-10-10T15:06:16Z,preserve exactly,https://www.gemeinde-merching.de/wp-content/uploads/2020/09/glossar-eintraege-erstellen-4.jpg,Direct asset URLs may have external backlinks,0,0,0
https://www.gemeinde-merching.de/wp-content/uploads/2020/09/glossar-eintraege-erstellen-5.jpg,206,https://www.gemeinde-merching.de/wp-content/uploads/2020/09/glossar-eintraege-erstellen-5.jpg,,,image,image/jpeg,51160,0,,2026-10-10T15:06:17Z,preserve exactly,https://www.gemeinde-merching.de/wp-content/uploads/2020/09/glossar-eintraege-erstellen-5.jpg,Direct asset URLs may have external backlinks,0,0,0
https://www.gemeinde-merching.de/wp-content/uploads/2020/09/glossar-eintraege-erstellen-6.jpg,206,https://www.gemeinde-merching.de/wp-content/uploads/2020/09/glossar-eintraege-erstellen-6.jpg,,,image,image/jpeg,241625,0,,2026-10-10T15:06:18Z,preserve exactly,https://www.gemeinde-merching.de/wp-content/uploads/2020/09/glossar-eintraege-erstellen-6.jpg,Direct asset URLs may have external backlinks,0,0,0
https://www.gemeinde-merching.de/wp-content/uploads/2020/10/Aumiller-Marianne.jpg,206,https://www.gemeinde-merching.de/wp-content/uploads/2020/10/Aumiller-Marianne.jpg,,,image,image/jpeg,50064,0,,2026-10-10T14:59:00Z,preserve exactly,https://www.gemeinde-merching.de/wp-content/uploads/2020/10/Aumiller-Marianne.jpg,Direct asset URLs may have external backlinks,0,0,0
https://www.gemeinde-merching.de/wp-content/uploads/2020/10/Braendle-Susanne.jpg,206,https://www.gemeinde-merching.de/wp-content/uploads/2020/10/Braendle-Susanne.jpg,,,image,image/jpeg,51355,0,,2026-10-10T14:59:00Z,preserve exactly,https://www.gemeinde-merching.de/wp-content/uploads/2020/10/Braendle-Susanne.jpg,Direct asset URLs may have external backlinks,0,0,0
https://www.gemeinde-merching.de/wp-content/uploads/2020/10/Egenhofer-Christine.jpg,206,https://www.gemeinde-merching.de/wp-content/uploads/2020/10/Egenhofer-Christine.jpg,,,image,image/jpeg,49810,0,,2026-10-10T14:59:01Z,preserve exactly,https://www.gemeinde-merching.de/wp-content/uploads/2020/10/Egenhofer-Christine.jpg,Direct asset URLs may have external backlinks,0,0,0
https://www.gemeinde-merching.de/wp-content/uploads/2020/10/Fieber-Rainer.jpg,206,https://www.gemeinde-merching.de/wp-content/uploads/2020/10/Fieber-Rainer.jpg,,,image,image/jpeg,50075,0,,2026-10-10T14:59:01Z,preserve exactly,https://www.gemeinde-merching.de/wp-content/uploads/2020/10/Fieber-Rainer.jpg,Direct asset URLs may have external backlinks,0,0,0
https://www.gemeinde-merching.de/wp-content/uploads/2020/10/Geiger-Isabella.jpg,206,https://www.gemeinde-merching.de/wp-content/uploads/2020/10/Geiger-Isabella.jpg,,,image,image/jpeg,51078,0,,2026-10-10T14:59:02Z,preserve exactly,https://www.gemeinde-merching.de/wp-content/uploads/2020/10/Geiger-Isabella.jpg,Direct asset URLs may have external backlinks,0,0,0
https://www.gemeinde-merching.de/wp-content/uploads/2020/10/Hagen-Alexandra.jpg,206,https://www.gemeinde-merching.de/wp-content/uploads/2020/10/Hagen-Alexandra.jpg,,,image,image/jpeg,50079,0,,2026-10-10T14:59:03Z,preserve exactly,https://www.gemeinde-merching.de/wp-content/uploads/2020/10/Hagen-Alexandra.jpg,Direct asset URLs may have external backlinks,0,0,0
https://www.gemeinde-merching.de/wp-content/uploads/2020/10/Heyer-Clarissa-1.jpg,206,https://www.gemeinde-merching.de/wp-content/uploads/2020/10/Heyer-Clarissa-1.jpg,,,image,image/jpeg,50042,0,,2026-10-10T14:59:03Z,preserve exactly,https://www.gemeinde-merching.de/wp-content/uploads/2020/10/Heyer-Clarissa-1.jpg,Direct asset URLs may have external backlinks,0,0,0
https://www.gemeinde-merching.de/wp-content/uploads/2020/10/Heyer-Clarissa.jpg,206,https://www.gemeinde-merching.de/wp-content/uploads/2020/10/Heyer-Clarissa.jpg,,,image,image/jpeg,49138,0,,2026-10-10T15:06:18Z,preserve exactly,https://www.gemeinde-merching.de/wp-content/uploads/2020/10/Heyer-Clarissa.jpg,Direct asset URLs may have external backlinks,0,0,0
https://www.gemeinde-merching.de/wp-content/uploads/2020/10/Krauser-Birgit.jpg,206,https://www.gemeinde-merching.de/wp-content/uploads/2020/10/Krauser-Birgit.jpg,,,image,image/jpeg,49331,0,,2026-10-10T14:59:04Z,preserve exactly,https://www.gemeinde-merching.de/wp-content/uploads/2020/10/Krauser-Birgit.jpg,Direct asset URLs may have external backlinks,0,0,0
https://www.gemeinde-merching.de/wp-content/uploads/2020/10/Logo_Allianz_fuer_Cyber-Sicherheit_Teilnehmer.jpg,206,https://www.gemeinde-merching.de/wp-content/uploads/2020/10/Logo_Allianz_fuer_Cyber-Sicherheit_Teilnehmer.jpg,,,image,image/jpeg,13260,0,,2026-10-10T15:06:19Z,preserve exactly,https://www.gemeinde-merching.de/wp-content/uploads/2020/10/Logo_Allianz_fuer_Cyber-Sicherheit_Teilnehmer.jpg,Direct asset URLs may have external backlinks,0,0,0
https://www.gemeinde-merching.de/wp-content/uploads/2020/10/Mueller-Katharina-1.jpg,206,https://www.gemeinde-merching.de/wp-content/uploads/2020/10/Mueller-Katharina-1.jpg,,,image,image/jpeg,49680,0,,2026-10-10T14:59:04Z,preserve exactly,https://www.gemeinde-merching.de/wp-content/uploads/2020/10/Mueller-Katharina-1.jpg,Direct asset URLs may have external backlinks,0,0,0
https://www.gemeinde-merching.de/wp-content/uploads/2020/10/Mueller-Katharina.jpg,206,https://www.gemeinde-merching.de/wp-content/uploads/2020/10/Mueller-Katharina.jpg,,,image,image/jpeg,48725,0,,2026-10-10T15:06:19Z,preserve exactly,https://www.gemeinde-merching.de/wp-content/uploads/2020/10/Mueller-Katharina.jpg,Direct asset URLs may have external backlinks,0,0,0
https://www.gemeinde-merching.de/wp-content/uploads/2020/10/Schimpfle-Thomas.jpg,206,https://www.gemeinde-merching.de/wp-content/uploads/2020/10/Schimpfle-Thomas.jpg,,,image,image/jpeg,50625,0,,2026-10-10T14:59:05Z,preserve exactly,https://www.gemeinde-merching.de/wp-content/uploads/2020/10/Schimpfle-Thomas.jpg,Direct asset URLs may have external backlinks,0,0,0
https://www.gemeinde-merching.de/wp-content/uploads/2020/10/Spielplatz_Holleraecker_bearb-1208x1536.jpg,206,https://www.gemeinde-merching.de/wp-content/uploads/2020/10/Spielplatz_Holleraecker_bearb-1208x1536.jpg,,,image,image/jpeg,200196,0,,2026-10-10T14:58:26Z,preserve exactly,https://www.gemeinde-merching.de/wp-content/uploads/2020/10/Spielplatz_Holleraecker_bearb-1208x1536.jpg,Direct asset URLs may have external backlinks,0,0,0
https://www.gemeinde-merching.de/wp-content/uploads/2020/10/Spielplatz_Holleraecker_bearb-1611x2048.jpg,206,https://www.gemeinde-merching.de/wp-content/uploads/2020/10/Spielplatz_Holleraecker_bearb-1611x2048.jpg,,,image,image/jpeg,320495,0,,2026-10-10T14:58:27Z,preserve exactly,https://www.gemeinde-merching.de/wp-content/uploads/2020/10/Spielplatz_Holleraecker_bearb-1611x2048.jpg,Direct asset URLs may have external backlinks,0,0,0
https://www.gemeinde-merching.de/wp-content/uploads/2020/10/Spielplatz_Holleraecker_bearb-236x300.jpg,206,https://www.gemeinde-merching.de/wp-content/uploads/2020/10/Spielplatz_Holleraecker_bearb-236x300.jpg,,,image,image/jpeg,37380,0,,2026-10-10T14:58:27Z,preserve exactly,https://www.gemeinde-merching.de/wp-content/uploads/2020/10/Spielplatz_Holleraecker_bearb-236x300.jpg,Direct asset URLs may have external backlinks,0,0,0
https://www.gemeinde-merching.de/wp-content/uploads/2020/10/Spielplatz_Holleraecker_bearb-768x976.jpg,206,https://www.gemeinde-merching.de/wp-content/uploads/2020/10/Spielplatz_Holleraecker_bearb-768x976.jpg,,,image,image/jpeg,104690,0,,2026-10-10T14:58:28Z,preserve exactly,https://www.gemeinde-merching.de/wp-content/uploads/2020/10/Spielplatz_Holleraecker_bearb-768x976.jpg,Direct asset URLs may have external backlinks,0,0,0
https://www.gemeinde-merching.de/wp-content/uploads/2020/10/Spielplatz_Holleraecker_bearb-805x1024.jpg,206,https://www.gemeinde-merching.de/wp-content/uploads/2020/10/Spielplatz_Holleraecker_bearb-805x1024.jpg,,,image,image/jpeg,111562,0,,2026-10-10T14:58:28Z,preserve exactly,https://www.gemeinde-merching.de/wp-content/uploads/2020/10/Spielplatz_Holleraecker_bearb-805x1024.jpg,Direct asset URLs may have external backlinks,0,0,0
https://www.gemeinde-merching.de/wp-content/uploads/2020/10/Spielplatz_Holleraecker_bearb.jpg,206,https://www.gemeinde-merching.de/wp-content/uploads/2020/10/Spielplatz_Holleraecker_bearb.jpg,,,image,image/jpeg,749173,0,,2026-10-10T14:58:29Z,preserve exactly,https://www.gemeinde-merching.de/wp-content/uploads/2020/10/Spielplatz_Holleraecker_bearb.jpg,Direct asset URLs may have external backlinks,0,0,0
https://www.gemeinde-merching.de/wp-content/uploads/2020/10/Spielplatz_Mandichosee-1024x768.jpg,206,https://www.gemeinde-merching.de/wp-content/uploads/2020/10/Spielplatz_Mandichosee-1024x768.jpg,,,image,image/jpeg,188045,0,,2026-10-10T14:58:30Z,preserve exactly,https://www.gemeinde-merching.de/wp-content/uploads/2020/10/Spielplatz_Mandichosee-1024x768.jpg,Direct asset URLs may have external backlinks,0,0,0
https://www.gemeinde-merching.de/wp-content/uploads/2020/10/Spielplatz_Mandichosee-1536x1152.jpg,206,https://www.gemeinde-merching.de/wp-content/uploads/2020/10/Spielplatz_Mandichosee-1536x1152.jpg,,,image,image/jpeg,338462,0,,2026-10-10T14:58:30Z,preserve exactly,https://www.gemeinde-merching.de/wp-content/uploads/2020/10/Spielplatz_Mandichosee-1536x1152.jpg,Direct asset URLs may have external backlinks,0,0,0
https://www.gemeinde-merching.de/wp-content/uploads/2020/10/Spielplatz_Mandichosee-2048x1536.jpg,206,https://www.gemeinde-merching.de/wp-content/uploads/2020/10/Spielplatz_Mandichosee-2048x1536.jpg,,,image,image/jpeg,524001,0,,2026-10-10T14:58:31Z,preserve exactly,https://www.gemeinde-merching.de/wp-content/uploads/2020/10/Spielplatz_Mandichosee-2048x1536.jpg,Direct asset URLs may have external backlinks,0,0,0
https://www.gemeinde-merching.de/wp-content/uploads/2020/10/Spielplatz_Mandichosee-300x225.jpg,206,https://www.gemeinde-merching.de/wp-content/uploads/2020/10/Spielplatz_Mandichosee-300x225.jpg,,,image,image/jpeg,54116,0,,2026-10-10T14:58:31Z,preserve exactly,https://www.gemeinde-merching.de/wp-content/uploads/2020/10/Spielplatz_Mandichosee-300x225.jpg,Direct asset URLs may have external backlinks,0,0,0
https://www.gemeinde-merching.de/wp-content/uploads/2020/10/Spielplatz_Mandichosee-768x576.jpg,206,https://www.gemeinde-merching.de/wp-content/uploads/2020/10/Spielplatz_Mandichosee-768x576.jpg,,,image,image/jpeg,128240,0,,2026-10-10T14:58:32Z,preserve exactly,https://www.gemeinde-merching.de/wp-content/uploads/2020/10/Spielplatz_Mandichosee-768x576.jpg,Direct asset URLs may have external backlinks,0,0,0
https://www.gemeinde-merching.de/wp-content/uploads/2020/10/Spielplatz_Mandichosee.jpg,206,https://www.gemeinde-merching.de/wp-content/uploads/2020/10/Spielplatz_Mandichosee.jpg,,,image,image/jpeg,2097152,0,,2026-10-10T15:06:20Z,preserve exactly,https://www.gemeinde-merching.de/wp-content/uploads/2020/10/Spielplatz_Mandichosee.jpg,Direct asset URLs may have external backlinks,0,0,0
https://www.gemeinde-merching.de/wp-content/uploads/2020/10/Stadtherr-Hans.jpg,206,https://www.gemeinde-merching.de/wp-content/uploads/2020/10/Stadtherr-Hans.jpg,,,image,image/jpeg,49186,0,,2026-10-10T15:06:21Z,preserve exactly,https://www.gemeinde-merching.de/wp-content/uploads/2020/10/Stadtherr-Hans.jpg,Direct asset URLs may have external backlinks,0,0,0
https://www.gemeinde-merching.de/wp-content/uploads/2020/10/Weyland-Hanna-1.jpg,206,https://www.gemeinde-merching.de/wp-content/uploads/2020/10/Weyland-Hanna-1.jpg,,,image,image/jpeg,51399,0,,2026-10-10T14:59:06Z,preserve exactly,https://www.gemeinde-merching.de/wp-content/uploads/2020/10/Weyland-Hanna-1.jpg,Direct asset URLs may have external backlinks,0,0,0
https://www.gemeinde-merching.de/wp-content/uploads/2020/10/Weyland-Hanna.jpg,206,https://www.gemeinde-merching.de/wp-content/uploads/2020/10/Weyland-Hanna.jpg,,,image,image/jpeg,48904,0,,2026-10-10T15:06:21Z,preserve exactly,https://www.gemeinde-merching.de/wp-content/uploads/2020/10/Weyland-Hanna.jpg,Direct asset URLs may have external backlinks,0,0,0
https://www.gemeinde-merching.de/wp-content/uploads/2020/11/Banner-Gemeindewebsite-Merching-1009x714_Verlaengerung.jpg,206,https://www.gemeinde-merching.de/wp-content/uploads/2020/11/Banner-Gemeindewebsite-Merching-1009x714_Verlaengerung.jpg,,,image,image/jpeg,423013,0,,2026-10-10T15:06:22Z,preserve exactly,https://www.gemeinde-merching.de/wp-content/uploads/2020/11/Banner-Gemeindewebsite-Merching-1009x714_Verlaengerung.jpg,Direct asset URLs may have external backlinks,0,0,0
https://www.gemeinde-merching.de/wp-content/uploads/2020/11/Fragebogen_Gemeinde_Selbstauskunft.pdf,206,https://www.gemeinde-merching.de/wp-content/uploads/2020/11/Fragebogen_Gemeinde_Selbstauskunft.pdf,,,PDF,application/pdf,515024,0,,2026-10-10T14:56:51Z,preserve exactly,https://www.gemeinde-merching.de/wp-content/uploads/2020/11/Fragebogen_Gemeinde_Selbstauskunft.pdf,Direct asset URLs may have external backlinks,0,0,0
https://www.gemeinde-merching.de/wp-content/uploads/2020/12/Beitragsbild-Volkshochschule-f.-Homepage-1.jpg,206,https://www.gemeinde-merching.de/wp-content/uploads/2020/12/Beitragsbild-Volkshochschule-f.-Homepage-1.jpg,,,image,image/jpeg,19445,0,,2026-10-10T15:06:22Z,preserve exactly,https://www.gemeinde-merching.de/wp-content/uploads/2020/12/Beitragsbild-Volkshochschule-f.-Homepage-1.jpg,Direct asset URLs may have external backlinks,0,0,0
https://www.gemeinde-merching.de/wp-content/uploads/2020/12/Beitragsbild-Volkshochschule-f.-Homepage.jpg,206,https://www.gemeinde-merching.de/wp-content/uploads/2020/12/Beitragsbild-Volkshochschule-f.-Homepage.jpg,,,image,image/jpeg,19445,0,,2026-10-10T15:06:23Z,preserve exactly,https://www.gemeinde-merching.de/wp-content/uploads/2020/12/Beitragsbild-Volkshochschule-f.-Homepage.jpg,Direct asset URLs may have external backlinks,0,0,0
https://www.gemeinde-merching.de/wp-content/uploads/2020/12/Jocher-Andreas.jpg,206,https://www.gemeinde-merching.de/wp-content/uploads/2020/12/Jocher-Andreas.jpg,,,image,image/jpeg,49368,0,,2026-10-10T14:59:06Z,preserve exactly,https://www.gemeinde-merching.de/wp-content/uploads/2020/12/Jocher-Andreas.jpg,Direct asset URLs may have external backlinks,0,0,0
https://www.gemeinde-merching.de/wp-content/uploads/2020/12/Limmer-Markus.jpg,206,https://www.gemeinde-merching.de/wp-content/uploads/2020/12/Limmer-Markus.jpg,,,image,image/jpeg,50389,0,,2026-10-10T14:59:07Z,preserve exactly,https://www.gemeinde-merching.de/wp-content/uploads/2020/12/Limmer-Markus.jpg,Direct asset URLs may have external backlinks,0,0,0
https://www.gemeinde-merching.de/wp-content/uploads/2020/12/Mueller-Albert.jpg,206,https://www.gemeinde-merching.de/wp-content/uploads/2020/12/Mueller-Albert.jpg,,,image,image/jpeg,50727,0,,2026-10-10T14:59:07Z,preserve exactly,https://www.gemeinde-merching.de/wp-content/uploads/2020/12/Mueller-Albert.jpg,Direct asset URLs may have external backlinks,0,0,0
https://www.gemeinde-merching.de/wp-content/uploads/2020/12/Steinhart-Andreas.jpg,206,https://www.gemeinde-merching.de/wp-content/uploads/2020/12/Steinhart-Andreas.jpg,,,image,image/jpeg,48729,0,,2026-10-10T14:59:08Z,preserve exactly,https://www.gemeinde-merching.de/wp-content/uploads/2020/12/Steinhart-Andreas.jpg,Direct asset URLs may have external backlinks,0,0,0
https://www.gemeinde-merching.de/wp-content/uploads/2020/12/nature-3294632_1920.jpg,206,https://www.gemeinde-merching.de/wp-content/uploads/2020/12/nature-3294632_1920.jpg,,,image,image/jpeg,330991,0,,2026-10-10T15:06:24Z,preserve exactly,https://www.gemeinde-merching.de/wp-content/uploads/2020/12/nature-3294632_1920.jpg,Direct asset URLs may have external backlinks,0,0,0
https://www.gemeinde-merching.de/wp-content/uploads/2021/01/Deckblatt.jpg,206,https://www.gemeinde-merching.de/wp-content/uploads/2021/01/Deckblatt.jpg,,,image,image/jpeg,167294,0,,2026-10-10T15:06:24Z,preserve exactly,https://www.gemeinde-merching.de/wp-content/uploads/2021/01/Deckblatt.jpg,Direct asset URLs may have external backlinks,0,0,0
https://www.gemeinde-merching.de/wp-content/uploads/2021/01/Vollbild-II-1-300x68.png,206,https://www.gemeinde-merching.de/wp-content/uploads/2021/01/Vollbild-II-1-300x68.png,,,image,image/png,19077,0,,2026-10-10T14:57:22Z,preserve exactly,https://www.gemeinde-merching.de/wp-content/uploads/2021/01/Vollbild-II-1-300x68.png,Direct asset URLs may have external backlinks,0,0,0
https://www.gemeinde-merching.de/wp-content/uploads/2021/01/Vollbild-II-1.png,206,https://www.gemeinde-merching.de/wp-content/uploads/2021/01/Vollbild-II-1.png,,,image,image/png,28109,0,,2026-10-10T14:57:22Z,preserve exactly,https://www.gemeinde-merching.de/wp-content/uploads/2021/01/Vollbild-II-1.png,Direct asset URLs may have external backlinks,0,0,0
https://www.gemeinde-merching.de/wp-content/uploads/2021/01/Vollbild.png,206,https://www.gemeinde-merching.de/wp-content/uploads/2021/01/Vollbild.png,,,image,image/png,70156,0,,2026-10-10T15:06:25Z,preserve exactly,https://www.gemeinde-merching.de/wp-content/uploads/2021/01/Vollbild.png,Direct asset URLs may have external backlinks,0,0,0
https://www.gemeinde-merching.de/wp-content/uploads/2021/01/corona-5174671_640.jpg,206,https://www.gemeinde-merching.de/wp-content/uploads/2021/01/corona-5174671_640.jpg,,,image,image/jpeg,73772,0,,2026-10-10T15:06:25Z,preserve exactly,https://www.gemeinde-merching.de/wp-content/uploads/2021/01/corona-5174671_640.jpg,Direct asset URLs may have external backlinks,0,0,0
https://www.gemeinde-merching.de/wp-content/uploads/2021/01/fire-4814115_1920-2.jpg,206,https://www.gemeinde-merching.de/wp-content/uploads/2021/01/fire-4814115_1920-2.jpg,,,image,image/jpeg,389351,0,,2026-10-10T15:06:26Z,preserve exactly,https://www.gemeinde-merching.de/wp-content/uploads/2021/01/fire-4814115_1920-2.jpg,Direct asset URLs may have external backlinks,0,0,0
https://www.gemeinde-merching.de/wp-content/uploads/2021/01/istockphoto-1203931418-170667a.jpg,206,https://www.gemeinde-merching.de/wp-content/uploads/2021/01/istockphoto-1203931418-170667a.jpg,,,image,image/jpeg,113913,0,,2026-10-10T15:06:27Z,preserve exactly,https://www.gemeinde-merching.de/wp-content/uploads/2021/01/istockphoto-1203931418-170667a.jpg,Direct asset URLs may have external backlinks,0,0,0
https://www.gemeinde-merching.de/wp-content/uploads/2021/02/Bild-Landratsamt-Hilfe-Corona-Feb.-2021-neu-1.pdf,206,https://www.gemeinde-merching.de/wp-content/uploads/2021/02/Bild-Landratsamt-Hilfe-Corona-Feb.-2021-neu-1.pdf,,,PDF,application/pdf,461565,0,,2026-10-10T15:06:27Z,preserve exactly,https://www.gemeinde-merching.de/wp-content/uploads/2021/02/Bild-Landratsamt-Hilfe-Corona-Feb.-2021-neu-1.pdf,Direct asset URLs may have external backlinks,0,0,0
https://www.gemeinde-merching.de/wp-content/uploads/2021/02/Bild-Landratsamt-Hilfe-Corona-Feb.-2021-neu.pdf,206,https://www.gemeinde-merching.de/wp-content/uploads/2021/02/Bild-Landratsamt-Hilfe-Corona-Feb.-2021-neu.pdf,,,PDF,application/pdf,461565,0,,2026-10-10T15:06:28Z,preserve exactly,https://www.gemeinde-merching.de/wp-content/uploads/2021/02/Bild-Landratsamt-Hilfe-Corona-Feb.-2021-neu.pdf,Direct asset URLs may have external backlinks,0,0,0
https://www.gemeinde-merching.de/wp-content/uploads/2021/03/QRCode_StoermelderApp_Merching_210602.png,206,https://www.gemeinde-merching.de/wp-content/uploads/2021/03/QRCode_StoermelderApp_Merching_210602.png,,,image,image/png,1192,0,,2026-10-10T15:06:28Z,preserve exactly,https://www.gemeinde-merching.de/wp-content/uploads/2021/03/QRCode_StoermelderApp_Merching_210602.png,Direct asset URLs may have external backlinks,0,0,0
https://www.gemeinde-merching.de/wp-content/uploads/2021/03/QR_Merching-e1615196274737.png,206,https://www.gemeinde-merching.de/wp-content/uploads/2021/03/QR_Merching-e1615196274737.png,,,image,image/png,3487,0,,2026-10-10T14:56:51Z,preserve exactly,https://www.gemeinde-merching.de/wp-content/uploads/2021/03/QR_Merching-e1615196274737.png,Direct asset URLs may have external backlinks,0,0,0
https://www.gemeinde-merching.de/wp-content/uploads/2021/03/QR_Merching.png,206,https://www.gemeinde-merching.de/wp-content/uploads/2021/03/QR_Merching.png,,,image,image/png,1192,0,,2026-10-10T15:06:29Z,preserve exactly,https://www.gemeinde-merching.de/wp-content/uploads/2021/03/QR_Merching.png,Direct asset URLs may have external backlinks,0,0,0
https://www.gemeinde-merching.de/wp-content/uploads/2021/03/collage-merching-9.jpg,206,https://www.gemeinde-merching.de/wp-content/uploads/2021/03/collage-merching-9.jpg,,,image,image/jpeg,128329,0,,2026-10-10T15:06:30Z,preserve exactly,https://www.gemeinde-merching.de/wp-content/uploads/2021/03/collage-merching-9.jpg,Direct asset URLs may have external backlinks,0,0,0
https://www.gemeinde-merching.de/wp-content/uploads/2021/03/logo-Familienstuetzpunkt-1.pdf,206,https://www.gemeinde-merching.de/wp-content/uploads/2021/03/logo-Familienstuetzpunkt-1.pdf,,,PDF,application/pdf,191857,0,,2026-10-10T15:06:30Z,preserve exactly,https://www.gemeinde-merching.de/wp-content/uploads/2021/03/logo-Familienstuetzpunkt-1.pdf,Direct asset URLs may have external backlinks,0,0,0
https://www.gemeinde-merching.de/wp-content/uploads/2021/03/logo-Familienstuetzpunkt.pdf,206,https://www.gemeinde-merching.de/wp-content/uploads/2021/03/logo-Familienstuetzpunkt.pdf,,,PDF,application/pdf,191857,0,,2026-10-10T15:06:31Z,preserve exactly,https://www.gemeinde-merching.de/wp-content/uploads/2021/03/logo-Familienstuetzpunkt.pdf,Direct asset URLs may have external backlinks,0,0,0
https://www.gemeinde-merching.de/wp-content/uploads/2021/08/Energieberatung-Landkreis-Aichach-Friedberg-Typo-schwarz-RGB-scaled-e1629102681482.jpg,206,https://www.gemeinde-merching.de/wp-content/uploads/2021/08/Energieberatung-Landkreis-Aichach-Friedberg-Typo-schwarz-RGB-scaled-e1629102681482.jpg,,,image,image/jpeg,33927,0,,2026-10-10T15:10:22Z,preserve exactly,https://www.gemeinde-merching.de/wp-content/uploads/2021/08/Energieberatung-Landkreis-Aichach-Friedberg-Typo-schwarz-RGB-scaled-e1629102681482.jpg,Direct asset URLs may have external backlinks,0,0,0
https://www.gemeinde-merching.de/wp-content/uploads/2021/08/Energieberatung-Landkreis-Aichach-Friedberg-Typo-schwarz-RGB.jpg,206,https://www.gemeinde-merching.de/wp-content/uploads/2021/08/Energieberatung-Landkreis-Aichach-Friedberg-Typo-schwarz-RGB.jpg,,,image,image/jpeg,398999,0,,2026-10-10T15:06:31Z,preserve exactly,https://www.gemeinde-merching.de/wp-content/uploads/2021/08/Energieberatung-Landkreis-Aichach-Friedberg-Typo-schwarz-RGB.jpg,Direct asset URLs may have external backlinks,0,0,0
https://www.gemeinde-merching.de/wp-content/uploads/2021/08/Wahlurne-221x300.png,206,https://www.gemeinde-merching.de/wp-content/uploads/2021/08/Wahlurne-221x300.png,,,image,image/png,28577,0,,2026-10-10T14:57:11Z,preserve exactly,https://www.gemeinde-merching.de/wp-content/uploads/2021/08/Wahlurne-221x300.png,Direct asset URLs may have external backlinks,0,0,0
https://www.gemeinde-merching.de/wp-content/uploads/2021/08/Wahlurne-754x1024.png,206,https://www.gemeinde-merching.de/wp-content/uploads/2021/08/Wahlurne-754x1024.png,,,image,image/png,197687,0,,2026-10-10T14:57:12Z,preserve exactly,https://www.gemeinde-merching.de/wp-content/uploads/2021/08/Wahlurne-754x1024.png,Direct asset URLs may have external backlinks,0,0,0
https://www.gemeinde-merching.de/wp-content/uploads/2021/08/Wahlurne-768x1042.png,206,https://www.gemeinde-merching.de/wp-content/uploads/2021/08/Wahlurne-768x1042.png,,,image,image/png,205441,0,,2026-10-10T14:57:12Z,preserve exactly,https://www.gemeinde-merching.de/wp-content/uploads/2021/08/Wahlurne-768x1042.png,Direct asset URLs may have external backlinks,0,0,0
https://www.gemeinde-merching.de/wp-content/uploads/2021/08/Wahlurne.png,206,https://www.gemeinde-merching.de/wp-content/uploads/2021/08/Wahlurne.png,,,image,image/png,261347,0,,2026-10-10T14:57:13Z,preserve exactly,https://www.gemeinde-merching.de/wp-content/uploads/2021/08/Wahlurne.png,Direct asset URLs may have external backlinks,0,0,0
https://www.gemeinde-merching.de/wp-content/uploads/2021/12/Wappen-Merching-ohne-Schrift-farbig.jpg,206,https://www.gemeinde-merching.de/wp-content/uploads/2021/12/Wappen-Merching-ohne-Schrift-farbig.jpg,,,image,image/jpeg,359663,0,,2026-10-10T15:06:32Z,preserve exactly,https://www.gemeinde-merching.de/wp-content/uploads/2021/12/Wappen-Merching-ohne-Schrift-farbig.jpg,Direct asset URLs may have external backlinks,0,0,0
https://www.gemeinde-merching.de/wp-content/uploads/2021/12/Wappen.pdf,206,https://www.gemeinde-merching.de/wp-content/uploads/2021/12/Wappen.pdf,,,PDF,application/pdf,36776,0,,2026-10-10T15:06:33Z,preserve exactly,https://www.gemeinde-merching.de/wp-content/uploads/2021/12/Wappen.pdf,Direct asset URLs may have external backlinks,0,0,0
https://www.gemeinde-merching.de/wp-content/uploads/2022/01/wappen-rvs-150x150.jpg,206,https://www.gemeinde-merching.de/wp-content/uploads/2022/01/wappen-rvs-150x150.jpg,,,image,image/jpeg,14407,0,,2026-10-10T14:57:06Z,preserve exactly,https://www.gemeinde-merching.de/wp-content/uploads/2022/01/wappen-rvs-150x150.jpg,Direct asset URLs may have external backlinks,0,0,0
https://www.gemeinde-merching.de/wp-content/uploads/2022/01/wappen-rvs.jpg,206,https://www.gemeinde-merching.de/wp-content/uploads/2022/01/wappen-rvs.jpg,,,image,image/jpeg,17899,0,,2026-10-10T14:57:06Z,preserve exactly,https://www.gemeinde-merching.de/wp-content/uploads/2022/01/wappen-rvs.jpg,Direct asset URLs may have external backlinks,0,0,0
https://www.gemeinde-merching.de/wp-content/uploads/2022/02/Beitragsbild_Logo_Merching-2-150x150-1.jpg,206,https://www.gemeinde-merching.de/wp-content/uploads/2022/02/Beitragsbild_Logo_Merching-2-150x150-1.jpg,,,image,image/jpeg,9430,0,,2026-10-10T14:57:01Z,preserve exactly,https://www.gemeinde-merching.de/wp-content/uploads/2022/02/Beitragsbild_Logo_Merching-2-150x150-1.jpg,Direct asset URLs may have external backlinks,0,0,0
https://www.gemeinde-merching.de/wp-content/uploads/2022/02/logo-fdpf-bayern.jpg,206,https://www.gemeinde-merching.de/wp-content/uploads/2022/02/logo-fdpf-bayern.jpg,,,image,image/jpeg,8739,0,,2026-10-10T15:06:33Z,preserve exactly,https://www.gemeinde-merching.de/wp-content/uploads/2022/02/logo-fdpf-bayern.jpg,Direct asset URLs may have external backlinks,0,0,0
https://www.gemeinde-merching.de/wp-content/uploads/2022/02/wappen-rvs-150x150.jpg,206,https://www.gemeinde-merching.de/wp-content/uploads/2022/02/wappen-rvs-150x150.jpg,,,image,image/jpeg,14407,0,,2026-10-10T14:57:10Z,preserve exactly,https://www.gemeinde-merching.de/wp-content/uploads/2022/02/wappen-rvs-150x150.jpg,Direct asset URLs may have external backlinks,0,0,0
https://www.gemeinde-merching.de/wp-content/uploads/2022/02/wappen-rvs.jpg,206,https://www.gemeinde-merching.de/wp-content/uploads/2022/02/wappen-rvs.jpg,,,image,image/jpeg,17899,0,,2026-10-10T14:57:10Z,preserve exactly,https://www.gemeinde-merching.de/wp-content/uploads/2022/02/wappen-rvs.jpg,Direct asset URLs may have external backlinks,0,0,0
https://www.gemeinde-merching.de/wp-content/uploads/2022/03/Landratsamt-AIC-FDB.jpg,206,https://www.gemeinde-merching.de/wp-content/uploads/2022/03/Landratsamt-AIC-FDB.jpg,,,image,image/jpeg,1630920,0,,2026-10-10T15:06:34Z,preserve exactly,https://www.gemeinde-merching.de/wp-content/uploads/2022/03/Landratsamt-AIC-FDB.jpg,Direct asset URLs may have external backlinks,0,0,0
https://www.gemeinde-merching.de/wp-content/uploads/2022/03/Textbeitrag-fuer-kommunale-Veroeffentlichungen.pdf,206,https://www.gemeinde-merching.de/wp-content/uploads/2022/03/Textbeitrag-fuer-kommunale-Veroeffentlichungen.pdf,,,PDF,application/pdf,196927,0,,2026-10-10T15:06:34Z,preserve exactly,https://www.gemeinde-merching.de/wp-content/uploads/2022/03/Textbeitrag-fuer-kommunale-Veroeffentlichungen.pdf,Direct asset URLs may have external backlinks,0,0,0
https://www.gemeinde-merching.de/wp-content/uploads/2022/06/Klose-Tanja-klein.jpg,206,https://www.gemeinde-merching.de/wp-content/uploads/2022/06/Klose-Tanja-klein.jpg,,,image,image/jpeg,3862,0,,2026-10-10T14:59:09Z,preserve exactly,https://www.gemeinde-merching.de/wp-content/uploads/2022/06/Klose-Tanja-klein.jpg,Direct asset URLs may have external backlinks,0,0,0
https://www.gemeinde-merching.de/wp-content/uploads/2022/10/BMWK_NKI_Gefoerdert_RGB_DE_2022_quer.jpg,206,https://www.gemeinde-merching.de/wp-content/uploads/2022/10/BMWK_NKI_Gefoerdert_RGB_DE_2022_quer.jpg,,,image,image/jpeg,155867,0,,2026-10-10T15:06:35Z,preserve exactly,https://www.gemeinde-merching.de/wp-content/uploads/2022/10/BMWK_NKI_Gefoerdert_RGB_DE_2022_quer.jpg,Direct asset URLs may have external backlinks,0,0,0
https://www.gemeinde-merching.de/wp-content/uploads/2022/10/evs.png,206,https://www.gemeinde-merching.de/wp-content/uploads/2022/10/evs.png,,,image,image/png,25450,0,,2026-10-10T15:06:36Z,preserve exactly,https://www.gemeinde-merching.de/wp-content/uploads/2022/10/evs.png,Direct asset URLs may have external backlinks,0,0,0
https://www.gemeinde-merching.de/wp-content/uploads/2022/11/Kommunale-IT-Sicherheit.png,206,https://www.gemeinde-merching.de/wp-content/uploads/2022/11/Kommunale-IT-Sicherheit.png,,,image,image/png,44681,0,,2026-10-10T15:06:36Z,preserve exactly,https://www.gemeinde-merching.de/wp-content/uploads/2022/11/Kommunale-IT-Sicherheit.png,Direct asset URLs may have external backlinks,0,0,0
https://www.gemeinde-merching.de/wp-content/uploads/2022/12/Gemeindekurier-Weihnachten-2022-f.-Homepage.pdf,206,https://www.gemeinde-merching.de/wp-content/uploads/2022/12/Gemeindekurier-Weihnachten-2022-f.-Homepage.pdf,,,PDF,application/pdf,1607063,0,,2026-10-10T15:06:37Z,preserve exactly,https://www.gemeinde-merching.de/wp-content/uploads/2022/12/Gemeindekurier-Weihnachten-2022-f.-Homepage.pdf,Direct asset URLs may have external backlinks,0,0,0
https://www.gemeinde-merching.de/wp-content/uploads/2022/12/Rathaus-2020-neu-300x225.jpeg,206,https://www.gemeinde-merching.de/wp-content/uploads/2022/12/Rathaus-2020-neu-300x225.jpeg,,,image,image/jpeg,18588,0,,2026-10-10T14:56:57Z,preserve exactly,https://www.gemeinde-merching.de/wp-content/uploads/2022/12/Rathaus-2020-neu-300x225.jpeg,Direct asset URLs may have external backlinks,0,0,0
https://www.gemeinde-merching.de/wp-content/uploads/2022/12/Rathaus-2020-neu.jpeg,206,https://www.gemeinde-merching.de/wp-content/uploads/2022/12/Rathaus-2020-neu.jpeg,,,image,image/jpeg,2097152,0,,2026-10-10T15:06:37Z,preserve exactly,https://www.gemeinde-merching.de/wp-content/uploads/2022/12/Rathaus-2020-neu.jpeg,Direct asset URLs may have external backlinks,0,0,0
https://www.gemeinde-merching.de/wp-content/uploads/2022/12/Startseite-Block.jpg,206,https://www.gemeinde-merching.de/wp-content/uploads/2022/12/Startseite-Block.jpg,,,image,image/jpeg,466808,0,,2026-10-10T15:06:38Z,preserve exactly,https://www.gemeinde-merching.de/wp-content/uploads/2022/12/Startseite-Block.jpg,Direct asset URLs may have external backlinks,0,0,0
https://www.gemeinde-merching.de/wp-content/uploads/2022/12/banner2.jpg,206,https://www.gemeinde-merching.de/wp-content/uploads/2022/12/banner2.jpg,,,image,image/jpeg,176754,0,,2026-10-10T14:56:57Z,preserve exactly,https://www.gemeinde-merching.de/wp-content/uploads/2022/12/banner2.jpg,Direct asset URLs may have external backlinks,0,0,0
https://www.gemeinde-merching.de/wp-content/uploads/2022/12/cropped-banner2.jpg,206,https://www.gemeinde-merching.de/wp-content/uploads/2022/12/cropped-banner2.jpg,,,image,image/jpeg,89463,0,,2026-10-10T15:06:39Z,preserve exactly,https://www.gemeinde-merching.de/wp-content/uploads/2022/12/cropped-banner2.jpg,Direct asset URLs may have external backlinks,0,0,0
https://www.gemeinde-merching.de/wp-content/uploads/2023/01/Amtsblatt-01-2023Jahrg.-78-Nr.-01.pdf,206,https://www.gemeinde-merching.de/wp-content/uploads/2023/01/Amtsblatt-01-2023Jahrg.-78-Nr.-01.pdf,,,PDF,application/pdf,328515,0,,2026-10-10T15:06:39Z,preserve exactly,https://www.gemeinde-merching.de/wp-content/uploads/2023/01/Amtsblatt-01-2023Jahrg.-78-Nr.-01.pdf,Direct asset URLs may have external backlinks,0,0,0
https://www.gemeinde-merching.de/wp-content/uploads/2023/01/Vorkaufsrechtssatzung-31-01-2023.pdf,206,https://www.gemeinde-merching.de/wp-content/uploads/2023/01/Vorkaufsrechtssatzung-31-01-2023.pdf,,,PDF,application/pdf,181616,0,,2026-10-10T15:06:40Z,preserve exactly,https://www.gemeinde-merching.de/wp-content/uploads/2023/01/Vorkaufsrechtssatzung-31-01-2023.pdf,Direct asset URLs may have external backlinks,0,0,0
https://www.gemeinde-merching.de/wp-content/uploads/2023/02/1_Aenderung_BP_26_Begruendung_2023-01-19.pdf,206,https://www.gemeinde-merching.de/wp-content/uploads/2023/02/1_Aenderung_BP_26_Begruendung_2023-01-19.pdf,,,PDF,application/pdf,393411,0,,2026-10-10T15:06:40Z,preserve exactly,https://www.gemeinde-merching.de/wp-content/uploads/2023/02/1_Aenderung_BP_26_Begruendung_2023-01-19.pdf,Direct asset URLs may have external backlinks,0,0,0
https://www.gemeinde-merching.de/wp-content/uploads/2023/02/1_Aenderung_BP_26_Bekanntmachung-Satzungsbeschluss.pdf,206,https://www.gemeinde-merching.de/wp-content/uploads/2023/02/1_Aenderung_BP_26_Bekanntmachung-Satzungsbeschluss.pdf,,,PDF,application/pdf,1040068,0,,2026-10-10T15:06:41Z,preserve exactly,https://www.gemeinde-merching.de/wp-content/uploads/2023/02/1_Aenderung_BP_26_Bekanntmachung-Satzungsbeschluss.pdf,Direct asset URLs may have external backlinks,0,0,0
https://www.gemeinde-merching.de/wp-content/uploads/2023/02/1_Aenderung_BP_26_Entwurf_2023-01-19.pdf,206,https://www.gemeinde-merching.de/wp-content/uploads/2023/02/1_Aenderung_BP_26_Entwurf_2023-01-19.pdf,,,PDF,application/pdf,2097152,0,,2026-10-10T15:06:42Z,preserve exactly,https://www.gemeinde-merching.de/wp-content/uploads/2023/02/1_Aenderung_BP_26_Entwurf_2023-01-19.pdf,Direct asset URLs may have external backlinks,0,0,0
https://www.gemeinde-merching.de/wp-content/uploads/2023/02/6.-Aenderung-FNP-Bekanntmachung_fruehz_Beteiligung.pdf,206,https://www.gemeinde-merching.de/wp-content/uploads/2023/02/6.-Aenderung-FNP-Bekanntmachung_fruehz_Beteiligung.pdf,,,PDF,application/pdf,882751,0,,2026-10-10T15:06:42Z,preserve exactly,https://www.gemeinde-merching.de/wp-content/uploads/2023/02/6.-Aenderung-FNP-Bekanntmachung_fruehz_Beteiligung.pdf,Direct asset URLs may have external backlinks,0,0,0
https://www.gemeinde-merching.de/wp-content/uploads/2023/02/Amtsblatt-02-2023Jahrg.-78-Nr.-02.pdf,206,https://www.gemeinde-merching.de/wp-content/uploads/2023/02/Amtsblatt-02-2023Jahrg.-78-Nr.-02.pdf,,,PDF,application/pdf,499475,0,,2026-10-10T15:06:43Z,preserve exactly,https://www.gemeinde-merching.de/wp-content/uploads/2023/02/Amtsblatt-02-2023Jahrg.-78-Nr.-02.pdf,Direct asset URLs may have external backlinks,0,0,0
https://www.gemeinde-merching.de/wp-content/uploads/2023/02/BP37-suedl.-Nebelhornstr.-Bekanntmachung-Satzungsbeschluss-.pdf,206,https://www.gemeinde-merching.de/wp-content/uploads/2023/02/BP37-suedl.-Nebelhornstr.-Bekanntmachung-Satzungsbeschluss-.pdf,,,PDF,application/pdf,941142,0,,2026-10-10T15:06:43Z,preserve exactly,https://www.gemeinde-merching.de/wp-content/uploads/2023/02/BP37-suedl.-Nebelhornstr.-Bekanntmachung-Satzungsbeschluss-.pdf,Direct asset URLs may have external backlinks,0,0,0
https://www.gemeinde-merching.de/wp-content/uploads/2023/02/BP37_Suedlich_Nebelhornstrasse_Begruendung_2023-01-19.pdf,206,https://www.gemeinde-merching.de/wp-content/uploads/2023/02/BP37_Suedlich_Nebelhornstrasse_Begruendung_2023-01-19.pdf,,,PDF,application/pdf,1301921,0,,2026-10-10T15:06:44Z,preserve exactly,https://www.gemeinde-merching.de/wp-content/uploads/2023/02/BP37_Suedlich_Nebelhornstrasse_Begruendung_2023-01-19.pdf,Direct asset URLs may have external backlinks,0,0,0
https://www.gemeinde-merching.de/wp-content/uploads/2023/02/BP37_Suedlich_Nebelhornstrasse_Textteil_2023-01-19.pdf,206,https://www.gemeinde-merching.de/wp-content/uploads/2023/02/BP37_Suedlich_Nebelhornstrasse_Textteil_2023-01-19.pdf,,,PDF,application/pdf,298262,0,,2026-10-10T15:06:45Z,preserve exactly,https://www.gemeinde-merching.de/wp-content/uploads/2023/02/BP37_Suedlich_Nebelhornstrasse_Textteil_2023-01-19.pdf,Direct asset URLs may have external backlinks,0,0,0
https://www.gemeinde-merching.de/wp-content/uploads/2023/02/BP37_Suedlich_der_Nebelhornstrasse_Plan_2023-01-19.pdf,206,https://www.gemeinde-merching.de/wp-content/uploads/2023/02/BP37_Suedlich_der_Nebelhornstrasse_Plan_2023-01-19.pdf,,,PDF,application/pdf,866705,0,,2026-10-10T15:06:45Z,preserve exactly,https://www.gemeinde-merching.de/wp-content/uploads/2023/02/BP37_Suedlich_der_Nebelhornstrasse_Plan_2023-01-19.pdf,Direct asset URLs may have external backlinks,0,0,0
https://www.gemeinde-merching.de/wp-content/uploads/2023/02/Begruendung_BPNr36_Freizeitanlage_Bauhof_2023-01-19ue.pdf,206,https://www.gemeinde-merching.de/wp-content/uploads/2023/02/Begruendung_BPNr36_Freizeitanlage_Bauhof_2023-01-19ue.pdf,,,PDF,application/pdf,998657,0,,2026-10-10T15:06:46Z,preserve exactly,https://www.gemeinde-merching.de/wp-content/uploads/2023/02/Begruendung_BPNr36_Freizeitanlage_Bauhof_2023-01-19ue.pdf,Direct asset URLs may have external backlinks,0,0,0
https://www.gemeinde-merching.de/wp-content/uploads/2023/02/Begruendung_Vorentwurf_2023-01-19.pdf,206,https://www.gemeinde-merching.de/wp-content/uploads/2023/02/Begruendung_Vorentwurf_2023-01-19.pdf,,,PDF,application/pdf,904846,0,,2026-10-10T15:06:46Z,preserve exactly,https://www.gemeinde-merching.de/wp-content/uploads/2023/02/Begruendung_Vorentwurf_2023-01-19.pdf,Direct asset URLs may have external backlinks,0,0,0
https://www.gemeinde-merching.de/wp-content/uploads/2023/02/Bekanntmachung-Satzungsbeschluss-B-Plan-Nr.-36-Freizeitanlage.pdf,206,https://www.gemeinde-merching.de/wp-content/uploads/2023/02/Bekanntmachung-Satzungsbeschluss-B-Plan-Nr.-36-Freizeitanlage.pdf,,,PDF,application/pdf,933035,0,,2026-10-10T15:06:47Z,preserve exactly,https://www.gemeinde-merching.de/wp-content/uploads/2023/02/Bekanntmachung-Satzungsbeschluss-B-Plan-Nr.-36-Freizeitanlage.pdf,Direct asset URLs may have external backlinks,0,0,0
https://www.gemeinde-merching.de/wp-content/uploads/2023/02/Planzeichnung_BPNr36_Freizeitanlage_Bauhof_2023-01-19.pdf,206,https://www.gemeinde-merching.de/wp-content/uploads/2023/02/Planzeichnung_BPNr36_Freizeitanlage_Bauhof_2023-01-19.pdf,,,PDF,application/pdf,1205167,0,,2026-10-10T15:06:48Z,preserve exactly,https://www.gemeinde-merching.de/wp-content/uploads/2023/02/Planzeichnung_BPNr36_Freizeitanlage_Bauhof_2023-01-19.pdf,Direct asset URLs may have external backlinks,0,0,0
https://www.gemeinde-merching.de/wp-content/uploads/2023/02/Planzeichnung_Vorentwurf_6_Aend_FNP_Merching_2023-01-19.pdf,206,https://www.gemeinde-merching.de/wp-content/uploads/2023/02/Planzeichnung_Vorentwurf_6_Aend_FNP_Merching_2023-01-19.pdf,,,PDF,application/pdf,1443086,0,,2026-10-10T15:06:48Z,preserve exactly,https://www.gemeinde-merching.de/wp-content/uploads/2023/02/Planzeichnung_Vorentwurf_6_Aend_FNP_Merching_2023-01-19.pdf,Direct asset URLs may have external backlinks,0,0,0
https://www.gemeinde-merching.de/wp-content/uploads/2023/02/Textteil_BPNr36_Freizeitanlage_Bauhof_2023-01-19.pdf,206,https://www.gemeinde-merching.de/wp-content/uploads/2023/02/Textteil_BPNr36_Freizeitanlage_Bauhof_2023-01-19.pdf,,,PDF,application/pdf,366175,0,,2026-10-10T15:06:49Z,preserve exactly,https://www.gemeinde-merching.de/wp-content/uploads/2023/02/Textteil_BPNr36_Freizeitanlage_Bauhof_2023-01-19.pdf,Direct asset URLs may have external backlinks,0,0,0
https://www.gemeinde-merching.de/wp-content/uploads/2023/03/Rama-Dama-Hochdorf.pdf,206,https://www.gemeinde-merching.de/wp-content/uploads/2023/03/Rama-Dama-Hochdorf.pdf,,,PDF,application/pdf,394644,0,,2026-10-10T15:06:49Z,preserve exactly,https://www.gemeinde-merching.de/wp-content/uploads/2023/03/Rama-Dama-Hochdorf.pdf,Direct asset URLs may have external backlinks,0,0,0
https://www.gemeinde-merching.de/wp-content/uploads/2023/04/Amtsblatt-04-2023Jahrg.-78-Nr.-4.pdf,206,https://www.gemeinde-merching.de/wp-content/uploads/2023/04/Amtsblatt-04-2023Jahrg.-78-Nr.-4.pdf,,,PDF,application/pdf,337503,0,,2026-10-10T15:06:50Z,preserve exactly,https://www.gemeinde-merching.de/wp-content/uploads/2023/04/Amtsblatt-04-2023Jahrg.-78-Nr.-4.pdf,Direct asset URLs may have external backlinks,0,0,0
https://www.gemeinde-merching.de/wp-content/uploads/2023/04/Amtsblatt-04-2023Jahrg.-78-Nr.-4a.pdf,206,https://www.gemeinde-merching.de/wp-content/uploads/2023/04/Amtsblatt-04-2023Jahrg.-78-Nr.-4a.pdf,,,PDF,application/pdf,290829,0,,2026-10-10T15:06:51Z,preserve exactly,https://www.gemeinde-merching.de/wp-content/uploads/2023/04/Amtsblatt-04-2023Jahrg.-78-Nr.-4a.pdf,Direct asset URLs may have external backlinks,0,0,0
https://www.gemeinde-merching.de/wp-content/uploads/2023/04/Aushang-Homepage.docx,206,https://www.gemeinde-merching.de/wp-content/uploads/2023/04/Aushang-Homepage.docx,,,sitemap/xml,application/vnd.openxmlformats-officedocument.wordprocessingml.document,225487,0,,2026-10-10T15:06:51Z,preserve exactly,https://www.gemeinde-merching.de/wp-content/uploads/2023/04/Aushang-Homepage.docx,Preserve public path unless domain mapping requires a reviewed change,0,0,0
https://www.gemeinde-merching.de/wp-content/uploads/2023/04/Aushang-Homepage.pdf,206,https://www.gemeinde-merching.de/wp-content/uploads/2023/04/Aushang-Homepage.pdf,,,PDF,application/pdf,139976,0,,2026-10-10T15:06:52Z,preserve exactly,https://www.gemeinde-merching.de/wp-content/uploads/2023/04/Aushang-Homepage.pdf,Direct asset URLs may have external backlinks,0,0,0
https://www.gemeinde-merching.de/wp-content/uploads/2023/05/Amtsblatt-03-2023Jahrg.-78-Nr.-3.pdf,206,https://www.gemeinde-merching.de/wp-content/uploads/2023/05/Amtsblatt-03-2023Jahrg.-78-Nr.-3.pdf,,,PDF,application/pdf,543671,0,,2026-10-10T15:06:52Z,preserve exactly,https://www.gemeinde-merching.de/wp-content/uploads/2023/05/Amtsblatt-03-2023Jahrg.-78-Nr.-3.pdf,Direct asset URLs may have external backlinks,0,0,0
https://www.gemeinde-merching.de/wp-content/uploads/2023/05/Amtsblatt-05-2023Jahrg.-78-Nr.-05.pdf,206,https://www.gemeinde-merching.de/wp-content/uploads/2023/05/Amtsblatt-05-2023Jahrg.-78-Nr.-05.pdf,,,PDF,application/pdf,386721,0,,2026-10-10T15:06:53Z,preserve exactly,https://www.gemeinde-merching.de/wp-content/uploads/2023/05/Amtsblatt-05-2023Jahrg.-78-Nr.-05.pdf,Direct asset URLs may have external backlinks,0,0,0
https://www.gemeinde-merching.de/wp-content/uploads/2023/05/Aufhebung_BP_Nr3a_Bekanntmachung_Auslegung.pdf,206,https://www.gemeinde-merching.de/wp-content/uploads/2023/05/Aufhebung_BP_Nr3a_Bekanntmachung_Auslegung.pdf,,,PDF,application/pdf,1141603,0,,2026-10-10T15:06:54Z,preserve exactly,https://www.gemeinde-merching.de/wp-content/uploads/2023/05/Aufhebung_BP_Nr3a_Bekanntmachung_Auslegung.pdf,Direct asset URLs may have external backlinks,0,0,0
https://www.gemeinde-merching.de/wp-content/uploads/2023/05/Bekanntmachung_ern_oeff_Ausl_BPNr34_Oestl_Nebelhornstr.pdf,206,https://www.gemeinde-merching.de/wp-content/uploads/2023/05/Bekanntmachung_ern_oeff_Ausl_BPNr34_Oestl_Nebelhornstr.pdf,,,PDF,application/pdf,1160932,0,,2026-10-10T15:06:54Z,preserve exactly,https://www.gemeinde-merching.de/wp-content/uploads/2023/05/Bekanntmachung_ern_oeff_Ausl_BPNr34_Oestl_Nebelhornstr.pdf,Direct asset URLs may have external backlinks,0,0,0
https://www.gemeinde-merching.de/wp-content/uploads/2023/05/Gemeindekurier-April-2023-f.-Homepage-neu.pdf,206,https://www.gemeinde-merching.de/wp-content/uploads/2023/05/Gemeindekurier-April-2023-f.-Homepage-neu.pdf,,,PDF,application/pdf,488586,0,,2026-10-10T15:06:55Z,preserve exactly,https://www.gemeinde-merching.de/wp-content/uploads/2023/05/Gemeindekurier-April-2023-f.-Homepage-neu.pdf,Direct asset URLs may have external backlinks,0,0,0
https://www.gemeinde-merching.de/wp-content/uploads/2023/05/Satzung-30.05.2023.pdf,206,https://www.gemeinde-merching.de/wp-content/uploads/2023/05/Satzung-30.05.2023.pdf,,,PDF,application/pdf,677983,0,,2026-10-10T15:06:55Z,preserve exactly,https://www.gemeinde-merching.de/wp-content/uploads/2023/05/Satzung-30.05.2023.pdf,Direct asset URLs may have external backlinks,0,0,0
https://www.gemeinde-merching.de/wp-content/uploads/2023/05/Vorkaufsrechtssatzung-1.pdf,206,https://www.gemeinde-merching.de/wp-content/uploads/2023/05/Vorkaufsrechtssatzung-1.pdf,,,PDF,application/pdf,932934,0,,2026-10-10T14:58:05Z,preserve exactly,https://www.gemeinde-merching.de/wp-content/uploads/2023/05/Vorkaufsrechtssatzung-1.pdf,Direct asset URLs may have external backlinks,0,0,0
https://www.gemeinde-merching.de/wp-content/uploads/2023/05/Vorkaufsrechtssatzung.pdf,206,https://www.gemeinde-merching.de/wp-content/uploads/2023/05/Vorkaufsrechtssatzung.pdf,,,PDF,application/pdf,932934,0,,2026-10-10T15:06:56Z,preserve exactly,https://www.gemeinde-merching.de/wp-content/uploads/2023/05/Vorkaufsrechtssatzung.pdf,Direct asset URLs may have external backlinks,0,0,0
https://www.gemeinde-merching.de/wp-content/uploads/2023/05/oeffentl.-Bekanntmachung_GR-04.05.23.pdf,206,https://www.gemeinde-merching.de/wp-content/uploads/2023/05/oeffentl.-Bekanntmachung_GR-04.05.23.pdf,,,PDF,application/pdf,132285,0,,2026-10-10T15:06:57Z,preserve exactly,https://www.gemeinde-merching.de/wp-content/uploads/2023/05/oeffentl.-Bekanntmachung_GR-04.05.23.pdf,Direct asset URLs may have external backlinks,0,0,0
https://www.gemeinde-merching.de/wp-content/uploads/2023/06/5.-Aend.-Flaechennutzunngs-u.-Landschaftsplan-u.-Aufstell.-d.-vorhabensbez.-BP-Nr.-39-SG-Photovoltaikanl.-oestl.-der-Schmiechach.pdf,206,https://www.gemeinde-merching.de/wp-content/uploads/2023/06/5.-Aend.-Flaechennutzunngs-u.-Landschaftsplan-u.-Aufstell.-d.-vorhabensbez.-BP-Nr.-39-SG-Photovoltaikanl.-oestl.-der-Schmiechach.pdf,,,PDF,application/pdf,1344547,0,,2026-10-10T15:06:57Z,preserve exactly,https://www.gemeinde-merching.de/wp-content/uploads/2023/06/5.-Aend.-Flaechennutzunngs-u.-Landschaftsplan-u.-Aufstell.-d.-vorhabensbez.-BP-Nr.-39-SG-Photovoltaikanl.-oestl.-der-Schmiechach.pdf,Direct asset URLs may have external backlinks,0,0,0
https://www.gemeinde-merching.de/wp-content/uploads/2023/06/Amtsblatt-06-2023Jahrg.-78-Nr.-06.pdf,206,https://www.gemeinde-merching.de/wp-content/uploads/2023/06/Amtsblatt-06-2023Jahrg.-78-Nr.-06.pdf,,,PDF,application/pdf,237003,0,,2026-10-10T15:06:58Z,preserve exactly,https://www.gemeinde-merching.de/wp-content/uploads/2023/06/Amtsblatt-06-2023Jahrg.-78-Nr.-06.pdf,Direct asset URLs may have external backlinks,0,0,0
https://www.gemeinde-merching.de/wp-content/uploads/2023/06/Anschreiben_ToeB_ern_Bet_BP34_Oestl_Nebelhornstrasse_2023-06-01.pdf,206,https://www.gemeinde-merching.de/wp-content/uploads/2023/06/Anschreiben_ToeB_ern_Bet_BP34_Oestl_Nebelhornstrasse_2023-06-01.pdf,,,PDF,application/pdf,348590,0,,2026-10-10T15:06:58Z,preserve exactly,https://www.gemeinde-merching.de/wp-content/uploads/2023/06/Anschreiben_ToeB_ern_Bet_BP34_Oestl_Nebelhornstrasse_2023-06-01.pdf,Direct asset URLs may have external backlinks,0,0,0
https://www.gemeinde-merching.de/wp-content/uploads/2023/06/Antrag-Fahrkarte.pdf,206,https://www.gemeinde-merching.de/wp-content/uploads/2023/06/Antrag-Fahrkarte.pdf,,,PDF,application/pdf,116296,0,,2026-10-10T15:06:59Z,preserve exactly,https://www.gemeinde-merching.de/wp-content/uploads/2023/06/Antrag-Fahrkarte.pdf,Direct asset URLs may have external backlinks,0,0,0
https://www.gemeinde-merching.de/wp-content/uploads/2023/06/Aufhebung_BP_Nr3a_Anschreiben_TOeB_Bet_20230601.pdf,206,https://www.gemeinde-merching.de/wp-content/uploads/2023/06/Aufhebung_BP_Nr3a_Anschreiben_TOeB_Bet_20230601.pdf,,,PDF,application/pdf,348259,0,,2026-10-10T15:07:00Z,preserve exactly,https://www.gemeinde-merching.de/wp-content/uploads/2023/06/Aufhebung_BP_Nr3a_Anschreiben_TOeB_Bet_20230601.pdf,Direct asset URLs may have external backlinks,0,0,0
https://www.gemeinde-merching.de/wp-content/uploads/2023/06/Aufhebung_BP_Nr3a_Begruendung_Entwurf_20230504.pdf,206,https://www.gemeinde-merching.de/wp-content/uploads/2023/06/Aufhebung_BP_Nr3a_Begruendung_Entwurf_20230504.pdf,,,PDF,application/pdf,413723,0,,2026-10-10T15:07:00Z,preserve exactly,https://www.gemeinde-merching.de/wp-content/uploads/2023/06/Aufhebung_BP_Nr3a_Begruendung_Entwurf_20230504.pdf,Direct asset URLs may have external backlinks,0,0,0
https://www.gemeinde-merching.de/wp-content/uploads/2023/06/Aufhebung_BP_Nr3a_Planzeichnung_Entwurf_20230504.pdf,206,https://www.gemeinde-merching.de/wp-content/uploads/2023/06/Aufhebung_BP_Nr3a_Planzeichnung_Entwurf_20230504.pdf,,,PDF,application/pdf,266993,0,,2026-10-10T15:07:01Z,preserve exactly,https://www.gemeinde-merching.de/wp-content/uploads/2023/06/Aufhebung_BP_Nr3a_Planzeichnung_Entwurf_20230504.pdf,Direct asset URLs may have external backlinks,0,0,0
https://www.gemeinde-merching.de/wp-content/uploads/2023/06/BP-PV-Merching-Planzeichnung-Teil-A-29.06.2023.pdf,206,https://www.gemeinde-merching.de/wp-content/uploads/2023/06/BP-PV-Merching-Planzeichnung-Teil-A-29.06.2023.pdf,,,PDF,application/pdf,451408,0,,2026-10-10T15:07:01Z,preserve exactly,https://www.gemeinde-merching.de/wp-content/uploads/2023/06/BP-PV-Merching-Planzeichnung-Teil-A-29.06.2023.pdf,Direct asset URLs may have external backlinks,0,0,0
https://www.gemeinde-merching.de/wp-content/uploads/2023/06/BP-PV-Merching_Begruendung-mit-Umweltbericht-Teil-C_07-29.06.2023.pdf,206,https://www.gemeinde-merching.de/wp-content/uploads/2023/06/BP-PV-Merching_Begruendung-mit-Umweltbericht-Teil-C_07-29.06.2023.pdf,,,PDF,application/pdf,902125,0,,2026-10-10T15:07:02Z,preserve exactly,https://www.gemeinde-merching.de/wp-content/uploads/2023/06/BP-PV-Merching_Begruendung-mit-Umweltbericht-Teil-C_07-29.06.2023.pdf,Direct asset URLs may have external backlinks,0,0,0
https://www.gemeinde-merching.de/wp-content/uploads/2023/06/BP-PV-Merching_Festsetzungen-Teil-B-29.06.2023.pdf,206,https://www.gemeinde-merching.de/wp-content/uploads/2023/06/BP-PV-Merching_Festsetzungen-Teil-B-29.06.2023.pdf,,,PDF,application/pdf,400664,0,,2026-10-10T15:07:03Z,preserve exactly,https://www.gemeinde-merching.de/wp-content/uploads/2023/06/BP-PV-Merching_Festsetzungen-Teil-B-29.06.2023.pdf,Direct asset URLs may have external backlinks,0,0,0
https://www.gemeinde-merching.de/wp-content/uploads/2023/06/BP34_Oestl_Nebelhornstrasse_Begruendung_Entwurf_2023-05-04.pdf,206,https://www.gemeinde-merching.de/wp-content/uploads/2023/06/BP34_Oestl_Nebelhornstrasse_Begruendung_Entwurf_2023-05-04.pdf,,,PDF,application/pdf,1330051,0,,2026-10-10T15:07:03Z,preserve exactly,https://www.gemeinde-merching.de/wp-content/uploads/2023/06/BP34_Oestl_Nebelhornstrasse_Begruendung_Entwurf_2023-05-04.pdf,Direct asset URLs may have external backlinks,0,0,0
https://www.gemeinde-merching.de/wp-content/uploads/2023/06/BP34_Oestl_Nebelhornstrasse_Textteil_Entwurf_2023-05-04.pdf,206,https://www.gemeinde-merching.de/wp-content/uploads/2023/06/BP34_Oestl_Nebelhornstrasse_Textteil_Entwurf_2023-05-04.pdf,,,PDF,application/pdf,972477,0,,2026-10-10T15:07:04Z,preserve exactly,https://www.gemeinde-merching.de/wp-content/uploads/2023/06/BP34_Oestl_Nebelhornstrasse_Textteil_Entwurf_2023-05-04.pdf,Direct asset URLs may have external backlinks,0,0,0
https://www.gemeinde-merching.de/wp-content/uploads/2023/06/BP34_Oestl_Nebenhornstrasse_Planzeichnung_Entwurf_2023-05-04.pdf,206,https://www.gemeinde-merching.de/wp-content/uploads/2023/06/BP34_Oestl_Nebenhornstrasse_Planzeichnung_Entwurf_2023-05-04.pdf,,,PDF,application/pdf,897719,0,,2026-10-10T15:07:04Z,preserve exactly,https://www.gemeinde-merching.de/wp-content/uploads/2023/06/BP34_Oestl_Nebenhornstrasse_Planzeichnung_Entwurf_2023-05-04.pdf,Direct asset URLs may have external backlinks,0,0,0
https://www.gemeinde-merching.de/wp-content/uploads/2023/06/Bekanntmachung_Wahlhelfer_Aufforderung.pdf,206,https://www.gemeinde-merching.de/wp-content/uploads/2023/06/Bekanntmachung_Wahlhelfer_Aufforderung.pdf,,,PDF,application/pdf,155530,0,,2026-10-10T15:07:05Z,preserve exactly,https://www.gemeinde-merching.de/wp-content/uploads/2023/06/Bekanntmachung_Wahlhelfer_Aufforderung.pdf,Direct asset URLs may have external backlinks,0,0,0
https://www.gemeinde-merching.de/wp-content/uploads/2023/06/Bekanntmachung_ern_oeff_Ausl_BPNr34_Oestl_Nebelhornstr.pdf,206,https://www.gemeinde-merching.de/wp-content/uploads/2023/06/Bekanntmachung_ern_oeff_Ausl_BPNr34_Oestl_Nebelhornstr.pdf,,,PDF,application/pdf,1160932,0,,2026-10-10T15:07:06Z,preserve exactly,https://www.gemeinde-merching.de/wp-content/uploads/2023/06/Bekanntmachung_ern_oeff_Ausl_BPNr34_Oestl_Nebelhornstr.pdf,Direct asset URLs may have external backlinks,0,0,0
https://www.gemeinde-merching.de/wp-content/uploads/2023/06/Datenschutzrechtliche-Informationspflichten-nach-Art.-13-und-14-DSGVO-29.06.2023.pdf,206,https://www.gemeinde-merching.de/wp-content/uploads/2023/06/Datenschutzrechtliche-Informationspflichten-nach-Art.-13-und-14-DSGVO-29.06.2023.pdf,,,PDF,application/pdf,892060,0,,2026-10-10T15:07:06Z,preserve exactly,https://www.gemeinde-merching.de/wp-content/uploads/2023/06/Datenschutzrechtliche-Informationspflichten-nach-Art.-13-und-14-DSGVO-29.06.2023.pdf,Direct asset URLs may have external backlinks,0,0,0
https://www.gemeinde-merching.de/wp-content/uploads/2023/06/FNP-PV-Merching-Entwurf-Teil-A-29.06.2023.pdf,206,https://www.gemeinde-merching.de/wp-content/uploads/2023/06/FNP-PV-Merching-Entwurf-Teil-A-29.06.2023.pdf,,,PDF,application/pdf,793024,0,,2026-10-10T15:07:07Z,preserve exactly,https://www.gemeinde-merching.de/wp-content/uploads/2023/06/FNP-PV-Merching-Entwurf-Teil-A-29.06.2023.pdf,Direct asset URLs may have external backlinks,0,0,0
https://www.gemeinde-merching.de/wp-content/uploads/2023/06/FNP-PV-Merching_Begruendung-mit-Umweltbericht-Teil-B_03-29.06.2023.pdf,206,https://www.gemeinde-merching.de/wp-content/uploads/2023/06/FNP-PV-Merching_Begruendung-mit-Umweltbericht-Teil-B_03-29.06.2023.pdf,,,PDF,application/pdf,680255,0,,2026-10-10T15:07:07Z,preserve exactly,https://www.gemeinde-merching.de/wp-content/uploads/2023/06/FNP-PV-Merching_Begruendung-mit-Umweltbericht-Teil-B_03-29.06.2023.pdf,Direct asset URLs may have external backlinks,0,0,0
https://www.gemeinde-merching.de/wp-content/uploads/2023/06/IMG_3237-1024x768.jpg,206,https://www.gemeinde-merching.de/wp-content/uploads/2023/06/IMG_3237-1024x768.jpg,,,image,image/jpeg,153800,0,,2026-10-10T14:58:38Z,preserve exactly,https://www.gemeinde-merching.de/wp-content/uploads/2023/06/IMG_3237-1024x768.jpg,Direct asset URLs may have external backlinks,0,0,0
https://www.gemeinde-merching.de/wp-content/uploads/2023/06/IMG_3237-1536x1152.jpg,206,https://www.gemeinde-merching.de/wp-content/uploads/2023/06/IMG_3237-1536x1152.jpg,,,image,image/jpeg,308710,0,,2026-10-10T14:58:39Z,preserve exactly,https://www.gemeinde-merching.de/wp-content/uploads/2023/06/IMG_3237-1536x1152.jpg,Direct asset URLs may have external backlinks,0,0,0
https://www.gemeinde-merching.de/wp-content/uploads/2023/06/IMG_3237-300x225.jpg,206,https://www.gemeinde-merching.de/wp-content/uploads/2023/06/IMG_3237-300x225.jpg,,,image,image/jpeg,30575,0,,2026-10-10T14:58:39Z,preserve exactly,https://www.gemeinde-merching.de/wp-content/uploads/2023/06/IMG_3237-300x225.jpg,Direct asset URLs may have external backlinks,0,0,0
https://www.gemeinde-merching.de/wp-content/uploads/2023/06/IMG_3237-768x576.jpg,206,https://www.gemeinde-merching.de/wp-content/uploads/2023/06/IMG_3237-768x576.jpg,,,image,image/jpeg,96169,0,,2026-10-10T14:58:40Z,preserve exactly,https://www.gemeinde-merching.de/wp-content/uploads/2023/06/IMG_3237-768x576.jpg,Direct asset URLs may have external backlinks,0,0,0
https://www.gemeinde-merching.de/wp-content/uploads/2023/06/IMG_3237.jpg,206,https://www.gemeinde-merching.de/wp-content/uploads/2023/06/IMG_3237.jpg,,,image,image/jpeg,638189,0,,2026-10-10T14:58:40Z,preserve exactly,https://www.gemeinde-merching.de/wp-content/uploads/2023/06/IMG_3237.jpg,Direct asset URLs may have external backlinks,0,0,0
https://www.gemeinde-merching.de/wp-content/uploads/2023/06/IMG_3242.jpg,206,https://www.gemeinde-merching.de/wp-content/uploads/2023/06/IMG_3242.jpg,,,image,image/jpeg,544343,0,,2026-10-10T15:07:08Z,preserve exactly,https://www.gemeinde-merching.de/wp-content/uploads/2023/06/IMG_3242.jpg,Direct asset URLs may have external backlinks,0,0,0
https://www.gemeinde-merching.de/wp-content/uploads/2023/06/Lampe.jpg,206,https://www.gemeinde-merching.de/wp-content/uploads/2023/06/Lampe.jpg,,,image,image/jpeg,5595,0,,2026-10-10T14:57:26Z,preserve exactly,https://www.gemeinde-merching.de/wp-content/uploads/2023/06/Lampe.jpg,Direct asset URLs may have external backlinks,0,0,0
https://www.gemeinde-merching.de/wp-content/uploads/2023/06/PV-Merching_Kartierung-2023-04-27-29.06.2023.pdf,206,https://www.gemeinde-merching.de/wp-content/uploads/2023/06/PV-Merching_Kartierung-2023-04-27-29.06.2023.pdf,,,PDF,application/pdf,60897,0,,2026-10-10T15:07:09Z,preserve exactly,https://www.gemeinde-merching.de/wp-content/uploads/2023/06/PV-Merching_Kartierung-2023-04-27-29.06.2023.pdf,Direct asset URLs may have external backlinks,0,0,0
https://www.gemeinde-merching.de/wp-content/uploads/2023/06/Stellungnahme-fruehz.-Beteiligung_Denkmalpflege_Abwaegung-29.06.2023-1.pdf,206,https://www.gemeinde-merching.de/wp-content/uploads/2023/06/Stellungnahme-fruehz.-Beteiligung_Denkmalpflege_Abwaegung-29.06.2023-1.pdf,,,PDF,application/pdf,334830,0,,2026-10-10T15:07:09Z,preserve exactly,https://www.gemeinde-merching.de/wp-content/uploads/2023/06/Stellungnahme-fruehz.-Beteiligung_Denkmalpflege_Abwaegung-29.06.2023-1.pdf,Direct asset URLs may have external backlinks,0,0,0
https://www.gemeinde-merching.de/wp-content/uploads/2023/06/Stellungnahme-fruehz.-Beteiligung_Denkmalpflege_Abwaegung-29.06.2023.pdf,206,https://www.gemeinde-merching.de/wp-content/uploads/2023/06/Stellungnahme-fruehz.-Beteiligung_Denkmalpflege_Abwaegung-29.06.2023.pdf,,,PDF,application/pdf,334830,0,,2026-10-10T15:07:10Z,preserve exactly,https://www.gemeinde-merching.de/wp-content/uploads/2023/06/Stellungnahme-fruehz.-Beteiligung_Denkmalpflege_Abwaegung-29.06.2023.pdf,Direct asset URLs may have external backlinks,0,0,0
https://www.gemeinde-merching.de/wp-content/uploads/2023/06/Stellungnahme-fruehz.-Beteiligung_LRA-fuer-BP_Abwaegung-29.06.2023.pdf,206,https://www.gemeinde-merching.de/wp-content/uploads/2023/06/Stellungnahme-fruehz.-Beteiligung_LRA-fuer-BP_Abwaegung-29.06.2023.pdf,,,PDF,application/pdf,1962458,0,,2026-10-10T15:07:10Z,preserve exactly,https://www.gemeinde-merching.de/wp-content/uploads/2023/06/Stellungnahme-fruehz.-Beteiligung_LRA-fuer-BP_Abwaegung-29.06.2023.pdf,Direct asset URLs may have external backlinks,0,0,0
https://www.gemeinde-merching.de/wp-content/uploads/2023/06/Stellungnahme-fruehz.-Beteiligung_LRA-fuer-FNP_Abwaegung-29.06.2023.pdf,206,https://www.gemeinde-merching.de/wp-content/uploads/2023/06/Stellungnahme-fruehz.-Beteiligung_LRA-fuer-FNP_Abwaegung-29.06.2023.pdf,,,PDF,application/pdf,2097152,0,,2026-10-10T15:07:11Z,preserve exactly,https://www.gemeinde-merching.de/wp-content/uploads/2023/06/Stellungnahme-fruehz.-Beteiligung_LRA-fuer-FNP_Abwaegung-29.06.2023.pdf,Direct asset URLs may have external backlinks,0,0,0
https://www.gemeinde-merching.de/wp-content/uploads/2023/06/Stellungnahme-fruehz.-Beteiligung_Regierung-v.-Schwaben_Abwaegung-29.06.2023.pdf,206,https://www.gemeinde-merching.de/wp-content/uploads/2023/06/Stellungnahme-fruehz.-Beteiligung_Regierung-v.-Schwaben_Abwaegung-29.06.2023.pdf,,,PDF,application/pdf,624376,0,,2026-10-10T15:07:12Z,preserve exactly,https://www.gemeinde-merching.de/wp-content/uploads/2023/06/Stellungnahme-fruehz.-Beteiligung_Regierung-v.-Schwaben_Abwaegung-29.06.2023.pdf,Direct asset URLs may have external backlinks,0,0,0
https://www.gemeinde-merching.de/wp-content/uploads/2023/06/Stellungnahme-fruehz.-Beteiligung_WWA_Abwaegung-29.06.2023.pdf,206,https://www.gemeinde-merching.de/wp-content/uploads/2023/06/Stellungnahme-fruehz.-Beteiligung_WWA_Abwaegung-29.06.2023.pdf,,,PDF,application/pdf,687973,0,,2026-10-10T15:07:12Z,preserve exactly,https://www.gemeinde-merching.de/wp-content/uploads/2023/06/Stellungnahme-fruehz.-Beteiligung_WWA_Abwaegung-29.06.2023.pdf,Direct asset URLs may have external backlinks,0,0,0
https://www.gemeinde-merching.de/wp-content/uploads/2023/06/Wahlheler_Anmeldeformular.pdf,206,https://www.gemeinde-merching.de/wp-content/uploads/2023/06/Wahlheler_Anmeldeformular.pdf,,,PDF,application/pdf,41549,0,,2026-10-10T14:56:52Z,preserve exactly,https://www.gemeinde-merching.de/wp-content/uploads/2023/06/Wahlheler_Anmeldeformular.pdf,Direct asset URLs may have external backlinks,0,0,0
https://www.gemeinde-merching.de/wp-content/uploads/2023/07/Amtsblatt-06a-2023Jahrg.-78-Nr.-06a.pdf,206,https://www.gemeinde-merching.de/wp-content/uploads/2023/07/Amtsblatt-06a-2023Jahrg.-78-Nr.-06a.pdf,,,PDF,application/pdf,220156,0,,2026-10-10T15:07:13Z,preserve exactly,https://www.gemeinde-merching.de/wp-content/uploads/2023/07/Amtsblatt-06a-2023Jahrg.-78-Nr.-06a.pdf,Direct asset URLs may have external backlinks,0,0,0
https://www.gemeinde-merching.de/wp-content/uploads/2023/07/Amtsblatt-07-2023Jahrg.-78-Nr.-07.pdf,206,https://www.gemeinde-merching.de/wp-content/uploads/2023/07/Amtsblatt-07-2023Jahrg.-78-Nr.-07.pdf,,,PDF,application/pdf,235960,0,,2026-10-10T15:07:13Z,preserve exactly,https://www.gemeinde-merching.de/wp-content/uploads/2023/07/Amtsblatt-07-2023Jahrg.-78-Nr.-07.pdf,Direct asset URLs may have external backlinks,0,0,0
https://www.gemeinde-merching.de/wp-content/uploads/2023/07/IMG_3692.jpg,206,https://www.gemeinde-merching.de/wp-content/uploads/2023/07/IMG_3692.jpg,,,image,image/jpeg,2097152,0,,2026-10-10T15:07:14Z,preserve exactly,https://www.gemeinde-merching.de/wp-content/uploads/2023/07/IMG_3692.jpg,Direct asset URLs may have external backlinks,0,0,0
https://www.gemeinde-merching.de/wp-content/uploads/2023/07/Nivellement_Infoblaetter_2023-03.pdf,206,https://www.gemeinde-merching.de/wp-content/uploads/2023/07/Nivellement_Infoblaetter_2023-03.pdf,,,PDF,application/pdf,1542485,0,,2026-10-10T15:07:15Z,preserve exactly,https://www.gemeinde-merching.de/wp-content/uploads/2023/07/Nivellement_Infoblaetter_2023-03.pdf,Direct asset URLs may have external backlinks,0,0,0
https://www.gemeinde-merching.de/wp-content/uploads/2023/08/Amtsblatt-08-2023Jahrg.-78-Nr.-08.pdf,206,https://www.gemeinde-merching.de/wp-content/uploads/2023/08/Amtsblatt-08-2023Jahrg.-78-Nr.-08.pdf,,,PDF,application/pdf,407535,0,,2026-10-10T15:07:15Z,preserve exactly,https://www.gemeinde-merching.de/wp-content/uploads/2023/08/Amtsblatt-08-2023Jahrg.-78-Nr.-08.pdf,Direct asset URLs may have external backlinks,0,0,0
https://www.gemeinde-merching.de/wp-content/uploads/2023/08/Logo-Pflegestuetzpunkt-Landkreis-Aichach-Friedberg-CMYK-e1691053220541.webp,206,https://www.gemeinde-merching.de/wp-content/uploads/2023/08/Logo-Pflegestuetzpunkt-Landkreis-Aichach-Friedberg-CMYK-e1691053220541.webp,,,image,image/webp,1776,0,,2026-10-10T14:57:27Z,preserve exactly,https://www.gemeinde-merching.de/wp-content/uploads/2023/08/Logo-Pflegestuetzpunkt-Landkreis-Aichach-Friedberg-CMYK-e1691053220541.webp,Direct asset URLs may have external backlinks,0,0,0
https://www.gemeinde-merching.de/wp-content/uploads/2023/08/Logo-Pflegestuetzpunkt-Landkreis-Aichach-Friedberg-CMYK.webp,206,https://www.gemeinde-merching.de/wp-content/uploads/2023/08/Logo-Pflegestuetzpunkt-Landkreis-Aichach-Friedberg-CMYK.webp,,,image,image/webp,34252,0,,2026-10-10T15:07:16Z,preserve exactly,https://www.gemeinde-merching.de/wp-content/uploads/2023/08/Logo-Pflegestuetzpunkt-Landkreis-Aichach-Friedberg-CMYK.webp,Direct asset URLs may have external backlinks,0,0,0
https://www.gemeinde-merching.de/wp-content/uploads/2023/08/MandatformularGemeinde_mit-_Tel_und_E-Mail_2023.pdf,206,https://www.gemeinde-merching.de/wp-content/uploads/2023/08/MandatformularGemeinde_mit-_Tel_und_E-Mail_2023.pdf,,,PDF,application/pdf,22525,0,,2026-10-10T14:56:52Z,preserve exactly,https://www.gemeinde-merching.de/wp-content/uploads/2023/08/MandatformularGemeinde_mit-_Tel_und_E-Mail_2023.pdf,Direct asset URLs may have external backlinks,0,0,0
https://www.gemeinde-merching.de/wp-content/uploads/2023/08/Pflegestuetzpunkt_Aichach-Friedberg_2023.pdf,206,https://www.gemeinde-merching.de/wp-content/uploads/2023/08/Pflegestuetzpunkt_Aichach-Friedberg_2023.pdf,,,PDF,application/pdf,117522,0,,2026-10-10T15:07:16Z,preserve exactly,https://www.gemeinde-merching.de/wp-content/uploads/2023/08/Pflegestuetzpunkt_Aichach-Friedberg_2023.pdf,Direct asset URLs may have external backlinks,0,0,0
https://www.gemeinde-merching.de/wp-content/uploads/2023/09/Amtsblatt-08-2023Jahrg.-78-Nr.-08.pdf,206,https://www.gemeinde-merching.de/wp-content/uploads/2023/09/Amtsblatt-08-2023Jahrg.-78-Nr.-08.pdf,,,PDF,application/pdf,407535,0,,2026-10-10T15:07:17Z,preserve exactly,https://www.gemeinde-merching.de/wp-content/uploads/2023/09/Amtsblatt-08-2023Jahrg.-78-Nr.-08.pdf,Direct asset URLs may have external backlinks,0,0,0
https://www.gemeinde-merching.de/wp-content/uploads/2023/09/Amtsblatt-08a-2023Jahrg.-78-Nr.-08a.pdf,206,https://www.gemeinde-merching.de/wp-content/uploads/2023/09/Amtsblatt-08a-2023Jahrg.-78-Nr.-08a.pdf,,,PDF,application/pdf,158428,0,,2026-10-10T15:07:18Z,preserve exactly,https://www.gemeinde-merching.de/wp-content/uploads/2023/09/Amtsblatt-08a-2023Jahrg.-78-Nr.-08a.pdf,Direct asset URLs may have external backlinks,0,0,0
https://www.gemeinde-merching.de/wp-content/uploads/2023/09/Amtsblatt-08b-2023Jahrg.-78-Nr.-08b.pdf,206,https://www.gemeinde-merching.de/wp-content/uploads/2023/09/Amtsblatt-08b-2023Jahrg.-78-Nr.-08b.pdf,,,PDF,application/pdf,262389,0,,2026-10-10T15:07:18Z,preserve exactly,https://www.gemeinde-merching.de/wp-content/uploads/2023/09/Amtsblatt-08b-2023Jahrg.-78-Nr.-08b.pdf,Direct asset URLs may have external backlinks,0,0,0
https://www.gemeinde-merching.de/wp-content/uploads/2023/09/Amtsblatt-09-2023Jahrg.-78-Nr.-09.pdf,206,https://www.gemeinde-merching.de/wp-content/uploads/2023/09/Amtsblatt-09-2023Jahrg.-78-Nr.-09.pdf,,,PDF,application/pdf,233992,0,,2026-10-10T15:07:19Z,preserve exactly,https://www.gemeinde-merching.de/wp-content/uploads/2023/09/Amtsblatt-09-2023Jahrg.-78-Nr.-09.pdf,Direct asset URLs may have external backlinks,0,0,0
https://www.gemeinde-merching.de/wp-content/uploads/2023/09/Netzwerk-Familie-AELF-Kurse.pdf,206,https://www.gemeinde-merching.de/wp-content/uploads/2023/09/Netzwerk-Familie-AELF-Kurse.pdf,,,PDF,application/pdf,1526291,0,,2026-10-10T15:07:19Z,preserve exactly,https://www.gemeinde-merching.de/wp-content/uploads/2023/09/Netzwerk-Familie-AELF-Kurse.pdf,Direct asset URLs may have external backlinks,0,0,0
https://www.gemeinde-merching.de/wp-content/uploads/2023/10/Albrecht-Sofie-klein.jpg,206,https://www.gemeinde-merching.de/wp-content/uploads/2023/10/Albrecht-Sofie-klein.jpg,,,image,image/jpeg,781558,0,,2026-10-10T15:07:20Z,preserve exactly,https://www.gemeinde-merching.de/wp-content/uploads/2023/10/Albrecht-Sofie-klein.jpg,Direct asset URLs may have external backlinks,0,0,0
https://www.gemeinde-merching.de/wp-content/uploads/2023/10/Amtsblatt-10-202378-Nr.-10-entfaellt.pdf,206,https://www.gemeinde-merching.de/wp-content/uploads/2023/10/Amtsblatt-10-202378-Nr.-10-entfaellt.pdf,,,PDF,application/pdf,25342,0,,2026-10-10T15:07:21Z,preserve exactly,https://www.gemeinde-merching.de/wp-content/uploads/2023/10/Amtsblatt-10-202378-Nr.-10-entfaellt.pdf,Direct asset URLs may have external backlinks,0,0,0
https://www.gemeinde-merching.de/wp-content/uploads/2023/10/Amtsblatt-10a-2023Jahrg.-78-Nr.-10a.pdf,206,https://www.gemeinde-merching.de/wp-content/uploads/2023/10/Amtsblatt-10a-2023Jahrg.-78-Nr.-10a.pdf,,,PDF,application/pdf,553075,0,,2026-10-10T15:07:21Z,preserve exactly,https://www.gemeinde-merching.de/wp-content/uploads/2023/10/Amtsblatt-10a-2023Jahrg.-78-Nr.-10a.pdf,Direct asset URLs may have external backlinks,0,0,0
https://www.gemeinde-merching.de/wp-content/uploads/2023/10/FLY_Stromausfall_LAF_99x210mm_Merching_web.pdf,206,https://www.gemeinde-merching.de/wp-content/uploads/2023/10/FLY_Stromausfall_LAF_99x210mm_Merching_web.pdf,,,PDF,application/pdf,321903,0,,2026-10-10T14:57:54Z,preserve exactly,https://www.gemeinde-merching.de/wp-content/uploads/2023/10/FLY_Stromausfall_LAF_99x210mm_Merching_web.pdf,Direct asset URLs may have external backlinks,0,0,0
https://www.gemeinde-merching.de/wp-content/uploads/2023/10/Gemeindekurier-November-2023-f.-Homepage.pdf,206,https://www.gemeinde-merching.de/wp-content/uploads/2023/10/Gemeindekurier-November-2023-f.-Homepage.pdf,,,PDF,application/pdf,1105097,0,,2026-10-10T15:07:22Z,preserve exactly,https://www.gemeinde-merching.de/wp-content/uploads/2023/10/Gemeindekurier-November-2023-f.-Homepage.pdf,Direct asset URLs may have external backlinks,0,0,0
https://www.gemeinde-merching.de/wp-content/uploads/2023/11/Abschaffung-des-Kinderreisepasses-zum-01.01.2024-1.pdf,206,https://www.gemeinde-merching.de/wp-content/uploads/2023/11/Abschaffung-des-Kinderreisepasses-zum-01.01.2024-1.pdf,,,PDF,application/pdf,134976,0,,2026-10-10T14:57:01Z,preserve exactly,https://www.gemeinde-merching.de/wp-content/uploads/2023/11/Abschaffung-des-Kinderreisepasses-zum-01.01.2024-1.pdf,Direct asset URLs may have external backlinks,0,0,0
https://www.gemeinde-merching.de/wp-content/uploads/2023/11/Abschaffung-des-Kinderreisepasses-zum-01.01.2024.pdf,206,https://www.gemeinde-merching.de/wp-content/uploads/2023/11/Abschaffung-des-Kinderreisepasses-zum-01.01.2024.pdf,,,PDF,application/pdf,134976,0,,2026-10-10T14:57:36Z,preserve exactly,https://www.gemeinde-merching.de/wp-content/uploads/2023/11/Abschaffung-des-Kinderreisepasses-zum-01.01.2024.pdf,Direct asset URLs may have external backlinks,0,0,0
https://www.gemeinde-merching.de/wp-content/uploads/2023/11/Amtsblatt-11-2023Jahrg.-78-Nr.-11.pdf,206,https://www.gemeinde-merching.de/wp-content/uploads/2023/11/Amtsblatt-11-2023Jahrg.-78-Nr.-11.pdf,,,PDF,application/pdf,158823,0,,2026-10-10T15:07:22Z,preserve exactly,https://www.gemeinde-merching.de/wp-content/uploads/2023/11/Amtsblatt-11-2023Jahrg.-78-Nr.-11.pdf,Direct asset URLs may have external backlinks,0,0,0
https://www.gemeinde-merching.de/wp-content/uploads/2023/11/BGS_WAS_Satzung_2022.pdf,206,https://www.gemeinde-merching.de/wp-content/uploads/2023/11/BGS_WAS_Satzung_2022.pdf,,,PDF,application/pdf,2097152,0,,2026-10-10T15:07:23Z,preserve exactly,https://www.gemeinde-merching.de/wp-content/uploads/2023/11/BGS_WAS_Satzung_2022.pdf,Direct asset URLs may have external backlinks,0,0,0
https://www.gemeinde-merching.de/wp-content/uploads/2023/11/BP-PV-Mandichosee_Teil-A_Planzeichnung-2023-10-26.pdf,206,https://www.gemeinde-merching.de/wp-content/uploads/2023/11/BP-PV-Mandichosee_Teil-A_Planzeichnung-2023-10-26.pdf,,,PDF,application/pdf,1902070,0,,2026-10-10T15:07:24Z,preserve exactly,https://www.gemeinde-merching.de/wp-content/uploads/2023/11/BP-PV-Mandichosee_Teil-A_Planzeichnung-2023-10-26.pdf,Direct asset URLs may have external backlinks,0,0,0
https://www.gemeinde-merching.de/wp-content/uploads/2023/11/BP-PV-Mandichosee_Teil-B_Festsetzungen-2023-10-26.pdf,206,https://www.gemeinde-merching.de/wp-content/uploads/2023/11/BP-PV-Mandichosee_Teil-B_Festsetzungen-2023-10-26.pdf,,,PDF,application/pdf,421565,0,,2026-10-10T15:07:24Z,preserve exactly,https://www.gemeinde-merching.de/wp-content/uploads/2023/11/BP-PV-Mandichosee_Teil-B_Festsetzungen-2023-10-26.pdf,Direct asset URLs may have external backlinks,0,0,0
https://www.gemeinde-merching.de/wp-content/uploads/2023/11/BP-PV-Mandichosee_Teil-C_Begruendung-mit-Umweltbericht-2023-10-26.pdf,206,https://www.gemeinde-merching.de/wp-content/uploads/2023/11/BP-PV-Mandichosee_Teil-C_Begruendung-mit-Umweltbericht-2023-10-26.pdf,,,PDF,application/pdf,2097152,0,,2026-10-10T15:07:25Z,preserve exactly,https://www.gemeinde-merching.de/wp-content/uploads/2023/11/BP-PV-Mandichosee_Teil-C_Begruendung-mit-Umweltbericht-2023-10-26.pdf,Direct asset URLs may have external backlinks,0,0,0
https://www.gemeinde-merching.de/wp-content/uploads/2023/11/BP-PV-Mandichosees-Fachbeitrag-Artenschutz.pdf,206,https://www.gemeinde-merching.de/wp-content/uploads/2023/11/BP-PV-Mandichosees-Fachbeitrag-Artenschutz.pdf,,,PDF,application/pdf,2097152,0,,2026-10-10T15:07:25Z,preserve exactly,https://www.gemeinde-merching.de/wp-content/uploads/2023/11/BP-PV-Mandichosees-Fachbeitrag-Artenschutz.pdf,Direct asset URLs may have external backlinks,0,0,0
https://www.gemeinde-merching.de/wp-content/uploads/2023/11/Case.jpg,206,https://www.gemeinde-merching.de/wp-content/uploads/2023/11/Case.jpg,,,image,image/jpeg,16683,0,,2026-10-10T15:07:26Z,preserve exactly,https://www.gemeinde-merching.de/wp-content/uploads/2023/11/Case.jpg,Direct asset URLs may have external backlinks,0,0,0
https://www.gemeinde-merching.de/wp-content/uploads/2023/11/EWS_Satzung_2022.pdf,206,https://www.gemeinde-merching.de/wp-content/uploads/2023/11/EWS_Satzung_2022.pdf,,,PDF,application/pdf,2097152,0,,2026-10-10T14:57:54Z,preserve exactly,https://www.gemeinde-merching.de/wp-content/uploads/2023/11/EWS_Satzung_2022.pdf,Direct asset URLs may have external backlinks,0,0,0
https://www.gemeinde-merching.de/wp-content/uploads/2023/11/FNP-PV-Mandichosee_Teil-A_Planzeichnung-2023-10-26.pdf,206,https://www.gemeinde-merching.de/wp-content/uploads/2023/11/FNP-PV-Mandichosee_Teil-A_Planzeichnung-2023-10-26.pdf,,,PDF,application/pdf,2097152,0,,2026-10-10T15:07:27Z,preserve exactly,https://www.gemeinde-merching.de/wp-content/uploads/2023/11/FNP-PV-Mandichosee_Teil-A_Planzeichnung-2023-10-26.pdf,Direct asset URLs may have external backlinks,0,0,0
https://www.gemeinde-merching.de/wp-content/uploads/2023/11/FNP-PV-Mandichosee_Teil-B_Begruendung-m.-Umweltbericht-2023-10-26.pdf,206,https://www.gemeinde-merching.de/wp-content/uploads/2023/11/FNP-PV-Mandichosee_Teil-B_Begruendung-m.-Umweltbericht-2023-10-26.pdf,,,PDF,application/pdf,1414844,0,,2026-10-10T15:07:27Z,preserve exactly,https://www.gemeinde-merching.de/wp-content/uploads/2023/11/FNP-PV-Mandichosee_Teil-B_Begruendung-m.-Umweltbericht-2023-10-26.pdf,Direct asset URLs may have external backlinks,0,0,0
https://www.gemeinde-merching.de/wp-content/uploads/2023/11/Leseclub-Merching.pdf,206,https://www.gemeinde-merching.de/wp-content/uploads/2023/11/Leseclub-Merching.pdf,,,PDF,application/pdf,725638,0,,2026-10-10T15:07:28Z,preserve exactly,https://www.gemeinde-merching.de/wp-content/uploads/2023/11/Leseclub-Merching.pdf,Direct asset URLs may have external backlinks,0,0,0
https://www.gemeinde-merching.de/wp-content/uploads/2023/11/Satzung_WAS_2022.pdf,206,https://www.gemeinde-merching.de/wp-content/uploads/2023/11/Satzung_WAS_2022.pdf,,,PDF,application/pdf,2097152,0,,2026-10-10T14:58:12Z,preserve exactly,https://www.gemeinde-merching.de/wp-content/uploads/2023/11/Satzung_WAS_2022.pdf,Direct asset URLs may have external backlinks,0,0,0
https://www.gemeinde-merching.de/wp-content/uploads/2023/12/Amtsblatt-01-2024Jahrg.-79-Nr.-01.pdf,206,https://www.gemeinde-merching.de/wp-content/uploads/2023/12/Amtsblatt-01-2024Jahrg.-79-Nr.-01.pdf,,,PDF,application/pdf,385740,0,,2026-10-10T15:07:28Z,preserve exactly,https://www.gemeinde-merching.de/wp-content/uploads/2023/12/Amtsblatt-01-2024Jahrg.-79-Nr.-01.pdf,Direct asset URLs may have external backlinks,0,0,0
https://www.gemeinde-merching.de/wp-content/uploads/2023/12/Amtsblatt-12-2023Jahrg.-78-Nr.-12.pdf,206,https://www.gemeinde-merching.de/wp-content/uploads/2023/12/Amtsblatt-12-2023Jahrg.-78-Nr.-12.pdf,,,PDF,application/pdf,154336,0,,2026-10-10T15:07:29Z,preserve exactly,https://www.gemeinde-merching.de/wp-content/uploads/2023/12/Amtsblatt-12-2023Jahrg.-78-Nr.-12.pdf,Direct asset URLs may have external backlinks,0,0,0
https://www.gemeinde-merching.de/wp-content/uploads/2023/12/Amtsblatt-12a-2023Jahrg.-78-Nr.-12a.pdf,206,https://www.gemeinde-merching.de/wp-content/uploads/2023/12/Amtsblatt-12a-2023Jahrg.-78-Nr.-12a.pdf,,,PDF,application/pdf,645003,0,,2026-10-10T15:07:30Z,preserve exactly,https://www.gemeinde-merching.de/wp-content/uploads/2023/12/Amtsblatt-12a-2023Jahrg.-78-Nr.-12a.pdf,Direct asset URLs may have external backlinks,0,0,0
https://www.gemeinde-merching.de/wp-content/uploads/2023/12/Bekanntmachung-Plakatierungsverordnung.pdf,206,https://www.gemeinde-merching.de/wp-content/uploads/2023/12/Bekanntmachung-Plakatierungsverordnung.pdf,,,PDF,application/pdf,43422,0,,2026-10-10T15:07:30Z,preserve exactly,https://www.gemeinde-merching.de/wp-content/uploads/2023/12/Bekanntmachung-Plakatierungsverordnung.pdf,Direct asset URLs may have external backlinks,0,0,0
https://www.gemeinde-merching.de/wp-content/uploads/2023/12/Gemeindekurier-Weihnachten-2023-f.-Homepage.pdf,206,https://www.gemeinde-merching.de/wp-content/uploads/2023/12/Gemeindekurier-Weihnachten-2023-f.-Homepage.pdf,,,PDF,application/pdf,1128188,0,,2026-10-10T15:07:31Z,preserve exactly,https://www.gemeinde-merching.de/wp-content/uploads/2023/12/Gemeindekurier-Weihnachten-2023-f.-Homepage.pdf,Direct asset URLs may have external backlinks,0,0,0
https://www.gemeinde-merching.de/wp-content/uploads/2023/12/Logo-Advent.pdf,206,https://www.gemeinde-merching.de/wp-content/uploads/2023/12/Logo-Advent.pdf,,,PDF,application/pdf,280548,0,,2026-10-10T15:07:31Z,preserve exactly,https://www.gemeinde-merching.de/wp-content/uploads/2023/12/Logo-Advent.pdf,Direct asset URLs may have external backlinks,0,0,0
https://www.gemeinde-merching.de/wp-content/uploads/2023/12/Verordnung-der-Gemeinde-Merching-ueber-das-Anbringen-von-Anschlaegen-u.-Plakaten.pdf,206,https://www.gemeinde-merching.de/wp-content/uploads/2023/12/Verordnung-der-Gemeinde-Merching-ueber-das-Anbringen-von-Anschlaegen-u.-Plakaten.pdf,,,PDF,application/pdf,748752,0,,2026-10-10T15:07:32Z,preserve exactly,https://www.gemeinde-merching.de/wp-content/uploads/2023/12/Verordnung-der-Gemeinde-Merching-ueber-das-Anbringen-von-Anschlaegen-u.-Plakaten.pdf,Direct asset URLs may have external backlinks,0,0,0
https://www.gemeinde-merching.de/wp-content/uploads/2023/12/Wappen_Aichach-Friedberg_139x150-e1788341287103.png,206,https://www.gemeinde-merching.de/wp-content/uploads/2023/12/Wappen_Aichach-Friedberg_139x150-e1788341287103.png,,,image,image/png,14298,0,,2026-10-10T14:57:00Z,preserve exactly,https://www.gemeinde-merching.de/wp-content/uploads/2023/12/Wappen_Aichach-Friedberg_139x150-e1788341287103.png,Direct asset URLs may have external backlinks,0,0,0
https://www.gemeinde-merching.de/wp-content/uploads/2023/12/Wappen_Aichach-Friedberg_139x150.png,206,https://www.gemeinde-merching.de/wp-content/uploads/2023/12/Wappen_Aichach-Friedberg_139x150.png,,,image,image/png,19040,0,,2026-10-10T15:07:33Z,preserve exactly,https://www.gemeinde-merching.de/wp-content/uploads/2023/12/Wappen_Aichach-Friedberg_139x150.png,Direct asset URLs may have external backlinks,0,0,0
https://www.gemeinde-merching.de/wp-content/uploads/2024/01/Amtsblatt-01-2024Jahrg.-79-Nr.-01.pdf,206,https://www.gemeinde-merching.de/wp-content/uploads/2024/01/Amtsblatt-01-2024Jahrg.-79-Nr.-01.pdf,,,PDF,application/pdf,385740,0,,2026-10-10T15:07:33Z,preserve exactly,https://www.gemeinde-merching.de/wp-content/uploads/2024/01/Amtsblatt-01-2024Jahrg.-79-Nr.-01.pdf,Direct asset URLs may have external backlinks,0,0,0
https://www.gemeinde-merching.de/wp-content/uploads/2024/01/Oeffentl.Bekanntmachung_GR1_Jan24.pdf,206,https://www.gemeinde-merching.de/wp-content/uploads/2024/01/Oeffentl.Bekanntmachung_GR1_Jan24.pdf,,,PDF,application/pdf,126997,0,,2026-10-10T15:07:34Z,preserve exactly,https://www.gemeinde-merching.de/wp-content/uploads/2024/01/Oeffentl.Bekanntmachung_GR1_Jan24.pdf,Direct asset URLs may have external backlinks,0,0,0
https://www.gemeinde-merching.de/wp-content/uploads/2024/01/Plakatierungsverordnung-1.pdf,206,https://www.gemeinde-merching.de/wp-content/uploads/2024/01/Plakatierungsverordnung-1.pdf,,,PDF,application/pdf,1439303,0,,2026-10-10T15:07:34Z,preserve exactly,https://www.gemeinde-merching.de/wp-content/uploads/2024/01/Plakatierungsverordnung-1.pdf,Direct asset URLs may have external backlinks,0,0,0
https://www.gemeinde-merching.de/wp-content/uploads/2024/01/Plakatierungsverordnung.pdf,206,https://www.gemeinde-merching.de/wp-content/uploads/2024/01/Plakatierungsverordnung.pdf,,,PDF,application/pdf,2097152,0,,2026-10-10T15:07:35Z,preserve exactly,https://www.gemeinde-merching.de/wp-content/uploads/2024/01/Plakatierungsverordnung.pdf,Direct asset URLs may have external backlinks,0,0,0
https://www.gemeinde-merching.de/wp-content/uploads/2024/02/240208_E-Mail-Abbinder_Ukraine-2Jahrestag.jpg,206,https://www.gemeinde-merching.de/wp-content/uploads/2024/02/240208_E-Mail-Abbinder_Ukraine-2Jahrestag.jpg,,,image,image/jpeg,102745,0,,2026-10-10T15:07:36Z,preserve exactly,https://www.gemeinde-merching.de/wp-content/uploads/2024/02/240208_E-Mail-Abbinder_Ukraine-2Jahrestag.jpg,Direct asset URLs may have external backlinks,0,0,0
https://www.gemeinde-merching.de/wp-content/uploads/2024/02/Abschaffung-Kinderreisepass.pdf,404,https://www.gemeinde-merching.de/wp-content/uploads/2024/02/Abschaffung-Kinderreisepass.pdf,,Seite nicht gefunden – Gemeinde Merching,page,text/html; charset=UTF-8,,3,,2026-10-10T14:57:02Z,broken/obsolete,https://www.gemeinde-merching.de/wp-content/uploads/2024/02/Abschaffung-Kinderreisepass.pdf,Live endpoint missing; verify backlinks before removing,2,4,52
https://www.gemeinde-merching.de/wp-content/uploads/2024/02/Amtsblatt-02-2024Jahrg.-79-Nr.-02.pdf,206,https://www.gemeinde-merching.de/wp-content/uploads/2024/02/Amtsblatt-02-2024Jahrg.-79-Nr.-02.pdf,,,PDF,application/pdf,274047,0,,2026-10-10T15:07:36Z,preserve exactly,https://www.gemeinde-merching.de/wp-content/uploads/2024/02/Amtsblatt-02-2024Jahrg.-79-Nr.-02.pdf,Direct asset URLs may have external backlinks,0,0,0
https://www.gemeinde-merching.de/wp-content/uploads/2024/03/5.-Aenderung-FNP-PV-Merching-Teil-A_Planzeichnung.pdf,206,https://www.gemeinde-merching.de/wp-content/uploads/2024/03/5.-Aenderung-FNP-PV-Merching-Teil-A_Planzeichnung.pdf,,,PDF,application/pdf,2097152,0,,2026-10-10T15:07:37Z,preserve exactly,https://www.gemeinde-merching.de/wp-content/uploads/2024/03/5.-Aenderung-FNP-PV-Merching-Teil-A_Planzeichnung.pdf,Direct asset URLs may have external backlinks,0,0,0
https://www.gemeinde-merching.de/wp-content/uploads/2024/03/5.-Aenderung-FNP-PV-Merching_Begruendung-mit-Umweltbericht-Teil-B.pdf,206,https://www.gemeinde-merching.de/wp-content/uploads/2024/03/5.-Aenderung-FNP-PV-Merching_Begruendung-mit-Umweltbericht-Teil-B.pdf,,,PDF,application/pdf,679822,0,,2026-10-10T15:07:37Z,preserve exactly,https://www.gemeinde-merching.de/wp-content/uploads/2024/03/5.-Aenderung-FNP-PV-Merching_Begruendung-mit-Umweltbericht-Teil-B.pdf,Direct asset URLs may have external backlinks,0,0,0
https://www.gemeinde-merching.de/wp-content/uploads/2024/03/Amtsblatt-03-2024Jahrg.-79-Nr.-03.pdf,206,https://www.gemeinde-merching.de/wp-content/uploads/2024/03/Amtsblatt-03-2024Jahrg.-79-Nr.-03.pdf,,,PDF,application/pdf,307885,0,,2026-10-10T15:07:38Z,preserve exactly,https://www.gemeinde-merching.de/wp-content/uploads/2024/03/Amtsblatt-03-2024Jahrg.-79-Nr.-03.pdf,Direct asset URLs may have external backlinks,0,0,0
https://www.gemeinde-merching.de/wp-content/uploads/2024/03/Anzeige-Nachwuchswerbung-2024.pdf,404,https://www.gemeinde-merching.de/wp-content/uploads/2024/03/Anzeige-Nachwuchswerbung-2024.pdf,,Seite nicht gefunden – Gemeinde Merching,page,text/html; charset=UTF-8,,3,,2026-10-10T14:57:49Z,broken/obsolete,https://www.gemeinde-merching.de/wp-content/uploads/2024/03/Anzeige-Nachwuchswerbung-2024.pdf,Live endpoint missing; verify backlinks before removing,2,4,52
https://www.gemeinde-merching.de/wp-content/uploads/2024/03/BP-Nr.-39-PV-Merching-Teil-A-Planzeichnung-2023-10-26.pdf,206,https://www.gemeinde-merching.de/wp-content/uploads/2024/03/BP-Nr.-39-PV-Merching-Teil-A-Planzeichnung-2023-10-26.pdf,,,PDF,application/pdf,495995,0,,2026-10-10T15:07:39Z,preserve exactly,https://www.gemeinde-merching.de/wp-content/uploads/2024/03/BP-Nr.-39-PV-Merching-Teil-A-Planzeichnung-2023-10-26.pdf,Direct asset URLs may have external backlinks,0,0,0
https://www.gemeinde-merching.de/wp-content/uploads/2024/03/Gemeindekurier-Ostern-2024-f.-Homepage.pdf,206,https://www.gemeinde-merching.de/wp-content/uploads/2024/03/Gemeindekurier-Ostern-2024-f.-Homepage.pdf,,,PDF,application/pdf,788154,0,,2026-10-10T15:07:39Z,preserve exactly,https://www.gemeinde-merching.de/wp-content/uploads/2024/03/Gemeindekurier-Ostern-2024-f.-Homepage.pdf,Direct asset URLs may have external backlinks,0,0,0
https://www.gemeinde-merching.de/wp-content/uploads/2024/04/Anmeldeformular-2024-1-HJ.pdf,206,https://www.gemeinde-merching.de/wp-content/uploads/2024/04/Anmeldeformular-2024-1-HJ.pdf,,,PDF,application/pdf,153159,0,,2026-10-10T15:07:40Z,preserve exactly,https://www.gemeinde-merching.de/wp-content/uploads/2024/04/Anmeldeformular-2024-1-HJ.pdf,Direct asset URLs may have external backlinks,0,0,0
https://www.gemeinde-merching.de/wp-content/uploads/2024/04/miteinand-und-fuereinand-e1712737064492.png,206,https://www.gemeinde-merching.de/wp-content/uploads/2024/04/miteinand-und-fuereinand-e1712737064492.png,,,image,image/png,15841,0,,2026-10-10T14:59:43Z,preserve exactly,https://www.gemeinde-merching.de/wp-content/uploads/2024/04/miteinand-und-fuereinand-e1712737064492.png,Direct asset URLs may have external backlinks,0,0,0
https://www.gemeinde-merching.de/wp-content/uploads/2024/04/miteinand-und-fuereinand.png,206,https://www.gemeinde-merching.de/wp-content/uploads/2024/04/miteinand-und-fuereinand.png,,,image,image/png,77342,0,,2026-10-10T15:07:40Z,preserve exactly,https://www.gemeinde-merching.de/wp-content/uploads/2024/04/miteinand-und-fuereinand.png,Direct asset URLs may have external backlinks,0,0,0
https://www.gemeinde-merching.de/wp-content/uploads/2024/05/EnergiePortal_Veroeffentltext_SchadensMelder_Dez23.pdf,206,https://www.gemeinde-merching.de/wp-content/uploads/2024/05/EnergiePortal_Veroeffentltext_SchadensMelder_Dez23.pdf,,,PDF,application/pdf,158629,0,,2026-10-10T14:58:07Z,preserve exactly,https://www.gemeinde-merching.de/wp-content/uploads/2024/05/EnergiePortal_Veroeffentltext_SchadensMelder_Dez23.pdf,Direct asset URLs may have external backlinks,0,0,0
https://www.gemeinde-merching.de/wp-content/uploads/2024/05/QRCode_StoermelderApp_Merching_210602-150x150.png,206,https://www.gemeinde-merching.de/wp-content/uploads/2024/05/QRCode_StoermelderApp_Merching_210602-150x150.png,,,image,image/png,3704,0,,2026-10-10T14:58:07Z,preserve exactly,https://www.gemeinde-merching.de/wp-content/uploads/2024/05/QRCode_StoermelderApp_Merching_210602-150x150.png,Direct asset URLs may have external backlinks,0,0,0
https://www.gemeinde-merching.de/wp-content/uploads/2024/05/QRCode_StoermelderApp_Merching_210602-300x300.png,206,https://www.gemeinde-merching.de/wp-content/uploads/2024/05/QRCode_StoermelderApp_Merching_210602-300x300.png,,,image,image/png,3969,0,,2026-10-10T14:58:08Z,preserve exactly,https://www.gemeinde-merching.de/wp-content/uploads/2024/05/QRCode_StoermelderApp_Merching_210602-300x300.png,Direct asset URLs may have external backlinks,0,0,0
https://www.gemeinde-merching.de/wp-content/uploads/2024/05/QRCode_StoermelderApp_Merching_210602-768x768.png,206,https://www.gemeinde-merching.de/wp-content/uploads/2024/05/QRCode_StoermelderApp_Merching_210602-768x768.png,,,image,image/png,6755,0,,2026-10-10T14:58:09Z,preserve exactly,https://www.gemeinde-merching.de/wp-content/uploads/2024/05/QRCode_StoermelderApp_Merching_210602-768x768.png,Direct asset URLs may have external backlinks,0,0,0
https://www.gemeinde-merching.de/wp-content/uploads/2024/05/QRCode_StoermelderApp_Merching_210602.png,206,https://www.gemeinde-merching.de/wp-content/uploads/2024/05/QRCode_StoermelderApp_Merching_210602.png,,,image,image/png,1192,0,,2026-10-10T14:58:09Z,preserve exactly,https://www.gemeinde-merching.de/wp-content/uploads/2024/05/QRCode_StoermelderApp_Merching_210602.png,Direct asset URLs may have external backlinks,0,0,0
https://www.gemeinde-merching.de/wp-content/uploads/2024/06/Energieberatung-Landkreis-Aichach-Friedberg-Typo-schwarz-RGB-scaled-e1629102681482.jpg,206,https://www.gemeinde-merching.de/wp-content/uploads/2024/06/Energieberatung-Landkreis-Aichach-Friedberg-Typo-schwarz-RGB-scaled-e1629102681482.jpg,,,image,image/jpeg,33927,0,,2026-10-10T15:07:41Z,preserve exactly,https://www.gemeinde-merching.de/wp-content/uploads/2024/06/Energieberatung-Landkreis-Aichach-Friedberg-Typo-schwarz-RGB-scaled-e1629102681482.jpg,Direct asset URLs may have external backlinks,0,0,0
https://www.gemeinde-merching.de/wp-content/uploads/2024/06/Energieberatung-Landkreis-Aichach-Friedberg-Typo-schwarz-RGB-scaled-e1719300013415.jpg,206,https://www.gemeinde-merching.de/wp-content/uploads/2024/06/Energieberatung-Landkreis-Aichach-Friedberg-Typo-schwarz-RGB-scaled-e1719300013415.jpg,,,image,image/jpeg,1489,0,,2026-10-10T14:57:27Z,preserve exactly,https://www.gemeinde-merching.de/wp-content/uploads/2024/06/Energieberatung-Landkreis-Aichach-Friedberg-Typo-schwarz-RGB-scaled-e1719300013415.jpg,Direct asset URLs may have external backlinks,0,0,0
https://www.gemeinde-merching.de/wp-content/uploads/2024/06/Infoblatt-Hochwasser-2024.pdf,206,https://www.gemeinde-merching.de/wp-content/uploads/2024/06/Infoblatt-Hochwasser-2024.pdf,,,PDF,application/pdf,98580,0,,2026-10-10T14:58:11Z,preserve exactly,https://www.gemeinde-merching.de/wp-content/uploads/2024/06/Infoblatt-Hochwasser-2024.pdf,Direct asset URLs may have external backlinks,0,0,0
https://www.gemeinde-merching.de/wp-content/uploads/2024/07/Antrag_Fahrkarte_2024_2025-1.pdf,206,https://www.gemeinde-merching.de/wp-content/uploads/2024/07/Antrag_Fahrkarte_2024_2025-1.pdf,,,PDF,application/pdf,71409,0,,2026-10-10T15:07:42Z,preserve exactly,https://www.gemeinde-merching.de/wp-content/uploads/2024/07/Antrag_Fahrkarte_2024_2025-1.pdf,Direct asset URLs may have external backlinks,0,0,0
https://www.gemeinde-merching.de/wp-content/uploads/2024/07/Gemeindekurier-Sommer-2024-f.-Homepage.pdf,206,https://www.gemeinde-merching.de/wp-content/uploads/2024/07/Gemeindekurier-Sommer-2024-f.-Homepage.pdf,,,PDF,application/pdf,1394093,0,,2026-10-10T15:07:42Z,preserve exactly,https://www.gemeinde-merching.de/wp-content/uploads/2024/07/Gemeindekurier-Sommer-2024-f.-Homepage.pdf,Direct asset URLs may have external backlinks,0,0,0
https://www.gemeinde-merching.de/wp-content/uploads/2024/08/Fundanzeige-24-2024.pdf,206,https://www.gemeinde-merching.de/wp-content/uploads/2024/08/Fundanzeige-24-2024.pdf,,,PDF,application/pdf,560826,0,,2026-10-10T15:07:43Z,preserve exactly,https://www.gemeinde-merching.de/wp-content/uploads/2024/08/Fundanzeige-24-2024.pdf,Direct asset URLs may have external backlinks,0,0,0
https://www.gemeinde-merching.de/wp-content/uploads/2024/09/doc00268420240910131618.pdf,206,https://www.gemeinde-merching.de/wp-content/uploads/2024/09/doc00268420240910131618.pdf,,,PDF,application/pdf,522916,0,,2026-10-10T15:07:43Z,preserve exactly,https://www.gemeinde-merching.de/wp-content/uploads/2024/09/doc00268420240910131618.pdf,Direct asset URLs may have external backlinks,0,0,0
https://www.gemeinde-merching.de/wp-content/uploads/2024/10/Buergerbefragung_Druckformat.pdf,206,https://www.gemeinde-merching.de/wp-content/uploads/2024/10/Buergerbefragung_Druckformat.pdf,,,PDF,application/pdf,335972,0,,2026-10-10T15:07:44Z,preserve exactly,https://www.gemeinde-merching.de/wp-content/uploads/2024/10/Buergerbefragung_Druckformat.pdf,Direct asset URLs may have external backlinks,0,0,0
https://www.gemeinde-merching.de/wp-content/uploads/2024/10/Gemeindekurier-Herbst-2024-f.-Homepage.pdf,206,https://www.gemeinde-merching.de/wp-content/uploads/2024/10/Gemeindekurier-Herbst-2024-f.-Homepage.pdf,,,PDF,application/pdf,768884,0,,2026-10-10T15:07:45Z,preserve exactly,https://www.gemeinde-merching.de/wp-content/uploads/2024/10/Gemeindekurier-Herbst-2024-f.-Homepage.pdf,Direct asset URLs may have external backlinks,0,0,0
https://www.gemeinde-merching.de/wp-content/uploads/2024/10/Hebesatzsatzung_2025.pdf,206,https://www.gemeinde-merching.de/wp-content/uploads/2024/10/Hebesatzsatzung_2025.pdf,,,PDF,application/pdf,430068,0,,2026-10-10T15:07:45Z,preserve exactly,https://www.gemeinde-merching.de/wp-content/uploads/2024/10/Hebesatzsatzung_2025.pdf,Direct asset URLs may have external backlinks,0,0,0
https://www.gemeinde-merching.de/wp-content/uploads/2024/10/Heimatprojekt_Textvorschlag_Website.pdf,206,https://www.gemeinde-merching.de/wp-content/uploads/2024/10/Heimatprojekt_Textvorschlag_Website.pdf,,,PDF,application/pdf,138508,0,,2026-10-10T15:07:46Z,preserve exactly,https://www.gemeinde-merching.de/wp-content/uploads/2024/10/Heimatprojekt_Textvorschlag_Website.pdf,Direct asset URLs may have external backlinks,0,0,0
https://www.gemeinde-merching.de/wp-content/uploads/2024/11/842_Gemeinde-Merching-300x292.png,206,https://www.gemeinde-merching.de/wp-content/uploads/2024/11/842_Gemeinde-Merching-300x292.png,,,image,image/png,64125,0,,2026-10-10T14:58:48Z,preserve exactly,https://www.gemeinde-merching.de/wp-content/uploads/2024/11/842_Gemeinde-Merching-300x292.png,Direct asset URLs may have external backlinks,0,0,0
https://www.gemeinde-merching.de/wp-content/uploads/2024/11/842_Gemeinde-Merching-768x748.png,206,https://www.gemeinde-merching.de/wp-content/uploads/2024/11/842_Gemeinde-Merching-768x748.png,,,image,image/png,237192,0,,2026-10-10T14:58:49Z,preserve exactly,https://www.gemeinde-merching.de/wp-content/uploads/2024/11/842_Gemeinde-Merching-768x748.png,Direct asset URLs may have external backlinks,0,0,0
https://www.gemeinde-merching.de/wp-content/uploads/2024/11/842_Gemeinde-Merching.png,206,https://www.gemeinde-merching.de/wp-content/uploads/2024/11/842_Gemeinde-Merching.png,,,image,image/png,390597,0,,2026-10-10T14:58:49Z,preserve exactly,https://www.gemeinde-merching.de/wp-content/uploads/2024/11/842_Gemeinde-Merching.png,Direct asset URLs may have external backlinks,0,0,0
https://www.gemeinde-merching.de/wp-content/uploads/2024/11/B-Plan-Nr.-34-Datenschutzinformationspflicht.pdf,206,https://www.gemeinde-merching.de/wp-content/uploads/2024/11/B-Plan-Nr.-34-Datenschutzinformationspflicht.pdf,,,PDF,application/pdf,1559043,0,,2026-10-10T15:07:46Z,preserve exactly,https://www.gemeinde-merching.de/wp-content/uploads/2024/11/B-Plan-Nr.-34-Datenschutzinformationspflicht.pdf,Direct asset URLs may have external backlinks,0,0,0
https://www.gemeinde-merching.de/wp-content/uploads/2024/11/BP34_Oestl_Nebelhornstrasse_Begruendung_20240620.pdf,206,https://www.gemeinde-merching.de/wp-content/uploads/2024/11/BP34_Oestl_Nebelhornstrasse_Begruendung_20240620.pdf,,,PDF,application/pdf,1126642,0,,2026-10-10T15:07:47Z,preserve exactly,https://www.gemeinde-merching.de/wp-content/uploads/2024/11/BP34_Oestl_Nebelhornstrasse_Begruendung_20240620.pdf,Direct asset URLs may have external backlinks,0,0,0
https://www.gemeinde-merching.de/wp-content/uploads/2024/11/BP34_Oestl_Nebelhornstrasse_Planzeichnung_Satzung_2024-06-20.pdf,206,https://www.gemeinde-merching.de/wp-content/uploads/2024/11/BP34_Oestl_Nebelhornstrasse_Planzeichnung_Satzung_2024-06-20.pdf,,,PDF,application/pdf,1312878,0,,2026-10-10T15:07:48Z,preserve exactly,https://www.gemeinde-merching.de/wp-content/uploads/2024/11/BP34_Oestl_Nebelhornstrasse_Planzeichnung_Satzung_2024-06-20.pdf,Direct asset URLs may have external backlinks,0,0,0
https://www.gemeinde-merching.de/wp-content/uploads/2024/11/BP34_Oestl_Nebelhornstrasse_Textteil_20240620.pdf,206,https://www.gemeinde-merching.de/wp-content/uploads/2024/11/BP34_Oestl_Nebelhornstrasse_Textteil_20240620.pdf,,,PDF,application/pdf,880573,0,,2026-10-10T15:07:48Z,preserve exactly,https://www.gemeinde-merching.de/wp-content/uploads/2024/11/BP34_Oestl_Nebelhornstrasse_Textteil_20240620.pdf,Direct asset URLs may have external backlinks,0,0,0
https://www.gemeinde-merching.de/wp-content/uploads/2024/11/Bekanntmachung-Grd.St_HundeSt.-2025.pdf,206,https://www.gemeinde-merching.de/wp-content/uploads/2024/11/Bekanntmachung-Grd.St_HundeSt.-2025.pdf,,,PDF,application/pdf,91000,0,,2026-10-10T14:57:43Z,preserve exactly,https://www.gemeinde-merching.de/wp-content/uploads/2024/11/Bekanntmachung-Grd.St_HundeSt.-2025.pdf,Direct asset URLs may have external backlinks,0,0,0
https://www.gemeinde-merching.de/wp-content/uploads/2024/11/Fundsache-Geldschein-am-16.11.2024.pdf,206,https://www.gemeinde-merching.de/wp-content/uploads/2024/11/Fundsache-Geldschein-am-16.11.2024.pdf,,,PDF,application/pdf,374836,0,,2026-10-10T15:07:49Z,preserve exactly,https://www.gemeinde-merching.de/wp-content/uploads/2024/11/Fundsache-Geldschein-am-16.11.2024.pdf,Direct asset URLs may have external backlinks,0,0,0
https://www.gemeinde-merching.de/wp-content/uploads/2024/11/Oeffentliche-Bekanntmachung.pdf,206,https://www.gemeinde-merching.de/wp-content/uploads/2024/11/Oeffentliche-Bekanntmachung.pdf,,,PDF,application/pdf,440936,0,,2026-10-10T15:07:49Z,preserve exactly,https://www.gemeinde-merching.de/wp-content/uploads/2024/11/Oeffentliche-Bekanntmachung.pdf,Direct asset URLs may have external backlinks,0,0,0
https://www.gemeinde-merching.de/wp-content/uploads/2024/11/Schallschutztechnische-Untersuchung-Anlagen.pdf,206,https://www.gemeinde-merching.de/wp-content/uploads/2024/11/Schallschutztechnische-Untersuchung-Anlagen.pdf,,,PDF,application/pdf,1700627,0,,2026-10-10T15:07:50Z,preserve exactly,https://www.gemeinde-merching.de/wp-content/uploads/2024/11/Schallschutztechnische-Untersuchung-Anlagen.pdf,Direct asset URLs may have external backlinks,0,0,0
https://www.gemeinde-merching.de/wp-content/uploads/2024/11/Schalltechnische-Untersuchung-11-05.2023.pdf,206,https://www.gemeinde-merching.de/wp-content/uploads/2024/11/Schalltechnische-Untersuchung-11-05.2023.pdf,,,PDF,application/pdf,1034020,0,,2026-10-10T15:07:51Z,preserve exactly,https://www.gemeinde-merching.de/wp-content/uploads/2024/11/Schalltechnische-Untersuchung-11-05.2023.pdf,Direct asset URLs may have external backlinks,0,0,0
https://www.gemeinde-merching.de/wp-content/uploads/2024/11/Zusammenfassende-Erklaerung.pdf,206,https://www.gemeinde-merching.de/wp-content/uploads/2024/11/Zusammenfassende-Erklaerung.pdf,,,PDF,application/pdf,1174688,0,,2026-10-10T15:07:51Z,preserve exactly,https://www.gemeinde-merching.de/wp-content/uploads/2024/11/Zusammenfassende-Erklaerung.pdf,Direct asset URLs may have external backlinks,0,0,0
https://www.gemeinde-merching.de/wp-content/uploads/2024/12/Gemeindekurier-Weihnachten-2024-f.-Homepage.pdf,206,https://www.gemeinde-merching.de/wp-content/uploads/2024/12/Gemeindekurier-Weihnachten-2024-f.-Homepage.pdf,,,PDF,application/pdf,1485081,0,,2026-10-10T15:07:52Z,preserve exactly,https://www.gemeinde-merching.de/wp-content/uploads/2024/12/Gemeindekurier-Weihnachten-2024-f.-Homepage.pdf,Direct asset URLs may have external backlinks,0,0,0
https://www.gemeinde-merching.de/wp-content/uploads/2024/12/Korrektur_Formular_zur_GrSt_Auslage_in_Gemeinde_und_SZ_04.12.2024.pdf,206,https://www.gemeinde-merching.de/wp-content/uploads/2024/12/Korrektur_Formular_zur_GrSt_Auslage_in_Gemeinde_und_SZ_04.12.2024.pdf,,,PDF,application/pdf,25539,0,,2026-10-10T14:58:46Z,preserve exactly,https://www.gemeinde-merching.de/wp-content/uploads/2024/12/Korrektur_Formular_zur_GrSt_Auslage_in_Gemeinde_und_SZ_04.12.2024.pdf,Direct asset URLs may have external backlinks,0,0,0
https://www.gemeinde-merching.de/wp-content/uploads/2024/12/Plakat-2024.doc,206,https://www.gemeinde-merching.de/wp-content/uploads/2024/12/Plakat-2024.doc,,,file,application/msword,273920,0,,2026-10-10T15:07:52Z,preserve exactly,https://www.gemeinde-merching.de/wp-content/uploads/2024/12/Plakat-2024.doc,Direct asset URLs may have external backlinks,0,0,0
https://www.gemeinde-merching.de/wp-content/uploads/2025/01/015_2025_42_A_Mikrozensus.pdf,206,https://www.gemeinde-merching.de/wp-content/uploads/2025/01/015_2025_42_A_Mikrozensus.pdf,,,PDF,application/pdf,146980,0,,2026-10-10T15:07:53Z,preserve exactly,https://www.gemeinde-merching.de/wp-content/uploads/2025/01/015_2025_42_A_Mikrozensus.pdf,Direct asset URLs may have external backlinks,0,0,0
https://www.gemeinde-merching.de/wp-content/uploads/2025/01/Plakatierungsverordnung.pdf,206,https://www.gemeinde-merching.de/wp-content/uploads/2025/01/Plakatierungsverordnung.pdf,,,PDF,application/pdf,1439303,0,,2026-10-10T15:07:54Z,preserve exactly,https://www.gemeinde-merching.de/wp-content/uploads/2025/01/Plakatierungsverordnung.pdf,Direct asset URLs may have external backlinks,0,0,0
https://www.gemeinde-merching.de/wp-content/uploads/2025/02/Aushang-Homepage.pdf,206,https://www.gemeinde-merching.de/wp-content/uploads/2025/02/Aushang-Homepage.pdf,,,PDF,application/pdf,97622,0,,2026-10-10T15:07:54Z,preserve exactly,https://www.gemeinde-merching.de/wp-content/uploads/2025/02/Aushang-Homepage.pdf,Direct asset URLs may have external backlinks,0,0,0
https://www.gemeinde-merching.de/wp-content/uploads/2025/02/Aushang.pdf,206,https://www.gemeinde-merching.de/wp-content/uploads/2025/02/Aushang.pdf,,,PDF,application/pdf,34713,0,,2026-10-10T15:07:55Z,preserve exactly,https://www.gemeinde-merching.de/wp-content/uploads/2025/02/Aushang.pdf,Direct asset URLs may have external backlinks,0,0,0
https://www.gemeinde-merching.de/wp-content/uploads/2025/02/B-Plan-Nr.-11-Datenschutzinformationspflicht.pdf,206,https://www.gemeinde-merching.de/wp-content/uploads/2025/02/B-Plan-Nr.-11-Datenschutzinformationspflicht.pdf,,,PDF,application/pdf,1558973,0,,2026-10-10T15:07:55Z,preserve exactly,https://www.gemeinde-merching.de/wp-content/uploads/2025/02/B-Plan-Nr.-11-Datenschutzinformationspflicht.pdf,Direct asset URLs may have external backlinks,0,0,0
https://www.gemeinde-merching.de/wp-content/uploads/2025/02/Bekanntm._ern_oeff_Ausl_3_Aend_BPNr11_Kirchenfeld_20250228.pdf,206,https://www.gemeinde-merching.de/wp-content/uploads/2025/02/Bekanntm._ern_oeff_Ausl_3_Aend_BPNr11_Kirchenfeld_20250228.pdf,,,PDF,application/pdf,568119,0,,2026-10-10T15:07:56Z,preserve exactly,https://www.gemeinde-merching.de/wp-content/uploads/2025/02/Bekanntm._ern_oeff_Ausl_3_Aend_BPNr11_Kirchenfeld_20250228.pdf,Direct asset URLs may have external backlinks,0,0,0
https://www.gemeinde-merching.de/wp-content/uploads/2025/03/Artenschutz-Relevanzpruefung-23-02-10.pdf,206,https://www.gemeinde-merching.de/wp-content/uploads/2025/03/Artenschutz-Relevanzpruefung-23-02-10.pdf,,,PDF,application/pdf,1535691,0,,2026-10-10T15:07:57Z,preserve exactly,https://www.gemeinde-merching.de/wp-content/uploads/2025/03/Artenschutz-Relevanzpruefung-23-02-10.pdf,Direct asset URLs may have external backlinks,0,0,0
https://www.gemeinde-merching.de/wp-content/uploads/2025/03/Aushang-Homepage_2.pdf,206,https://www.gemeinde-merching.de/wp-content/uploads/2025/03/Aushang-Homepage_2.pdf,,,PDF,application/pdf,98184,0,,2026-10-10T15:07:57Z,preserve exactly,https://www.gemeinde-merching.de/wp-content/uploads/2025/03/Aushang-Homepage_2.pdf,Direct asset URLs may have external backlinks,0,0,0
https://www.gemeinde-merching.de/wp-content/uploads/2025/03/Begruendung_Entwurf_BP_Kirchenfeld_3_Aend_20250123.pdf,206,https://www.gemeinde-merching.de/wp-content/uploads/2025/03/Begruendung_Entwurf_BP_Kirchenfeld_3_Aend_20250123.pdf,,,PDF,application/pdf,528255,0,,2026-10-10T15:07:58Z,preserve exactly,https://www.gemeinde-merching.de/wp-content/uploads/2025/03/Begruendung_Entwurf_BP_Kirchenfeld_3_Aend_20250123.pdf,Direct asset URLs may have external backlinks,0,0,0
https://www.gemeinde-merching.de/wp-content/uploads/2025/03/BekanntmachungRattenMai2025.pdf,206,https://www.gemeinde-merching.de/wp-content/uploads/2025/03/BekanntmachungRattenMai2025.pdf,,,PDF,application/pdf,83590,0,,2026-10-10T15:07:58Z,preserve exactly,https://www.gemeinde-merching.de/wp-content/uploads/2025/03/BekanntmachungRattenMai2025.pdf,Direct asset URLs may have external backlinks,0,0,0
https://www.gemeinde-merching.de/wp-content/uploads/2025/03/Broschuere_Tag-der-Vereine_01.06.2025-1.pdf,206,https://www.gemeinde-merching.de/wp-content/uploads/2025/03/Broschuere_Tag-der-Vereine_01.06.2025-1.pdf,,,PDF,application/pdf,2097152,0,,2026-10-10T15:07:59Z,preserve exactly,https://www.gemeinde-merching.de/wp-content/uploads/2025/03/Broschuere_Tag-der-Vereine_01.06.2025-1.pdf,Direct asset URLs may have external backlinks,0,0,0
https://www.gemeinde-merching.de/wp-content/uploads/2025/03/Broschuere_Tag-der-Vereine_01.06.2025.pdf,206,https://www.gemeinde-merching.de/wp-content/uploads/2025/03/Broschuere_Tag-der-Vereine_01.06.2025.pdf,,,PDF,application/pdf,2097152,0,,2026-10-10T15:08:00Z,preserve exactly,https://www.gemeinde-merching.de/wp-content/uploads/2025/03/Broschuere_Tag-der-Vereine_01.06.2025.pdf,Direct asset URLs may have external backlinks,0,0,0
https://www.gemeinde-merching.de/wp-content/uploads/2025/03/Plakatierungsverordnung.pdf,206,https://www.gemeinde-merching.de/wp-content/uploads/2025/03/Plakatierungsverordnung.pdf,,,PDF,application/pdf,1278593,0,,2026-10-10T14:58:01Z,preserve exactly,https://www.gemeinde-merching.de/wp-content/uploads/2025/03/Plakatierungsverordnung.pdf,Direct asset URLs may have external backlinks,0,0,0
https://www.gemeinde-merching.de/wp-content/uploads/2025/03/Planzeichnung_Entwurf_3_Aend_Kirchenfeld_2025-01-23.pdf,206,https://www.gemeinde-merching.de/wp-content/uploads/2025/03/Planzeichnung_Entwurf_3_Aend_Kirchenfeld_2025-01-23.pdf,,,PDF,application/pdf,1620441,0,,2026-10-10T15:08:00Z,preserve exactly,https://www.gemeinde-merching.de/wp-content/uploads/2025/03/Planzeichnung_Entwurf_3_Aend_Kirchenfeld_2025-01-23.pdf,Direct asset URLs may have external backlinks,0,0,0
https://www.gemeinde-merching.de/wp-content/uploads/2025/03/Textteil_Entwurf_BP_Kirchenfeld_3_Aend_20250123.pdf,206,https://www.gemeinde-merching.de/wp-content/uploads/2025/03/Textteil_Entwurf_BP_Kirchenfeld_3_Aend_20250123.pdf,,,PDF,application/pdf,172567,0,,2026-10-10T15:08:01Z,preserve exactly,https://www.gemeinde-merching.de/wp-content/uploads/2025/03/Textteil_Entwurf_BP_Kirchenfeld_3_Aend_20250123.pdf,Direct asset URLs may have external backlinks,0,0,0
https://www.gemeinde-merching.de/wp-content/uploads/2025/04/8_Aend_FNP_Merching_Planzeichnung_Feststellung_2024-06-20.pdf,206,https://www.gemeinde-merching.de/wp-content/uploads/2025/04/8_Aend_FNP_Merching_Planzeichnung_Feststellung_2024-06-20.pdf,,,PDF,application/pdf,2097152,0,,2026-10-10T15:08:01Z,preserve exactly,https://www.gemeinde-merching.de/wp-content/uploads/2025/04/8_Aend_FNP_Merching_Planzeichnung_Feststellung_2024-06-20.pdf,Direct asset URLs may have external backlinks,0,0,0
https://www.gemeinde-merching.de/wp-content/uploads/2025/04/8_Aend_FNP_Steinach_Ost_Begruendung_20240620.pdf,206,https://www.gemeinde-merching.de/wp-content/uploads/2025/04/8_Aend_FNP_Steinach_Ost_Begruendung_20240620.pdf,,,PDF,application/pdf,1001001,0,,2026-10-10T15:08:02Z,preserve exactly,https://www.gemeinde-merching.de/wp-content/uploads/2025/04/8_Aend_FNP_Steinach_Ost_Begruendung_20240620.pdf,Direct asset URLs may have external backlinks,0,0,0
https://www.gemeinde-merching.de/wp-content/uploads/2025/04/8_Aend_FNP_Steinach_Ost_Bekanntmachung_Genehmigung_20250403.pdf,206,https://www.gemeinde-merching.de/wp-content/uploads/2025/04/8_Aend_FNP_Steinach_Ost_Bekanntmachung_Genehmigung_20250403.pdf,,,PDF,application/pdf,363119,0,,2026-10-10T15:08:03Z,preserve exactly,https://www.gemeinde-merching.de/wp-content/uploads/2025/04/8_Aend_FNP_Steinach_Ost_Bekanntmachung_Genehmigung_20250403.pdf,Direct asset URLs may have external backlinks,0,0,0
https://www.gemeinde-merching.de/wp-content/uploads/2025/04/8_Aend_FNP_Steinach_Ost_zus_Erklaerung_20250403.pdf,206,https://www.gemeinde-merching.de/wp-content/uploads/2025/04/8_Aend_FNP_Steinach_Ost_zus_Erklaerung_20250403.pdf,,,PDF,application/pdf,1285886,0,,2026-10-10T15:08:03Z,preserve exactly,https://www.gemeinde-merching.de/wp-content/uploads/2025/04/8_Aend_FNP_Steinach_Ost_zus_Erklaerung_20250403.pdf,Direct asset URLs may have external backlinks,0,0,0
https://www.gemeinde-merching.de/wp-content/uploads/2025/04/Gemeindekurier-Ostern-2025-endgueltig-f.-Homepage.pdf,206,https://www.gemeinde-merching.de/wp-content/uploads/2025/04/Gemeindekurier-Ostern-2025-endgueltig-f.-Homepage.pdf,,,PDF,application/pdf,1002401,0,,2026-10-10T15:08:04Z,preserve exactly,https://www.gemeinde-merching.de/wp-content/uploads/2025/04/Gemeindekurier-Ostern-2025-endgueltig-f.-Homepage.pdf,Direct asset URLs may have external backlinks,0,0,0
https://www.gemeinde-merching.de/wp-content/uploads/2025/04/Kauth-Yvonne-kl.jpg,206,https://www.gemeinde-merching.de/wp-content/uploads/2025/04/Kauth-Yvonne-kl.jpg,,,image,image/jpeg,4852,0,,2026-10-10T14:59:09Z,preserve exactly,https://www.gemeinde-merching.de/wp-content/uploads/2025/04/Kauth-Yvonne-kl.jpg,Direct asset URLs may have external backlinks,0,0,0
https://www.gemeinde-merching.de/wp-content/uploads/2025/05/871b0a73-8034-47e4-80ac-ea20ad13f29e.jpg,206,https://www.gemeinde-merching.de/wp-content/uploads/2025/05/871b0a73-8034-47e4-80ac-ea20ad13f29e.jpg,,,image,image/jpeg,546212,0,,2026-10-10T14:58:37Z,preserve exactly,https://www.gemeinde-merching.de/wp-content/uploads/2025/05/871b0a73-8034-47e4-80ac-ea20ad13f29e.jpg,Direct asset URLs may have external backlinks,0,0,0
https://www.gemeinde-merching.de/wp-content/uploads/2025/05/BP35_Geruchsprognose_230714.pdf,206,https://www.gemeinde-merching.de/wp-content/uploads/2025/05/BP35_Geruchsprognose_230714.pdf,,,PDF,application/pdf,2097152,0,,2026-10-10T15:08:04Z,preserve exactly,https://www.gemeinde-merching.de/wp-content/uploads/2025/05/BP35_Geruchsprognose_230714.pdf,Direct asset URLs may have external backlinks,0,0,0
https://www.gemeinde-merching.de/wp-content/uploads/2025/05/BP35_Steinach_Ost_Begruendung_20240620.pdf,206,https://www.gemeinde-merching.de/wp-content/uploads/2025/05/BP35_Steinach_Ost_Begruendung_20240620.pdf,,,PDF,application/pdf,1141988,0,,2026-10-10T15:08:05Z,preserve exactly,https://www.gemeinde-merching.de/wp-content/uploads/2025/05/BP35_Steinach_Ost_Begruendung_20240620.pdf,Direct asset URLs may have external backlinks,0,0,0
https://www.gemeinde-merching.de/wp-content/uploads/2025/05/BP35_Steinach_Ost_Bekanntmachung_Satzungsbeschluss.pdf,206,https://www.gemeinde-merching.de/wp-content/uploads/2025/05/BP35_Steinach_Ost_Bekanntmachung_Satzungsbeschluss.pdf,,,PDF,application/pdf,397288,0,,2026-10-10T15:08:06Z,preserve exactly,https://www.gemeinde-merching.de/wp-content/uploads/2025/05/BP35_Steinach_Ost_Bekanntmachung_Satzungsbeschluss.pdf,Direct asset URLs may have external backlinks,0,0,0
https://www.gemeinde-merching.de/wp-content/uploads/2025/05/BP35_Steinach_Ost_Planzeichnung_2024-06-20.pdf,206,https://www.gemeinde-merching.de/wp-content/uploads/2025/05/BP35_Steinach_Ost_Planzeichnung_2024-06-20.pdf,,,PDF,application/pdf,747473,0,,2026-10-10T15:08:06Z,preserve exactly,https://www.gemeinde-merching.de/wp-content/uploads/2025/05/BP35_Steinach_Ost_Planzeichnung_2024-06-20.pdf,Direct asset URLs may have external backlinks,0,0,0
https://www.gemeinde-merching.de/wp-content/uploads/2025/05/BP35_Steinach_Ost_Textteil_20240620.pdf,206,https://www.gemeinde-merching.de/wp-content/uploads/2025/05/BP35_Steinach_Ost_Textteil_20240620.pdf,,,PDF,application/pdf,207366,0,,2026-10-10T15:08:07Z,preserve exactly,https://www.gemeinde-merching.de/wp-content/uploads/2025/05/BP35_Steinach_Ost_Textteil_20240620.pdf,Direct asset URLs may have external backlinks,0,0,0
https://www.gemeinde-merching.de/wp-content/uploads/2025/05/BP35_Steinach_Ost_Zusammenfassende_Erklaerung.pdf,206,https://www.gemeinde-merching.de/wp-content/uploads/2025/05/BP35_Steinach_Ost_Zusammenfassende_Erklaerung.pdf,,,PDF,application/pdf,1759168,0,,2026-10-10T15:08:07Z,preserve exactly,https://www.gemeinde-merching.de/wp-content/uploads/2025/05/BP35_Steinach_Ost_Zusammenfassende_Erklaerung.pdf,Direct asset URLs may have external backlinks,0,0,0
https://www.gemeinde-merching.de/wp-content/uploads/2025/05/Bekanntmachung-Kostensatzung-1.docx,206,https://www.gemeinde-merching.de/wp-content/uploads/2025/05/Bekanntmachung-Kostensatzung-1.docx,,,sitemap/xml,application/vnd.openxmlformats-officedocument.wordprocessingml.document,53667,0,,2026-10-10T15:08:08Z,preserve exactly,https://www.gemeinde-merching.de/wp-content/uploads/2025/05/Bekanntmachung-Kostensatzung-1.docx,Preserve public path unless domain mapping requires a reviewed change,0,0,0
https://www.gemeinde-merching.de/wp-content/uploads/2025/05/Bekanntmachung-Kostensatzung.docx,206,https://www.gemeinde-merching.de/wp-content/uploads/2025/05/Bekanntmachung-Kostensatzung.docx,,,sitemap/xml,application/vnd.openxmlformats-officedocument.wordprocessingml.document,33807,0,,2026-10-10T14:57:45Z,preserve exactly,https://www.gemeinde-merching.de/wp-content/uploads/2025/05/Bekanntmachung-Kostensatzung.docx,Preserve public path unless domain mapping requires a reviewed change,0,0,0
https://www.gemeinde-merching.de/wp-content/uploads/2025/05/Bekanntmachung-Kostensatzung.pdf,206,https://www.gemeinde-merching.de/wp-content/uploads/2025/05/Bekanntmachung-Kostensatzung.pdf,,,PDF,application/pdf,54558,0,,2026-10-10T14:57:45Z,preserve exactly,https://www.gemeinde-merching.de/wp-content/uploads/2025/05/Bekanntmachung-Kostensatzung.pdf,Direct asset URLs may have external backlinks,0,0,0
https://www.gemeinde-merching.de/wp-content/uploads/2025/05/Fundanzeige-12-2025.pdf,206,https://www.gemeinde-merching.de/wp-content/uploads/2025/05/Fundanzeige-12-2025.pdf,,,PDF,application/pdf,350257,0,,2026-10-10T15:08:09Z,preserve exactly,https://www.gemeinde-merching.de/wp-content/uploads/2025/05/Fundanzeige-12-2025.pdf,Direct asset URLs may have external backlinks,0,0,0
https://www.gemeinde-merching.de/wp-content/uploads/2025/05/Fundanzeige-13-2025.pdf,206,https://www.gemeinde-merching.de/wp-content/uploads/2025/05/Fundanzeige-13-2025.pdf,,,PDF,application/pdf,345453,0,,2026-10-10T15:08:09Z,preserve exactly,https://www.gemeinde-merching.de/wp-content/uploads/2025/05/Fundanzeige-13-2025.pdf,Direct asset URLs may have external backlinks,0,0,0
https://www.gemeinde-merching.de/wp-content/uploads/2025/05/Fundanzeige-14-2025.pdf,206,https://www.gemeinde-merching.de/wp-content/uploads/2025/05/Fundanzeige-14-2025.pdf,,,PDF,application/pdf,350455,0,,2026-10-10T15:08:10Z,preserve exactly,https://www.gemeinde-merching.de/wp-content/uploads/2025/05/Fundanzeige-14-2025.pdf,Direct asset URLs may have external backlinks,0,0,0
https://www.gemeinde-merching.de/wp-content/uploads/2025/05/Huster-Christian.jpg,206,https://www.gemeinde-merching.de/wp-content/uploads/2025/05/Huster-Christian.jpg,,,image,image/jpeg,2825,0,,2026-10-10T14:59:10Z,preserve exactly,https://www.gemeinde-merching.de/wp-content/uploads/2025/05/Huster-Christian.jpg,Direct asset URLs may have external backlinks,0,0,0
https://www.gemeinde-merching.de/wp-content/uploads/2025/05/Mack-Petra.jpg,206,https://www.gemeinde-merching.de/wp-content/uploads/2025/05/Mack-Petra.jpg,,,image,image/jpeg,5255,0,,2026-10-10T14:59:10Z,preserve exactly,https://www.gemeinde-merching.de/wp-content/uploads/2025/05/Mack-Petra.jpg,Direct asset URLs may have external backlinks,0,0,0
https://www.gemeinde-merching.de/wp-content/uploads/2025/05/a44955c3-7ddb-4b8d-ac70-5887973f301e.jpg,206,https://www.gemeinde-merching.de/wp-content/uploads/2025/05/a44955c3-7ddb-4b8d-ac70-5887973f301e.jpg,,,image,image/jpeg,529724,0,,2026-10-10T15:08:10Z,preserve exactly,https://www.gemeinde-merching.de/wp-content/uploads/2025/05/a44955c3-7ddb-4b8d-ac70-5887973f301e.jpg,Direct asset URLs may have external backlinks,0,0,0
https://www.gemeinde-merching.de/wp-content/uploads/2025/06/2025-Sommerserenade-V1-1.pdf,206,https://www.gemeinde-merching.de/wp-content/uploads/2025/06/2025-Sommerserenade-V1-1.pdf,,,PDF,application/pdf,2097152,0,,2026-10-10T15:08:11Z,preserve exactly,https://www.gemeinde-merching.de/wp-content/uploads/2025/06/2025-Sommerserenade-V1-1.pdf,Direct asset URLs may have external backlinks,0,0,0
https://www.gemeinde-merching.de/wp-content/uploads/2025/06/2025-Sommerserenade-V1-2.pdf,206,https://www.gemeinde-merching.de/wp-content/uploads/2025/06/2025-Sommerserenade-V1-2.pdf,,,PDF,application/pdf,2097152,0,,2026-10-10T15:08:12Z,preserve exactly,https://www.gemeinde-merching.de/wp-content/uploads/2025/06/2025-Sommerserenade-V1-2.pdf,Direct asset URLs may have external backlinks,0,0,0
https://www.gemeinde-merching.de/wp-content/uploads/2025/06/2025-Sommerserenade-V1.pdf,206,https://www.gemeinde-merching.de/wp-content/uploads/2025/06/2025-Sommerserenade-V1.pdf,,,PDF,application/pdf,2097152,0,,2026-10-10T15:08:12Z,preserve exactly,https://www.gemeinde-merching.de/wp-content/uploads/2025/06/2025-Sommerserenade-V1.pdf,Direct asset URLs may have external backlinks,0,0,0
https://www.gemeinde-merching.de/wp-content/uploads/2025/06/Bundesagentur.png,206,https://www.gemeinde-merching.de/wp-content/uploads/2025/06/Bundesagentur.png,,,image,image/png,3244,0,,2026-10-10T15:08:13Z,preserve exactly,https://www.gemeinde-merching.de/wp-content/uploads/2025/06/Bundesagentur.png,Direct asset URLs may have external backlinks,0,0,0
https://www.gemeinde-merching.de/wp-content/uploads/2025/06/Familienstuetzpunkt-Sued-Programm-Juli-bis-Sept.-2025.pdf,206,https://www.gemeinde-merching.de/wp-content/uploads/2025/06/Familienstuetzpunkt-Sued-Programm-Juli-bis-Sept.-2025.pdf,,,PDF,application/pdf,625939,0,,2026-10-10T15:08:13Z,preserve exactly,https://www.gemeinde-merching.de/wp-content/uploads/2025/06/Familienstuetzpunkt-Sued-Programm-Juli-bis-Sept.-2025.pdf,Direct asset URLs may have external backlinks,0,0,0
https://www.gemeinde-merching.de/wp-content/uploads/2025/06/Fundsache-15-2025.pdf,206,https://www.gemeinde-merching.de/wp-content/uploads/2025/06/Fundsache-15-2025.pdf,,,PDF,application/pdf,371722,0,,2026-10-10T15:08:14Z,preserve exactly,https://www.gemeinde-merching.de/wp-content/uploads/2025/06/Fundsache-15-2025.pdf,Direct asset URLs may have external backlinks,0,0,0
https://www.gemeinde-merching.de/wp-content/uploads/2025/06/PDF-Flyer-Merchinger-Ferienprogramm-2025.pdf,206,https://www.gemeinde-merching.de/wp-content/uploads/2025/06/PDF-Flyer-Merchinger-Ferienprogramm-2025.pdf,,,PDF,application/pdf,2097152,0,,2026-10-10T15:08:15Z,preserve exactly,https://www.gemeinde-merching.de/wp-content/uploads/2025/06/PDF-Flyer-Merchinger-Ferienprogramm-2025.pdf,Direct asset URLs may have external backlinks,0,0,0
https://www.gemeinde-merching.de/wp-content/uploads/2025/06/Screenshot-2025-06-25-103555-4.jpg,206,https://www.gemeinde-merching.de/wp-content/uploads/2025/06/Screenshot-2025-06-25-103555-4.jpg,,,image,image/jpeg,3252,0,,2026-10-10T15:08:15Z,preserve exactly,https://www.gemeinde-merching.de/wp-content/uploads/2025/06/Screenshot-2025-06-25-103555-4.jpg,Direct asset URLs may have external backlinks,0,0,0
https://www.gemeinde-merching.de/wp-content/uploads/2025/06/Spielschiff-15-05-2025-1-300x195.jpg,206,https://www.gemeinde-merching.de/wp-content/uploads/2025/06/Spielschiff-15-05-2025-1-300x195.jpg,,,image,image/jpeg,18747,0,,2026-10-10T14:58:56Z,preserve exactly,https://www.gemeinde-merching.de/wp-content/uploads/2025/06/Spielschiff-15-05-2025-1-300x195.jpg,Direct asset URLs may have external backlinks,0,0,0
https://www.gemeinde-merching.de/wp-content/uploads/2025/06/Spielschiff-15-05-2025-1-768x500.jpg,206,https://www.gemeinde-merching.de/wp-content/uploads/2025/06/Spielschiff-15-05-2025-1-768x500.jpg,,,image,image/jpeg,122157,0,,2026-10-10T14:58:57Z,preserve exactly,https://www.gemeinde-merching.de/wp-content/uploads/2025/06/Spielschiff-15-05-2025-1-768x500.jpg,Direct asset URLs may have external backlinks,0,0,0
https://www.gemeinde-merching.de/wp-content/uploads/2025/06/Spielschiff-15-05-2025-1.jpg,206,https://www.gemeinde-merching.de/wp-content/uploads/2025/06/Spielschiff-15-05-2025-1.jpg,,,image,image/jpeg,285129,0,,2026-10-10T14:58:57Z,preserve exactly,https://www.gemeinde-merching.de/wp-content/uploads/2025/06/Spielschiff-15-05-2025-1.jpg,Direct asset URLs may have external backlinks,0,0,0
https://www.gemeinde-merching.de/wp-content/uploads/2025/06/image0.jpeg,206,https://www.gemeinde-merching.de/wp-content/uploads/2025/06/image0.jpeg,,,image,image/jpeg,1406188,0,,2026-10-10T15:08:16Z,preserve exactly,https://www.gemeinde-merching.de/wp-content/uploads/2025/06/image0.jpeg,Direct asset URLs may have external backlinks,0,0,0
https://www.gemeinde-merching.de/wp-content/uploads/2025/06/image1.jpeg,206,https://www.gemeinde-merching.de/wp-content/uploads/2025/06/image1.jpeg,,,image,image/jpeg,368233,0,,2026-10-10T15:08:16Z,preserve exactly,https://www.gemeinde-merching.de/wp-content/uploads/2025/06/image1.jpeg,Direct asset URLs may have external backlinks,0,0,0
https://www.gemeinde-merching.de/wp-content/uploads/2025/07/175_2025_42_A_Mikrozensus_Halbzeit.pdf,206,https://www.gemeinde-merching.de/wp-content/uploads/2025/07/175_2025_42_A_Mikrozensus_Halbzeit.pdf,,,PDF,application/pdf,197058,0,,2026-10-10T15:08:17Z,preserve exactly,https://www.gemeinde-merching.de/wp-content/uploads/2025/07/175_2025_42_A_Mikrozensus_Halbzeit.pdf,Direct asset URLs may have external backlinks,0,0,0
https://www.gemeinde-merching.de/wp-content/uploads/2025/07/Absage.png,206,https://www.gemeinde-merching.de/wp-content/uploads/2025/07/Absage.png,,,image,image/png,668747,0,,2026-10-10T15:08:18Z,preserve exactly,https://www.gemeinde-merching.de/wp-content/uploads/2025/07/Absage.png,Direct asset URLs may have external backlinks,0,0,0
https://www.gemeinde-merching.de/wp-content/uploads/2025/07/Antrag_Fahrkarte_2025_2026.pdf,206,https://www.gemeinde-merching.de/wp-content/uploads/2025/07/Antrag_Fahrkarte_2025_2026.pdf,,,PDF,application/pdf,137171,0,,2026-10-10T14:56:53Z,preserve exactly,https://www.gemeinde-merching.de/wp-content/uploads/2025/07/Antrag_Fahrkarte_2025_2026.pdf,Direct asset URLs may have external backlinks,0,0,0
https://www.gemeinde-merching.de/wp-content/uploads/2025/07/Entfaellt.jpg,206,https://www.gemeinde-merching.de/wp-content/uploads/2025/07/Entfaellt.jpg,,,image,image/jpeg,201521,0,,2026-10-10T15:08:18Z,preserve exactly,https://www.gemeinde-merching.de/wp-content/uploads/2025/07/Entfaellt.jpg,Direct asset URLs may have external backlinks,0,0,0
https://www.gemeinde-merching.de/wp-content/uploads/2025/07/Geldbeutel-8821920_1280.png,206,https://www.gemeinde-merching.de/wp-content/uploads/2025/07/Geldbeutel-8821920_1280.png,,,image,image/png,206196,0,,2026-10-10T15:08:19Z,preserve exactly,https://www.gemeinde-merching.de/wp-content/uploads/2025/07/Geldbeutel-8821920_1280.png,Direct asset URLs may have external backlinks,0,0,0
https://www.gemeinde-merching.de/wp-content/uploads/2025/07/Gemeindekurier-Sommer-2025-V1-PDF-fuer-Druckerei-Richter.pdf,206,https://www.gemeinde-merching.de/wp-content/uploads/2025/07/Gemeindekurier-Sommer-2025-V1-PDF-fuer-Druckerei-Richter.pdf,,,PDF,application/pdf,1080940,0,,2026-10-10T15:08:19Z,preserve exactly,https://www.gemeinde-merching.de/wp-content/uploads/2025/07/Gemeindekurier-Sommer-2025-V1-PDF-fuer-Druckerei-Richter.pdf,Direct asset URLs may have external backlinks,0,0,0
https://www.gemeinde-merching.de/wp-content/uploads/2025/07/Informationsflyer_Mandichosee.pdf,206,https://www.gemeinde-merching.de/wp-content/uploads/2025/07/Informationsflyer_Mandichosee.pdf,,,PDF,application/pdf,774771,0,,2026-10-10T14:58:41Z,preserve exactly,https://www.gemeinde-merching.de/wp-content/uploads/2025/07/Informationsflyer_Mandichosee.pdf,Direct asset URLs may have external backlinks,0,0,0
https://www.gemeinde-merching.de/wp-content/uploads/2025/07/Nachhaltigkeitstag-2025_Plakat_A3-1.pdf,206,https://www.gemeinde-merching.de/wp-content/uploads/2025/07/Nachhaltigkeitstag-2025_Plakat_A3-1.pdf,,,PDF,application/pdf,147660,0,,2026-10-10T15:08:20Z,preserve exactly,https://www.gemeinde-merching.de/wp-content/uploads/2025/07/Nachhaltigkeitstag-2025_Plakat_A3-1.pdf,Direct asset URLs may have external backlinks,0,0,0
https://www.gemeinde-merching.de/wp-content/uploads/2025/07/Nachhaltigkeitstag-2025_Plakat_A3-2.pdf,206,https://www.gemeinde-merching.de/wp-content/uploads/2025/07/Nachhaltigkeitstag-2025_Plakat_A3-2.pdf,,,PDF,application/pdf,147660,0,,2026-10-10T15:08:21Z,preserve exactly,https://www.gemeinde-merching.de/wp-content/uploads/2025/07/Nachhaltigkeitstag-2025_Plakat_A3-2.pdf,Direct asset URLs may have external backlinks,0,0,0
https://www.gemeinde-merching.de/wp-content/uploads/2025/07/Nachhaltigkeitstag-2025_Plakat_A3.pdf,206,https://www.gemeinde-merching.de/wp-content/uploads/2025/07/Nachhaltigkeitstag-2025_Plakat_A3.pdf,,,PDF,application/pdf,147660,0,,2026-10-10T15:08:21Z,preserve exactly,https://www.gemeinde-merching.de/wp-content/uploads/2025/07/Nachhaltigkeitstag-2025_Plakat_A3.pdf,Direct asset URLs may have external backlinks,0,0,0
https://www.gemeinde-merching.de/wp-content/uploads/2025/07/Smartphone-153650_1280-3.png,206,https://www.gemeinde-merching.de/wp-content/uploads/2025/07/Smartphone-153650_1280-3.png,,,image,image/png,200172,0,,2026-10-10T15:08:22Z,preserve exactly,https://www.gemeinde-merching.de/wp-content/uploads/2025/07/Smartphone-153650_1280-3.png,Direct asset URLs may have external backlinks,0,0,0
https://www.gemeinde-merching.de/wp-content/uploads/2025/07/Sonstige-Fundsache-2747288_1280-1024x512.png,206,https://www.gemeinde-merching.de/wp-content/uploads/2025/07/Sonstige-Fundsache-2747288_1280-1024x512.png,,,image,image/png,17896,0,,2026-10-10T14:58:43Z,preserve exactly,https://www.gemeinde-merching.de/wp-content/uploads/2025/07/Sonstige-Fundsache-2747288_1280-1024x512.png,Direct asset URLs may have external backlinks,0,0,0
https://www.gemeinde-merching.de/wp-content/uploads/2025/07/Sonstige-Fundsache-2747288_1280-300x150.png,206,https://www.gemeinde-merching.de/wp-content/uploads/2025/07/Sonstige-Fundsache-2747288_1280-300x150.png,,,image,image/png,2494,0,,2026-10-10T14:58:43Z,preserve exactly,https://www.gemeinde-merching.de/wp-content/uploads/2025/07/Sonstige-Fundsache-2747288_1280-300x150.png,Direct asset URLs may have external backlinks,0,0,0
https://www.gemeinde-merching.de/wp-content/uploads/2025/07/Sonstige-Fundsache-2747288_1280-768x384.png,206,https://www.gemeinde-merching.de/wp-content/uploads/2025/07/Sonstige-Fundsache-2747288_1280-768x384.png,,,image,image/png,11503,0,,2026-10-10T14:58:44Z,preserve exactly,https://www.gemeinde-merching.de/wp-content/uploads/2025/07/Sonstige-Fundsache-2747288_1280-768x384.png,Direct asset URLs may have external backlinks,0,0,0
https://www.gemeinde-merching.de/wp-content/uploads/2025/07/Sonstige-Fundsache-2747288_1280.png,206,https://www.gemeinde-merching.de/wp-content/uploads/2025/07/Sonstige-Fundsache-2747288_1280.png,,,image,image/png,149121,0,,2026-10-10T14:58:45Z,preserve exactly,https://www.gemeinde-merching.de/wp-content/uploads/2025/07/Sonstige-Fundsache-2747288_1280.png,Direct asset URLs may have external backlinks,0,0,0
https://www.gemeinde-merching.de/wp-content/uploads/2025/07/Tierpfoten-809773_640.jpg,206,https://www.gemeinde-merching.de/wp-content/uploads/2025/07/Tierpfoten-809773_640.jpg,,,image,image/jpeg,109790,0,,2026-10-10T15:08:22Z,preserve exactly,https://www.gemeinde-merching.de/wp-content/uploads/2025/07/Tierpfoten-809773_640.jpg,Direct asset URLs may have external backlinks,0,0,0
https://www.gemeinde-merching.de/wp-content/uploads/2025/08/2025-08-13_Bekanntmachung_Satzung_Aufwendungs-u.-Kostenersatz_f_Einsaetze_u_andere_Leistungen_gemeindlicher_Feuerwehren_ab_01-01-2026.pdf,206,https://www.gemeinde-merching.de/wp-content/uploads/2025/08/2025-08-13_Bekanntmachung_Satzung_Aufwendungs-u.-Kostenersatz_f_Einsaetze_u_andere_Leistungen_gemeindlicher_Feuerwehren_ab_01-01-2026.pdf,,,PDF,application/pdf,153552,0,,2026-10-10T15:08:23Z,preserve exactly,https://www.gemeinde-merching.de/wp-content/uploads/2025/08/2025-08-13_Bekanntmachung_Satzung_Aufwendungs-u.-Kostenersatz_f_Einsaetze_u_andere_Leistungen_gemeindlicher_Feuerwehren_ab_01-01-2026.pdf,Direct asset URLs may have external backlinks,0,0,0
https://www.gemeinde-merching.de/wp-content/uploads/2025/08/Ausschreibung-Architekturpreis-1.pdf,206,https://www.gemeinde-merching.de/wp-content/uploads/2025/08/Ausschreibung-Architekturpreis-1.pdf,,,PDF,application/pdf,228980,0,,2026-10-10T14:57:37Z,preserve exactly,https://www.gemeinde-merching.de/wp-content/uploads/2025/08/Ausschreibung-Architekturpreis-1.pdf,Direct asset URLs may have external backlinks,0,0,0
https://www.gemeinde-merching.de/wp-content/uploads/2025/08/Ausschreibung-Architekturpreis.pdf,206,https://www.gemeinde-merching.de/wp-content/uploads/2025/08/Ausschreibung-Architekturpreis.pdf,,,PDF,application/pdf,228980,0,,2026-10-10T15:08:24Z,preserve exactly,https://www.gemeinde-merching.de/wp-content/uploads/2025/08/Ausschreibung-Architekturpreis.pdf,Direct asset URLs may have external backlinks,0,0,0
https://www.gemeinde-merching.de/wp-content/uploads/2025/08/BGS_EWS_2026-Homepage-NEU.pdf,206,https://www.gemeinde-merching.de/wp-content/uploads/2025/08/BGS_EWS_2026-Homepage-NEU.pdf,,,PDF,application/pdf,189362,0,,2026-10-10T15:08:24Z,preserve exactly,https://www.gemeinde-merching.de/wp-content/uploads/2025/08/BGS_EWS_2026-Homepage-NEU.pdf,Direct asset URLs may have external backlinks,0,0,0
https://www.gemeinde-merching.de/wp-content/uploads/2025/08/Ehrungen-Satzung-ueber-die-Verleihung-von-Ehrungen-durch-die-Gemeinde-Merching-ab-07.08.2025.pdf,206,https://www.gemeinde-merching.de/wp-content/uploads/2025/08/Ehrungen-Satzung-ueber-die-Verleihung-von-Ehrungen-durch-die-Gemeinde-Merching-ab-07.08.2025.pdf,,,PDF,application/pdf,137566,0,,2026-10-10T14:57:52Z,preserve exactly,https://www.gemeinde-merching.de/wp-content/uploads/2025/08/Ehrungen-Satzung-ueber-die-Verleihung-von-Ehrungen-durch-die-Gemeinde-Merching-ab-07.08.2025.pdf,Direct asset URLs may have external backlinks,0,0,0
https://www.gemeinde-merching.de/wp-content/uploads/2025/08/Entwaesserung-Beitrags-und-Gebuehrensatzung-zur-Entwaesserungssatzung-ab-01.01.20262026.pdf,206,https://www.gemeinde-merching.de/wp-content/uploads/2025/08/Entwaesserung-Beitrags-und-Gebuehrensatzung-zur-Entwaesserungssatzung-ab-01.01.20262026.pdf,,,PDF,application/pdf,190447,0,,2026-10-10T15:08:25Z,preserve exactly,https://www.gemeinde-merching.de/wp-content/uploads/2025/08/Entwaesserung-Beitrags-und-Gebuehrensatzung-zur-Entwaesserungssatzung-ab-01.01.20262026.pdf,Direct asset URLs may have external backlinks,0,0,0
https://www.gemeinde-merching.de/wp-content/uploads/2025/08/Entwaesserung-Beitrags-und-Gebuehrensatzung-zur-Entwaesserungssatzung-ab-01.01.2026_NEU.pdf,206,https://www.gemeinde-merching.de/wp-content/uploads/2025/08/Entwaesserung-Beitrags-und-Gebuehrensatzung-zur-Entwaesserungssatzung-ab-01.01.2026_NEU.pdf,,,PDF,application/pdf,189362,0,,2026-10-10T14:57:53Z,preserve exactly,https://www.gemeinde-merching.de/wp-content/uploads/2025/08/Entwaesserung-Beitrags-und-Gebuehrensatzung-zur-Entwaesserungssatzung-ab-01.01.2026_NEU.pdf,Direct asset URLs may have external backlinks,0,0,0
https://www.gemeinde-merching.de/wp-content/uploads/2025/08/Feuerwehr-Satzung-ueber-Aufwendungd-und-Kostenersatz-fuer-Einsaetze-und-andere-Leistungen-gem.-Feuehrwehren-ab-01.01.2026-1.pdf,206,https://www.gemeinde-merching.de/wp-content/uploads/2025/08/Feuerwehr-Satzung-ueber-Aufwendungd-und-Kostenersatz-fuer-Einsaetze-und-andere-Leistungen-gem.-Feuehrwehren-ab-01.01.2026-1.pdf,,,PDF,application/pdf,202955,0,,2026-10-10T14:58:04Z,preserve exactly,https://www.gemeinde-merching.de/wp-content/uploads/2025/08/Feuerwehr-Satzung-ueber-Aufwendungd-und-Kostenersatz-fuer-Einsaetze-und-andere-Leistungen-gem.-Feuehrwehren-ab-01.01.2026-1.pdf,Direct asset URLs may have external backlinks,0,0,0
https://www.gemeinde-merching.de/wp-content/uploads/2025/08/Feuerwehr-Satzung-ueber-Aufwendungd-und-Kostenersatz-fuer-Einsaetze-und-andere-Leistungen-gem.-Feuehrwehren-ab-01.01.2026.pdf,206,https://www.gemeinde-merching.de/wp-content/uploads/2025/08/Feuerwehr-Satzung-ueber-Aufwendungd-und-Kostenersatz-fuer-Einsaetze-und-andere-Leistungen-gem.-Feuehrwehren-ab-01.01.2026.pdf,,,PDF,application/pdf,202955,0,,2026-10-10T14:57:46Z,preserve exactly,https://www.gemeinde-merching.de/wp-content/uploads/2025/08/Feuerwehr-Satzung-ueber-Aufwendungd-und-Kostenersatz-fuer-Einsaetze-und-andere-Leistungen-gem.-Feuehrwehren-ab-01.01.2026.pdf,Direct asset URLs may have external backlinks,0,0,0
https://www.gemeinde-merching.de/wp-content/uploads/2025/08/Feuerwehrkostensatzung_ab_01-01-2026.pdf,206,https://www.gemeinde-merching.de/wp-content/uploads/2025/08/Feuerwehrkostensatzung_ab_01-01-2026.pdf,,,PDF,application/pdf,202515,0,,2026-10-10T15:08:25Z,preserve exactly,https://www.gemeinde-merching.de/wp-content/uploads/2025/08/Feuerwehrkostensatzung_ab_01-01-2026.pdf,Direct asset URLs may have external backlinks,0,0,0
https://www.gemeinde-merching.de/wp-content/uploads/2025/08/Spielplatzsatzung-ab-09.08.2025.pdf,206,https://www.gemeinde-merching.de/wp-content/uploads/2025/08/Spielplatzsatzung-ab-09.08.2025.pdf,,,PDF,application/pdf,157751,0,,2026-10-10T15:08:26Z,preserve exactly,https://www.gemeinde-merching.de/wp-content/uploads/2025/08/Spielplatzsatzung-ab-09.08.2025.pdf,Direct asset URLs may have external backlinks,0,0,0
https://www.gemeinde-merching.de/wp-content/uploads/2025/08/Wasser-Beitrags-und-Gebuehrensatzung-zur-Wasserabgabesatzung-ab-01.01.2026-1.pdf,206,https://www.gemeinde-merching.de/wp-content/uploads/2025/08/Wasser-Beitrags-und-Gebuehrensatzung-zur-Wasserabgabesatzung-ab-01.01.2026-1.pdf,,,PDF,application/pdf,191291,0,,2026-10-10T14:58:12Z,preserve exactly,https://www.gemeinde-merching.de/wp-content/uploads/2025/08/Wasser-Beitrags-und-Gebuehrensatzung-zur-Wasserabgabesatzung-ab-01.01.2026-1.pdf,Direct asset URLs may have external backlinks,0,0,0
https://www.gemeinde-merching.de/wp-content/uploads/2025/08/Wasser-Beitrags-und-Gebuehrensatzung-zur-Wasserabgabesatzung-ab-01.01.2026.pdf,206,https://www.gemeinde-merching.de/wp-content/uploads/2025/08/Wasser-Beitrags-und-Gebuehrensatzung-zur-Wasserabgabesatzung-ab-01.01.2026.pdf,,,PDF,application/pdf,189096,0,,2026-10-10T15:08:27Z,preserve exactly,https://www.gemeinde-merching.de/wp-content/uploads/2025/08/Wasser-Beitrags-und-Gebuehrensatzung-zur-Wasserabgabesatzung-ab-01.01.2026.pdf,Direct asset URLs may have external backlinks,0,0,0
https://www.gemeinde-merching.de/wp-content/uploads/2025/09/1.-JUP-Kongress-11-2025.pdf,206,https://www.gemeinde-merching.de/wp-content/uploads/2025/09/1.-JUP-Kongress-11-2025.pdf,,,PDF,application/pdf,383826,0,,2026-10-10T15:08:27Z,preserve exactly,https://www.gemeinde-merching.de/wp-content/uploads/2025/09/1.-JUP-Kongress-11-2025.pdf,Direct asset URLs may have external backlinks,0,0,0
https://www.gemeinde-merching.de/wp-content/uploads/2025/09/Aufruf-Kunstfoerderpreis.pdf,206,https://www.gemeinde-merching.de/wp-content/uploads/2025/09/Aufruf-Kunstfoerderpreis.pdf,,,PDF,application/pdf,333215,0,,2026-10-10T15:08:28Z,preserve exactly,https://www.gemeinde-merching.de/wp-content/uploads/2025/09/Aufruf-Kunstfoerderpreis.pdf,Direct asset URLs may have external backlinks,0,0,0
https://www.gemeinde-merching.de/wp-content/uploads/2025/09/Beitragsbild-Klimawoche-2025.jpg,206,https://www.gemeinde-merching.de/wp-content/uploads/2025/09/Beitragsbild-Klimawoche-2025.jpg,,,image,image/jpeg,23965,0,,2026-10-10T15:08:28Z,preserve exactly,https://www.gemeinde-merching.de/wp-content/uploads/2025/09/Beitragsbild-Klimawoche-2025.jpg,Direct asset URLs may have external backlinks,0,0,0
https://www.gemeinde-merching.de/wp-content/uploads/2025/09/Bekanntmachung-Satzung-fuer-das-Kommunalunternehmen-Merching-vom-16.09.2025.pdf,206,https://www.gemeinde-merching.de/wp-content/uploads/2025/09/Bekanntmachung-Satzung-fuer-das-Kommunalunternehmen-Merching-vom-16.09.2025.pdf,,,PDF,application/pdf,118919,0,,2026-10-10T14:57:47Z,preserve exactly,https://www.gemeinde-merching.de/wp-content/uploads/2025/09/Bekanntmachung-Satzung-fuer-das-Kommunalunternehmen-Merching-vom-16.09.2025.pdf,Direct asset URLs may have external backlinks,0,0,0
https://www.gemeinde-merching.de/wp-content/uploads/2025/09/Bekanntmachung-Stellplatzsatzung-vom-08.09.2025.pdf,206,https://www.gemeinde-merching.de/wp-content/uploads/2025/09/Bekanntmachung-Stellplatzsatzung-vom-08.09.2025.pdf,,,PDF,application/pdf,120811,0,,2026-10-10T14:57:46Z,preserve exactly,https://www.gemeinde-merching.de/wp-content/uploads/2025/09/Bekanntmachung-Stellplatzsatzung-vom-08.09.2025.pdf,Direct asset URLs may have external backlinks,0,0,0
https://www.gemeinde-merching.de/wp-content/uploads/2025/09/Flyer-Vereinsforum-2025-2.-HJ-Version-EK-1.pdf,206,https://www.gemeinde-merching.de/wp-content/uploads/2025/09/Flyer-Vereinsforum-2025-2.-HJ-Version-EK-1.pdf,,,PDF,application/pdf,1582055,0,,2026-10-10T15:08:29Z,preserve exactly,https://www.gemeinde-merching.de/wp-content/uploads/2025/09/Flyer-Vereinsforum-2025-2.-HJ-Version-EK-1.pdf,Direct asset URLs may have external backlinks,0,0,0
https://www.gemeinde-merching.de/wp-content/uploads/2025/09/Hundesteuer-Satzung-der-Gemeinde-Merching-fuer-die-Erhebung-einer-Hundesteuer-ab-2026.pdf,206,https://www.gemeinde-merching.de/wp-content/uploads/2025/09/Hundesteuer-Satzung-der-Gemeinde-Merching-fuer-die-Erhebung-einer-Hundesteuer-ab-2026.pdf,,,PDF,application/pdf,128279,0,,2026-10-10T14:57:58Z,preserve exactly,https://www.gemeinde-merching.de/wp-content/uploads/2025/09/Hundesteuer-Satzung-der-Gemeinde-Merching-fuer-die-Erhebung-einer-Hundesteuer-ab-2026.pdf,Direct asset URLs may have external backlinks,0,0,0
https://www.gemeinde-merching.de/wp-content/uploads/2025/09/Hundesteuersatzung-2026-Homepage.pdf,206,https://www.gemeinde-merching.de/wp-content/uploads/2025/09/Hundesteuersatzung-2026-Homepage.pdf,,,PDF,application/pdf,128279,0,,2026-10-10T15:08:30Z,preserve exactly,https://www.gemeinde-merching.de/wp-content/uploads/2025/09/Hundesteuersatzung-2026-Homepage.pdf,Direct asset URLs may have external backlinks,0,0,0
https://www.gemeinde-merching.de/wp-content/uploads/2025/09/Logo-Advent.jpg,206,https://www.gemeinde-merching.de/wp-content/uploads/2025/09/Logo-Advent.jpg,,,image,image/jpeg,208174,0,,2026-10-10T15:08:30Z,preserve exactly,https://www.gemeinde-merching.de/wp-content/uploads/2025/09/Logo-Advent.jpg,Direct asset URLs may have external backlinks,0,0,0
https://www.gemeinde-merching.de/wp-content/uploads/2025/09/Merchinger-Advent-Logo.jpg,206,https://www.gemeinde-merching.de/wp-content/uploads/2025/09/Merchinger-Advent-Logo.jpg,,,image,image/jpeg,208174,0,,2026-10-10T15:08:31Z,preserve exactly,https://www.gemeinde-merching.de/wp-content/uploads/2025/09/Merchinger-Advent-Logo.jpg,Direct asset URLs may have external backlinks,0,0,0
https://www.gemeinde-merching.de/wp-content/uploads/2025/09/Stellplatzsatzung-ab-30.09.2025-.pdf,206,https://www.gemeinde-merching.de/wp-content/uploads/2025/09/Stellplatzsatzung-ab-30.09.2025-.pdf,,,PDF,application/pdf,265526,0,,2026-10-10T14:58:10Z,preserve exactly,https://www.gemeinde-merching.de/wp-content/uploads/2025/09/Stellplatzsatzung-ab-30.09.2025-.pdf,Direct asset URLs may have external backlinks,0,0,0
https://www.gemeinde-merching.de/wp-content/uploads/2025/09/Stellplatzsatzung-der-Gemeinde-Merching-vom-08.09.2025.pdf,206,https://www.gemeinde-merching.de/wp-content/uploads/2025/09/Stellplatzsatzung-der-Gemeinde-Merching-vom-08.09.2025.pdf,,,PDF,application/pdf,214194,0,,2026-10-10T15:08:31Z,preserve exactly,https://www.gemeinde-merching.de/wp-content/uploads/2025/09/Stellplatzsatzung-der-Gemeinde-Merching-vom-08.09.2025.pdf,Direct asset URLs may have external backlinks,0,0,0
https://www.gemeinde-merching.de/wp-content/uploads/2025/09/Unternehmenssatzung-fuer-das-Kommunalunternehmen-Merching-vom-16.09.2025.pdf,206,https://www.gemeinde-merching.de/wp-content/uploads/2025/09/Unternehmenssatzung-fuer-das-Kommunalunternehmen-Merching-vom-16.09.2025.pdf,,,PDF,application/pdf,270903,0,,2026-10-10T15:08:32Z,preserve exactly,https://www.gemeinde-merching.de/wp-content/uploads/2025/09/Unternehmenssatzung-fuer-das-Kommunalunternehmen-Merching-vom-16.09.2025.pdf,Direct asset URLs may have external backlinks,0,0,0
https://www.gemeinde-merching.de/wp-content/uploads/2025/09/Unternehmenssatzung-fuer-das-Kommunalunternemen-Merching-vom-16.09.2025.pdf,206,https://www.gemeinde-merching.de/wp-content/uploads/2025/09/Unternehmenssatzung-fuer-das-Kommunalunternemen-Merching-vom-16.09.2025.pdf,,,PDF,application/pdf,270903,0,,2026-10-10T15:08:33Z,preserve exactly,https://www.gemeinde-merching.de/wp-content/uploads/2025/09/Unternehmenssatzung-fuer-das-Kommunalunternemen-Merching-vom-16.09.2025.pdf,Direct asset URLs may have external backlinks,0,0,0
https://www.gemeinde-merching.de/wp-content/uploads/2025/10/2025_Plakat_Waermepumpe_Althegnenberg.pdf,206,https://www.gemeinde-merching.de/wp-content/uploads/2025/10/2025_Plakat_Waermepumpe_Althegnenberg.pdf,,,PDF,application/pdf,785491,0,,2026-10-10T15:08:33Z,preserve exactly,https://www.gemeinde-merching.de/wp-content/uploads/2025/10/2025_Plakat_Waermepumpe_Althegnenberg.pdf,Direct asset URLs may have external backlinks,0,0,0
https://www.gemeinde-merching.de/wp-content/uploads/2025/10/Spielplatzsatzung-der-Gemeinde-Merching-vom-01.10.2025.pdf,206,https://www.gemeinde-merching.de/wp-content/uploads/2025/10/Spielplatzsatzung-der-Gemeinde-Merching-vom-01.10.2025.pdf,,,PDF,application/pdf,157738,0,,2026-10-10T14:58:06Z,preserve exactly,https://www.gemeinde-merching.de/wp-content/uploads/2025/10/Spielplatzsatzung-der-Gemeinde-Merching-vom-01.10.2025.pdf,Direct asset URLs may have external backlinks,0,0,0
https://www.gemeinde-merching.de/wp-content/uploads/2025/11/2025-10_Sound_Train_Anzeige-Narrneusia-Broschuere-2026-CMYK.jpg,206,https://www.gemeinde-merching.de/wp-content/uploads/2025/11/2025-10_Sound_Train_Anzeige-Narrneusia-Broschuere-2026-CMYK.jpg,,,image,image/jpeg,2097152,0,,2026-10-10T15:08:34Z,preserve exactly,https://www.gemeinde-merching.de/wp-content/uploads/2025/11/2025-10_Sound_Train_Anzeige-Narrneusia-Broschuere-2026-CMYK.jpg,Direct asset URLs may have external backlinks,0,0,0
https://www.gemeinde-merching.de/wp-content/uploads/2025/11/20251016_Plakat_Solartreff_Steindorf-25.11.pdf,206,https://www.gemeinde-merching.de/wp-content/uploads/2025/11/20251016_Plakat_Solartreff_Steindorf-25.11.pdf,,,PDF,application/pdf,202904,0,,2026-10-10T15:08:34Z,preserve exactly,https://www.gemeinde-merching.de/wp-content/uploads/2025/11/20251016_Plakat_Solartreff_Steindorf-25.11.pdf,Direct asset URLs may have external backlinks,0,0,0
https://www.gemeinde-merching.de/wp-content/uploads/2025/11/BekanntmachungRattenbekJan26.pdf,206,https://www.gemeinde-merching.de/wp-content/uploads/2025/11/BekanntmachungRattenbekJan26.pdf,,,PDF,application/pdf,157747,0,,2026-10-10T15:08:35Z,preserve exactly,https://www.gemeinde-merching.de/wp-content/uploads/2025/11/BekanntmachungRattenbekJan26.pdf,Direct asset URLs may have external backlinks,0,0,0
https://www.gemeinde-merching.de/wp-content/uploads/2025/11/Gemeindekurier-November-2025-1.pdf,206,https://www.gemeinde-merching.de/wp-content/uploads/2025/11/Gemeindekurier-November-2025-1.pdf,,,PDF,application/pdf,798574,0,,2026-10-10T15:08:36Z,preserve exactly,https://www.gemeinde-merching.de/wp-content/uploads/2025/11/Gemeindekurier-November-2025-1.pdf,Direct asset URLs may have external backlinks,0,0,0
https://www.gemeinde-merching.de/wp-content/uploads/2025/11/Gemeindekurier-November-2025.pdf,206,https://www.gemeinde-merching.de/wp-content/uploads/2025/11/Gemeindekurier-November-2025.pdf,,,PDF,application/pdf,798574,0,,2026-10-10T15:08:36Z,preserve exactly,https://www.gemeinde-merching.de/wp-content/uploads/2025/11/Gemeindekurier-November-2025.pdf,Direct asset URLs may have external backlinks,0,0,0
https://www.gemeinde-merching.de/wp-content/uploads/2025/11/Merchinger-Advent-Programm_25_bearbeitet_-Plakat-Schule-Merching-F.-Lubetzki.pdf,206,https://www.gemeinde-merching.de/wp-content/uploads/2025/11/Merchinger-Advent-Programm_25_bearbeitet_-Plakat-Schule-Merching-F.-Lubetzki.pdf,,,PDF,application/pdf,717284,0,,2026-10-10T15:08:37Z,preserve exactly,https://www.gemeinde-merching.de/wp-content/uploads/2025/11/Merchinger-Advent-Programm_25_bearbeitet_-Plakat-Schule-Merching-F.-Lubetzki.pdf,Direct asset URLs may have external backlinks,0,0,0
https://www.gemeinde-merching.de/wp-content/uploads/2025/11/Merkblatt-zum-richtigen-Verhalten-ggue.-Wasser-u.-Zugvoegeln-LRA-November-2025.pdf,206,https://www.gemeinde-merching.de/wp-content/uploads/2025/11/Merkblatt-zum-richtigen-Verhalten-ggue.-Wasser-u.-Zugvoegeln-LRA-November-2025.pdf,,,PDF,application/pdf,194397,0,,2026-10-10T14:58:00Z,preserve exactly,https://www.gemeinde-merching.de/wp-content/uploads/2025/11/Merkblatt-zum-richtigen-Verhalten-ggue.-Wasser-u.-Zugvoegeln-LRA-November-2025.pdf,Direct asset URLs may have external backlinks,0,0,0
https://www.gemeinde-merching.de/wp-content/uploads/2025/11/November-2025-Anlage-1.pdf,206,https://www.gemeinde-merching.de/wp-content/uploads/2025/11/November-2025-Anlage-1.pdf,,,PDF,application/pdf,610394,0,,2026-10-10T15:08:37Z,preserve exactly,https://www.gemeinde-merching.de/wp-content/uploads/2025/11/November-2025-Anlage-1.pdf,Direct asset URLs may have external backlinks,0,0,0
https://www.gemeinde-merching.de/wp-content/uploads/2025/11/November-2025-Anlage.pdf,206,https://www.gemeinde-merching.de/wp-content/uploads/2025/11/November-2025-Anlage.pdf,,,PDF,application/pdf,610394,0,,2026-10-10T15:08:38Z,preserve exactly,https://www.gemeinde-merching.de/wp-content/uploads/2025/11/November-2025-Anlage.pdf,Direct asset URLs may have external backlinks,0,0,0
https://www.gemeinde-merching.de/wp-content/uploads/2025/11/eyeglasses-35598_1280.webp,206,https://www.gemeinde-merching.de/wp-content/uploads/2025/11/eyeglasses-35598_1280.webp,,,image,image/webp,52406,0,,2026-10-10T15:08:39Z,preserve exactly,https://www.gemeinde-merching.de/wp-content/uploads/2025/11/eyeglasses-35598_1280.webp,Direct asset URLs may have external backlinks,0,0,0
https://www.gemeinde-merching.de/wp-content/uploads/2025/12/Bekanntmachung-Beschwerdeausschusssitzung.pdf,206,https://www.gemeinde-merching.de/wp-content/uploads/2025/12/Bekanntmachung-Beschwerdeausschusssitzung.pdf,,,PDF,application/pdf,93082,0,,2026-10-10T14:57:39Z,preserve exactly,https://www.gemeinde-merching.de/wp-content/uploads/2025/12/Bekanntmachung-Beschwerdeausschusssitzung.pdf,Direct asset URLs may have external backlinks,0,0,0
https://www.gemeinde-merching.de/wp-content/uploads/2025/12/Gemeindekurier-Weihnachten-2025-f.-Homepage.pdf,206,https://www.gemeinde-merching.de/wp-content/uploads/2025/12/Gemeindekurier-Weihnachten-2025-f.-Homepage.pdf,,,PDF,application/pdf,1662816,0,,2026-10-10T15:08:39Z,preserve exactly,https://www.gemeinde-merching.de/wp-content/uploads/2025/12/Gemeindekurier-Weihnachten-2025-f.-Homepage.pdf,Direct asset URLs may have external backlinks,0,0,0
https://www.gemeinde-merching.de/wp-content/uploads/2026/01/004_2026_42_A_Mikrozensus.pdf,206,https://www.gemeinde-merching.de/wp-content/uploads/2026/01/004_2026_42_A_Mikrozensus.pdf,,,PDF,application/pdf,186075,0,,2026-10-10T14:58:01Z,preserve exactly,https://www.gemeinde-merching.de/wp-content/uploads/2026/01/004_2026_42_A_Mikrozensus.pdf,Direct asset URLs may have external backlinks,0,0,0
https://www.gemeinde-merching.de/wp-content/uploads/2026/01/010203-Programm-FSP-Sued-2026.pdf,206,https://www.gemeinde-merching.de/wp-content/uploads/2026/01/010203-Programm-FSP-Sued-2026.pdf,,,PDF,application/pdf,163547,0,,2026-10-10T15:08:40Z,preserve exactly,https://www.gemeinde-merching.de/wp-content/uploads/2026/01/010203-Programm-FSP-Sued-2026.pdf,Direct asset URLs may have external backlinks,0,0,0
https://www.gemeinde-merching.de/wp-content/uploads/2026/01/1.Aenderung-BP-34-oestl.-Nebelhornstr.-Bekanntmachung-Satzungsbeschluss.pdf,206,https://www.gemeinde-merching.de/wp-content/uploads/2026/01/1.Aenderung-BP-34-oestl.-Nebelhornstr.-Bekanntmachung-Satzungsbeschluss.pdf,,,PDF,application/pdf,490714,0,,2026-10-10T15:08:40Z,preserve exactly,https://www.gemeinde-merching.de/wp-content/uploads/2026/01/1.Aenderung-BP-34-oestl.-Nebelhornstr.-Bekanntmachung-Satzungsbeschluss.pdf,Direct asset URLs may have external backlinks,0,0,0
https://www.gemeinde-merching.de/wp-content/uploads/2026/01/BP_Nr34_Oestl._der_Nebelhornstrasse_1Aend_Begruendung_20251211.pdf,206,https://www.gemeinde-merching.de/wp-content/uploads/2026/01/BP_Nr34_Oestl._der_Nebelhornstrasse_1Aend_Begruendung_20251211.pdf,,,PDF,application/pdf,412709,0,,2026-10-10T15:08:41Z,preserve exactly,https://www.gemeinde-merching.de/wp-content/uploads/2026/01/BP_Nr34_Oestl._der_Nebelhornstrasse_1Aend_Begruendung_20251211.pdf,Direct asset URLs may have external backlinks,0,0,0
https://www.gemeinde-merching.de/wp-content/uploads/2026/01/BP_Nr34_Oestl._der_Nebelhornstrasse_1Aend_Textteil_m_VV_20251211.pdf,206,https://www.gemeinde-merching.de/wp-content/uploads/2026/01/BP_Nr34_Oestl._der_Nebelhornstrasse_1Aend_Textteil_m_VV_20251211.pdf,,,PDF,application/pdf,172353,0,,2026-10-10T15:08:42Z,preserve exactly,https://www.gemeinde-merching.de/wp-content/uploads/2026/01/BP_Nr34_Oestl._der_Nebelhornstrasse_1Aend_Textteil_m_VV_20251211.pdf,Direct asset URLs may have external backlinks,0,0,0
https://www.gemeinde-merching.de/wp-content/uploads/2026/01/BZKF_BuergerTelefonKrebs-v.-F.-Hagen.pdf,206,https://www.gemeinde-merching.de/wp-content/uploads/2026/01/BZKF_BuergerTelefonKrebs-v.-F.-Hagen.pdf,,,PDF,application/pdf,1318574,0,,2026-10-10T14:57:52Z,preserve exactly,https://www.gemeinde-merching.de/wp-content/uploads/2026/01/BZKF_BuergerTelefonKrebs-v.-F.-Hagen.pdf,Direct asset URLs may have external backlinks,0,0,0
https://www.gemeinde-merching.de/wp-content/uploads/2026/01/Bekanntmachung-Abschlussbericht-Kommunale-Waermeplanung-PDF-1.pdf,206,https://www.gemeinde-merching.de/wp-content/uploads/2026/01/Bekanntmachung-Abschlussbericht-Kommunale-Waermeplanung-PDF-1.pdf,,,PDF,application/pdf,189672,0,,2026-10-10T14:57:44Z,preserve exactly,https://www.gemeinde-merching.de/wp-content/uploads/2026/01/Bekanntmachung-Abschlussbericht-Kommunale-Waermeplanung-PDF-1.pdf,Direct asset URLs may have external backlinks,0,0,0
https://www.gemeinde-merching.de/wp-content/uploads/2026/01/Bekanntmachung-Abschlussbericht-Kommunale-Waermeplanung-PDF.pdf,206,https://www.gemeinde-merching.de/wp-content/uploads/2026/01/Bekanntmachung-Abschlussbericht-Kommunale-Waermeplanung-PDF.pdf,,,PDF,application/pdf,189672,0,,2026-10-10T15:08:42Z,preserve exactly,https://www.gemeinde-merching.de/wp-content/uploads/2026/01/Bekanntmachung-Abschlussbericht-Kommunale-Waermeplanung-PDF.pdf,Direct asset URLs may have external backlinks,0,0,0
https://www.gemeinde-merching.de/wp-content/uploads/2026/02/Merchinger-Rama-Dama-2026.pdf,206,https://www.gemeinde-merching.de/wp-content/uploads/2026/02/Merchinger-Rama-Dama-2026.pdf,,,PDF,application/pdf,272121,0,,2026-10-10T15:08:43Z,preserve exactly,https://www.gemeinde-merching.de/wp-content/uploads/2026/02/Merchinger-Rama-Dama-2026.pdf,Direct asset URLs may have external backlinks,0,0,0
https://www.gemeinde-merching.de/wp-content/uploads/2026/02/Merchinger-Ramadama-2026-PDF.pdf,206,https://www.gemeinde-merching.de/wp-content/uploads/2026/02/Merchinger-Ramadama-2026-PDF.pdf,,,PDF,application/pdf,360699,0,,2026-10-10T15:08:43Z,preserve exactly,https://www.gemeinde-merching.de/wp-content/uploads/2026/02/Merchinger-Ramadama-2026-PDF.pdf,Direct asset URLs may have external backlinks,0,0,0
https://www.gemeinde-merching.de/wp-content/uploads/2026/02/Trinkwasserwerte-f.-Homepage-vom-Bauhof-26.02.26.pdf,206,https://www.gemeinde-merching.de/wp-content/uploads/2026/02/Trinkwasserwerte-f.-Homepage-vom-Bauhof-26.02.26.pdf,,,PDF,application/pdf,275151,0,,2026-10-10T14:58:03Z,preserve exactly,https://www.gemeinde-merching.de/wp-content/uploads/2026/02/Trinkwasserwerte-f.-Homepage-vom-Bauhof-26.02.26.pdf,Direct asset URLs may have external backlinks,0,0,0
https://www.gemeinde-merching.de/wp-content/uploads/2026/03/2026-03-02-Lili-I-EOeT-Bekanntmachungstext.pdf,206,https://www.gemeinde-merching.de/wp-content/uploads/2026/03/2026-03-02-Lili-I-EOeT-Bekanntmachungstext.pdf,,,PDF,application/pdf,95241,0,,2026-10-10T14:57:43Z,preserve exactly,https://www.gemeinde-merching.de/wp-content/uploads/2026/03/2026-03-02-Lili-I-EOeT-Bekanntmachungstext.pdf,Direct asset URLs may have external backlinks,0,0,0
https://www.gemeinde-merching.de/wp-content/uploads/2026/03/20260226_PM_VHS-Kurs-Merching-Gebaeude.pdf,206,https://www.gemeinde-merching.de/wp-content/uploads/2026/03/20260226_PM_VHS-Kurs-Merching-Gebaeude.pdf,,,PDF,application/pdf,179016,0,,2026-10-10T15:08:44Z,preserve exactly,https://www.gemeinde-merching.de/wp-content/uploads/2026/03/20260226_PM_VHS-Kurs-Merching-Gebaeude.pdf,Direct asset URLs may have external backlinks,0,0,0
https://www.gemeinde-merching.de/wp-content/uploads/2026/03/Buergermeisterwahl-Bekanntmachung_Wahlergebnis_Anl_18-Direktwahl_Homepage.pdf,206,https://www.gemeinde-merching.de/wp-content/uploads/2026/03/Buergermeisterwahl-Bekanntmachung_Wahlergebnis_Anl_18-Direktwahl_Homepage.pdf,,,PDF,application/pdf,188319,0,,2026-10-10T14:57:40Z,preserve exactly,https://www.gemeinde-merching.de/wp-content/uploads/2026/03/Buergermeisterwahl-Bekanntmachung_Wahlergebnis_Anl_18-Direktwahl_Homepage.pdf,Direct asset URLs may have external backlinks,0,0,0
https://www.gemeinde-merching.de/wp-content/uploads/2026/03/DEU_Augsburg_COA_1811.svg_.png,206,https://www.gemeinde-merching.de/wp-content/uploads/2026/03/DEU_Augsburg_COA_1811.svg_.png,,,image,image/png,179363,0,,2026-10-10T15:08:45Z,preserve exactly,https://www.gemeinde-merching.de/wp-content/uploads/2026/03/DEU_Augsburg_COA_1811.svg_.png,Direct asset URLs may have external backlinks,0,0,0
https://www.gemeinde-merching.de/wp-content/uploads/2026/03/DEU_Augsburg_COA_klein.png,206,https://www.gemeinde-merching.de/wp-content/uploads/2026/03/DEU_Augsburg_COA_klein.png,,,image,image/png,18049,0,,2026-10-10T14:59:44Z,preserve exactly,https://www.gemeinde-merching.de/wp-content/uploads/2026/03/DEU_Augsburg_COA_klein.png,Direct asset URLs may have external backlinks,0,0,0
https://www.gemeinde-merching.de/wp-content/uploads/2026/03/Gemeindekurier-Ostern-2026-f.-Homepage.pdf,206,https://www.gemeinde-merching.de/wp-content/uploads/2026/03/Gemeindekurier-Ostern-2026-f.-Homepage.pdf,,,PDF,application/pdf,1663303,0,,2026-10-10T14:57:57Z,preserve exactly,https://www.gemeinde-merching.de/wp-content/uploads/2026/03/Gemeindekurier-Ostern-2026-f.-Homepage.pdf,Direct asset URLs may have external backlinks,0,0,0
https://www.gemeinde-merching.de/wp-content/uploads/2026/03/Gemeinderatswahl-Bekanntmachung_Wahlergebnis_Anl_17_Homepage.pdf,206,https://www.gemeinde-merching.de/wp-content/uploads/2026/03/Gemeinderatswahl-Bekanntmachung_Wahlergebnis_Anl_17_Homepage.pdf,,,PDF,application/pdf,191805,0,,2026-10-10T14:57:40Z,preserve exactly,https://www.gemeinde-merching.de/wp-content/uploads/2026/03/Gemeinderatswahl-Bekanntmachung_Wahlergebnis_Anl_17_Homepage.pdf,Direct asset URLs may have external backlinks,0,0,0
https://www.gemeinde-merching.de/wp-content/uploads/2026/03/Information-Ortssprecherwahl-Steinach-u.-Hochdorf_Beilage-Kurier-Ostern-2026-f.-Hochdorf-u.-Steinach-f.-Homepage.pdf,206,https://www.gemeinde-merching.de/wp-content/uploads/2026/03/Information-Ortssprecherwahl-Steinach-u.-Hochdorf_Beilage-Kurier-Ostern-2026-f.-Hochdorf-u.-Steinach-f.-Homepage.pdf,,,PDF,application/pdf,90272,0,,2026-10-10T14:58:00Z,preserve exactly,https://www.gemeinde-merching.de/wp-content/uploads/2026/03/Information-Ortssprecherwahl-Steinach-u.-Hochdorf_Beilage-Kurier-Ostern-2026-f.-Hochdorf-u.-Steinach-f.-Homepage.pdf,Direct asset URLs may have external backlinks,0,0,0
https://www.gemeinde-merching.de/wp-content/uploads/2026/03/Logo-Ambulante-Snipping-Tool-1.jpg,206,https://www.gemeinde-merching.de/wp-content/uploads/2026/03/Logo-Ambulante-Snipping-Tool-1.jpg,,,image,image/jpeg,7406,0,,2026-10-10T15:08:45Z,preserve exactly,https://www.gemeinde-merching.de/wp-content/uploads/2026/03/Logo-Ambulante-Snipping-Tool-1.jpg,Direct asset URLs may have external backlinks,0,0,0
https://www.gemeinde-merching.de/wp-content/uploads/2026/03/Logo-Ambulante-Snipping-Tool.jpg,206,https://www.gemeinde-merching.de/wp-content/uploads/2026/03/Logo-Ambulante-Snipping-Tool.jpg,,,image,image/jpeg,7406,0,,2026-10-10T15:08:46Z,preserve exactly,https://www.gemeinde-merching.de/wp-content/uploads/2026/03/Logo-Ambulante-Snipping-Tool.jpg,Direct asset URLs may have external backlinks,0,0,0
https://www.gemeinde-merching.de/wp-content/uploads/2026/03/Merchinger-Ramadama-2026-PDF.pdf,206,https://www.gemeinde-merching.de/wp-content/uploads/2026/03/Merchinger-Ramadama-2026-PDF.pdf,,,PDF,application/pdf,360699,0,,2026-10-10T15:08:46Z,preserve exactly,https://www.gemeinde-merching.de/wp-content/uploads/2026/03/Merchinger-Ramadama-2026-PDF.pdf,Direct asset URLs may have external backlinks,0,0,0
https://www.gemeinde-merching.de/wp-content/uploads/2026/03/Modernisierungsbuendnis-2026_vhs-Kurs-Merching.pdf,206,https://www.gemeinde-merching.de/wp-content/uploads/2026/03/Modernisierungsbuendnis-2026_vhs-Kurs-Merching.pdf,,,PDF,application/pdf,1639792,0,,2026-10-10T15:08:47Z,preserve exactly,https://www.gemeinde-merching.de/wp-content/uploads/2026/03/Modernisierungsbuendnis-2026_vhs-Kurs-Merching.pdf,Direct asset URLs may have external backlinks,0,0,0
https://www.gemeinde-merching.de/wp-content/uploads/2026/03/Plakat-Benefizkonzert-05.05.2026-in-Merching.pdf,206,https://www.gemeinde-merching.de/wp-content/uploads/2026/03/Plakat-Benefizkonzert-05.05.2026-in-Merching.pdf,,,PDF,application/pdf,496068,0,,2026-10-10T15:08:48Z,preserve exactly,https://www.gemeinde-merching.de/wp-content/uploads/2026/03/Plakat-Benefizkonzert-05.05.2026-in-Merching.pdf,Direct asset URLs may have external backlinks,0,0,0
https://www.gemeinde-merching.de/wp-content/uploads/2026/04/2026031Anzeige-Solaroffensive-und-Energieberatung-04_26-f.-Homepage.pdf,206,https://www.gemeinde-merching.de/wp-content/uploads/2026/04/2026031Anzeige-Solaroffensive-und-Energieberatung-04_26-f.-Homepage.pdf,,,PDF,application/pdf,1138110,0,,2026-10-10T14:58:55Z,preserve exactly,https://www.gemeinde-merching.de/wp-content/uploads/2026/04/2026031Anzeige-Solaroffensive-und-Energieberatung-04_26-f.-Homepage.pdf,Direct asset URLs may have external backlinks,0,0,0
https://www.gemeinde-merching.de/wp-content/uploads/2026/04/20260413-AV-Gefluegelpest-aufgehoben_LRA-AIC-FDB-f.-Homepage-u.-Aushang.pdf,206,https://www.gemeinde-merching.de/wp-content/uploads/2026/04/20260413-AV-Gefluegelpest-aufgehoben_LRA-AIC-FDB-f.-Homepage-u.-Aushang.pdf,,,PDF,application/pdf,170098,0,,2026-10-10T14:58:53Z,preserve exactly,https://www.gemeinde-merching.de/wp-content/uploads/2026/04/20260413-AV-Gefluegelpest-aufgehoben_LRA-AIC-FDB-f.-Homepage-u.-Aushang.pdf,Direct asset URLs may have external backlinks,0,0,0
https://www.gemeinde-merching.de/wp-content/uploads/2026/04/20260414_Sitzung-Buendnis-fuer-Demokratie-f.-Homepage.pdf,206,https://www.gemeinde-merching.de/wp-content/uploads/2026/04/20260414_Sitzung-Buendnis-fuer-Demokratie-f.-Homepage.pdf,,,PDF,application/pdf,180261,0,,2026-10-10T14:58:52Z,preserve exactly,https://www.gemeinde-merching.de/wp-content/uploads/2026/04/20260414_Sitzung-Buendnis-fuer-Demokratie-f.-Homepage.pdf,Direct asset URLs may have external backlinks,0,0,0
https://www.gemeinde-merching.de/wp-content/uploads/2026/04/26-04-16-PM-Anzeigepflicht-Aenderungen-Grundbesitz.docx.pdf,206,https://www.gemeinde-merching.de/wp-content/uploads/2026/04/26-04-16-PM-Anzeigepflicht-Aenderungen-Grundbesitz.docx.pdf,,,PDF,application/pdf,103700,0,,2026-10-10T14:57:03Z,preserve exactly,https://www.gemeinde-merching.de/wp-content/uploads/2026/04/26-04-16-PM-Anzeigepflicht-Aenderungen-Grundbesitz.docx.pdf,Direct asset URLs may have external backlinks,0,0,0
https://www.gemeinde-merching.de/wp-content/uploads/2026/04/Helmut-Luichtl-kl.jpg,206,https://www.gemeinde-merching.de/wp-content/uploads/2026/04/Helmut-Luichtl-kl.jpg,,,image,image/jpeg,4070,0,,2026-10-10T14:56:58Z,preserve exactly,https://www.gemeinde-merching.de/wp-content/uploads/2026/04/Helmut-Luichtl-kl.jpg,Direct asset URLs may have external backlinks,0,0,0
https://www.gemeinde-merching.de/wp-content/uploads/2026/04/Logo-Solaroffensive-300x80.png,206,https://www.gemeinde-merching.de/wp-content/uploads/2026/04/Logo-Solaroffensive-300x80.png,,,image,image/png,22654,0,,2026-10-10T14:57:07Z,preserve exactly,https://www.gemeinde-merching.de/wp-content/uploads/2026/04/Logo-Solaroffensive-300x80.png,Direct asset URLs may have external backlinks,0,0,0
https://www.gemeinde-merching.de/wp-content/uploads/2026/04/Logo-Solaroffensive.png,206,https://www.gemeinde-merching.de/wp-content/uploads/2026/04/Logo-Solaroffensive.png,,,image,image/png,21106,0,,2026-10-10T14:57:07Z,preserve exactly,https://www.gemeinde-merching.de/wp-content/uploads/2026/04/Logo-Solaroffensive.png,Direct asset URLs may have external backlinks,0,0,0
https://www.gemeinde-merching.de/wp-content/uploads/2026/04/Screenshot-2026-04-08-095702-Solaroffensive-LRA-04_26-300x192.jpg,206,https://www.gemeinde-merching.de/wp-content/uploads/2026/04/Screenshot-2026-04-08-095702-Solaroffensive-LRA-04_26-300x192.jpg,,,image,image/jpeg,7224,0,,2026-10-10T14:57:08Z,preserve exactly,https://www.gemeinde-merching.de/wp-content/uploads/2026/04/Screenshot-2026-04-08-095702-Solaroffensive-LRA-04_26-300x192.jpg,Direct asset URLs may have external backlinks,0,0,0
https://www.gemeinde-merching.de/wp-content/uploads/2026/04/Screenshot-2026-04-08-095702-Solaroffensive-LRA-04_26.jpg,206,https://www.gemeinde-merching.de/wp-content/uploads/2026/04/Screenshot-2026-04-08-095702-Solaroffensive-LRA-04_26.jpg,,,image,image/jpeg,33972,0,,2026-10-10T14:57:09Z,preserve exactly,https://www.gemeinde-merching.de/wp-content/uploads/2026/04/Screenshot-2026-04-08-095702-Solaroffensive-LRA-04_26.jpg,Direct asset URLs may have external backlinks,0,0,0
https://www.gemeinde-merching.de/wp-content/uploads/2026/04/Verkuendung-des-Wahlergebnisses-OT-Hochdorf.pdf,206,https://www.gemeinde-merching.de/wp-content/uploads/2026/04/Verkuendung-des-Wahlergebnisses-OT-Hochdorf.pdf,,,PDF,application/pdf,117014,0,,2026-10-10T14:58:10Z,preserve exactly,https://www.gemeinde-merching.de/wp-content/uploads/2026/04/Verkuendung-des-Wahlergebnisses-OT-Hochdorf.pdf,Direct asset URLs may have external backlinks,0,0,0
https://www.gemeinde-merching.de/wp-content/uploads/2026/04/Wahlbekanntmachung-Homepage.pdf,206,https://www.gemeinde-merching.de/wp-content/uploads/2026/04/Wahlbekanntmachung-Homepage.pdf,,,PDF,application/pdf,129284,0,,2026-10-10T15:08:48Z,preserve exactly,https://www.gemeinde-merching.de/wp-content/uploads/2026/04/Wahlbekanntmachung-Homepage.pdf,Direct asset URLs may have external backlinks,0,0,0
https://www.gemeinde-merching.de/wp-content/uploads/2026/05/20260430_LRA-beim-Marktsonntag-Mering.docx,206,https://www.gemeinde-merching.de/wp-content/uploads/2026/05/20260430_LRA-beim-Marktsonntag-Mering.docx,,,sitemap/xml,application/vnd.openxmlformats-officedocument.wordprocessingml.document,108689,0,,2026-10-10T15:08:49Z,preserve exactly,https://www.gemeinde-merching.de/wp-content/uploads/2026/05/20260430_LRA-beim-Marktsonntag-Mering.docx,Preserve public path unless domain mapping requires a reviewed change,0,0,0
https://www.gemeinde-merching.de/wp-content/uploads/2026/05/20260430_LRA-beim-Marktsonntag-Mering.pdf,206,https://www.gemeinde-merching.de/wp-content/uploads/2026/05/20260430_LRA-beim-Marktsonntag-Mering.pdf,,,PDF,application/pdf,186277,0,,2026-10-10T15:08:49Z,preserve exactly,https://www.gemeinde-merching.de/wp-content/uploads/2026/05/20260430_LRA-beim-Marktsonntag-Mering.pdf,Direct asset URLs may have external backlinks,0,0,0
https://www.gemeinde-merching.de/wp-content/uploads/2026/05/Bekanntmachung-Vergabe-von-gemeindlichen-Wohnbaugrundstuecken.pdf,206,https://www.gemeinde-merching.de/wp-content/uploads/2026/05/Bekanntmachung-Vergabe-von-gemeindlichen-Wohnbaugrundstuecken.pdf,,,PDF,application/pdf,189269,0,,2026-10-10T14:57:14Z,preserve exactly,https://www.gemeinde-merching.de/wp-content/uploads/2026/05/Bekanntmachung-Vergabe-von-gemeindlichen-Wohnbaugrundstuecken.pdf,Direct asset URLs may have external backlinks,0,0,0
https://www.gemeinde-merching.de/wp-content/uploads/2026/05/Bekanntmachung_Geschaeftsordnung_Homepage.pdf,206,https://www.gemeinde-merching.de/wp-content/uploads/2026/05/Bekanntmachung_Geschaeftsordnung_Homepage.pdf,,,PDF,application/pdf,115730,0,,2026-10-10T15:08:50Z,preserve exactly,https://www.gemeinde-merching.de/wp-content/uploads/2026/05/Bekanntmachung_Geschaeftsordnung_Homepage.pdf,Direct asset URLs may have external backlinks,0,0,0
https://www.gemeinde-merching.de/wp-content/uploads/2026/05/Bekanntmachung_Satzung-Gemeindeverfassungsrechts_Homepage.pdf,206,https://www.gemeinde-merching.de/wp-content/uploads/2026/05/Bekanntmachung_Satzung-Gemeindeverfassungsrechts_Homepage.pdf,,,PDF,application/pdf,115745,0,,2026-10-10T15:08:51Z,preserve exactly,https://www.gemeinde-merching.de/wp-content/uploads/2026/05/Bekanntmachung_Satzung-Gemeindeverfassungsrechts_Homepage.pdf,Direct asset URLs may have external backlinks,0,0,0
https://www.gemeinde-merching.de/wp-content/uploads/2026/05/Dittebrand-Martin-klein.jpg,206,https://www.gemeinde-merching.de/wp-content/uploads/2026/05/Dittebrand-Martin-klein.jpg,,,image,image/jpeg,7455,0,,2026-10-10T14:59:19Z,preserve exactly,https://www.gemeinde-merching.de/wp-content/uploads/2026/05/Dittebrand-Martin-klein.jpg,Direct asset URLs may have external backlinks,0,0,0
https://www.gemeinde-merching.de/wp-content/uploads/2026/05/Flyer-SR-2026_AIC-FDB_klein.pdf,206,https://www.gemeinde-merching.de/wp-content/uploads/2026/05/Flyer-SR-2026_AIC-FDB_klein.pdf,,,PDF,application/pdf,2072239,0,,2026-10-10T15:08:51Z,preserve exactly,https://www.gemeinde-merching.de/wp-content/uploads/2026/05/Flyer-SR-2026_AIC-FDB_klein.pdf,Direct asset URLs may have external backlinks,0,0,0
https://www.gemeinde-merching.de/wp-content/uploads/2026/05/Geschaeftsordnung_Homepage_ab-Mai_2026-.pdf,206,https://www.gemeinde-merching.de/wp-content/uploads/2026/05/Geschaeftsordnung_Homepage_ab-Mai_2026-.pdf,,,PDF,application/pdf,263956,0,,2026-10-10T14:57:58Z,preserve exactly,https://www.gemeinde-merching.de/wp-content/uploads/2026/05/Geschaeftsordnung_Homepage_ab-Mai_2026-.pdf,Direct asset URLs may have external backlinks,0,0,0
https://www.gemeinde-merching.de/wp-content/uploads/2026/05/Grabmann-klein.jpg,206,https://www.gemeinde-merching.de/wp-content/uploads/2026/05/Grabmann-klein.jpg,,,image,image/jpeg,5674,0,,2026-10-10T14:59:20Z,preserve exactly,https://www.gemeinde-merching.de/wp-content/uploads/2026/05/Grabmann-klein.jpg,Direct asset URLs may have external backlinks,0,0,0
https://www.gemeinde-merching.de/wp-content/uploads/2026/05/Helfer-Markus-klein.jpg,206,https://www.gemeinde-merching.de/wp-content/uploads/2026/05/Helfer-Markus-klein.jpg,,,image,image/jpeg,11024,0,,2026-10-10T14:59:20Z,preserve exactly,https://www.gemeinde-merching.de/wp-content/uploads/2026/05/Helfer-Markus-klein.jpg,Direct asset URLs may have external backlinks,0,0,0
https://www.gemeinde-merching.de/wp-content/uploads/2026/05/Helmut-Luichtl-klein-127x150.jpg,206,https://www.gemeinde-merching.de/wp-content/uploads/2026/05/Helmut-Luichtl-klein-127x150.jpg,,,image,image/jpeg,4911,0,,2026-10-10T14:59:11Z,preserve exactly,https://www.gemeinde-merching.de/wp-content/uploads/2026/05/Helmut-Luichtl-klein-127x150.jpg,Direct asset URLs may have external backlinks,0,0,0
https://www.gemeinde-merching.de/wp-content/uploads/2026/05/Helmut-Luichtl-klein.jpg,206,https://www.gemeinde-merching.de/wp-content/uploads/2026/05/Helmut-Luichtl-klein.jpg,,,image,image/jpeg,5107,0,,2026-10-10T14:59:21Z,preserve exactly,https://www.gemeinde-merching.de/wp-content/uploads/2026/05/Helmut-Luichtl-klein.jpg,Direct asset URLs may have external backlinks,0,0,0
https://www.gemeinde-merching.de/wp-content/uploads/2026/05/Kobarschik-Jochen-kl.jpg,206,https://www.gemeinde-merching.de/wp-content/uploads/2026/05/Kobarschik-Jochen-kl.jpg,,,image,image/jpeg,4707,0,,2026-10-10T14:59:12Z,preserve exactly,https://www.gemeinde-merching.de/wp-content/uploads/2026/05/Kobarschik-Jochen-kl.jpg,Direct asset URLs may have external backlinks,0,0,0
https://www.gemeinde-merching.de/wp-content/uploads/2026/05/Kurzversion_Erinnerung-an-Steuervorauszahlung.docx.pdf,206,https://www.gemeinde-merching.de/wp-content/uploads/2026/05/Kurzversion_Erinnerung-an-Steuervorauszahlung.docx.pdf,,,PDF,application/pdf,52000,0,,2026-10-10T14:58:51Z,preserve exactly,https://www.gemeinde-merching.de/wp-content/uploads/2026/05/Kurzversion_Erinnerung-an-Steuervorauszahlung.docx.pdf,Direct asset URLs may have external backlinks,0,0,0
https://www.gemeinde-merching.de/wp-content/uploads/2026/05/Lang-klein.jpg,206,https://www.gemeinde-merching.de/wp-content/uploads/2026/05/Lang-klein.jpg,,,image,image/jpeg,6240,0,,2026-10-10T14:59:21Z,preserve exactly,https://www.gemeinde-merching.de/wp-content/uploads/2026/05/Lang-klein.jpg,Direct asset URLs may have external backlinks,0,0,0
https://www.gemeinde-merching.de/wp-content/uploads/2026/05/Luichtl-Tobias-klein.jpg,206,https://www.gemeinde-merching.de/wp-content/uploads/2026/05/Luichtl-Tobias-klein.jpg,,,image,image/jpeg,6141,0,,2026-10-10T14:59:22Z,preserve exactly,https://www.gemeinde-merching.de/wp-content/uploads/2026/05/Luichtl-Tobias-klein.jpg,Direct asset URLs may have external backlinks,0,0,0
https://www.gemeinde-merching.de/wp-content/uploads/2026/05/Mayr-Thomas-klein.jpg,206,https://www.gemeinde-merching.de/wp-content/uploads/2026/05/Mayr-Thomas-klein.jpg,,,image,image/jpeg,7404,0,,2026-10-10T14:59:23Z,preserve exactly,https://www.gemeinde-merching.de/wp-content/uploads/2026/05/Mayr-Thomas-klein.jpg,Direct asset URLs may have external backlinks,0,0,0
https://www.gemeinde-merching.de/wp-content/uploads/2026/05/Mueller-Martin-klein.jpg,206,https://www.gemeinde-merching.de/wp-content/uploads/2026/05/Mueller-Martin-klein.jpg,,,image,image/jpeg,7338,0,,2026-10-10T14:59:23Z,preserve exactly,https://www.gemeinde-merching.de/wp-content/uploads/2026/05/Mueller-Martin-klein.jpg,Direct asset URLs may have external backlinks,0,0,0
https://www.gemeinde-merching.de/wp-content/uploads/2026/05/Pressemitteilung-LRA-Wettbewerb_Wir-fuers-Wittelsbacher-Land.pdf,206,https://www.gemeinde-merching.de/wp-content/uploads/2026/05/Pressemitteilung-LRA-Wettbewerb_Wir-fuers-Wittelsbacher-Land.pdf,,,PDF,application/pdf,406167,0,,2026-10-10T15:08:52Z,preserve exactly,https://www.gemeinde-merching.de/wp-content/uploads/2026/05/Pressemitteilung-LRA-Wettbewerb_Wir-fuers-Wittelsbacher-Land.pdf,Direct asset URLs may have external backlinks,0,0,0
https://www.gemeinde-merching.de/wp-content/uploads/2026/05/Satzung-Gemeideverfassunsrechts-Homepage.pdf,206,https://www.gemeinde-merching.de/wp-content/uploads/2026/05/Satzung-Gemeideverfassunsrechts-Homepage.pdf,,,PDF,application/pdf,145848,0,,2026-10-10T14:58:06Z,preserve exactly,https://www.gemeinde-merching.de/wp-content/uploads/2026/05/Satzung-Gemeideverfassunsrechts-Homepage.pdf,Direct asset URLs may have external backlinks,0,0,0
https://www.gemeinde-merching.de/wp-content/uploads/2026/05/Schwarz-Thomas-klein.jpg,206,https://www.gemeinde-merching.de/wp-content/uploads/2026/05/Schwarz-Thomas-klein.jpg,,,image,image/jpeg,6955,0,,2026-10-10T14:59:24Z,preserve exactly,https://www.gemeinde-merching.de/wp-content/uploads/2026/05/Schwarz-Thomas-klein.jpg,Direct asset URLs may have external backlinks,0,0,0
https://www.gemeinde-merching.de/wp-content/uploads/2026/05/Teifelhart-Wolfgang-klein.jpg,206,https://www.gemeinde-merching.de/wp-content/uploads/2026/05/Teifelhart-Wolfgang-klein.jpg,,,image,image/jpeg,7475,0,,2026-10-10T14:59:24Z,preserve exactly,https://www.gemeinde-merching.de/wp-content/uploads/2026/05/Teifelhart-Wolfgang-klein.jpg,Direct asset URLs may have external backlinks,0,0,0
https://www.gemeinde-merching.de/wp-content/uploads/2026/05/Ulrich-Kirstin-klein.jpg,206,https://www.gemeinde-merching.de/wp-content/uploads/2026/05/Ulrich-Kirstin-klein.jpg,,,image,image/jpeg,6748,0,,2026-10-10T14:59:25Z,preserve exactly,https://www.gemeinde-merching.de/wp-content/uploads/2026/05/Ulrich-Kirstin-klein.jpg,Direct asset URLs may have external backlinks,0,0,0
https://www.gemeinde-merching.de/wp-content/uploads/2026/05/Uthe-Tina-klein.jpg,206,https://www.gemeinde-merching.de/wp-content/uploads/2026/05/Uthe-Tina-klein.jpg,,,image,image/jpeg,7099,0,,2026-10-10T14:59:26Z,preserve exactly,https://www.gemeinde-merching.de/wp-content/uploads/2026/05/Uthe-Tina-klein.jpg,Direct asset URLs may have external backlinks,0,0,0
https://www.gemeinde-merching.de/wp-content/uploads/2026/05/logo-quadratisch-1.png,206,https://www.gemeinde-merching.de/wp-content/uploads/2026/05/logo-quadratisch-1.png,,,image,image/png,14050,0,,2026-10-10T15:08:52Z,preserve exactly,https://www.gemeinde-merching.de/wp-content/uploads/2026/05/logo-quadratisch-1.png,Direct asset URLs may have external backlinks,0,0,0
https://www.gemeinde-merching.de/wp-content/uploads/2026/05/logo-quadratisch.png,206,https://www.gemeinde-merching.de/wp-content/uploads/2026/05/logo-quadratisch.png,,,image,image/png,14050,0,,2026-10-10T15:08:53Z,preserve exactly,https://www.gemeinde-merching.de/wp-content/uploads/2026/05/logo-quadratisch.png,Direct asset URLs may have external backlinks,0,0,0
https://www.gemeinde-merching.de/wp-content/uploads/2026/06/20260623_Tonnenleerung-ab-5-Uhr-wegen-Hitze.pdf,206,https://www.gemeinde-merching.de/wp-content/uploads/2026/06/20260623_Tonnenleerung-ab-5-Uhr-wegen-Hitze.pdf,,,PDF,application/pdf,161968,0,,2026-10-10T15:08:54Z,preserve exactly,https://www.gemeinde-merching.de/wp-content/uploads/2026/06/20260623_Tonnenleerung-ab-5-Uhr-wegen-Hitze.pdf,Direct asset URLs may have external backlinks,0,0,0
https://www.gemeinde-merching.de/wp-content/uploads/2026/06/20260625_Badeseen_Beprobung-LRA-25.06.2026.pdf,206,https://www.gemeinde-merching.de/wp-content/uploads/2026/06/20260625_Badeseen_Beprobung-LRA-25.06.2026.pdf,,,PDF,application/pdf,174908,0,,2026-10-10T15:08:54Z,preserve exactly,https://www.gemeinde-merching.de/wp-content/uploads/2026/06/20260625_Badeseen_Beprobung-LRA-25.06.2026.pdf,Direct asset URLs may have external backlinks,0,0,0
https://www.gemeinde-merching.de/wp-content/uploads/2026/06/Amtsblatt-06-2026Jahrg.-81-Nr.-06.pdf,206,https://www.gemeinde-merching.de/wp-content/uploads/2026/06/Amtsblatt-06-2026Jahrg.-81-Nr.-06.pdf,,,PDF,application/pdf,1165763,0,,2026-10-10T14:57:37Z,preserve exactly,https://www.gemeinde-merching.de/wp-content/uploads/2026/06/Amtsblatt-06-2026Jahrg.-81-Nr.-06.pdf,Direct asset URLs may have external backlinks,0,0,0
https://www.gemeinde-merching.de/wp-content/uploads/2026/06/Bekanntmachung-Eroeffnung-Vergabeverfahren-BG-34.pdf,206,https://www.gemeinde-merching.de/wp-content/uploads/2026/06/Bekanntmachung-Eroeffnung-Vergabeverfahren-BG-34.pdf,,,PDF,application/pdf,203895,0,,2026-10-10T14:57:42Z,preserve exactly,https://www.gemeinde-merching.de/wp-content/uploads/2026/06/Bekanntmachung-Eroeffnung-Vergabeverfahren-BG-34.pdf,Direct asset URLs may have external backlinks,0,0,0
https://www.gemeinde-merching.de/wp-content/uploads/2026/06/Bekanntmachung-Schliessung-Rathaus-01.07.-bis-03.07.2026.pdf,206,https://www.gemeinde-merching.de/wp-content/uploads/2026/06/Bekanntmachung-Schliessung-Rathaus-01.07.-bis-03.07.2026.pdf,,,PDF,application/pdf,179095,0,,2026-10-10T15:08:55Z,preserve exactly,https://www.gemeinde-merching.de/wp-content/uploads/2026/06/Bekanntmachung-Schliessung-Rathaus-01.07.-bis-03.07.2026.pdf,Direct asset URLs may have external backlinks,0,0,0
https://www.gemeinde-merching.de/wp-content/uploads/2026/06/Bekanntmachung-Verbandsversammlung-24.06.2026-1.pdf,206,https://www.gemeinde-merching.de/wp-content/uploads/2026/06/Bekanntmachung-Verbandsversammlung-24.06.2026-1.pdf,,,PDF,application/pdf,189444,0,,2026-10-10T14:57:41Z,preserve exactly,https://www.gemeinde-merching.de/wp-content/uploads/2026/06/Bekanntmachung-Verbandsversammlung-24.06.2026-1.pdf,Direct asset URLs may have external backlinks,0,0,0
https://www.gemeinde-merching.de/wp-content/uploads/2026/06/Bekanntmachung-Verbandsversammlung-24.06.2026.pdf,206,https://www.gemeinde-merching.de/wp-content/uploads/2026/06/Bekanntmachung-Verbandsversammlung-24.06.2026.pdf,,,PDF,application/pdf,189444,0,,2026-10-10T15:08:55Z,preserve exactly,https://www.gemeinde-merching.de/wp-content/uploads/2026/06/Bekanntmachung-Verbandsversammlung-24.06.2026.pdf,Direct asset URLs may have external backlinks,0,0,0
https://www.gemeinde-merching.de/wp-content/uploads/2026/06/Eckmann-Christian-kl.jpg,206,https://www.gemeinde-merching.de/wp-content/uploads/2026/06/Eckmann-Christian-kl.jpg,,,image,image/jpeg,8815,0,,2026-10-10T14:59:26Z,preserve exactly,https://www.gemeinde-merching.de/wp-content/uploads/2026/06/Eckmann-Christian-kl.jpg,Direct asset URLs may have external backlinks,0,0,0
https://www.gemeinde-merching.de/wp-content/uploads/2026/06/Failer-Christian-kl.jpg,206,https://www.gemeinde-merching.de/wp-content/uploads/2026/06/Failer-Christian-kl.jpg,,,image,image/jpeg,7095,0,,2026-10-10T14:59:27Z,preserve exactly,https://www.gemeinde-merching.de/wp-content/uploads/2026/06/Failer-Christian-kl.jpg,Direct asset URLs may have external backlinks,0,0,0
https://www.gemeinde-merching.de/wp-content/uploads/2026/06/Juergens-Friedrich-kl.jpg,206,https://www.gemeinde-merching.de/wp-content/uploads/2026/06/Juergens-Friedrich-kl.jpg,,,image,image/jpeg,8228,0,,2026-10-10T14:59:27Z,preserve exactly,https://www.gemeinde-merching.de/wp-content/uploads/2026/06/Juergens-Friedrich-kl.jpg,Direct asset URLs may have external backlinks,0,0,0
https://www.gemeinde-merching.de/wp-content/uploads/2026/06/Plakatvorlage-Sommerserenade-2026_Stand-26.05.26.pdf,206,https://www.gemeinde-merching.de/wp-content/uploads/2026/06/Plakatvorlage-Sommerserenade-2026_Stand-26.05.26.pdf,,,PDF,application/pdf,2097152,0,,2026-10-10T15:08:56Z,preserve exactly,https://www.gemeinde-merching.de/wp-content/uploads/2026/06/Plakatvorlage-Sommerserenade-2026_Stand-26.05.26.pdf,Direct asset URLs may have external backlinks,0,0,0
https://www.gemeinde-merching.de/wp-content/uploads/2026/06/Rechtsverordnung-ueber-die-Zulassung-des-Betriebs-von-Autowaschanlagen-an-Sonn-und-Feiertagen.pdf,206,https://www.gemeinde-merching.de/wp-content/uploads/2026/06/Rechtsverordnung-ueber-die-Zulassung-des-Betriebs-von-Autowaschanlagen-an-Sonn-und-Feiertagen.pdf,,,PDF,application/pdf,166514,0,,2026-10-10T14:58:03Z,preserve exactly,https://www.gemeinde-merching.de/wp-content/uploads/2026/06/Rechtsverordnung-ueber-die-Zulassung-des-Betriebs-von-Autowaschanlagen-an-Sonn-und-Feiertagen.pdf,Direct asset URLs may have external backlinks,0,0,0
https://www.gemeinde-merching.de/wp-content/uploads/2026/06/Scheibenbogen-Monika-kl.jpg,206,https://www.gemeinde-merching.de/wp-content/uploads/2026/06/Scheibenbogen-Monika-kl.jpg,,,image,image/jpeg,10373,0,,2026-10-10T14:59:28Z,preserve exactly,https://www.gemeinde-merching.de/wp-content/uploads/2026/06/Scheibenbogen-Monika-kl.jpg,Direct asset URLs may have external backlinks,0,0,0
https://www.gemeinde-merching.de/wp-content/uploads/2026/06/Storch-Markus-kl.jpg,206,https://www.gemeinde-merching.de/wp-content/uploads/2026/06/Storch-Markus-kl.jpg,,,image,image/jpeg,8792,0,,2026-10-10T14:59:29Z,preserve exactly,https://www.gemeinde-merching.de/wp-content/uploads/2026/06/Storch-Markus-kl.jpg,Direct asset URLs may have external backlinks,0,0,0
https://www.gemeinde-merching.de/wp-content/uploads/2026/06/Waitzmann-Bernd-kl.jpg,206,https://www.gemeinde-merching.de/wp-content/uploads/2026/06/Waitzmann-Bernd-kl.jpg,,,image,image/jpeg,8623,0,,2026-10-10T14:59:29Z,preserve exactly,https://www.gemeinde-merching.de/wp-content/uploads/2026/06/Waitzmann-Bernd-kl.jpg,Direct asset URLs may have external backlinks,0,0,0
https://www.gemeinde-merching.de/wp-content/uploads/2026/06/Wecker-Martin-kl.jpg,206,https://www.gemeinde-merching.de/wp-content/uploads/2026/06/Wecker-Martin-kl.jpg,,,image,image/jpeg,8154,0,,2026-10-10T14:59:30Z,preserve exactly,https://www.gemeinde-merching.de/wp-content/uploads/2026/06/Wecker-Martin-kl.jpg,Direct asset URLs may have external backlinks,0,0,0
https://www.gemeinde-merching.de/wp-content/uploads/2026/07/Bekanntmachung-Friedhofs-und-Bestattungssatzung-ab-01.01.2027.pdf,206,https://www.gemeinde-merching.de/wp-content/uploads/2026/07/Bekanntmachung-Friedhofs-und-Bestattungssatzung-ab-01.01.2027.pdf,,,PDF,application/pdf,130330,0,,2026-10-10T14:57:42Z,preserve exactly,https://www.gemeinde-merching.de/wp-content/uploads/2026/07/Bekanntmachung-Friedhofs-und-Bestattungssatzung-ab-01.01.2027.pdf,Direct asset URLs may have external backlinks,0,0,0
https://www.gemeinde-merching.de/wp-content/uploads/2026/07/Bekanntmachung-Satzung-GBS_BES-ab-01.01.2027.pdf,206,https://www.gemeinde-merching.de/wp-content/uploads/2026/07/Bekanntmachung-Satzung-GBS_BES-ab-01.01.2027.pdf,,,PDF,application/pdf,119389,0,,2026-10-10T14:57:39Z,preserve exactly,https://www.gemeinde-merching.de/wp-content/uploads/2026/07/Bekanntmachung-Satzung-GBS_BES-ab-01.01.2027.pdf,Direct asset URLs may have external backlinks,0,0,0
https://www.gemeinde-merching.de/wp-content/uploads/2026/07/Bestattungsgebuehrensatzung-ab-01.01.2027-_Homepage.pdf,206,https://www.gemeinde-merching.de/wp-content/uploads/2026/07/Bestattungsgebuehrensatzung-ab-01.01.2027-_Homepage.pdf,,,PDF,application/pdf,327834,0,,2026-10-10T15:08:57Z,preserve exactly,https://www.gemeinde-merching.de/wp-content/uploads/2026/07/Bestattungsgebuehrensatzung-ab-01.01.2027-_Homepage.pdf,Direct asset URLs may have external backlinks,0,0,0
https://www.gemeinde-merching.de/wp-content/uploads/2026/07/Bestattungsgebuehrensatzung-ab-2027_Homepage.pdf,206,https://www.gemeinde-merching.de/wp-content/uploads/2026/07/Bestattungsgebuehrensatzung-ab-2027_Homepage.pdf,,,PDF,application/pdf,329534,0,,2026-10-10T14:57:48Z,preserve exactly,https://www.gemeinde-merching.de/wp-content/uploads/2026/07/Bestattungsgebuehrensatzung-ab-2027_Homepage.pdf,Direct asset URLs may have external backlinks,0,0,0
https://www.gemeinde-merching.de/wp-content/uploads/2026/07/Friedhofs-und-Bestattungssatzung-ab-01.01.2027-Homepage-1.pdf,206,https://www.gemeinde-merching.de/wp-content/uploads/2026/07/Friedhofs-und-Bestattungssatzung-ab-01.01.2027-Homepage-1.pdf,,,PDF,application/pdf,297746,0,,2026-10-10T15:08:57Z,preserve exactly,https://www.gemeinde-merching.de/wp-content/uploads/2026/07/Friedhofs-und-Bestattungssatzung-ab-01.01.2027-Homepage-1.pdf,Direct asset URLs may have external backlinks,0,0,0
https://www.gemeinde-merching.de/wp-content/uploads/2026/07/Friedhofs-und-Bestattungssatzung-ab-01.01.2027-Homepage-2.pdf,206,https://www.gemeinde-merching.de/wp-content/uploads/2026/07/Friedhofs-und-Bestattungssatzung-ab-01.01.2027-Homepage-2.pdf,,,PDF,application/pdf,297695,0,,2026-10-10T14:57:55Z,preserve exactly,https://www.gemeinde-merching.de/wp-content/uploads/2026/07/Friedhofs-und-Bestattungssatzung-ab-01.01.2027-Homepage-2.pdf,Direct asset URLs may have external backlinks,0,0,0
https://www.gemeinde-merching.de/wp-content/uploads/2026/07/Friedhofs-und-Bestattungssatzung-ab-01.01.2027-Homepage.pdf,206,https://www.gemeinde-merching.de/wp-content/uploads/2026/07/Friedhofs-und-Bestattungssatzung-ab-01.01.2027-Homepage.pdf,,,PDF,application/pdf,313490,0,,2026-10-10T15:08:58Z,preserve exactly,https://www.gemeinde-merching.de/wp-content/uploads/2026/07/Friedhofs-und-Bestattungssatzung-ab-01.01.2027-Homepage.pdf,Direct asset URLs may have external backlinks,0,0,0
https://www.gemeinde-merching.de/wp-content/uploads/2026/07/Gemeindekurier-Sommer-2026-f.-Kurier.pdf,206,https://www.gemeinde-merching.de/wp-content/uploads/2026/07/Gemeindekurier-Sommer-2026-f.-Kurier.pdf,,,PDF,application/pdf,850144,0,,2026-10-10T14:57:57Z,preserve exactly,https://www.gemeinde-merching.de/wp-content/uploads/2026/07/Gemeindekurier-Sommer-2026-f.-Kurier.pdf,Direct asset URLs may have external backlinks,0,0,0
https://www.gemeinde-merching.de/wp-content/uploads/2026/07/Landratsamt.docx,206,https://www.gemeinde-merching.de/wp-content/uploads/2026/07/Landratsamt.docx,,,sitemap/xml,application/vnd.openxmlformats-officedocument.wordprocessingml.document,25796,0,,2026-10-10T15:08:58Z,preserve exactly,https://www.gemeinde-merching.de/wp-content/uploads/2026/07/Landratsamt.docx,Preserve public path unless domain mapping requires a reviewed change,0,0,0
https://www.gemeinde-merching.de/wp-content/uploads/2026/07/Screenshot-2026-07-30-144027.png,206,https://www.gemeinde-merching.de/wp-content/uploads/2026/07/Screenshot-2026-07-30-144027.png,,,image,image/png,11725,0,,2026-10-10T14:58:50Z,preserve exactly,https://www.gemeinde-merching.de/wp-content/uploads/2026/07/Screenshot-2026-07-30-144027.png,Direct asset URLs may have external backlinks,0,0,0
https://www.gemeinde-merching.de/wp-content/uploads/2026/08/20260811_Pamira-Sammlung-2026.pdf,206,https://www.gemeinde-merching.de/wp-content/uploads/2026/08/20260811_Pamira-Sammlung-2026.pdf,,,PDF,application/pdf,191772,0,,2026-10-10T14:58:51Z,preserve exactly,https://www.gemeinde-merching.de/wp-content/uploads/2026/08/20260811_Pamira-Sammlung-2026.pdf,Direct asset URLs may have external backlinks,0,0,0
https://www.gemeinde-merching.de/wp-content/uploads/2026/08/20260825_Urlaub-trotz-Pflege.pdf,206,https://www.gemeinde-merching.de/wp-content/uploads/2026/08/20260825_Urlaub-trotz-Pflege.pdf,,,PDF,application/pdf,250723,0,,2026-10-10T14:59:41Z,preserve exactly,https://www.gemeinde-merching.de/wp-content/uploads/2026/08/20260825_Urlaub-trotz-Pflege.pdf,Direct asset URLs may have external backlinks,0,0,0
https://www.gemeinde-merching.de/wp-content/uploads/2026/08/Logo-Amt-f.-Ernaehrung-Landwirtschaft-und-Forsten-e1786006927906-300x56.jpg,206,https://www.gemeinde-merching.de/wp-content/uploads/2026/08/Logo-Amt-f.-Ernaehrung-Landwirtschaft-und-Forsten-e1786006927906-300x56.jpg,,,image,image/jpeg,2703,0,,2026-10-10T14:58:15Z,preserve exactly,https://www.gemeinde-merching.de/wp-content/uploads/2026/08/Logo-Amt-f.-Ernaehrung-Landwirtschaft-und-Forsten-e1786006927906-300x56.jpg,Direct asset URLs may have external backlinks,0,0,0
https://www.gemeinde-merching.de/wp-content/uploads/2026/08/Logo-Amt-f.-Ernaehrung-Landwirtschaft-und-Forsten-e1786006927906.jpg,206,https://www.gemeinde-merching.de/wp-content/uploads/2026/08/Logo-Amt-f.-Ernaehrung-Landwirtschaft-und-Forsten-e1786006927906.jpg,,,image,image/jpeg,4943,0,,2026-10-10T14:58:16Z,preserve exactly,https://www.gemeinde-merching.de/wp-content/uploads/2026/08/Logo-Amt-f.-Ernaehrung-Landwirtschaft-und-Forsten-e1786006927906.jpg,Direct asset URLs may have external backlinks,0,0,0
https://www.gemeinde-merching.de/wp-content/uploads/2026/08/Logo-Amt-f.-Ernaehrung-Landwirtschaft-und-Forsten.jpg,206,https://www.gemeinde-merching.de/wp-content/uploads/2026/08/Logo-Amt-f.-Ernaehrung-Landwirtschaft-und-Forsten.jpg,,,image,image/jpeg,7898,0,,2026-10-10T15:08:59Z,preserve exactly,https://www.gemeinde-merching.de/wp-content/uploads/2026/08/Logo-Amt-f.-Ernaehrung-Landwirtschaft-und-Forsten.jpg,Direct asset URLs may have external backlinks,0,0,0
https://www.gemeinde-merching.de/wp-content/uploads/2026/08/Sharepic_Ein-Herz-fuer-regionale-LM_1080x1920px-1152x2048.jpg,206,https://www.gemeinde-merching.de/wp-content/uploads/2026/08/Sharepic_Ein-Herz-fuer-regionale-LM_1080x1920px-1152x2048.jpg,,,image,image/jpeg,242957,0,,2026-10-10T14:58:16Z,preserve exactly,https://www.gemeinde-merching.de/wp-content/uploads/2026/08/Sharepic_Ein-Herz-fuer-regionale-LM_1080x1920px-1152x2048.jpg,Direct asset URLs may have external backlinks,0,0,0
https://www.gemeinde-merching.de/wp-content/uploads/2026/08/Sharepic_Ein-Herz-fuer-regionale-LM_1080x1920px-169x300.jpg,206,https://www.gemeinde-merching.de/wp-content/uploads/2026/08/Sharepic_Ein-Herz-fuer-regionale-LM_1080x1920px-169x300.jpg,,,image,image/jpeg,13513,0,,2026-10-10T14:58:17Z,preserve exactly,https://www.gemeinde-merching.de/wp-content/uploads/2026/08/Sharepic_Ein-Herz-fuer-regionale-LM_1080x1920px-169x300.jpg,Direct asset URLs may have external backlinks,0,0,0
https://www.gemeinde-merching.de/wp-content/uploads/2026/08/Sharepic_Ein-Herz-fuer-regionale-LM_1080x1920px-576x1024.jpg,206,https://www.gemeinde-merching.de/wp-content/uploads/2026/08/Sharepic_Ein-Herz-fuer-regionale-LM_1080x1920px-576x1024.jpg,,,image,image/jpeg,89989,0,,2026-10-10T14:58:18Z,preserve exactly,https://www.gemeinde-merching.de/wp-content/uploads/2026/08/Sharepic_Ein-Herz-fuer-regionale-LM_1080x1920px-576x1024.jpg,Direct asset URLs may have external backlinks,0,0,0
https://www.gemeinde-merching.de/wp-content/uploads/2026/08/Sharepic_Ein-Herz-fuer-regionale-LM_1080x1920px-768x1365.jpg,206,https://www.gemeinde-merching.de/wp-content/uploads/2026/08/Sharepic_Ein-Herz-fuer-regionale-LM_1080x1920px-768x1365.jpg,,,image,image/jpeg,137102,0,,2026-10-10T14:58:18Z,preserve exactly,https://www.gemeinde-merching.de/wp-content/uploads/2026/08/Sharepic_Ein-Herz-fuer-regionale-LM_1080x1920px-768x1365.jpg,Direct asset URLs may have external backlinks,0,0,0
https://www.gemeinde-merching.de/wp-content/uploads/2026/08/Sharepic_Ein-Herz-fuer-regionale-LM_1080x1920px-864x1536.jpg,206,https://www.gemeinde-merching.de/wp-content/uploads/2026/08/Sharepic_Ein-Herz-fuer-regionale-LM_1080x1920px-864x1536.jpg,,,image,image/jpeg,160179,0,,2026-10-10T14:58:19Z,preserve exactly,https://www.gemeinde-merching.de/wp-content/uploads/2026/08/Sharepic_Ein-Herz-fuer-regionale-LM_1080x1920px-864x1536.jpg,Direct asset URLs may have external backlinks,0,0,0
https://www.gemeinde-merching.de/wp-content/uploads/2026/08/Sharepic_Ein-Herz-fuer-regionale-LM_1080x1920px-scaled.jpg,206,https://www.gemeinde-merching.de/wp-content/uploads/2026/08/Sharepic_Ein-Herz-fuer-regionale-LM_1080x1920px-scaled.jpg,,,image,image/jpeg,330091,0,,2026-10-10T14:58:19Z,preserve exactly,https://www.gemeinde-merching.de/wp-content/uploads/2026/08/Sharepic_Ein-Herz-fuer-regionale-LM_1080x1920px-scaled.jpg,Direct asset URLs may have external backlinks,0,0,0
https://www.gemeinde-merching.de/wp-content/uploads/2026/08/Sharepic_Ein-Herz-fuer-regionale-LM_1080x1920px.jpg,206,https://www.gemeinde-merching.de/wp-content/uploads/2026/08/Sharepic_Ein-Herz-fuer-regionale-LM_1080x1920px.jpg,,,image,image/jpeg,895615,0,,2026-10-10T15:09:00Z,preserve exactly,https://www.gemeinde-merching.de/wp-content/uploads/2026/08/Sharepic_Ein-Herz-fuer-regionale-LM_1080x1920px.jpg,Direct asset URLs may have external backlinks,0,0,0
https://www.gemeinde-merching.de/wp-content/uploads/2026/09/20260819-Badeseen-Beprobung-Tychonema.pdf,206,https://www.gemeinde-merching.de/wp-content/uploads/2026/09/20260819-Badeseen-Beprobung-Tychonema.pdf,,,PDF,application/pdf,159707,0,,2026-10-10T15:09:00Z,preserve exactly,https://www.gemeinde-merching.de/wp-content/uploads/2026/09/20260819-Badeseen-Beprobung-Tychonema.pdf,Direct asset URLs may have external backlinks,0,0,0
https://www.gemeinde-merching.de/wp-content/uploads/2026/09/20260903_DB-InfraGO-Augsburg-Muenchen_Pressemitteilung-LRA-09.2026.pdf,206,https://www.gemeinde-merching.de/wp-content/uploads/2026/09/20260903_DB-InfraGO-Augsburg-Muenchen_Pressemitteilung-LRA-09.2026.pdf,,,PDF,application/pdf,165457,0,,2026-10-10T14:58:54Z,preserve exactly,https://www.gemeinde-merching.de/wp-content/uploads/2026/09/20260903_DB-InfraGO-Augsburg-Muenchen_Pressemitteilung-LRA-09.2026.pdf,Direct asset URLs may have external backlinks,0,0,0
https://www.gemeinde-merching.de/wp-content/uploads/2026/09/20260908_Warntag.pdf,206,https://www.gemeinde-merching.de/wp-content/uploads/2026/09/20260908_Warntag.pdf,,,PDF,application/pdf,205311,0,,2026-10-10T15:09:01Z,preserve exactly,https://www.gemeinde-merching.de/wp-content/uploads/2026/09/20260908_Warntag.pdf,Direct asset URLs may have external backlinks,0,0,0
https://www.gemeinde-merching.de/wp-content/uploads/2026/09/20260909_Badeseenbeprobung.pdf,206,https://www.gemeinde-merching.de/wp-content/uploads/2026/09/20260909_Badeseenbeprobung.pdf,,,PDF,application/pdf,173816,0,,2026-10-10T14:58:54Z,preserve exactly,https://www.gemeinde-merching.de/wp-content/uploads/2026/09/20260909_Badeseenbeprobung.pdf,Direct asset URLs may have external backlinks,0,0,0
https://www.gemeinde-merching.de/wp-content/uploads/2026/09/20260910_Welttag-Suizidpraevention.docx,206,https://www.gemeinde-merching.de/wp-content/uploads/2026/09/20260910_Welttag-Suizidpraevention.docx,,,sitemap/xml,application/vnd.openxmlformats-officedocument.wordprocessingml.document,148440,0,,2026-10-10T14:58:58Z,preserve exactly,https://www.gemeinde-merching.de/wp-content/uploads/2026/09/20260910_Welttag-Suizidpraevention.docx,Preserve public path unless domain mapping requires a reviewed change,0,0,0
https://www.gemeinde-merching.de/wp-content/uploads/2026/09/20260915_Blaualgen-Auensee-Kissing-003.pdf,206,https://www.gemeinde-merching.de/wp-content/uploads/2026/09/20260915_Blaualgen-Auensee-Kissing-003.pdf,,,PDF,application/pdf,154473,0,,2026-10-10T14:58:52Z,preserve exactly,https://www.gemeinde-merching.de/wp-content/uploads/2026/09/20260915_Blaualgen-Auensee-Kissing-003.pdf,Direct asset URLs may have external backlinks,0,0,0
https://www.gemeinde-merching.de/wp-content/uploads/2026/09/20260915_Uebernahme-Papiertonne-durch-den-Landkreis_Pressemitteilung-LRA.pdf,206,https://www.gemeinde-merching.de/wp-content/uploads/2026/09/20260915_Uebernahme-Papiertonne-durch-den-Landkreis_Pressemitteilung-LRA.pdf,,,PDF,application/pdf,210554,0,,2026-10-10T14:57:00Z,preserve exactly,https://www.gemeinde-merching.de/wp-content/uploads/2026/09/20260915_Uebernahme-Papiertonne-durch-den-Landkreis_Pressemitteilung-LRA.pdf,Direct asset URLs may have external backlinks,0,0,0
https://www.gemeinde-merching.de/wp-content/uploads/2026/09/3.-PM-triathlon.de-CUP-Koenigsbrunn-Sperrungen-Anwohnerinformationen.pdf,206,https://www.gemeinde-merching.de/wp-content/uploads/2026/09/3.-PM-triathlon.de-CUP-Koenigsbrunn-Sperrungen-Anwohnerinformationen.pdf,,,PDF,application/pdf,272085,0,,2026-10-10T15:09:01Z,preserve exactly,https://www.gemeinde-merching.de/wp-content/uploads/2026/09/3.-PM-triathlon.de-CUP-Koenigsbrunn-Sperrungen-Anwohnerinformationen.pdf,Direct asset URLs may have external backlinks,0,0,0
https://www.gemeinde-merching.de/wp-content/uploads/2026/09/Kurs-ehrenamtlich-taetige-Einzelperson-27.10.2026-LRA_Flyer.pdf,206,https://www.gemeinde-merching.de/wp-content/uploads/2026/09/Kurs-ehrenamtlich-taetige-Einzelperson-27.10.2026-LRA_Flyer.pdf,,,PDF,application/pdf,316836,0,,2026-10-10T14:58:14Z,preserve exactly,https://www.gemeinde-merching.de/wp-content/uploads/2026/09/Kurs-ehrenamtlich-taetige-Einzelperson-27.10.2026-LRA_Flyer.pdf,Direct asset URLs may have external backlinks,0,0,0
https://www.gemeinde-merching.de/wp-content/uploads/2026/09/Logo-Bayer.-Staatsministerium-f.-Gesundheit-Pflege-u.-Praevention-e1788338968120.png,206,https://www.gemeinde-merching.de/wp-content/uploads/2026/09/Logo-Bayer.-Staatsministerium-f.-Gesundheit-Pflege-u.-Praevention-e1788338968120.png,,,image,image/png,4782,0,,2026-10-10T14:58:15Z,preserve exactly,https://www.gemeinde-merching.de/wp-content/uploads/2026/09/Logo-Bayer.-Staatsministerium-f.-Gesundheit-Pflege-u.-Praevention-e1788338968120.png,Direct asset URLs may have external backlinks,0,0,0
https://www.gemeinde-merching.de/wp-content/uploads/2026/09/Logo-Bayer.-Staatsministerium-f.-Gesundheit-Pflege-u.-Praevention.png,206,https://www.gemeinde-merching.de/wp-content/uploads/2026/09/Logo-Bayer.-Staatsministerium-f.-Gesundheit-Pflege-u.-Praevention.png,,,image,image/png,22818,0,,2026-10-10T15:09:02Z,preserve exactly,https://www.gemeinde-merching.de/wp-content/uploads/2026/09/Logo-Bayer.-Staatsministerium-f.-Gesundheit-Pflege-u.-Praevention.png,Direct asset URLs may have external backlinks,0,0,0
https://www.gemeinde-merching.de/wp-content/uploads/2026/09/Merching-Bodenrichtwerte-2026.pdf,206,https://www.gemeinde-merching.de/wp-content/uploads/2026/09/Merching-Bodenrichtwerte-2026.pdf,,,PDF,application/pdf,434433,0,,2026-10-10T14:57:50Z,preserve exactly,https://www.gemeinde-merching.de/wp-content/uploads/2026/09/Merching-Bodenrichtwerte-2026.pdf,Direct asset URLs may have external backlinks,0,0,0
https://www.gemeinde-merching.de/wp-content/uploads/2026/09/PRESSEMITTEILUNG-Nachhaltigkeitstag-18.09.2026-Infos-ueber-das-Programm.pdf,206,https://www.gemeinde-merching.de/wp-content/uploads/2026/09/PRESSEMITTEILUNG-Nachhaltigkeitstag-18.09.2026-Infos-ueber-das-Programm.pdf,,,PDF,application/pdf,226423,0,,2026-10-10T15:09:03Z,preserve exactly,https://www.gemeinde-merching.de/wp-content/uploads/2026/09/PRESSEMITTEILUNG-Nachhaltigkeitstag-18.09.2026-Infos-ueber-das-Programm.pdf,Direct asset URLs may have external backlinks,0,0,0
https://www.gemeinde-merching.de/wp-content/uploads/2026/09/Plakat-Tag-der-offenen-Tueren_Demenzwoche-2026.pdf,206,https://www.gemeinde-merching.de/wp-content/uploads/2026/09/Plakat-Tag-der-offenen-Tueren_Demenzwoche-2026.pdf,,,PDF,application/pdf,2097152,0,,2026-10-10T15:09:03Z,preserve exactly,https://www.gemeinde-merching.de/wp-content/uploads/2026/09/Plakat-Tag-der-offenen-Tueren_Demenzwoche-2026.pdf,Direct asset URLs may have external backlinks,0,0,0
https://www.gemeinde-merching.de/wp-content/uploads/2026/09/Steinach-Hochdorf-Bodenrichtwerte-2026.pdf,206,https://www.gemeinde-merching.de/wp-content/uploads/2026/09/Steinach-Hochdorf-Bodenrichtwerte-2026.pdf,,,PDF,application/pdf,407581,0,,2026-10-10T14:57:51Z,preserve exactly,https://www.gemeinde-merching.de/wp-content/uploads/2026/09/Steinach-Hochdorf-Bodenrichtwerte-2026.pdf,Direct asset URLs may have external backlinks,0,0,0
https://www.gemeinde-merching.de/wp-content/uploads/2026/09/TRICUP_KOEB_Flyer_Anwohner_2026-08-21.pdf,206,https://www.gemeinde-merching.de/wp-content/uploads/2026/09/TRICUP_KOEB_Flyer_Anwohner_2026-08-21.pdf,,,PDF,application/pdf,1370785,0,,2026-10-10T15:09:04Z,preserve exactly,https://www.gemeinde-merching.de/wp-content/uploads/2026/09/TRICUP_KOEB_Flyer_Anwohner_2026-08-21.pdf,Direct asset URLs may have external backlinks,0,0,0
https://www.gemeinde-merching.de/wp-content/uploads/2026/09/Triathlon.png,206,https://www.gemeinde-merching.de/wp-content/uploads/2026/09/Triathlon.png,,,image,image/png,13139,0,,2026-10-10T15:09:04Z,preserve exactly,https://www.gemeinde-merching.de/wp-content/uploads/2026/09/Triathlon.png,Direct asset URLs may have external backlinks,0,0,0
https://www.gemeinde-merching.de/wp-content/uploads/2026/09/landwirtschaftliche-Flaechen-Bodenrichtwerte-2026.pdf,206,https://www.gemeinde-merching.de/wp-content/uploads/2026/09/landwirtschaftliche-Flaechen-Bodenrichtwerte-2026.pdf,,,PDF,application/pdf,632423,0,,2026-10-10T14:57:51Z,preserve exactly,https://www.gemeinde-merching.de/wp-content/uploads/2026/09/landwirtschaftliche-Flaechen-Bodenrichtwerte-2026.pdf,Direct asset URLs may have external backlinks,0,0,0
https://www.gemeinde-merching.de/wp-content/uploads/2026/10/20260918_Workshop_Alle-im-Blick-Ehrenamt-neu-gestalten.pdf,206,https://www.gemeinde-merching.de/wp-content/uploads/2026/10/20260918_Workshop_Alle-im-Blick-Ehrenamt-neu-gestalten.pdf,,,PDF,application/pdf,202975,0,,2026-10-10T14:59:44Z,preserve exactly,https://www.gemeinde-merching.de/wp-content/uploads/2026/10/20260918_Workshop_Alle-im-Blick-Ehrenamt-neu-gestalten.pdf,Direct asset URLs may have external backlinks,0,0,0
https://www.gemeinde-merching.de/wp-content/uploads/2026/10/20260924_Tagesschulung-Ehrenamtlich-taetige-Einzelperson.pdf,206,https://www.gemeinde-merching.de/wp-content/uploads/2026/10/20260924_Tagesschulung-Ehrenamtlich-taetige-Einzelperson.pdf,,,PDF,application/pdf,185580,0,,2026-10-10T14:59:41Z,preserve exactly,https://www.gemeinde-merching.de/wp-content/uploads/2026/10/20260924_Tagesschulung-Ehrenamtlich-taetige-Einzelperson.pdf,Direct asset URLs may have external backlinks,0,0,0
https://www.gemeinde-merching.de/wp-content/uploads/2026/10/20260925_Vereinsforum-E-Rechnung_Online-Seminar-LRA.pdf,206,https://www.gemeinde-merching.de/wp-content/uploads/2026/10/20260925_Vereinsforum-E-Rechnung_Online-Seminar-LRA.pdf,,,PDF,application/pdf,196791,0,,2026-10-10T14:58:13Z,preserve exactly,https://www.gemeinde-merching.de/wp-content/uploads/2026/10/20260925_Vereinsforum-E-Rechnung_Online-Seminar-LRA.pdf,Direct asset URLs may have external backlinks,0,0,0
https://www.gemeinde-merching.de/wp-content/uploads/2026/10/20260928_Vorlage-PM_mehrere-SolarTreffs.pdf,206,https://www.gemeinde-merching.de/wp-content/uploads/2026/10/20260928_Vorlage-PM_mehrere-SolarTreffs.pdf,,,PDF,application/pdf,182897,0,,2026-10-10T14:59:42Z,preserve exactly,https://www.gemeinde-merching.de/wp-content/uploads/2026/10/20260928_Vorlage-PM_mehrere-SolarTreffs.pdf,Direct asset URLs may have external backlinks,0,0,0
https://www.gemeinde-merching.de/wp-content/uploads/download-manager-files/004_2026_42_A_Mikrozensus.pdf,403,https://www.gemeinde-merching.de/wp-content/uploads/download-manager-files/004_2026_42_A_Mikrozensus.pdf,,403 Forbidden,page,text/html; charset=iso-8859-1,239,0,,2026-10-10T15:09:05Z,manual review,https://www.gemeinde-merching.de/wp-content/uploads/download-manager-files/004_2026_42_A_Mikrozensus.pdf,Fetch error/restriction; do not infer obsolete,0,0,0
https://www.gemeinde-merching.de/wp-content/uploads/download-manager-files/1685442520wpdm_Vorkaufsrechtssatzung.pdf,403,https://www.gemeinde-merching.de/wp-content/uploads/download-manager-files/1685442520wpdm_Vorkaufsrechtssatzung.pdf,,403 Forbidden,page,text/html; charset=iso-8859-1,239,0,,2026-10-10T15:09:06Z,manual review,https://www.gemeinde-merching.de/wp-content/uploads/download-manager-files/1685442520wpdm_Vorkaufsrechtssatzung.pdf,Fetch error/restriction; do not infer obsolete,0,0,0
https://www.gemeinde-merching.de/wp-content/uploads/download-manager-files/1742283080wpdm_Plakatierungsverordnung.pdf,403,https://www.gemeinde-merching.de/wp-content/uploads/download-manager-files/1742283080wpdm_Plakatierungsverordnung.pdf,,403 Forbidden,page,text/html; charset=iso-8859-1,239,0,,2026-10-10T15:09:06Z,manual review,https://www.gemeinde-merching.de/wp-content/uploads/download-manager-files/1742283080wpdm_Plakatierungsverordnung.pdf,Fetch error/restriction; do not infer obsolete,0,0,0
https://www.gemeinde-merching.de/wp-content/uploads/download-manager-files/1747054785wpdm_Bekanntmachung-Kostensatzung.pdf,403,https://www.gemeinde-merching.de/wp-content/uploads/download-manager-files/1747054785wpdm_Bekanntmachung-Kostensatzung.pdf,,403 Forbidden,page,text/html; charset=iso-8859-1,239,0,,2026-10-10T15:09:07Z,manual review,https://www.gemeinde-merching.de/wp-content/uploads/download-manager-files/1747054785wpdm_Bekanntmachung-Kostensatzung.pdf,Fetch error/restriction; do not infer obsolete,0,0,0
https://www.gemeinde-merching.de/wp-content/uploads/download-manager-files/1765777579wpdm_Wasser-Beitrags-und-Gebuehrensatzung-zur-Wasserabgabesatzung-ab-01.01.2026.pdf,403,https://www.gemeinde-merching.de/wp-content/uploads/download-manager-files/1765777579wpdm_Wasser-Beitrags-und-Gebuehrensatzung-zur-Wasserabgabesatzung-ab-01.01.2026.pdf,,403 Forbidden,page,text/html; charset=iso-8859-1,239,0,,2026-10-10T15:09:07Z,manual review,https://www.gemeinde-merching.de/wp-content/uploads/download-manager-files/1765777579wpdm_Wasser-Beitrags-und-Gebuehrensatzung-zur-Wasserabgabesatzung-ab-01.01.2026.pdf,Fetch error/restriction; do not infer obsolete,0,0,0
https://www.gemeinde-merching.de/wp-content/uploads/download-manager-files/1765778685wpdm_Feuerwehr-Satzung-ueber-Aufwendungd-und-Kostenersatz-fuer-Einsaetze-und-andere-Leistungen-gem.-Feuehrwehren-ab-01.01.2026.pdf,403,https://www.gemeinde-merching.de/wp-content/uploads/download-manager-files/1765778685wpdm_Feuerwehr-Satzung-ueber-Aufwendungd-und-Kostenersatz-fuer-Einsaetze-und-andere-Leistungen-gem.-Feuehrwehren-ab-01.01.2026.pdf,,403 Forbidden,page,text/html; charset=iso-8859-1,239,0,,2026-10-10T15:09:08Z,manual review,https://www.gemeinde-merching.de/wp-content/uploads/download-manager-files/1765778685wpdm_Feuerwehr-Satzung-ueber-Aufwendungd-und-Kostenersatz-fuer-Einsaetze-und-andere-Leistungen-gem.-Feuehrwehren-ab-01.01.2026.pdf,Fetch error/restriction; do not infer obsolete,0,0,0
https://www.gemeinde-merching.de/wp-content/uploads/download-manager-files/1787207996wpdm_Friedhofs-und-Bestattungssatzung-ab-01.01.2027-Homepage.pdf,403,https://www.gemeinde-merching.de/wp-content/uploads/download-manager-files/1787207996wpdm_Friedhofs-und-Bestattungssatzung-ab-01.01.2027-Homepage.pdf,,403 Forbidden,page,text/html; charset=iso-8859-1,239,0,,2026-10-10T15:09:09Z,manual review,https://www.gemeinde-merching.de/wp-content/uploads/download-manager-files/1787207996wpdm_Friedhofs-und-Bestattungssatzung-ab-01.01.2027-Homepage.pdf,Fetch error/restriction; do not infer obsolete,0,0,0
https://www.gemeinde-merching.de/wp-content/uploads/download-manager-files/2026-03-02-Lili-I-EOeT-Bekanntmachungstext.pdf,403,https://www.gemeinde-merching.de/wp-content/uploads/download-manager-files/2026-03-02-Lili-I-EOeT-Bekanntmachungstext.pdf,,403 Forbidden,page,text/html; charset=iso-8859-1,239,0,,2026-10-10T15:09:09Z,manual review,https://www.gemeinde-merching.de/wp-content/uploads/download-manager-files/2026-03-02-Lili-I-EOeT-Bekanntmachungstext.pdf,Fetch error/restriction; do not infer obsolete,0,0,0
https://www.gemeinde-merching.de/wp-content/uploads/download-manager-files/762_STFNP-Windkraft-Merching-Fassung-15-04-16_Planzeichnung.pdf,403,https://www.gemeinde-merching.de/wp-content/uploads/download-manager-files/762_STFNP-Windkraft-Merching-Fassung-15-04-16_Planzeichnung.pdf,,403 Forbidden,page,text/html; charset=iso-8859-1,239,0,,2026-10-10T15:09:10Z,manual review,https://www.gemeinde-merching.de/wp-content/uploads/download-manager-files/762_STFNP-Windkraft-Merching-Fassung-15-04-16_Planzeichnung.pdf,Fetch error/restriction; do not infer obsolete,0,0,0
https://www.gemeinde-merching.de/wp-content/uploads/download-manager-files/Abschaffung-des-Kinderreisepasses-zum-01.01.2024.pdf,403,https://www.gemeinde-merching.de/wp-content/uploads/download-manager-files/Abschaffung-des-Kinderreisepasses-zum-01.01.2024.pdf,,403 Forbidden,page,text/html; charset=iso-8859-1,239,0,,2026-10-10T15:09:10Z,manual review,https://www.gemeinde-merching.de/wp-content/uploads/download-manager-files/Abschaffung-des-Kinderreisepasses-zum-01.01.2024.pdf,Fetch error/restriction; do not infer obsolete,0,0,0
https://www.gemeinde-merching.de/wp-content/uploads/download-manager-files/Amtsblatt-06-2026Jahrg.-81-Nr.-06.pdf,403,https://www.gemeinde-merching.de/wp-content/uploads/download-manager-files/Amtsblatt-06-2026Jahrg.-81-Nr.-06.pdf,,403 Forbidden,page,text/html; charset=iso-8859-1,239,0,,2026-10-10T15:09:11Z,manual review,https://www.gemeinde-merching.de/wp-content/uploads/download-manager-files/Amtsblatt-06-2026Jahrg.-81-Nr.-06.pdf,Fetch error/restriction; do not infer obsolete,0,0,0
https://www.gemeinde-merching.de/wp-content/uploads/download-manager-files/Anzeige-Nachwuchswerbung-2024.pdf,403,https://www.gemeinde-merching.de/wp-content/uploads/download-manager-files/Anzeige-Nachwuchswerbung-2024.pdf,,403 Forbidden,page,text/html; charset=iso-8859-1,239,0,,2026-10-10T15:09:12Z,manual review,https://www.gemeinde-merching.de/wp-content/uploads/download-manager-files/Anzeige-Nachwuchswerbung-2024.pdf,Fetch error/restriction; do not infer obsolete,0,0,0
https://www.gemeinde-merching.de/wp-content/uploads/download-manager-files/Ausschreibung-Architekturpreis.pdf,403,https://www.gemeinde-merching.de/wp-content/uploads/download-manager-files/Ausschreibung-Architekturpreis.pdf,,403 Forbidden,page,text/html; charset=iso-8859-1,239,0,,2026-10-10T15:09:12Z,manual review,https://www.gemeinde-merching.de/wp-content/uploads/download-manager-files/Ausschreibung-Architekturpreis.pdf,Fetch error/restriction; do not infer obsolete,0,0,0
https://www.gemeinde-merching.de/wp-content/uploads/download-manager-files/BZKF_BuergerTelefonKrebs-v.-F.-Hagen.pdf,403,https://www.gemeinde-merching.de/wp-content/uploads/download-manager-files/BZKF_BuergerTelefonKrebs-v.-F.-Hagen.pdf,,403 Forbidden,page,text/html; charset=iso-8859-1,239,0,,2026-10-10T15:09:13Z,manual review,https://www.gemeinde-merching.de/wp-content/uploads/download-manager-files/BZKF_BuergerTelefonKrebs-v.-F.-Hagen.pdf,Fetch error/restriction; do not infer obsolete,0,0,0
https://www.gemeinde-merching.de/wp-content/uploads/download-manager-files/Bekanntmachung-Abschlussbericht-Kommunale-Waermeplanung-PDF.pdf,403,https://www.gemeinde-merching.de/wp-content/uploads/download-manager-files/Bekanntmachung-Abschlussbericht-Kommunale-Waermeplanung-PDF.pdf,,403 Forbidden,page,text/html; charset=iso-8859-1,239,0,,2026-10-10T15:09:13Z,manual review,https://www.gemeinde-merching.de/wp-content/uploads/download-manager-files/Bekanntmachung-Abschlussbericht-Kommunale-Waermeplanung-PDF.pdf,Fetch error/restriction; do not infer obsolete,0,0,0
https://www.gemeinde-merching.de/wp-content/uploads/download-manager-files/Bekanntmachung-Beschwerdeausschusssitzung.pdf,403,https://www.gemeinde-merching.de/wp-content/uploads/download-manager-files/Bekanntmachung-Beschwerdeausschusssitzung.pdf,,403 Forbidden,page,text/html; charset=iso-8859-1,239,0,,2026-10-10T15:09:14Z,manual review,https://www.gemeinde-merching.de/wp-content/uploads/download-manager-files/Bekanntmachung-Beschwerdeausschusssitzung.pdf,Fetch error/restriction; do not infer obsolete,0,0,0
https://www.gemeinde-merching.de/wp-content/uploads/download-manager-files/Bekanntmachung-Eroeffnung-Vergabeverfahren-BG-34.pdf,403,https://www.gemeinde-merching.de/wp-content/uploads/download-manager-files/Bekanntmachung-Eroeffnung-Vergabeverfahren-BG-34.pdf,,403 Forbidden,page,text/html; charset=iso-8859-1,239,0,,2026-10-10T15:09:15Z,manual review,https://www.gemeinde-merching.de/wp-content/uploads/download-manager-files/Bekanntmachung-Eroeffnung-Vergabeverfahren-BG-34.pdf,Fetch error/restriction; do not infer obsolete,0,0,0
https://www.gemeinde-merching.de/wp-content/uploads/download-manager-files/Bekanntmachung-Friedhofs-und-Bestattungssatzung-ab-01.01.2027.pdf,403,https://www.gemeinde-merching.de/wp-content/uploads/download-manager-files/Bekanntmachung-Friedhofs-und-Bestattungssatzung-ab-01.01.2027.pdf,,403 Forbidden,page,text/html; charset=iso-8859-1,239,0,,2026-10-10T15:09:15Z,manual review,https://www.gemeinde-merching.de/wp-content/uploads/download-manager-files/Bekanntmachung-Friedhofs-und-Bestattungssatzung-ab-01.01.2027.pdf,Fetch error/restriction; do not infer obsolete,0,0,0
https://www.gemeinde-merching.de/wp-content/uploads/download-manager-files/Bekanntmachung-Grd.St_HundeSt.-2025.pdf,403,https://www.gemeinde-merching.de/wp-content/uploads/download-manager-files/Bekanntmachung-Grd.St_HundeSt.-2025.pdf,,403 Forbidden,page,text/html; charset=iso-8859-1,239,0,,2026-10-10T15:09:16Z,manual review,https://www.gemeinde-merching.de/wp-content/uploads/download-manager-files/Bekanntmachung-Grd.St_HundeSt.-2025.pdf,Fetch error/restriction; do not infer obsolete,0,0,0
https://www.gemeinde-merching.de/wp-content/uploads/download-manager-files/Bekanntmachung-Satzung-GBS_BES-ab-01.01.2027.pdf,403,https://www.gemeinde-merching.de/wp-content/uploads/download-manager-files/Bekanntmachung-Satzung-GBS_BES-ab-01.01.2027.pdf,,403 Forbidden,page,text/html; charset=iso-8859-1,239,0,,2026-10-10T15:09:16Z,manual review,https://www.gemeinde-merching.de/wp-content/uploads/download-manager-files/Bekanntmachung-Satzung-GBS_BES-ab-01.01.2027.pdf,Fetch error/restriction; do not infer obsolete,0,0,0
https://www.gemeinde-merching.de/wp-content/uploads/download-manager-files/Bekanntmachung-Satzung-fuer-das-Kommunalunternehmen-Merching-vom-16.09.2025.pdf,403,https://www.gemeinde-merching.de/wp-content/uploads/download-manager-files/Bekanntmachung-Satzung-fuer-das-Kommunalunternehmen-Merching-vom-16.09.2025.pdf,,403 Forbidden,page,text/html; charset=iso-8859-1,239,0,,2026-10-10T15:09:17Z,manual review,https://www.gemeinde-merching.de/wp-content/uploads/download-manager-files/Bekanntmachung-Satzung-fuer-das-Kommunalunternehmen-Merching-vom-16.09.2025.pdf,Fetch error/restriction; do not infer obsolete,0,0,0
https://www.gemeinde-merching.de/wp-content/uploads/download-manager-files/Bekanntmachung-Stellplatzsatzung-vom-08.09.2025.pdf,403,https://www.gemeinde-merching.de/wp-content/uploads/download-manager-files/Bekanntmachung-Stellplatzsatzung-vom-08.09.2025.pdf,,403 Forbidden,page,text/html; charset=iso-8859-1,239,0,,2026-10-10T15:09:18Z,manual review,https://www.gemeinde-merching.de/wp-content/uploads/download-manager-files/Bekanntmachung-Stellplatzsatzung-vom-08.09.2025.pdf,Fetch error/restriction; do not infer obsolete,0,0,0
https://www.gemeinde-merching.de/wp-content/uploads/download-manager-files/Bekanntmachung-Verbandsversammlung-24.06.2026.pdf,403,https://www.gemeinde-merching.de/wp-content/uploads/download-manager-files/Bekanntmachung-Verbandsversammlung-24.06.2026.pdf,,403 Forbidden,page,text/html; charset=iso-8859-1,239,0,,2026-10-10T15:09:18Z,manual review,https://www.gemeinde-merching.de/wp-content/uploads/download-manager-files/Bekanntmachung-Verbandsversammlung-24.06.2026.pdf,Fetch error/restriction; do not infer obsolete,0,0,0
https://www.gemeinde-merching.de/wp-content/uploads/download-manager-files/Bekanntmachung-Vergabe-von-gemeindlichen-Wohnbaugrundstuecken.pdf,403,https://www.gemeinde-merching.de/wp-content/uploads/download-manager-files/Bekanntmachung-Vergabe-von-gemeindlichen-Wohnbaugrundstuecken.pdf,,403 Forbidden,page,text/html; charset=iso-8859-1,239,0,,2026-10-10T15:09:19Z,manual review,https://www.gemeinde-merching.de/wp-content/uploads/download-manager-files/Bekanntmachung-Vergabe-von-gemeindlichen-Wohnbaugrundstuecken.pdf,Fetch error/restriction; do not infer obsolete,0,0,0
https://www.gemeinde-merching.de/wp-content/uploads/download-manager-files/Bestattungsgebuehrensatzung-ab-2027_Homepage.pdf,403,https://www.gemeinde-merching.de/wp-content/uploads/download-manager-files/Bestattungsgebuehrensatzung-ab-2027_Homepage.pdf,,403 Forbidden,page,text/html; charset=iso-8859-1,239,0,,2026-10-10T15:09:19Z,manual review,https://www.gemeinde-merching.de/wp-content/uploads/download-manager-files/Bestattungsgebuehrensatzung-ab-2027_Homepage.pdf,Fetch error/restriction; do not infer obsolete,0,0,0
https://www.gemeinde-merching.de/wp-content/uploads/download-manager-files/Buergermeisterwahl-Bekanntmachung_Wahlergebnis_Anl_18-Direktwahl_Homepage.pdf,403,https://www.gemeinde-merching.de/wp-content/uploads/download-manager-files/Buergermeisterwahl-Bekanntmachung_Wahlergebnis_Anl_18-Direktwahl_Homepage.pdf,,403 Forbidden,page,text/html; charset=iso-8859-1,239,0,,2026-10-10T15:09:20Z,manual review,https://www.gemeinde-merching.de/wp-content/uploads/download-manager-files/Buergermeisterwahl-Bekanntmachung_Wahlergebnis_Anl_18-Direktwahl_Homepage.pdf,Fetch error/restriction; do not infer obsolete,0,0,0
https://www.gemeinde-merching.de/wp-content/uploads/download-manager-files/EWS_Satzung_2022.pdf,403,https://www.gemeinde-merching.de/wp-content/uploads/download-manager-files/EWS_Satzung_2022.pdf,,403 Forbidden,page,text/html; charset=iso-8859-1,239,0,,2026-10-10T15:09:21Z,manual review,https://www.gemeinde-merching.de/wp-content/uploads/download-manager-files/EWS_Satzung_2022.pdf,Fetch error/restriction; do not infer obsolete,0,0,0
https://www.gemeinde-merching.de/wp-content/uploads/download-manager-files/Ehrungen-Satzung-ueber-die-Verleihung-von-Ehrungen-durch-die-Gemeinde-Merching-ab-07.08.2025.pdf,403,https://www.gemeinde-merching.de/wp-content/uploads/download-manager-files/Ehrungen-Satzung-ueber-die-Verleihung-von-Ehrungen-durch-die-Gemeinde-Merching-ab-07.08.2025.pdf,,403 Forbidden,page,text/html; charset=iso-8859-1,239,0,,2026-10-10T15:09:21Z,manual review,https://www.gemeinde-merching.de/wp-content/uploads/download-manager-files/Ehrungen-Satzung-ueber-die-Verleihung-von-Ehrungen-durch-die-Gemeinde-Merching-ab-07.08.2025.pdf,Fetch error/restriction; do not infer obsolete,0,0,0
https://www.gemeinde-merching.de/wp-content/uploads/download-manager-files/Entwaesserung-Beitrags-und-Gebuehrensatzung-zur-Entwaesserungssatzung-ab-01.01.2026_NEU.pdf,403,https://www.gemeinde-merching.de/wp-content/uploads/download-manager-files/Entwaesserung-Beitrags-und-Gebuehrensatzung-zur-Entwaesserungssatzung-ab-01.01.2026_NEU.pdf,,403 Forbidden,page,text/html; charset=iso-8859-1,239,0,,2026-10-10T15:09:22Z,manual review,https://www.gemeinde-merching.de/wp-content/uploads/download-manager-files/Entwaesserung-Beitrags-und-Gebuehrensatzung-zur-Entwaesserungssatzung-ab-01.01.2026_NEU.pdf,Fetch error/restriction; do not infer obsolete,0,0,0
https://www.gemeinde-merching.de/wp-content/uploads/download-manager-files/FLY_Stromausfall_LAF_99x210mm_Merching_web.pdf,403,https://www.gemeinde-merching.de/wp-content/uploads/download-manager-files/FLY_Stromausfall_LAF_99x210mm_Merching_web.pdf,,403 Forbidden,page,text/html; charset=iso-8859-1,239,0,,2026-10-10T15:09:22Z,manual review,https://www.gemeinde-merching.de/wp-content/uploads/download-manager-files/FLY_Stromausfall_LAF_99x210mm_Merching_web.pdf,Fetch error/restriction; do not infer obsolete,0,0,0
https://www.gemeinde-merching.de/wp-content/uploads/download-manager-files/Feuerwehr-Satzung-ueber-Aufwendungd-und-Kostenersatz-fuer-Einsaetze-und-andere-Leistungen-gem.-Feuehrwehren-ab-01.01.2026.pdf,403,https://www.gemeinde-merching.de/wp-content/uploads/download-manager-files/Feuerwehr-Satzung-ueber-Aufwendungd-und-Kostenersatz-fuer-Einsaetze-und-andere-Leistungen-gem.-Feuehrwehren-ab-01.01.2026.pdf,,403 Forbidden,page,text/html; charset=iso-8859-1,239,0,,2026-10-10T15:09:23Z,manual review,https://www.gemeinde-merching.de/wp-content/uploads/download-manager-files/Feuerwehr-Satzung-ueber-Aufwendungd-und-Kostenersatz-fuer-Einsaetze-und-andere-Leistungen-gem.-Feuehrwehren-ab-01.01.2026.pdf,Fetch error/restriction; do not infer obsolete,0,0,0
https://www.gemeinde-merching.de/wp-content/uploads/download-manager-files/GSV-0-HH-Deckblatt.pdf,403,https://www.gemeinde-merching.de/wp-content/uploads/download-manager-files/GSV-0-HH-Deckblatt.pdf,,403 Forbidden,page,text/html; charset=iso-8859-1,239,0,,2026-10-10T15:09:24Z,manual review,https://www.gemeinde-merching.de/wp-content/uploads/download-manager-files/GSV-0-HH-Deckblatt.pdf,Fetch error/restriction; do not infer obsolete,0,0,0
https://www.gemeinde-merching.de/wp-content/uploads/download-manager-files/GSV-1-HH-Inhaltsverzeichnis.pdf,403,https://www.gemeinde-merching.de/wp-content/uploads/download-manager-files/GSV-1-HH-Inhaltsverzeichnis.pdf,,403 Forbidden,page,text/html; charset=iso-8859-1,239,0,,2026-10-10T15:09:24Z,manual review,https://www.gemeinde-merching.de/wp-content/uploads/download-manager-files/GSV-1-HH-Inhaltsverzeichnis.pdf,Fetch error/restriction; do not infer obsolete,0,0,0
https://www.gemeinde-merching.de/wp-content/uploads/download-manager-files/GSV-2-HH-Haushaltssatzung.pdf,403,https://www.gemeinde-merching.de/wp-content/uploads/download-manager-files/GSV-2-HH-Haushaltssatzung.pdf,,403 Forbidden,page,text/html; charset=iso-8859-1,239,0,,2026-10-10T15:09:25Z,manual review,https://www.gemeinde-merching.de/wp-content/uploads/download-manager-files/GSV-2-HH-Haushaltssatzung.pdf,Fetch error/restriction; do not infer obsolete,0,0,0
https://www.gemeinde-merching.de/wp-content/uploads/download-manager-files/GSV-3-HH-Schulverbandsumlage.pdf,403,https://www.gemeinde-merching.de/wp-content/uploads/download-manager-files/GSV-3-HH-Schulverbandsumlage.pdf,,403 Forbidden,page,text/html; charset=iso-8859-1,239,0,,2026-10-10T15:09:25Z,manual review,https://www.gemeinde-merching.de/wp-content/uploads/download-manager-files/GSV-3-HH-Schulverbandsumlage.pdf,Fetch error/restriction; do not infer obsolete,0,0,0
https://www.gemeinde-merching.de/wp-content/uploads/download-manager-files/GSV-4-HH-Vorbericht.pdf,403,https://www.gemeinde-merching.de/wp-content/uploads/download-manager-files/GSV-4-HH-Vorbericht.pdf,,403 Forbidden,page,text/html; charset=iso-8859-1,239,0,,2026-10-10T15:09:26Z,manual review,https://www.gemeinde-merching.de/wp-content/uploads/download-manager-files/GSV-4-HH-Vorbericht.pdf,Fetch error/restriction; do not infer obsolete,0,0,0
https://www.gemeinde-merching.de/wp-content/uploads/download-manager-files/GSV-5-HH-Haushaltsplan-mit-Finanzplanung.pdf,403,https://www.gemeinde-merching.de/wp-content/uploads/download-manager-files/GSV-5-HH-Haushaltsplan-mit-Finanzplanung.pdf,,403 Forbidden,page,text/html; charset=iso-8859-1,239,0,,2026-10-10T15:09:27Z,manual review,https://www.gemeinde-merching.de/wp-content/uploads/download-manager-files/GSV-5-HH-Haushaltsplan-mit-Finanzplanung.pdf,Fetch error/restriction; do not infer obsolete,0,0,0
https://www.gemeinde-merching.de/wp-content/uploads/download-manager-files/GSV-6-HH-Anlagen.pdf,403,https://www.gemeinde-merching.de/wp-content/uploads/download-manager-files/GSV-6-HH-Anlagen.pdf,,403 Forbidden,page,text/html; charset=iso-8859-1,239,0,,2026-10-10T15:09:27Z,manual review,https://www.gemeinde-merching.de/wp-content/uploads/download-manager-files/GSV-6-HH-Anlagen.pdf,Fetch error/restriction; do not infer obsolete,0,0,0
https://www.gemeinde-merching.de/wp-content/uploads/download-manager-files/Gde-0-HH-Deckblatt.pdf,403,https://www.gemeinde-merching.de/wp-content/uploads/download-manager-files/Gde-0-HH-Deckblatt.pdf,,403 Forbidden,page,text/html; charset=iso-8859-1,239,0,,2026-10-10T15:09:28Z,manual review,https://www.gemeinde-merching.de/wp-content/uploads/download-manager-files/Gde-0-HH-Deckblatt.pdf,Fetch error/restriction; do not infer obsolete,0,0,0
https://www.gemeinde-merching.de/wp-content/uploads/download-manager-files/Gde-1-HH-Inhaltsverzeichnis.pdf,403,https://www.gemeinde-merching.de/wp-content/uploads/download-manager-files/Gde-1-HH-Inhaltsverzeichnis.pdf,,403 Forbidden,page,text/html; charset=iso-8859-1,239,0,,2026-10-10T15:09:28Z,manual review,https://www.gemeinde-merching.de/wp-content/uploads/download-manager-files/Gde-1-HH-Inhaltsverzeichnis.pdf,Fetch error/restriction; do not infer obsolete,0,0,0
https://www.gemeinde-merching.de/wp-content/uploads/download-manager-files/Gde-2-HH-Haushaltssatzung.pdf,403,https://www.gemeinde-merching.de/wp-content/uploads/download-manager-files/Gde-2-HH-Haushaltssatzung.pdf,,403 Forbidden,page,text/html; charset=iso-8859-1,239,0,,2026-10-10T15:09:29Z,manual review,https://www.gemeinde-merching.de/wp-content/uploads/download-manager-files/Gde-2-HH-Haushaltssatzung.pdf,Fetch error/restriction; do not infer obsolete,0,0,0
https://www.gemeinde-merching.de/wp-content/uploads/download-manager-files/Gde-3-HH-Vorbericht.pdf,403,https://www.gemeinde-merching.de/wp-content/uploads/download-manager-files/Gde-3-HH-Vorbericht.pdf,,403 Forbidden,page,text/html; charset=iso-8859-1,239,0,,2026-10-10T15:09:30Z,manual review,https://www.gemeinde-merching.de/wp-content/uploads/download-manager-files/Gde-3-HH-Vorbericht.pdf,Fetch error/restriction; do not infer obsolete,0,0,0
https://www.gemeinde-merching.de/wp-content/uploads/download-manager-files/Gde-4-HH-Uebersicht-Darlehen.pdf,403,https://www.gemeinde-merching.de/wp-content/uploads/download-manager-files/Gde-4-HH-Uebersicht-Darlehen.pdf,,403 Forbidden,page,text/html; charset=iso-8859-1,239,0,,2026-10-10T15:09:30Z,manual review,https://www.gemeinde-merching.de/wp-content/uploads/download-manager-files/Gde-4-HH-Uebersicht-Darlehen.pdf,Fetch error/restriction; do not infer obsolete,0,0,0
https://www.gemeinde-merching.de/wp-content/uploads/download-manager-files/Gde-5-HH-Darlehensermaechtigungen.pdf,403,https://www.gemeinde-merching.de/wp-content/uploads/download-manager-files/Gde-5-HH-Darlehensermaechtigungen.pdf,,403 Forbidden,page,text/html; charset=iso-8859-1,239,0,,2026-10-10T15:09:31Z,manual review,https://www.gemeinde-merching.de/wp-content/uploads/download-manager-files/Gde-5-HH-Darlehensermaechtigungen.pdf,Fetch error/restriction; do not infer obsolete,0,0,0
https://www.gemeinde-merching.de/wp-content/uploads/download-manager-files/Gde-6-HH-Haushaltsplan-mit-Finanzplan-und-Deckungsringen.pdf,403,https://www.gemeinde-merching.de/wp-content/uploads/download-manager-files/Gde-6-HH-Haushaltsplan-mit-Finanzplan-und-Deckungsringen.pdf,,403 Forbidden,page,text/html; charset=iso-8859-1,239,0,,2026-10-10T15:09:31Z,manual review,https://www.gemeinde-merching.de/wp-content/uploads/download-manager-files/Gde-6-HH-Haushaltsplan-mit-Finanzplan-und-Deckungsringen.pdf,Fetch error/restriction; do not infer obsolete,0,0,0
https://www.gemeinde-merching.de/wp-content/uploads/download-manager-files/Gde-7-HH-Stellenplan.pdf,403,https://www.gemeinde-merching.de/wp-content/uploads/download-manager-files/Gde-7-HH-Stellenplan.pdf,,403 Forbidden,page,text/html; charset=iso-8859-1,239,0,,2026-10-10T15:09:32Z,manual review,https://www.gemeinde-merching.de/wp-content/uploads/download-manager-files/Gde-7-HH-Stellenplan.pdf,Fetch error/restriction; do not infer obsolete,0,0,0
https://www.gemeinde-merching.de/wp-content/uploads/download-manager-files/Gde-8-HH-Anlagen.pdf,403,https://www.gemeinde-merching.de/wp-content/uploads/download-manager-files/Gde-8-HH-Anlagen.pdf,,403 Forbidden,page,text/html; charset=iso-8859-1,239,0,,2026-10-10T15:09:33Z,manual review,https://www.gemeinde-merching.de/wp-content/uploads/download-manager-files/Gde-8-HH-Anlagen.pdf,Fetch error/restriction; do not infer obsolete,0,0,0
https://www.gemeinde-merching.de/wp-content/uploads/download-manager-files/Gde-9-HH-VMH-Finanzplan-Einzelaufstellung.pdf,403,https://www.gemeinde-merching.de/wp-content/uploads/download-manager-files/Gde-9-HH-VMH-Finanzplan-Einzelaufstellung.pdf,,403 Forbidden,page,text/html; charset=iso-8859-1,239,0,,2026-10-10T15:09:33Z,manual review,https://www.gemeinde-merching.de/wp-content/uploads/download-manager-files/Gde-9-HH-VMH-Finanzplan-Einzelaufstellung.pdf,Fetch error/restriction; do not infer obsolete,0,0,0
https://www.gemeinde-merching.de/wp-content/uploads/download-manager-files/Gemeindekurier-Ostern-2026-f.-Homepage.pdf,403,https://www.gemeinde-merching.de/wp-content/uploads/download-manager-files/Gemeindekurier-Ostern-2026-f.-Homepage.pdf,,403 Forbidden,page,text/html; charset=iso-8859-1,239,0,,2026-10-10T15:09:34Z,manual review,https://www.gemeinde-merching.de/wp-content/uploads/download-manager-files/Gemeindekurier-Ostern-2026-f.-Homepage.pdf,Fetch error/restriction; do not infer obsolete,0,0,0
https://www.gemeinde-merching.de/wp-content/uploads/download-manager-files/Gemeindekurier-Sommer-2026-f.-Homepage.pdf,403,https://www.gemeinde-merching.de/wp-content/uploads/download-manager-files/Gemeindekurier-Sommer-2026-f.-Homepage.pdf,,403 Forbidden,page,text/html; charset=iso-8859-1,239,0,,2026-10-10T15:09:34Z,manual review,https://www.gemeinde-merching.de/wp-content/uploads/download-manager-files/Gemeindekurier-Sommer-2026-f.-Homepage.pdf,Fetch error/restriction; do not infer obsolete,0,0,0
https://www.gemeinde-merching.de/wp-content/uploads/download-manager-files/Gemeinderatswahl-Bekanntmachung_Wahlergebnis_Anl_17_Homepage.pdf,403,https://www.gemeinde-merching.de/wp-content/uploads/download-manager-files/Gemeinderatswahl-Bekanntmachung_Wahlergebnis_Anl_17_Homepage.pdf,,403 Forbidden,page,text/html; charset=iso-8859-1,239,0,,2026-10-10T15:09:35Z,manual review,https://www.gemeinde-merching.de/wp-content/uploads/download-manager-files/Gemeinderatswahl-Bekanntmachung_Wahlergebnis_Anl_17_Homepage.pdf,Fetch error/restriction; do not infer obsolete,0,0,0
https://www.gemeinde-merching.de/wp-content/uploads/download-manager-files/Geschaeftsordnung-Unterschrieben-2026.pdf,403,https://www.gemeinde-merching.de/wp-content/uploads/download-manager-files/Geschaeftsordnung-Unterschrieben-2026.pdf,,403 Forbidden,page,text/html; charset=iso-8859-1,239,0,,2026-10-10T15:09:36Z,manual review,https://www.gemeinde-merching.de/wp-content/uploads/download-manager-files/Geschaeftsordnung-Unterschrieben-2026.pdf,Fetch error/restriction; do not infer obsolete,0,0,0
https://www.gemeinde-merching.de/wp-content/uploads/download-manager-files/Hundesteuer-Satzung-der-Gemeinde-Merching-fuer-die-Erhebung-einer-Hundesteuer-ab-2026.pdf,403,https://www.gemeinde-merching.de/wp-content/uploads/download-manager-files/Hundesteuer-Satzung-der-Gemeinde-Merching-fuer-die-Erhebung-einer-Hundesteuer-ab-2026.pdf,,403 Forbidden,page,text/html; charset=iso-8859-1,239,0,,2026-10-10T15:09:36Z,manual review,https://www.gemeinde-merching.de/wp-content/uploads/download-manager-files/Hundesteuer-Satzung-der-Gemeinde-Merching-fuer-die-Erhebung-einer-Hundesteuer-ab-2026.pdf,Fetch error/restriction; do not infer obsolete,0,0,0
https://www.gemeinde-merching.de/wp-content/uploads/download-manager-files/Infoblatt-Hochwasser-2024.pdf,403,https://www.gemeinde-merching.de/wp-content/uploads/download-manager-files/Infoblatt-Hochwasser-2024.pdf,,403 Forbidden,page,text/html; charset=iso-8859-1,239,0,,2026-10-10T15:09:37Z,manual review,https://www.gemeinde-merching.de/wp-content/uploads/download-manager-files/Infoblatt-Hochwasser-2024.pdf,Fetch error/restriction; do not infer obsolete,0,0,0
https://www.gemeinde-merching.de/wp-content/uploads/download-manager-files/Information-Ortssprecherwahl-Steinach-u.-Hochdorf_Beilage-Kurier-Ostern-2026-f.-Hochdorf-u.-Steinach-f.-Homepage.pdf,403,https://www.gemeinde-merching.de/wp-content/uploads/download-manager-files/Information-Ortssprecherwahl-Steinach-u.-Hochdorf_Beilage-Kurier-Ostern-2026-f.-Hochdorf-u.-Steinach-f.-Homepage.pdf,,403 Forbidden,page,text/html; charset=iso-8859-1,239,0,,2026-10-10T15:09:37Z,manual review,https://www.gemeinde-merching.de/wp-content/uploads/download-manager-files/Information-Ortssprecherwahl-Steinach-u.-Hochdorf_Beilage-Kurier-Ostern-2026-f.-Hochdorf-u.-Steinach-f.-Homepage.pdf,Fetch error/restriction; do not infer obsolete,0,0,0
https://www.gemeinde-merching.de/wp-content/uploads/download-manager-files/MSV-0-HH-Deckblatt.pdf,403,https://www.gemeinde-merching.de/wp-content/uploads/download-manager-files/MSV-0-HH-Deckblatt.pdf,,403 Forbidden,page,text/html; charset=iso-8859-1,239,0,,2026-10-10T15:09:38Z,manual review,https://www.gemeinde-merching.de/wp-content/uploads/download-manager-files/MSV-0-HH-Deckblatt.pdf,Fetch error/restriction; do not infer obsolete,0,0,0
https://www.gemeinde-merching.de/wp-content/uploads/download-manager-files/MSV-1-HH-Inhaltsverzeichnis.pdf,403,https://www.gemeinde-merching.de/wp-content/uploads/download-manager-files/MSV-1-HH-Inhaltsverzeichnis.pdf,,403 Forbidden,page,text/html; charset=iso-8859-1,239,0,,2026-10-10T15:09:39Z,manual review,https://www.gemeinde-merching.de/wp-content/uploads/download-manager-files/MSV-1-HH-Inhaltsverzeichnis.pdf,Fetch error/restriction; do not infer obsolete,0,0,0
https://www.gemeinde-merching.de/wp-content/uploads/download-manager-files/MSV-2-HH-Haushaltssatzung.pdf,403,https://www.gemeinde-merching.de/wp-content/uploads/download-manager-files/MSV-2-HH-Haushaltssatzung.pdf,,403 Forbidden,page,text/html; charset=iso-8859-1,239,0,,2026-10-10T15:09:39Z,manual review,https://www.gemeinde-merching.de/wp-content/uploads/download-manager-files/MSV-2-HH-Haushaltssatzung.pdf,Fetch error/restriction; do not infer obsolete,0,0,0
https://www.gemeinde-merching.de/wp-content/uploads/download-manager-files/MSV-3-HH-Schulverbandsumlage.pdf,403,https://www.gemeinde-merching.de/wp-content/uploads/download-manager-files/MSV-3-HH-Schulverbandsumlage.pdf,,403 Forbidden,page,text/html; charset=iso-8859-1,239,0,,2026-10-10T15:09:40Z,manual review,https://www.gemeinde-merching.de/wp-content/uploads/download-manager-files/MSV-3-HH-Schulverbandsumlage.pdf,Fetch error/restriction; do not infer obsolete,0,0,0
https://www.gemeinde-merching.de/wp-content/uploads/download-manager-files/MSV-4-HH-Vorbericht.pdf,403,https://www.gemeinde-merching.de/wp-content/uploads/download-manager-files/MSV-4-HH-Vorbericht.pdf,,403 Forbidden,page,text/html; charset=iso-8859-1,239,0,,2026-10-10T15:09:40Z,manual review,https://www.gemeinde-merching.de/wp-content/uploads/download-manager-files/MSV-4-HH-Vorbericht.pdf,Fetch error/restriction; do not infer obsolete,0,0,0
https://www.gemeinde-merching.de/wp-content/uploads/download-manager-files/MSV-5-HH-Haushaltsplan-mit-Finanzplan-und-Deckungsringen.pdf,403,https://www.gemeinde-merching.de/wp-content/uploads/download-manager-files/MSV-5-HH-Haushaltsplan-mit-Finanzplan-und-Deckungsringen.pdf,,403 Forbidden,page,text/html; charset=iso-8859-1,239,0,,2026-10-10T15:09:41Z,manual review,https://www.gemeinde-merching.de/wp-content/uploads/download-manager-files/MSV-5-HH-Haushaltsplan-mit-Finanzplan-und-Deckungsringen.pdf,Fetch error/restriction; do not infer obsolete,0,0,0
https://www.gemeinde-merching.de/wp-content/uploads/download-manager-files/MSV-6-HH-Stellenplan.pdf,403,https://www.gemeinde-merching.de/wp-content/uploads/download-manager-files/MSV-6-HH-Stellenplan.pdf,,403 Forbidden,page,text/html; charset=iso-8859-1,239,0,,2026-10-10T15:09:42Z,manual review,https://www.gemeinde-merching.de/wp-content/uploads/download-manager-files/MSV-6-HH-Stellenplan.pdf,Fetch error/restriction; do not infer obsolete,0,0,0
https://www.gemeinde-merching.de/wp-content/uploads/download-manager-files/MSV-7-HH-Anlagen.pdf,403,https://www.gemeinde-merching.de/wp-content/uploads/download-manager-files/MSV-7-HH-Anlagen.pdf,,403 Forbidden,page,text/html; charset=iso-8859-1,239,0,,2026-10-10T15:09:42Z,manual review,https://www.gemeinde-merching.de/wp-content/uploads/download-manager-files/MSV-7-HH-Anlagen.pdf,Fetch error/restriction; do not infer obsolete,0,0,0
https://www.gemeinde-merching.de/wp-content/uploads/download-manager-files/Merching-Bodenrichtwerte-2026.pdf,403,https://www.gemeinde-merching.de/wp-content/uploads/download-manager-files/Merching-Bodenrichtwerte-2026.pdf,,403 Forbidden,page,text/html; charset=iso-8859-1,239,0,,2026-10-10T15:09:43Z,manual review,https://www.gemeinde-merching.de/wp-content/uploads/download-manager-files/Merching-Bodenrichtwerte-2026.pdf,Fetch error/restriction; do not infer obsolete,0,0,0
https://www.gemeinde-merching.de/wp-content/uploads/download-manager-files/Merkblatt-zum-richtigen-Verhalten-ggue.-Wasser-u.-Zugvoegeln-LRA-November-2025.pdf,403,https://www.gemeinde-merching.de/wp-content/uploads/download-manager-files/Merkblatt-zum-richtigen-Verhalten-ggue.-Wasser-u.-Zugvoegeln-LRA-November-2025.pdf,,403 Forbidden,page,text/html; charset=iso-8859-1,239,0,,2026-10-10T15:09:43Z,manual review,https://www.gemeinde-merching.de/wp-content/uploads/download-manager-files/Merkblatt-zum-richtigen-Verhalten-ggue.-Wasser-u.-Zugvoegeln-LRA-November-2025.pdf,Fetch error/restriction; do not infer obsolete,0,0,0
https://www.gemeinde-merching.de/wp-content/uploads/download-manager-files/Rechtsverordnung-ueber-die-Zulassung-des-Betriebs-von-Autowaschanlagen-an-Sonn-und-Feiertagen.pdf,403,https://www.gemeinde-merching.de/wp-content/uploads/download-manager-files/Rechtsverordnung-ueber-die-Zulassung-des-Betriebs-von-Autowaschanlagen-an-Sonn-und-Feiertagen.pdf,,403 Forbidden,page,text/html; charset=iso-8859-1,239,0,,2026-10-10T15:09:44Z,manual review,https://www.gemeinde-merching.de/wp-content/uploads/download-manager-files/Rechtsverordnung-ueber-die-Zulassung-des-Betriebs-von-Autowaschanlagen-an-Sonn-und-Feiertagen.pdf,Fetch error/restriction; do not infer obsolete,0,0,0
https://www.gemeinde-merching.de/wp-content/uploads/download-manager-files/Satzung-Gemeideverfassunsrechts-Homepage.pdf,403,https://www.gemeinde-merching.de/wp-content/uploads/download-manager-files/Satzung-Gemeideverfassunsrechts-Homepage.pdf,,403 Forbidden,page,text/html; charset=iso-8859-1,239,0,,2026-10-10T15:09:45Z,manual review,https://www.gemeinde-merching.de/wp-content/uploads/download-manager-files/Satzung-Gemeideverfassunsrechts-Homepage.pdf,Fetch error/restriction; do not infer obsolete,0,0,0
https://www.gemeinde-merching.de/wp-content/uploads/download-manager-files/Satzung_WAS_2022.pdf,403,https://www.gemeinde-merching.de/wp-content/uploads/download-manager-files/Satzung_WAS_2022.pdf,,403 Forbidden,page,text/html; charset=iso-8859-1,239,0,,2026-10-10T15:09:45Z,manual review,https://www.gemeinde-merching.de/wp-content/uploads/download-manager-files/Satzung_WAS_2022.pdf,Fetch error/restriction; do not infer obsolete,0,0,0
https://www.gemeinde-merching.de/wp-content/uploads/download-manager-files/Spielplatzsatzung-der-Gemeinde-Merching-vom-01.10.2025.pdf,403,https://www.gemeinde-merching.de/wp-content/uploads/download-manager-files/Spielplatzsatzung-der-Gemeinde-Merching-vom-01.10.2025.pdf,,403 Forbidden,page,text/html; charset=iso-8859-1,239,0,,2026-10-10T15:09:46Z,manual review,https://www.gemeinde-merching.de/wp-content/uploads/download-manager-files/Spielplatzsatzung-der-Gemeinde-Merching-vom-01.10.2025.pdf,Fetch error/restriction; do not infer obsolete,0,0,0
https://www.gemeinde-merching.de/wp-content/uploads/download-manager-files/Steinach-Hochdorf-Bodenrichtwerte-2026.pdf,403,https://www.gemeinde-merching.de/wp-content/uploads/download-manager-files/Steinach-Hochdorf-Bodenrichtwerte-2026.pdf,,403 Forbidden,page,text/html; charset=iso-8859-1,239,0,,2026-10-10T15:09:46Z,manual review,https://www.gemeinde-merching.de/wp-content/uploads/download-manager-files/Steinach-Hochdorf-Bodenrichtwerte-2026.pdf,Fetch error/restriction; do not infer obsolete,0,0,0
https://www.gemeinde-merching.de/wp-content/uploads/download-manager-files/Stellplatzsatzung-ab-30.09.2025-.pdf,403,https://www.gemeinde-merching.de/wp-content/uploads/download-manager-files/Stellplatzsatzung-ab-30.09.2025-.pdf,,403 Forbidden,page,text/html; charset=iso-8859-1,239,0,,2026-10-10T15:09:47Z,manual review,https://www.gemeinde-merching.de/wp-content/uploads/download-manager-files/Stellplatzsatzung-ab-30.09.2025-.pdf,Fetch error/restriction; do not infer obsolete,0,0,0
https://www.gemeinde-merching.de/wp-content/uploads/download-manager-files/Trinkwasserwerte-f.-Homepage-vom-Bauhof-26.02.26.pdf,403,https://www.gemeinde-merching.de/wp-content/uploads/download-manager-files/Trinkwasserwerte-f.-Homepage-vom-Bauhof-26.02.26.pdf,,403 Forbidden,page,text/html; charset=iso-8859-1,239,0,,2026-10-10T15:09:48Z,manual review,https://www.gemeinde-merching.de/wp-content/uploads/download-manager-files/Trinkwasserwerte-f.-Homepage-vom-Bauhof-26.02.26.pdf,Fetch error/restriction; do not infer obsolete,0,0,0
https://www.gemeinde-merching.de/wp-content/uploads/download-manager-files/Unternehmenssatzung-fuer-das-Kommunalunternehmen-Merching-vom-16.09.2025.pdf,403,https://www.gemeinde-merching.de/wp-content/uploads/download-manager-files/Unternehmenssatzung-fuer-das-Kommunalunternehmen-Merching-vom-16.09.2025.pdf,,403 Forbidden,page,text/html; charset=iso-8859-1,239,0,,2026-10-10T15:09:48Z,manual review,https://www.gemeinde-merching.de/wp-content/uploads/download-manager-files/Unternehmenssatzung-fuer-das-Kommunalunternehmen-Merching-vom-16.09.2025.pdf,Fetch error/restriction; do not infer obsolete,0,0,0
https://www.gemeinde-merching.de/wp-content/uploads/download-manager-files/Verkuendung-des-Wahlergebnisses-OT-Hochdorf.pdf,403,https://www.gemeinde-merching.de/wp-content/uploads/download-manager-files/Verkuendung-des-Wahlergebnisses-OT-Hochdorf.pdf,,403 Forbidden,page,text/html; charset=iso-8859-1,239,0,,2026-10-10T15:09:49Z,manual review,https://www.gemeinde-merching.de/wp-content/uploads/download-manager-files/Verkuendung-des-Wahlergebnisses-OT-Hochdorf.pdf,Fetch error/restriction; do not infer obsolete,0,0,0
https://www.gemeinde-merching.de/wp-content/uploads/download-manager-files/landwirtschaftliche-Flaechen-Bodenrichtwerte-2026.pdf,403,https://www.gemeinde-merching.de/wp-content/uploads/download-manager-files/landwirtschaftliche-Flaechen-Bodenrichtwerte-2026.pdf,,403 Forbidden,page,text/html; charset=iso-8859-1,239,0,,2026-10-10T15:09:49Z,manual review,https://www.gemeinde-merching.de/wp-content/uploads/download-manager-files/landwirtschaftliche-Flaechen-Bodenrichtwerte-2026.pdf,Fetch error/restriction; do not infer obsolete,0,0,0
https://www.gemeinde-merching.de/wp-content/uploads/filebase/BGS_WAS_Satzung-2018.PDF,206,https://www.gemeinde-merching.de/wp-content/uploads/filebase/BGS_WAS_Satzung-2018.PDF,,,PDF,application/pdf,127673,0,,2026-10-10T15:09:50Z,preserve exactly,https://www.gemeinde-merching.de/wp-content/uploads/filebase/BGS_WAS_Satzung-2018.PDF,Direct asset URLs may have external backlinks,0,0,0
https://www.gemeinde-merching.de/wp-content/uploads/filebase/Bekanntmachung-GBS_BES-Satzung.pdf,206,https://www.gemeinde-merching.de/wp-content/uploads/filebase/Bekanntmachung-GBS_BES-Satzung.pdf,,,PDF,application/pdf,388792,0,,2026-10-10T15:09:51Z,preserve exactly,https://www.gemeinde-merching.de/wp-content/uploads/filebase/Bekanntmachung-GBS_BES-Satzung.pdf,Direct asset URLs may have external backlinks,0,0,0
https://www.gemeinde-merching.de/wp-content/uploads/filebase/Informationsmaterial/20210805_Landespflegegeld-2.pdf,206,https://www.gemeinde-merching.de/wp-content/uploads/filebase/Informationsmaterial/20210805_Landespflegegeld-2.pdf,,,PDF,application/pdf,225545,0,,2026-10-10T15:09:51Z,preserve exactly,https://www.gemeinde-merching.de/wp-content/uploads/filebase/Informationsmaterial/20210805_Landespflegegeld-2.pdf,Direct asset URLs may have external backlinks,0,0,0
https://www.gemeinde-merching.de/wp-content/uploads/filebase/Informationsmaterial/Amtsblatt-04b-202075-Nr.-04b-002-Blauzungenkrankheit.pdf,206,https://www.gemeinde-merching.de/wp-content/uploads/filebase/Informationsmaterial/Amtsblatt-04b-202075-Nr.-04b-002-Blauzungenkrankheit.pdf,,,PDF,application/pdf,98986,0,,2026-10-10T15:09:52Z,preserve exactly,https://www.gemeinde-merching.de/wp-content/uploads/filebase/Informationsmaterial/Amtsblatt-04b-202075-Nr.-04b-002-Blauzungenkrankheit.pdf,Direct asset URLs may have external backlinks,0,0,0
https://www.gemeinde-merching.de/wp-content/uploads/filebase/Informationsmaterial/Amtsblatt-12-2022Jahrg.-77-Nr.-12-ohne-Anlage.pdf,206,https://www.gemeinde-merching.de/wp-content/uploads/filebase/Informationsmaterial/Amtsblatt-12-2022Jahrg.-77-Nr.-12-ohne-Anlage.pdf,,,PDF,application/pdf,287174,0,,2026-10-10T15:09:52Z,preserve exactly,https://www.gemeinde-merching.de/wp-content/uploads/filebase/Informationsmaterial/Amtsblatt-12-2022Jahrg.-77-Nr.-12-ohne-Anlage.pdf,Direct asset URLs may have external backlinks,0,0,0
https://www.gemeinde-merching.de/wp-content/uploads/filebase/Informationsmaterial/GrSt_Info_Gemeinden_14.12.2022.pdf,206,https://www.gemeinde-merching.de/wp-content/uploads/filebase/Informationsmaterial/GrSt_Info_Gemeinden_14.12.2022.pdf,,,PDF,application/pdf,237885,0,,2026-10-10T15:09:53Z,preserve exactly,https://www.gemeinde-merching.de/wp-content/uploads/filebase/Informationsmaterial/GrSt_Info_Gemeinden_14.12.2022.pdf,Direct asset URLs may have external backlinks,0,0,0
https://www.gemeinde-merching.de/wp-content/uploads/filebase/Informationsmaterial/Grundsteuerreform-Textbeitrag-fuer-kommunale-Veroeffentlichungen.pdf,206,https://www.gemeinde-merching.de/wp-content/uploads/filebase/Informationsmaterial/Grundsteuerreform-Textbeitrag-fuer-kommunale-Veroeffentlichungen.pdf,,,PDF,application/pdf,196927,0,,2026-10-10T15:09:54Z,preserve exactly,https://www.gemeinde-merching.de/wp-content/uploads/filebase/Informationsmaterial/Grundsteuerreform-Textbeitrag-fuer-kommunale-Veroeffentlichungen.pdf,Direct asset URLs may have external backlinks,0,0,0
https://www.gemeinde-merching.de/wp-content/uploads/filebase/Informationsmaterial/Mitteilung-Landesamt-f.-Digitalisierung-Juli-2018.pdf,206,https://www.gemeinde-merching.de/wp-content/uploads/filebase/Informationsmaterial/Mitteilung-Landesamt-f.-Digitalisierung-Juli-2018.pdf,,,PDF,application/pdf,453732,0,,2026-10-10T15:09:54Z,preserve exactly,https://www.gemeinde-merching.de/wp-content/uploads/filebase/Informationsmaterial/Mitteilung-Landesamt-f.-Digitalisierung-Juli-2018.pdf,Direct asset URLs may have external backlinks,0,0,0
https://www.gemeinde-merching.de/wp-content/uploads/filebase/Informationsmaterial/elektronische%20Lohnsteuerkarte.pdf,206,https://www.gemeinde-merching.de/wp-content/uploads/filebase/Informationsmaterial/elektronische%20Lohnsteuerkarte.pdf,,,PDF,application/pdf,932317,0,,2026-10-10T15:09:55Z,preserve exactly,https://www.gemeinde-merching.de/wp-content/uploads/filebase/Informationsmaterial/elektronische%20Lohnsteuerkarte.pdf,Direct asset URLs may have external backlinks,0,0,0
https://www.gemeinde-merching.de/wp-content/uploads/filebase/MandatGemeindeMerchingab2016.pdf,206,https://www.gemeinde-merching.de/wp-content/uploads/filebase/MandatGemeindeMerchingab2016.pdf,,,PDF,application/pdf,13270,0,,2026-10-10T15:09:55Z,preserve exactly,https://www.gemeinde-merching.de/wp-content/uploads/filebase/MandatGemeindeMerchingab2016.pdf,Direct asset URLs may have external backlinks,0,0,0
https://www.gemeinde-merching.de/wp-content/uploads/filebase/Satzung-2022_BES.docx,206,https://www.gemeinde-merching.de/wp-content/uploads/filebase/Satzung-2022_BES.docx,,,sitemap/xml,application/vnd.openxmlformats-officedocument.wordprocessingml.document,52394,0,,2026-10-10T15:09:56Z,preserve exactly,https://www.gemeinde-merching.de/wp-content/uploads/filebase/Satzung-2022_BES.docx,Preserve public path unless domain mapping requires a reviewed change,0,0,0
https://www.gemeinde-merching.de/wp-content/uploads/filebase/bebauungsplaene/Bebauungsplan-27-mit-Gruenordnungsplan.pdf,206,https://www.gemeinde-merching.de/wp-content/uploads/filebase/bebauungsplaene/Bebauungsplan-27-mit-Gruenordnungsplan.pdf,,,PDF,application/pdf,687225,0,,2026-10-10T15:09:57Z,preserve exactly,https://www.gemeinde-merching.de/wp-content/uploads/filebase/bebauungsplaene/Bebauungsplan-27-mit-Gruenordnungsplan.pdf,Direct asset URLs may have external backlinks,0,0,0
https://www.gemeinde-merching.de/wp-content/uploads/filebase/gemeinde-kurier-merching/Gemeindekurier-November-2022-neu.pdf,206,https://www.gemeinde-merching.de/wp-content/uploads/filebase/gemeinde-kurier-merching/Gemeindekurier-November-2022-neu.pdf,,,PDF,application/pdf,654782,0,,2026-10-10T15:09:57Z,preserve exactly,https://www.gemeinde-merching.de/wp-content/uploads/filebase/gemeinde-kurier-merching/Gemeindekurier-November-2022-neu.pdf,Direct asset URLs may have external backlinks,0,0,0
https://www.gemeinde-merching.de/wp-content/uploads/filebase/gemeinde-kurier-merching/Gemeindekurier-Ostern-2022-f.-Homepage.pdf,206,https://www.gemeinde-merching.de/wp-content/uploads/filebase/gemeinde-kurier-merching/Gemeindekurier-Ostern-2022-f.-Homepage.pdf,,,PDF,application/pdf,1130871,0,,2026-10-10T15:09:58Z,preserve exactly,https://www.gemeinde-merching.de/wp-content/uploads/filebase/gemeinde-kurier-merching/Gemeindekurier-Ostern-2022-f.-Homepage.pdf,Direct asset URLs may have external backlinks,0,0,0
https://www.gemeinde-merching.de/wp-content/uploads/filebase/gemeinde-kurier-merching/Gemeindekurier-Sommer-2022.pdf,206,https://www.gemeinde-merching.de/wp-content/uploads/filebase/gemeinde-kurier-merching/Gemeindekurier-Sommer-2022.pdf,,,PDF,application/pdf,716881,0,,2026-10-10T15:09:58Z,preserve exactly,https://www.gemeinde-merching.de/wp-content/uploads/filebase/gemeinde-kurier-merching/Gemeindekurier-Sommer-2022.pdf,Direct asset URLs may have external backlinks,0,0,0
https://www.gemeinde-merching.de/wp-content/uploads/filebase/gemeinde-kurier-merching/Gemeindekurier-Weihnachten-2022-f.-Homepage.pdf,206,https://www.gemeinde-merching.de/wp-content/uploads/filebase/gemeinde-kurier-merching/Gemeindekurier-Weihnachten-2022-f.-Homepage.pdf,,,PDF,application/pdf,1607063,0,,2026-10-10T15:09:59Z,preserve exactly,https://www.gemeinde-merching.de/wp-content/uploads/filebase/gemeinde-kurier-merching/Gemeindekurier-Weihnachten-2022-f.-Homepage.pdf,Direct asset URLs may have external backlinks,0,0,0
https://www.gemeinde-merching.de/wp-content/uploads/filebase/gemeinderat/Oeffentl.-BekanntmachungGR_15122022.pdf,206,https://www.gemeinde-merching.de/wp-content/uploads/filebase/gemeinderat/Oeffentl.-BekanntmachungGR_15122022.pdf,,,PDF,application/pdf,130655,0,,2026-10-10T15:10:00Z,preserve exactly,https://www.gemeinde-merching.de/wp-content/uploads/filebase/gemeinderat/Oeffentl.-BekanntmachungGR_15122022.pdf,Direct asset URLs may have external backlinks,0,0,0
https://www.gemeinde-merching.de/wp-content/uploads/filebase/oeffentliche-bekannmachungen/Bekanntmachung-Bodenrichtwerte-31.12.2021.pdf,206,https://www.gemeinde-merching.de/wp-content/uploads/filebase/oeffentliche-bekannmachungen/Bekanntmachung-Bodenrichtwerte-31.12.2021.pdf,,,PDF,application/pdf,352247,0,,2026-10-10T15:10:00Z,preserve exactly,https://www.gemeinde-merching.de/wp-content/uploads/filebase/oeffentliche-bekannmachungen/Bekanntmachung-Bodenrichtwerte-31.12.2021.pdf,Direct asset URLs may have external backlinks,0,0,0
https://www.gemeinde-merching.de/wp-content/uploads/filebase/oeffentliche-bekannmachungen/Bekanntmachung-Flurneuord.-Lechhausen.pdf,206,https://www.gemeinde-merching.de/wp-content/uploads/filebase/oeffentliche-bekannmachungen/Bekanntmachung-Flurneuord.-Lechhausen.pdf,,,PDF,application/pdf,388101,0,,2026-10-10T15:10:01Z,preserve exactly,https://www.gemeinde-merching.de/wp-content/uploads/filebase/oeffentliche-bekannmachungen/Bekanntmachung-Flurneuord.-Lechhausen.pdf,Direct asset URLs may have external backlinks,0,0,0
https://www.gemeinde-merching.de/wp-content/uploads/filebase/oeffentliche-bekannmachungen/Bekanntmachung-GBS_BES-Satzung_2_2.pdf,206,https://www.gemeinde-merching.de/wp-content/uploads/filebase/oeffentliche-bekannmachungen/Bekanntmachung-GBS_BES-Satzung_2_2.pdf,,,PDF,application/pdf,388792,0,,2026-10-10T15:10:01Z,preserve exactly,https://www.gemeinde-merching.de/wp-content/uploads/filebase/oeffentliche-bekannmachungen/Bekanntmachung-GBS_BES-Satzung_2_2.pdf,Direct asset URLs may have external backlinks,0,0,0
https://www.gemeinde-merching.de/wp-content/uploads/filebase/oeffentliche-bekannmachungen/Bekanntmachung-Ueberschwemmungsgebiet-der-Paar-und-der-Steinach-07.12.22.pdf,206,https://www.gemeinde-merching.de/wp-content/uploads/filebase/oeffentliche-bekannmachungen/Bekanntmachung-Ueberschwemmungsgebiet-der-Paar-und-der-Steinach-07.12.22.pdf,,,PDF,application/pdf,301980,0,,2026-10-10T15:10:02Z,preserve exactly,https://www.gemeinde-merching.de/wp-content/uploads/filebase/oeffentliche-bekannmachungen/Bekanntmachung-Ueberschwemmungsgebiet-der-Paar-und-der-Steinach-07.12.22.pdf,Direct asset URLs may have external backlinks,0,0,0
https://www.gemeinde-merching.de/wp-content/uploads/filebase/oeffentliche-bekannmachungen/Bekanntmachung_Friedhofs-und-Bestattungssatzung.pdf,206,https://www.gemeinde-merching.de/wp-content/uploads/filebase/oeffentliche-bekannmachungen/Bekanntmachung_Friedhofs-und-Bestattungssatzung.pdf,,,PDF,application/pdf,386083,0,,2026-10-10T15:10:03Z,preserve exactly,https://www.gemeinde-merching.de/wp-content/uploads/filebase/oeffentliche-bekannmachungen/Bekanntmachung_Friedhofs-und-Bestattungssatzung.pdf,Direct asset URLs may have external backlinks,0,0,0
https://www.gemeinde-merching.de/wp-content/uploads/filebase/richtlinien-gemeinde-merching/Vereinsf%C3%B6rderrichtlinien%202013.pdf,206,https://www.gemeinde-merching.de/wp-content/uploads/filebase/richtlinien-gemeinde-merching/Vereinsf%C3%B6rderrichtlinien%202013.pdf,,,PDF,application/pdf,41828,0,,2026-10-10T15:10:03Z,preserve exactly,https://www.gemeinde-merching.de/wp-content/uploads/filebase/richtlinien-gemeinde-merching/Vereinsf%C3%B6rderrichtlinien%202013.pdf,Direct asset URLs may have external backlinks,0,0,0
https://www.gemeinde-merching.de/wp-content/uploads/filebase/satzungen-verordnungen-gemeinde-merching/BES-2011-f.-homepage.pdf,206,https://www.gemeinde-merching.de/wp-content/uploads/filebase/satzungen-verordnungen-gemeinde-merching/BES-2011-f.-homepage.pdf,,,PDF,application/pdf,142545,0,,2026-10-10T15:10:04Z,preserve exactly,https://www.gemeinde-merching.de/wp-content/uploads/filebase/satzungen-verordnungen-gemeinde-merching/BES-2011-f.-homepage.pdf,Direct asset URLs may have external backlinks,0,0,0
https://www.gemeinde-merching.de/wp-content/uploads/filebase/satzungen-verordnungen-gemeinde-merching/BGS_EWS-Satzung_2022.pdf,206,https://www.gemeinde-merching.de/wp-content/uploads/filebase/satzungen-verordnungen-gemeinde-merching/BGS_EWS-Satzung_2022.pdf,,,PDF,application/pdf,2097152,0,,2026-10-10T15:10:04Z,preserve exactly,https://www.gemeinde-merching.de/wp-content/uploads/filebase/satzungen-verordnungen-gemeinde-merching/BGS_EWS-Satzung_2022.pdf,Direct asset URLs may have external backlinks,0,0,0
https://www.gemeinde-merching.de/wp-content/uploads/filebase/satzungen-verordnungen-gemeinde-merching/BGS_WAS_Satzung_2022.pdf,206,https://www.gemeinde-merching.de/wp-content/uploads/filebase/satzungen-verordnungen-gemeinde-merching/BGS_WAS_Satzung_2022.pdf,,,PDF,application/pdf,2097152,0,,2026-10-10T15:10:05Z,preserve exactly,https://www.gemeinde-merching.de/wp-content/uploads/filebase/satzungen-verordnungen-gemeinde-merching/BGS_WAS_Satzung_2022.pdf,Direct asset URLs may have external backlinks,0,0,0
https://www.gemeinde-merching.de/wp-content/uploads/filebase/satzungen-verordnungen-gemeinde-merching/Bestattungsgebuehrensatzung-ab-01.01.2023.pdf,206,https://www.gemeinde-merching.de/wp-content/uploads/filebase/satzungen-verordnungen-gemeinde-merching/Bestattungsgebuehrensatzung-ab-01.01.2023.pdf,,,PDF,application/pdf,1528360,0,,2026-10-10T15:10:06Z,preserve exactly,https://www.gemeinde-merching.de/wp-content/uploads/filebase/satzungen-verordnungen-gemeinde-merching/Bestattungsgebuehrensatzung-ab-01.01.2023.pdf,Direct asset URLs may have external backlinks,0,0,0
https://www.gemeinde-merching.de/wp-content/uploads/filebase/satzungen-verordnungen-gemeinde-merching/Bestattungsgebuehrensatzung-ab-2019-Anlage_2.pdf,206,https://www.gemeinde-merching.de/wp-content/uploads/filebase/satzungen-verordnungen-gemeinde-merching/Bestattungsgebuehrensatzung-ab-2019-Anlage_2.pdf,,,PDF,application/pdf,533040,0,,2026-10-10T15:10:06Z,preserve exactly,https://www.gemeinde-merching.de/wp-content/uploads/filebase/satzungen-verordnungen-gemeinde-merching/Bestattungsgebuehrensatzung-ab-2019-Anlage_2.pdf,Direct asset URLs may have external backlinks,0,0,0
https://www.gemeinde-merching.de/wp-content/uploads/filebase/satzungen-verordnungen-gemeinde-merching/Bestattungsgebuehrensatzung-ab-2019.pdf,206,https://www.gemeinde-merching.de/wp-content/uploads/filebase/satzungen-verordnungen-gemeinde-merching/Bestattungsgebuehrensatzung-ab-2019.pdf,,,PDF,application/pdf,977600,0,,2026-10-10T15:10:07Z,preserve exactly,https://www.gemeinde-merching.de/wp-content/uploads/filebase/satzungen-verordnungen-gemeinde-merching/Bestattungsgebuehrensatzung-ab-2019.pdf,Direct asset URLs may have external backlinks,0,0,0
https://www.gemeinde-merching.de/wp-content/uploads/filebase/satzungen-verordnungen-gemeinde-merching/EWS_Satzung_2022.pdf,206,https://www.gemeinde-merching.de/wp-content/uploads/filebase/satzungen-verordnungen-gemeinde-merching/EWS_Satzung_2022.pdf,,,PDF,application/pdf,2097152,0,,2026-10-10T15:10:07Z,preserve exactly,https://www.gemeinde-merching.de/wp-content/uploads/filebase/satzungen-verordnungen-gemeinde-merching/EWS_Satzung_2022.pdf,Direct asset URLs may have external backlinks,0,0,0
https://www.gemeinde-merching.de/wp-content/uploads/filebase/satzungen-verordnungen-gemeinde-merching/Feuerwehrkostensatzung-2019.pdf,206,https://www.gemeinde-merching.de/wp-content/uploads/filebase/satzungen-verordnungen-gemeinde-merching/Feuerwehrkostensatzung-2019.pdf,,,PDF,application/pdf,409770,0,,2026-10-10T15:10:08Z,preserve exactly,https://www.gemeinde-merching.de/wp-content/uploads/filebase/satzungen-verordnungen-gemeinde-merching/Feuerwehrkostensatzung-2019.pdf,Direct asset URLs may have external backlinks,0,0,0
https://www.gemeinde-merching.de/wp-content/uploads/filebase/satzungen-verordnungen-gemeinde-merching/Feuerwehrkostensatzung-2021.pdf,206,https://www.gemeinde-merching.de/wp-content/uploads/filebase/satzungen-verordnungen-gemeinde-merching/Feuerwehrkostensatzung-2021.pdf,,,PDF,application/pdf,420778,0,,2026-10-10T15:10:09Z,preserve exactly,https://www.gemeinde-merching.de/wp-content/uploads/filebase/satzungen-verordnungen-gemeinde-merching/Feuerwehrkostensatzung-2021.pdf,Direct asset URLs may have external backlinks,0,0,0
https://www.gemeinde-merching.de/wp-content/uploads/filebase/satzungen-verordnungen-gemeinde-merching/Friedhofs-und-Bestattungssatzung-ab-01.01.2023.pdf,206,https://www.gemeinde-merching.de/wp-content/uploads/filebase/satzungen-verordnungen-gemeinde-merching/Friedhofs-und-Bestattungssatzung-ab-01.01.2023.pdf,,,PDF,application/pdf,2097152,0,,2026-10-10T15:10:09Z,preserve exactly,https://www.gemeinde-merching.de/wp-content/uploads/filebase/satzungen-verordnungen-gemeinde-merching/Friedhofs-und-Bestattungssatzung-ab-01.01.2023.pdf,Direct asset URLs may have external backlinks,0,0,0
https://www.gemeinde-merching.de/wp-content/uploads/filebase/satzungen-verordnungen-gemeinde-merching/GeschO.pdf,206,https://www.gemeinde-merching.de/wp-content/uploads/filebase/satzungen-verordnungen-gemeinde-merching/GeschO.pdf,,,PDF,application/pdf,417648,0,,2026-10-10T15:10:10Z,preserve exactly,https://www.gemeinde-merching.de/wp-content/uploads/filebase/satzungen-verordnungen-gemeinde-merching/GeschO.pdf,Direct asset URLs may have external backlinks,0,0,0
https://www.gemeinde-merching.de/wp-content/uploads/filebase/satzungen-verordnungen-gemeinde-merching/GeschO_Satzung-2018.PDF,206,https://www.gemeinde-merching.de/wp-content/uploads/filebase/satzungen-verordnungen-gemeinde-merching/GeschO_Satzung-2018.PDF,,,PDF,application/pdf,289142,0,,2026-10-10T15:10:10Z,preserve exactly,https://www.gemeinde-merching.de/wp-content/uploads/filebase/satzungen-verordnungen-gemeinde-merching/GeschO_Satzung-2018.PDF,Direct asset URLs may have external backlinks,0,0,0
https://www.gemeinde-merching.de/wp-content/uploads/filebase/satzungen-verordnungen-gemeinde-merching/Hundesteuersatzung-2021-ausgefertigt.pdf,206,https://www.gemeinde-merching.de/wp-content/uploads/filebase/satzungen-verordnungen-gemeinde-merching/Hundesteuersatzung-2021-ausgefertigt.pdf,,,PDF,application/pdf,1788376,0,,2026-10-10T15:10:11Z,preserve exactly,https://www.gemeinde-merching.de/wp-content/uploads/filebase/satzungen-verordnungen-gemeinde-merching/Hundesteuersatzung-2021-ausgefertigt.pdf,Direct asset URLs may have external backlinks,0,0,0
https://www.gemeinde-merching.de/wp-content/uploads/filebase/satzungen-verordnungen-gemeinde-merching/Microsoft-Word-Satzung-ueber-die-Hoehe-von-Einfriedungen.PDF,206,https://www.gemeinde-merching.de/wp-content/uploads/filebase/satzungen-verordnungen-gemeinde-merching/Microsoft-Word-Satzung-ueber-die-Hoehe-von-Einfriedungen.PDF,,,PDF,application/pdf,24642,0,,2026-10-10T15:10:12Z,preserve exactly,https://www.gemeinde-merching.de/wp-content/uploads/filebase/satzungen-verordnungen-gemeinde-merching/Microsoft-Word-Satzung-ueber-die-Hoehe-von-Einfriedungen.PDF,Direct asset URLs may have external backlinks,0,0,0
https://www.gemeinde-merching.de/wp-content/uploads/filebase/satzungen-verordnungen-gemeinde-merching/Reinigungs-und-Winterdienstverordnung.pdf,206,https://www.gemeinde-merching.de/wp-content/uploads/filebase/satzungen-verordnungen-gemeinde-merching/Reinigungs-und-Winterdienstverordnung.pdf,,,PDF,application/pdf,2097152,0,,2026-10-10T15:10:12Z,preserve exactly,https://www.gemeinde-merching.de/wp-content/uploads/filebase/satzungen-verordnungen-gemeinde-merching/Reinigungs-und-Winterdienstverordnung.pdf,Direct asset URLs may have external backlinks,0,0,0
https://www.gemeinde-merching.de/wp-content/uploads/filebase/satzungen-verordnungen-gemeinde-merching/Satzung-Gemeindeverf.pdf,206,https://www.gemeinde-merching.de/wp-content/uploads/filebase/satzungen-verordnungen-gemeinde-merching/Satzung-Gemeindeverf.pdf,,,PDF,application/pdf,736324,0,,2026-10-10T15:10:13Z,preserve exactly,https://www.gemeinde-merching.de/wp-content/uploads/filebase/satzungen-verordnungen-gemeinde-merching/Satzung-Gemeindeverf.pdf,Direct asset URLs may have external backlinks,0,0,0
https://www.gemeinde-merching.de/wp-content/uploads/filebase/satzungen-verordnungen-gemeinde-merching/Satzung_WAS_2022.pdf,206,https://www.gemeinde-merching.de/wp-content/uploads/filebase/satzungen-verordnungen-gemeinde-merching/Satzung_WAS_2022.pdf,,,PDF,application/pdf,2097152,0,,2026-10-10T15:10:13Z,preserve exactly,https://www.gemeinde-merching.de/wp-content/uploads/filebase/satzungen-verordnungen-gemeinde-merching/Satzung_WAS_2022.pdf,Direct asset URLs may have external backlinks,0,0,0
https://www.gemeinde-merching.de/wp-content/uploads/filebase/satzungen-verordnungen-gemeinde-merching/Stellplatzsatzung_18-03-2021.pdf,206,https://www.gemeinde-merching.de/wp-content/uploads/filebase/satzungen-verordnungen-gemeinde-merching/Stellplatzsatzung_18-03-2021.pdf,,,PDF,application/pdf,1780746,0,,2026-10-10T15:10:14Z,preserve exactly,https://www.gemeinde-merching.de/wp-content/uploads/filebase/satzungen-verordnungen-gemeinde-merching/Stellplatzsatzung_18-03-2021.pdf,Direct asset URLs may have external backlinks,0,0,0
https://www.gemeinde-merching.de/wp-content/uploads/filebase/satzungen-verordnungen-gemeinde-merching/web_ausbaubeitragssatzung_22102002.pdf,206,https://www.gemeinde-merching.de/wp-content/uploads/filebase/satzungen-verordnungen-gemeinde-merching/web_ausbaubeitragssatzung_22102002.pdf,,,PDF,application/pdf,34559,0,,2026-10-10T15:10:15Z,preserve exactly,https://www.gemeinde-merching.de/wp-content/uploads/filebase/satzungen-verordnungen-gemeinde-merching/web_ausbaubeitragssatzung_22102002.pdf,Direct asset URLs may have external backlinks,0,0,0
https://www.gemeinde-merching.de/wp-content/uploads/filebase/satzungen-verordnungen-gemeinde-merching/web_ehrenordung_vom_30012002.pdf,206,https://www.gemeinde-merching.de/wp-content/uploads/filebase/satzungen-verordnungen-gemeinde-merching/web_ehrenordung_vom_30012002.pdf,,,PDF,application/pdf,20245,0,,2026-10-10T15:10:15Z,preserve exactly,https://www.gemeinde-merching.de/wp-content/uploads/filebase/satzungen-verordnungen-gemeinde-merching/web_ehrenordung_vom_30012002.pdf,Direct asset URLs may have external backlinks,0,0,0
https://www.gemeinde-merching.de/wp-content/uploads/filebase/satzungen-verordnungen-gemeinde-merching/web_erschliessungsbeitragssatzung_fassung_2_aend_15051992.pdf,206,https://www.gemeinde-merching.de/wp-content/uploads/filebase/satzungen-verordnungen-gemeinde-merching/web_erschliessungsbeitragssatzung_fassung_2_aend_15051992.pdf,,,PDF,application/pdf,19938,0,,2026-10-10T15:10:16Z,preserve exactly,https://www.gemeinde-merching.de/wp-content/uploads/filebase/satzungen-verordnungen-gemeinde-merching/web_erschliessungsbeitragssatzung_fassung_2_aend_15051992.pdf,Direct asset URLs may have external backlinks,0,0,0
https://www.gemeinde-merching.de/wp-content/uploads/filebase/satzungen-verordnungen-gemeinde-merching/web_hausnummerierungssatzung_13021995.pdf,206,https://www.gemeinde-merching.de/wp-content/uploads/filebase/satzungen-verordnungen-gemeinde-merching/web_hausnummerierungssatzung_13021995.pdf,,,PDF,application/pdf,16713,0,,2026-10-10T15:10:16Z,preserve exactly,https://www.gemeinde-merching.de/wp-content/uploads/filebase/satzungen-verordnungen-gemeinde-merching/web_hausnummerierungssatzung_13021995.pdf,Direct asset URLs may have external backlinks,0,0,0
https://www.gemeinde-merching.de/wp-content/uploads/filebase/satzungen-verordnungen-gemeinde-merching/web_kleineinleitersatzung_09082005.pdf,206,https://www.gemeinde-merching.de/wp-content/uploads/filebase/satzungen-verordnungen-gemeinde-merching/web_kleineinleitersatzung_09082005.pdf,,,PDF,application/pdf,15911,0,,2026-10-10T15:10:17Z,preserve exactly,https://www.gemeinde-merching.de/wp-content/uploads/filebase/satzungen-verordnungen-gemeinde-merching/web_kleineinleitersatzung_09082005.pdf,Direct asset URLs may have external backlinks,0,0,0
https://www.gemeinde-merching.de/wp-content/uploads/filebase/satzungen-verordnungen-gemeinde-merching/web_kostensatzung_2002.pdf,206,https://www.gemeinde-merching.de/wp-content/uploads/filebase/satzungen-verordnungen-gemeinde-merching/web_kostensatzung_2002.pdf,,,PDF,application/pdf,22559,0,,2026-10-10T15:10:18Z,preserve exactly,https://www.gemeinde-merching.de/wp-content/uploads/filebase/satzungen-verordnungen-gemeinde-merching/web_kostensatzung_2002.pdf,Direct asset URLs may have external backlinks,0,0,0
https://www.gemeinde-merching.de/wp-content/uploads/filebase/satzungen-verordnungen-schulverbaende-merching/GSV%20Verbandssatzung%20Entwurf%202014.pdf,206,https://www.gemeinde-merching.de/wp-content/uploads/filebase/satzungen-verordnungen-schulverbaende-merching/GSV%20Verbandssatzung%20Entwurf%202014.pdf,,,PDF,application/pdf,15890,0,,2026-10-10T15:10:18Z,preserve exactly,https://www.gemeinde-merching.de/wp-content/uploads/filebase/satzungen-verordnungen-schulverbaende-merching/GSV%20Verbandssatzung%20Entwurf%202014.pdf,Direct asset URLs may have external backlinks,0,0,0
https://www.gemeinde-merching.de/wp-content/uploads/filebase/satzungen-verordnungen-schulverbaende-merching/MSV%20Verbandssatzung%20Muster%202014.pdf,206,https://www.gemeinde-merching.de/wp-content/uploads/filebase/satzungen-verordnungen-schulverbaende-merching/MSV%20Verbandssatzung%20Muster%202014.pdf,,,PDF,application/pdf,16055,0,,2026-10-10T15:10:19Z,preserve exactly,https://www.gemeinde-merching.de/wp-content/uploads/filebase/satzungen-verordnungen-schulverbaende-merching/MSV%20Verbandssatzung%20Muster%202014.pdf,Direct asset URLs may have external backlinks,0,0,0
https://www.gemeinde-merching.de/wp-content/uploads/filebase/wasserversorgung/Anmeldung_eines_Gartenwasserzaehlers_NEU_ab_2022.pdf,206,https://www.gemeinde-merching.de/wp-content/uploads/filebase/wasserversorgung/Anmeldung_eines_Gartenwasserzaehlers_NEU_ab_2022.pdf,,,PDF,application/pdf,426162,0,,2026-10-10T15:10:19Z,preserve exactly,https://www.gemeinde-merching.de/wp-content/uploads/filebase/wasserversorgung/Anmeldung_eines_Gartenwasserzaehlers_NEU_ab_2022.pdf,Direct asset URLs may have external backlinks,0,0,0
https://www.gemeinde-merching.de/wp-content/uploads/filebase/wasserversorgung/Antrag_fuer_Wasserbezug.pdf,206,https://www.gemeinde-merching.de/wp-content/uploads/filebase/wasserversorgung/Antrag_fuer_Wasserbezug.pdf,,,PDF,application/pdf,302289,0,,2026-10-10T15:10:20Z,preserve exactly,https://www.gemeinde-merching.de/wp-content/uploads/filebase/wasserversorgung/Antrag_fuer_Wasserbezug.pdf,Direct asset URLs may have external backlinks,0,0,0
https://www.gemeinde-merching.de/wp-content/uploads/filebase/wasserversorgung/Bauwasserbezugsvertrag.pdf,206,https://www.gemeinde-merching.de/wp-content/uploads/filebase/wasserversorgung/Bauwasserbezugsvertrag.pdf,,,PDF,application/pdf,293577,0,,2026-10-10T15:10:21Z,preserve exactly,https://www.gemeinde-merching.de/wp-content/uploads/filebase/wasserversorgung/Bauwasserbezugsvertrag.pdf,Direct asset URLs may have external backlinks,0,0,0
https://www.gemeinde-merching.de/wp-content/uploads/link-library-images/10.jpg,206,https://www.gemeinde-merching.de/wp-content/uploads/link-library-images/10.jpg,,,image,image/jpeg,2505,0,,2026-10-10T14:57:28Z,preserve exactly,https://www.gemeinde-merching.de/wp-content/uploads/link-library-images/10.jpg,Direct asset URLs may have external backlinks,0,0,0
https://www.gemeinde-merching.de/wp-content/uploads/link-library-images/14.jpg,206,https://www.gemeinde-merching.de/wp-content/uploads/link-library-images/14.jpg,,,image,image/jpeg,12410,0,,2026-10-10T14:57:28Z,preserve exactly,https://www.gemeinde-merching.de/wp-content/uploads/link-library-images/14.jpg,Direct asset URLs may have external backlinks,0,0,0
https://www.gemeinde-merching.de/wp-content/uploads/link-library-images/64.jpg,206,https://www.gemeinde-merching.de/wp-content/uploads/link-library-images/64.jpg,,,image,image/jpeg,1682,0,,2026-10-10T14:57:29Z,preserve exactly,https://www.gemeinde-merching.de/wp-content/uploads/link-library-images/64.jpg,Direct asset URLs may have external backlinks,0,0,0
https://www.gemeinde-merching.de/wp-content/uploads/link-library-images/65.jpg,206,https://www.gemeinde-merching.de/wp-content/uploads/link-library-images/65.jpg,,,image,image/jpeg,2898,0,,2026-10-10T14:57:30Z,preserve exactly,https://www.gemeinde-merching.de/wp-content/uploads/link-library-images/65.jpg,Direct asset URLs may have external backlinks,0,0,0
https://www.gemeinde-merching.de/wp-content/uploads/link-library-images/66.jpg,206,https://www.gemeinde-merching.de/wp-content/uploads/link-library-images/66.jpg,,,image,image/jpeg,2307,0,,2026-10-10T14:57:30Z,preserve exactly,https://www.gemeinde-merching.de/wp-content/uploads/link-library-images/66.jpg,Direct asset URLs may have external backlinks,0,0,0
https://www.gemeinde-merching.de/wp-content/uploads/link-library-images/67.jpg,206,https://www.gemeinde-merching.de/wp-content/uploads/link-library-images/67.jpg,,,image,image/jpeg,1079,0,,2026-10-10T14:57:31Z,preserve exactly,https://www.gemeinde-merching.de/wp-content/uploads/link-library-images/67.jpg,Direct asset URLs may have external backlinks,0,0,0
https://www.gemeinde-merching.de/wp-content/uploads/link-library-images/69.jpg,206,https://www.gemeinde-merching.de/wp-content/uploads/link-library-images/69.jpg,,,image,image/jpeg,5702,0,,2026-10-10T14:57:31Z,preserve exactly,https://www.gemeinde-merching.de/wp-content/uploads/link-library-images/69.jpg,Direct asset URLs may have external backlinks,0,0,0
https://www.gemeinde-merching.de/wp-content/uploads/wpcf7_captcha/744558074.png,206,https://www.gemeinde-merching.de/wp-content/uploads/wpcf7_captcha/744558074.png,,,image,image/png,1449,0,,2026-10-10T14:58:13Z,preserve exactly,https://www.gemeinde-merching.de/wp-content/uploads/wpcf7_captcha/744558074.png,Direct asset URLs may have external backlinks,0,0,0
https://www.gemeinde-merching.de/wp-global-styles-astra/,404,https://www.gemeinde-merching.de/wp-global-styles-astra/,,Seite nicht gefunden – Gemeinde Merching,page,text/html; charset=UTF-8,,3,,2026-10-10T14:56:54Z,broken/obsolete,https://www.gemeinde-merching.de/wp-global-styles-astra/,Live endpoint missing; verify backlinks before removing,2,0,52
https://www.gemeinde-merching.de/wp-global-styles-twentytwentytwo/,404,https://www.gemeinde-merching.de/wp-global-styles-twentytwentytwo/,,Seite nicht gefunden – Gemeinde Merching,page,text/html; charset=UTF-8,,3,,2026-10-10T14:56:54Z,broken/obsolete,https://www.gemeinde-merching.de/wp-global-styles-twentytwentytwo/,Live endpoint missing; verify backlinks before removing,2,0,52
https://www.gemeinde-merching.de/wp-includes/js/dist/hooks.min.js?ver=f0f188028580e8dc1255,206,https://www.gemeinde-merching.de/wp-includes/js/dist/hooks.min.js?ver=f0f188028580e8dc1255,,,file,text/javascript,5107,0,,2026-10-10T15:12:47Z,preserve exactly,https://www.gemeinde-merching.de/wp-includes/js/dist/hooks.min.js?ver=f0f188028580e8dc1255,Direct asset URLs may have external backlinks,0,0,0
https://www.gemeinde-merching.de/wp-includes/js/dist/i18n.min.js?ver=1dfe7db3940c23ea9216,206,https://www.gemeinde-merching.de/wp-includes/js/dist/i18n.min.js?ver=1dfe7db3940c23ea9216,,,file,text/javascript,5791,0,,2026-10-10T15:12:48Z,preserve exactly,https://www.gemeinde-merching.de/wp-includes/js/dist/i18n.min.js?ver=1dfe7db3940c23ea9216,Direct asset URLs may have external backlinks,0,0,0
https://www.gemeinde-merching.de/wp-includes/js/jquery/jquery-migrate.min.js?ver=3.4.1,206,https://www.gemeinde-merching.de/wp-includes/js/jquery/jquery-migrate.min.js?ver=3.4.1,,,file,text/javascript,13577,0,,2026-10-10T15:12:41Z,preserve exactly,https://www.gemeinde-merching.de/wp-includes/js/jquery/jquery-migrate.min.js?ver=3.4.1,Direct asset URLs may have external backlinks,0,0,0
https://www.gemeinde-merching.de/wp-includes/js/jquery/jquery.form.min.js?ver=4.3.0,206,https://www.gemeinde-merching.de/wp-includes/js/jquery/jquery.form.min.js?ver=4.3.0,,,file,text/javascript,15977,0,,2026-10-10T15:12:51Z,preserve exactly,https://www.gemeinde-merching.de/wp-includes/js/jquery/jquery.form.min.js?ver=4.3.0,Direct asset URLs may have external backlinks,0,0,0
https://www.gemeinde-merching.de/wp-includes/js/jquery/jquery.min.js?ver=3.7.1,206,https://www.gemeinde-merching.de/wp-includes/js/jquery/jquery.min.js?ver=3.7.1,,,file,text/javascript,87553,0,,2026-10-10T15:12:41Z,preserve exactly,https://www.gemeinde-merching.de/wp-includes/js/jquery/jquery.min.js?ver=3.7.1,Direct asset URLs may have external backlinks,0,0,0
https://www.gemeinde-merching.de/wp-sitemap.xml,200,https://www.gemeinde-merching.de/wp-sitemap.xml,,,sitemap/xml,text/xml; charset=utf-8,,0,,2026-10-10T14:56:55Z,preserve exactly,https://www.gemeinde-merching.de/wp-sitemap.xml,Preserve public path unless domain mapping requires a reviewed change,0,0,0
https://www.gemeinde-merching.de/zensus-2022-gesetz-ueber-den-schutz-der-sonn-und-feiertage-feiertagsgesetz-mariae-himmelfahrt/,200,https://www.gemeinde-merching.de/zensus-2022-gesetz-ueber-den-schutz-der-sonn-und-feiertage-feiertagsgesetz-mariae-himmelfahrt/,https://www.gemeinde-merching.de/zensus-2022-gesetz-ueber-den-schutz-der-sonn-und-feiertage-feiertagsgesetz-mariae-himmelfahrt/,Zensus 2022: Gesetz über den Schutz der Sonn- und Feiertage (Feiertagsgesetz) Mariä Himmelfahrt – Gemeinde Merching,page,text/html; charset=UTF-8,,2,,2026-10-10T14:56:55Z,migrate to another canonical URL + 301,https://www.gemeinde-merching.de/zensus-2022-gesetz-ueber-den-schutz-der-sonn-und-feiertage-feiertagsgesetz-mariae-himmelfahrt,Slashless new convention; proposed same path without trailing slash,3,0,97
